t_sec,x_m,y_m,z_m,rx_rad,ry_rad,rz_rad
0.002422,0.358217,0.140769,0.161958,2.762006,0.560226,0.791196
0.006092,0.358353,0.140859,0.162055,2.768101,0.560933,0.792362
0.008868,0.358289,0.140847,0.162026,2.765106,0.561596,0.793123
0.012423,0.358384,0.140829,0.162084,2.765781,0.564177,0.790820
0.015486,0.358375,0.140820,0.162088,2.768300,0.564169,0.788337
0.021804,0.358561,0.140489,0.161957,2.765116,0.564778,0.784196
0.024840,0.358697,0.140172,0.161811,2.757137,0.564000,0.781712
0.028184,0.359020,0.139882,0.161772,2.754522,0.564829,0.787379
0.031444,0.359266,0.139624,0.161764,2.749196,0.562819,0.789937
0.035336,0.359526,0.139349,0.161691,2.745832,0.564974,0.788460
0.038727,0.359642,0.139152,0.161625,2.744447,0.564743,0.786589
0.041817,0.359799,0.138932,0.161566,2.743221,0.564027,0.786393
0.045339,0.359916,0.138763,0.161492,2.742803,0.561469,0.778092
0.048579,0.359963,0.138668,0.161329,2.744028,0.563907,0.775748
0.052022,0.359995,0.138591,0.161229,2.749396,0.551357,0.780894
0.055364,0.360152,0.138558,0.161279,2.750354,0.550286,0.781325
0.058493,0.360251,0.138516,0.161348,2.751445,0.549310,0.784259
0.061708,0.360339,0.138479,0.161458,2.753765,0.547189,0.782970
0.064739,0.360368,0.138384,0.161583,2.758148,0.542075,0.782532
0.068315,0.360401,0.138362,0.161758,2.757164,0.547159,0.777589
0.071549,0.360274,0.138445,0.161969,2.762690,0.546264,0.777570
0.075303,0.360182,0.138555,0.162159,2.767274,0.545724,0.774096
0.078272,0.360072,0.138359,0.162158,2.769138,0.545909,0.771100
0.081510,0.360175,0.138241,0.162036,2.764513,0.542059,0.775054
0.085185,0.360195,0.137947,0.161790,2.769748,0.530992,0.778268
0.088429,0.360155,0.137664,0.161413,2.771817,0.524747,0.774984
0.091429,0.360072,0.137358,0.161047,2.777254,0.509755,0.773302
0.095287,0.360082,0.137334,0.160828,2.784400,0.494530,0.777010
0.098279,0.360082,0.137053,0.160725,2.787596,0.490666,0.775728
0.101682,0.360167,0.136881,0.160681,2.771558,0.503737,0.769317
0.104950,0.360282,0.136250,0.160894,2.775615,0.492521,0.772138
0.108246,0.360380,0.136065,0.160823,2.762047,0.512308,0.767795
0.111479,0.360421,0.135753,0.160699,2.762537,0.512020,0.767449
0.115175,0.360410,0.135633,0.160610,2.766391,0.507260,0.764313
0.118809,0.360410,0.135234,0.160840,2.771164,0.505163,0.762527
0.121627,0.360353,0.135063,0.160993,2.757154,0.525166,0.757915
0.125334,0.360330,0.134446,0.161402,2.756514,0.524183,0.757284
0.128119,0.360303,0.133923,0.161848,2.742593,0.542282,0.752113
0.131694,0.360280,0.133359,0.162278,2.725423,0.561330,0.747922
0.149212,0.360409,0.132591,0.162420,2.736530,0.541531,0.759141
0.158850,0.360758,0.132293,0.162081,2.730251,0.543752,0.760580
0.162679,0.361023,0.131738,0.161853,2.731427,0.527650,0.772023
0.165789,0.361381,0.131153,0.161650,2.725395,0.521865,0.777154
0.178325,0.361676,0.130384,0.161417,2.730667,0.501805,0.781751
0.182064,0.361822,0.129842,0.160979,2.714677,0.509475,0.775772
0.215208,0.361446,0.127218,0.160711,2.719636,0.489049,0.776800
0.225968,0.361232,0.126455,0.160788,2.717047,0.486625,0.771239
0.236996,0.361020,0.125164,0.161191,2.723784,0.470628,0.772369
0.238858,0.360852,0.124635,0.161391,2.720328,0.472420,0.773362
0.249388,0.360674,0.124034,0.161494,2.721529,0.471937,0.768812
0.257688,0.360511,0.123457,0.161566,2.724220,0.468088,0.770318
0.262263,0.360297,0.122916,0.161549,2.726328,0.468376,0.767481
0.267792,0.360091,0.122445,0.161566,2.728019,0.468078,0.766165
0.272498,0.359995,0.122014,0.161482,2.731768,0.460507,0.766801
0.275376,0.359924,0.121655,0.161449,2.729471,0.466242,0.768704
0.279224,0.359855,0.121294,0.161381,2.729906,0.462679,0.769353
0.281945,0.359815,0.120887,0.161363,2.730753,0.455850,0.770315
0.285741,0.359781,0.120512,0.161374,2.728378,0.452932,0.771051
0.289105,0.359807,0.120223,0.161510,2.727869,0.449318,0.773284
0.291987,0.359851,0.119970,0.161616,2.730990,0.435148,0.777144
0.295195,0.359808,0.119689,0.161764,2.734536,0.425161,0.781780
0.299092,0.359722,0.119432,0.161748,2.736770,0.417020,0.786574
0.301995,0.359579,0.119238,0.161719,2.743600,0.403963,0.791202
0.306012,0.359371,0.119097,0.161585,2.751327,0.390562,0.795870
0.309152,0.359190,0.118925,0.161449,2.760991,0.374130,0.802963
0.312523,0.359104,0.118773,0.161263,2.763092,0.369647,0.805332
0.315673,0.359055,0.118555,0.161219,2.767906,0.362404,0.807405
0.319085,0.358992,0.118356,0.161125,2.770807,0.359278,0.807760
0.321927,0.358892,0.118096,0.161095,2.772658,0.356913,0.805550
0.325764,0.358741,0.117819,0.161109,2.773240,0.355092,0.803851
0.328933,0.358580,0.117527,0.161098,2.773113,0.353846,0.801837
0.332162,0.358440,0.117365,0.161023,2.776026,0.352378,0.801257
0.335437,0.358329,0.117151,0.160936,2.776990,0.353246,0.798794
0.339202,0.358220,0.116871,0.160904,2.777162,0.352158,0.800573
0.341906,0.358150,0.116586,0.160814,2.776535,0.353871,0.799886
0.345594,0.358120,0.116347,0.160759,2.776874,0.353191,0.801118
0.349253,0.358067,0.115943,0.160784,2.773943,0.351099,0.803075
0.352242,0.357995,0.115580,0.160862,2.765740,0.359100,0.802287
0.355467,0.358021,0.115289,0.160825,2.766539,0.353164,0.802286
0.358499,0.358026,0.115065,0.160806,2.767008,0.346519,0.805710
0.361919,0.357964,0.114740,0.160841,2.763762,0.345774,0.801103
0.365250,0.357857,0.114421,0.160959,2.766164,0.335921,0.802184
0.375680,0.357451,0.113550,0.161128,2.773699,0.315653,0.807915
0.378874,0.357196,0.113257,0.161062,2.773019,0.316014,0.805906
0.382335,0.356981,0.113007,0.160930,2.769603,0.317809,0.804234
0.385365,0.356783,0.112714,0.160817,2.770910,0.313334,0.807614
0.395177,0.356250,0.111425,0.160686,2.766563,0.317557,0.804688
0.398915,0.356068,0.110975,0.160756,2.761720,0.321025,0.801236
0.402099,0.355887,0.110603,0.160832,2.757781,0.319302,0.800242
0.405395,0.355634,0.110237,0.160907,2.760609,0.308192,0.800433
0.408776,0.355417,0.109870,0.160989,2.760939,0.302559,0.798760
0.411913,0.355272,0.109614,0.161081,2.762819,0.296667,0.799757
0.414998,0.355174,0.109383,0.161120,2.765083,0.291355,0.800247
0.418724,0.355017,0.109057,0.161126,2.767464,0.286361,0.801203
0.421773,0.354895,0.108753,0.161229,2.765952,0.289228,0.799619
0.424998,0.354748,0.108473,0.161254,2.769310,0.280077,0.800581
0.428950,0.354573,0.108185,0.161349,2.769709,0.279255,0.798708
0.431941,0.354364,0.107854,0.161404,2.772666,0.271213,0.798396
0.435211,0.354168,0.107566,0.161531,2.771253,0.271772,0.797515
0.438434,0.353944,0.107189,0.161653,2.775580,0.258277,0.799775
0.447430,0.353714,0.106831,0.161802,2.775717,0.253419,0.800611
0.455769,0.353371,0.106304,0.161928,2.775044,0.247468,0.795117
0.458006,0.352980,0.105696,0.162000,2.774838,0.240090,0.795851
0.466257,0.352599,0.105107,0.162106,2.774453,0.235407,0.797290
0.470192,0.352246,0.104534,0.162200,2.768273,0.244426,0.796471
0.473498,0.351880,0.103910,0.162343,2.762153,0.251497,0.798340
0.480292,0.351464,0.103422,0.162345,2.761694,0.250499,0.804072
0.483307,0.351118,0.103087,0.162454,2.759005,0.258283,0.802796
0.492183,0.350681,0.102565,0.162517,2.758849,0.255748,0.801444
0.494344,0.350123,0.101743,0.162677,2.758113,0.251216,0.799868
0.511861,0.349488,0.100918,0.162871,2.757090,0.246829,0.797878
0.522226,0.349013,0.099960,0.163092,2.749347,0.248718,0.798594
0.526525,0.348552,0.099034,0.163301,2.740700,0.250611,0.798572
0.530418,0.348174,0.098396,0.163502,2.737074,0.248703,0.799616
0.533265,0.347882,0.098197,0.163528,2.736524,0.247044,0.800550
0.540360,0.347502,0.098062,0.163575,2.740767,0.237840,0.796878
0.542930,0.347054,0.097800,0.163725,2.742575,0.233821,0.798572
0.553432,0.346551,0.097543,0.163881,2.744603,0.229554,0.799068
0.563959,0.346060,0.097127,0.164026,2.745798,0.225019,0.801442
0.569242,0.345603,0.096637,0.164132,2.741659,0.225338,0.804190
0.575538,0.345273,0.096147,0.164149,2.736604,0.228839,0.808325
0.578972,0.344892,0.095932,0.164083,2.740142,0.221276,0.804480
0.582179,0.344528,0.095702,0.164045,2.741588,0.216989,0.804733
0.584934,0.344178,0.095548,0.164023,2.743396,0.214701,0.803895
0.588842,0.343595,0.095406,0.163915,2.750337,0.206730,0.795708
0.591462,0.343047,0.095250,0.163882,2.752626,0.205024,0.788628
0.595024,0.342610,0.095024,0.163866,2.752526,0.206709,0.787232
0.598482,0.342298,0.094927,0.163902,2.754813,0.204150,0.780819
0.601954,0.341982,0.094981,0.164024,2.757619,0.198680,0.778034
0.605267,0.341947,0.095072,0.164302,2.759795,0.193109,0.781517
0.608585,0.341877,0.095100,0.164528,2.763266,0.188623,0.782460
0.612271,0.341840,0.095189,0.164780,2.766980,0.179234,0.785080
0.615440,0.341707,0.095114,0.165051,2.769142,0.170085,0.788248
0.618825,0.341554,0.094721,0.165161,2.764098,0.174346,0.787191
0.622364,0.341334,0.094315,0.165227,2.761011,0.179662,0.784717
0.625581,0.341132,0.093963,0.165259,2.757580,0.182690,0.786280
0.628460,0.340933,0.093672,0.165297,2.754550,0.188596,0.785058
0.632011,0.340721,0.093583,0.165270,2.756508,0.188373,0.785691
0.635688,0.340492,0.093684,0.165275,2.762910,0.178734,0.786365
0.639096,0.340135,0.093733,0.165250,2.766456,0.172636,0.785087
0.642473,0.339813,0.093748,0.165214,2.769165,0.168450,0.784094
0.645658,0.339490,0.093744,0.165198,2.770620,0.166899,0.782429
0.648866,0.339192,0.093548,0.165158,2.768634,0.172024,0.777679
0.651818,0.338901,0.093339,0.165137,2.765626,0.178492,0.774486
0.655332,0.338786,0.093177,0.165237,2.762508,0.181960,0.774843
0.658316,0.338682,0.093098,0.165341,2.762223,0.182064,0.773535
0.661959,0.338565,0.093068,0.165432,2.762761,0.180334,0.774488
0.665417,0.338463,0.093076,0.165507,2.762533,0.179387,0.778720
0.668282,0.338392,0.093071,0.165609,2.761918,0.178141,0.781569
0.672006,0.338394,0.093089,0.165664,2.761053,0.176954,0.786268
0.675247,0.338404,0.093105,0.165721,2.758807,0.177209,0.793489
0.678894,0.338387,0.093089,0.165782,2.757474,0.177313,0.795067
0.681785,0.338297,0.093083,0.165854,2.755249,0.178124,0.798892
0.685339,0.338219,0.093091,0.165895,2.754296,0.177688,0.801674
0.688501,0.338046,0.093111,0.165897,2.754612,0.177004,0.802655
0.691725,0.337861,0.093120,0.165927,2.753769,0.176604,0.801984
0.695199,0.337724,0.093126,0.165951,2.751473,0.178235,0.805997
0.698763,0.337658,0.093113,0.165960,2.750365,0.177632,0.807037
0.701711,0.337564,0.093083,0.165984,2.747596,0.177528,0.809037
0.705167,0.337463,0.093054,0.166019,2.744563,0.178087,0.808513
0.708567,0.337344,0.093034,0.166029,2.743184,0.177529,0.811032
0.711857,0.337239,0.092997,0.166069,2.742834,0.174417,0.809324
0.715203,0.337061,0.092948,0.166138,2.737278,0.183175,0.803905
0.718451,0.336898,0.092909,0.166213,2.737475,0.182348,0.801231
0.721643,0.336809,0.092918,0.166294,2.736658,0.182750,0.802814
0.725303,0.336749,0.092931,0.166374,2.736060,0.183533,0.803182
0.728649,0.336608,0.093015,0.166415,2.735698,0.183629,0.803262
0.732227,0.336521,0.093157,0.166455,2.740437,0.174006,0.808578
0.735309,0.336446,0.093306,0.166475,2.739904,0.175750,0.810147
0.738702,0.336309,0.093407,0.166484,2.742412,0.173443,0.806874
0.742371,0.336117,0.093599,0.166543,2.742686,0.173636,0.806205
0.745193,0.335987,0.093733,0.166624,2.742226,0.174372,0.807947
0.748485,0.335776,0.093847,0.166682,2.744773,0.171531,0.805158
0.751914,0.335482,0.094091,0.166774,2.746702,0.169067,0.806060
0.755371,0.335308,0.094348,0.167012,2.746166,0.168158,0.809998
0.766862,0.335115,0.094725,0.167276,2.746355,0.166106,0.814786
0.773034,0.334980,0.095096,0.167542,2.747537,0.163679,0.818580
0.781079,0.334962,0.095581,0.167875,2.745080,0.165432,0.829637
0.787599,0.335047,0.096273,0.168442,2.745014,0.163965,0.844569
0.798344,0.335010,0.096902,0.169005,2.740733,0.165865,0.863878
0.809431,0.334928,0.097584,0.169753,2.739994,0.161611,0.881141
0.830504,0.334781,0.098342,0.170584,2.739856,0.157772,0.900284
0.843822,0.334557,0.099351,0.171638,2.737856,0.153339,0.926000
0.851627,0.334265,0.100048,0.172440,2.740030,0.146850,0.939677
0.861575,0.334045,0.100968,0.173196,2.746318,0.138855,0.951036
0.864842,0.334063,0.101801,0.173994,2.748058,0.134872,0.968480
0.874877,0.334164,0.102589,0.174798,2.747795,0.134653,0.983806
0.878825,0.334338,0.103084,0.175358,2.750263,0.131166,0.991510
0.884588,0.334559,0.103596,0.175938,2.747818,0.129325,1.005390
0.888959,0.334771,0.104003,0.176495,2.747463,0.126000,1.016007
0.891622,0.334846,0.104367,0.176857,2.749254,0.121835,1.020920
0.895493,0.334863,0.104749,0.177138,2.750659,0.115008,1.027834
0.898615,0.334854,0.105091,0.177437,2.752501,0.112126,1.032166
0.902350,0.334851,0.105480,0.177757,2.754197,0.109666,1.036217
0.905385,0.334838,0.105852,0.178057,2.754319,0.108623,1.041984
0.908978,0.334896,0.106087,0.178270,2.753205,0.109367,1.045940
0.911914,0.334960,0.106375,0.178478,2.753617,0.109158,1.049781
0.915552,0.335034,0.106667,0.178638,2.753904,0.107608,1.052631
0.919021,0.335032,0.106915,0.178732,2.755367,0.105758,1.053155
0.922086,0.335004,0.107129,0.178787,2.756309,0.104534,1.051957
0.925624,0.334878,0.107361,0.178811,2.759742,0.101678,1.049023
0.929096,0.334696,0.107537,0.178820,2.759862,0.106516,1.043985
0.932135,0.334529,0.107760,0.178869,2.762570,0.106011,1.039713
0.936483,0.334475,0.107974,0.178977,2.762398,0.109297,1.038272
0.938789,0.334446,0.108179,0.179088,2.760065,0.115698,1.038943
0.942035,0.334447,0.108437,0.179149,2.757238,0.125019,1.037859
0.945152,0.334493,0.108753,0.179240,2.759469,0.121827,1.040361
0.949046,0.334508,0.109009,0.179232,2.759188,0.124188,1.041584
0.952137,0.334490,0.109280,0.179189,2.760187,0.124368,1.042003
0.955664,0.334473,0.109559,0.179149,2.759827,0.129826,1.040334
0.958951,0.334517,0.109884,0.179186,2.759683,0.131136,1.043472
0.962157,0.334567,0.110231,0.179243,2.759282,0.132965,1.046837
0.964978,0.334618,0.110545,0.179335,2.759632,0.133434,1.050178
0.968257,0.334655,0.110844,0.179465,2.757100,0.134561,1.052576
0.972213,0.334639,0.111134,0.179574,2.758260,0.127244,1.057521
0.975570,0.334567,0.111317,0.179667,2.759748,0.123876,1.057461
0.978224,0.334356,0.111419,0.179703,2.757754,0.127108,1.054636
0.981787,0.334173,0.111612,0.179806,2.757438,0.126310,1.053361
0.985121,0.333977,0.111853,0.179882,2.755957,0.129224,1.058061
0.988759,0.333801,0.112146,0.179893,2.757348,0.131614,1.057195
0.992410,0.333636,0.112441,0.179909,2.758173,0.132980,1.058234
0.995039,0.333574,0.112773,0.179930,2.759213,0.134431,1.061653
0.999027,0.333560,0.113034,0.179913,2.758029,0.140005,1.063355
1.002323,0.333532,0.113347,0.179887,2.760495,0.142929,1.062716
1.005653,0.333534,0.113587,0.179933,2.763569,0.139050,1.066731
1.008698,0.333418,0.113919,0.180054,2.763627,0.141084,1.068550
1.011992,0.333316,0.114167,0.180188,2.767272,0.133997,1.070525
1.015167,0.333146,0.114408,0.180319,2.771810,0.126483,1.075573
1.018488,0.332979,0.114525,0.180425,2.772593,0.125241,1.076922
1.021919,0.332817,0.114648,0.180516,2.769899,0.129192,1.078100
1.025175,0.332756,0.114648,0.180512,2.772366,0.127542,1.085082
1.028754,0.332665,0.114780,0.180602,2.767251,0.135666,1.088658
1.032153,0.332598,0.114998,0.180722,2.768262,0.132264,1.092954
1.035350,0.332518,0.115219,0.180838,2.772572,0.122506,1.100008
1.038539,0.332303,0.115281,0.180902,2.770701,0.123798,1.102756
1.042023,0.332104,0.115366,0.180985,2.766894,0.120367,1.104679
1.045110,0.331932,0.115317,0.180983,2.766284,0.116824,1.110969
1.048502,0.331598,0.115169,0.180872,2.758478,0.128421,1.111724
1.051764,0.331283,0.115033,0.180730,2.753304,0.135930,1.108968
1.055160,0.330985,0.115086,0.180608,2.754499,0.131901,1.113303
1.058765,0.330617,0.115146,0.180426,2.754505,0.133561,1.113449
1.062023,0.330234,0.115205,0.180205,2.757514,0.128351,1.111871
1.065025,0.329948,0.115291,0.180035,2.759242,0.122553,1.112498
1.068297,0.329631,0.115323,0.179941,2.758593,0.118786,1.116534
1.072035,0.329429,0.115347,0.179904,2.756536,0.117349,1.119503
1.075727,0.329076,0.115515,0.179832,2.756892,0.113364,1.127406
1.090336,0.328670,0.115855,0.179803,2.761792,0.103548,1.135283
1.102175,0.328222,0.116186,0.179758,2.768228,0.091052,1.143768
1.104675,0.327599,0.116333,0.179507,2.769055,0.088710,1.150243
1.113502,0.326809,0.116452,0.179179,2.772382,0.083316,1.154451
1.123521,0.325902,0.116511,0.178842,2.771805,0.087077,1.152990
1.143018,0.324837,0.116445,0.178392,2.763152,0.110788,1.152010
1.158267,0.323796,0.116371,0.177952,2.756333,0.124940,1.152584
1.161314,0.322869,0.116539,0.177653,2.753749,0.132012,1.152711
1.168562,0.322027,0.116705,0.177439,2.749700,0.142935,1.154950
1.178359,0.321479,0.116816,0.177322,2.748074,0.140778,1.160825
1.188269,0.321178,0.116949,0.177315,2.753376,0.121313,1.167267
1.192012,0.320901,0.117137,0.177264,2.754141,0.119563,1.171018
1.197310,0.320745,0.117298,0.177239,2.757718,0.109400,1.177974
1.202375,0.320669,0.117463,0.177194,2.761976,0.098075,1.183329
1.205672,0.320486,0.117591,0.177089,2.764684,0.098225,1.184609
1.208807,0.320209,0.117684,0.176931,2.763090,0.105600,1.183504
1.212359,0.319954,0.117657,0.176854,2.763971,0.102010,1.185966
1.215324,0.319697,0.117637,0.176794,2.762392,0.106481,1.186078
1.218900,0.319390,0.117615,0.176712,2.760431,0.110805,1.186498
1.221889,0.319224,0.117605,0.176665,2.759222,0.111618,1.188533
1.225281,0.319070,0.117530,0.176596,2.757324,0.114020,1.190657
1.228652,0.318923,0.117505,0.176490,2.754154,0.119319,1.190906
1.232220,0.318735,0.117470,0.176374,2.752672,0.123475,1.190111
1.235456,0.318582,0.117442,0.176274,2.750980,0.128542,1.188845
1.238604,0.318414,0.117408,0.176289,2.750053,0.130597,1.190440
1.242445,0.318275,0.117482,0.176360,2.750002,0.128061,1.195955
1.245708,0.318123,0.117602,0.176357,2.751335,0.126568,1.196870
1.248884,0.317919,0.117744,0.176329,2.746686,0.137266,1.197148
1.252091,0.317638,0.117965,0.176351,2.746684,0.135966,1.201841
1.255252,0.317369,0.118186,0.176286,2.746874,0.136486,1.203397
1.258598,0.317072,0.118311,0.176150,2.740266,0.152656,1.196570
1.261955,0.316727,0.118329,0.176000,2.738264,0.157649,1.198405
1.265197,0.316512,0.118350,0.175868,2.741993,0.150739,1.199302
1.268669,0.316355,0.118297,0.175678,2.741217,0.155795,1.196878
1.271855,0.316218,0.118296,0.175516,2.741012,0.159173,1.198135
1.275454,0.316117,0.118336,0.175404,2.746119,0.150408,1.203431
1.278614,0.315945,0.118378,0.175215,2.740870,0.163108,1.200358
1.282409,0.315749,0.118415,0.174960,2.740883,0.166190,1.198699
1.285275,0.315588,0.118450,0.174721,2.741638,0.168114,1.195893
1.289038,0.315462,0.118486,0.174442,2.738970,0.171236,1.196409
1.292163,0.315370,0.118508,0.174183,2.738399,0.174822,1.196257
1.295006,0.315388,0.118544,0.174044,2.740418,0.171011,1.199545
1.298368,0.315340,0.118546,0.173943,2.739724,0.170923,1.203359
1.301967,0.315266,0.118547,0.173791,2.738210,0.170678,1.206891
1.305766,0.315066,0.118513,0.173555,2.740284,0.169583,1.203940
1.309122,0.314796,0.118477,0.173259,2.740254,0.170778,1.203388
1.312469,0.314446,0.118447,0.172812,2.740903,0.175782,1.198779
1.315566,0.314146,0.118415,0.172394,2.739297,0.186978,1.193408
1.318865,0.313819,0.118396,0.171964,2.738700,0.192927,1.190239
1.321963,0.313646,0.118345,0.171670,2.736224,0.203257,1.187398
1.325266,0.313431,0.118320,0.171377,2.736935,0.204870,1.185747
1.328656,0.313416,0.118405,0.171370,2.737854,0.208192,1.182469
1.332172,0.313354,0.118471,0.171232,2.744013,0.196052,1.188912
1.334854,0.313342,0.118518,0.171153,2.743784,0.197964,1.190411
1.338515,0.313181,0.118535,0.170922,2.744575,0.197032,1.188405
1.341750,0.313042,0.118520,0.170672,2.742404,0.202158,1.186973
1.345545,0.312803,0.118531,0.170229,2.743002,0.199871,1.188646
1.348851,0.312600,0.118578,0.169917,2.737229,0.212971,1.183079
1.352374,0.312374,0.118662,0.169571,2.737236,0.218591,1.180023
1.355727,0.312175,0.118801,0.169326,2.737063,0.222247,1.180697
1.358747,0.312067,0.118978,0.169080,2.736434,0.230001,1.179161
1.361868,0.311946,0.119087,0.168906,2.734873,0.235939,1.180618
1.365211,0.311804,0.119206,0.168728,2.735602,0.239081,1.181057
1.369164,0.311639,0.119299,0.168569,2.734446,0.241604,1.182887
1.372295,0.311526,0.119407,0.168365,2.733523,0.245091,1.184824
1.382813,0.311358,0.119579,0.167968,2.737819,0.245739,1.188871
1.392411,0.311236,0.119798,0.167591,2.739729,0.248615,1.192007
1.403893,0.311062,0.119978,0.167171,2.741769,0.253047,1.194808
1.406054,0.310853,0.120158,0.166678,2.744678,0.259160,1.195235
1.409231,0.310568,0.120328,0.166225,2.748300,0.264775,1.194257
1.416226,0.310336,0.120411,0.166014,2.752394,0.261819,1.192350
1.418601,0.309978,0.120435,0.165834,2.754726,0.264745,1.189213
1.428319,0.309573,0.120480,0.165687,2.755115,0.266778,1.184453
1.429682,0.309149,0.120503,0.165583,2.757682,0.263792,1.185377
1.448392,0.308762,0.120533,0.165455,2.759780,0.261808,1.186269
1.462355,0.308343,0.120500,0.165310,2.756484,0.268199,1.184305
1.465379,0.307992,0.120460,0.165147,2.755864,0.267050,1.186164
1.472634,0.307763,0.120304,0.164904,2.750548,0.274197,1.189320
1.474372,0.307586,0.120125,0.164673,2.743768,0.284437,1.187277
1.484088,0.307378,0.119920,0.164438,2.734362,0.295817,1.187038
1.485766,0.307151,0.119776,0.164247,2.727529,0.303591,1.188925
1.493552,0.306914,0.119780,0.164212,2.727091,0.306726,1.190153
1.497229,0.306679,0.119926,0.164281,2.730982,0.302684,1.194366
1.503000,0.306466,0.120128,0.164339,2.736748,0.297868,1.198589
1.507629,0.306255,0.120160,0.164346,2.738459,0.300693,1.199602
1.510468,0.306083,0.120143,0.164355,2.738522,0.307069,1.201029
1.514185,0.305964,0.119973,0.164224,2.731353,0.318215,1.203139
1.517478,0.305658,0.119761,0.163934,2.728296,0.329076,1.197406
1.520662,0.305379,0.119524,0.163689,2.722766,0.341206,1.192911
1.524120,0.305271,0.119511,0.163746,2.723125,0.342687,1.196534
1.527520,0.305181,0.119586,0.163823,2.722650,0.343985,1.198373
1.530545,0.305058,0.119645,0.163913,2.725710,0.343425,1.199096
1.533906,0.305087,0.119736,0.164144,2.725852,0.342694,1.204913
1.537337,0.305062,0.119816,0.164372,2.725272,0.345147,1.205051
1.541000,0.304923,0.119773,0.164294,2.731292,0.335907,1.203768
1.544271,0.304768,0.119676,0.164215,2.734029,0.332320,1.202192
1.547518,0.304550,0.119599,0.164084,2.734749,0.333084,1.198751
1.550838,0.304373,0.119511,0.163966,2.733986,0.335321,1.194920
1.553950,0.304276,0.119545,0.163973,2.734983,0.331753,1.200258
1.557252,0.304192,0.119647,0.164083,2.729298,0.343238,1.200485
1.560803,0.304115,0.119756,0.164178,2.726804,0.348427,1.199599
1.563994,0.304139,0.119727,0.164303,2.724721,0.348664,1.203757
1.567369,0.304159,0.119657,0.164408,2.717250,0.355185,1.206799
1.570570,0.304146,0.119482,0.164383,2.708838,0.364298,1.204787
1.574246,0.304059,0.119328,0.164286,2.706327,0.365236,1.207248
1.577513,0.303942,0.119116,0.164136,2.699750,0.371839,1.206604
1.580748,0.303814,0.119031,0.164011,2.692069,0.380137,1.202350
1.584050,0.303711,0.119006,0.164005,2.688715,0.382481,1.202621
1.587690,0.303614,0.118991,0.164023,2.686067,0.383643,1.202845
1.590765,0.303581,0.118949,0.164128,2.677805,0.390379,1.200221
1.594219,0.303509,0.119206,0.164342,2.681177,0.386639,1.205628
1.597336,0.303325,0.119534,0.164489,2.685772,0.385069,1.206943
1.600728,0.303118,0.119823,0.164526,2.692250,0.383127,1.205475
1.603879,0.303012,0.120040,0.164624,2.691451,0.383714,1.210320
1.607631,0.302915,0.120263,0.164707,2.692567,0.384488,1.212089
1.610634,0.302895,0.120260,0.164726,2.691945,0.386868,1.211675
1.614069,0.302870,0.120233,0.164744,2.685752,0.389777,1.216909
1.617314,0.302816,0.120214,0.164808,2.681909,0.391340,1.218366
1.620644,0.302639,0.120257,0.164789,2.685056,0.390726,1.215625
1.623907,0.302463,0.120656,0.165060,2.691687,0.384971,1.221042
1.626866,0.302280,0.121033,0.165355,2.693049,0.382080,1.225946
1.630709,0.302180,0.121334,0.165671,2.691815,0.383853,1.228081
1.633963,0.302054,0.121663,0.165934,2.696203,0.379212,1.233857
1.637254,0.301941,0.122135,0.166278,2.700994,0.372343,1.241751
1.640585,0.301781,0.122256,0.166333,2.701612,0.368242,1.244925
1.644083,0.301579,0.122388,0.166349,2.700230,0.367813,1.247574
1.647375,0.301301,0.122552,0.166338,2.707601,0.360699,1.248523
1.650956,0.300984,0.122726,0.166215,2.709104,0.360376,1.245888
1.654089,0.300660,0.122755,0.166014,2.709262,0.361514,1.242226
1.657419,0.300270,0.122914,0.165890,2.711989,0.362587,1.237286
1.660856,0.299875,0.123075,0.165788,2.716790,0.359755,1.233295
1.677782,0.299461,0.123286,0.165710,2.712708,0.365727,1.232837
1.679295,0.299095,0.123475,0.165769,2.709358,0.368531,1.235496
1.688734,0.298730,0.123769,0.165981,2.703866,0.374477,1.240019
1.692942,0.298469,0.123936,0.166153,2.694714,0.381902,1.246073
1.696203,0.298238,0.124136,0.166316,2.685289,0.390664,1.251409
1.703968,0.298044,0.124361,0.166484,2.683542,0.392670,1.255274
1.705636,0.297834,0.124630,0.166629,2.680402,0.397100,1.258730
1.715955,0.297475,0.124838,0.166578,2.681221,0.400990,1.256734
1.717242,0.297045,0.125166,0.166632,2.680769,0.405775,1.257489
1.737051,0.296631,0.125463,0.166698,2.681095,0.410140,1.256862
1.748220,0.296202,0.125717,0.166762,2.679322,0.413520,1.258420
1.751544,0.295850,0.125950,0.166882,2.677642,0.416182,1.260715
1.754446,0.295650,0.126158,0.167062,2.675036,0.416876,1.265769
1.761921,0.295489,0.126238,0.167147,2.672888,0.418380,1.265538
1.763961,0.295296,0.126363,0.167243,2.668329,0.421463,1.269138
1.773404,0.295174,0.126552,0.167394,2.667280,0.422967,1.272580
1.775379,0.295025,0.126725,0.167500,2.663790,0.426799,1.276586
1.783232,0.294854,0.126910,0.167592,2.661800,0.429607,1.279481
1.787433,0.294662,0.127119,0.167597,2.660778,0.432498,1.282721
1.793442,0.294454,0.127296,0.167559,2.661369,0.433744,1.283385
1.797460,0.294261,0.127382,0.167454,2.660248,0.435293,1.283920
1.800816,0.294048,0.127451,0.167269,2.660911,0.435862,1.282401
1.804550,0.293803,0.127498,0.167059,2.662610,0.434943,1.280250
1.807598,0.293628,0.127528,0.166868,2.662677,0.433640,1.280450
1.810933,0.293505,0.127540,0.166718,2.662570,0.432695,1.281036
1.814636,0.293414,0.127533,0.166644,2.664226,0.430346,1.283067
1.817525,0.293407,0.127637,0.166718,2.662458,0.430453,1.285259
1.820939,0.293450,0.127686,0.166835,2.658871,0.431860,1.291211
1.824303,0.293485,0.127725,0.166973,2.656055,0.431126,1.296562
1.827382,0.293528,0.127730,0.167011,2.654228,0.430586,1.300617
1.830311,0.293531,0.127799,0.166925,2.652094,0.433164,1.299357
1.834229,0.293472,0.127745,0.166754,2.653884,0.431174,1.302436
1.837874,0.293418,0.127745,0.166548,2.655181,0.429916,1.301806
1.840906,0.293315,0.127680,0.166230,2.659017,0.429840,1.297748
1.844502,0.293229,0.127640,0.165898,2.663083,0.430378,1.293346
1.847449,0.293176,0.127457,0.165591,2.660054,0.435167,1.292448
1.850802,0.293162,0.127297,0.165292,2.655215,0.442877,1.287972
1.854284,0.293178,0.127104,0.164927,2.653201,0.445428,1.287032
1.857900,0.293075,0.126896,0.164477,2.649439,0.452012,1.281175
1.860780,0.292976,0.126690,0.163972,2.645954,0.457682,1.278047
1.864455,0.292869,0.126506,0.163479,2.649399,0.455124,1.271480
1.867698,0.292746,0.126299,0.162958,2.652675,0.452078,1.267659
1.871105,0.292614,0.126123,0.162497,2.653131,0.454503,1.260351
1.874058,0.292631,0.126014,0.162196,2.654555,0.452939,1.257792
1.877835,0.292621,0.125903,0.161966,2.653617,0.452146,1.255432
1.880687,0.292619,0.125877,0.161862,2.653146,0.452455,1.256066
1.884248,0.292625,0.125871,0.161701,2.652096,0.447241,1.262830
1.887805,0.292627,0.125864,0.161551,2.650933,0.448530,1.262456
1.891339,0.292662,0.125885,0.161406,2.649205,0.449931,1.265932
1.894001,0.292758,0.125996,0.161293,2.654495,0.443358,1.271389
1.897637,0.292876,0.126091,0.161110,2.654027,0.444138,1.274602
1.901084,0.292960,0.126185,0.161005,2.654565,0.450639,1.269703
1.903790,0.293016,0.126254,0.160819,2.658011,0.446138,1.271831
1.907790,0.293097,0.126346,0.160573,2.658805,0.446319,1.273112
1.910858,0.293137,0.126367,0.160367,2.653594,0.453222,1.272344
1.914409,0.293174,0.126411,0.160109,2.658229,0.448088,1.275831
1.917924,0.293234,0.126465,0.159835,2.659585,0.448123,1.275613
1.920688,0.293322,0.126542,0.159644,2.658064,0.452749,1.276835
1.924511,0.293388,0.126566,0.159526,2.661303,0.447846,1.280574
1.927723,0.293440,0.126572,0.159382,2.661624,0.447721,1.281032
1.931270,0.293470,0.126556,0.159290,2.656665,0.454042,1.277509
1.934433,0.293533,0.126472,0.159193,2.658203,0.451389,1.278756
1.937778,0.293628,0.126325,0.159077,2.654904,0.454386,1.277159
1.941465,0.293705,0.126212,0.158940,2.648201,0.462831,1.273647
1.943829,0.293804,0.126119,0.158806,2.650497,0.460601,1.271954
1.947618,0.293890,0.126025,0.158653,2.647289,0.464270,1.271205
1.951319,0.293905,0.126033,0.158338,2.646714,0.466873,1.268505
1.954257,0.293891,0.126138,0.158066,2.654559,0.458510,1.267428
1.960420,0.293811,0.126208,0.157761,2.660418,0.452297,1.267834
1.964162,0.293665,0.126319,0.157329,2.663374,0.452183,1.264458
1.967866,0.293528,0.126403,0.156902,2.670530,0.447945,1.259308
1.971343,0.293463,0.126421,0.156642,2.672390,0.446477,1.257968
1.974660,0.293426,0.126425,0.156385,2.671122,0.450313,1.256129
1.977704,0.293448,0.126453,0.156148,2.676478,0.446708,1.253716
1.981211,0.293529,0.126450,0.156016,2.678958,0.443682,1.254620
1.984541,0.293585,0.126460,0.155824,2.681840,0.440243,1.256731
1.987326,0.293606,0.126478,0.155642,2.683926,0.438802,1.255920
1.990367,0.293612,0.126472,0.155437,2.686981,0.435920,1.255973
1.996036,0.293709,0.126540,0.155071,2.688774,0.438343,1.258901
2.011636,0.293827,0.126688,0.154720,2.690206,0.438325,1.256517
2.021202,0.293970,0.126707,0.154467,2.693111,0.438052,1.260589
2.025608,0.294142,0.126775,0.154159,2.693831,0.437457,1.264247
2.029577,0.294340,0.126759,0.153844,2.695871,0.436831,1.265888
2.036746,0.294371,0.126629,0.153633,2.693813,0.437118,1.267036
2.046436,0.294452,0.126374,0.153480,2.690379,0.440961,1.269833
2.049475,0.294619,0.126177,0.153277,2.686371,0.441501,1.272509
2.067762,0.294730,0.125923,0.153211,2.684306,0.443538,1.274355
2.078138,0.294793,0.125751,0.153160,2.680560,0.448672,1.275137
2.081980,0.294753,0.125565,0.153178,2.677868,0.450594,1.276649
2.085686,0.294773,0.125472,0.153345,2.677725,0.452482,1.277225
2.093894,0.294730,0.125281,0.153544,2.675988,0.454525,1.278024
2.095170,0.294754,0.125185,0.153749,2.674565,0.455435,1.276832
2.104894,0.294775,0.125030,0.153970,2.670085,0.456212,1.282019
2.107698,0.294971,0.124916,0.154252,2.667282,0.459324,1.281674
2.115774,0.295012,0.124690,0.154339,2.663743,0.463928,1.284764
2.120225,0.294985,0.124618,0.154384,2.661113,0.468901,1.283022
2.129758,0.294945,0.124398,0.154381,2.660131,0.472951,1.281397
2.133053,0.294878,0.124220,0.154359,2.660521,0.476836,1.278026
2.136312,0.294819,0.124052,0.154316,2.660785,0.478416,1.275547
2.139173,0.294708,0.123952,0.154258,2.662810,0.478582,1.270945
2.142678,0.294650,0.123887,0.154223,2.665855,0.478210,1.269382
2.146219,0.294561,0.123898,0.154174,2.668873,0.475876,1.271088
2.149326,0.294527,0.123777,0.154042,2.672820,0.470548,1.267828
2.152544,0.294601,0.123621,0.153939,2.674499,0.468573,1.267374
2.156223,0.294742,0.123451,0.153848,2.675081,0.463300,1.270656
2.159546,0.294721,0.123097,0.153588,2.675378,0.462917,1.265091
2.162572,0.294648,0.122698,0.153288,2.675337,0.468347,1.255882
2.166388,0.294499,0.122396,0.153051,2.675202,0.473930,1.253054
2.176377,0.293939,0.121558,0.152497,2.675924,0.473824,1.250725
2.185786,0.294429,0.121201,0.152613,2.675469,0.475317,1.247296
2.189781,0.294666,0.120989,0.152615,2.675214,0.474970,1.246578
2.193014,0.294882,0.120784,0.152609,2.675360,0.469572,1.248701
2.195982,0.295167,0.120513,0.152595,2.673096,0.466857,1.251157
2.199471,0.295276,0.120252,0.152547,2.670939,0.468942,1.248601
2.202594,0.295462,0.119963,0.152545,2.669181,0.469130,1.249088
2.206524,0.295697,0.119769,0.152602,2.668045,0.467024,1.251494
2.209304,0.295910,0.119581,0.152586,2.665730,0.467801,1.253751
2.212569,0.295984,0.119428,0.152535,2.666387,0.466762,1.251775
2.216083,0.296054,0.119288,0.152486,2.666884,0.465585,1.251600
2.219561,0.296063,0.119169,0.152408,2.667111,0.466327,1.249350
2.222664,0.296071,0.119024,0.152315,2.666711,0.468171,1.247701
2.225971,0.296128,0.118850,0.152297,2.666597,0.467870,1.247063
2.229381,0.296190,0.118696,0.152296,2.665206,0.469606,1.247231
2.233070,0.296265,0.118532,0.152263,2.664650,0.468934,1.248774
2.236119,0.296329,0.118404,0.152245,2.664613,0.468407,1.250584
2.239654,0.296391,0.118279,0.152232,2.665194,0.467358,1.251732
2.243036,0.296442,0.118186,0.152191,2.667147,0.465965,1.251853
2.246258,0.296518,0.118064,0.152140,2.668961,0.462556,1.254233
2.249736,0.296564,0.117933,0.152071,2.671849,0.459478,1.252693
2.252686,0.296606,0.117818,0.152001,2.674485,0.457469,1.250148
2.255876,0.296654,0.117723,0.151932,2.677873,0.453706,1.248902
2.259069,0.296703,0.117587,0.151882,2.681367,0.450796,1.246258
2.263057,0.296715,0.117462,0.151854,2.683865,0.450246,1.241993
2.265892,0.296719,0.117350,0.151826,2.682956,0.453496,1.240859
2.269774,0.296695,0.117235,0.151757,2.686511,0.449377,1.239929
2.272909,0.296671,0.117143,0.151709,2.687620,0.449949,1.236867
2.276311,0.296600,0.117044,0.151638,2.685447,0.450801,1.240244
2.279638,0.296627,0.117036,0.151574,2.685387,0.450912,1.240292
2.282655,0.296608,0.117025,0.151456,2.688002,0.449282,1.239799
2.285714,0.296618,0.117018,0.151377,2.686458,0.454049,1.238196
2.289365,0.296626,0.116990,0.151288,2.687992,0.452225,1.237025
2.292827,0.296689,0.116981,0.151246,2.689607,0.453524,1.233324
2.295546,0.296668,0.116924,0.151189,2.689787,0.454238,1.232833
2.299227,0.296629,0.116837,0.151131,2.690172,0.454926,1.229213
2.302825,0.296590,0.116750,0.151075,2.689179,0.455760,1.228602
2.305704,0.296551,0.116662,0.151019,2.685726,0.460269,1.230852
2.308759,0.296567,0.116564,0.151015,2.683661,0.463462,1.228440
2.313320,0.296610,0.116455,0.151027,2.682068,0.464717,1.228913
2.316480,0.296778,0.116408,0.151135,2.678917,0.462304,1.235235
2.319676,0.296949,0.116363,0.151237,2.678608,0.460496,1.239838
2.322779,0.297113,0.116261,0.151312,2.677833,0.462144,1.240840
2.341707,0.297205,0.115937,0.151458,2.676492,0.456620,1.248390
2.343142,0.297305,0.115612,0.151602,2.675941,0.453283,1.252135
2.353411,0.297331,0.115296,0.151714,2.676745,0.450137,1.254067
2.356622,0.297355,0.114969,0.151854,2.676256,0.445888,1.255515
2.360749,0.297385,0.114710,0.151997,2.673252,0.443751,1.262019
2.363829,0.297360,0.114755,0.151902,2.675343,0.444903,1.261430
2.365985,0.297255,0.114753,0.151748,2.677701,0.446050,1.259117
2.372564,0.297098,0.114725,0.151640,2.679059,0.449643,1.256379
2.376240,0.296939,0.114692,0.151503,2.680872,0.452930,1.253755
2.385051,0.296730,0.114660,0.151335,2.686561,0.452260,1.246826
2.386148,0.296587,0.114599,0.151212,2.690210,0.454423,1.242052
2.406079,0.296445,0.114614,0.151117,2.691252,0.457159,1.241665
2.416881,0.296374,0.114649,0.150992,2.694577,0.462008,1.238050
2.420508,0.296301,0.114675,0.150868,2.695685,0.468342,1.234663
2.430643,0.296263,0.114604,0.150848,2.694694,0.474714,1.231668
2.433070,0.296217,0.114473,0.150873,2.690687,0.481640,1.229050
2.441932,0.296217,0.114271,0.150893,2.689014,0.487688,1.222903
2.444046,0.296236,0.114019,0.150939,2.681973,0.496062,1.221353
2.452622,0.296272,0.113752,0.150984,2.678275,0.501463,1.218946
2.455255,0.296323,0.113564,0.150974,2.677039,0.504184,1.217549
2.462933,0.296442,0.113393,0.151006,2.678811,0.500149,1.216034
2.466771,0.296634,0.113225,0.151056,2.678273,0.496636,1.219656
2.470222,0.296793,0.113084,0.151085,2.681484,0.489482,1.220016
2.473751,0.297025,0.112938,0.151182,2.681432,0.483102,1.222602
2.476901,0.297270,0.112780,0.151288,2.681832,0.477359,1.224896
2.480150,0.297452,0.112659,0.151369,2.679742,0.479384,1.227266
2.483382,0.297555,0.112567,0.151449,2.679865,0.482469,1.224205
2.486853,0.297653,0.112513,0.151577,2.681245,0.482485,1.222428
2.490208,0.297698,0.112458,0.151649,2.683757,0.482553,1.221913
2.493509,0.297730,0.112423,0.151713,2.682937,0.485408,1.219309
2.496747,0.297753,0.112353,0.151771,2.685112,0.482513,1.219160
2.500207,0.297781,0.112316,0.151837,2.686228,0.478790,1.221220
2.503283,0.297807,0.112242,0.151878,2.685668,0.479616,1.221804
2.507068,0.297823,0.112191,0.151930,2.686853,0.477896,1.221066
2.510390,0.297839,0.112140,0.151986,2.690071,0.474798,1.221884
2.513914,0.297913,0.112086,0.152122,2.690133,0.473863,1.223449
2.516973,0.297986,0.112021,0.152254,2.691431,0.472913,1.223842
2.520471,0.298070,0.111969,0.152345,2.691957,0.471180,1.225644
2.523570,0.298115,0.111901,0.152400,2.690483,0.473286,1.225581
2.526851,0.298157,0.111826,0.152461,2.690401,0.473899,1.225414
2.530292,0.298153,0.111748,0.152462,2.689973,0.476163,1.223698
2.533555,0.298160,0.111640,0.152507,2.688996,0.476473,1.222357
2.536970,0.298173,0.111551,0.152566,2.688133,0.476708,1.221413
2.540210,0.298151,0.111569,0.152662,2.689465,0.478485,1.220850
2.543403,0.298119,0.111579,0.152783,2.689193,0.480908,1.220969
2.547014,0.298087,0.111603,0.152892,2.688860,0.483646,1.219998
2.549840,0.298042,0.111632,0.152946,2.689657,0.487003,1.219302
2.553148,0.298004,0.111638,0.152988,2.691050,0.489357,1.218050
2.556548,0.298041,0.111556,0.153037,2.689735,0.490013,1.217671
2.560356,0.298101,0.111478,0.153078,2.689235,0.490184,1.216965
2.563202,0.298151,0.111396,0.153144,2.690268,0.488305,1.217566
2.566922,0.298250,0.111343,0.153251,2.688683,0.487842,1.218796
2.570565,0.298406,0.111266,0.153384,2.686449,0.487577,1.221206
2.573899,0.298531,0.111159,0.153487,2.684497,0.487650,1.222456
2.576548,0.298641,0.111063,0.153565,2.681399,0.489351,1.225155
2.580192,0.298741,0.110981,0.153609,2.678832,0.492747,1.225567
2.583703,0.298791,0.110891,0.153629,2.679157,0.492805,1.226307
2.587296,0.298900,0.110790,0.153659,2.678800,0.490163,1.227458
2.590386,0.299011,0.110732,0.153702,2.680721,0.486103,1.228000
2.592943,0.299132,0.110719,0.153769,2.684643,0.481723,1.228739
2.596677,0.299226,0.110721,0.153833,2.686665,0.477705,1.230835
2.599767,0.299348,0.110720,0.153924,2.689177,0.475328,1.231080
2.603615,0.299352,0.110772,0.153985,2.692667,0.475179,1.231520
2.606926,0.299417,0.110780,0.154072,2.694524,0.474087,1.233896
2.609755,0.299483,0.110706,0.154138,2.695474,0.471936,1.233863
2.613489,0.299628,0.110567,0.154194,2.695688,0.471248,1.234934
2.616531,0.299774,0.110394,0.154197,2.694119,0.470055,1.236494
2.620186,0.299981,0.110130,0.154165,2.692713,0.467527,1.236518
2.623116,0.300141,0.109881,0.154090,2.691433,0.467683,1.235298
2.626923,0.300292,0.109605,0.153994,2.689998,0.467172,1.233113
2.629287,0.300398,0.109321,0.153889,2.690620,0.463841,1.228940
2.632614,0.300495,0.109067,0.153772,2.691881,0.461092,1.225990
2.636305,0.300545,0.108913,0.153667,2.694996,0.458801,1.223668
2.643875,0.300692,0.108658,0.153482,2.694080,0.460387,1.220616
2.647003,0.300759,0.108614,0.153398,2.694751,0.461886,1.219179
2.650020,0.300811,0.108581,0.153339,2.696183,0.461869,1.219990
2.652879,0.300970,0.108508,0.153297,2.701078,0.454948,1.222614
2.670763,0.301119,0.108408,0.153235,2.700312,0.452254,1.223833
2.681329,0.301265,0.108273,0.153150,2.706681,0.442496,1.227490
2.685548,0.301422,0.108168,0.153082,2.711469,0.433858,1.229681
2.688509,0.301557,0.108044,0.152978,2.714264,0.427367,1.232754
2.691977,0.301593,0.107941,0.152841,2.714140,0.428384,1.231516
2.700663,0.301616,0.107846,0.152636,2.718383,0.426047,1.231336
2.703139,0.301664,0.107752,0.152361,2.718474,0.428285,1.229097
2.713231,0.301770,0.107594,0.151975,2.718449,0.429099,1.226478
2.734097,0.301940,0.107465,0.151592,2.718722,0.431241,1.222859
2.736740,0.302094,0.107353,0.151256,2.718296,0.432961,1.221643
2.745718,0.302307,0.107268,0.151025,2.718015,0.432160,1.221077
2.749302,0.302497,0.107233,0.150902,2.718492,0.428962,1.221794
2.752728,0.302582,0.107263,0.150812,2.719638,0.427299,1.222415
2.754941,0.302635,0.107275,0.150687,2.721154,0.425028,1.222241
2.762033,0.302630,0.107341,0.150440,2.724693,0.421866,1.219340
2.768401,0.302574,0.107443,0.150095,2.728798,0.421374,1.214747
2.771488,0.302509,0.107557,0.149742,2.732848,0.421677,1.210402
2.780670,0.302485,0.107580,0.149333,2.734675,0.424211,1.207137
2.783201,0.302452,0.107610,0.148988,2.736555,0.425708,1.203394
2.792791,0.302466,0.107578,0.148755,2.735426,0.428040,1.204374
2.794037,0.302386,0.107423,0.148350,2.735644,0.428674,1.202519
2.800398,0.302295,0.107209,0.147844,2.734453,0.432302,1.197800
2.806645,0.302204,0.107050,0.147464,2.735047,0.432591,1.195354
2.809422,0.302109,0.106889,0.147094,2.735298,0.433123,1.195502
2.812536,0.302086,0.106722,0.146708,2.735821,0.435396,1.191730
2.816134,0.302141,0.106662,0.146566,2.731628,0.440710,1.193256
2.819354,0.302253,0.106621,0.146511,2.728950,0.442183,1.198834
2.823118,0.302357,0.106569,0.146480,2.725364,0.445574,1.203472
2.826533,0.302475,0.106513,0.146456,2.721584,0.449034,1.205900
2.829957,0.302532,0.106554,0.146497,2.720202,0.448888,1.211367
2.832948,0.302556,0.106641,0.146450,2.725515,0.444296,1.213705
2.836093,0.302538,0.106723,0.146410,2.727503,0.443879,1.214576
2.839672,0.302521,0.106766,0.146329,2.730627,0.440422,1.216528
2.843223,0.302435,0.106705,0.146148,2.733409,0.439564,1.215406
2.846500,0.302337,0.106552,0.145925,2.734225,0.441332,1.211931
2.849894,0.302266,0.106336,0.145813,2.732324,0.443578,1.211018
2.853277,0.302216,0.106098,0.145717,2.731315,0.446364,1.208584
2.856507,0.302181,0.105848,0.145715,2.729284,0.448433,1.207029
2.859579,0.302221,0.105700,0.145809,2.727619,0.449352,1.208041
2.862760,0.302255,0.105537,0.145909,2.725685,0.448743,1.210593
2.866116,0.302293,0.105342,0.145971,2.725163,0.446389,1.211212
2.869556,0.302473,0.105207,0.146124,2.720892,0.444201,1.216496
2.872733,0.302703,0.105081,0.146327,2.715185,0.446164,1.222494
2.876175,0.302917,0.105003,0.146543,2.718136,0.436514,1.230889
2.879610,0.303138,0.104947,0.146739,2.714221,0.438321,1.236385
2.883135,0.303360,0.104929,0.146940,2.706775,0.443947,1.243016
2.886470,0.303425,0.104866,0.147033,2.705247,0.444609,1.248851
2.889920,0.303430,0.104853,0.147005,2.706454,0.442427,1.250241
2.893338,0.303386,0.104778,0.146929,2.699932,0.450608,1.248191
2.896477,0.303334,0.104684,0.146836,2.699885,0.448159,1.248332
2.899761,0.303279,0.104593,0.146774,2.701805,0.445569,1.243371
2.903205,0.303212,0.104549,0.146738,2.701727,0.445110,1.241098
2.906119,0.303145,0.104507,0.146702,2.700391,0.446261,1.240802
2.909938,0.303094,0.104515,0.146701,2.700388,0.446930,1.235413
2.913099,0.303077,0.104771,0.146847,2.705458,0.441508,1.238648
2.916130,0.303055,0.105027,0.146996,2.709072,0.436068,1.247283
2.919959,0.303041,0.105294,0.147150,2.715227,0.427207,1.250101
2.923403,0.303012,0.105577,0.147305,2.722307,0.417216,1.252703
2.926342,0.303005,0.105835,0.147447,2.727900,0.407317,1.261938
2.929790,0.302745,0.105577,0.147160,2.723704,0.413410,1.253712
2.933210,0.302494,0.105328,0.146851,2.723627,0.415469,1.245016
2.936363,0.302219,0.105089,0.146577,2.723148,0.415572,1.245268
2.939099,0.302167,0.105010,0.146631,2.722884,0.419715,1.237022
2.943578,0.302135,0.104940,0.146660,2.721916,0.421737,1.236709
2.946531,0.302329,0.105128,0.147050,2.728174,0.414721,1.246254
2.949820,0.302514,0.105123,0.147300,2.727292,0.413950,1.252742
2.953122,0.302467,0.104771,0.147064,2.731480,0.417935,1.240992
2.970602,0.302174,0.104154,0.146437,2.732737,0.418228,1.238940
2.981107,0.301907,0.103510,0.145808,2.735851,0.421719,1.225463
2.985599,0.301685,0.102858,0.145074,2.736793,0.422300,1.215082
2.988366,0.301454,0.102345,0.144514,2.741199,0.420710,1.206911
2.996400,0.301573,0.102153,0.144370,2.741019,0.416172,1.210592
2.997962,0.301730,0.101972,0.144309,2.742234,0.412596,1.210500
3.007840,0.301826,0.101748,0.144211,2.745946,0.401845,1.214723
3.010955,0.301884,0.101494,0.144188,2.748673,0.395222,1.212615
3.029510,0.301992,0.101295,0.144115,2.750683,0.389620,1.214266
3.042099,0.302024,0.101100,0.144070,2.753599,0.384712,1.215946
3.043311,0.302087,0.101075,0.144024,2.756368,0.380330,1.217302
3.047754,0.302438,0.101135,0.144024,2.753875,0.384040,1.222268
3.060381,0.302798,0.101276,0.144021,2.752556,0.386160,1.229968
3.073263,0.303125,0.101415,0.144033,2.757224,0.376582,1.238109
3.074184,0.303510,0.101778,0.144187,2.757575,0.374678,1.236139
3.084734,0.303875,0.102031,0.144263,2.763275,0.363284,1.244789
3.087553,0.303973,0.102254,0.144366,2.768026,0.351283,1.248233
3.090533,0.303945,0.102318,0.144224,2.771540,0.344399,1.245381
3.098232,0.303916,0.102382,0.144083,2.769441,0.349178,1.238843
3.104597,0.303815,0.102266,0.143813,2.771584,0.343699,1.244350
3.108143,0.303714,0.102183,0.143567,2.769570,0.348167,1.237723
3.111501,0.303613,0.102099,0.143322,2.768435,0.354512,1.231156
3.114723,0.303642,0.102151,0.143306,2.769436,0.352672,1.232719
3.117821,0.303754,0.102305,0.143411,2.769576,0.352651,1.232238
3.121781,0.303935,0.102429,0.143553,2.767286,0.355278,1.233375
3.124882,0.304103,0.102539,0.143727,2.765257,0.355842,1.237544
3.128303,0.304137,0.102622,0.143728,2.765426,0.355914,1.237899
3.131755,0.304152,0.102710,0.143728,2.763489,0.360781,1.234728
3.134616,0.304089,0.102647,0.143589,2.762856,0.362467,1.237487
3.137990,0.303966,0.102489,0.143298,2.759206,0.370955,1.230787
3.141105,0.303842,0.102331,0.143007,2.754549,0.380939,1.223234
3.145062,0.303960,0.102477,0.143138,2.752444,0.382110,1.226150
3.149096,0.304115,0.102648,0.143295,2.750822,0.383186,1.230763
3.151330,0.304273,0.102873,0.143455,2.748124,0.386367,1.231918
3.154733,0.304343,0.103203,0.143634,2.750739,0.382931,1.235357
3.158088,0.304433,0.103554,0.143763,2.753498,0.381543,1.235901
3.161863,0.304503,0.103686,0.143701,2.753421,0.381486,1.237828
3.165077,0.304535,0.103792,0.143614,2.752660,0.380590,1.239127
3.168344,0.304414,0.103856,0.143274,2.754774,0.379131,1.233163
3.171306,0.304374,0.103899,0.143014,2.754786,0.379544,1.230289
3.174645,0.304313,0.103920,0.142804,2.754202,0.375372,1.237611
3.178576,0.304388,0.104044,0.142696,2.753384,0.379738,1.230629
3.181937,0.304464,0.104158,0.142572,2.753325,0.380347,1.229570
3.184883,0.304687,0.104308,0.142718,2.750193,0.381802,1.234922
3.188406,0.304919,0.104370,0.142778,2.751129,0.378945,1.234371
3.191260,0.305125,0.104446,0.142819,2.748750,0.380478,1.232061
3.194686,0.305125,0.104376,0.142662,2.746610,0.381182,1.234066
3.197987,0.305054,0.104265,0.142440,2.748974,0.380248,1.227055
3.201557,0.304983,0.104154,0.142219,2.751476,0.378861,1.221111
3.204839,0.304928,0.104156,0.142023,2.748296,0.384637,1.222513
3.208099,0.304926,0.104064,0.141825,2.748669,0.389259,1.216499
3.211621,0.304906,0.103955,0.141669,2.747739,0.390928,1.213445
3.214944,0.304955,0.103887,0.141589,2.742793,0.396647,1.216343
3.218231,0.304968,0.103800,0.141473,2.738615,0.403463,1.214371
3.221501,0.304958,0.103689,0.141413,2.736763,0.408707,1.208642
3.224748,0.304952,0.103651,0.141377,2.734902,0.410122,1.210796
3.228377,0.304999,0.103605,0.141360,2.734109,0.413011,1.208513
3.231624,0.305041,0.103563,0.141364,2.733138,0.415993,1.204228
3.234774,0.305118,0.103541,0.141403,2.733573,0.414593,1.206671
3.238215,0.305108,0.103549,0.141341,2.735011,0.414301,1.204927
3.241370,0.305065,0.103565,0.141277,2.736810,0.416085,1.199063
3.245099,0.305000,0.103601,0.141192,2.739065,0.414693,1.202035
3.248332,0.304945,0.103647,0.141085,2.740090,0.417485,1.199379
3.251637,0.304890,0.103692,0.140977,2.740356,0.422905,1.193193
3.255154,0.304883,0.103724,0.140932,2.740202,0.421710,1.198183
3.257983,0.304877,0.103749,0.140880,2.740035,0.424685,1.196648
3.261722,0.304813,0.103795,0.140744,2.739897,0.429008,1.189105
3.265072,0.304747,0.103839,0.140614,2.741846,0.429877,1.184132
3.269704,0.304870,0.104081,0.140641,2.743458,0.427927,1.185512
3.275016,0.305033,0.104307,0.140702,2.745712,0.430643,1.181321
3.282558,0.305196,0.104560,0.140731,2.747523,0.430599,1.182331
3.296693,0.305376,0.104784,0.140777,2.748132,0.432504,1.184234
3.302614,0.305554,0.104989,0.140814,2.747955,0.436649,1.184026
3.312301,0.305520,0.104897,0.140549,2.747228,0.441292,1.182436
3.316729,0.305490,0.104746,0.140222,2.743481,0.448610,1.177874
3.320843,0.305391,0.104548,0.139889,2.743760,0.452031,1.173236
3.333913,0.305313,0.104396,0.139635,2.745835,0.451719,1.167254
3.336354,0.305310,0.104253,0.139412,2.747767,0.447794,1.169070
3.347295,0.305489,0.104384,0.139292,2.752349,0.445959,1.170416
3.351857,0.305663,0.104574,0.139237,2.759673,0.438831,1.175455
3.370059,0.305760,0.104705,0.138929,2.760370,0.441758,1.174077
3.372849,0.305773,0.104779,0.138555,2.763390,0.444848,1.173272
3.385317,0.305693,0.104868,0.138154,2.765372,0.450670,1.167523
3.387657,0.305449,0.104747,0.137780,2.759561,0.463802,1.159964
3.402069,0.305253,0.104533,0.137468,2.758900,0.468479,1.154732
3.404150,0.305302,0.104396,0.137712,2.760321,0.460312,1.157189
3.415308,0.305335,0.104217,0.137957,2.752972,0.459332,1.160107
3.421204,0.305391,0.103923,0.138164,2.753212,0.449587,1.164824
3.427985,0.305411,0.103785,0.138317,2.755116,0.436468,1.169974
3.431287,0.305462,0.103723,0.138245,2.755469,0.433611,1.171315
3.434628,0.305546,0.103729,0.138021,2.761757,0.429261,1.174775
3.437747,0.305587,0.103643,0.137963,2.764745,0.424973,1.176313
3.441038,0.305596,0.103679,0.137972,2.763300,0.426404,1.179349
3.444304,0.305629,0.103559,0.138040,2.768102,0.420077,1.177971
3.448048,0.305565,0.103386,0.138246,2.765567,0.417141,1.178797
3.451270,0.305494,0.103210,0.138464,2.758514,0.419678,1.179771
3.454599,0.305491,0.103166,0.138517,2.763125,0.413324,1.180800
3.457942,0.305464,0.103040,0.138458,2.762586,0.413243,1.179431
3.461015,0.305405,0.102926,0.138379,2.759495,0.418028,1.179500
3.464196,0.305367,0.102816,0.138324,2.761328,0.415568,1.179287
3.467567,0.305346,0.102819,0.138308,2.761067,0.417446,1.176651
3.470961,0.305340,0.102819,0.138294,2.756268,0.422161,1.179582
3.474823,0.305362,0.102933,0.138370,2.758789,0.419042,1.179369
3.478448,0.305378,0.102944,0.138353,2.757989,0.419566,1.180152
3.481327,0.305379,0.102956,0.138302,2.756093,0.423131,1.178986
3.484847,0.305378,0.102979,0.138294,2.758576,0.420382,1.179002
3.488003,0.305506,0.102988,0.138342,2.758003,0.420832,1.179501
3.491041,0.305642,0.102992,0.138398,2.754286,0.424893,1.182198
3.494313,0.305784,0.103104,0.138551,2.756906,0.421644,1.182801
3.498421,0.305919,0.103220,0.138699,2.756702,0.419676,1.186380
3.500946,0.306043,0.103214,0.138754,2.754027,0.421195,1.188832
3.505207,0.306012,0.103212,0.138738,2.757148,0.418252,1.186709
3.507796,0.305981,0.103246,0.138749,2.757296,0.419675,1.182719
3.511131,0.306043,0.103250,0.138781,2.753846,0.420405,1.186192
3.515115,0.306112,0.103251,0.138817,2.752945,0.420953,1.188329
3.518465,0.306171,0.103247,0.138828,2.752919,0.423420,1.183769
3.520906,0.306206,0.103267,0.138841,2.751213,0.426652,1.184140
3.524689,0.306239,0.103251,0.138826,2.753477,0.421347,1.189220
3.527875,0.306194,0.103330,0.138804,2.755000,0.424273,1.183018
3.531101,0.306155,0.103407,0.138783,2.757052,0.422100,1.181708
3.534587,0.306126,0.103490,0.138786,2.759487,0.416042,1.186661
3.537694,0.306054,0.103396,0.138624,2.759679,0.416995,1.182474
3.541723,0.305982,0.103301,0.138462,2.758495,0.421758,1.176419
3.544330,0.305999,0.103354,0.138469,2.760613,0.415913,1.180716
3.547718,0.306011,0.103408,0.138474,2.762218,0.423689,1.176122
3.551099,0.306032,0.103481,0.138397,2.763527,0.432385,1.174544
3.565006,0.306455,0.104254,0.138077,2.765499,0.439159,1.173813
3.571024,0.306440,0.104246,0.137779,2.767797,0.445632,1.173019
3.575220,0.306423,0.104258,0.137687,2.769158,0.458196,1.168061
3.578412,0.306384,0.104242,0.137544,2.770672,0.459966,1.166834
3.584622,0.306412,0.104331,0.137382,2.771508,0.460217,1.167622
3.587736,0.306467,0.104356,0.137354,2.771339,0.462824,1.166900
3.590933,0.306508,0.104345,0.137338,2.769950,0.467060,1.166579
3.594884,0.306628,0.104271,0.137356,2.768509,0.469835,1.168691
3.597726,0.306744,0.104234,0.137387,2.762241,0.476781,1.168188
3.600937,0.306835,0.104141,0.137381,2.758906,0.484035,1.163973
3.605024,0.306935,0.104095,0.137416,2.754248,0.487474,1.164463
3.607610,0.307032,0.104045,0.137461,2.754150,0.487589,1.163713
3.614598,0.307186,0.103926,0.137540,2.753475,0.485305,1.166087
3.617647,0.307322,0.104001,0.137604,2.753075,0.485338,1.165663
3.620939,0.307452,0.104085,0.137652,2.754060,0.485321,1.163736
3.624842,0.307479,0.104205,0.137674,2.758780,0.480167,1.167224
3.627590,0.307595,0.104418,0.137796,2.758912,0.479941,1.167975
3.631084,0.307713,0.104627,0.137926,2.757470,0.481775,1.167576
3.635468,0.307863,0.104718,0.138071,2.760960,0.478209,1.170533
3.652954,0.308018,0.104858,0.138239,2.755302,0.481435,1.172050
3.664451,0.308263,0.104959,0.138455,2.755314,0.482265,1.170758
3.666161,0.308365,0.104971,0.138543,2.755706,0.479659,1.172947
3.670451,0.308444,0.104859,0.138567,2.751415,0.484599,1.169748
3.673498,0.308463,0.104731,0.138548,2.747471,0.487250,1.168938
3.680058,0.308436,0.104502,0.138429,2.748675,0.486215,1.166803
3.682937,0.308426,0.104279,0.138281,2.745163,0.490073,1.162019
3.692193,0.308521,0.104096,0.138262,2.740610,0.495072,1.160491
3.703202,0.308557,0.104023,0.138359,2.748106,0.486851,1.162038
3.722910,0.308543,0.103994,0.138611,2.749001,0.483750,1.159042
3.732552,0.308567,0.103999,0.138934,2.752854,0.475986,1.160754
3.736586,0.308598,0.103992,0.139278,2.755985,0.467427,1.163719
3.740108,0.308518,0.103914,0.139485,2.760975,0.456932,1.163279
3.746989,0.308419,0.103837,0.139586,2.759309,0.454396,1.159553
3.750199,0.308359,0.103679,0.139531,2.763329,0.450094,1.156865
3.759731,0.308403,0.103511,0.139515,2.759206,0.453107,1.157889
3.762151,0.308439,0.103354,0.139479,2.754658,0.456972,1.157882
3.770508,0.308401,0.103271,0.139443,2.754543,0.457958,1.156429
3.773109,0.308413,0.103240,0.139457,2.752065,0.461462,1.157540
3.780775,0.308445,0.103272,0.139507,2.748851,0.463118,1.162038
3.783794,0.308405,0.103314,0.139554,2.752144,0.459619,1.159196
3.787176,0.308365,0.103286,0.139571,2.752822,0.459884,1.158492
3.790428,0.308409,0.103192,0.139588,2.748341,0.464550,1.159546
3.793835,0.308445,0.103074,0.139583,2.747633,0.464115,1.157522
3.797167,0.308457,0.102954,0.139558,2.748007,0.464490,1.153549
3.800445,0.308429,0.102840,0.139505,2.745873,0.468246,1.151945
3.804409,0.308369,0.102794,0.139495,2.747360,0.467822,1.147430
3.807204,0.308304,0.102780,0.139496,2.750822,0.465000,1.145349
3.811197,0.308246,0.102736,0.139576,2.752605,0.464507,1.145584
3.813848,0.308190,0.102673,0.139675,2.753831,0.464190,1.146263
3.817322,0.308125,0.102515,0.139754,2.755767,0.462075,1.145893
3.820846,0.308130,0.102312,0.139867,2.757250,0.459659,1.148151
3.823930,0.308143,0.102039,0.139954,2.757207,0.459034,1.147752
3.827353,0.308173,0.101768,0.139925,2.758194,0.457626,1.145629
3.830592,0.308217,0.101499,0.139869,2.761326,0.453279,1.143285
3.833972,0.308288,0.101330,0.139829,2.766032,0.447010,1.142476
3.837343,0.308331,0.101148,0.139752,2.770105,0.442533,1.140045
3.841021,0.308364,0.100971,0.139672,2.773757,0.437935,1.137401
3.843812,0.308489,0.100820,0.139619,2.771523,0.433725,1.139205
3.847242,0.308646,0.100584,0.139550,2.774415,0.432065,1.140201
3.851037,0.308821,0.100381,0.139426,2.772823,0.432273,1.139948
3.853966,0.308983,0.100158,0.139446,2.771550,0.426973,1.144183
3.857219,0.309238,0.100011,0.139424,2.770440,0.426577,1.143715
3.860713,0.309379,0.099956,0.139489,2.778295,0.422444,1.143497
3.863905,0.309494,0.100008,0.139587,2.780173,0.414798,1.145216
3.867236,0.309617,0.099957,0.139738,2.781666,0.412118,1.150141
3.871077,0.309736,0.099917,0.139703,2.782647,0.414344,1.150269
3.873977,0.309758,0.099754,0.139702,2.786182,0.407929,1.152154
3.877411,0.309761,0.099372,0.139606,2.780615,0.411256,1.150672
3.880744,0.309755,0.098990,0.139507,2.774052,0.417504,1.148605
3.884002,0.309723,0.098691,0.139398,2.770607,0.418837,1.143992
3.887247,0.309757,0.098489,0.139303,2.769881,0.417446,1.142263
3.890545,0.309806,0.098391,0.139239,2.766006,0.420894,1.144031
3.894307,0.309875,0.098367,0.139187,2.767889,0.417054,1.145239
3.897333,0.309939,0.098286,0.139103,2.767931,0.414902,1.145653
3.900641,0.309993,0.098195,0.139045,2.768025,0.414533,1.143163
3.903891,0.309991,0.098072,0.139003,2.766566,0.415424,1.142567
3.907196,0.309986,0.097932,0.138998,2.764868,0.415898,1.142556
3.910745,0.309986,0.097839,0.139015,2.763136,0.417843,1.142211
3.913954,0.309975,0.097679,0.139007,2.761395,0.419537,1.141361
3.917225,0.309977,0.097525,0.138980,2.762023,0.417218,1.143939
3.921205,0.309979,0.097374,0.138955,2.761657,0.417267,1.144145
3.927352,0.309997,0.097171,0.138890,2.761517,0.418086,1.141365
3.930544,0.309960,0.096917,0.138811,2.760950,0.419205,1.140351
3.933844,0.309949,0.096802,0.138915,2.759399,0.420677,1.135770
3.953502,0.310028,0.096661,0.139052,2.756481,0.425882,1.136127
3.966666,0.310106,0.096519,0.139190,2.755289,0.428380,1.135537
3.976651,0.310095,0.096365,0.139371,2.753756,0.427457,1.135280
3.979410,0.310132,0.096259,0.139570,2.752582,0.426428,1.134556
3.988907,0.310155,0.096139,0.139670,2.755109,0.422745,1.137933
3.990946,0.310095,0.096061,0.139755,2.757375,0.416857,1.136875
4.011698,0.310030,0.096004,0.139957,2.760478,0.411059,1.135591
4.014312,0.310051,0.096037,0.140173,2.763793,0.408352,1.137627
4.026251,0.310113,0.096054,0.140441,2.766012,0.406218,1.139081
4.029600,0.310176,0.096078,0.140695,2.766817,0.406882,1.141420
4.036707,0.310217,0.096091,0.140959,2.766394,0.408953,1.143280
4.039666,0.310248,0.096118,0.141142,2.763652,0.412564,1.145840
4.048973,0.310270,0.096143,0.141368,2.763777,0.412226,1.143910
4.049918,0.310273,0.096246,0.141611,2.764956,0.409558,1.143601
4.057653,0.310263,0.096319,0.141909,2.766818,0.405123,1.143707
4.065060,0.310333,0.096343,0.142218,2.764377,0.405844,1.146781
4.070691,0.310414,0.096326,0.142506,2.762289,0.406658,1.147780
4.073800,0.310468,0.096431,0.142762,2.761996,0.406336,1.150297
4.077121,0.310472,0.096502,0.142961,2.761984,0.408457,1.149769
4.080734,0.310492,0.096609,0.143101,2.760764,0.412212,1.148585
4.084025,0.310461,0.096858,0.143264,2.764259,0.413792,1.144557
4.087232,0.310484,0.097076,0.143480,2.767390,0.411809,1.143293
4.091434,0.310546,0.097154,0.143654,2.759205,0.423553,1.142621
4.094441,0.310636,0.097193,0.143825,2.757191,0.426460,1.145274
4.098109,0.310721,0.097262,0.144034,2.756436,0.427528,1.146025
4.101190,0.310793,0.097231,0.144185,2.755216,0.425469,1.148418
4.103874,0.310869,0.097294,0.144315,2.754996,0.425812,1.149759
4.107208,0.310938,0.097410,0.144413,2.762576,0.417192,1.153570
4.111690,0.311024,0.097573,0.144511,2.763514,0.416611,1.154572
4.114038,0.311107,0.097628,0.144645,2.764088,0.415708,1.159143
4.117814,0.311179,0.097681,0.144782,2.764370,0.416268,1.159819
4.121227,0.311194,0.097674,0.144884,2.764431,0.417543,1.159368
4.124688,0.311260,0.097670,0.145147,2.764312,0.416815,1.162281
4.126990,0.311318,0.097638,0.145395,2.761776,0.418502,1.164902
4.131039,0.311417,0.097656,0.145597,2.761109,0.423239,1.162583
4.133941,0.311570,0.097789,0.145895,2.762498,0.420157,1.167550
4.138109,0.311728,0.097909,0.146319,2.762120,0.418408,1.175615
4.140467,0.311840,0.097999,0.146609,2.760880,0.419292,1.178416
4.143724,0.311995,0.098074,0.146921,2.760819,0.418464,1.184404
4.147063,0.312117,0.098172,0.147192,2.757117,0.416833,1.194267
4.150387,0.312226,0.098136,0.147437,2.753108,0.422742,1.190257
4.153715,0.312322,0.098136,0.147600,2.752097,0.422783,1.189544
4.157181,0.312396,0.098133,0.147753,2.749880,0.424160,1.190448
4.160385,0.312422,0.098189,0.147945,2.748955,0.424080,1.190497
4.163619,0.312500,0.098239,0.148173,2.751263,0.421680,1.188404
4.167124,0.312552,0.098418,0.148434,2.753003,0.415545,1.198744
4.170343,0.312646,0.098606,0.148678,2.753957,0.414124,1.201496
4.173620,0.312731,0.098829,0.148945,2.756680,0.409794,1.204602
4.177172,0.312824,0.099009,0.149149,2.760469,0.405715,1.206858
4.180344,0.312868,0.099260,0.149361,2.762718,0.404153,1.205189
4.183690,0.312746,0.099259,0.149330,2.763371,0.404677,1.206199
4.187016,0.312710,0.099394,0.149457,2.763512,0.407468,1.200666
4.190319,0.312672,0.099474,0.149568,2.762521,0.410301,1.198814
4.193813,0.312635,0.099555,0.149678,2.759943,0.412907,1.198730
4.197039,0.312479,0.099540,0.149650,2.758977,0.414412,1.198225
4.200297,0.312479,0.099670,0.149758,2.758776,0.416536,1.191546
4.203698,0.312621,0.099816,0.150038,2.756870,0.413364,1.201611
4.207120,0.312764,0.100064,0.150402,2.757261,0.409588,1.207878
4.210367,0.312916,0.100392,0.150810,2.758748,0.406940,1.211900
4.213703,0.313184,0.100768,0.151343,2.757443,0.404641,1.223375
4.217302,0.313464,0.101223,0.151933,2.757107,0.404157,1.233783
4.221356,0.313487,0.101565,0.152182,2.758413,0.406907,1.235768
4.223871,0.313533,0.101872,0.152379,2.758699,0.411095,1.237619
4.227181,0.313533,0.102121,0.152566,2.758111,0.415236,1.239846
4.230872,0.313492,0.102359,0.152785,2.759225,0.417944,1.239270
4.234167,0.313449,0.102617,0.153004,2.762248,0.418490,1.237937
4.244238,0.313433,0.102931,0.153322,2.766874,0.418941,1.236183
4.254001,0.313403,0.103221,0.153608,2.771301,0.418879,1.234319
4.266262,0.313365,0.103537,0.153902,2.777228,0.418092,1.231781
4.270033,0.313375,0.103896,0.154145,2.782374,0.418620,1.229607
4.277591,0.313457,0.104194,0.154380,2.784262,0.419338,1.229326
4.278675,0.313512,0.104379,0.154492,2.784352,0.420791,1.228999
4.289663,0.313580,0.104649,0.154639,2.786142,0.422704,1.224435
4.290937,0.313724,0.105011,0.154749,2.788306,0.423013,1.218320
4.310258,0.313854,0.105354,0.154790,2.790450,0.423956,1.211045
4.320298,0.313883,0.105666,0.154772,2.792560,0.425493,1.203129
4.324259,0.313930,0.105962,0.154759,2.795554,0.424059,1.194758
4.327502,0.314050,0.106122,0.154701,2.794383,0.423953,1.191189
4.334736,0.314209,0.106125,0.154634,2.791057,0.426080,1.189632
4.336879,0.314473,0.106067,0.154571,2.782068,0.434968,1.195146
4.345304,0.314804,0.106011,0.154451,2.774537,0.443976,1.200119
4.357081,0.315119,0.105964,0.154309,2.767858,0.452619,1.204333
4.358928,0.315386,0.105893,0.154004,2.764404,0.458954,1.202798
4.364270,0.315576,0.105846,0.153691,2.762567,0.463899,1.200870
4.369800,0.315670,0.105821,0.153442,2.769001,0.458632,1.192469
4.373585,0.315799,0.105782,0.153217,2.773529,0.453002,1.185384
4.377305,0.315964,0.105717,0.153009,2.775949,0.450234,1.180635
4.380353,0.316098,0.105701,0.152938,2.774909,0.450856,1.182756
4.383019,0.316274,0.105632,0.152818,2.776479,0.448471,1.178762
4.387154,0.316470,0.105492,0.152621,2.774021,0.448643,1.176874
4.390014,0.316600,0.105356,0.152435,2.772464,0.448366,1.174736
4.393164,0.316721,0.105214,0.152128,2.769725,0.449205,1.171519
4.396471,0.316900,0.105058,0.151835,2.769502,0.446510,1.167632
4.399724,0.317087,0.105018,0.151513,2.767329,0.446174,1.171605
4.403176,0.317282,0.105053,0.151254,2.769702,0.443973,1.175760
4.406435,0.317498,0.105067,0.150962,2.769757,0.441137,1.180950
4.409760,0.317705,0.105084,0.150714,2.770708,0.438373,1.184972
4.413862,0.317855,0.105125,0.150428,2.773040,0.433448,1.187230
4.416675,0.317961,0.105057,0.150146,2.774399,0.430862,1.186064
4.420764,0.318031,0.104956,0.149843,2.772618,0.428583,1.185171
4.423863,0.318098,0.104859,0.149495,2.772498,0.428127,1.184160
4.426520,0.318149,0.104703,0.149154,2.773484,0.425636,1.183684
4.430436,0.318185,0.104487,0.148837,2.773207,0.425522,1.182479
4.434184,0.318209,0.104219,0.148566,2.771292,0.423669,1.185639
4.436607,0.318230,0.103998,0.148295,2.771563,0.424216,1.184305
4.439908,0.318271,0.103973,0.147959,2.776211,0.421348,1.184727
4.444071,0.318332,0.104046,0.147657,2.783495,0.416461,1.186432
4.447300,0.318400,0.104082,0.147304,2.788220,0.413612,1.188186
4.449977,0.318548,0.104197,0.147003,2.791714,0.412443,1.189028
4.453815,0.318696,0.104237,0.146697,2.796015,0.408850,1.195892
4.456486,0.318821,0.104112,0.146528,2.796687,0.406577,1.200029
4.459848,0.318946,0.103997,0.146325,2.793545,0.406260,1.203077
4.463186,0.319017,0.103919,0.146149,2.795339,0.404727,1.206960
4.466422,0.319041,0.103873,0.145900,2.799206,0.400269,1.208858
4.469782,0.319061,0.103895,0.145667,2.800023,0.397138,1.208711
4.473231,0.319043,0.103875,0.145481,2.802934,0.395234,1.207984
4.477374,0.318942,0.103594,0.145341,2.801061,0.394319,1.205436
4.480275,0.318948,0.103332,0.145259,2.796193,0.392602,1.204998
4.483175,0.318940,0.103061,0.145219,2.793305,0.391705,1.205680
4.486465,0.318920,0.102693,0.145153,2.790345,0.391450,1.204594
4.489615,0.318912,0.102341,0.144997,2.784865,0.390499,1.203795
4.493074,0.318976,0.102225,0.144807,2.786925,0.385047,1.207095
4.496362,0.318992,0.102124,0.144526,2.789808,0.381117,1.207156
4.499633,0.318991,0.101956,0.144239,2.791302,0.377911,1.206325
4.503017,0.319033,0.101878,0.143945,2.793015,0.371280,1.209876
4.506439,0.319104,0.101828,0.143688,2.797779,0.365636,1.210507
4.510609,0.319146,0.101785,0.143479,2.801002,0.363277,1.208944
4.513083,0.319215,0.101788,0.143334,2.807495,0.358878,1.208205
4.516296,0.319308,0.101918,0.143070,2.813047,0.355086,1.212515
4.519625,0.319407,0.101893,0.142809,2.817802,0.357155,1.206831
4.522947,0.319463,0.101829,0.142604,2.820536,0.354028,1.205427
4.526443,0.319606,0.101697,0.142520,2.821219,0.350936,1.207264
4.530036,0.319765,0.101450,0.142448,2.816253,0.351156,1.210332
4.533305,0.319951,0.101057,0.142508,2.813338,0.349645,1.207540
4.537131,0.320105,0.100571,0.142569,2.810306,0.346338,1.210842
4.558707,0.320499,0.100048,0.142688,2.808167,0.343861,1.218066
4.566616,0.320820,0.099588,0.142690,2.805702,0.346418,1.225682
4.572899,0.321050,0.099007,0.142489,2.809060,0.346245,1.222237
4.576582,0.321230,0.098455,0.142280,2.802187,0.354609,1.224650
4.583513,0.321434,0.097975,0.142009,2.794210,0.362320,1.235507
4.585433,0.321510,0.097411,0.141675,2.788678,0.370314,1.233453
4.595324,0.321588,0.096803,0.141298,2.784198,0.372866,1.230986
4.597177,0.321902,0.096206,0.141043,2.779441,0.371759,1.242407
4.616334,0.322263,0.095603,0.140749,2.781685,0.365624,1.249250
4.629356,0.322633,0.095165,0.140577,2.790954,0.343077,1.256259
4.636346,0.323520,0.094196,0.140498,2.790186,0.333666,1.267735
4.639392,0.323635,0.093622,0.140234,2.793427,0.323112,1.270127
4.647978,0.323709,0.093102,0.140032,2.793370,0.316510,1.268752
4.659712,0.323802,0.092417,0.139768,2.796954,0.303376,1.265759
4.660861,0.323772,0.091881,0.139388,2.796275,0.304749,1.257076
4.669001,0.323818,0.091466,0.139029,2.809050,0.281804,1.255733
4.678486,0.323974,0.091281,0.139024,2.815523,0.271913,1.259455
4.681708,0.324197,0.091045,0.138751,2.818688,0.260487,1.259377
4.684836,0.324390,0.090977,0.138533,2.822414,0.253534,1.262786
4.688049,0.324561,0.090917,0.138304,2.826845,0.249197,1.267357
4.691427,0.324619,0.090707,0.138152,2.819944,0.258763,1.264561
4.694888,0.324678,0.090521,0.137946,2.815859,0.257451,1.262503
4.698570,0.324665,0.090401,0.137984,2.816538,0.257114,1.264420
4.701545,0.324638,0.090292,0.138002,2.814323,0.256934,1.265473
4.704843,0.324607,0.090206,0.137949,2.810042,0.255807,1.263388
4.708320,0.324665,0.090231,0.137853,2.810628,0.254667,1.265971
4.712003,0.324723,0.090296,0.137709,2.810971,0.253003,1.271822
4.715223,0.324717,0.090368,0.137565,2.811132,0.250468,1.274312
4.718369,0.324705,0.090436,0.137434,2.811324,0.249451,1.275606
4.721879,0.324673,0.090512,0.137383,2.812895,0.248193,1.278234
4.725691,0.324695,0.090594,0.137321,2.814716,0.242728,1.282872
4.728687,0.324736,0.090633,0.137313,2.814612,0.243161,1.285185
4.731764,0.324850,0.090663,0.137305,2.812399,0.244001,1.290086
4.735128,0.324974,0.090705,0.137273,2.814992,0.236256,1.294070
4.738487,0.325104,0.090736,0.137197,2.814342,0.233467,1.298251
4.742151,0.325142,0.090774,0.137118,2.812581,0.235086,1.298760
4.744910,0.325072,0.090898,0.137037,2.817288,0.225833,1.296656
4.748714,0.325015,0.091089,0.136997,2.825802,0.214412,1.293826
4.751940,0.324994,0.091293,0.136943,2.826867,0.212429,1.295695
4.754868,0.325010,0.091519,0.136921,2.832997,0.203214,1.295318
4.758510,0.324989,0.091782,0.136879,2.839031,0.194588,1.296680
4.762013,0.325096,0.091965,0.136819,2.842839,0.190004,1.296893
4.765046,0.325188,0.092068,0.136734,2.842460,0.187886,1.300155
4.768590,0.325249,0.092150,0.136654,2.844747,0.185246,1.300748
4.771750,0.325256,0.092146,0.136497,2.837714,0.192787,1.300952
4.774941,0.325354,0.092058,0.136367,2.839994,0.192453,1.297492
4.778364,0.325400,0.091981,0.136224,2.836012,0.195814,1.302198
4.781851,0.325486,0.091897,0.136101,2.834176,0.199170,1.303471
4.785210,0.325516,0.091910,0.136080,2.834747,0.195895,1.305414
4.788601,0.325519,0.092017,0.136162,2.847620,0.180999,1.302157
4.791840,0.325469,0.092133,0.136200,2.852507,0.169623,1.301790
4.795201,0.325457,0.092015,0.136150,2.846978,0.167744,1.309788
4.798651,0.325627,0.091781,0.136126,2.844055,0.170047,1.305939
4.801737,0.325836,0.091445,0.136036,2.835954,0.177843,1.309928
4.805479,0.326111,0.091111,0.135803,2.822275,0.189221,1.323909
4.808246,0.326387,0.090847,0.135628,2.810458,0.204388,1.331936
4.812245,0.326649,0.090743,0.135548,2.812374,0.208923,1.330653
4.815127,0.326819,0.090755,0.135530,2.809896,0.205650,1.347954
4.818699,0.326993,0.090703,0.135439,2.809078,0.206568,1.358960
4.822261,0.327075,0.090576,0.135461,2.809903,0.206616,1.362823
4.825083,0.327172,0.090440,0.135411,2.807739,0.205583,1.368971
4.828500,0.327231,0.090270,0.135404,2.809748,0.204002,1.373778
4.831923,0.327120,0.090026,0.135358,2.809238,0.205959,1.370666
4.834903,0.327065,0.089794,0.135393,2.812646,0.196402,1.364674
4.838583,0.327045,0.089568,0.135444,2.812983,0.192637,1.364245
4.841755,0.327008,0.089287,0.135499,2.813304,0.189072,1.365469
4.845752,0.326961,0.089062,0.135577,2.812212,0.184306,1.365891
4.848654,0.326856,0.088962,0.135537,2.817510,0.179545,1.360171
4.852051,0.326692,0.088937,0.135502,2.820064,0.182386,1.356014
4.855079,0.326695,0.088979,0.135313,2.823294,0.180492,1.356849
4.858797,0.326760,0.089043,0.135096,-2.825100,-0.176916,-1.359249
4.875634,0.326844,0.089146,0.134826,-2.821544,-0.172239,-1.360185
4.887434,0.326975,0.089009,0.134605,-2.816054,-0.171720,-1.371749
4.891659,0.327095,0.088825,0.134360,-2.812498,-0.170060,-1.382593
4.900800,0.327065,0.088569,0.134231,2.813658,0.169770,1.386403
4.903936,0.327036,0.088364,0.134154,2.806285,0.169987,1.386644
4.906979,0.327037,0.088066,0.134031,2.803841,0.170505,1.387381
4.913978,0.327113,0.088155,0.134005,2.801934,0.169614,1.387109
4.916544,0.327247,0.088360,0.134135,2.805650,0.164878,1.393019
4.925506,0.327377,0.088595,0.134280,2.809040,0.160718,1.387490
4.926783,0.327445,0.088751,0.134349,2.814269,0.158116,1.381725
4.960018,0.327482,0.088946,0.134207,2.816447,0.158396,1.366701
4.964023,0.327393,0.088870,0.134051,2.822460,0.157537,1.352514
4.970845,0.327452,0.088941,0.134093,2.822794,0.158856,1.337213
4.972517,0.327676,0.089035,0.134230,2.818620,0.165016,1.337802
4.982509,0.327952,0.089215,0.134424,2.813139,0.170899,1.337487
4.996727,0.328314,0.089451,0.134625,2.814189,0.167160,1.341319
5.006546,0.328698,0.089795,0.134846,2.810126,0.173261,1.342161
5.010557,0.328905,0.090013,0.134942,2.804536,0.182916,1.344756
5.013332,0.328932,0.090222,0.134965,2.806486,0.185047,1.335563
5.017411,0.328930,0.090396,0.134925,2.810282,0.187794,1.322883
5.020339,0.328883,0.090580,0.134826,2.805133,0.200820,1.318426
5.024006,0.328860,0.090694,0.134644,2.808502,0.202677,1.310349
5.027592,0.328866,0.090825,0.134493,2.813193,0.204481,1.295367
5.030722,0.328942,0.090937,0.134403,2.810730,0.211060,1.293018
5.033895,0.329055,0.091061,0.134322,2.811907,0.214467,1.289604
5.037231,0.329207,0.091126,0.134276,2.814148,0.216861,1.281286
5.040586,0.329443,0.091195,0.134329,2.811320,0.220794,1.283247
5.044165,0.329851,0.091244,0.134430,2.807942,0.223534,1.291479
5.047518,0.330219,0.091347,0.134489,2.809061,0.221088,1.296025
5.050670,0.330486,0.091449,0.134554,2.809046,0.220920,1.299938
5.053478,0.330748,0.091553,0.134616,2.809410,0.220050,1.302418
5.056731,0.330876,0.091612,0.134652,2.811090,0.219071,1.303085
5.059841,0.330907,0.091635,0.134740,2.813004,0.218991,1.298567
5.063581,0.331191,0.091120,0.135615,2.804132,0.211076,1.305848
5.066668,0.331595,0.090538,0.136581,2.794086,0.203761,1.315503
5.070111,0.331948,0.090095,0.137517,2.781268,0.198205,1.334101
5.073412,0.332147,0.090012,0.137756,2.779005,0.200440,1.332501
5.077110,0.332281,0.090041,0.137908,2.779297,0.201252,1.329339
5.080134,0.332223,0.090549,0.137319,2.788902,0.210086,1.321050
5.083911,0.332127,0.091093,0.136663,2.798343,0.217452,1.308984
5.087252,0.332087,0.091491,0.136030,2.809126,0.223130,1.288400
5.090170,0.332256,0.091540,0.136030,2.810716,0.223054,1.289189
5.093524,0.332419,0.091579,0.136039,2.812065,0.222696,1.286181
5.096637,0.332508,0.091661,0.135937,2.815973,0.225049,1.273627
5.100472,0.332567,0.091751,0.135825,2.818323,0.227826,1.269142
5.103585,0.332661,0.091860,0.135742,2.820554,0.231431,1.264523
5.106949,0.332795,0.091996,0.135753,2.820670,0.233763,1.261574
5.110506,0.332939,0.092033,0.135853,2.821031,0.237829,1.260105
5.113058,0.333128,0.092080,0.135917,2.815354,0.242485,1.255490
5.117172,0.333358,0.092212,0.135939,2.813981,0.247166,1.254732
5.119752,0.333563,0.092336,0.135907,2.812070,0.251763,1.257769
5.123897,0.333742,0.092418,0.135836,2.813612,0.255169,1.251445
5.126900,0.333942,0.092643,0.135652,2.815105,0.254778,1.252515
5.130019,0.334118,0.092817,0.135587,2.820219,0.252766,1.260216
5.133643,0.334298,0.092894,0.135577,2.819359,0.252744,1.262237
5.137125,0.334473,0.092934,0.135590,2.820113,0.252261,1.260520
5.140303,0.334594,0.092984,0.135595,2.818564,0.252333,1.262059
5.144525,0.334687,0.092887,0.135620,2.816162,0.256403,1.259949
5.147364,0.334790,0.092846,0.135643,2.813697,0.259418,1.255684
5.150522,0.334848,0.092817,0.135654,2.812317,0.262631,1.252228
5.153623,0.334919,0.092968,0.135732,2.815988,0.260177,1.249041
5.157053,0.335005,0.093151,0.135769,2.820362,0.256601,1.248306
5.160484,0.335089,0.093397,0.135773,2.825042,0.252777,1.247492
5.163863,0.335170,0.093706,0.135816,2.827795,0.252288,1.245208
5.166731,0.335255,0.093913,0.135799,2.832936,0.248967,1.245704
5.170188,0.335327,0.093973,0.135701,2.831128,0.251890,1.244314
5.173444,0.335367,0.093958,0.135620,2.831404,0.255595,1.240950
5.177054,0.335395,0.093943,0.135543,2.830297,0.256535,1.236507
5.180647,0.335429,0.094062,0.135532,2.835448,0.255593,1.234626
5.185703,0.335549,0.094399,0.135667,2.834241,0.258523,1.231874
5.204715,0.335717,0.094741,0.135884,2.835143,0.261405,1.230413
5.216146,0.335831,0.095185,0.136160,2.832846,0.265534,1.233360
5.220968,0.336018,0.095623,0.136518,2.833602,0.270275,1.232897
5.226047,0.336297,0.095858,0.136927,2.829770,0.272717,1.241465
5.235019,0.336517,0.096014,0.137324,2.827523,0.278015,1.244633
5.245296,0.336695,0.096170,0.137625,2.827086,0.281183,1.249496
5.248604,0.337021,0.096696,0.137995,2.834254,0.279837,1.254078
5.266756,0.337236,0.097238,0.138271,2.840188,0.280921,1.259198
5.277146,0.337324,0.097732,0.138390,2.846414,0.282814,1.255600
5.281996,0.337376,0.098173,0.138437,2.856381,0.279034,1.254622
5.283617,0.337319,0.098383,0.138720,2.858292,0.280693,1.248405
5.287338,0.337176,0.098106,0.138954,2.852765,0.285663,1.241879
5.292298,0.337092,0.097778,0.139283,2.846625,0.289090,1.238143
5.297011,0.337199,0.097329,0.139808,2.833708,0.298095,1.232648
5.306958,0.337265,0.096781,0.140466,2.827340,0.295203,1.229599
5.317777,0.337432,0.096444,0.140930,2.826006,0.290716,1.231045
5.326797,0.337635,0.096137,0.141393,2.825718,0.284565,1.231716
5.330436,0.337872,0.095850,0.141869,2.825404,0.276752,1.234359
5.333872,0.337918,0.095684,0.142194,2.833381,0.262912,1.237032
5.337443,0.338045,0.095610,0.142446,2.833035,0.261574,1.238683
5.340637,0.338201,0.095512,0.142761,2.833732,0.257884,1.241092
5.343763,0.338329,0.095430,0.143052,2.834829,0.256699,1.241526
5.346919,0.338425,0.095333,0.143316,2.833782,0.257917,1.240999
5.350647,0.338769,0.095309,0.143838,2.831148,0.258813,1.248507
5.353855,0.339105,0.095299,0.144337,2.828940,0.259437,1.254828
5.357246,0.339406,0.095308,0.144762,2.826783,0.260266,1.261487
5.360521,0.339517,0.095146,0.144998,2.823575,0.263438,1.261894
5.363950,0.339606,0.095014,0.145178,2.822235,0.267120,1.260528
5.367296,0.339613,0.094672,0.145185,2.820303,0.269123,1.258947
5.370639,0.339562,0.094199,0.145133,2.816708,0.273581,1.251664
5.374424,0.339498,0.093729,0.145097,2.814219,0.277512,1.241844
5.376953,0.339624,0.093485,0.145237,2.813543,0.276933,1.239176
5.380867,0.339730,0.093215,0.145440,2.810694,0.277975,1.238093
5.384151,0.339700,0.093032,0.145540,2.810970,0.280177,1.229113
5.387553,0.339690,0.092981,0.145688,2.812912,0.280506,1.225826
5.390171,0.339764,0.092861,0.145976,2.812807,0.280416,1.225656
5.394203,0.339814,0.092693,0.146307,2.810594,0.283631,1.224881
5.397464,0.339906,0.092530,0.146616,2.810245,0.284003,1.224483
5.400862,0.339946,0.092360,0.146956,2.807858,0.287274,1.224390
5.404188,0.339977,0.092129,0.147290,2.805403,0.289748,1.223547
5.407458,0.339948,0.091943,0.147535,2.804145,0.292043,1.220970
5.410836,0.339944,0.091699,0.147771,2.805514,0.288691,1.221177
5.413968,0.339955,0.091395,0.148078,2.804258,0.289412,1.219072
5.416808,0.339976,0.091060,0.148412,2.802724,0.289038,1.218190
5.420445,0.340008,0.090729,0.148788,2.800490,0.290161,1.218661
5.424129,0.340061,0.090405,0.149127,2.799173,0.290780,1.218269
5.427052,0.340082,0.090086,0.149444,2.796047,0.293793,1.216397
5.430073,0.340147,0.089702,0.149749,2.795751,0.289246,1.216757
5.433958,0.340210,0.089360,0.150062,2.795713,0.286522,1.218061
5.437243,0.340335,0.089045,0.150386,2.796007,0.281973,1.219824
5.440617,0.340416,0.088760,0.150743,2.797177,0.278120,1.224072
5.444132,0.340564,0.088499,0.151134,2.799131,0.273260,1.228245
5.447438,0.340624,0.088307,0.151506,2.801624,0.268642,1.232447
5.450815,0.340614,0.087636,0.151929,2.796785,0.269668,1.233075
5.454289,0.340501,0.086808,0.152415,2.793892,0.274011,1.230490
5.457503,0.340421,0.085845,0.152807,2.785109,0.280717,1.227006
5.460746,0.340302,0.084806,0.153220,2.773923,0.291361,1.222789
5.464266,0.340221,0.083830,0.153575,2.765240,0.302192,1.217472
5.467544,0.340241,0.083371,0.153790,2.763593,0.305958,1.214893
5.470927,0.340480,0.083548,0.153909,2.770816,0.295015,1.222667
5.473881,0.340755,0.083838,0.154080,2.783361,0.281210,1.229332
5.477745,0.340922,0.083981,0.154298,2.791676,0.268800,1.234229
5.481085,0.341111,0.084070,0.154614,2.796248,0.258927,1.240995
5.484318,0.341391,0.084071,0.155029,2.797756,0.251442,1.249684
5.491489,0.341474,0.083531,0.155471,2.794393,0.249784,1.249088
5.495762,0.341498,0.082941,0.156037,2.791474,0.246139,1.248455
5.500032,0.341841,0.081988,0.156870,2.784324,0.249441,1.254481
5.513333,0.342177,0.081004,0.157788,2.772872,0.254941,1.254040
5.528161,0.342490,0.079894,0.158704,2.768094,0.257678,1.258907
5.531485,0.342847,0.078881,0.159560,2.759782,0.263597,1.264123
5.533405,0.343159,0.077032,0.160853,2.742777,0.272546,1.265432
5.544919,0.343306,0.075793,0.161758,2.733598,0.273755,1.260287
5.561057,0.343375,0.074488,0.162431,2.741631,0.266680,1.267808
5.565607,0.343358,0.072632,0.163442,2.735903,0.261375,1.260482
5.585008,0.343339,0.070727,0.164559,2.730184,0.262828,1.253233
5.595345,0.343383,0.069663,0.165203,2.732443,0.261697,1.254751
5.599512,0.343479,0.068741,0.165928,2.736306,0.255648,1.253110
5.602075,0.343857,0.067835,0.166718,2.731089,0.255005,1.251625
5.609761,0.344258,0.067715,0.167027,2.735284,0.251022,1.261977
5.620111,0.344581,0.067339,0.167278,2.744940,0.235393,1.264565
5.629381,0.344847,0.066976,0.167532,2.755654,0.223645,1.263209
5.632620,0.345363,0.066288,0.168057,2.760932,0.211991,1.277206
5.638381,0.345619,0.065734,0.168583,2.759033,0.208071,1.283327
5.642685,0.345844,0.065054,0.169103,2.759830,0.204164,1.283498
5.646205,0.345967,0.064407,0.169331,2.756406,0.206009,1.283945
5.649459,0.346140,0.063763,0.169392,2.750074,0.206760,1.285202
5.652908,0.345965,0.063288,0.169078,2.749360,0.209690,1.276437
5.656593,0.345802,0.062824,0.168721,2.754641,0.204167,1.266854
5.660474,0.345626,0.062385,0.168432,2.759533,0.202719,1.257746
5.662629,0.345607,0.061946,0.168403,2.758732,0.203958,1.254107
5.666705,0.345612,0.061490,0.168478,2.757941,0.208630,1.248015
5.669766,0.345657,0.061051,0.168574,2.758858,0.210486,1.244094
5.672831,0.345764,0.060468,0.168642,2.756192,0.214747,1.241454
5.676575,0.345902,0.059899,0.168720,2.751673,0.216769,1.241065
5.680719,0.346064,0.059584,0.168820,2.752020,0.219137,1.241879
5.683736,0.346359,0.059260,0.168962,2.750254,0.219482,1.248284
5.686202,0.346627,0.058863,0.169157,2.744664,0.221144,1.253064
5.690790,0.346743,0.058336,0.169545,2.738384,0.225991,1.253794
5.693361,0.346870,0.057808,0.169900,2.733751,0.229539,1.252600
5.696995,0.346983,0.057308,0.170196,2.725551,0.233637,1.253013
5.700297,0.347038,0.056954,0.170370,2.725307,0.232326,1.249507
5.703824,0.347150,0.056703,0.170515,2.725311,0.234928,1.248256
5.706993,0.347338,0.056722,0.170519,2.727421,0.233704,1.251013
5.709703,0.347422,0.056723,0.170489,2.730441,0.232108,1.252132
5.713621,0.347495,0.056713,0.170483,2.735141,0.229218,1.252672
5.717000,0.347434,0.056601,0.170592,2.739923,0.221845,1.252929
5.720283,0.347500,0.056370,0.170828,2.738029,0.222701,1.255092
5.723698,0.347590,0.056092,0.171074,2.736606,0.223819,1.256861
5.727040,0.347759,0.055830,0.171327,2.733151,0.226028,1.259837
5.730368,0.347890,0.055533,0.171523,2.731494,0.227155,1.262440
5.733956,0.347934,0.055088,0.171520,2.725989,0.233707,1.260690
5.736882,0.347743,0.054707,0.171443,2.730587,0.233390,1.252820
5.740446,0.347613,0.054307,0.171516,2.730014,0.233524,1.249983
5.743754,0.347496,0.053981,0.171623,2.734936,0.231053,1.247890
5.746905,0.347436,0.053739,0.171769,2.735230,0.234110,1.241901
5.750479,0.347497,0.053513,0.171959,2.738492,0.229202,1.248161
5.753474,0.347626,0.053464,0.172091,2.738413,0.225767,1.250947
5.756892,0.347680,0.053489,0.172040,2.749490,0.213768,1.249987
5.759832,0.347849,0.053457,0.172078,2.754692,0.202458,1.252517
5.763707,0.347976,0.053336,0.172181,2.760543,0.186678,1.261698
5.766763,0.348006,0.053012,0.172243,2.760480,0.186302,1.255297
5.770334,0.348004,0.052548,0.172272,2.761301,0.183450,1.256658
5.773637,0.348142,0.052039,0.172339,2.758987,0.182011,1.259443
5.776869,0.348079,0.051390,0.172479,2.752976,0.190834,1.255551
5.780458,0.348077,0.050729,0.172665,2.747995,0.198893,1.252261
5.783948,0.348152,0.050313,0.172975,2.744110,0.203575,1.254514
5.787109,0.348197,0.049786,0.173287,2.739954,0.206323,1.253618
5.789828,0.348077,0.049193,0.173591,2.732324,0.216036,1.250721
5.793691,0.348050,0.048769,0.173788,2.727653,0.220904,1.252497
5.796611,0.348089,0.048345,0.173933,2.728019,0.219063,1.251100
5.799607,0.348163,0.047957,0.174066,2.726379,0.217303,1.255200
5.803651,0.348248,0.047606,0.174194,2.727586,0.214120,1.257623
5.807018,0.348313,0.047391,0.174248,2.728248,0.213762,1.256733
5.810028,0.348365,0.047238,0.174204,2.731907,0.208905,1.259112
5.813881,0.348316,0.047140,0.174107,2.733275,0.211573,1.261047
5.817163,0.348371,0.047062,0.173964,2.736308,0.209750,1.258122
5.820308,0.348431,0.046963,0.173789,2.739803,0.208849,1.258515
5.823538,0.348480,0.046788,0.173614,2.746313,0.203869,1.257648
5.826934,0.348507,0.046541,0.173534,2.750548,0.198971,1.253777
5.830533,0.348549,0.046267,0.173449,2.752654,0.193541,1.252512
5.833633,0.348482,0.046025,0.173409,2.755480,0.191807,1.252713
5.837212,0.348424,0.045816,0.173461,2.759417,0.180678,1.251197
5.840620,0.348415,0.045647,0.173570,2.761262,0.170052,1.254680
5.845539,0.348535,0.045430,0.173662,2.759069,0.173672,1.254204
5.847977,0.348795,0.045177,0.173808,2.765149,0.165252,1.262261
5.862806,0.349192,0.044893,0.174009,2.766968,0.161911,1.268035
5.876553,0.349891,0.043968,0.174105,2.769027,0.163968,1.271395
5.879745,0.350053,0.043270,0.174042,2.768142,0.171854,1.270120
5.888594,0.350003,0.042413,0.173998,2.772214,0.161788,1.270200
5.898931,0.349731,0.041351,0.174133,2.768789,0.161621,1.263067
5.921193,0.349495,0.040504,0.174337,2.773182,0.153256,1.258578
5.931779,0.349194,0.039264,0.174326,2.766901,0.155402,1.251625
5.936125,0.348955,0.038294,0.174349,2.768821,0.147903,1.246676
5.938584,0.348822,0.037425,0.174286,2.765008,0.148387,1.247247
5.942759,0.348799,0.036784,0.174066,2.762838,0.150915,1.241746
5.945623,0.348697,0.036110,0.173839,2.761029,0.152946,1.241690
5.949795,0.348800,0.035361,0.173768,2.760538,0.150635,1.238585
5.958348,0.348844,0.034606,0.173885,2.748808,0.163687,1.235752
5.969307,0.348825,0.033848,0.173973,2.749231,0.162438,1.235846
5.971576,0.348672,0.032990,0.173892,2.746135,0.164799,1.232009
5.981958,0.348407,0.031889,0.173855,2.736969,0.175709,1.216403
5.987249,0.348010,0.031213,0.173944,2.733044,0.184163,1.209629
5.992590,0.347785,0.030562,0.173908,2.734485,0.178027,1.205814
5.995116,0.347527,0.029901,0.173974,2.725181,0.175818,1.201714
5.998790,0.347422,0.029363,0.174156,2.721416,0.180721,1.197550
6.002295,0.347514,0.029135,0.174316,2.725805,0.170789,1.204726
6.005759,0.347711,0.029060,0.174407,2.724182,0.168323,1.208970
6.008693,0.347743,0.028852,0.174573,2.724645,0.167120,1.214494
6.011807,0.347775,0.028575,0.174717,2.726376,0.174733,1.209711
6.015378,0.347746,0.028314,0.174842,2.724215,0.174189,1.212065
6.019102,0.347792,0.028208,0.174722,2.719780,0.178922,1.211390
6.021909,0.347758,0.027984,0.174617,2.724532,0.175245,1.213915
6.025213,0.347750,0.027882,0.174498,2.724004,0.156197,1.224698
6.028554,0.347768,0.027955,0.174414,2.729611,0.152434,1.224860
6.032093,0.347779,0.027978,0.174306,2.739925,0.142549,1.227222
6.036328,0.347976,0.027490,0.175132,2.743084,0.121375,1.237674
6.038730,0.348130,0.026718,0.175850,2.735838,0.113284,1.244815
6.041570,0.348310,0.025995,0.176488,2.734379,0.122448,1.237923
6.045529,0.348420,0.025389,0.177038,2.733485,0.100386,1.250798
6.048184,0.348544,0.024950,0.177361,2.728238,0.101862,1.257253
6.052490,0.348320,0.024737,0.176906,2.723763,0.116634,1.248920
6.055868,0.348017,0.024718,0.176538,2.730505,0.126025,1.235290
6.059064,0.347689,0.024592,0.176159,2.731814,0.133577,1.225614
6.065696,0.347490,0.023760,0.175628,2.729015,0.148198,1.215887
6.068949,0.347531,0.023466,0.175517,2.729740,0.142628,1.213100
6.075379,0.347877,0.023284,0.175383,2.731242,0.146555,1.206539
6.078987,0.347910,0.023228,0.175257,2.735560,0.133952,1.211310
6.082554,0.347963,0.023372,0.175288,2.738464,0.128732,1.213842
6.085189,0.348069,0.023193,0.175343,2.746003,0.123234,1.219062
6.088416,0.348172,0.023011,0.175403,2.742306,0.126725,1.219515
6.091754,0.348285,0.022702,0.175406,2.740662,0.122550,1.225826
6.095701,0.348424,0.022591,0.175490,2.726596,0.134823,1.231699
6.098814,0.348612,0.022025,0.175854,2.724733,0.135301,1.234855
6.101753,0.348653,0.021692,0.176244,2.711389,0.150430,1.230285
6.105106,0.348694,0.021344,0.176620,2.707078,0.158384,1.227453
6.108553,0.348600,0.020998,0.176902,2.703106,0.163971,1.221342
6.112293,0.348512,0.020681,0.177198,2.709306,0.158687,1.216273
6.115243,0.348402,0.020540,0.177214,2.707838,0.162901,1.214469
6.118363,0.348335,0.020364,0.177179,2.706828,0.163671,1.215141
6.122540,0.348346,0.020139,0.177200,2.706537,0.161579,1.210027
6.125115,0.348323,0.019772,0.177129,2.706087,0.162316,1.215859
6.128424,0.348322,0.019331,0.177083,2.702238,0.167081,1.211899
6.131753,0.348238,0.018955,0.176922,2.698678,0.168957,1.208720
6.135416,0.348177,0.018761,0.176848,2.703043,0.166149,1.206815
6.138433,0.348103,0.018694,0.176578,2.707429,0.162182,1.210472
6.141822,0.348198,0.018763,0.176490,2.711710,0.157625,1.208547
6.145688,0.348253,0.018825,0.176367,2.708357,0.146517,1.221079
6.148948,0.348321,0.018852,0.176316,2.713360,0.142225,1.223008
6.152388,0.348377,0.018789,0.176223,2.716328,0.138313,1.221997
6.155771,0.348445,0.018615,0.176381,2.714931,0.141594,1.222200
6.158411,0.348526,0.018438,0.176597,2.718481,0.135095,1.225643
6.162425,0.348601,0.018300,0.176798,2.725782,0.141088,1.218962
6.165774,0.348601,0.017974,0.177004,2.724220,0.144544,1.216669
6.171829,0.348620,0.017548,0.177263,2.723951,0.150003,1.213241
6.188401,0.348498,0.016992,0.177547,2.726922,0.147647,1.208599
6.191268,0.348353,0.016411,0.177787,2.722829,0.156896,1.202297
6.199651,0.348257,0.015873,0.178035,2.721778,0.161268,1.197423
6.206006,0.348242,0.015515,0.178248,2.721835,0.162086,1.198642
6.208743,0.348237,0.015245,0.178375,2.720219,0.159719,1.200274
6.212873,0.348271,0.015082,0.178415,2.717126,0.162412,1.202204
6.219008,0.348366,0.014923,0.178537,2.717009,0.163047,1.203400
6.222081,0.348495,0.014632,0.178782,2.717735,0.161020,1.207483
6.232594,0.348703,0.014222,0.179134,2.718772,0.152427,1.212089
6.253515,0.348873,0.013803,0.179531,2.719956,0.146918,1.216518
6.265252,0.349014,0.013382,0.179861,2.722505,0.140213,1.218212
6.269756,0.349100,0.012950,0.180083,2.723457,0.138350,1.217963
6.272558,0.349132,0.012587,0.180288,2.724248,0.138539,1.215617
6.281425,0.349073,0.012363,0.180349,2.724411,0.144734,1.212204
6.292663,0.349103,0.012010,0.180577,2.722370,0.149767,1.209545
6.293859,0.349172,0.011667,0.180862,2.721002,0.153930,1.211849
6.302565,0.349311,0.011408,0.181207,2.719753,0.153081,1.215840
6.305367,0.349510,0.011186,0.181474,2.719926,0.150921,1.223806
6.309077,0.349748,0.011125,0.181703,2.720730,0.149114,1.229277
6.316117,0.349862,0.011115,0.181675,2.732139,0.134535,1.235742
6.319301,0.349986,0.011124,0.181595,2.735358,0.131373,1.237535
6.322744,0.350066,0.011053,0.181526,2.738737,0.129247,1.239397
6.325906,0.350039,0.010823,0.181503,2.739163,0.129685,1.234331
6.329410,0.349963,0.010401,0.181631,2.734979,0.128283,1.233147
6.332748,0.349939,0.010018,0.181843,2.725815,0.138753,1.232037
6.336188,0.349921,0.009660,0.182069,2.723246,0.139629,1.231206
6.339225,0.349928,0.009299,0.182357,2.719614,0.138005,1.233278
6.342749,0.349975,0.009118,0.182587,2.716987,0.135437,1.237830
6.346102,0.350003,0.008901,0.182830,2.719402,0.134074,1.238832
6.349763,0.350056,0.008712,0.183097,2.718810,0.132622,1.240624
6.352855,0.350103,0.008537,0.183389,2.718269,0.129286,1.246783
6.356164,0.349999,0.008215,0.183536,2.719505,0.128957,1.243128
6.359746,0.349882,0.007812,0.183653,2.721830,0.125952,1.236485
6.362741,0.349786,0.007404,0.183678,2.721766,0.123194,1.235431
6.365634,0.349602,0.006908,0.183749,2.721221,0.121635,1.230587
6.369405,0.349367,0.006319,0.183811,2.719968,0.118414,1.222308
6.373894,0.349235,0.005928,0.183921,2.718428,0.114140,1.219920
6.375821,0.349084,0.005538,0.184097,2.716907,0.112876,1.222627
6.379536,0.348992,0.005207,0.184240,2.717295,0.111400,1.219038
6.382655,0.348918,0.004893,0.184341,2.717416,0.108789,1.217230
6.386025,0.348874,0.004624,0.184474,2.713897,0.120996,1.209930
6.389376,0.348789,0.004171,0.184609,2.716106,0.120466,1.205558
6.392451,0.348659,0.003818,0.184591,2.716333,0.119891,1.200508
6.395966,0.348100,0.003127,0.184254,2.719208,0.114018,1.189144
6.399524,0.347577,0.002527,0.183878,2.725180,0.108360,1.174504
6.402025,0.347530,0.002206,0.184058,2.729829,0.093038,1.181811
6.406001,0.347555,0.002128,0.184303,2.731987,0.085439,1.189724
6.409607,0.347642,0.002016,0.184699,2.732744,0.084442,1.192191
6.416260,0.348522,0.002374,0.186078,2.736682,0.080591,1.201202
6.419017,0.348558,0.002288,0.186211,2.730851,0.084322,1.218126
6.422280,0.348567,0.002132,0.186260,2.731481,0.085368,1.218424
6.425935,0.348415,0.001557,0.186420,2.724669,0.092824,1.212322
6.429401,0.348277,0.001059,0.186618,2.721096,0.092468,1.208165
6.432269,0.348160,0.000541,0.186780,2.711378,0.102430,1.207698
6.435596,0.347955,0.000023,0.187003,2.710894,0.102112,1.200889
6.438930,0.347736,-0.000580,0.187198,2.707712,0.101397,1.195271
6.442816,0.347715,-0.000758,0.187256,2.708992,0.100251,1.195128
6.446254,0.347696,-0.000933,0.187309,2.710456,0.099542,1.198220
6.449443,0.347603,-0.001175,0.187341,2.713580,0.090359,1.199186
6.452803,0.347467,-0.001553,0.187311,2.711293,0.089406,1.198996
6.456174,0.347326,-0.001887,0.187337,2.714177,0.082889,1.200104
6.459470,0.347185,-0.002263,0.187433,2.712919,0.079799,1.203746
6.462435,0.347036,-0.002678,0.187521,2.711024,0.076465,1.205886
6.466160,0.346964,-0.002999,0.187641,2.707984,0.079594,1.204266
6.469534,0.346948,-0.003257,0.187795,2.708789,0.076385,1.211171
6.472865,0.346922,-0.003555,0.188004,2.705657,0.079033,1.213812
6.476306,0.346891,-0.003809,0.188141,2.705818,0.082568,1.207714
6.479595,0.346942,-0.004010,0.188238,2.706105,0.082700,1.204614
6.483043,0.347023,-0.004231,0.188338,2.705781,0.082659,1.209270
6.485806,0.347152,-0.004416,0.188486,2.704262,0.086327,1.208413
6.489096,0.347289,-0.004553,0.188597,2.704399,0.087654,1.211523
6.493001,0.347363,-0.004799,0.188805,2.704892,0.084741,1.217979
6.495944,0.347319,-0.005158,0.189180,2.705282,0.093019,1.213621
6.499600,0.347214,-0.005520,0.189582,2.703175,0.097379,1.211574
6.505519,0.346998,-0.005984,0.189815,2.709393,0.088387,1.210459
6.507571,0.346768,-0.006599,0.189952,2.710919,0.077098,1.218040
6.525248,0.346865,-0.007873,0.190303,2.708505,0.053669,1.234609
6.535516,0.347005,-0.008542,0.190479,2.715783,0.031119,1.249927
6.538788,0.347105,-0.008867,0.190398,2.724006,0.014682,1.258555
6.546068,0.346902,-0.009844,0.190304,2.715494,0.022931,1.254640
6.556139,0.346504,-0.010436,0.190084,2.712917,0.035271,1.243389
6.567793,0.346181,-0.011048,0.189887,2.722543,0.046594,1.223199
6.570098,0.346021,-0.011995,0.189982,2.723312,0.049766,1.212753
6.591783,0.345876,-0.013056,0.190072,2.727206,0.046321,1.205510
6.601676,0.345972,-0.013445,0.190009,2.740427,0.031750,1.210905
6.605991,0.346048,-0.013981,0.189908,2.752012,0.011109,1.213122
6.608395,0.345996,-0.014662,0.189816,2.753484,0.005837,1.214985
6.611369,0.345847,-0.015267,0.189929,2.751627,0.002863,1.214526
6.620157,0.345800,-0.015811,0.190073,2.741824,0.007820,1.215294
6.621742,0.345674,-0.016554,0.190300,2.737307,0.005972,1.217303
6.632142,0.345472,-0.017414,0.190669,2.728514,0.014038,1.216317
6.633549,0.345281,-0.018153,0.191111,2.715505,0.033175,1.211459
6.641769,0.345147,-0.018911,0.191327,2.716908,0.025901,1.211878
6.645687,0.344942,-0.019558,0.191561,2.724242,0.015637,1.209479
6.648996,0.344784,-0.020040,0.191733,2.725348,0.013474,1.207265
6.652008,0.344596,-0.020339,0.191910,2.729793,0.007322,1.205982
6.655313,0.344444,-0.020648,0.191958,2.742181,-0.014544,1.208677
6.658628,0.344313,-0.020833,0.192023,2.746282,-0.011339,1.209969
6.662308,0.344211,-0.021026,0.192096,2.747619,-0.009647,1.210473
6.668909,0.343977,-0.021680,0.192260,2.750952,-0.010366,1.206838
6.672195,0.343929,-0.021859,0.192317,2.756141,-0.012356,1.207230
6.675582,0.343909,-0.022090,0.192479,2.760974,-0.014756,1.212052
6.678838,0.343854,-0.022504,0.192638,2.758235,-0.017497,1.211899
6.682218,0.343828,-0.022820,0.192698,2.753126,-0.016151,1.215105
6.685797,0.343888,-0.023264,0.192760,2.752347,-0.020180,1.213798
6.688905,0.343831,-0.023822,0.192782,2.743451,-0.016509,1.215055
6.692298,0.343544,-0.024718,0.192803,2.728885,0.000330,1.204426
6.695766,0.343209,-0.025543,0.192795,2.723790,0.009177,1.195701
6.700212,0.342906,-0.026260,0.192861,2.723770,0.017693,1.182540
6.702101,0.342544,-0.026854,0.192928,2.713287,0.030440,1.178977
6.705521,0.342310,-0.027389,0.193021,2.716136,0.031674,1.168845
6.709030,0.342302,-0.027484,0.192954,2.720248,0.024162,1.171087
6.712420,0.342514,-0.027504,0.192958,2.718360,0.019802,1.178487
6.715364,0.342848,-0.027546,0.192990,2.717777,0.011364,1.190404
6.719277,0.343206,-0.027617,0.193023,2.721416,0.002501,1.198776
6.722368,0.343462,-0.027940,0.193147,2.714419,0.002592,1.210353
6.725974,0.343658,-0.028396,0.193351,2.710226,0.000918,1.216550
6.729068,0.343591,-0.028795,0.193479,2.707891,0.001986,1.218199
6.732393,0.343374,-0.029214,0.193598,2.703339,0.006798,1.218024
6.735643,0.343108,-0.029748,0.193675,2.703598,0.006709,1.211657
6.738714,0.342863,-0.030087,0.193717,2.702510,0.007726,1.213124
6.742352,0.342538,-0.030750,0.193841,2.703486,0.011496,1.206692
6.745849,0.342184,-0.031393,0.193954,2.702936,0.013382,1.202006
6.748668,0.342006,-0.031898,0.193961,2.709299,0.006070,1.198060
6.751728,0.341854,-0.032248,0.193988,2.712930,0.002003,1.201906
6.755659,0.341678,-0.032856,0.194135,2.716307,0.002517,1.193659
6.759191,0.341536,-0.033212,0.194294,2.716260,0.002742,1.195704
6.762312,0.341521,-0.033655,0.194468,2.711559,0.004246,1.193684
6.765848,0.341404,-0.034151,0.194605,2.708519,0.006202,1.189337
6.768970,0.341314,-0.034640,0.194721,2.702990,0.003723,1.188172
6.771955,0.341316,-0.034838,0.194672,2.702937,-0.008440,1.191141
6.775489,0.341333,-0.035116,0.194503,2.696525,-0.029442,1.195831
6.779022,0.341298,-0.035368,0.194433,2.700732,-0.040367,1.199195
6.782650,0.341233,-0.035641,0.194444,2.697391,-0.044116,1.204071
6.785607,0.341182,-0.035981,0.194569,2.695267,-0.043942,1.203752
6.789250,0.341125,-0.036315,0.194695,2.692779,-0.042007,1.207151
6.792667,0.341106,-0.036446,0.194870,2.698071,-0.032131,1.207165
6.795791,0.341110,-0.036610,0.194956,2.697613,-0.031974,1.209238
6.799220,0.341089,-0.036832,0.195075,2.696585,-0.031946,1.211454
6.802060,0.341030,-0.037145,0.195114,2.693733,-0.029069,1.212871
6.805790,0.340968,-0.037551,0.195166,2.692277,-0.027631,1.207509
6.809029,0.340955,-0.037926,0.195172,2.690252,-0.028538,1.205341
6.812308,0.340986,-0.038191,0.195269,2.690757,-0.030521,1.207458
6.815658,0.341058,-0.038400,0.195336,2.695480,-0.036668,1.204166
6.818768,0.341102,-0.038477,0.195395,2.699038,-0.040266,1.206898
6.822625,0.341135,-0.038583,0.195525,2.699639,-0.041092,1.209172
6.825945,0.341163,-0.038765,0.195687,2.701645,-0.043207,1.209736
6.829153,0.341216,-0.038950,0.195796,2.699878,-0.040253,1.208752
6.832543,0.341386,-0.039098,0.195857,2.696762,-0.037330,1.216505
6.835827,0.341581,-0.039217,0.195918,2.697325,-0.037851,1.221097
6.840195,0.341659,-0.039273,0.196104,2.699775,-0.039058,1.225675
6.842713,0.341639,-0.039369,0.196291,2.701412,-0.037278,1.230676
6.857458,0.341582,-0.039520,0.196441,2.711024,-0.043724,1.235432
6.858963,0.341176,-0.040085,0.196466,2.713288,-0.042083,1.231127
6.869378,0.340764,-0.040701,0.196467,2.715887,-0.041410,1.224113
6.871591,0.340613,-0.041319,0.196366,2.717110,-0.042489,1.224046
6.874494,0.340529,-0.041961,0.196248,2.718255,-0.045821,1.221693
6.882149,0.340492,-0.042738,0.196128,2.711192,-0.042603,1.217850
6.884112,0.340721,-0.043264,0.196245,2.709667,-0.043777,1.220752
6.893071,0.340900,-0.044015,0.196415,2.704967,-0.042283,1.223876
6.895961,0.340952,-0.044695,0.196502,2.702260,-0.041121,1.222726
6.914697,0.341230,-0.045439,0.196745,2.708567,-0.048528,1.226343
6.915884,0.341472,-0.046086,0.197092,2.716278,-0.059432,1.225226
6.929204,0.341609,-0.046647,0.197341,2.722199,-0.066224,1.226717
6.932255,0.341734,-0.047246,0.197509,2.727841,-0.070945,1.220857
6.939415,0.341789,-0.047931,0.197632,2.732034,-0.076305,1.218414
6.942124,0.341582,-0.048510,0.197644,2.730348,-0.076780,1.208037
6.950498,0.341302,-0.049384,0.197322,2.720157,-0.066078,1.201894
6.952145,0.341069,-0.050307,0.196968,2.714527,-0.061253,1.194677
6.962443,0.340970,-0.050945,0.196682,2.710886,-0.061111,1.195717
6.964301,0.340784,-0.051850,0.196608,2.702943,-0.054414,1.191904
6.969838,0.340404,-0.053069,0.196607,2.689161,-0.034693,1.186022
6.976290,0.340085,-0.053951,0.196850,2.685351,-0.027778,1.179568
6.980176,0.339924,-0.054431,0.197109,2.681590,-0.024912,1.177680
6.983158,0.339767,-0.054912,0.197370,2.681355,-0.027086,1.179092
6.986747,0.339726,-0.055105,0.197499,2.683217,-0.029699,1.178784
6.989671,0.339805,-0.055041,0.197532,2.692008,-0.044075,1.183638
6.996326,0.339741,-0.055477,0.197809,2.694545,-0.051330,1.187496
6.999656,0.339551,-0.055953,0.198036,2.692006,-0.053630,1.190743
7.002972,0.339407,-0.056346,0.198200,2.692985,-0.054475,1.187013
7.006438,0.339369,-0.056591,0.198360,2.698242,-0.061331,1.188061
7.009337,0.339343,-0.056864,0.198474,2.700495,-0.066203,1.191107
7.016515,0.339376,-0.057144,0.198603,2.706199,-0.077883,1.194151
7.019856,0.339445,-0.057389,0.198758,2.712881,-0.085101,1.194728
7.023333,0.339501,-0.057665,0.198931,2.713907,-0.089037,1.198041
7.026814,0.339504,-0.057943,0.199106,2.713764,-0.092858,1.196798
7.029975,0.339481,-0.058218,0.199204,2.713906,-0.094559,1.198837
7.032938,0.339424,-0.058413,0.199255,2.715800,-0.095534,1.199799
7.036590,0.339255,-0.058638,0.199223,2.717965,-0.098518,1.194747
7.040104,0.338990,-0.058813,0.199138,2.720895,-0.095704,1.189116
7.043254,0.338780,-0.058937,0.199071,2.724327,-0.090786,1.186880
7.046890,0.338607,-0.059201,0.199019,2.716171,-0.111779,1.196154
7.050249,0.338667,-0.059787,0.199493,2.715621,-0.107080,1.194879
7.053278,0.338749,-0.060402,0.199914,2.705490,-0.121972,1.204345
7.056305,0.338940,-0.061035,0.200372,2.704484,-0.126044,1.200836
7.066624,0.339096,-0.061792,0.200678,2.702154,-0.130984,1.200585
7.069119,0.338958,-0.061815,0.200351,2.709334,-0.109073,1.184518
7.072943,0.338811,-0.061797,0.200107,2.700601,-0.101489,1.186861
7.080081,0.338576,-0.062241,0.200075,2.710568,-0.085524,1.183252
7.085933,0.338572,-0.062786,0.200500,2.709721,-0.084332,1.192683
7.089653,0.338623,-0.062992,0.200724,2.708637,-0.082846,1.200793
7.093189,0.338712,-0.063188,0.200941,2.702616,-0.077415,1.212493
7.096816,0.338789,-0.063386,0.201094,2.702477,-0.081889,1.221117
7.100156,0.338804,-0.063638,0.201262,2.701580,-0.081693,1.221478
7.102930,0.338779,-0.063875,0.201379,2.700564,-0.083488,1.223584
7.106345,0.338670,-0.064133,0.201452,2.702822,-0.087085,1.222892
7.110352,0.338398,-0.064584,0.201330,2.707749,-0.093392,1.210909
7.113752,0.338087,-0.065010,0.201168,2.715865,-0.100096,1.201039
7.116819,0.337792,-0.065402,0.200953,2.717172,-0.102572,1.195528
7.120082,0.337492,-0.065918,0.200792,2.715540,-0.102356,1.186999
7.123508,0.337283,-0.066397,0.200670,2.713429,-0.101772,1.182992
7.126496,0.337217,-0.066552,0.200712,2.716578,-0.107159,1.187523
7.130174,0.337080,-0.066872,0.200825,2.714680,-0.107521,1.186502
7.133656,0.336926,-0.067200,0.200930,2.713935,-0.110264,1.185801
7.136102,0.336883,-0.067312,0.200990,2.716160,-0.112755,1.187838
7.140989,0.336774,-0.067463,0.201023,2.716804,-0.115076,1.186285
7.178308,0.336628,-0.072518,0.201548,2.709823,-0.141873,1.221237
7.188105,0.336569,-0.072618,0.201542,2.706336,-0.138045,1.227968
7.198139,0.336483,-0.072750,0.201584,2.711557,-0.141576,1.224013
7.200369,0.336381,-0.072828,0.201564,2.719244,-0.150397,1.221421
7.219906,0.336337,-0.072959,0.201569,2.719791,-0.151140,1.224705
7.250896,0.333772,-0.081855,0.204097,2.651559,-0.079317,1.177931
7.327251,0.333410,-0.087692,0.204231,2.674526,-0.138948,1.198220
7.330521,0.335063,-0.086887,0.205595,2.668323,-0.120223,1.234529
7.498859,0.327421,-0.102073,0.206216,2.687094,-0.160266,1.159654
7.500628,0.327139,-0.102657,0.206385,2.686054,-0.162947,1.158238
7.521370,0.326971,-0.103008,0.206487,2.684715,-0.163775,1.158225
7.523509,0.326577,-0.103821,0.206706,2.676637,-0.148896,1.145345
7.539480,0.325468,-0.106647,0.207341,2.657305,-0.122715,1.134684
7.547554,0.325158,-0.108072,0.207860,2.643217,-0.134523,1.147146
7.558329,0.324966,-0.109672,0.208628,2.633241,-0.125529,1.145376
7.580124,0.325009,-0.112725,0.210569,2.617772,-0.111914,1.141026
7.670601,0.319859,-0.121562,0.210144,2.621796,-0.103625,1.120788
7.677108,0.318325,-0.122948,0.210105,2.629518,-0.129317,1.110601
7.709821,0.317352,-0.126005,0.212330,2.607099,-0.155234,1.141298
7.757094,0.314978,-0.131171,0.213071,2.610410,-0.169025,1.142535
7.768618,0.314703,-0.130997,0.213158,2.610410,-0.169025,1.142535
7.770981,0.314595,-0.130938,0.213192,2.610410,-0.169025,1.142535
7.887062,0.310929,-0.142087,0.214261,2.605610,-0.199563,1.129660
7.891034,0.310754,-0.142186,0.214115,2.609678,-0.198052,1.125264
7.893336,0.310627,-0.142367,0.213995,2.611434,-0.197338,1.123161
7.897190,0.310503,-0.142876,0.213942,2.608821,-0.189333,1.126275
7.906551,0.310440,-0.143463,0.213972,2.604787,-0.188327,1.132714
7.919049,0.310308,-0.144297,0.214125,2.634717,-0.218299,1.127286
7.942607,0.310166,-0.145407,0.214330,2.627930,-0.221828,1.140411
7.951184,0.310098,-0.146511,0.214579,2.622474,-0.226409,1.151645
7.958369,0.309755,-0.147686,0.214667,2.615866,-0.232275,1.151437
7.960937,0.309428,-0.148906,0.214664,2.614619,-0.238451,1.152919
7.969657,0.309149,-0.149835,0.214582,2.579301,-0.209649,1.164751
7.979754,0.308812,-0.150858,0.214561,2.577150,-0.206187,1.158298
7.982954,0.308342,-0.152047,0.214495,2.571930,-0.199246,1.151807
7.993444,0.307956,-0.152851,0.214473,2.575391,-0.194912,1.147364
7.999651,0.307726,-0.153319,0.214478,2.574674,-0.191848,1.144540
8.003306,0.307417,-0.154118,0.214510,2.569904,-0.186807,1.138968
8.026556,0.305944,-0.157469,0.214280,2.578357,-0.270208,1.160339
8.036606,0.305804,-0.158658,0.214409,2.572831,-0.268522,1.158937
8.039968,0.305769,-0.159466,0.214492,2.570039,-0.269046,1.158612
8.047266,0.305643,-0.160943,0.214524,2.567017,-0.277301,1.159423
8.049730,0.305520,-0.161245,0.214533,2.562491,-0.259134,1.154005
8.052919,0.305391,-0.161365,0.214514,2.560783,-0.261343,1.156273
8.056402,0.305213,-0.161383,0.214414,2.564003,-0.260562,1.155008
8.059773,0.305034,-0.161454,0.214274,2.565114,-0.258270,1.154438
8.063082,0.304970,-0.161667,0.214157,2.565870,-0.257287,1.154561
8.066726,0.304887,-0.161954,0.214011,2.569525,-0.258896,1.152095
8.069952,0.304759,-0.162263,0.213863,2.572955,-0.265024,1.149600
8.076561,0.304605,-0.163155,0.213918,2.568369,-0.267568,1.149392
8.080036,0.304595,-0.163587,0.214053,2.584443,-0.288831,1.141690
8.085939,0.304343,-0.164105,0.214055,2.588219,-0.296547,1.143537
8.090273,0.304285,-0.164361,0.214041,2.590440,-0.303840,1.144787
8.093183,0.304070,-0.164499,0.213964,2.589229,-0.309291,1.147980
8.096515,0.303837,-0.164758,0.213905,2.593580,-0.316496,1.150043
8.099610,0.303667,-0.165396,0.213860,2.579443,-0.306493,1.156912
8.103518,0.303485,-0.165995,0.213734,2.583584,-0.314955,1.145476
8.106702,0.303270,-0.166403,0.213594,2.589095,-0.330002,1.137139
8.110128,0.303239,-0.166735,0.213517,2.597060,-0.345056,1.130014
8.113679,0.303222,-0.166973,0.213440,2.605111,-0.360231,1.123648
8.116473,0.303249,-0.166988,0.213501,2.614216,-0.375948,1.118798
8.119912,0.303556,-0.167690,0.213824,2.603055,-0.373495,1.133632
8.123287,0.303857,-0.168437,0.214126,2.588938,-0.361496,1.143765
8.126832,0.303744,-0.169045,0.214024,2.598948,-0.376110,1.139656
8.130400,0.303743,-0.169144,0.213975,2.595441,-0.369532,1.134775
8.133659,0.303696,-0.169239,0.213808,2.605822,-0.385147,1.130442
8.136800,0.303458,-0.168706,0.213482,2.630854,-0.415699,1.116010
8.140122,0.303041,-0.169006,0.212985,2.638807,-0.408971,1.093726
8.143349,0.302871,-0.169506,0.213026,2.627576,-0.387697,1.092960
8.146761,0.302582,-0.170581,0.212955,2.625524,-0.373145,1.085334
8.150406,0.302331,-0.171709,0.213153,2.604707,-0.350664,1.096958
8.156813,0.301987,-0.173377,0.213679,2.583324,-0.325600,1.103469
8.159661,0.301866,-0.173840,0.213708,2.580209,-0.339106,1.119635
8.166205,0.301618,-0.174548,0.213738,2.578423,-0.344815,1.129191
8.169810,0.301535,-0.174823,0.213584,2.575969,-0.362935,1.147882
8.172747,0.301453,-0.175094,0.213431,2.578729,-0.365833,1.144559
8.176286,0.301448,-0.175285,0.213308,2.583431,-0.371495,1.146175
8.179753,0.301428,-0.175755,0.213239,2.582728,-0.374033,1.150375
8.183365,0.301400,-0.176259,0.213234,2.576385,-0.372831,1.151318
8.186735,0.301270,-0.176890,0.213427,2.572764,-0.369208,1.146252
8.189647,0.301152,-0.177555,0.213679,2.569728,-0.370640,1.149870
8.192779,0.301077,-0.177992,0.213867,2.563639,-0.369967,1.151357
8.200751,0.300983,-0.178257,0.214094,2.561844,-0.370413,1.150371
8.242055,0.301867,-0.186992,0.217325,2.470068,-0.427059,1.250761
8.243885,0.301724,-0.186861,0.216851,2.475970,-0.431082,1.246665
8.253607,0.301421,-0.186568,0.216168,2.492741,-0.433531,1.237967
8.255408,0.300890,-0.186451,0.215071,2.511655,-0.436953,1.220402
8.269515,0.300348,-0.186403,0.214038,2.530028,-0.442208,1.200687
8.288513,0.299936,-0.186567,0.213478,2.537195,-0.440577,1.191281
8.296024,0.299398,-0.187547,0.212771,2.543081,-0.437054,1.179020
8.302991,0.299262,-0.188129,0.212736,2.538319,-0.438321,1.169865
8.305388,0.299095,-0.188693,0.212701,2.534495,-0.439004,1.169820
8.317492,0.298899,-0.189339,0.212548,2.530405,-0.436225,1.169373
8.355013,0.298719,-0.192394,0.213053,2.532469,-0.466171,1.202531
8.358990,0.298504,-0.192939,0.213075,2.520749,-0.452188,1.201168
8.395742,0.296957,-0.196122,0.210614,2.542060,-0.479816,1.173786
8.398583,0.296950,-0.196355,0.210590,2.542060,-0.479816,1.173786
8.408955,0.296925,-0.196953,0.210511,2.542060,-0.479816,1.173786
8.425189,0.296619,-0.199531,0.209777,2.536098,-0.497339,1.177074
8.428646,0.296636,-0.199644,0.209711,2.538369,-0.502916,1.175723
8.431836,0.296647,-0.199712,0.209670,2.539377,-0.506976,1.177434
8.435340,0.296594,-0.199728,0.209533,2.542702,-0.506639,1.175575
8.438331,0.296533,-0.199739,0.209396,2.544085,-0.503538,1.175956
8.441641,0.296457,-0.199886,0.209354,2.543875,-0.507618,1.176589
8.445416,0.296363,-0.200135,0.209263,2.542525,-0.508004,1.176267
8.448403,0.296255,-0.200439,0.209143,2.541186,-0.507810,1.174428
8.452301,0.296203,-0.200894,0.209099,2.538234,-0.514691,1.176225
8.454568,0.296035,-0.201458,0.208963,2.535609,-0.518074,1.172510
8.458323,0.295793,-0.201761,0.208699,2.537596,-0.518190,1.166054
8.461901,0.295495,-0.201964,0.208454,2.539883,-0.515413,1.160926
8.464966,0.295169,-0.202183,0.208231,2.542436,-0.514106,1.154265
8.468102,0.294842,-0.202439,0.207971,2.544907,-0.513911,1.147093
8.471697,0.294628,-0.202588,0.207808,2.547169,-0.510684,1.142620
8.475466,0.294431,-0.202829,0.207686,2.550561,-0.523596,1.143089
8.478757,0.294387,-0.203320,0.207575,2.548055,-0.525392,1.141751
8.481711,0.294385,-0.203740,0.207469,2.543253,-0.531750,1.143431
8.484513,0.294337,-0.204328,0.207435,2.543425,-0.546203,1.149669
8.488960,0.294284,-0.205068,0.207279,2.538076,-0.558588,1.153430
8.491687,0.294292,-0.205750,0.207177,2.531550,-0.552390,1.154200
8.494764,0.294207,-0.206130,0.207067,2.531975,-0.565979,1.161006
8.498391,0.294060,-0.206547,0.206920,2.532343,-0.570115,1.159586
8.502050,0.293887,-0.206826,0.206658,2.528119,-0.564461,1.156219
8.515611,0.292872,-0.208174,0.205873,2.533136,-0.577575,1.163267
8.518873,0.292817,-0.208404,0.205845,2.537388,-0.600276,1.167250
8.528697,0.292971,-0.208734,0.205693,2.537624,-0.614811,1.171877
8.554279,0.292565,-0.210267,0.204272,2.535855,-0.620805,1.176361
8.555614,0.292220,-0.211125,0.203698,2.533968,-0.628304,1.177848
8.567438,0.291885,-0.211985,0.203203,2.528276,-0.628979,1.175140
8.570758,0.291532,-0.212828,0.202733,2.522401,-0.625080,1.173656
8.577246,0.291164,-0.213614,0.202281,2.517204,-0.623313,1.167122
8.580241,0.290981,-0.214021,0.201987,2.515255,-0.633305,1.167212
8.588874,0.290834,-0.214493,0.201688,2.514041,-0.643900,1.166838
8.590825,0.290630,-0.215129,0.201591,2.505523,-0.660099,1.174826
8.610774,0.290445,-0.215961,0.201761,2.498940,-0.674068,1.183549
8.631799,0.290021,-0.218271,0.202050,2.499087,-0.689933,1.183482
8.634356,0.289674,-0.218745,0.201557,2.503848,-0.709742,1.179391
8.643929,0.289096,-0.219019,0.200697,2.494016,-0.722800,1.188125
8.653809,0.288298,-0.219339,0.199822,2.504949,-0.732004,1.176271
8.657005,0.287534,-0.219534,0.198886,2.509324,-0.737568,1.162810
8.666553,0.287112,-0.219841,0.198539,2.510883,-0.743492,1.161160
8.669598,0.286725,-0.219994,0.198211,2.509619,-0.746919,1.163952
8.672797,0.286557,-0.220070,0.198076,2.522249,-0.755706,1.155168
8.676020,0.286487,-0.220090,0.197906,2.521881,-0.756474,1.155230
8.679637,0.286316,-0.220242,0.197765,2.522724,-0.753784,1.156121
8.682326,0.286140,-0.220413,0.197657,2.521938,-0.748405,1.155129
8.686084,0.285935,-0.220623,0.197609,2.521618,-0.743238,1.151201
8.689259,0.285649,-0.220844,0.197524,2.521256,-0.744996,1.152612
8.693034,0.285469,-0.221001,0.197415,2.521660,-0.740720,1.150102
8.696295,0.285368,-0.221055,0.197382,2.525715,-0.753553,1.150279
8.699684,0.285319,-0.221161,0.197353,2.525795,-0.763996,1.155599
8.702970,0.285234,-0.221260,0.197285,2.526086,-0.772361,1.159711
8.706311,0.285217,-0.221396,0.197229,2.527168,-0.775952,1.158004
8.709683,0.285025,-0.221819,0.197059,2.523507,-0.779528,1.159068
8.713101,0.284833,-0.222241,0.196888,2.518441,-0.775834,1.159720
8.717685,0.284706,-0.222646,0.196717,2.521309,-0.781860,1.158958
8.719854,0.284581,-0.223121,0.196637,2.513914,-0.777968,1.161016
8.722722,0.284443,-0.223542,0.196575,2.507271,-0.773028,1.164063
8.726606,0.284344,-0.223622,0.196632,2.513831,-0.784470,1.167322
8.730193,0.284234,-0.223793,0.196646,2.511759,-0.786197,1.171422
8.733252,0.284080,-0.223928,0.196644,2.503958,-0.778162,1.172292
8.736632,0.283980,-0.223756,0.196528,2.511871,-0.788063,1.172503
8.740064,0.283899,-0.223588,0.196417,2.515179,-0.796776,1.173730
8.743177,0.283892,-0.223440,0.196330,2.505122,-0.790437,1.175729
8.746988,0.283866,-0.223293,0.196306,2.509642,-0.811188,1.181003
8.750255,0.283966,-0.222926,0.196069,2.511430,-0.820478,1.184437
8.753325,0.283929,-0.223015,0.196087,2.506150,-0.835322,1.195739
8.756618,0.283857,-0.223118,0.196083,2.507499,-0.839602,1.194382
8.759522,0.283579,-0.223448,0.195900,2.508085,-0.833903,1.188148
8.763248,0.283371,-0.223647,0.195601,2.505406,-0.835544,1.189715
8.766706,0.283127,-0.223906,0.195493,2.502632,-0.844599,1.193259
8.776657,0.283040,-0.224173,0.195204,2.504987,-0.833018,1.178560
8.780025,0.283057,-0.224447,0.195454,2.498118,-0.829545,1.178271
8.783468,0.282982,-0.224901,0.195718,2.496779,-0.841935,1.183788
8.786531,0.282808,-0.225124,0.195517,2.501634,-0.836046,1.171890
8.790095,0.282701,-0.225200,0.195159,2.504786,-0.841376,1.167137
8.793426,0.282558,-0.225102,0.194731,2.502721,-0.853413,1.173276
8.796707,0.282408,-0.224866,0.194253,2.506831,-0.867305,1.172396
8.799417,0.282209,-0.224652,0.193799,2.511111,-0.880770,1.171828
8.802868,0.282093,-0.224680,0.193770,2.506797,-0.885201,1.175361
8.806597,0.282017,-0.224717,0.193748,2.507116,-0.883722,1.172528
8.809909,0.281896,-0.224777,0.193706,2.508150,-0.882707,1.168459
8.826112,0.281024,-0.228893,0.194379,2.483870,-0.836328,1.151037
8.829873,0.281003,-0.228928,0.194368,2.474676,-0.832395,1.160450
8.832437,0.280979,-0.229041,0.194318,2.472950,-0.828965,1.160059
8.836504,0.280865,-0.229118,0.194197,2.473308,-0.825677,1.160353
8.839504,0.280795,-0.229226,0.194082,2.471584,-0.824143,1.159646
8.848066,0.280194,-0.230005,0.193948,2.459047,-0.819081,1.163524
8.864748,0.279710,-0.230509,0.193975,2.465289,-0.833007,1.156128
8.878741,0.279231,-0.231092,0.194171,2.464088,-0.847873,1.160132
8.889722,0.278719,-0.231766,0.194400,2.462265,-0.866462,1.164034
8.901747,0.278174,-0.232413,0.194603,2.457482,-0.880067,1.171325
8.903767,0.277701,-0.233249,0.194555,2.449752,-0.886934,1.175968
8.924978,0.277365,-0.234023,0.194457,2.435193,-0.883980,1.184542
8.937681,0.277062,-0.234531,0.194223,2.433405,-0.888441,1.184477
8.940918,0.276784,-0.234929,0.193915,2.429763,-0.891741,1.185983
8.947494,0.276634,-0.235223,0.193551,2.431495,-0.896236,1.181930
8.950113,0.276468,-0.234975,0.193049,2.443416,-0.901755,1.172940
8.958831,0.276275,-0.234793,0.192515,2.455330,-0.905964,1.161953
8.961484,0.276125,-0.234858,0.192025,2.458648,-0.904626,1.153884
8.968741,0.275946,-0.235078,0.191487,2.452174,-0.894895,1.152988
8.971613,0.275756,-0.235211,0.190936,2.455562,-0.893912,1.145280
8.978218,0.275609,-0.235387,0.190716,2.457114,-0.900000,1.143598
8.982030,0.275478,-0.235690,0.190510,2.448966,-0.897866,1.146277
8.985631,0.275389,-0.236008,0.190317,2.441422,-0.893137,1.147756
8.988727,0.275338,-0.236176,0.190223,2.442675,-0.896057,1.143348
8.992362,0.275322,-0.236410,0.190180,2.435246,-0.895451,1.149006
8.995530,0.275308,-0.236590,0.190058,2.427085,-0.888425,1.151619
8.999031,0.275342,-0.236602,0.189983,2.428557,-0.890517,1.151149
9.001653,0.275347,-0.236574,0.189872,2.428829,-0.893498,1.152451
9.005572,0.275331,-0.236554,0.189721,2.430460,-0.898093,1.152351
9.008976,0.275318,-0.236504,0.189584,2.430980,-0.899768,1.150254
9.012344,0.275319,-0.236499,0.189537,2.429927,-0.899738,1.150874
9.015818,0.275324,-0.236468,0.189499,2.428812,-0.904025,1.152937
9.018692,0.275303,-0.236419,0.189449,2.427597,-0.906776,1.154342
9.022373,0.275335,-0.236224,0.189460,2.432169,-0.913119,1.153993
9.025571,0.275326,-0.236004,0.189456,2.436274,-0.921063,1.155041
9.028761,0.275303,-0.235763,0.189417,2.440616,-0.929284,1.155416
9.031482,0.275280,-0.235512,0.189300,2.445588,-0.934217,1.154143
9.035800,0.275233,-0.235241,0.189135,2.450519,-0.939829,1.152625
9.039375,0.275146,-0.235118,0.188941,2.450493,-0.941152,1.152885
9.042199,0.275080,-0.235012,0.188758,2.451812,-0.939547,1.150055
9.045745,0.275011,-0.234922,0.188599,2.452823,-0.939851,1.147731
9.048869,0.274920,-0.234869,0.188532,2.454243,-0.940816,1.145519
9.052251,0.274886,-0.234800,0.188540,2.454615,-0.939339,1.143137
9.055639,0.274831,-0.234573,0.188384,2.461561,-0.935455,1.138355
9.058877,0.274796,-0.234352,0.188232,2.462040,-0.935608,1.138296
9.065641,0.274822,-0.233957,0.187772,2.464733,-0.920799,1.133901
9.068813,0.274830,-0.233815,0.187530,2.460345,-0.911275,1.132964
9.075183,0.274969,-0.234141,0.187520,2.459641,-0.912517,1.132796
9.079286,0.275006,-0.234286,0.187598,2.450670,-0.915750,1.136378
9.082579,0.275054,-0.234458,0.187669,2.443469,-0.907288,1.136522
9.085707,0.275091,-0.234787,0.187721,2.437475,-0.920276,1.141083
9.088753,0.275141,-0.234820,0.187712,2.432763,-0.920936,1.142928
9.092429,0.275085,-0.234867,0.187544,2.432337,-0.908853,1.139031
9.095759,0.275084,-0.234937,0.187487,2.429184,-0.902204,1.138363
9.098900,0.275064,-0.235008,0.187403,2.431584,-0.904154,1.136835
9.119081,0.275077,-0.235104,0.187287,2.417048,-0.909884,1.136130
9.125449,0.275230,-0.234915,0.187408,2.420754,-0.908630,1.136987
9.135732,0.275832,-0.234552,0.187521,2.418522,-0.913747,1.140810
9.147854,0.276175,-0.234293,0.187516,2.417840,-0.921024,1.143481
9.157872,0.276483,-0.234076,0.187443,2.416672,-0.924104,1.145437
9.161921,0.276788,-0.233901,0.187335,2.414915,-0.926669,1.145391
9.171804,0.277114,-0.233514,0.186803,2.410385,-0.929945,1.143107
9.181404,0.277200,-0.233493,0.186567,2.414886,-0.925984,1.127600
9.183887,0.277441,-0.233551,0.186452,2.412735,-0.922459,1.120874
9.204068,0.277717,-0.233718,0.186579,2.398611,-0.920395,1.129707
9.215663,0.277959,-0.233720,0.186964,2.406981,-0.926411,1.118503
9.218327,0.278109,-0.233144,0.186766,2.418756,-0.937975,1.109849
9.236848,0.278517,-0.232020,0.186516,2.416935,-0.950382,1.114976
9.246380,0.278694,-0.231475,0.186261,2.420571,-0.962225,1.114011
9.251976,0.278838,-0.231128,0.185943,2.437377,-0.978274,1.098419
9.258132,0.279068,-0.231351,0.186249,2.430825,-0.983494,1.102787
9.260913,0.279306,-0.231604,0.186539,2.421549,-0.984479,1.107389
9.264597,0.279334,-0.231585,0.186594,2.421207,-0.987193,1.108517
9.281354,0.279628,-0.231074,0.187437,2.415721,-0.980524,1.110538
9.288597,0.278979,-0.229726,0.186365,2.430464,-0.965839,1.103661
9.328499,0.279341,-0.230152,0.188833,2.408851,-0.977758,1.115734
9.338649,0.279291,-0.229955,0.188400,2.410886,-0.980021,1.112990
9.348593,0.279317,-0.229476,0.188207,2.412248,-0.983144,1.111077
9.351669,0.279324,-0.229294,0.188243,2.418516,-0.983282,1.102273
9.355092,0.279237,-0.229153,0.188333,2.418211,-0.985372,1.102949
9.358137,0.279142,-0.229043,0.188419,2.415029,-0.994555,1.102173
9.361693,0.278983,-0.228713,0.188233,2.416772,-0.990652,1.097765
9.365186,0.278782,-0.228367,0.188006,2.418997,-0.983745,1.091599
9.368344,0.278544,-0.228053,0.187720,2.417781,-0.979497,1.088717
9.371670,0.278342,-0.227731,0.187368,2.420451,-0.969250,1.081401
9.375280,0.278108,-0.227495,0.187059,2.421209,-0.956205,1.074953
9.378763,0.278049,-0.227670,0.187108,2.412442,-0.953737,1.076703
9.382233,0.278076,-0.228001,0.187370,2.406145,-0.954144,1.079067
9.385203,0.278101,-0.228305,0.187687,2.397877,-0.953593,1.084209
9.388025,0.278188,-0.228610,0.188016,2.390795,-0.956316,1.086759
9.392261,0.278316,-0.228766,0.188242,2.385690,-0.962020,1.089885
9.395228,0.278423,-0.228794,0.188411,2.386094,-0.966989,1.089443
9.398656,0.278497,-0.228686,0.188440,2.382494,-0.971862,1.092318
9.402073,0.278620,-0.228596,0.188451,2.386048,-0.974488,1.090011
9.404826,0.278646,-0.228417,0.188460,2.383162,-0.978060,1.093694
9.408736,0.278659,-0.228332,0.188513,2.380751,-0.980506,1.096743
9.413634,0.278617,-0.228194,0.188371,2.377458,-0.980406,1.097816
9.424704,0.278592,-0.228101,0.188217,2.378286,-0.968522,1.092740
9.440852,0.278521,-0.227997,0.188036,2.375032,-0.960098,1.090391
9.447969,0.278536,-0.227900,0.187685,2.376540,-0.973539,1.093435
9.456816,0.278624,-0.227391,0.187423,2.374010,-0.977455,1.091485
9.468061,0.278686,-0.226917,0.187244,2.375660,-0.989543,1.095201
9.470751,0.278839,-0.226423,0.187094,2.373652,-1.010663,1.102117
9.489648,0.279040,-0.225840,0.186917,2.370024,-1.038024,1.113396
9.493561,0.279202,-0.225308,0.186880,2.369983,-1.039082,1.113954
9.502476,0.279313,-0.225130,0.186721,2.373047,-1.049723,1.120230
9.506042,0.279452,-0.225001,0.186642,2.373966,-1.053299,1.122024
9.508991,0.279516,-0.224870,0.186478,2.371168,-1.050120,1.126748
9.516413,0.279439,-0.224752,0.186207,2.372130,-1.037407,1.123245
9.518541,0.279353,-0.224577,0.185918,2.374586,-1.032603,1.119739
9.528667,0.279213,-0.224373,0.185568,2.379256,-1.029376,1.113269
9.530622,0.279093,-0.224129,0.185224,2.380845,-1.020739,1.105219
9.538073,0.278994,-0.223845,0.184847,2.389785,-1.020900,1.095475
9.542057,0.279013,-0.223566,0.184590,2.394004,-1.022346,1.089665
9.547140,0.279064,-0.223276,0.184321,2.398207,-1.021036,1.085381
9.552227,0.279166,-0.223018,0.184135,2.400186,-1.020310,1.084325
9.554933,0.279288,-0.222782,0.183951,2.405181,-1.022326,1.084523
9.558458,0.279380,-0.222582,0.183858,2.405995,-1.023009,1.085100
9.562024,0.279473,-0.222445,0.183757,2.406262,-1.020883,1.084391
9.565679,0.279539,-0.222421,0.183691,2.406750,-1.017884,1.082949
9.568690,0.279588,-0.222423,0.183656,2.405452,-1.011873,1.081368
9.571871,0.279623,-0.222444,0.183621,2.400514,-1.003048,1.080103
9.575125,0.279633,-0.222416,0.183583,2.399911,-0.999810,1.077987
9.578385,0.279631,-0.222348,0.183524,2.401830,-1.000990,1.077637
9.582146,0.279623,-0.222243,0.183456,2.401280,-1.000767,1.076784
9.585838,0.279603,-0.222148,0.183371,2.402039,-1.001749,1.076068
9.588956,0.279544,-0.222165,0.183309,2.403500,-1.006945,1.076534
9.592362,0.279474,-0.222248,0.183241,2.401285,-1.007597,1.077807
9.595600,0.279332,-0.222357,0.183141,2.400139,-1.005390,1.075558
9.599032,0.279190,-0.222486,0.183045,2.397656,-0.999602,1.075255
9.602369,0.279065,-0.222606,0.182947,2.394090,-0.997070,1.077372
9.604991,0.278974,-0.222624,0.182800,2.394128,-0.995088,1.076499
9.608309,0.278932,-0.222614,0.182633,2.394698,-0.991273,1.074339
9.611528,0.279057,-0.222541,0.182548,2.394802,-0.994935,1.077461
9.615176,0.279199,-0.222462,0.182480,2.396175,-1.001888,1.080518
9.618934,0.279313,-0.222503,0.182401,2.400928,-0.993454,1.078058
9.621750,0.279430,-0.222533,0.182349,2.404266,-0.986172,1.077385
9.625184,0.279525,-0.222550,0.182336,2.404627,-0.990092,1.080141
9.628369,0.279496,-0.222648,0.182313,2.400978,-0.984852,1.080064
9.635161,0.279327,-0.222816,0.182217,2.398587,-0.985161,1.080555
9.638486,0.279124,-0.222869,0.182104,2.393231,-0.990799,1.079632
9.642014,0.278927,-0.222988,0.181964,2.387961,-0.997847,1.080977
9.645133,0.278779,-0.223120,0.181838,2.386218,-0.990345,1.078691
9.648414,0.278666,-0.223241,0.181731,2.384260,-0.994243,1.079602
9.655571,0.278748,-0.223124,0.181471,2.382076,-1.000516,1.081690
9.658699,0.278762,-0.222950,0.181352,2.384091,-1.006552,1.083132
9.662085,0.278712,-0.222795,0.181291,2.381024,-1.006756,1.084915
9.665452,0.278674,-0.222538,0.181278,2.378583,-1.014742,1.090974
9.668655,0.278608,-0.222207,0.181070,2.383665,-1.019229,1.090446
9.672026,0.278510,-0.222221,0.180749,2.385156,-1.010903,1.084975
9.675322,0.278495,-0.222256,0.180453,2.382734,-1.010956,1.085463
9.678416,0.278525,-0.222251,0.180059,2.388218,-1.018536,1.085319
9.682110,0.278565,-0.222354,0.179565,2.387752,-1.018552,1.080709
9.685003,0.278574,-0.222573,0.179325,2.384105,-1.016232,1.079690
9.688562,0.278694,-0.222426,0.179271,2.382173,-1.028781,1.086386
9.691905,0.278832,-0.222224,0.179208,2.382481,-1.031273,1.088087
9.695694,0.278954,-0.222070,0.179138,2.380228,-1.030597,1.088046
9.702044,0.279153,-0.221994,0.179085,2.374965,-1.036593,1.093576
9.718158,0.279342,-0.221915,0.179029,2.369782,-1.042661,1.097988
9.727638,0.279411,-0.221961,0.178893,2.367575,-1.035134,1.098126
9.732076,0.279414,-0.221973,0.178783,2.361990,-1.034888,1.099637
9.735027,0.279454,-0.221881,0.178640,2.358542,-1.037410,1.104277
9.743614,0.279423,-0.221677,0.178470,2.362447,-1.038874,1.105807
9.745929,0.279405,-0.221467,0.178302,2.365978,-1.039965,1.107993
9.756239,0.279501,-0.221100,0.178054,2.369129,-1.063369,1.111374
9.758208,0.279636,-0.220821,0.177787,2.374876,-1.072859,1.110825
9.779124,0.279605,-0.220638,0.177535,2.378165,-1.075275,1.104730
9.797727,0.278887,-0.220569,0.176864,2.381118,-1.076363,1.098180
9.804904,0.278832,-0.220640,0.176815,2.383032,-1.091301,1.096577
9.806289,0.278909,-0.220676,0.176808,2.381302,-1.083714,1.093190
9.815493,0.278894,-0.220746,0.176674,2.380090,-1.081582,1.091750
9.818025,0.278900,-0.220758,0.176554,2.378343,-1.081983,1.092259
9.826487,0.278905,-0.220746,0.176382,2.378443,-1.082112,1.090675
9.828632,0.278714,-0.220628,0.176122,2.384116,-1.069969,1.080939
9.836585,0.278638,-0.220289,0.175690,2.385877,-1.074585,1.081514
9.839923,0.278779,-0.219890,0.175450,2.392291,-1.084030,1.081637
9.843189,0.278922,-0.219585,0.175189,2.397383,-1.086031,1.079093
9.847366,0.278935,-0.219361,0.174903,2.396182,-1.087371,1.081748
9.850046,0.278903,-0.219341,0.174584,2.394069,-1.088364,1.083770
9.853610,0.278745,-0.219491,0.174466,2.397211,-1.073187,1.074540
9.857063,0.278608,-0.219619,0.174297,2.396907,-1.067599,1.072069
9.860366,0.278486,-0.219654,0.174174,2.395835,-1.071120,1.072614
9.863932,0.278599,-0.219941,0.174435,2.394502,-1.072785,1.074814
9.866829,0.278719,-0.220178,0.174721,2.389171,-1.072097,1.081611
9.870621,0.278707,-0.220207,0.174706,2.389137,-1.074218,1.082986
9.873574,0.278679,-0.220254,0.174731,2.387241,-1.073241,1.082981
9.877069,0.278681,-0.220334,0.174733,2.381562,-1.070808,1.090232
9.880417,0.278656,-0.220328,0.174728,2.385835,-1.072204,1.086678
9.884111,0.278623,-0.220385,0.174692,2.385390,-1.073386,1.087009
9.887315,0.278726,-0.220710,0.174949,2.380233,-1.073110,1.093389
9.890553,0.278826,-0.221039,0.175223,2.374399,-1.072014,1.099465
9.893754,0.278883,-0.221335,0.175536,2.373744,-1.071975,1.099223
9.897190,0.278870,-0.221366,0.175569,2.369441,-1.071176,1.103263
9.900886,0.278893,-0.221291,0.175684,2.370696,-1.073363,1.105228
9.903882,0.278943,-0.221186,0.175763,2.371645,-1.078102,1.106644
9.907087,0.278981,-0.221075,0.175838,2.373941,-1.097441,1.114232
9.910747,0.279007,-0.220936,0.175900,2.376252,-1.103150,1.114782
9.913797,0.279025,-0.220836,0.175942,2.377426,-1.108424,1.116664
9.917071,0.279216,-0.220529,0.176090,2.379680,-1.126064,1.120895
9.920070,0.279421,-0.220229,0.176216,2.381058,-1.142124,1.126756
9.923658,0.279656,-0.219959,0.176366,2.381773,-1.144082,1.125498
9.927187,0.279920,-0.219740,0.176463,2.382831,-1.159136,1.132080
9.930467,0.279858,-0.219596,0.176342,2.385870,-1.156760,1.128712
9.933980,0.279612,-0.219686,0.176022,2.392388,-1.142286,1.115721
9.937030,0.279616,-0.219689,0.175914,2.395486,-1.144258,1.113705
9.940307,0.279615,-0.219570,0.175811,2.396328,-1.143946,1.113004
9.943875,0.279646,-0.219478,0.175692,2.404852,-1.137471,1.105045
9.947354,0.279817,-0.219117,0.175428,2.402602,-1.155368,1.114713
9.950570,0.279970,-0.218773,0.175205,2.400871,-1.155936,1.118159
9.954010,0.279811,-0.218720,0.174733,2.404245,-1.148489,1.113401
9.957223,0.279665,-0.218722,0.174170,2.402926,-1.132076,1.109256
9.960701,0.279268,-0.218682,0.173634,2.400601,-1.121963,1.103673
9.963982,0.279057,-0.218836,0.173460,2.404771,-1.106524,1.091368
9.967275,0.278941,-0.219036,0.173330,2.394046,-1.100084,1.105025
9.970677,0.278823,-0.219180,0.173300,2.387784,-1.087425,1.103953
9.973713,0.278680,-0.219363,0.173318,2.385714,-1.084651,1.102076
9.977069,0.278749,-0.219538,0.173375,2.372847,-1.085609,1.112608
9.980739,0.278858,-0.219472,0.173228,2.371889,-1.080470,1.113261
9.984184,0.278827,-0.219341,0.173011,2.380208,-1.083114,1.099029
9.987368,0.278819,-0.219104,0.172770,2.380713,-1.080883,1.095237
9.990443,0.278825,-0.218873,0.172537,2.384612,-1.084961,1.093721
9.999020,0.278820,-0.218520,0.172340,2.394446,-1.083417,1.086259
10.010017,0.278670,-0.218786,0.172756,2.385429,-1.090633,1.093212
10.019833,0.278523,-0.219030,0.173182,2.378620,-1.089267,1.097670
10.028639,0.278330,-0.219332,0.173647,2.388658,-1.099857,1.087120
10.031665,0.278151,-0.219553,0.174284,2.380533,-1.096806,1.092001
10.035656,0.277949,-0.219889,0.174864,2.375020,-1.108988,1.098381
10.038207,0.277920,-0.219848,0.174949,2.379907,-1.107248,1.096854
10.041000,0.277776,-0.219690,0.174770,2.384540,-1.113779,1.095852
10.049354,0.277655,-0.219443,0.174541,2.374424,-1.111804,1.111671
10.051076,0.277506,-0.219404,0.174082,2.382231,-1.119914,1.111397
10.061072,0.277387,-0.219554,0.173881,2.378425,-1.111798,1.116970
10.063954,0.277245,-0.219857,0.173816,2.373322,-1.115960,1.124528
10.085414,0.277089,-0.220400,0.173991,2.364343,-1.118852,1.130960
10.087755,0.276912,-0.220980,0.174178,2.355143,-1.120450,1.136646
10.096621,0.276718,-0.221500,0.174393,2.345181,-1.119272,1.138530
10.100674,0.276488,-0.221732,0.174394,2.342081,-1.121531,1.134591
10.103756,0.276286,-0.221885,0.174371,2.339030,-1.120985,1.130068
10.113470,0.276214,-0.221912,0.174372,2.338107,-1.119805,1.129135
10.116510,0.276236,-0.221865,0.174330,2.340772,-1.119084,1.126585
10.127568,0.276684,-0.221729,0.174333,2.341437,-1.130074,1.133023
10.137356,0.277206,-0.221541,0.174315,2.344856,-1.140311,1.136989
10.145844,0.277705,-0.221355,0.174254,2.347684,-1.152171,1.142376
10.149683,0.278081,-0.221195,0.174166,2.352460,-1.157547,1.144389
10.153041,0.278403,-0.221085,0.174086,2.353243,-1.163116,1.148088
10.156287,0.278339,-0.221023,0.173941,2.357114,-1.158890,1.144463
10.159576,0.278198,-0.220985,0.173818,2.360043,-1.155063,1.141072
10.163076,0.278064,-0.220943,0.173736,2.363098,-1.150014,1.137029
10.166426,0.278066,-0.220883,0.173686,2.364309,-1.150095,1.135965
10.169705,0.278028,-0.220844,0.173694,2.364901,-1.160807,1.137773
10.172551,0.277803,-0.220926,0.173693,2.366236,-1.155628,1.131694
10.175729,0.277603,-0.221018,0.173700,2.366706,-1.149614,1.126632
10.179202,0.277464,-0.221065,0.173598,2.367230,-1.144904,1.123049
10.182337,0.277432,-0.221106,0.173537,2.372166,-1.141579,1.115307
10.186427,0.277370,-0.221128,0.173442,2.375457,-1.127280,1.108366
10.189500,0.277569,-0.221142,0.173497,2.375968,-1.125207,1.106355
10.192854,0.277812,-0.221128,0.173582,2.375044,-1.124773,1.109795
10.195951,0.278036,-0.221135,0.173715,2.376743,-1.137109,1.112606
10.199347,0.278038,-0.221252,0.173711,2.374260,-1.133363,1.113665
10.202831,0.278085,-0.221391,0.173742,2.374359,-1.129048,1.108705
10.206175,0.278337,-0.221358,0.173834,2.375814,-1.139285,1.114009
10.209180,0.278546,-0.221351,0.173898,2.377379,-1.148054,1.115187
10.212838,0.278721,-0.221387,0.174033,2.376936,-1.131616,1.109919
10.216376,0.279023,-0.221330,0.174285,2.375438,-1.142860,1.116435
10.219783,0.279338,-0.221259,0.174504,2.373245,-1.158026,1.126271
10.222800,0.279235,-0.221367,0.174437,2.372644,-1.146403,1.123028
10.225986,0.279064,-0.221527,0.174302,2.374105,-1.138882,1.121103
10.229379,0.278827,-0.221680,0.174100,2.376243,-1.137200,1.120616
10.232632,0.278566,-0.221817,0.173869,2.379409,-1.124642,1.114192
10.235910,0.278612,-0.221842,0.173866,2.380867,-1.124650,1.114122
10.239304,0.278787,-0.221791,0.173975,2.381301,-1.138579,1.119045
10.242415,0.279024,-0.221685,0.174172,2.380827,-1.147130,1.121477
10.245511,0.279333,-0.221571,0.174430,2.379154,-1.163660,1.128676
10.248772,0.279639,-0.221457,0.174686,2.377024,-1.178473,1.135835
10.252432,0.279606,-0.221465,0.174683,2.379543,-1.166209,1.130769
10.256143,0.279562,-0.221498,0.174658,2.379609,-1.165306,1.130205
10.259436,0.279520,-0.221554,0.174662,2.379660,-1.162772,1.129224
10.262771,0.279467,-0.221624,0.174699,2.380051,-1.155956,1.127038
10.265556,0.279419,-0.221684,0.174743,2.379904,-1.152753,1.126448
10.269059,0.279410,-0.221729,0.174809,2.378181,-1.159937,1.129635
10.272755,0.279402,-0.221768,0.174878,2.377371,-1.156265,1.129981
10.276078,0.279400,-0.221789,0.174899,2.376606,-1.156169,1.130624
10.279315,0.279375,-0.222035,0.174880,2.369045,-1.148263,1.133799
10.282576,0.279360,-0.222295,0.174860,2.361775,-1.137092,1.136206
10.286073,0.279423,-0.222296,0.174870,2.361078,-1.137985,1.137440
10.289634,0.279469,-0.222275,0.174882,2.361450,-1.140304,1.138152
10.292809,0.279492,-0.222255,0.174884,2.362174,-1.141207,1.137969
10.295804,0.279495,-0.222068,0.174850,2.371259,-1.138369,1.132829
10.299484,0.279340,-0.222100,0.174749,2.370901,-1.137539,1.131191
10.305206,0.279098,-0.222394,0.174627,2.364537,-1.124862,1.128608
10.321725,0.278920,-0.222429,0.174603,2.365377,-1.125825,1.125120
10.324711,0.278763,-0.222452,0.174577,2.365089,-1.128068,1.124054
10.336198,0.278671,-0.222453,0.174591,2.362462,-1.142839,1.125257
10.339976,0.278693,-0.222267,0.174648,2.369109,-1.153463,1.122080
10.347336,0.278651,-0.222119,0.174671,2.374797,-1.161179,1.120483
10.348949,0.278541,-0.222253,0.174638,2.370353,-1.156401,1.122775
10.359799,0.278436,-0.222395,0.174621,2.366375,-1.150080,1.123800
10.383301,0.278328,-0.222458,0.174608,2.362793,-1.152372,1.127286
10.384893,0.278265,-0.222457,0.174603,2.358323,-1.156197,1.131090
10.396477,0.278316,-0.222413,0.174647,2.354246,-1.163556,1.136542
10.399876,0.278400,-0.222334,0.174651,2.353746,-1.166979,1.138817
10.408108,0.278433,-0.222220,0.174647,2.353001,-1.169236,1.141217
10.409919,0.278451,-0.222113,0.174647,2.352451,-1.166336,1.140986
10.412415,0.278446,-0.222032,0.174664,2.353160,-1.165718,1.140850
10.421574,0.278403,-0.221919,0.174694,2.352219,-1.162675,1.139230
10.422913,0.278315,-0.221879,0.174722,2.350019,-1.163432,1.140365
10.432168,0.278292,-0.221825,0.174784,2.347391,-1.164458,1.140618
10.436034,0.278262,-0.221804,0.174802,2.346152,-1.164726,1.142619
10.438938,0.278121,-0.221647,0.174719,2.348049,-1.154264,1.140533
10.442477,0.277971,-0.221491,0.174625,2.352098,-1.146620,1.140208
10.445723,0.278104,-0.221289,0.174670,2.353972,-1.147723,1.142114
10.449351,0.278204,-0.221145,0.174709,2.356948,-1.149980,1.144733
10.452728,0.278064,-0.221024,0.174762,2.359630,-1.145584,1.139950
10.455788,0.277994,-0.221025,0.174899,2.354543,-1.144868,1.140975
10.459194,0.277890,-0.221149,0.174941,2.354184,-1.150057,1.139324
10.462602,0.277533,-0.221083,0.174922,2.352520,-1.136332,1.132144
10.465757,0.277184,-0.221002,0.174880,2.354311,-1.130641,1.125896
10.469331,0.277080,-0.220894,0.174875,2.356097,-1.131294,1.126164
10.472295,0.276981,-0.220954,0.174856,2.357274,-1.131362,1.124570
10.475838,0.276902,-0.220955,0.174926,2.352851,-1.124158,1.124332
10.479198,0.276823,-0.221131,0.174922,2.351990,-1.126763,1.125149
10.482720,0.276758,-0.221319,0.174922,2.348899,-1.116707,1.123595
10.486061,0.276513,-0.221495,0.174874,2.342761,-1.111467,1.124641
10.489295,0.276310,-0.221538,0.174872,2.343400,-1.104231,1.121592
10.492735,0.276117,-0.221557,0.174859,2.343802,-1.098659,1.119976
10.495768,0.275937,-0.221556,0.174860,2.344769,-1.090291,1.117577
10.498621,0.275744,-0.221534,0.174876,2.348577,-1.088609,1.112534
10.502208,0.275595,-0.221456,0.174891,2.349903,-1.083101,1.110318
10.505723,0.275443,-0.221335,0.174896,2.353356,-1.082835,1.107005
10.508837,0.275269,-0.221209,0.174897,2.358156,-1.082546,1.101522
10.512233,0.275103,-0.221010,0.174933,2.363467,-1.084366,1.097252
10.515694,0.275007,-0.220860,0.175011,2.361996,-1.085447,1.101765
10.519278,0.275064,-0.220723,0.175146,2.361474,-1.082702,1.102994
10.522817,0.275100,-0.220523,0.175275,2.358908,-1.086831,1.108002
10.526134,0.275183,-0.220203,0.175365,2.360321,-1.090335,1.114317
10.529174,0.275082,-0.219920,0.175334,2.361044,-1.091975,1.115054
10.532358,0.274900,-0.219597,0.175237,2.365108,-1.096147,1.110641
10.535637,0.274714,-0.219303,0.175117,2.373181,-1.102572,1.104426
10.539441,0.274570,-0.219060,0.174978,2.379885,-1.105934,1.098523
10.542564,0.274584,-0.218834,0.174833,2.382517,-1.111318,1.096395
10.545878,0.274771,-0.218657,0.174768,2.384287,-1.117865,1.100601
10.549458,0.274954,-0.218484,0.174701,2.385818,-1.121382,1.103878
10.552926,0.275106,-0.218315,0.174636,2.387257,-1.124410,1.105483
10.555966,0.275238,-0.218180,0.174610,2.388720,-1.127105,1.108079
10.559273,0.275193,-0.218160,0.174648,2.388889,-1.127210,1.106788
10.562740,0.275218,-0.218153,0.174710,2.386467,-1.126771,1.106571
10.566043,0.275241,-0.218330,0.174954,2.386413,-1.127969,1.107646
10.569350,0.275379,-0.218548,0.175229,2.381624,-1.126956,1.112846
10.572403,0.275520,-0.218790,0.175538,2.373987,-1.125703,1.119639
10.575795,0.275671,-0.218986,0.175871,2.366775,-1.126121,1.127378
10.579411,0.275813,-0.219207,0.176220,2.362758,-1.129974,1.134174
10.582676,0.275974,-0.219205,0.176429,2.351071,-1.127798,1.144331
10.585904,0.276098,-0.219116,0.176690,2.349033,-1.134313,1.148796
10.589171,0.276307,-0.219023,0.176921,2.344547,-1.139408,1.156766
10.592006,0.276492,-0.218964,0.177149,2.339198,-1.142329,1.162601
10.595634,0.276608,-0.218875,0.177331,2.334488,-1.141096,1.165790
10.599015,0.276714,-0.218791,0.177468,2.334526,-1.145548,1.166246
10.602379,0.276791,-0.218759,0.177532,2.329064,-1.142833,1.168996
10.607250,0.276723,-0.218750,0.177681,2.326463,-1.142726,1.168879
10.609795,0.276636,-0.218684,0.177881,2.325747,-1.136733,1.166866
10.620625,0.276552,-0.218623,0.178097,2.325158,-1.131865,1.164665
10.627484,0.276463,-0.218542,0.178323,2.323105,-1.127756,1.164264
10.631242,0.276240,-0.218382,0.178557,2.327224,-1.126370,1.159088
10.637086,0.276080,-0.218178,0.178682,2.331615,-1.123623,1.152742
10.641758,0.276019,-0.218142,0.178848,2.327816,-1.125467,1.154407
10.645796,0.275940,-0.218126,0.179055,2.323202,-1.126722,1.154759
10.654411,0.275866,-0.218134,0.179314,2.323012,-1.128062,1.149217
10.657521,0.276037,-0.218142,0.179644,2.312841,-1.132040,1.155359
10.667194,0.276218,-0.218188,0.180096,2.304322,-1.132289,1.158700
10.688274,0.276294,-0.218134,0.180446,2.301739,-1.133407,1.157738
10.700702,0.276396,-0.218026,0.180757,2.300225,-1.134942,1.158337
10.704479,0.276440,-0.217921,0.180995,2.295894,-1.135799,1.162189
10.707811,0.276358,-0.217873,0.181156,2.295780,-1.131711,1.159150
10.715426,0.276379,-0.217752,0.181319,2.294151,-1.133494,1.161298
10.717394,0.276448,-0.217594,0.181470,2.293596,-1.136328,1.161514
10.728001,0.276673,-0.217346,0.181724,2.291724,-1.146314,1.164927
10.732349,0.277013,-0.217082,0.182011,2.291000,-1.154710,1.167822
10.737801,0.277397,-0.216826,0.182314,2.289745,-1.163862,1.173767
10.741076,0.277711,-0.216588,0.182534,2.294998,-1.161201,1.169624
10.758697,0.278516,-0.216039,0.182978,2.296248,-1.163502,1.169267
10.769113,0.278479,-0.215929,0.182601,2.298011,-1.153283,1.165418
10.779056,0.278428,-0.216213,0.182759,2.309438,-1.127681,1.153201
10.782343,0.278564,-0.216224,0.183057,2.309568,-1.123505,1.150350
10.785579,0.278772,-0.216183,0.183372,2.317055,-1.109423,1.144137
10.788906,0.279010,-0.216105,0.183666,2.327594,-1.091026,1.135474
10.792188,0.279298,-0.215936,0.183850,2.328302,-1.089149,1.139666
10.795773,0.279533,-0.215667,0.183882,2.323450,-1.108226,1.150177
10.798665,0.279766,-0.215356,0.183669,2.329646,-1.103105,1.148328
10.802414,0.279843,-0.215075,0.183358,2.327266,-1.117062,1.151574
10.805678,0.279918,-0.214744,0.183041,2.321415,-1.127819,1.158348
10.808136,0.279985,-0.214406,0.182827,2.330018,-1.137459,1.153229
10.812011,0.280009,-0.214031,0.182762,2.334143,-1.143138,1.151227
10.818937,0.280174,-0.213428,0.182980,2.327861,-1.146996,1.155689
10.828531,0.280489,-0.213720,0.183493,2.319268,-1.151920,1.163322
10.835693,0.280455,-0.214661,0.183736,2.319585,-1.160404,1.161302
10.839091,0.280394,-0.215055,0.183761,2.314284,-1.158998,1.163394
10.851640,0.280245,-0.214716,0.183237,2.304035,-1.154630,1.166875
10.868073,0.280979,-0.212965,0.182995,2.354132,-1.155923,1.145039
10.871972,0.280978,-0.212979,0.182962,2.352150,-1.156858,1.145884
10.878885,0.281010,-0.213065,0.182865,2.353352,-1.161269,1.144841
10.888922,0.281217,-0.212921,0.182677,2.351878,-1.165581,1.143683
10.898441,0.281350,-0.212590,0.182436,2.354051,-1.169071,1.144920
10.902445,0.281386,-0.212516,0.182414,2.354884,-1.172869,1.145269
10.912427,0.281417,-0.212583,0.182392,2.355620,-1.166512,1.140721
10.930231,0.281596,-0.212958,0.182511,2.348201,-1.161542,1.142417
10.939424,0.281741,-0.213327,0.182619,2.337984,-1.152973,1.143930
10.944797,0.281840,-0.213700,0.182630,2.331692,-1.143461,1.139566
10.947415,0.281684,-0.213771,0.182267,2.332248,-1.129174,1.123339
10.956803,0.281551,-0.213680,0.181974,2.331596,-1.122894,1.115957
10.966166,0.281338,-0.213348,0.181575,2.335667,-1.105186,1.106134
10.989480,0.281125,-0.213021,0.181173,2.342350,-1.092013,1.096229
10.998356,0.280928,-0.212699,0.180818,2.344797,-1.081112,1.089776
11.003537,0.281001,-0.212664,0.180836,2.341802,-1.077632,1.096771
11.006401,0.281067,-0.212705,0.180811,2.340288,-1.074442,1.099737
11.014812,0.281033,-0.212768,0.180745,2.340468,-1.076912,1.097711
11.018633,0.280934,-0.212807,0.180658,2.339410,-1.076475,1.098580
11.027460,0.280879,-0.212791,0.180625,2.341861,-1.076961,1.098528
11.028922,0.280791,-0.212746,0.180556,2.344008,-1.076501,1.097213
11.036309,0.280725,-0.212660,0.180446,2.348375,-1.075746,1.093935
11.039980,0.280749,-0.212480,0.180387,2.350797,-1.082454,1.096580
11.049465,0.280842,-0.212314,0.180342,2.356487,-1.082968,1.092229
11.055936,0.280862,-0.212163,0.180112,2.358583,-1.083470,1.090775
11.059482,0.280868,-0.212133,0.180030,2.360304,-1.083766,1.090259
11.062789,0.280771,-0.212132,0.179874,2.361384,-1.085017,1.089653
11.066054,0.280666,-0.212112,0.179649,2.364158,-1.078580,1.085040
11.069445,0.280270,-0.211861,0.179089,2.367412,-1.084123,1.077266
11.072630,0.279881,-0.211629,0.178543,2.371757,-1.089414,1.067860
11.076264,0.279512,-0.211436,0.178075,2.375352,-1.091356,1.058975
11.079507,0.279200,-0.211280,0.177698,2.373506,-1.087708,1.059046
11.086442,0.279745,-0.211428,0.178028,2.373349,-1.083343,1.057199
11.089721,0.280233,-0.211577,0.178338,2.371065,-1.074998,1.062330
11.093042,0.280678,-0.211677,0.178501,2.369516,-1.066880,1.065952
11.096446,0.281056,-0.211788,0.178583,2.368465,-1.059446,1.068084
11.099518,0.281025,-0.211804,0.178405,2.370774,-1.055977,1.062960
11.102778,0.280981,-0.211882,0.178250,2.370651,-1.052753,1.059191
11.105878,0.280948,-0.211979,0.178165,2.369980,-1.047353,1.056298
11.109677,0.280927,-0.212099,0.178176,2.368646,-1.042360,1.055540
11.112925,0.280927,-0.212217,0.178194,2.366568,-1.038356,1.055306
11.115842,0.280943,-0.212325,0.178206,2.366100,-1.035080,1.053678
11.119621,0.280959,-0.212419,0.178157,2.365340,-1.032851,1.054080
11.122745,0.280962,-0.212488,0.178056,2.364061,-1.033274,1.055071
11.125772,0.280934,-0.212564,0.177938,2.363289,-1.033175,1.054869
11.129611,0.280904,-0.212615,0.177850,2.361559,-1.033511,1.055886
11.132558,0.280870,-0.212734,0.177746,2.359560,-1.037156,1.058229
11.136294,0.280765,-0.212885,0.177612,2.356471,-1.037531,1.058332
11.139162,0.280649,-0.213034,0.177521,2.354599,-1.037990,1.058037
11.142919,0.280577,-0.213158,0.177411,2.351120,-1.042467,1.062029
11.145975,0.280447,-0.213234,0.177270,2.350671,-1.046205,1.062501
11.149684,0.280344,-0.213207,0.177116,2.350359,-1.048533,1.063609
11.152593,0.280318,-0.213046,0.176921,2.352947,-1.056595,1.066445
11.155925,0.280288,-0.212870,0.176718,2.355524,-1.064380,1.067970
11.159300,0.280199,-0.212656,0.176544,2.359756,-1.069396,1.066206
11.162358,0.280150,-0.212477,0.176379,2.362958,-1.076405,1.066947
11.166259,0.280078,-0.212322,0.176251,2.366031,-1.082619,1.066792
11.169401,0.279965,-0.212319,0.176245,2.366454,-1.084106,1.067208
11.172476,0.279858,-0.212346,0.176254,2.367847,-1.085810,1.065621
11.176353,0.279815,-0.212421,0.176272,2.367236,-1.085191,1.066664
11.179835,0.279798,-0.212561,0.176277,2.367450,-1.084788,1.068235
11.183096,0.279804,-0.212603,0.176279,2.371059,-1.072446,1.066754
11.186211,0.279886,-0.212644,0.176239,2.373354,-1.073010,1.065856
11.189026,0.279966,-0.212648,0.176213,2.372186,-1.071905,1.070825
11.192901,0.280036,-0.212649,0.176163,2.377369,-1.064111,1.069605
11.196164,0.280119,-0.212493,0.176090,2.378460,-1.066385,1.071024
11.199522,0.280175,-0.212417,0.176023,2.376278,-1.079807,1.074826
11.202574,0.280117,-0.212272,0.175972,2.376735,-1.083226,1.076471
11.205922,0.280037,-0.212218,0.175918,2.377927,-1.084428,1.074217
11.209617,0.279891,-0.212268,0.175930,2.376483,-1.082473,1.072697
11.212761,0.279670,-0.212488,0.175933,2.374986,-1.075727,1.067189
11.219343,0.279480,-0.212699,0.175889,2.373709,-1.071342,1.062149
11.237440,0.279313,-0.212884,0.175803,2.374959,-1.068471,1.060562
11.252124,0.279224,-0.212788,0.175705,2.376123,-1.064953,1.055196
11.259833,0.279133,-0.212818,0.175563,2.378199,-1.076062,1.053689
11.270155,0.279095,-0.212878,0.175503,2.381537,-1.063031,1.048039
11.273489,0.279185,-0.213016,0.175577,2.382222,-1.060188,1.046118
11.284459,0.279325,-0.213178,0.175689,2.384729,-1.050865,1.041870
11.293384,0.279376,-0.213592,0.175880,2.387680,-1.039571,1.039436
11.302231,0.279455,-0.213820,0.176059,2.386886,-1.024725,1.034760
11.310896,0.279520,-0.213942,0.176205,2.384985,-1.039752,1.040564
11.320139,0.279273,-0.213889,0.176068,2.385948,-1.043475,1.044026
11.334322,0.278658,-0.213389,0.175541,2.383944,-1.055988,1.039774
11.338240,0.278127,-0.213264,0.175109,2.380722,-1.073742,1.035702
11.349591,0.277615,-0.213215,0.174826,2.376420,-1.091530,1.034899
11.360215,0.277123,-0.213229,0.174634,2.374875,-1.096808,1.029433
11.361974,0.276648,-0.213322,0.174471,2.371987,-1.100704,1.023241
11.365408,0.276521,-0.213560,0.174391,2.367799,-1.100191,1.023143
11.373491,0.276403,-0.213588,0.174401,2.366631,-1.101657,1.023925
11.376964,0.276396,-0.213424,0.174212,2.369062,-1.102866,1.023401
11.379386,0.276376,-0.213262,0.173977,2.372166,-1.106050,1.022738
11.383467,0.276376,-0.213090,0.173715,2.376741,-1.111510,1.019399
11.387022,0.276382,-0.212854,0.173479,2.379812,-1.115529,1.021840
11.390020,0.276416,-0.212641,0.173284,2.382575,-1.119177,1.023892
11.393679,0.276251,-0.212630,0.173116,2.381747,-1.123740,1.022671
11.396884,0.275994,-0.212718,0.173170,2.381728,-1.132602,1.019774
11.400178,0.275779,-0.212892,0.173334,2.368221,-1.134000,1.034950
11.403214,0.275660,-0.213182,0.173689,2.363528,-1.141849,1.037218
11.409974,0.276031,-0.214160,0.175191,2.347651,-1.142688,1.053567
11.413368,0.276449,-0.214610,0.175941,2.338126,-1.134702,1.071616
11.416712,0.276888,-0.214940,0.176545,2.331691,-1.122510,1.086422
11.429981,0.278151,-0.214775,0.176756,2.334305,-1.114785,1.090372
11.433579,0.278179,-0.214694,0.176714,2.329311,-1.100683,1.099322
11.437047,0.278132,-0.214649,0.176715,2.335138,-1.089873,1.096316
11.440288,0.278075,-0.214644,0.176776,2.339242,-1.090966,1.092588
11.449820,0.277905,-0.214573,0.176745,2.341401,-1.094695,1.084093
11.453749,0.277960,-0.214475,0.176672,2.340483,-1.092297,1.082949
11.456785,0.278029,-0.214176,0.176761,2.345566,-1.094944,1.083585
11.460195,0.278262,-0.213934,0.176903,2.352303,-1.093313,1.083967
11.463403,0.278468,-0.213920,0.177165,2.351481,-1.083115,1.085452
11.466997,0.278635,-0.213911,0.177407,2.348272,-1.079510,1.100154
11.470410,0.278737,-0.213770,0.177651,2.352640,-1.069865,1.097267
11.480277,0.278569,-0.214141,0.178024,2.350569,-1.056546,1.095363
11.483844,0.278522,-0.214234,0.178182,2.346145,-1.049784,1.094323
11.486672,0.278538,-0.214202,0.178381,2.346740,-1.053676,1.097362
11.490301,0.278514,-0.214161,0.178567,2.347604,-1.048595,1.095041
11.493664,0.278466,-0.213966,0.178614,2.347992,-1.049445,1.095062
11.496742,0.278366,-0.213743,0.178629,2.348601,-1.060343,1.099100
11.500253,0.278175,-0.213497,0.178616,2.346837,-1.069635,1.101839
11.506872,0.277714,-0.213493,0.178850,2.351331,-1.064774,1.096359
11.510162,0.277582,-0.213504,0.179091,2.355403,-1.059489,1.090539
11.512783,0.277414,-0.213705,0.179386,2.357706,-1.058141,1.085305
11.516961,0.277345,-0.213970,0.179790,2.360829,-1.044125,1.076768
11.520418,0.277363,-0.214268,0.180112,2.365901,-1.031285,1.070141
11.523549,0.277407,-0.214336,0.180280,2.360255,-1.034168,1.077159
11.526912,0.277421,-0.214343,0.180379,2.360977,-1.033926,1.078109
11.530412,0.277498,-0.214165,0.180432,2.363846,-1.037081,1.081322
11.533634,0.277617,-0.214003,0.180468,2.360982,-1.044060,1.090603
11.537069,0.277724,-0.213901,0.180540,2.354381,-1.049976,1.100343
11.546245,0.277995,-0.214993,0.181727,2.351407,-1.044080,1.100651
11.549902,0.277979,-0.215495,0.182278,2.342115,-1.039616,1.107935
11.559792,0.277545,-0.216582,0.183442,2.332340,-1.035851,1.115522
11.563436,0.277457,-0.216711,0.183601,2.326012,-1.030434,1.118417
11.567009,0.277415,-0.216779,0.183718,2.325100,-1.027041,1.119000
11.570049,0.277416,-0.216809,0.183818,2.324330,-1.028629,1.121181
11.573541,0.277563,-0.216818,0.184008,2.323672,-1.029217,1.126649
11.576434,0.277725,-0.216829,0.184245,2.320701,-1.030783,1.132353
11.580534,0.277862,-0.216816,0.184419,2.320167,-1.033042,1.136199
11.583420,0.278026,-0.216777,0.184603,2.319029,-1.036360,1.141078
11.586310,0.278179,-0.216747,0.184800,2.318244,-1.037345,1.144177
11.590306,0.278239,-0.216713,0.184940,2.314266,-1.054459,1.148482
11.596554,0.278002,-0.216251,0.184801,2.314527,-1.071237,1.151866
11.600240,0.278181,-0.216181,0.184973,2.319394,-1.069990,1.151199
11.603710,0.278340,-0.216118,0.185137,2.320005,-1.081715,1.153779
11.610072,0.278475,-0.216053,0.185354,2.319491,-1.107409,1.161697
11.641102,0.279177,-0.216201,0.186431,2.323450,-1.105953,1.161253
11.645707,0.279195,-0.216147,0.186579,2.326676,-1.100817,1.161099
11.673729,0.280407,-0.215973,0.188806,2.333832,-1.137809,1.153533
11.696748,0.280681,-0.215931,0.188861,2.338906,-1.145643,1.154579
11.710036,0.280960,-0.215898,0.188955,2.341172,-1.149406,1.156472
11.718196,0.281247,-0.215857,0.189056,2.348600,-1.152002,1.153310
11.719702,0.281524,-0.215818,0.189164,2.353358,-1.152383,1.153381
11.729185,0.281732,-0.215845,0.189377,2.354598,-1.166400,1.158908
11.732192,0.281635,-0.216021,0.189534,2.349823,-1.153028,1.159512
11.739286,0.281500,-0.216205,0.189672,2.345092,-1.139422,1.158908
11.748388,0.281353,-0.216412,0.189747,2.345306,-1.141330,1.156983
11.752834,0.281244,-0.216396,0.189920,2.340024,-1.131131,1.153625
11.755978,0.281170,-0.216360,0.189991,2.340605,-1.132417,1.152732
11.759303,0.281189,-0.216185,0.190047,2.346370,-1.146158,1.149180
11.762554,0.281177,-0.216176,0.190077,2.348018,-1.152177,1.146233
11.765916,0.281181,-0.216157,0.190158,2.343166,-1.142105,1.145780
11.769331,0.281128,-0.216365,0.190154,2.347379,-1.151847,1.146863
11.772333,0.281084,-0.216559,0.190116,2.341688,-1.141311,1.146148
11.775277,0.281031,-0.216761,0.190044,2.336030,-1.132386,1.146782
11.779411,0.281014,-0.216800,0.189997,2.335522,-1.131064,1.145233
11.782890,0.280977,-0.216834,0.189944,2.340786,-1.139562,1.143512
11.789572,0.280956,-0.216568,0.189918,2.336802,-1.131745,1.142322
11.792615,0.280945,-0.216459,0.189963,2.338030,-1.135396,1.142025
11.799138,0.280921,-0.216328,0.190088,2.336729,-1.137222,1.143642
11.802612,0.280910,-0.216443,0.190136,2.334778,-1.139068,1.146464
11.809469,0.280919,-0.216572,0.190257,2.333681,-1.141869,1.148696
11.811796,0.280911,-0.216323,0.190402,2.332619,-1.140978,1.149723
11.816043,0.280913,-0.216057,0.190533,2.336361,-1.145853,1.150219
11.819183,0.280908,-0.215770,0.190654,2.343353,-1.152035,1.149327
11.821753,0.280760,-0.215641,0.190649,2.348527,-1.147545,1.143181
11.825349,0.280602,-0.215577,0.190618,2.346956,-1.136578,1.139187
11.828996,0.280466,-0.215718,0.190509,2.350188,-1.137061,1.136440
11.832352,0.280407,-0.215832,0.190330,2.349630,-1.127010,1.132030
11.835671,0.280411,-0.215963,0.190171,2.349137,-1.125813,1.132098
11.838726,0.280560,-0.215939,0.190101,2.340892,-1.121455,1.137422
11.842031,0.280476,-0.215869,0.189995,2.340394,-1.116283,1.134407
11.845617,0.280403,-0.215790,0.189860,2.339891,-1.110654,1.131512
11.849067,0.280258,-0.215741,0.189775,2.341300,-1.118087,1.135325
11.852415,0.280225,-0.215344,0.189843,2.338084,-1.105437,1.128268
11.855331,0.280196,-0.214931,0.189917,2.347904,-1.116606,1.127494
11.858896,0.280407,-0.214516,0.190047,2.350210,-1.125425,1.134250
11.862556,0.280543,-0.214108,0.190187,2.353956,-1.133973,1.137769
11.865636,0.280660,-0.213698,0.190332,2.352267,-1.131001,1.137798
11.868810,0.280564,-0.213587,0.190248,2.355605,-1.142400,1.141807
11.872080,0.280460,-0.213462,0.190203,2.356449,-1.142163,1.139516
11.875047,0.280324,-0.213369,0.190137,2.355521,-1.142649,1.138298
11.879042,0.280215,-0.213310,0.190110,2.355267,-1.144950,1.137683
11.881980,0.280108,-0.213280,0.190108,2.356055,-1.144528,1.135786
11.885906,0.280156,-0.213354,0.190189,2.352889,-1.142543,1.137529
11.888731,0.280200,-0.213454,0.190258,2.349651,-1.146879,1.140707
11.892167,0.280175,-0.213531,0.190273,2.351202,-1.144021,1.137064
11.895462,0.280183,-0.213604,0.190259,2.349774,-1.144891,1.136549
11.898940,0.280204,-0.213654,0.190225,2.348506,-1.150876,1.136667
11.902262,0.280075,-0.213588,0.190164,2.351966,-1.152835,1.132902
11.905825,0.279950,-0.213477,0.190005,2.353310,-1.152791,1.129453
11.908794,0.279888,-0.213490,0.189926,2.351512,-1.157846,1.130292
11.912497,0.279828,-0.213490,0.189855,2.351606,-1.158107,1.128272
11.915177,0.279778,-0.213406,0.189824,2.353150,-1.159959,1.127222
11.918881,0.279798,-0.213327,0.189776,2.351221,-1.167788,1.130765
11.928432,0.279826,-0.213267,0.189812,2.351657,-1.173124,1.131587
11.947332,0.279886,-0.213045,0.189847,2.353818,-1.178032,1.132328
11.948997,0.279958,-0.212791,0.189850,2.356134,-1.185894,1.134917
11.961885,0.279933,-0.212547,0.189804,2.359023,-1.186710,1.133999
11.964775,0.279872,-0.212341,0.189774,2.362525,-1.183024,1.131469
11.967887,0.279789,-0.212240,0.189722,2.363477,-1.181574,1.130856
11.974841,0.279675,-0.212250,0.189560,2.364394,-1.179418,1.127875
11.978052,0.279534,-0.212402,0.189378,2.363729,-1.163341,1.121717
11.986359,0.279496,-0.212632,0.189212,2.356155,-1.151173,1.123499
11.988071,0.279563,-0.212523,0.189236,2.357811,-1.148351,1.122848
12.000136,0.279666,-0.212307,0.189231,2.358791,-1.143577,1.123741
12.012616,0.279750,-0.212279,0.189283,2.356810,-1.140077,1.126162
12.017601,0.279784,-0.212090,0.189293,2.350355,-1.133150,1.133213
12.025763,0.279753,-0.212067,0.189305,2.356026,-1.138451,1.131469
12.030733,0.279675,-0.212118,0.189176,2.345089,-1.127426,1.133347
12.032833,0.279665,-0.212302,0.189195,2.343577,-1.124013,1.131922
12.035897,0.279658,-0.212273,0.189274,2.337929,-1.123648,1.137718
12.043916,0.279664,-0.212597,0.189347,2.336663,-1.126540,1.137280
12.046208,0.279710,-0.212730,0.189371,2.328039,-1.117824,1.139370
12.055709,0.279673,-0.213127,0.189382,2.334136,-1.119682,1.132794
12.057196,0.279425,-0.213282,0.189153,2.326408,-1.111209,1.134512
12.066437,0.279330,-0.213555,0.189032,2.330874,-1.103442,1.123519
12.069648,0.279274,-0.213504,0.189016,2.330598,-1.104281,1.123424
12.072940,0.279225,-0.213474,0.189041,2.331197,-1.104974,1.123243
12.076276,0.279083,-0.213293,0.188906,2.332067,-1.105093,1.123184
12.080079,0.279055,-0.213250,0.188931,2.339322,-1.108994,1.116067
12.083271,0.278914,-0.213076,0.188809,2.333211,-1.105698,1.122485
12.086591,0.278882,-0.213041,0.188856,2.340165,-1.109301,1.115641
12.089660,0.278836,-0.212970,0.188905,2.340039,-1.110058,1.116275
12.093086,0.278929,-0.213056,0.189085,2.333570,-1.107650,1.122897
12.096822,0.279130,-0.212795,0.189280,2.334386,-1.117516,1.128877
12.099647,0.279341,-0.212537,0.189478,2.342326,-1.131757,1.128599
12.103285,0.279428,-0.212150,0.189517,2.336165,-1.128577,1.136624
12.106580,0.279491,-0.211993,0.189488,2.345638,-1.144237,1.136347
12.110100,0.279548,-0.211704,0.189512,2.346709,-1.146633,1.137353
12.113231,0.279499,-0.211760,0.189520,2.337499,-1.134836,1.144969
12.116374,0.279485,-0.211899,0.189875,2.336612,-1.131854,1.145946
12.119979,0.279454,-0.211950,0.190239,2.339610,-1.143263,1.151236
12.123086,0.279512,-0.211768,0.190717,2.333406,-1.136877,1.156121
12.126592,0.279502,-0.211754,0.191097,2.335274,-1.147310,1.161792
12.130017,0.279543,-0.211698,0.191515,2.342793,-1.156275,1.155393
12.133946,0.279489,-0.211575,0.191240,2.338638,-1.156862,1.161794
12.136201,0.279492,-0.211444,0.190990,2.340639,-1.157212,1.156868
12.139562,0.279447,-0.211352,0.190693,2.346058,-1.161968,1.152134
12.142762,0.279421,-0.211201,0.190407,2.346559,-1.162360,1.153269
12.146345,0.279320,-0.211176,0.190061,2.349386,-1.154587,1.147576
12.150095,0.279076,-0.211274,0.189921,2.352674,-1.155601,1.142149
12.152922,0.278981,-0.211378,0.189964,2.352381,-1.144874,1.137778
12.156462,0.278846,-0.211499,0.190000,2.349963,-1.143919,1.139274
12.160031,0.278723,-0.211659,0.190113,2.351441,-1.140546,1.132554
12.162703,0.278383,-0.211932,0.190161,2.347128,-1.137227,1.133041
12.166491,0.278224,-0.212098,0.190374,2.345075,-1.125377,1.128684
12.169597,0.277919,-0.212353,0.190321,2.343850,-1.124470,1.128391
12.172698,0.277658,-0.212611,0.190314,2.341579,-1.111992,1.124694
12.176578,0.277510,-0.212974,0.190275,2.335404,-1.100563,1.127306
12.179547,0.277603,-0.213140,0.190322,2.330926,-1.099184,1.134989
12.183285,0.277595,-0.213151,0.190344,2.330268,-1.098609,1.136151
12.186344,0.277497,-0.213122,0.190391,2.330403,-1.099095,1.136178
12.189795,0.277397,-0.213059,0.190409,2.331759,-1.098228,1.134723
12.192885,0.277232,-0.212874,0.190418,2.336789,-1.100204,1.128511
12.196030,0.277062,-0.212697,0.190447,2.342434,-1.103873,1.122461
12.199689,0.277013,-0.212644,0.190476,2.343655,-1.104633,1.121164
12.203105,0.277087,-0.212673,0.190542,2.342705,-1.105184,1.123070
12.206893,0.277159,-0.212721,0.190597,2.341248,-1.106119,1.125418
12.210076,0.277203,-0.212762,0.190643,2.341115,-1.106599,1.126329
12.213142,0.277225,-0.212828,0.190747,2.339592,-1.105407,1.127820
12.216278,0.277245,-0.212896,0.190849,2.337556,-1.115195,1.133502
12.219638,0.277199,-0.212936,0.190939,2.337270,-1.113961,1.133079
12.222909,0.277144,-0.212996,0.191017,2.336840,-1.114677,1.132826
12.226200,0.277057,-0.213073,0.191080,2.335575,-1.108318,1.128043
12.229937,0.276988,-0.213128,0.191093,2.334551,-1.109161,1.127931
12.232932,0.276923,-0.213177,0.191102,2.334211,-1.100089,1.124501
12.235798,0.276838,-0.213192,0.191093,2.333898,-1.100009,1.123109
12.239794,0.276759,-0.213212,0.191085,2.333947,-1.098431,1.121006
12.243449,0.276730,-0.213234,0.191129,2.331571,-1.102014,1.126192
12.246339,0.276693,-0.213288,0.191172,2.331448,-1.102996,1.122804
12.270910,0.276639,-0.213544,0.191439,2.330656,-1.111926,1.123416
12.282837,0.276601,-0.213696,0.191673,2.327174,-1.114317,1.126693
12.286123,0.276544,-0.213833,0.191872,2.323106,-1.116377,1.130115
12.288739,0.276457,-0.213936,0.192077,2.320671,-1.120493,1.131764
12.292967,0.276305,-0.214031,0.192273,2.314030,-1.117505,1.135677
12.333060,0.275520,-0.214212,0.192663,2.311059,-1.108832,1.134414
12.346374,0.275264,-0.214190,0.192796,2.309090,-1.106567,1.133380
12.352530,0.275007,-0.214207,0.193019,2.305516,-1.103924,1.134840
12.355656,0.274800,-0.214131,0.193247,2.304261,-1.104272,1.135656
12.364064,0.274747,-0.214045,0.193414,2.306258,-1.106796,1.137366
12.365893,0.274684,-0.213841,0.193626,2.306407,-1.103522,1.135574
12.376754,0.274551,-0.213815,0.193762,2.306568,-1.104942,1.137983
12.389724,0.274302,-0.213729,0.193901,2.310990,-1.101246,1.134458
12.399332,0.274017,-0.213756,0.193982,2.312136,-1.094713,1.133203
12.403155,0.273742,-0.213779,0.194092,2.311698,-1.088214,1.131216
12.407026,0.273478,-0.213851,0.194186,2.310650,-1.085833,1.134301
12.410312,0.273284,-0.213802,0.194332,2.313678,-1.082138,1.132304
12.413736,0.273229,-0.213723,0.194331,2.308267,-1.080378,1.136065
12.417245,0.273198,-0.213611,0.194351,2.307723,-1.081183,1.136492
12.420455,0.273174,-0.213466,0.194373,2.309858,-1.084208,1.137684
12.423155,0.273169,-0.213300,0.194457,2.310119,-1.084407,1.137505
12.426305,0.273149,-0.213199,0.194522,2.308496,-1.083485,1.137695
12.430381,0.273191,-0.213143,0.194626,2.312284,-1.086663,1.137430
12.433010,0.273244,-0.213070,0.194742,2.312617,-1.085602,1.137226
12.436916,0.273268,-0.213065,0.194894,2.315028,-1.085937,1.133727
12.440036,0.273296,-0.213131,0.195089,2.313955,-1.085296,1.136729
12.443190,0.273324,-0.213182,0.195278,2.310494,-1.082814,1.139294
12.446826,0.273312,-0.213137,0.195294,2.313258,-1.083829,1.136076
12.450456,0.273299,-0.213099,0.195308,2.316867,-1.086315,1.134222
12.453747,0.273321,-0.212976,0.195280,2.315447,-1.091518,1.139174
12.456392,0.273458,-0.212790,0.195219,2.321779,-1.094889,1.134223
12.460419,0.273599,-0.212583,0.195168,2.328666,-1.104712,1.132080
12.463519,0.273739,-0.212471,0.195290,2.329324,-1.111091,1.134167
12.467150,0.273835,-0.212408,0.195532,2.329689,-1.108974,1.130826
12.469922,0.273929,-0.212386,0.195769,2.325108,-1.105507,1.133609
12.476421,0.273853,-0.212421,0.196030,2.325736,-1.115318,1.136691
12.480106,0.273794,-0.212319,0.196355,2.323909,-1.107254,1.132981
12.483000,0.273558,-0.212481,0.196476,2.323435,-1.108460,1.135584
12.486756,0.273367,-0.212633,0.196442,2.322656,-1.106116,1.137275
12.489533,0.273166,-0.212816,0.196390,2.326953,-1.099562,1.129778
12.492883,0.273068,-0.212977,0.196263,2.320251,-1.083956,1.128103
12.496855,0.273114,-0.212906,0.196146,2.323413,-1.093968,1.132567
12.499888,0.273356,-0.212568,0.196221,2.325827,-1.093635,1.130010
12.503492,0.273667,-0.212207,0.196354,2.322494,-1.099649,1.136098
12.506317,0.273972,-0.211766,0.196576,2.326215,-1.114826,1.142029
12.510324,0.274215,-0.211309,0.196780,2.332353,-1.132314,1.145484
12.513000,0.274314,-0.211431,0.197038,2.324585,-1.126621,1.148391
12.516718,0.274333,-0.211788,0.197308,2.318395,-1.132018,1.155062
12.520184,0.274118,-0.212237,0.197453,2.319216,-1.127033,1.150802
12.523846,0.273810,-0.212728,0.197496,2.310605,-1.110412,1.148453
12.526904,0.273491,-0.213203,0.197541,2.306000,-1.093684,1.143107
12.529393,0.273152,-0.213487,0.197449,2.309003,-1.087262,1.136901
12.533370,0.273027,-0.213558,0.197368,2.305577,-1.068204,1.131622
12.537016,0.273178,-0.213316,0.197415,2.306067,-1.076548,1.135308
12.539147,0.273436,-0.213091,0.197467,2.307654,-1.078304,1.136701
12.542916,0.273708,-0.212875,0.197503,2.309934,-1.088669,1.141336
12.550523,0.274252,-0.211968,0.197460,2.311755,-1.100072,1.147686
12.553831,0.274363,-0.211724,0.197447,2.312082,-1.101605,1.148714
12.556691,0.274419,-0.211503,0.197595,2.314579,-1.103434,1.150201
12.560210,0.274480,-0.211244,0.197763,2.316580,-1.116672,1.153286
12.562805,0.274462,-0.211189,0.197980,2.316060,-1.121177,1.154756
12.567154,0.274476,-0.211063,0.198156,2.317589,-1.125644,1.153886
12.570408,0.274486,-0.210921,0.198243,2.324541,-1.145777,1.156268
12.573721,0.274542,-0.210789,0.198170,2.325088,-1.148996,1.154685
12.576123,0.274320,-0.210852,0.197940,2.328118,-1.137431,1.146177
12.580004,0.274097,-0.210954,0.197716,2.329133,-1.124089,1.140306
12.583184,0.274024,-0.211091,0.197763,2.323068,-1.113618,1.141624
12.586995,0.273957,-0.211207,0.197874,2.317162,-1.100947,1.141031
12.589944,0.273922,-0.211244,0.198022,2.311876,-1.092984,1.145261
12.593516,0.274193,-0.211084,0.198348,2.311283,-1.106247,1.156071
12.600292,0.274556,-0.210447,0.198746,2.309572,-1.121656,1.165376
12.603142,0.274578,-0.210148,0.198801,2.314823,-1.130218,1.165870
12.609189,0.274633,-0.209812,0.198832,2.317234,-1.132747,1.167901
12.625957,0.274682,-0.209481,0.198835,2.320566,-1.139915,1.167979
12.641759,0.274707,-0.209271,0.198831,2.318851,-1.137609,1.166941
12.727033,0.272095,-0.206048,0.200203,2.348309,-1.064400,1.087916
12.749116,0.270748,-0.204888,0.199140,2.343094,-1.062154,1.095442
12.758957,0.271389,-0.204955,0.200319,2.342106,-1.051349,1.096889
12.763822,0.271911,-0.205111,0.201076,2.338643,-1.051972,1.098635
12.767087,0.272397,-0.205020,0.201631,2.328853,-1.045778,1.115895
12.769981,0.272586,-0.204791,0.201778,2.329045,-1.049918,1.119215
12.773745,0.272738,-0.204550,0.201878,2.328017,-1.050631,1.119386
12.777252,0.272848,-0.204228,0.201939,2.326171,-1.062713,1.124563
12.780542,0.272880,-0.203891,0.201976,2.327065,-1.066336,1.127415
12.784038,0.272823,-0.203878,0.202123,2.325910,-1.058614,1.126007
12.787245,0.272811,-0.203815,0.202186,2.325436,-1.054684,1.125144
12.790900,0.272778,-0.203787,0.202266,2.326511,-1.053267,1.127279
12.817124,0.272479,-0.203468,0.203815,2.343172,-1.020178,1.103718
12.820329,0.272480,-0.203475,0.203895,2.343384,-1.017029,1.102693
12.823681,0.272524,-0.203305,0.203897,2.344092,-1.020548,1.104805
12.827321,0.272543,-0.203062,0.203960,2.341973,-1.030215,1.108240
12.830718,0.272539,-0.202774,0.203979,2.344023,-1.030773,1.106794
12.833953,0.272566,-0.202424,0.203929,2.343074,-1.039283,1.111358
12.837543,0.272575,-0.202066,0.203895,2.344526,-1.047798,1.112714
12.840730,0.272541,-0.201871,0.203911,2.344373,-1.051226,1.110432
12.843900,0.272541,-0.201834,0.204128,2.343724,-1.048839,1.109704
12.847230,0.272566,-0.201823,0.204352,2.340259,-1.045446,1.113245
12.850559,0.272629,-0.201852,0.204619,2.337248,-1.043988,1.112723
12.853798,0.272683,-0.201870,0.204963,2.330297,-1.039779,1.117268
12.857207,0.272736,-0.201898,0.205315,2.324457,-1.036552,1.122002
12.860560,0.272787,-0.201854,0.205479,2.320755,-1.036270,1.124889
12.863269,0.272868,-0.201764,0.205667,2.318916,-1.036640,1.125573
12.866591,0.273086,-0.201474,0.205952,2.318268,-1.042531,1.131350
12.870599,0.273352,-0.201076,0.206207,2.322973,-1.057262,1.134458
12.873457,0.273697,-0.200573,0.206453,2.324832,-1.070052,1.144079
12.876838,0.274105,-0.200042,0.206737,2.329027,-1.083588,1.149275
12.880384,0.274456,-0.199540,0.206986,2.334357,-1.096811,1.154382
12.883728,0.274618,-0.199290,0.207141,2.338541,-1.101058,1.155061
12.887062,0.274779,-0.199137,0.207256,2.337141,-1.089026,1.152485
12.890603,0.274657,-0.199296,0.207204,2.341038,-1.089582,1.148791
12.893499,0.274485,-0.199441,0.207107,2.341343,-1.075067,1.143085
12.897343,0.274323,-0.199582,0.206979,2.341797,-1.060248,1.136872
12.900836,0.274195,-0.199676,0.206827,2.342769,-1.048406,1.130384
12.904092,0.274093,-0.199761,0.206670,2.345307,-1.046899,1.129023
12.907589,0.274214,-0.199641,0.206713,2.344691,-1.033356,1.124009
12.910656,0.274323,-0.199540,0.206797,2.346006,-1.032651,1.123840
12.914083,0.274466,-0.199421,0.206939,2.345857,-1.032189,1.125010
12.917231,0.274588,-0.199332,0.207084,2.343666,-1.031289,1.127785
12.920712,0.274700,-0.199262,0.207273,2.341979,-1.030204,1.131407
12.923608,0.274890,-0.199213,0.207581,2.335745,-1.024222,1.135358
12.926880,0.275085,-0.199143,0.207876,2.330532,-1.020968,1.141766
12.930590,0.275200,-0.199090,0.208121,2.326132,-1.016089,1.145422
12.933656,0.275327,-0.199026,0.208329,2.322407,-1.012675,1.147684
12.941180,0.275418,-0.198803,0.208494,2.320428,-1.009480,1.149650
12.947563,0.275500,-0.198496,0.208561,2.324911,-1.012488,1.148017
12.959711,0.275594,-0.197947,0.208722,2.328455,-1.021110,1.150924
12.962288,0.275860,-0.197296,0.208901,2.332634,-1.025927,1.149526
12.973832,0.276119,-0.196653,0.209097,2.336777,-1.031601,1.150235
12.982997,0.276414,-0.196155,0.209612,2.335828,-1.029225,1.152940
12.993698,0.276765,-0.195597,0.210181,2.335292,-1.031953,1.157881
13.029911,0.277321,-0.195041,0.211240,2.334796,-1.016789,1.152211
13.036485,0.277576,-0.194551,0.211915,2.332915,-1.020381,1.158160
13.047114,0.277793,-0.193920,0.212360,2.332203,-1.022261,1.163757
13.056261,0.277898,-0.193364,0.212726,2.335940,-1.029606,1.166343
13.064923,0.278039,-0.192766,0.213080,2.337273,-1.025014,1.168557
13.072174,0.278187,-0.191887,0.213706,2.338183,-1.034993,1.177082
13.079137,0.278025,-0.191790,0.214045,2.335070,-1.018515,1.174334
13.082535,0.277777,-0.191945,0.214122,2.333197,-1.004585,1.171656
13.085668,0.277565,-0.192123,0.214145,2.332160,-0.992437,1.165153
13.089198,0.277346,-0.192353,0.214142,2.329268,-0.983480,1.160888
13.092517,0.277145,-0.192578,0.214122,2.328001,-0.972865,1.155958
13.095850,0.277062,-0.192642,0.214228,2.330451,-0.965039,1.149397
13.098997,0.277015,-0.192680,0.214359,2.326750,-0.958709,1.147866
13.102685,0.276989,-0.192577,0.214459,2.325027,-0.957067,1.148948
13.105975,0.276971,-0.192450,0.214507,2.326069,-0.959389,1.148036
13.109161,0.276952,-0.192267,0.214543,2.326595,-0.958679,1.142118
13.112615,0.276963,-0.192046,0.214530,2.326881,-0.966555,1.145371
13.115722,0.276975,-0.191825,0.214520,2.331608,-0.971353,1.141341
13.119139,0.276943,-0.191740,0.214539,2.332254,-0.969620,1.136354
13.122221,0.276939,-0.191564,0.214674,2.334107,-0.967413,1.133344
13.125881,0.277168,-0.191129,0.214880,2.335817,-0.975980,1.138758
13.129120,0.277449,-0.190658,0.215066,2.338955,-0.989379,1.142929
13.132484,0.277762,-0.190229,0.215345,2.340025,-0.997794,1.150629
13.135669,0.278079,-0.189770,0.215635,2.340879,-1.008229,1.158707
13.139180,0.278361,-0.189420,0.215864,2.341780,-1.024008,1.164810
13.142015,0.278461,-0.189379,0.216039,2.340033,-1.024925,1.167851
13.145284,0.278603,-0.189353,0.216225,2.334923,-1.024009,1.172078
13.149133,0.278735,-0.189233,0.216289,2.334041,-1.031316,1.172413
13.152086,0.278868,-0.189105,0.216358,2.334516,-1.030655,1.171631
13.155495,0.279001,-0.189079,0.216790,2.329121,-1.029135,1.177092
13.159099,0.279158,-0.189059,0.217215,2.323458,-1.030906,1.184789
13.162461,0.279265,-0.188958,0.217650,2.323126,-1.032964,1.189043
13.165834,0.279296,-0.188886,0.218102,2.324036,-1.027208,1.189977
13.168911,0.279164,-0.188829,0.218484,2.318255,-1.030353,1.197281
13.172404,0.279100,-0.188694,0.218520,2.318951,-1.020106,1.194133
13.175797,0.278976,-0.188348,0.218529,2.322204,-1.019467,1.190105
13.178913,0.278867,-0.188074,0.218424,2.326727,-1.014226,1.184785
13.182517,0.278875,-0.187742,0.218140,2.325282,-1.007800,1.181931
13.185915,0.279004,-0.187401,0.217895,2.331872,-1.007140,1.176710
13.189023,0.279067,-0.187043,0.217629,2.338159,-1.014211,1.175093
13.192412,0.279129,-0.186777,0.217412,2.339440,-1.004779,1.169323
13.195332,0.279098,-0.186522,0.217244,2.340140,-1.005687,1.168138
13.198605,0.279009,-0.186343,0.217250,2.343410,-1.012794,1.168585
13.201996,0.278967,-0.186174,0.217253,2.344457,-1.005586,1.163354
13.205689,0.278932,-0.186005,0.217266,2.344277,-1.004232,1.161577
13.209385,0.278900,-0.185930,0.217244,2.347402,-1.012646,1.163910
13.212553,0.278929,-0.185851,0.217279,2.347216,-1.011460,1.163337
13.214983,0.278952,-0.185778,0.217327,2.346573,-1.009870,1.162624
13.218668,0.278957,-0.185743,0.217384,2.346644,-1.018990,1.168551
13.222069,0.279079,-0.185592,0.217495,2.346473,-1.011676,1.166233
13.226049,0.279188,-0.185427,0.217630,2.347040,-1.011165,1.166070
13.229255,0.279313,-0.185247,0.217743,2.348054,-1.014546,1.168048
13.232501,0.279442,-0.185065,0.217860,2.349015,-1.015073,1.169900
13.235577,0.279583,-0.184877,0.217961,2.348998,-1.011336,1.168997
13.239079,0.279615,-0.184759,0.218019,2.349654,-1.018294,1.171908
13.242484,0.279624,-0.184550,0.218052,2.347294,-1.016130,1.174265
13.245696,0.279626,-0.184356,0.218079,2.347928,-1.011974,1.171608
13.249076,0.279626,-0.184113,0.218124,2.350131,-1.013626,1.168979
13.252436,0.279622,-0.183842,0.218209,2.353201,-1.016759,1.166058
13.259122,0.279584,-0.183513,0.218433,2.355088,-1.016563,1.162966
13.276429,0.279412,-0.183251,0.218706,2.358645,-1.011427,1.150004
13.289408,0.279208,-0.183038,0.219042,2.359318,-1.003646,1.140781
13.292708,0.279249,-0.182640,0.219459,2.356526,-0.999054,1.143223
13.301730,0.279363,-0.182124,0.219818,2.357428,-0.992429,1.142017
13.312556,0.279518,-0.181567,0.220081,2.361108,-0.989716,1.142053
13.315239,0.279832,-0.180999,0.220341,2.365643,-0.987396,1.143738
13.348465,0.280143,-0.180147,0.220882,2.352282,-0.998296,1.164021
13.351730,0.280063,-0.180051,0.221180,2.358192,-0.992548,1.156999
13.355359,0.279965,-0.180076,0.221365,2.355135,-0.980140,1.155066
13.358774,0.279850,-0.180183,0.221537,2.348985,-0.966791,1.150495
13.361935,0.279748,-0.180187,0.221628,2.342836,-0.960278,1.151895
13.365117,0.279667,-0.180247,0.221837,2.355533,-0.955486,1.136725
13.371518,0.279587,-0.180209,0.222032,2.347149,-0.949136,1.139371
13.375461,0.279612,-0.180182,0.222223,2.346067,-0.951671,1.134082
13.385146,0.279641,-0.179848,0.222354,2.345792,-0.953364,1.136161
13.402922,0.279781,-0.179505,0.222482,2.348480,-0.952790,1.135129
13.416891,0.279985,-0.178952,0.222519,2.349768,-0.940876,1.134366
13.419214,0.280202,-0.178439,0.222563,2.354288,-0.946190,1.134389
13.430729,0.280320,-0.177931,0.222690,2.357232,-0.944594,1.139552
13.433775,0.280482,-0.177727,0.222859,2.359022,-0.947263,1.140353
13.440280,0.280727,-0.177816,0.223114,2.356719,-0.951679,1.142034
13.443636,0.280830,-0.177950,0.223232,2.352003,-0.955028,1.147161
13.447254,0.280904,-0.178083,0.223309,2.350631,-0.951675,1.145880
13.450480,0.280949,-0.178203,0.223365,2.347977,-0.958632,1.145270
13.453169,0.280875,-0.178211,0.223357,2.343505,-0.963140,1.150819
13.457031,0.280840,-0.178249,0.223648,2.343735,-0.966671,1.151152
13.460316,0.280822,-0.178241,0.223926,2.342929,-0.972408,1.151996
13.463662,0.280839,-0.178224,0.224221,2.339367,-0.979275,1.158478
13.466387,0.280857,-0.178222,0.224503,2.336535,-0.982249,1.164474
13.470232,0.280941,-0.178209,0.224849,2.338689,-0.982341,1.158662
13.473358,0.280963,-0.178147,0.224594,2.335039,-0.984038,1.164971
13.476735,0.280991,-0.178015,0.224377,2.337384,-0.981389,1.159837
13.480013,0.281008,-0.177877,0.224158,2.345134,-0.986366,1.152170
13.483227,0.281093,-0.177667,0.224003,2.345316,-0.985225,1.153333
13.487123,0.281174,-0.177494,0.223830,2.350448,-0.991739,1.154995
13.490331,0.281258,-0.177323,0.223931,2.358020,-0.996065,1.147611
13.493624,0.281256,-0.177312,0.224022,2.354865,-0.995559,1.152238
13.496912,0.281251,-0.177322,0.224103,2.349475,-0.986645,1.151828
13.499972,0.281180,-0.177372,0.224142,2.355056,-0.989676,1.142403
13.503267,0.281189,-0.177462,0.224295,2.345503,-0.983005,1.147947
13.506543,0.281199,-0.177550,0.224449,2.339893,-0.976927,1.150441
13.510494,0.281283,-0.177588,0.224555,2.342913,-0.978409,1.146812
13.513719,0.281362,-0.177593,0.224650,2.343070,-0.979729,1.151018
13.516648,0.281403,-0.177598,0.224729,2.339720,-0.974924,1.154081
13.520350,0.281367,-0.177502,0.224734,2.344417,-0.974097,1.147452
13.523557,0.281329,-0.177407,0.224737,2.345360,-0.973287,1.147281
13.526748,0.281280,-0.177106,0.224706,2.351623,-0.975730,1.143463
13.530299,0.281236,-0.176836,0.224687,2.357170,-0.977782,1.137897
13.533591,0.281378,-0.176758,0.225007,2.355446,-0.974576,1.141630
13.537177,0.281534,-0.176592,0.225356,2.357948,-0.979263,1.146003
13.540327,0.281685,-0.176426,0.225704,2.360479,-0.982979,1.148824
13.543340,0.281826,-0.176461,0.226078,2.353492,-0.977595,1.155961
13.546679,0.281905,-0.176442,0.226488,2.351324,-0.983886,1.163238
13.549919,0.281835,-0.176249,0.226565,2.356686,-0.994821,1.162430
13.552786,0.281691,-0.176219,0.226544,2.352504,-0.991199,1.163341
13.557342,0.281602,-0.176127,0.226335,2.355705,-0.993193,1.159463
13.560517,0.281543,-0.176031,0.226112,2.362345,-0.993994,1.154101
13.563599,0.281544,-0.175999,0.225848,2.361003,-0.982359,1.152163
13.566552,0.281483,-0.175950,0.225565,2.363464,-0.972201,1.146600
13.570227,0.281473,-0.175869,0.225341,2.371123,-0.969636,1.139370
13.573704,0.281420,-0.175807,0.225380,2.368940,-0.964890,1.143028
13.576823,0.281372,-0.175746,0.225478,2.370498,-0.965575,1.141380
13.580479,0.281323,-0.175696,0.225570,2.376229,-0.968216,1.136594
13.583745,0.281336,-0.175800,0.226031,2.368352,-0.963209,1.143061
13.586894,0.281369,-0.175794,0.226522,2.366606,-0.966204,1.147731
13.589510,0.281397,-0.175834,0.226940,2.367785,-0.967126,1.146301
13.593509,0.281569,-0.175904,0.227389,2.358535,-0.964821,1.156505
13.596695,0.281776,-0.175852,0.227878,2.355828,-0.968924,1.165205
13.599859,0.281974,-0.175661,0.228015,2.361001,-0.980298,1.168920
13.603620,0.282144,-0.175617,0.228116,2.354767,-0.975144,1.172995
13.606751,0.282263,-0.175560,0.228204,2.353546,-0.975170,1.176247
13.610326,0.282220,-0.175484,0.228234,2.359380,-0.979528,1.174941
13.613142,0.282127,-0.175681,0.228325,2.351197,-0.970950,1.176942
13.617172,0.282044,-0.175882,0.228421,2.344693,-0.961690,1.177297
13.620305,0.281935,-0.176019,0.228493,2.348764,-0.966951,1.177944
13.623486,0.281876,-0.176145,0.228603,2.342276,-0.960441,1.180088
13.626818,0.281817,-0.176271,0.228713,2.335101,-0.953831,1.182058
13.630761,0.281770,-0.176193,0.228753,2.335763,-0.954970,1.181896
13.633970,0.281726,-0.176100,0.228801,2.335598,-0.956039,1.182440
13.637238,0.281725,-0.176004,0.228871,2.329885,-0.951718,1.183975
13.640615,0.281701,-0.175917,0.228927,2.329501,-0.951798,1.184624
13.643823,0.281609,-0.175814,0.228970,2.330594,-0.951584,1.182607
13.646848,0.281465,-0.175716,0.229019,2.332039,-0.952071,1.181732
13.649488,0.281272,-0.175613,0.229050,2.334268,-0.945263,1.174924
13.653413,0.281018,-0.175407,0.228997,2.339803,-0.944798,1.170974
13.664690,0.280830,-0.175028,0.228917,2.341680,-0.941554,1.170963
13.685324,0.280572,-0.174674,0.228903,2.345242,-0.936486,1.168735
13.700310,0.280346,-0.174369,0.228920,2.344883,-0.924936,1.163088
13.703382,0.280195,-0.174017,0.229067,2.344689,-0.925971,1.167760
13.713870,0.280517,-0.174275,0.230269,2.327067,-0.929592,1.186774
13.715919,0.280797,-0.174722,0.231487,2.312232,-0.943962,1.204962
13.725102,0.280766,-0.174469,0.231677,2.312225,-0.949152,1.207152
13.747954,0.280804,-0.173983,0.231844,2.316649,-0.958435,1.213707
13.759804,0.280854,-0.173449,0.231863,2.318239,-0.965462,1.216973
13.761796,0.280433,-0.172446,0.230902,2.336728,-0.959610,1.201422
13.765274,0.279958,-0.171387,0.229871,2.355617,-0.951486,1.183024
13.775151,0.279877,-0.171003,0.229873,2.360343,-0.954556,1.183939
13.785181,0.279755,-0.170803,0.229852,2.359982,-0.960250,1.183733
13.795827,0.279593,-0.170718,0.229860,2.361757,-0.963125,1.183439
13.798818,0.279371,-0.170591,0.229862,2.362491,-0.970335,1.183978
13.802058,0.279224,-0.170355,0.229919,2.363759,-0.962860,1.176544
13.809571,0.279019,-0.170158,0.229855,2.363797,-0.968015,1.179170
13.813444,0.278924,-0.169975,0.229828,2.365485,-0.964933,1.178900
13.817029,0.278845,-0.169902,0.230005,2.363324,-0.967764,1.182922
13.820059,0.278884,-0.169857,0.230180,2.362281,-0.963023,1.184316
13.823138,0.278860,-0.169967,0.230332,2.359847,-0.970869,1.193646
13.829603,0.278902,-0.170135,0.230707,2.356037,-0.966356,1.193499
13.833063,0.278842,-0.170079,0.230674,2.353760,-0.967848,1.195307
13.839343,0.278649,-0.169613,0.230557,2.362682,-0.962374,1.189348
13.843045,0.278573,-0.169207,0.230449,2.365340,-0.964019,1.188449
13.846429,0.278497,-0.168827,0.230358,2.368908,-0.965593,1.188325
13.849573,0.278434,-0.168556,0.230281,2.371971,-0.965689,1.187748
13.853091,0.278379,-0.168143,0.230163,2.377348,-0.965784,1.186833
