t_sec,x_m,y_m,z_m,rx_rad,ry_rad,rz_rad
0.002422,0.433934,0.133119,0.110344,2.707738,0.648450,0.755210
0.006092,0.433840,0.133246,0.110264,2.712753,0.658410,0.747703
0.008868,0.433981,0.133251,0.110323,2.710132,0.654380,0.753233
0.012423,0.434078,0.133295,0.110353,2.712565,0.654500,0.751864
0.015486,0.434226,0.133242,0.110478,2.713857,0.658719,0.749047
0.021804,0.434708,0.133024,0.110519,2.708828,0.658154,0.753272
0.024840,0.435179,0.132796,0.110587,2.702583,0.647779,0.761128
0.028184,0.435461,0.132619,0.110545,2.702970,0.649196,0.758978
0.031444,0.435626,0.132517,0.110434,2.699591,0.643581,0.762117
0.035336,0.435885,0.132264,0.110301,2.696238,0.645581,0.760532
0.038727,0.435998,0.132070,0.110246,2.694867,0.645338,0.758580
0.041817,0.436159,0.131849,0.110200,2.693653,0.644622,0.758320
0.045339,0.436306,0.131654,0.110179,2.691028,0.642060,0.758113
0.048579,0.436432,0.131552,0.110171,2.695009,0.639885,0.755601
0.052022,0.436462,0.131611,0.110204,2.705960,0.619821,0.763878
0.055364,0.436622,0.131585,0.110231,2.706964,0.618787,0.764325
0.058493,0.436714,0.131551,0.110296,2.708294,0.617644,0.766269
0.061708,0.436797,0.131498,0.110369,2.710665,0.615657,0.765036
0.064739,0.436809,0.131316,0.110450,2.710555,0.618885,0.764196
0.068315,0.436755,0.131112,0.110499,2.704168,0.631748,0.756215
0.071549,0.436193,0.130985,0.110494,2.708303,0.640043,0.746225
0.075303,0.435652,0.130893,0.110443,2.711265,0.648817,0.733748
0.078272,0.435505,0.130697,0.110444,2.716554,0.645163,0.730923
0.081510,0.435684,0.130827,0.110179,2.717527,0.633261,0.737753
0.085185,0.435699,0.130982,0.109834,2.730323,0.611446,0.744690
0.088429,0.435983,0.131239,0.109525,2.741290,0.588488,0.753636
0.091429,0.436257,0.131464,0.109224,2.753461,0.557069,0.764855
0.095287,0.436207,0.131790,0.108857,2.762595,0.538514,0.771267
0.098279,0.436061,0.131633,0.108714,2.769270,0.530503,0.770336
0.101682,0.436150,0.131437,0.108657,2.748218,0.550727,0.760593
0.104950,0.436376,0.130462,0.109082,2.749189,0.537825,0.764625
0.108246,0.436518,0.130231,0.109010,2.728447,0.568279,0.756343
0.111479,0.436621,0.129808,0.108876,2.729040,0.567853,0.756145
0.115175,0.436660,0.129577,0.108776,2.730320,0.562220,0.753727
0.118809,0.436443,0.128995,0.109157,2.738556,0.557419,0.751723
0.121627,0.435909,0.128553,0.109176,2.718099,0.595541,0.732672
0.125334,0.435448,0.127289,0.109642,2.717279,0.599949,0.722148
0.128119,0.434963,0.126202,0.110136,2.696064,0.632786,0.702345
0.131694,0.434474,0.125081,0.110615,2.672619,0.669084,0.684269
0.149212,0.434391,0.123906,0.110544,2.686164,0.651489,0.688931
0.158850,0.434750,0.123913,0.109773,2.681564,0.652399,0.689873
0.162679,0.435196,0.123800,0.109268,2.691404,0.623365,0.706100
0.165789,0.435643,0.123671,0.108757,2.693931,0.603558,0.717384
0.178325,0.436123,0.123376,0.108333,2.702450,0.572666,0.733026
0.182064,0.436507,0.123247,0.107860,2.682932,0.578621,0.734657
0.215208,0.436979,0.121005,0.108697,2.690246,0.548411,0.747559
0.225968,0.436999,0.120277,0.109012,2.683684,0.548138,0.748555
0.236996,0.436992,0.118964,0.109598,2.683703,0.539567,0.754218
0.238858,0.436855,0.118356,0.109874,2.678919,0.543384,0.753161
0.249388,0.436723,0.117712,0.110055,2.678426,0.545653,0.747434
0.257688,0.436597,0.117086,0.110219,2.679604,0.544925,0.746637
0.262263,0.436340,0.116519,0.110260,2.680242,0.547636,0.742731
0.267792,0.436175,0.116020,0.110326,2.682212,0.547156,0.740598
0.272498,0.436060,0.115574,0.110275,2.685337,0.540796,0.740541
0.275376,0.435974,0.115226,0.110253,2.681686,0.548880,0.740772
0.279224,0.435862,0.114907,0.110121,2.682162,0.545458,0.741380
0.281945,0.435780,0.114634,0.109988,2.686736,0.534066,0.744716
0.285741,0.435648,0.114410,0.109775,2.688323,0.525490,0.747981
0.289105,0.435593,0.114256,0.109784,2.688685,0.521070,0.750625
0.291987,0.435538,0.114098,0.109791,2.696674,0.499964,0.758498
0.295195,0.435532,0.113919,0.109839,2.700979,0.488592,0.763455
0.299092,0.435429,0.113673,0.109844,2.699677,0.486257,0.764405
0.301995,0.435300,0.113472,0.109898,2.703582,0.477726,0.766681
0.306012,0.435116,0.113400,0.109743,2.711701,0.464148,0.771568
0.309152,0.434952,0.113282,0.109577,2.718583,0.452422,0.775380
0.312523,0.434779,0.113140,0.109427,2.720704,0.448189,0.777697
0.315673,0.434721,0.112945,0.109375,2.726242,0.439546,0.780365
0.319085,0.434650,0.112764,0.109299,2.729146,0.436626,0.780865
0.321927,0.434538,0.112526,0.109281,2.731099,0.434330,0.778787
0.325764,0.434348,0.112201,0.109342,2.731160,0.432721,0.776611
0.328933,0.434167,0.111853,0.109369,2.730489,0.431659,0.774117
0.332162,0.433988,0.111555,0.109432,2.732393,0.428714,0.773860
0.335437,0.433836,0.111161,0.109467,2.731725,0.428132,0.771240
0.339202,0.433732,0.110809,0.109473,2.731187,0.427365,0.772490
0.341906,0.433676,0.110523,0.109379,2.730565,0.428981,0.771899
0.345594,0.433637,0.110294,0.109333,2.731024,0.428226,0.773172
0.349253,0.433598,0.109975,0.109260,2.728586,0.427898,0.774206
0.352242,0.433549,0.109745,0.109250,2.722699,0.436112,0.773991
0.355467,0.433532,0.109476,0.109205,2.722874,0.432078,0.773545
0.358499,0.433510,0.109229,0.109166,2.722558,0.427478,0.776353
0.361919,0.433441,0.108930,0.109160,2.720562,0.426068,0.772561
0.365250,0.433329,0.108661,0.109239,2.722294,0.418386,0.773117
0.375680,0.432901,0.107887,0.109319,2.728011,0.401653,0.777263
0.378874,0.432642,0.107616,0.109287,2.728095,0.400260,0.775560
0.382335,0.432412,0.107348,0.109192,2.725621,0.399997,0.774121
0.385365,0.432200,0.107048,0.109117,2.725921,0.396251,0.776337
0.395177,0.431684,0.105781,0.109040,2.722394,0.398400,0.773619
0.398915,0.431496,0.105344,0.109107,2.718400,0.399840,0.770366
0.402099,0.431272,0.104998,0.109171,2.714701,0.397919,0.769069
0.405395,0.431007,0.104661,0.109261,2.716938,0.389025,0.768772
0.408776,0.430774,0.104337,0.109330,2.717307,0.383648,0.767038
0.411913,0.430612,0.104117,0.109422,2.719357,0.377974,0.767966
0.414998,0.430500,0.103925,0.109450,2.721815,0.372829,0.768426
0.418724,0.430364,0.103634,0.109466,2.724329,0.368029,0.769412
0.421773,0.430229,0.103354,0.109551,2.723604,0.368989,0.768133
0.424998,0.430051,0.103093,0.109572,2.726427,0.361956,0.768738
0.428950,0.429848,0.102816,0.109655,2.726765,0.361237,0.766969
0.431941,0.429636,0.102496,0.109709,2.729089,0.355344,0.766334
0.435211,0.429433,0.102308,0.109881,2.727634,0.355858,0.765463
0.438434,0.429217,0.102066,0.109914,2.732743,0.342738,0.768289
0.447430,0.429007,0.101856,0.110001,2.734248,0.336145,0.769941
0.455769,0.428685,0.101486,0.110070,2.734312,0.329792,0.766383
0.458006,0.428299,0.100973,0.110094,2.735022,0.321607,0.768646
0.466257,0.427928,0.100385,0.110097,2.735325,0.316773,0.770483
0.470192,0.427574,0.099788,0.110223,2.729150,0.325139,0.769503
0.473498,0.427224,0.099113,0.110365,2.722978,0.331621,0.771163
0.480292,0.426832,0.098570,0.110408,2.721879,0.331304,0.775630
0.483307,0.426459,0.098212,0.110533,2.719595,0.337776,0.773539
0.492183,0.426011,0.097713,0.110600,2.719522,0.335297,0.772125
0.494344,0.425424,0.096871,0.110808,2.718232,0.331264,0.770854
0.511861,0.424769,0.096021,0.111069,2.716720,0.327306,0.769206
0.522226,0.424281,0.095029,0.111291,2.709139,0.328692,0.769748
0.526525,0.423840,0.094088,0.111526,2.700011,0.330417,0.769934
0.530418,0.423458,0.093401,0.111768,2.695806,0.328787,0.771251
0.533265,0.423159,0.093209,0.111785,2.695392,0.327040,0.771153
0.540360,0.422749,0.093078,0.111827,2.698728,0.320845,0.766979
0.542930,0.422258,0.092838,0.111961,2.700787,0.316813,0.767700
0.553432,0.421744,0.092597,0.112105,2.702833,0.312804,0.768203
0.563959,0.421251,0.092207,0.112223,2.704320,0.308210,0.769586
0.569242,0.420790,0.091739,0.112309,2.700275,0.308214,0.772339
0.575538,0.420482,0.091276,0.112314,2.696253,0.308813,0.776975
0.578972,0.420110,0.091096,0.112244,2.699622,0.302020,0.774618
0.582179,0.419713,0.090909,0.112198,2.701351,0.297727,0.773905
0.584934,0.419333,0.090780,0.112173,2.703180,0.295629,0.773054
0.588842,0.418802,0.090701,0.112139,2.710000,0.288592,0.766347
0.591462,0.418287,0.090588,0.112157,2.712375,0.287107,0.759783
0.595024,0.417901,0.090412,0.112224,2.712450,0.288506,0.757973
0.598482,0.417560,0.090346,0.112284,2.714636,0.286377,0.753125
0.601954,0.417222,0.090413,0.112421,2.716846,0.282956,0.750075
0.605267,0.417093,0.090475,0.112632,2.718651,0.279091,0.751777
0.608585,0.416963,0.090534,0.112727,2.722843,0.273902,0.753488
0.612271,0.416838,0.090654,0.112921,2.726102,0.266625,0.754711
0.615440,0.416704,0.090571,0.113171,2.727463,0.260350,0.756625
0.618825,0.416566,0.090253,0.113273,2.723366,0.263806,0.755915
0.622364,0.416438,0.089886,0.113346,2.720976,0.268594,0.754823
0.625581,0.416304,0.089540,0.113457,2.716973,0.273785,0.755189
0.628460,0.416170,0.089210,0.113541,2.714189,0.279543,0.753915
0.632011,0.415969,0.089044,0.113520,2.715253,0.282780,0.752953
0.635688,0.415720,0.088998,0.113547,2.719536,0.278496,0.752263
0.639096,0.415338,0.088970,0.113567,2.721106,0.276851,0.750188
0.642473,0.414998,0.088962,0.113589,2.723779,0.271468,0.749130
0.645658,0.414686,0.088934,0.113567,2.725066,0.270244,0.748513
0.648866,0.414458,0.088827,0.113594,2.724151,0.271536,0.747094
0.651818,0.414277,0.088705,0.113641,2.722494,0.273701,0.745872
0.655332,0.414187,0.088655,0.113710,2.721415,0.272817,0.747141
0.658316,0.414098,0.088656,0.113775,2.721060,0.274621,0.747390
0.661959,0.413992,0.088704,0.113826,2.722239,0.272361,0.748915
0.665417,0.413869,0.088748,0.113832,2.722718,0.269048,0.752186
0.668282,0.413742,0.088782,0.113859,2.722403,0.265979,0.755803
0.672006,0.413679,0.088773,0.113891,2.721484,0.263237,0.759339
0.675247,0.413624,0.088726,0.113910,2.719226,0.261706,0.764893
0.678894,0.413536,0.088665,0.113969,2.717138,0.262565,0.766276
0.681785,0.413468,0.088631,0.114039,2.715045,0.263089,0.769029
0.685339,0.413376,0.088631,0.114059,2.714214,0.262481,0.771243
0.688501,0.413224,0.088648,0.114061,2.714212,0.262219,0.773554
0.691725,0.413063,0.088662,0.114090,2.713422,0.261757,0.772899
0.695199,0.412955,0.088678,0.114081,2.711867,0.260797,0.775851
0.698763,0.412832,0.088682,0.114061,2.710862,0.260102,0.776820
0.701711,0.412722,0.088655,0.114064,2.708385,0.259602,0.777797
0.705167,0.412601,0.088629,0.114070,2.705616,0.259737,0.776755
0.708567,0.412476,0.088611,0.114080,2.704489,0.258878,0.778272
0.711857,0.412350,0.088590,0.114118,2.704031,0.256054,0.777491
0.715203,0.412189,0.088562,0.114205,2.699659,0.263174,0.774499
0.718451,0.412051,0.088539,0.114296,2.699530,0.262782,0.773286
0.721643,0.411980,0.088546,0.114399,2.698674,0.263131,0.774920
0.725303,0.411931,0.088569,0.114462,2.697866,0.264069,0.776254
0.728649,0.411870,0.088632,0.114506,2.697195,0.264515,0.777676
0.732227,0.411834,0.088722,0.114558,2.700123,0.258771,0.781158
0.735309,0.411802,0.088826,0.114602,2.699216,0.262334,0.781880
0.738702,0.411660,0.088926,0.114621,2.701589,0.260479,0.779074
0.742371,0.411463,0.089106,0.114678,2.701823,0.260731,0.778347
0.745193,0.411279,0.089256,0.114750,2.701595,0.261128,0.778662
0.748485,0.411047,0.089428,0.114824,2.704035,0.258738,0.776210
0.751914,0.410777,0.089655,0.114925,2.706147,0.256280,0.776126
0.755371,0.410650,0.089943,0.115145,2.705307,0.257300,0.779427
0.766862,0.410543,0.090287,0.115416,2.705134,0.257294,0.783638
0.773034,0.410443,0.090669,0.115674,2.705849,0.257144,0.787292
0.781079,0.410429,0.091095,0.115930,2.703644,0.258309,0.796808
0.787599,0.410506,0.091794,0.116362,2.703229,0.257140,0.812367
0.798344,0.410498,0.092359,0.116800,2.698725,0.258817,0.830863
0.809431,0.410453,0.093083,0.117419,2.697727,0.254961,0.848215
0.830504,0.410392,0.093832,0.118134,2.697369,0.251404,0.867056
0.843822,0.410251,0.094712,0.118968,2.692337,0.251744,0.892348
0.851627,0.410031,0.095472,0.119680,2.694335,0.245861,0.906199
0.861575,0.409876,0.096442,0.120370,2.700408,0.238700,0.917997
0.864842,0.409858,0.097143,0.120989,2.700029,0.238272,0.933348
0.874877,0.409942,0.097885,0.121648,2.699690,0.237988,0.947344
0.878825,0.410098,0.098423,0.122149,2.702555,0.233730,0.954451
0.884588,0.410286,0.098792,0.122587,2.698123,0.235020,0.966235
0.888959,0.410450,0.099077,0.123013,2.695891,0.234988,0.974796
0.891622,0.410538,0.099468,0.123336,2.697675,0.230992,0.979763
0.895493,0.410546,0.099789,0.123539,2.697115,0.227792,0.985860
0.898615,0.410565,0.100255,0.123819,2.700994,0.221894,0.990891
0.902350,0.410575,0.100766,0.124140,2.704717,0.216387,0.995643
0.905385,0.410587,0.101184,0.124392,2.706724,0.212207,1.002042
0.908978,0.410669,0.101499,0.124612,2.705478,0.212881,1.005895
0.911914,0.410749,0.101783,0.124795,2.705770,0.212696,1.009720
0.915552,0.410814,0.101970,0.124910,2.703972,0.214432,1.011829
0.919021,0.410809,0.102227,0.125001,2.705395,0.212791,1.012399
0.922086,0.410785,0.102515,0.125095,2.706432,0.211590,1.011258
0.925624,0.410651,0.102818,0.125148,2.712022,0.205771,1.009208
0.929096,0.410503,0.103192,0.125244,2.717187,0.202090,1.006124
0.932135,0.410353,0.103527,0.125361,2.722017,0.198420,1.002768
0.936483,0.410299,0.103689,0.125459,2.721778,0.201533,1.001434
0.938789,0.410260,0.103779,0.125532,2.717195,0.210820,1.001473
0.942035,0.410259,0.103831,0.125569,2.712063,0.222908,0.999801
0.945152,0.410283,0.104053,0.125620,2.711196,0.225072,1.001246
0.949046,0.410315,0.104273,0.125642,2.710756,0.227436,1.002451
0.952137,0.410319,0.104541,0.125625,2.710427,0.226163,1.003972
0.955664,0.410349,0.104911,0.125760,2.714109,0.218810,1.006044
0.958951,0.410463,0.105369,0.125929,2.717657,0.210327,1.011996
0.962157,0.410559,0.105581,0.126059,2.715760,0.210752,1.016328
0.964978,0.410618,0.105843,0.126195,2.714602,0.209916,1.020687
0.968257,0.410682,0.106093,0.126356,2.712474,0.210930,1.024561
0.972213,0.410702,0.106275,0.126405,2.710841,0.211277,1.028080
0.975570,0.410628,0.106409,0.126410,2.709233,0.213329,1.026881
0.978224,0.410476,0.106675,0.126514,2.710854,0.211010,1.026917
0.981787,0.410357,0.106891,0.126623,2.710617,0.210734,1.026597
0.985121,0.410205,0.107096,0.126713,2.708314,0.213798,1.029712
0.988759,0.410061,0.107600,0.126704,2.713091,0.213543,1.029504
0.992410,0.409935,0.108079,0.126754,2.717926,0.211510,1.031785
0.995039,0.409857,0.108437,0.126687,2.718293,0.213169,1.033629
0.999027,0.409844,0.108800,0.126687,2.720968,0.214619,1.035627
1.002323,0.409802,0.109250,0.126633,2.726524,0.212249,1.036353
1.005653,0.409762,0.109437,0.126717,2.726032,0.211328,1.040062
1.008698,0.409651,0.109628,0.126772,2.725973,0.213312,1.041927
1.011992,0.409572,0.109834,0.126860,2.727133,0.211651,1.044429
1.015167,0.409429,0.110018,0.126866,2.728340,0.207117,1.050236
1.018488,0.409349,0.109978,0.126921,2.725172,0.215119,1.049958
1.021919,0.409308,0.109903,0.126924,2.719722,0.221104,1.051217
1.025175,0.409306,0.109700,0.126954,2.715916,0.223313,1.057918
1.028754,0.409327,0.109604,0.126941,2.707860,0.232608,1.060577
1.032153,0.409265,0.109822,0.127100,2.708650,0.230162,1.064725
1.035350,0.409139,0.110183,0.127256,2.713761,0.217204,1.072392
1.038539,0.408954,0.110327,0.127297,2.712996,0.220793,1.073686
1.042023,0.408773,0.110563,0.127332,2.710789,0.215663,1.076716
1.045110,0.408561,0.110658,0.127409,2.716643,0.204668,1.084074
1.048502,0.408236,0.110506,0.127253,2.707180,0.219575,1.082444
1.051764,0.407957,0.110217,0.127050,2.702660,0.227568,1.080189
1.055160,0.407553,0.110216,0.126842,2.702575,0.221255,1.084898
1.058765,0.407111,0.110232,0.126607,2.702180,0.228208,1.082422
1.062023,0.406661,0.110420,0.126280,2.706361,0.225010,1.080834
1.065025,0.406385,0.110755,0.126087,2.709787,0.216670,1.082679
1.068297,0.406077,0.111073,0.125942,2.713969,0.207547,1.087811
1.072035,0.405922,0.111324,0.125919,2.718791,0.201224,1.091891
1.075727,0.405662,0.111605,0.125862,2.717702,0.194786,1.100249
1.090336,0.405259,0.111980,0.125830,2.718132,0.191942,1.106197
1.102175,0.404784,0.112169,0.125690,2.724927,0.181142,1.113913
1.104675,0.404175,0.112368,0.125456,2.724400,0.179816,1.119688
1.113502,0.403405,0.112595,0.125152,2.727165,0.174668,1.124097
1.123521,0.402414,0.112908,0.124729,2.734149,0.167578,1.125744
1.143018,0.401429,0.113030,0.124294,2.730508,0.170688,1.130061
1.158267,0.400515,0.113124,0.123899,2.727506,0.174806,1.133476
1.161314,0.399634,0.113389,0.123550,2.726088,0.175859,1.135457
1.168562,0.398859,0.113621,0.123276,2.722715,0.182579,1.139247
1.178359,0.398415,0.113758,0.123133,2.719675,0.182023,1.145378
1.188269,0.398090,0.113761,0.123012,2.720797,0.179909,1.147413
1.192012,0.397784,0.113761,0.122876,2.715877,0.183663,1.150738
1.197310,0.397617,0.113707,0.122828,2.714554,0.183230,1.156399
1.202375,0.397471,0.113677,0.122755,2.714436,0.179172,1.160013
1.205672,0.397269,0.113669,0.122719,2.717152,0.180847,1.161179
1.208807,0.397093,0.113721,0.122736,2.717681,0.182951,1.162210
1.212359,0.396884,0.113789,0.122749,2.718603,0.179405,1.164731
1.215324,0.396677,0.113860,0.122756,2.720086,0.177986,1.166191
1.218900,0.396441,0.113935,0.122755,2.721929,0.176866,1.168734
1.221889,0.396259,0.113904,0.122713,2.720936,0.177490,1.169830
1.225281,0.396001,0.113830,0.122617,2.719068,0.179092,1.171071
1.228652,0.395770,0.113740,0.122524,2.720882,0.179667,1.171222
1.232220,0.395518,0.113653,0.122419,2.719898,0.183058,1.170460
1.235456,0.395319,0.113552,0.122329,2.717925,0.187515,1.169196
1.238604,0.395141,0.113558,0.122292,2.717275,0.192425,1.169577
1.242445,0.395073,0.113641,0.122227,2.712846,0.198407,1.173112
1.245708,0.395023,0.113714,0.122135,2.708415,0.202359,1.173856
1.248884,0.394800,0.113837,0.121993,2.704293,0.211608,1.173650
1.252091,0.394591,0.113973,0.121820,2.700697,0.217758,1.174687
1.255252,0.394327,0.114056,0.121601,2.696682,0.222966,1.174659
1.258598,0.393981,0.114065,0.121393,2.694700,0.229217,1.170215
1.261955,0.393627,0.114077,0.121212,2.694493,0.236370,1.169414
1.265197,0.393444,0.113874,0.121077,2.692525,0.235133,1.168898
1.268669,0.393258,0.113655,0.120976,2.688457,0.240071,1.166922
1.271855,0.393111,0.113553,0.120873,2.686342,0.246413,1.166899
1.275454,0.392995,0.113557,0.120740,2.687110,0.246605,1.169014
1.278614,0.392828,0.113593,0.120597,2.686384,0.249970,1.168094
1.282409,0.392650,0.113659,0.120324,2.686306,0.253076,1.166428
1.285275,0.392501,0.113699,0.120079,2.688769,0.251983,1.165030
1.289038,0.392429,0.113597,0.119874,2.686014,0.254976,1.165346
1.292163,0.392381,0.113433,0.119754,2.682169,0.258370,1.165651
1.295006,0.392312,0.113274,0.119609,2.683364,0.255918,1.169428
1.298368,0.392292,0.113271,0.119546,2.682572,0.255701,1.173257
1.301967,0.392229,0.113290,0.119408,2.680986,0.255297,1.176735
1.305766,0.391999,0.113452,0.119046,2.684283,0.252216,1.175985
1.309122,0.391756,0.113621,0.118670,2.687193,0.253023,1.176243
1.312469,0.391505,0.113788,0.118308,2.686931,0.255263,1.173525
1.315566,0.391207,0.113972,0.117926,2.689767,0.258979,1.170914
1.318865,0.390922,0.114183,0.117589,2.694632,0.262307,1.169409
1.321963,0.390778,0.114306,0.117402,2.697159,0.262699,1.169099
1.325266,0.390565,0.114373,0.117160,2.697423,0.265770,1.166963
1.328656,0.390421,0.114434,0.116926,2.699329,0.270954,1.163473
1.332172,0.390318,0.114457,0.116761,2.703729,0.269203,1.166447
1.334854,0.390179,0.114239,0.116516,2.697168,0.274551,1.167058
1.338515,0.390061,0.113790,0.116333,2.690785,0.285911,1.162575
1.341750,0.389879,0.113409,0.116101,2.685268,0.290705,1.161538
1.345545,0.389721,0.112998,0.115856,2.677735,0.297801,1.160049
1.348851,0.389544,0.112595,0.115598,2.666416,0.311578,1.154531
1.352374,0.389386,0.112437,0.115396,2.664449,0.320119,1.150141
1.355727,0.389166,0.112490,0.115188,2.662839,0.321108,1.151267
1.358747,0.389097,0.112521,0.115030,2.661910,0.328682,1.149799
1.361868,0.389003,0.112611,0.114824,2.660041,0.334411,1.151261
1.365211,0.388818,0.112831,0.114533,2.661932,0.340631,1.150103
1.369164,0.388598,0.113040,0.114246,2.661949,0.346140,1.150203
1.372295,0.388438,0.113261,0.113919,2.662162,0.352591,1.150424
1.382813,0.388186,0.113544,0.113403,2.667700,0.355211,1.152837
1.392411,0.387960,0.113837,0.112921,2.670862,0.359835,1.154232
1.403893,0.387762,0.113961,0.112489,2.672759,0.362885,1.157002
1.406054,0.387533,0.114065,0.112007,2.675496,0.367613,1.157526
1.409231,0.387223,0.114169,0.111548,2.679009,0.371865,1.156718
1.416226,0.386899,0.114237,0.111314,2.686588,0.365648,1.154829
1.418601,0.386554,0.114253,0.111134,2.688824,0.368622,1.151917
1.428319,0.386180,0.114331,0.110967,2.689745,0.371140,1.146600
1.429682,0.385753,0.114578,0.110867,2.695895,0.365900,1.147425
1.448392,0.385352,0.114816,0.110776,2.701509,0.361573,1.148202
1.462355,0.385020,0.114965,0.110678,2.698210,0.368646,1.146256
1.465379,0.384699,0.115114,0.110575,2.701143,0.364976,1.147897
1.472634,0.384459,0.114908,0.110355,2.694756,0.372667,1.151691
1.474372,0.384348,0.114491,0.110122,2.683903,0.386267,1.149781
1.484088,0.384223,0.114051,0.109865,2.670356,0.400869,1.149476
1.485766,0.384057,0.113678,0.109660,2.659388,0.412094,1.151294
1.493552,0.383793,0.113684,0.109597,2.658600,0.415216,1.153390
1.497229,0.383558,0.114016,0.109685,2.666513,0.407511,1.157368
1.503000,0.383321,0.114387,0.109804,2.675918,0.399267,1.162504
1.507629,0.383095,0.114395,0.109797,2.678199,0.401162,1.162815
1.510468,0.382939,0.114360,0.109785,2.678714,0.406418,1.163510
1.514185,0.382879,0.113930,0.109624,2.667453,0.420730,1.164804
1.517478,0.382687,0.113519,0.109380,2.660654,0.433606,1.160045
1.520662,0.382503,0.113113,0.109124,2.651703,0.447382,1.155351
1.524120,0.382424,0.113093,0.109166,2.651839,0.448794,1.159099
1.527520,0.382347,0.113159,0.109234,2.651246,0.449985,1.160996
1.530545,0.382237,0.113236,0.109315,2.654953,0.448725,1.161069
1.533906,0.382213,0.113299,0.109474,2.655083,0.448602,1.165477
1.537337,0.382105,0.113382,0.109613,2.654375,0.450962,1.165638
1.541000,0.381920,0.113296,0.109555,2.663614,0.439450,1.166309
1.544271,0.381731,0.113238,0.109495,2.665244,0.433008,1.166516
1.547518,0.381565,0.113163,0.109423,2.665874,0.433195,1.164517
1.550838,0.381450,0.113105,0.109367,2.665026,0.434720,1.162060
1.553950,0.381419,0.113089,0.109384,2.666174,0.431857,1.165975
1.557252,0.381376,0.113223,0.109488,2.657233,0.445585,1.164266
1.560803,0.381333,0.113279,0.109565,2.655672,0.452998,1.163014
1.563994,0.381331,0.113399,0.109700,2.653669,0.453669,1.165678
1.567369,0.381328,0.113503,0.109828,2.653405,0.452349,1.168840
1.570570,0.381282,0.113605,0.109865,2.652887,0.452311,1.169066
1.574246,0.381246,0.113716,0.109880,2.650328,0.453043,1.171455
1.577513,0.381170,0.113818,0.109860,2.650598,0.452161,1.172201
1.580748,0.381055,0.113852,0.109794,2.650469,0.451705,1.171427
1.584050,0.380971,0.113871,0.109791,2.647053,0.453848,1.171730
1.587690,0.380929,0.113866,0.109860,2.643969,0.455147,1.173007
1.590765,0.380914,0.113879,0.109927,2.643307,0.453249,1.173782
1.594219,0.380841,0.113991,0.110001,2.641659,0.454675,1.177634
1.597336,0.380719,0.114174,0.110044,2.640288,0.458392,1.178119
1.600728,0.380565,0.114362,0.110021,2.641196,0.461466,1.177652
1.603879,0.380468,0.114527,0.110067,2.640715,0.461741,1.181404
1.607631,0.380356,0.114660,0.110141,2.641755,0.462547,1.183250
1.610634,0.380329,0.114691,0.110242,2.638976,0.466784,1.182994
1.614069,0.380318,0.114663,0.110372,2.638257,0.464706,1.187200
1.617314,0.380213,0.114662,0.110522,2.639526,0.461659,1.188856
1.620644,0.380034,0.114703,0.110582,2.641485,0.462086,1.186601
1.623907,0.379851,0.114857,0.110736,2.640372,0.464840,1.188578
1.626866,0.379675,0.115011,0.110924,2.641833,0.462659,1.192095
1.630709,0.379562,0.115171,0.111128,2.640553,0.464273,1.194257
1.633963,0.379545,0.115315,0.111320,2.636799,0.464370,1.198869
1.637254,0.379422,0.115544,0.111479,2.634606,0.465405,1.203916
1.640585,0.379272,0.115732,0.111518,2.635219,0.461478,1.207037
1.644083,0.379023,0.116012,0.111522,2.637546,0.457876,1.210202
1.647375,0.378649,0.116344,0.111449,2.641311,0.455995,1.210135
1.650956,0.378181,0.116630,0.111356,2.647278,0.453228,1.208496
1.654089,0.377819,0.116770,0.111299,2.649969,0.449442,1.206666
1.657419,0.377380,0.116954,0.111316,2.655042,0.445847,1.203699
1.660856,0.377035,0.117052,0.111349,2.658453,0.441736,1.201173
1.677782,0.376744,0.117089,0.111448,2.649408,0.447429,1.201650
1.679295,0.376431,0.117194,0.111526,2.645204,0.450694,1.203395
1.688734,0.376139,0.117328,0.111594,2.636962,0.461054,1.205974
1.692942,0.375960,0.117371,0.111616,2.625209,0.472475,1.209904
1.696203,0.375778,0.117448,0.111626,2.613190,0.485088,1.213080
1.703968,0.375553,0.117602,0.111603,2.612403,0.489939,1.215290
1.705636,0.375370,0.117774,0.111606,2.606496,0.498838,1.216865
1.715955,0.375023,0.117970,0.111549,2.607168,0.502688,1.214991
1.717242,0.374654,0.118401,0.111637,2.610261,0.504446,1.216318
1.737051,0.374202,0.118848,0.111705,2.610231,0.507857,1.218343
1.748220,0.373825,0.119210,0.111813,2.612130,0.508151,1.220393
1.751544,0.373506,0.119546,0.111937,2.610324,0.510604,1.222640
1.754446,0.373275,0.119736,0.112097,2.611492,0.508171,1.228051
1.761921,0.373075,0.119723,0.112114,2.604754,0.513269,1.228006
1.763961,0.372971,0.119659,0.112164,2.600250,0.516835,1.228856
1.773404,0.372765,0.119895,0.112256,2.599152,0.518219,1.232267
1.775379,0.372567,0.120116,0.112330,2.599425,0.518865,1.236706
1.783232,0.372401,0.120473,0.112415,2.597361,0.521458,1.239603
1.787433,0.372184,0.120798,0.112458,2.600934,0.520358,1.242647
1.793442,0.371956,0.120999,0.112424,2.601418,0.521598,1.243384
1.797460,0.371839,0.120890,0.112311,2.596275,0.525913,1.243340
1.800816,0.371705,0.120846,0.112167,2.592934,0.529400,1.241316
1.804550,0.371580,0.120693,0.111969,2.590476,0.530684,1.241197
1.807598,0.371469,0.120547,0.111756,2.586590,0.532345,1.240772
1.810933,0.371366,0.120523,0.111627,2.586490,0.531439,1.241329
1.814636,0.371282,0.120554,0.111530,2.588143,0.529233,1.243409
1.817525,0.371239,0.120592,0.111523,2.587673,0.526124,1.246117
1.820939,0.371240,0.120684,0.111599,2.584162,0.528036,1.249392
1.824303,0.371292,0.120748,0.111715,2.580097,0.525226,1.256538
1.827382,0.371340,0.120758,0.111720,2.578199,0.524597,1.260449
1.830311,0.371352,0.120787,0.111643,2.576043,0.527018,1.259116
1.834229,0.371335,0.120736,0.111478,2.576420,0.528285,1.261618
1.837874,0.371303,0.120760,0.111291,2.577735,0.527172,1.261031
1.840906,0.371096,0.120813,0.110965,2.586865,0.526315,1.255815
1.844502,0.370920,0.120930,0.110671,2.590930,0.527106,1.251666
1.847449,0.370825,0.120931,0.110433,2.594985,0.523789,1.252760
1.850802,0.370759,0.120929,0.110242,2.597854,0.523691,1.250021
1.854284,0.370713,0.120760,0.109886,2.594946,0.527058,1.249807
1.857900,0.370669,0.120617,0.109602,2.594357,0.529111,1.246196
1.860780,0.370637,0.120501,0.109277,2.598189,0.526081,1.245740
1.864455,0.370552,0.120417,0.108903,2.601527,0.524572,1.241133
1.867698,0.370476,0.120320,0.108476,2.604134,0.522116,1.239474
1.871105,0.370390,0.120340,0.108184,2.612535,0.516536,1.235280
1.874058,0.370423,0.120280,0.107914,2.613706,0.515194,1.233778
1.877835,0.370417,0.120181,0.107681,2.612842,0.515577,1.231511
1.880687,0.370430,0.120157,0.107532,2.612760,0.515662,1.231092
1.884248,0.370423,0.120139,0.107368,2.603718,0.517884,1.236962
1.887805,0.370413,0.120113,0.107208,2.602915,0.518932,1.235527
1.891339,0.370454,0.120133,0.107051,2.601476,0.520083,1.237895
1.894001,0.370564,0.120241,0.106945,2.602344,0.516328,1.242327
1.897637,0.370698,0.120343,0.106759,2.601182,0.516674,1.245751
1.901084,0.370810,0.120454,0.106610,2.609417,0.515082,1.240964
1.903790,0.370938,0.120481,0.106420,2.608604,0.515169,1.243532
1.907790,0.371029,0.120527,0.106201,2.607843,0.513415,1.246067
1.910858,0.371147,0.120552,0.105945,2.606368,0.517084,1.246541
1.914409,0.371175,0.120576,0.105713,2.606893,0.515157,1.249850
1.917924,0.371224,0.120620,0.105473,2.608225,0.515233,1.249699
1.920688,0.371247,0.120716,0.105278,2.610880,0.515340,1.250528
1.924511,0.371319,0.120777,0.105116,2.610983,0.515045,1.253134
1.927723,0.371327,0.120800,0.104948,2.611339,0.514891,1.253595
1.931270,0.371362,0.120794,0.104802,2.610516,0.517901,1.250260
1.934433,0.371394,0.120730,0.104661,2.610037,0.518235,1.249125
1.937778,0.371439,0.120631,0.104488,2.606591,0.518895,1.247850
1.941465,0.371456,0.120530,0.104346,2.604384,0.522364,1.244529
1.943829,0.371487,0.120371,0.104254,2.603543,0.521199,1.241691
1.947618,0.371480,0.120105,0.104050,2.594780,0.529478,1.238177
1.951319,0.371427,0.119941,0.103764,2.593073,0.530084,1.236634
1.954257,0.371412,0.119888,0.103413,2.597993,0.527098,1.234262
1.960420,0.371279,0.119810,0.102973,2.597971,0.527737,1.232026
1.964162,0.371139,0.119754,0.102415,2.598660,0.531645,1.227322
1.967866,0.371044,0.119777,0.101963,2.605820,0.527213,1.223881
1.971343,0.371006,0.119714,0.101607,2.605458,0.529720,1.221200
1.974660,0.370934,0.119643,0.101349,2.601249,0.535010,1.218069
1.977704,0.370942,0.119774,0.101137,2.609875,0.530068,1.216003
1.981211,0.370920,0.119949,0.100996,2.615599,0.525473,1.217110
1.984541,0.370876,0.120128,0.100808,2.621898,0.521081,1.217987
1.987326,0.370826,0.120316,0.100613,2.627238,0.517962,1.217391
1.990367,0.370778,0.120470,0.100420,2.633545,0.513454,1.217702
1.996036,0.370850,0.120529,0.100077,2.634894,0.516200,1.220582
2.011636,0.370990,0.120611,0.099730,2.635502,0.518075,1.219393
2.021202,0.371152,0.120612,0.099499,2.637953,0.518328,1.223385
2.025608,0.371351,0.120669,0.099199,2.638281,0.519391,1.226950
2.029577,0.371585,0.120599,0.098924,2.639475,0.520725,1.229697
2.036746,0.371825,0.120408,0.098862,2.635871,0.520336,1.233204
2.046436,0.372088,0.119917,0.098785,2.626455,0.524432,1.237924
2.049475,0.372348,0.119420,0.098608,2.617231,0.530313,1.240699
2.067762,0.372569,0.118917,0.098522,2.608724,0.533189,1.244426
2.078138,0.372712,0.118524,0.098459,2.600861,0.540427,1.244731
2.081980,0.372669,0.118197,0.098353,2.595353,0.547254,1.243099
2.085686,0.372633,0.118188,0.098415,2.597064,0.551032,1.241290
2.093894,0.372589,0.118295,0.098574,2.600658,0.548528,1.241946
2.095170,0.372558,0.118420,0.098778,2.605388,0.548354,1.240047
2.104894,0.372591,0.118457,0.099000,2.605604,0.545982,1.244346
2.107698,0.372699,0.118309,0.099180,2.602750,0.548838,1.243978
2.115774,0.372696,0.118092,0.099275,2.599228,0.553721,1.245594
2.120225,0.372684,0.117900,0.099324,2.596655,0.558211,1.243936
2.129758,0.372659,0.117657,0.099329,2.595578,0.562028,1.242420
2.133053,0.372612,0.117307,0.099271,2.591308,0.569356,1.238320
2.136312,0.372588,0.117107,0.099274,2.591572,0.570962,1.235840
2.139173,0.372524,0.116936,0.099226,2.593468,0.570609,1.232813
2.142678,0.372494,0.116758,0.099164,2.591841,0.573987,1.230625
2.146219,0.372467,0.116609,0.099115,2.590729,0.575263,1.230393
2.149326,0.372451,0.116683,0.099053,2.598903,0.566975,1.229278
2.152544,0.372456,0.116772,0.098986,2.604888,0.561645,1.230758
2.156223,0.372549,0.116828,0.098964,2.609946,0.553802,1.234273
2.159546,0.372583,0.116495,0.098783,2.609332,0.553805,1.230989
2.162572,0.372551,0.116080,0.098571,2.609215,0.558420,1.223430
2.166388,0.372429,0.115599,0.098366,2.604738,0.566557,1.220240
2.176377,0.372053,0.114334,0.097925,2.600336,0.570971,1.216990
2.185786,0.372436,0.113925,0.097928,2.594789,0.576804,1.212658
2.189781,0.372673,0.113722,0.097916,2.594571,0.576462,1.211954
2.193014,0.372891,0.113486,0.097891,2.593939,0.572232,1.214819
2.195982,0.373143,0.113239,0.097879,2.591022,0.571116,1.216496
2.199471,0.373267,0.113054,0.097871,2.590832,0.569910,1.216575
2.202594,0.373449,0.112827,0.097879,2.589121,0.570003,1.216900
2.206524,0.373653,0.112633,0.097908,2.588053,0.567921,1.219102
2.209304,0.373873,0.112481,0.097898,2.585712,0.568544,1.221181
2.212569,0.373987,0.112315,0.097846,2.586336,0.566924,1.220600
2.216083,0.374104,0.112127,0.097814,2.584816,0.568270,1.219141
2.219561,0.374162,0.111984,0.097766,2.584895,0.568366,1.218390
2.222664,0.374206,0.111832,0.097701,2.584465,0.570145,1.216800
2.225971,0.374258,0.111659,0.097686,2.584378,0.569890,1.216131
2.229381,0.374322,0.111496,0.097677,2.582933,0.571521,1.216234
2.233070,0.374393,0.111327,0.097640,2.582363,0.570872,1.217677
2.236119,0.374460,0.111204,0.097612,2.582274,0.570390,1.219429
2.239654,0.374523,0.111083,0.097592,2.582847,0.569439,1.220527
2.243036,0.374579,0.110970,0.097514,2.584823,0.568209,1.220685
2.246258,0.374580,0.110908,0.097414,2.586828,0.565680,1.221608
2.249736,0.374564,0.110874,0.097329,2.594602,0.559240,1.220966
2.252686,0.374495,0.110990,0.097265,2.597575,0.558092,1.217037
2.255876,0.374413,0.111139,0.097194,2.606374,0.550659,1.215488
2.259069,0.374315,0.111299,0.097178,2.615515,0.543754,1.214513
2.263057,0.374302,0.111106,0.097165,2.618153,0.543320,1.210430
2.265892,0.374281,0.110924,0.097132,2.612628,0.550710,1.207131
2.269774,0.374304,0.110592,0.097060,2.620849,0.542495,1.208551
2.272909,0.374352,0.110271,0.096995,2.616771,0.547058,1.206076
2.276311,0.374400,0.109949,0.096930,2.609173,0.552628,1.206409
2.279638,0.374430,0.109964,0.096878,2.611017,0.549543,1.209198
2.282655,0.374420,0.109971,0.096783,2.613683,0.548102,1.208784
2.285714,0.374401,0.109991,0.096710,2.607491,0.556999,1.204986
2.289365,0.374368,0.109953,0.096631,2.614607,0.551065,1.205343
2.292827,0.374334,0.110096,0.096587,2.616285,0.552427,1.201735
2.295546,0.374260,0.110072,0.096488,2.619542,0.551734,1.199499
2.299227,0.374217,0.109989,0.096400,2.619816,0.551768,1.197455
2.302825,0.374242,0.109871,0.096368,2.618673,0.551836,1.198298
2.305704,0.374271,0.109790,0.096352,2.609713,0.560954,1.197448
2.308759,0.374318,0.109458,0.096311,2.607468,0.563282,1.196482
2.313320,0.374415,0.109274,0.096356,2.600849,0.568954,1.195856
2.316480,0.374576,0.109179,0.096465,2.597809,0.566537,1.202671
2.319676,0.374688,0.109127,0.096494,2.597603,0.565466,1.205629
2.322779,0.374793,0.109028,0.096501,2.598005,0.564072,1.207093
2.341707,0.375043,0.108841,0.096654,2.596815,0.558723,1.215202
2.343142,0.375298,0.108656,0.096803,2.596243,0.554861,1.221122
2.353411,0.375472,0.108453,0.096910,2.597086,0.551890,1.222999
2.356622,0.375660,0.108227,0.097048,2.596662,0.547186,1.226660
2.360749,0.375830,0.108047,0.097188,2.593132,0.546383,1.233829
2.363829,0.375656,0.107994,0.097063,2.595184,0.548183,1.231130
2.365985,0.375401,0.107877,0.096875,2.597543,0.550038,1.226708
2.372564,0.375096,0.107729,0.096747,2.598829,0.554132,1.221934
2.376240,0.374764,0.107585,0.096611,2.600565,0.557951,1.217283
2.385051,0.374405,0.107445,0.096451,2.605552,0.559121,1.209366
2.386148,0.374249,0.107349,0.096347,2.609109,0.561520,1.204868
2.406079,0.374092,0.107350,0.096278,2.609994,0.564257,1.204596
2.416881,0.374037,0.107365,0.096164,2.613107,0.569207,1.201264
2.420508,0.373968,0.107349,0.096072,2.613996,0.575455,1.198071
2.430643,0.373937,0.107232,0.096082,2.612821,0.581610,1.195161
2.433070,0.373897,0.107056,0.096143,2.608686,0.588084,1.192512
2.441932,0.373905,0.106802,0.096212,2.606962,0.593884,1.186468
2.444046,0.373909,0.106491,0.096291,2.600686,0.600649,1.183845
2.452622,0.373937,0.106201,0.096356,2.597824,0.604734,1.180517
2.455255,0.373965,0.106014,0.096359,2.597416,0.606398,1.178260
2.462933,0.374037,0.106063,0.096400,2.604311,0.598085,1.177724
2.466771,0.374148,0.106159,0.096458,2.609217,0.589904,1.181192
2.470222,0.374244,0.106335,0.096506,2.617060,0.579326,1.182441
2.473751,0.374532,0.106513,0.096624,2.620913,0.570626,1.188456
2.476901,0.374834,0.106689,0.096742,2.625132,0.562557,1.194241
2.480150,0.375007,0.106731,0.096810,2.623928,0.563775,1.197371
2.483382,0.375133,0.106715,0.096838,2.626554,0.563223,1.197621
2.486853,0.375231,0.106616,0.096967,2.627579,0.563431,1.197012
2.490208,0.375126,0.106508,0.097011,2.630384,0.562454,1.194974
2.493509,0.375044,0.106397,0.097070,2.631251,0.561887,1.191622
2.496747,0.375031,0.106209,0.097138,2.632495,0.559803,1.190858
2.500207,0.375050,0.106098,0.097256,2.630665,0.560012,1.190822
2.503283,0.375072,0.106026,0.097299,2.630428,0.559265,1.191495
2.507068,0.375093,0.105975,0.097370,2.631607,0.557687,1.190787
2.510390,0.375111,0.105919,0.097438,2.633497,0.556959,1.190814
2.513914,0.375205,0.105869,0.097585,2.633146,0.557234,1.194009
2.516973,0.375276,0.105808,0.097713,2.634415,0.556408,1.194390
2.520471,0.375360,0.105754,0.097797,2.634583,0.556335,1.196033
2.523570,0.375433,0.105666,0.097860,2.633107,0.558282,1.195929
2.526851,0.375478,0.105581,0.097919,2.632997,0.558878,1.195785
2.530292,0.375474,0.105493,0.097926,2.633017,0.559807,1.192437
2.533555,0.375473,0.105372,0.097973,2.632156,0.559960,1.191088
2.536970,0.375504,0.105268,0.098044,2.631364,0.560080,1.190163
2.540210,0.375523,0.105059,0.098114,2.627685,0.566523,1.188661
2.543403,0.375552,0.104823,0.098210,2.622404,0.573507,1.187727
2.547014,0.375583,0.104595,0.098300,2.617020,0.580809,1.185692
2.549840,0.375605,0.104374,0.098339,2.612698,0.588746,1.184030
2.553148,0.375604,0.104143,0.098361,2.608964,0.595757,1.181811
2.556548,0.375659,0.104042,0.098416,2.607643,0.596338,1.181378
2.560356,0.375719,0.103957,0.098464,2.607152,0.596499,1.180655
2.563202,0.375762,0.103878,0.098519,2.608187,0.594770,1.181270
2.566922,0.375863,0.103826,0.098616,2.606618,0.594237,1.182380
2.570565,0.376032,0.103750,0.098739,2.604376,0.593844,1.184633
2.573899,0.376163,0.103631,0.098825,2.602444,0.593795,1.185745
2.576548,0.376280,0.103525,0.098887,2.599277,0.595237,1.188281
2.580192,0.376386,0.103430,0.098928,2.596612,0.598375,1.188629
2.583703,0.376451,0.103400,0.098953,2.596894,0.598463,1.189365
2.587296,0.376481,0.103535,0.098998,2.601743,0.591252,1.191534
2.590386,0.376564,0.103719,0.099067,2.608809,0.582773,1.193187
2.592943,0.376643,0.103756,0.099115,2.612808,0.578728,1.194005
2.596677,0.376728,0.103783,0.099170,2.614921,0.574900,1.196064
2.599767,0.376836,0.103744,0.099234,2.617519,0.572678,1.196369
2.603615,0.376909,0.103582,0.099260,2.615866,0.577381,1.195858
2.606926,0.376991,0.103392,0.099307,2.612672,0.581019,1.197214
2.609755,0.377083,0.103317,0.099373,2.613731,0.578952,1.197205
2.613489,0.377237,0.103180,0.099422,2.613989,0.578217,1.198305
2.616531,0.377374,0.103011,0.099423,2.612501,0.576915,1.199767
2.620186,0.377576,0.102759,0.099388,2.611299,0.574347,1.199655
2.623116,0.377731,0.102512,0.099308,2.610085,0.574472,1.198332
2.626923,0.377873,0.102300,0.099222,2.608753,0.573959,1.196060
2.629287,0.377896,0.102244,0.099158,2.614498,0.566298,1.192788
2.632614,0.377911,0.102230,0.099087,2.620783,0.559213,1.190759
2.636305,0.377882,0.102309,0.099024,2.628830,0.552624,1.189476
2.643875,0.377896,0.102290,0.098875,2.629254,0.551145,1.186896
2.647003,0.378018,0.102072,0.098774,2.631230,0.549589,1.186008
2.650020,0.378132,0.101842,0.098699,2.627744,0.554295,1.185901
2.652879,0.378329,0.101601,0.098597,2.627893,0.552432,1.187640
2.670763,0.378503,0.101371,0.098475,2.627173,0.549840,1.188826
2.681329,0.378662,0.101298,0.098398,2.632454,0.543695,1.192070
2.685548,0.378798,0.101205,0.098302,2.636182,0.538610,1.193789
2.688509,0.378917,0.101106,0.098153,2.639149,0.532411,1.196855
2.691977,0.378952,0.100994,0.098029,2.639050,0.533382,1.195619
2.700663,0.378996,0.100853,0.097838,2.638567,0.535918,1.194588
2.703139,0.379060,0.100757,0.097594,2.638642,0.538125,1.192360
2.713231,0.379139,0.100749,0.097248,2.643430,0.534248,1.190786
2.734097,0.379254,0.100768,0.096905,2.648435,0.531769,1.188192
2.736740,0.379433,0.100796,0.096604,2.647991,0.533425,1.186995
2.745718,0.379664,0.100849,0.096407,2.647728,0.532094,1.188720
2.749302,0.379945,0.100899,0.096244,2.652676,0.525576,1.192060
2.752728,0.380154,0.100979,0.096177,2.649047,0.528196,1.194020
2.754941,0.380198,0.101074,0.096078,2.650677,0.526033,1.193861
2.762033,0.380099,0.101233,0.095858,2.659120,0.518402,1.192036
2.768401,0.379954,0.101424,0.095549,2.668059,0.513958,1.186241
2.771488,0.379739,0.101609,0.095263,2.672430,0.513237,1.180426
2.780670,0.379589,0.101428,0.094827,2.674137,0.516523,1.174969
2.783201,0.379589,0.101217,0.094462,2.671179,0.522946,1.170463
2.792791,0.379673,0.101018,0.094190,2.669923,0.525228,1.171384
2.794037,0.379691,0.100875,0.093853,2.669598,0.526201,1.170815
2.800398,0.379682,0.100472,0.093372,2.663497,0.533835,1.166765
2.806645,0.379667,0.100351,0.093062,2.664017,0.533459,1.165909
2.809422,0.379654,0.100232,0.092746,2.664097,0.533290,1.167620
2.812536,0.379685,0.100022,0.092433,2.659626,0.539657,1.164639
2.816134,0.379771,0.099746,0.092228,2.651723,0.547378,1.164495
2.819354,0.379916,0.099682,0.092156,2.649772,0.547597,1.168985
2.823118,0.380039,0.099619,0.092090,2.646874,0.549630,1.172556
2.826533,0.380161,0.099555,0.092025,2.643858,0.551735,1.173939
2.829957,0.380165,0.099805,0.092072,2.647337,0.547505,1.178721
2.832948,0.380184,0.100076,0.092087,2.656598,0.540387,1.181585
2.836093,0.380110,0.100358,0.092073,2.658538,0.540083,1.182543
2.839672,0.380036,0.100435,0.091960,2.665756,0.533869,1.184906
2.843223,0.379936,0.100375,0.091805,2.668542,0.533218,1.183905
2.846500,0.379886,0.100020,0.091556,2.665313,0.538018,1.180186
2.849894,0.379819,0.099630,0.091367,2.663470,0.540003,1.179275
2.853277,0.379807,0.099208,0.091234,2.662442,0.542691,1.176858
2.856507,0.379829,0.098927,0.091257,2.656328,0.547625,1.174901
2.859579,0.379884,0.098770,0.091344,2.654628,0.548419,1.175836
2.862760,0.379935,0.098611,0.091436,2.652681,0.547714,1.178242
2.866116,0.379979,0.098474,0.091532,2.647324,0.549440,1.179271
2.869556,0.380121,0.098480,0.091709,2.650822,0.539839,1.185659
2.872733,0.380318,0.098596,0.091908,2.652822,0.534144,1.192625
2.876175,0.380499,0.098720,0.092105,2.655103,0.526497,1.200293
2.879610,0.380655,0.098857,0.092281,2.658202,0.520260,1.207111
2.883135,0.380811,0.099007,0.092463,2.659215,0.516990,1.213844
2.886470,0.380865,0.099039,0.092547,2.657666,0.517504,1.219482
2.889920,0.380828,0.099033,0.092539,2.658900,0.515418,1.220874
2.893338,0.380741,0.099002,0.092513,2.660798,0.514134,1.220626
2.896477,0.380678,0.098948,0.092469,2.661474,0.512181,1.220465
2.899761,0.380613,0.098856,0.092428,2.663027,0.509988,1.216837
2.903205,0.380545,0.098804,0.092405,2.663019,0.509532,1.214516
2.906119,0.380477,0.098751,0.092382,2.661703,0.510574,1.214187
2.909938,0.380477,0.098748,0.092347,2.661350,0.511442,1.210089
2.913099,0.380494,0.098754,0.092344,2.657876,0.515371,1.211508
2.916130,0.380503,0.098770,0.092344,2.653348,0.518990,1.216939
2.919959,0.380511,0.098801,0.092348,2.651047,0.519664,1.217980
2.923403,0.380502,0.098862,0.092357,2.649718,0.519325,1.218839
2.926342,0.380471,0.098904,0.092379,2.647326,0.518829,1.224907
2.929790,0.380261,0.098872,0.092283,2.650528,0.515274,1.220141
2.933210,0.380059,0.098846,0.092168,2.650436,0.516661,1.213120
2.936363,0.379836,0.098634,0.092006,2.649973,0.516728,1.213327
2.939099,0.379790,0.098545,0.092057,2.649613,0.520137,1.206748
2.943578,0.379757,0.098455,0.092105,2.648586,0.522063,1.206412
2.946531,0.379885,0.098425,0.092306,2.647876,0.522961,1.212687
2.949820,0.380001,0.098204,0.092376,2.647988,0.521715,1.216622
2.953122,0.379881,0.098040,0.092246,2.652623,0.523304,1.207027
2.970602,0.379609,0.097610,0.091775,2.661309,0.515068,1.207048
2.981107,0.379370,0.097294,0.091384,2.670958,0.506301,1.198606
2.985599,0.379126,0.096878,0.090897,2.678891,0.499544,1.191712
2.988366,0.378977,0.096641,0.090571,2.688675,0.488364,1.189337
2.996400,0.379143,0.096476,0.090532,2.694209,0.475476,1.195814
2.997962,0.379312,0.096277,0.090574,2.695118,0.470727,1.196698
3.007840,0.379397,0.095857,0.090486,2.691379,0.469071,1.199627
3.010955,0.379514,0.095547,0.090463,2.693863,0.461412,1.198656
3.029510,0.379545,0.095350,0.090430,2.696262,0.455933,1.199226
3.042099,0.379569,0.095205,0.090309,2.700495,0.450265,1.200782
3.043311,0.379658,0.095281,0.090199,2.702538,0.445830,1.202421
3.047754,0.379968,0.095420,0.090188,2.708202,0.441710,1.207187
3.060381,0.380267,0.095586,0.090183,2.706999,0.443072,1.213628
3.073263,0.380609,0.095692,0.090065,2.705424,0.445071,1.218215
3.074184,0.380897,0.095916,0.089892,2.706505,0.446218,1.214889
3.084734,0.381107,0.096036,0.089733,2.708820,0.443025,1.220377
3.087553,0.381161,0.096208,0.089506,2.706868,0.443009,1.220540
3.090533,0.381178,0.096188,0.089197,2.703518,0.447329,1.216037
3.098232,0.381155,0.096129,0.088982,2.701252,0.451313,1.211036
3.104597,0.381146,0.095993,0.088880,2.695597,0.455254,1.213382
3.108143,0.381160,0.096012,0.088805,2.690976,0.462255,1.206816
3.111501,0.381187,0.096049,0.088686,2.691964,0.464510,1.203353
3.114723,0.381267,0.096251,0.088644,2.695571,0.459875,1.206821
3.117821,0.381383,0.096422,0.088708,2.695713,0.459855,1.206382
3.121781,0.381571,0.096521,0.088772,2.693304,0.462276,1.207446
3.124882,0.381752,0.096507,0.088803,2.693739,0.459802,1.213394
3.128303,0.381747,0.096429,0.088840,2.691492,0.463148,1.212307
3.131755,0.381713,0.096357,0.088874,2.686870,0.470681,1.207246
3.134616,0.381652,0.096387,0.088836,2.686250,0.472939,1.208440
3.137990,0.381489,0.096449,0.088756,2.690408,0.471949,1.204878
3.141105,0.381322,0.096518,0.088699,2.691098,0.475901,1.197019
3.145062,0.381428,0.096627,0.088784,2.689100,0.477238,1.200290
3.149096,0.381553,0.096753,0.088864,2.687481,0.478841,1.203268
3.151330,0.381658,0.096796,0.088902,2.684703,0.481754,1.204321
3.154733,0.381707,0.096847,0.088889,2.679394,0.487559,1.204640
3.158088,0.381784,0.096911,0.088802,2.674052,0.494748,1.203646
3.161863,0.381814,0.097025,0.088706,2.673930,0.494975,1.203525
3.165077,0.381827,0.097124,0.088611,2.673251,0.493985,1.204744
3.168344,0.381768,0.097223,0.088349,2.675373,0.492096,1.200455
3.171306,0.381794,0.097302,0.088156,2.675277,0.491862,1.199130
3.174645,0.381787,0.097351,0.088038,2.674859,0.488420,1.204686
3.178576,0.381863,0.097465,0.087938,2.673886,0.491991,1.199339
3.181937,0.381937,0.097559,0.087828,2.673778,0.492698,1.198228
3.184883,0.382099,0.097684,0.087903,2.670668,0.494606,1.201753
3.188406,0.382282,0.097799,0.087941,2.676209,0.487996,1.201872
3.191260,0.382507,0.097799,0.087950,2.673899,0.489372,1.199468
3.194686,0.382571,0.097675,0.087883,2.670599,0.487032,1.201634
3.197987,0.382485,0.097810,0.087812,2.677418,0.481684,1.197011
3.201557,0.382397,0.097925,0.087732,2.684317,0.475917,1.193478
3.204839,0.382358,0.097854,0.087608,2.675313,0.482393,1.194446
3.208099,0.382431,0.097728,0.087595,2.675488,0.486276,1.190170
3.211621,0.382513,0.097598,0.087590,2.674537,0.487515,1.188635
3.214944,0.382739,0.097169,0.087576,2.663833,0.493781,1.190977
3.218231,0.382928,0.096713,0.087534,2.653960,0.500738,1.190041
3.221501,0.383045,0.096454,0.087574,2.652088,0.505398,1.185828
3.224748,0.383043,0.096344,0.087538,2.649013,0.503821,1.188096
3.228377,0.383083,0.096230,0.087517,2.648204,0.506600,1.185806
3.231624,0.383126,0.096169,0.087535,2.647213,0.509099,1.183090
3.234774,0.383208,0.096164,0.087592,2.647635,0.508176,1.183944
3.238215,0.383101,0.096283,0.087438,2.650273,0.511215,1.180530
3.241370,0.382959,0.096420,0.087279,2.653257,0.515924,1.174660
3.245099,0.382801,0.096564,0.087099,2.655418,0.515108,1.176198
3.248332,0.382653,0.096717,0.086898,2.657526,0.521155,1.171882
3.251637,0.382500,0.096841,0.086684,2.658848,0.529313,1.165650
3.255154,0.382500,0.096858,0.086653,2.658696,0.528846,1.168972
3.257983,0.382498,0.096862,0.086617,2.658456,0.531690,1.167534
3.261722,0.382421,0.096902,0.086513,2.659489,0.538735,1.159883
3.265072,0.382343,0.096940,0.086414,2.661512,0.539694,1.155125
3.269704,0.382327,0.097149,0.086414,2.663318,0.538579,1.154900
3.275016,0.382419,0.097489,0.086349,2.667906,0.538450,1.152227
3.282558,0.382516,0.097871,0.086271,2.672098,0.536362,1.153003
3.296693,0.382628,0.098209,0.086244,2.674987,0.536098,1.154647
3.302614,0.382747,0.098531,0.086180,2.674634,0.540069,1.154561
3.312301,0.382779,0.098480,0.085926,2.676054,0.541708,1.154361
3.316729,0.382752,0.098206,0.085735,2.670690,0.549727,1.149141
3.320843,0.382720,0.097865,0.085533,2.668496,0.555204,1.144972
3.333913,0.382696,0.097537,0.085341,2.668276,0.557150,1.139494
3.336354,0.382674,0.097235,0.085163,2.670404,0.554260,1.139585
3.347295,0.382809,0.097293,0.085009,2.673301,0.553579,1.139879
3.351857,0.382939,0.097432,0.084869,2.680491,0.546886,1.144495
3.370059,0.382935,0.097675,0.084630,2.689550,0.539971,1.144662
3.372849,0.382926,0.097801,0.084317,2.693162,0.540969,1.144217
3.385317,0.382887,0.097887,0.084003,2.695676,0.543805,1.140596
3.387657,0.382710,0.097816,0.083757,2.697013,0.544398,1.135946
3.402069,0.382513,0.097827,0.083593,2.696390,0.548923,1.130845
3.404150,0.382473,0.097778,0.083742,2.690990,0.548441,1.130511
3.415308,0.382438,0.097715,0.083926,2.692075,0.539115,1.132847
3.421204,0.382420,0.097571,0.084084,2.691947,0.532475,1.135508
3.427985,0.382452,0.097315,0.084092,2.687047,0.531908,1.138188
3.431287,0.382537,0.097134,0.083929,2.688235,0.527335,1.140173
3.434628,0.382655,0.097078,0.083695,2.693825,0.524587,1.143462
3.437747,0.382739,0.096899,0.083611,2.688783,0.529708,1.144069
3.441038,0.382808,0.096796,0.083560,2.688101,0.529978,1.146054
3.444304,0.382804,0.096672,0.083611,2.692289,0.525983,1.144138
3.448048,0.382800,0.096459,0.083814,2.689226,0.525058,1.144671
3.451270,0.382795,0.096244,0.084019,2.682431,0.528050,1.144271
3.454599,0.382803,0.096212,0.084047,2.686395,0.523968,1.144728
3.457942,0.382771,0.096133,0.084015,2.685779,0.523118,1.144988
3.461015,0.382747,0.096063,0.083964,2.683335,0.525751,1.145672
3.464196,0.382658,0.096027,0.083923,2.684451,0.525286,1.144822
3.467567,0.382642,0.096015,0.083921,2.684066,0.526345,1.143897
3.470961,0.382664,0.095991,0.083931,2.680010,0.529560,1.145659
3.474823,0.382719,0.096022,0.083986,2.681840,0.528484,1.144829
3.478448,0.382741,0.096020,0.083978,2.681032,0.528917,1.145569
3.481327,0.382772,0.096018,0.083946,2.679865,0.530439,1.145074
3.484847,0.382736,0.096055,0.083906,2.681630,0.529729,1.144471
3.488003,0.382797,0.096079,0.083931,2.681039,0.530140,1.144915
3.491041,0.382875,0.096104,0.083950,2.678075,0.532801,1.146477
3.494313,0.382986,0.096172,0.084036,2.679961,0.531629,1.146458
3.498421,0.383084,0.096244,0.084119,2.679891,0.530462,1.148256
3.500946,0.383175,0.096254,0.084168,2.678078,0.530718,1.149565
3.505207,0.383155,0.096261,0.084143,2.680391,0.529124,1.148544
3.507796,0.383133,0.096301,0.084153,2.680465,0.529759,1.146303
3.511131,0.383201,0.096310,0.084174,2.677907,0.529194,1.148574
3.515115,0.383283,0.096315,0.084198,2.676900,0.529703,1.150654
3.518465,0.383346,0.096306,0.084209,2.676742,0.531374,1.147874
3.520906,0.383336,0.096341,0.084193,2.675860,0.533346,1.147244
3.524689,0.383325,0.096339,0.084152,2.679556,0.525944,1.151032
3.527875,0.383235,0.096435,0.084121,2.680953,0.528141,1.146719
3.531101,0.383147,0.096531,0.084089,2.683089,0.526164,1.145478
3.534587,0.383105,0.096633,0.084079,2.686994,0.518003,1.149132
3.537694,0.383091,0.096625,0.084032,2.687115,0.518221,1.146676
3.541723,0.383106,0.096607,0.083998,2.685803,0.522043,1.142410
3.544330,0.383126,0.096698,0.084042,2.688449,0.515157,1.146396
3.547718,0.383163,0.096783,0.084091,2.689482,0.520958,1.144918
3.551099,0.383206,0.096868,0.084073,2.688905,0.531635,1.144303
3.565006,0.383722,0.097225,0.083790,2.690334,0.537224,1.144999
3.571024,0.383782,0.097098,0.083595,2.690817,0.545689,1.145190
3.575220,0.383777,0.097075,0.083529,2.691080,0.558182,1.142036
3.578412,0.383778,0.097064,0.083433,2.692536,0.559952,1.140955
3.584622,0.383853,0.097160,0.083328,2.693331,0.560224,1.141770
3.587736,0.383923,0.097164,0.083308,2.693099,0.562689,1.141120
3.590933,0.383982,0.097133,0.083294,2.691594,0.566664,1.140825
3.594884,0.384050,0.097135,0.083335,2.690131,0.570078,1.141147
3.597726,0.384116,0.097122,0.083366,2.691584,0.568850,1.141702
3.600937,0.384178,0.097127,0.083410,2.688097,0.574857,1.139252
3.605024,0.384256,0.097199,0.083494,2.691208,0.570382,1.140828
3.607610,0.384326,0.097263,0.083596,2.691140,0.570482,1.140086
3.614598,0.384499,0.097348,0.083815,2.690480,0.568207,1.142368
3.617647,0.384601,0.097405,0.083861,2.690075,0.568237,1.141948
3.620939,0.384689,0.097478,0.083901,2.691116,0.568265,1.140102
3.624842,0.384737,0.097475,0.083874,2.688123,0.571907,1.140676
3.627590,0.384827,0.097473,0.083850,2.688225,0.571708,1.141422
3.631084,0.384923,0.097445,0.083833,2.686769,0.573424,1.140972
3.635468,0.385078,0.097438,0.083892,2.682544,0.578528,1.140985
3.652954,0.385227,0.097474,0.084009,2.684639,0.573839,1.143498
3.664451,0.385400,0.097594,0.084181,2.684675,0.574603,1.142282
3.666161,0.385500,0.097656,0.084332,2.685219,0.572922,1.142660
3.670451,0.385551,0.097764,0.084454,2.689116,0.568894,1.140943
3.673498,0.385538,0.097839,0.084533,2.693357,0.562655,1.141581
3.680058,0.385528,0.097845,0.084542,2.694586,0.561712,1.139518
3.682937,0.385537,0.097847,0.084556,2.698788,0.556929,1.137603
3.692193,0.385601,0.097840,0.084605,2.702348,0.552948,1.137504
3.703202,0.385638,0.097792,0.084690,2.701758,0.553882,1.137716
3.722910,0.385662,0.097668,0.084885,2.702416,0.552431,1.134912
3.732552,0.385671,0.097448,0.085058,2.698104,0.555532,1.133565
3.736586,0.385681,0.097216,0.085217,2.693068,0.557898,1.133375
3.740108,0.385640,0.096975,0.085319,2.689529,0.558736,1.131304
3.746989,0.385567,0.096718,0.085354,2.687398,0.558330,1.127299
3.750199,0.385495,0.096536,0.085287,2.683148,0.563610,1.122851
3.759731,0.385493,0.096576,0.085323,2.687875,0.556946,1.124125
3.762151,0.385490,0.096629,0.085370,2.692187,0.551025,1.124408
3.770508,0.385465,0.096597,0.085361,2.692078,0.551979,1.122998
3.773109,0.385477,0.096551,0.085370,2.690390,0.554211,1.123085
3.780775,0.385503,0.096498,0.085391,2.687939,0.554596,1.126470
3.783794,0.385505,0.096321,0.085353,2.682451,0.560790,1.123268
3.787176,0.385508,0.096061,0.085294,2.675087,0.569468,1.121114
3.790428,0.385541,0.095886,0.085289,2.671396,0.572733,1.120982
3.793835,0.385575,0.095757,0.085301,2.669878,0.573335,1.119836
3.797167,0.385601,0.095631,0.085291,2.669453,0.574731,1.116927
3.800445,0.385569,0.095489,0.085281,2.667270,0.578230,1.115313
3.804409,0.385507,0.095438,0.085286,2.667988,0.578922,1.111888
3.807204,0.385447,0.095431,0.085301,2.670644,0.577383,1.111006
3.811197,0.385383,0.095428,0.085338,2.672399,0.576956,1.111411
3.813848,0.385329,0.095397,0.085420,2.675841,0.573982,1.113471
3.817322,0.385308,0.095412,0.085494,2.677806,0.572056,1.113223
3.820846,0.385337,0.095414,0.085580,2.681515,0.567007,1.116916
3.823930,0.385417,0.095383,0.085675,2.683842,0.563002,1.120273
3.827353,0.385470,0.095107,0.085657,2.684945,0.561690,1.118226
3.830592,0.385490,0.094872,0.085589,2.686039,0.560405,1.114690
3.833972,0.385510,0.094701,0.085531,2.693196,0.551765,1.115348
3.837343,0.385506,0.094542,0.085454,2.697468,0.547621,1.113065
3.841021,0.385450,0.094345,0.085338,2.701243,0.543976,1.108118
3.843812,0.385532,0.094299,0.085296,2.705914,0.535673,1.110996
3.847242,0.385642,0.094222,0.085252,2.709483,0.532117,1.112238
3.851037,0.385747,0.094062,0.085191,2.708915,0.530380,1.112274
3.853966,0.385890,0.093866,0.085196,2.709774,0.525999,1.117004
3.857219,0.386106,0.093664,0.085241,2.709703,0.523683,1.116863
3.860713,0.386192,0.093552,0.085306,2.711538,0.522155,1.115782
3.863905,0.386295,0.093458,0.085386,2.713594,0.514873,1.117427
3.867236,0.386424,0.093267,0.085445,2.713375,0.513955,1.119752
3.871077,0.386510,0.093039,0.085419,2.711562,0.515034,1.117122
3.873977,0.386509,0.092830,0.085304,2.712723,0.511667,1.117482
3.877411,0.386537,0.092622,0.085185,2.710593,0.510830,1.116405
3.880744,0.386547,0.092424,0.085047,2.707411,0.512777,1.114734
3.884002,0.386519,0.092242,0.084892,2.706646,0.511209,1.111613
3.887247,0.386545,0.092067,0.084819,2.706050,0.509827,1.109845
3.890545,0.386589,0.091908,0.084812,2.702971,0.511889,1.110512
3.894307,0.386627,0.091697,0.084794,2.702386,0.510979,1.110137
3.897333,0.386668,0.091415,0.084754,2.699986,0.511598,1.108898
3.900641,0.386712,0.091208,0.084770,2.697552,0.513132,1.106590
3.903891,0.386711,0.091050,0.084731,2.696094,0.513925,1.105935
3.907196,0.386710,0.090901,0.084729,2.694392,0.514329,1.105807
3.910745,0.386715,0.090802,0.084741,2.692636,0.516104,1.105410
3.913954,0.386708,0.090765,0.084792,2.693385,0.514988,1.106085
3.917225,0.386700,0.090623,0.084752,2.694120,0.513608,1.106829
3.921205,0.386692,0.090480,0.084735,2.693750,0.513698,1.106935
3.927352,0.386699,0.090266,0.084689,2.693697,0.514502,1.104155
3.930544,0.386694,0.089993,0.084640,2.693156,0.515575,1.103093
3.933844,0.386714,0.089712,0.084710,2.688427,0.520896,1.098483
3.953502,0.386792,0.089528,0.084869,2.685393,0.525717,1.098826
3.966666,0.386872,0.089354,0.085009,2.684195,0.528019,1.098263
3.976651,0.386896,0.089227,0.085194,2.682065,0.529060,1.097780
3.979410,0.386923,0.089158,0.085387,2.680297,0.530013,1.096871
3.988907,0.386931,0.089098,0.085476,2.682959,0.527309,1.098564
3.990946,0.386880,0.089091,0.085541,2.684764,0.523798,1.097340
4.011698,0.386868,0.089270,0.085718,2.689637,0.517504,1.097255
4.014312,0.386894,0.089503,0.085869,2.695165,0.512150,1.100692
4.026251,0.386968,0.089705,0.086078,2.699619,0.507312,1.103451
4.029600,0.387039,0.089908,0.086271,2.702528,0.505101,1.107100
4.036707,0.387112,0.090074,0.086501,2.704185,0.504196,1.110244
4.039666,0.387166,0.090025,0.086631,2.701268,0.507602,1.112689
4.048973,0.387183,0.089967,0.086873,2.698392,0.511222,1.110422
4.049918,0.387163,0.090053,0.087172,2.698805,0.509690,1.111138
4.057653,0.387158,0.090140,0.087472,2.699969,0.506470,1.112223
4.065060,0.387243,0.090149,0.087760,2.697476,0.507006,1.115161
4.070691,0.387300,0.090181,0.088055,2.695384,0.507667,1.116056
4.073800,0.387368,0.090354,0.088311,2.697255,0.504402,1.119865
4.077121,0.387405,0.090422,0.088464,2.697171,0.506474,1.119398
4.080734,0.387432,0.090509,0.088622,2.695830,0.510104,1.118276
4.084025,0.387390,0.090758,0.088813,2.699382,0.511027,1.115973
4.087232,0.387419,0.090986,0.089042,2.701717,0.510264,1.115887
4.091434,0.387516,0.091093,0.089213,2.699456,0.511058,1.117473
4.094441,0.387617,0.091168,0.089427,2.697282,0.513791,1.120096
4.098109,0.387666,0.091057,0.089639,2.694237,0.517688,1.119518
4.101190,0.387746,0.090846,0.089815,2.689860,0.520323,1.120011
4.103874,0.387797,0.090810,0.089962,2.689601,0.520614,1.121365
4.107208,0.387850,0.090733,0.090088,2.688799,0.525682,1.121621
4.111690,0.387931,0.090681,0.090154,2.687503,0.528004,1.121312
4.114038,0.388069,0.090890,0.090263,2.690277,0.524167,1.127242
4.117814,0.388157,0.091116,0.090358,2.692763,0.521858,1.129244
4.121227,0.388204,0.091189,0.090441,2.692769,0.523151,1.128782
4.124688,0.388280,0.091319,0.090623,2.694869,0.519508,1.132985
4.126990,0.388340,0.091437,0.090836,2.694462,0.518139,1.136804
4.131039,0.388444,0.091442,0.091034,2.692165,0.523898,1.133883
4.133941,0.388589,0.091417,0.091339,2.691281,0.523776,1.137522
4.138109,0.388742,0.091453,0.091674,2.689384,0.523813,1.143240
4.140467,0.388847,0.091402,0.091978,2.688924,0.523557,1.145049
4.143724,0.389022,0.091336,0.092263,2.687342,0.524559,1.148710
4.147063,0.389147,0.091285,0.092510,2.683623,0.523438,1.156656
4.150387,0.389269,0.091229,0.092723,2.680310,0.527214,1.153299
4.153715,0.389374,0.091211,0.092869,2.678502,0.528185,1.153446
4.157181,0.389494,0.091317,0.093021,2.676251,0.529411,1.154236
4.160385,0.389530,0.091533,0.093183,2.677665,0.526353,1.155597
4.163619,0.389616,0.091755,0.093383,2.681539,0.522249,1.155835
4.167124,0.389675,0.092143,0.093586,2.685639,0.514054,1.165834
4.170343,0.389792,0.092465,0.093864,2.689697,0.508725,1.169069
4.173620,0.389848,0.092755,0.094066,2.691644,0.505524,1.173218
4.177172,0.389931,0.092964,0.094245,2.695525,0.501619,1.175649
4.180344,0.389976,0.093253,0.094427,2.698580,0.498412,1.174821
4.183690,0.389904,0.093278,0.094502,2.698323,0.499937,1.176831
4.187016,0.389880,0.093395,0.094614,2.697461,0.503028,1.173927
4.190319,0.389861,0.093448,0.094745,2.696392,0.505822,1.172052
4.193813,0.389842,0.093500,0.094876,2.692838,0.509318,1.172798
4.197039,0.389765,0.093483,0.094947,2.690932,0.511797,1.173208
4.200297,0.389793,0.093594,0.095048,2.690632,0.513266,1.168185
4.203698,0.389936,0.093749,0.095315,2.688755,0.510664,1.176483
4.207120,0.390092,0.094022,0.095643,2.689154,0.506830,1.182760
4.210367,0.390255,0.094372,0.096015,2.690652,0.504171,1.186885
4.213703,0.390472,0.094731,0.096424,2.689333,0.502385,1.196686
4.217302,0.390709,0.095167,0.096887,2.689863,0.500618,1.205959
4.221356,0.390738,0.095513,0.097118,2.691917,0.501483,1.208568
4.223871,0.390783,0.095809,0.097306,2.692867,0.503777,1.210995
4.227181,0.390790,0.096044,0.097475,2.692933,0.506014,1.213733
4.230872,0.390769,0.096265,0.097704,2.693900,0.508733,1.213330
4.234167,0.390733,0.096506,0.097948,2.695905,0.511233,1.211857
4.244238,0.390726,0.096806,0.098294,2.699536,0.513685,1.210044
4.254001,0.390707,0.097086,0.098606,2.703009,0.515606,1.208119
4.266262,0.390677,0.097403,0.098927,2.708004,0.516892,1.205610
4.270033,0.390679,0.097766,0.099186,2.713079,0.517657,1.203837
4.277591,0.390762,0.098062,0.099426,2.714926,0.518430,1.203721
4.278675,0.390822,0.098238,0.099542,2.714932,0.519876,1.203481
4.289663,0.390885,0.098507,0.099695,2.716703,0.521911,1.199096
4.290937,0.390991,0.098771,0.099851,2.718976,0.522398,1.193120
4.310258,0.391120,0.098978,0.100007,2.718879,0.525562,1.186180
4.320298,0.391205,0.099140,0.100125,2.718746,0.529309,1.178587
4.324259,0.391341,0.099375,0.100255,2.719675,0.530035,1.171641
4.327502,0.391603,0.099464,0.100337,2.716316,0.531744,1.169483
4.334736,0.391936,0.099483,0.100370,2.710669,0.535521,1.169249
4.336879,0.392265,0.099454,0.100266,2.702147,0.542449,1.174726
4.345304,0.392541,0.099317,0.100078,2.695145,0.550622,1.176930
4.357081,0.392766,0.099101,0.099866,2.689030,0.558619,1.177332
4.358928,0.392871,0.098868,0.099522,2.685514,0.565582,1.172861
4.364270,0.392900,0.098661,0.099180,2.683662,0.571253,1.168065
4.369800,0.392908,0.098510,0.098962,2.689708,0.568485,1.158027
4.373585,0.392999,0.098484,0.098776,2.693811,0.564218,1.152063
4.377305,0.393137,0.098435,0.098583,2.695628,0.562640,1.148318
4.380353,0.393263,0.098415,0.098505,2.695378,0.562210,1.149447
4.383019,0.393375,0.098407,0.098405,2.697189,0.559979,1.145501
4.387154,0.393503,0.098394,0.098232,2.699162,0.555386,1.144261
4.390014,0.393592,0.098284,0.098060,2.697790,0.555053,1.141911
4.393164,0.393713,0.098218,0.097788,2.697343,0.553166,1.139737
4.396471,0.393913,0.098120,0.097478,2.696583,0.551525,1.136616
4.399724,0.394159,0.098034,0.097127,2.694367,0.551102,1.140321
4.403176,0.394432,0.097976,0.096790,2.693748,0.550667,1.140992
4.406435,0.394692,0.097982,0.096460,2.693747,0.547932,1.146038
4.409760,0.394885,0.097945,0.096189,2.692535,0.547920,1.148733
4.413862,0.395010,0.097954,0.095911,2.694936,0.543306,1.150995
4.416675,0.395092,0.097908,0.095632,2.696384,0.540908,1.149887
4.420764,0.395129,0.097815,0.095376,2.693417,0.541672,1.151506
4.423863,0.395184,0.097723,0.095033,2.693333,0.541250,1.150504
4.426520,0.395226,0.097569,0.094690,2.694396,0.538925,1.150057
4.430436,0.395257,0.097391,0.094383,2.694149,0.538852,1.148802
4.434184,0.395317,0.097238,0.094100,2.693460,0.533158,1.151766
4.436607,0.395327,0.097103,0.093817,2.695021,0.530619,1.147872
4.439908,0.395366,0.097066,0.093485,2.700255,0.526212,1.148495
4.444071,0.395398,0.097147,0.093136,2.709310,0.516933,1.147894
4.447300,0.395428,0.097173,0.092745,2.714559,0.512514,1.149879
4.449977,0.395520,0.097166,0.092414,2.717348,0.513529,1.150925
4.453815,0.395674,0.097117,0.092038,2.721863,0.508498,1.157988
4.456486,0.395787,0.097017,0.091774,2.723568,0.503324,1.159514
4.459848,0.395914,0.096887,0.091568,2.719214,0.505915,1.164980
4.463186,0.396017,0.096832,0.091346,2.722002,0.501531,1.166324
4.466422,0.396033,0.096825,0.091085,2.725919,0.497405,1.168333
4.469782,0.396019,0.096872,0.090888,2.725718,0.497473,1.170737
4.473231,0.395984,0.096850,0.090747,2.728626,0.495830,1.170160
4.477374,0.395910,0.096621,0.090623,2.726261,0.496871,1.167494
4.480275,0.395884,0.096385,0.090582,2.719830,0.499968,1.169316
4.483175,0.395897,0.096163,0.090499,2.719832,0.494763,1.168646
4.486465,0.395914,0.095829,0.090365,2.717430,0.493291,1.164828
4.489615,0.395917,0.095549,0.090227,2.710443,0.497047,1.166232
4.493074,0.395969,0.095479,0.089950,2.715016,0.488664,1.170922
4.496362,0.396005,0.095498,0.089653,2.718054,0.484963,1.171038
4.499633,0.396072,0.095524,0.089331,2.718631,0.484967,1.172771
4.503017,0.396147,0.095654,0.089082,2.721880,0.477867,1.182485
4.506439,0.396221,0.095637,0.088774,2.726784,0.472662,1.183219
4.510609,0.396266,0.095609,0.088611,2.727723,0.473795,1.180332
4.513083,0.396321,0.095527,0.088470,2.735313,0.466952,1.177283
4.516296,0.396367,0.095476,0.088265,2.739056,0.464799,1.180370
4.519625,0.396509,0.095245,0.088027,2.741859,0.468180,1.172975
4.522947,0.396622,0.095116,0.087951,2.743468,0.461645,1.173765
4.526443,0.396765,0.095001,0.087882,2.744226,0.458644,1.175599
4.530036,0.396908,0.094883,0.087778,2.741486,0.457232,1.181407
4.533305,0.397057,0.094682,0.087848,2.740540,0.454314,1.179914
4.537131,0.397310,0.094320,0.087916,2.739074,0.445137,1.185430
4.558707,0.397658,0.093979,0.087910,2.739277,0.439052,1.194033
4.566616,0.397987,0.093627,0.087891,2.739727,0.437030,1.202019
4.572899,0.398280,0.093173,0.087737,2.742164,0.437315,1.201398
4.576582,0.398515,0.092736,0.087566,2.741904,0.437910,1.204976
4.583513,0.398565,0.092553,0.087365,2.741419,0.442891,1.212790
4.585433,0.398667,0.092263,0.087133,2.743925,0.447152,1.209805
4.595324,0.398765,0.091925,0.086875,2.745665,0.443298,1.209455
4.597177,0.399011,0.091464,0.086587,2.748568,0.434860,1.217002
4.616334,0.399336,0.090897,0.086290,2.749919,0.426523,1.224082
4.629356,0.399734,0.090393,0.086084,2.752890,0.408957,1.230693
4.636346,0.400549,0.089430,0.085708,2.752738,0.399314,1.240705
4.639392,0.400722,0.088953,0.085517,2.756162,0.389021,1.243203
4.647978,0.400817,0.088582,0.085335,2.755554,0.383045,1.245209
4.659712,0.400908,0.088042,0.085082,2.759024,0.373853,1.242295
4.660861,0.400938,0.087641,0.084766,2.764216,0.371034,1.236859
4.669001,0.400994,0.087234,0.084503,2.770409,0.356265,1.235827
4.678486,0.401161,0.087028,0.084424,2.775666,0.346763,1.239995
4.681708,0.401311,0.086673,0.084267,2.777662,0.337023,1.240196
4.684836,0.401442,0.086493,0.084175,2.780162,0.327320,1.245468
4.688049,0.401540,0.086280,0.084122,2.783591,0.323141,1.249162
4.691427,0.401583,0.086070,0.084043,2.781626,0.326446,1.247776
4.694888,0.401628,0.085877,0.083963,2.777517,0.326422,1.245543
4.698570,0.401690,0.085856,0.083928,2.778137,0.326103,1.247522
4.701545,0.401686,0.085854,0.083873,2.777294,0.328865,1.246688
4.704843,0.401679,0.085856,0.083818,2.771903,0.326583,1.244851
4.708320,0.401732,0.085897,0.083699,2.772448,0.325469,1.247481
4.712003,0.401848,0.086094,0.083496,2.773905,0.322411,1.254418
4.715223,0.401891,0.086289,0.083302,2.775227,0.318556,1.257964
4.718369,0.401914,0.086491,0.083102,2.775420,0.317571,1.259258
4.721879,0.401919,0.086595,0.082898,2.779260,0.317375,1.262565
4.725691,0.401987,0.086674,0.082812,2.773206,0.321506,1.265347
4.728687,0.401988,0.086562,0.082795,2.772003,0.323275,1.266451
4.731764,0.402077,0.086453,0.082746,2.768684,0.325327,1.270065
4.735128,0.402170,0.086350,0.082685,2.763526,0.327259,1.272170
4.738487,0.402327,0.086527,0.082596,2.762997,0.324411,1.276273
4.742151,0.402370,0.086699,0.082471,2.770348,0.315059,1.279664
4.744910,0.402323,0.086756,0.082295,2.767359,0.315716,1.275894
4.748714,0.402263,0.086790,0.082174,2.768281,0.314429,1.271590
4.751940,0.402284,0.087010,0.081965,2.772035,0.308199,1.275213
4.754868,0.402306,0.087045,0.081806,2.772028,0.306063,1.273857
4.758510,0.402262,0.087023,0.081613,2.769140,0.308962,1.272467
4.762013,0.402316,0.087148,0.081488,2.773101,0.304714,1.272813
4.765046,0.402424,0.087446,0.081343,2.775407,0.298210,1.277759
4.768590,0.402478,0.087546,0.081304,2.777811,0.295672,1.278457
4.771750,0.402477,0.087586,0.081170,2.776928,0.296049,1.279615
4.774941,0.402629,0.087685,0.081024,2.782135,0.288788,1.275820
4.778364,0.402744,0.087773,0.080858,2.780615,0.287419,1.282083
4.781851,0.402836,0.087678,0.080727,2.778633,0.290639,1.283279
4.785210,0.402875,0.087593,0.080619,2.779456,0.288064,1.283688
4.788601,0.402788,0.087706,0.080658,2.783869,0.285240,1.277930
4.791840,0.402605,0.087703,0.080692,2.789254,0.277511,1.278463
4.795201,0.402481,0.087616,0.080710,2.775173,0.277218,1.292661
4.798651,0.402634,0.087460,0.080799,2.779015,0.272352,1.288687
4.801737,0.402862,0.087375,0.080837,2.777336,0.273284,1.294882
4.805479,0.403223,0.087176,0.080782,2.767908,0.269117,1.319137
4.808246,0.403587,0.087082,0.080773,2.760685,0.272645,1.330492
4.812245,0.403933,0.087003,0.080699,2.778405,0.267194,1.323136
4.815127,0.404045,0.087057,0.080581,2.768173,0.264985,1.341789
4.818699,0.404174,0.086858,0.080444,2.768025,0.263102,1.350661
4.822261,0.404286,0.086643,0.080348,2.772512,0.262841,1.346610
4.825083,0.404384,0.086358,0.080294,2.770382,0.261645,1.352700
4.828500,0.404478,0.086147,0.080357,2.769095,0.259331,1.358263
4.831923,0.404585,0.085821,0.080480,2.771145,0.257885,1.362657
4.834903,0.404687,0.085623,0.080675,2.758294,0.258976,1.364177
4.838583,0.404794,0.085406,0.080838,2.754878,0.255532,1.371934
4.841755,0.404906,0.085272,0.080959,2.751413,0.253274,1.379984
4.845752,0.404748,0.085218,0.080949,2.757033,0.247798,1.375564
4.848654,0.404413,0.085268,0.080771,2.767991,0.244292,1.361422
4.852051,0.404025,0.085354,0.080589,2.786460,0.237024,1.351121
4.855079,0.403946,0.085319,0.080464,2.788260,0.236774,1.350557
4.858797,0.403978,0.084919,0.080064,2.787937,0.240783,1.343601
4.875634,0.404351,0.084332,0.079763,2.768483,0.250861,1.355934
4.887434,0.404812,0.083651,0.079485,2.743894,0.264624,1.371349
4.891659,0.405254,0.082985,0.079181,2.721448,0.272420,1.386443
4.900800,0.405390,0.082467,0.078832,2.714462,0.274656,1.381215
4.903936,0.405376,0.082377,0.078706,2.701382,0.278330,1.388843
4.906979,0.405390,0.082284,0.078575,2.704599,0.273459,1.384423
4.913978,0.405302,0.082361,0.078508,2.705462,0.268092,1.385815
4.916544,0.405212,0.082710,0.078565,2.714382,0.265480,1.382241
4.925506,0.405131,0.083129,0.078654,2.722184,0.257057,1.384503
4.926783,0.405159,0.083546,0.078832,2.738390,0.242622,1.382143
4.960018,0.405062,0.084801,0.079400,2.751435,0.233565,1.370267
4.964023,0.404916,0.084886,0.079461,2.771808,0.220679,1.352396
4.970845,0.405060,0.084839,0.079534,2.767654,0.220418,1.346692
4.972517,0.405242,0.084918,0.079636,2.766434,0.227282,1.339905
4.982509,0.405512,0.085081,0.079799,2.763894,0.234528,1.332173
4.996727,0.406025,0.085337,0.079997,2.758203,0.237059,1.336197
5.006546,0.406583,0.085613,0.080219,2.753324,0.244777,1.337832
5.010557,0.406719,0.086045,0.080384,2.761082,0.243464,1.336071
5.013332,0.406749,0.086298,0.080470,2.762626,0.246605,1.328160
5.017411,0.406693,0.086467,0.080492,2.766040,0.249788,1.316839
5.020339,0.406593,0.086629,0.080435,2.767218,0.258048,1.311794
5.024006,0.406454,0.086803,0.080350,2.770895,0.258984,1.304144
5.027592,0.406399,0.086883,0.080278,2.775575,0.260167,1.290817
5.030722,0.406427,0.086942,0.080233,2.773409,0.266453,1.287161
5.033895,0.406505,0.087029,0.080181,2.774881,0.268771,1.284057
5.037231,0.406618,0.087055,0.080176,2.777073,0.270429,1.277218
5.040586,0.406876,0.087099,0.080241,2.773855,0.275342,1.278731
5.044165,0.407313,0.087134,0.080293,2.770408,0.277836,1.286728
5.047518,0.407702,0.087230,0.080335,2.771485,0.274431,1.292771
5.050670,0.407979,0.087337,0.080375,2.771446,0.274210,1.296681
5.053478,0.408254,0.087448,0.080417,2.771825,0.273313,1.299186
5.056731,0.408370,0.087521,0.080426,2.773823,0.271234,1.300281
5.059841,0.408404,0.087543,0.080556,2.775435,0.272381,1.295668
5.063581,0.408892,0.087045,0.081526,2.764394,0.264501,1.305953
5.066668,0.409532,0.086479,0.082540,2.752121,0.257130,1.318482
5.070111,0.410092,0.086005,0.083551,2.737370,0.251063,1.338654
5.073412,0.410301,0.086086,0.083702,2.736701,0.257175,1.335216
5.077110,0.410432,0.086295,0.083741,2.738847,0.260906,1.330633
5.080134,0.410169,0.086983,0.082973,2.752534,0.273614,1.316432
5.083911,0.409873,0.087683,0.082190,2.765676,0.285039,1.299689
5.087252,0.409658,0.088284,0.081405,2.780229,0.296288,1.276376
5.090170,0.409816,0.088346,0.081429,2.781836,0.296223,1.277205
5.093524,0.409954,0.088335,0.081454,2.783262,0.295862,1.274307
5.096637,0.409962,0.088336,0.081417,2.786589,0.297449,1.262738
5.100472,0.409942,0.088385,0.081299,2.788728,0.299189,1.257850
5.103585,0.409982,0.088425,0.081203,2.790728,0.301800,1.252735
5.106949,0.410059,0.088460,0.081208,2.791549,0.303977,1.248622
5.110506,0.410157,0.088479,0.081258,2.791641,0.306975,1.246558
5.113058,0.410388,0.088461,0.081309,2.783901,0.316255,1.239889
5.117172,0.410615,0.088415,0.081407,2.781308,0.322197,1.237986
5.119752,0.410796,0.088444,0.081433,2.779196,0.325268,1.239076
5.123897,0.410944,0.088478,0.081397,2.779721,0.327802,1.233597
5.126900,0.411127,0.088551,0.081353,2.780032,0.328801,1.233723
5.130019,0.411264,0.088640,0.081328,2.786026,0.323474,1.242382
5.133643,0.411426,0.088698,0.081330,2.785114,0.323405,1.244432
5.137125,0.411571,0.088690,0.081381,2.784346,0.324509,1.242888
5.140303,0.411712,0.088665,0.081415,2.782793,0.324523,1.244360
5.144525,0.411825,0.088635,0.081420,2.780271,0.328451,1.242296
5.147364,0.411933,0.088607,0.081423,2.778914,0.330019,1.239092
5.150522,0.411999,0.088649,0.081399,2.778621,0.331832,1.236718
5.153623,0.412099,0.088729,0.081327,2.777158,0.334828,1.233641
5.157053,0.412186,0.088806,0.081255,2.775260,0.338100,1.231928
5.160484,0.412258,0.088871,0.081218,2.772229,0.343931,1.229517
5.163863,0.412324,0.088884,0.081163,2.773844,0.344912,1.226333
5.166731,0.412414,0.088926,0.081193,2.770011,0.352565,1.224268
5.170188,0.412486,0.088946,0.081231,2.773331,0.350127,1.222954
5.173444,0.412545,0.088964,0.081317,2.779319,0.348013,1.216678
5.177054,0.412552,0.089000,0.081304,2.785201,0.337345,1.212550
5.180647,0.412622,0.089083,0.081301,2.783232,0.343143,1.206725
5.185703,0.412736,0.089213,0.081313,2.782133,0.345836,1.203928
5.204715,0.412881,0.089339,0.081438,2.775244,0.357900,1.200788
5.216146,0.412975,0.089537,0.081569,2.764402,0.371428,1.205014
5.220968,0.413197,0.089706,0.081810,2.758072,0.387312,1.204287
5.226047,0.413485,0.089908,0.082202,2.753505,0.392778,1.213526
5.235019,0.413730,0.090049,0.082552,2.750919,0.397719,1.216694
5.245296,0.413928,0.090179,0.082829,2.750175,0.400690,1.221569
5.248604,0.414275,0.090674,0.083167,2.757759,0.397703,1.226518
5.266756,0.414455,0.091206,0.083421,2.764007,0.396965,1.231962
5.277146,0.414487,0.091710,0.083542,2.770623,0.396412,1.230345
5.281996,0.414497,0.092133,0.083629,2.781276,0.391175,1.229901
5.283617,0.414399,0.092337,0.083941,2.783313,0.392838,1.223916
5.287338,0.414249,0.092060,0.084202,2.777296,0.399363,1.217206
5.292298,0.414194,0.091718,0.084573,2.770628,0.404373,1.213214
5.297011,0.414285,0.091252,0.085168,2.764917,0.405565,1.208742
5.306958,0.414377,0.090914,0.085817,2.760806,0.400716,1.206859
5.317777,0.414578,0.090795,0.086241,2.762155,0.392586,1.209660
5.326797,0.414784,0.090707,0.086663,2.764628,0.382849,1.211765
5.330436,0.415002,0.090606,0.087109,2.764547,0.375231,1.214221
5.333872,0.415125,0.090668,0.087402,2.767655,0.367341,1.217092
5.337443,0.415249,0.090622,0.087641,2.767345,0.366000,1.218680
5.340637,0.415423,0.090536,0.087950,2.768147,0.362376,1.221068
5.343763,0.415543,0.090413,0.088274,2.766841,0.364988,1.219958
5.346919,0.415642,0.090314,0.088550,2.768283,0.362370,1.220894
5.350647,0.415896,0.090078,0.088950,2.763136,0.367448,1.225113
5.353855,0.416164,0.089831,0.089379,2.758454,0.372282,1.228174
5.357246,0.416371,0.089610,0.089754,2.753822,0.377300,1.231533
5.360521,0.416489,0.089300,0.089950,2.750485,0.380281,1.231737
5.363950,0.416582,0.088999,0.090134,2.746612,0.387451,1.228752
5.367296,0.416619,0.088736,0.090155,2.747184,0.385654,1.228570
5.370639,0.416596,0.088459,0.090226,2.747489,0.385257,1.223375
5.374424,0.416554,0.088162,0.090340,2.748940,0.384455,1.215686
5.376953,0.416639,0.088024,0.090575,2.748491,0.383800,1.212936
5.380867,0.416739,0.087803,0.090812,2.749614,0.380727,1.212333
5.384151,0.416679,0.087553,0.091011,2.747511,0.385892,1.203407
5.387553,0.416674,0.087309,0.091165,2.745642,0.390183,1.199524
5.390171,0.416712,0.087033,0.091373,2.745540,0.390083,1.199300
5.394203,0.416874,0.086618,0.091785,2.742100,0.389597,1.200534
5.397464,0.417029,0.086293,0.092176,2.736705,0.390377,1.201535
5.400862,0.417107,0.086073,0.092535,2.734258,0.393351,1.201374
5.404188,0.417140,0.085820,0.092878,2.731795,0.395549,1.200476
5.407458,0.417164,0.085602,0.093170,2.726756,0.401440,1.197288
5.410836,0.417157,0.085441,0.093317,2.730575,0.394754,1.199092
5.413968,0.417080,0.085140,0.093618,2.729430,0.395388,1.196903
5.416808,0.417165,0.084800,0.093976,2.728058,0.394844,1.195946
5.420445,0.417239,0.084448,0.094361,2.725889,0.395721,1.196290
5.424129,0.417347,0.084018,0.094803,2.723431,0.392913,1.197794
5.427052,0.417358,0.083641,0.095229,2.718050,0.399154,1.194175
5.430073,0.417444,0.083342,0.095550,2.721654,0.392646,1.194747
5.433958,0.417506,0.082930,0.095933,2.720444,0.386719,1.197999
5.437243,0.417603,0.082584,0.096267,2.719585,0.379073,1.201688
5.440617,0.417664,0.082406,0.096550,2.721910,0.378693,1.203984
5.444132,0.417711,0.082256,0.096781,2.725040,0.377414,1.206233
5.447438,0.417749,0.082126,0.097021,2.725023,0.378514,1.208211
5.450815,0.417741,0.081402,0.097381,2.718436,0.389091,1.205282
5.454289,0.417666,0.080470,0.097839,2.714731,0.399886,1.196867
5.457503,0.417609,0.079333,0.098245,2.702993,0.412147,1.191730
5.460746,0.417540,0.078091,0.098745,2.688736,0.427900,1.185777
5.464266,0.417532,0.076867,0.099185,2.676920,0.443966,1.178793
5.467544,0.417472,0.076406,0.099403,2.675339,0.447291,1.176156
5.470927,0.417613,0.076818,0.099487,2.688720,0.429012,1.188513
5.473881,0.417732,0.077375,0.099555,2.705076,0.408270,1.196905
5.477745,0.417838,0.077736,0.099684,2.716653,0.390363,1.203283
5.481085,0.417952,0.078069,0.099910,2.724313,0.374635,1.211373
5.484318,0.418202,0.078444,0.100287,2.735719,0.352205,1.222046
5.491489,0.418286,0.078115,0.100789,2.732378,0.351728,1.221281
5.495762,0.418369,0.077579,0.101438,2.732161,0.344291,1.219394
5.500032,0.418715,0.076870,0.102324,2.731786,0.338345,1.225941
5.513333,0.419085,0.075963,0.103408,2.726527,0.338058,1.226158
5.528161,0.419388,0.074981,0.104355,2.721373,0.338407,1.231297
5.531485,0.419817,0.074011,0.105241,2.717980,0.337519,1.237280
5.533405,0.420220,0.072155,0.106701,2.703357,0.344241,1.240471
5.544919,0.420387,0.070773,0.107768,2.692903,0.346983,1.235508
5.561057,0.420478,0.069455,0.108519,2.695883,0.342721,1.241194
5.565607,0.420554,0.067478,0.109632,2.690574,0.342731,1.232431
5.585008,0.420476,0.065301,0.110759,2.674445,0.358896,1.220786
5.595345,0.420424,0.064177,0.111251,2.669478,0.370216,1.217160
5.599512,0.420472,0.063085,0.111799,2.674643,0.366078,1.214318
5.602075,0.420768,0.062290,0.112459,2.674003,0.357414,1.215851
5.609761,0.421077,0.062172,0.112720,2.678876,0.350203,1.225819
5.620111,0.421404,0.061970,0.112836,2.693406,0.325166,1.232003
5.629381,0.421675,0.061756,0.112994,2.707177,0.305576,1.232284
5.632620,0.422155,0.061364,0.113414,2.706401,0.299996,1.244592
5.638381,0.422347,0.060838,0.113803,2.706883,0.297834,1.248896
5.642685,0.422515,0.060257,0.114202,2.708222,0.294196,1.250080
5.646205,0.422585,0.059836,0.114495,2.709428,0.293100,1.252238
5.649459,0.422719,0.059442,0.114609,2.710579,0.286435,1.257382
5.652908,0.422573,0.059151,0.114400,2.717766,0.279214,1.252983
5.656593,0.422443,0.058756,0.114050,2.717968,0.279407,1.244343
5.660474,0.422272,0.058299,0.113831,2.722892,0.278342,1.235599
5.662629,0.422272,0.057768,0.113858,2.721108,0.282108,1.230107
5.666705,0.422248,0.057132,0.114078,2.720739,0.280345,1.228225
5.669766,0.422274,0.056493,0.114318,2.719699,0.281818,1.223888
5.672831,0.422402,0.055839,0.114601,2.720618,0.279391,1.223011
5.676575,0.422592,0.055215,0.114796,2.714503,0.279967,1.224866
5.680719,0.422772,0.054792,0.114986,2.713760,0.277417,1.228048
5.683736,0.423084,0.054421,0.115119,2.709053,0.283294,1.230642
5.686202,0.423333,0.054052,0.115232,2.704185,0.283121,1.236056
5.690790,0.423463,0.053402,0.115631,2.696367,0.290415,1.234726
5.693361,0.423597,0.052765,0.115998,2.690248,0.296474,1.231519
5.696995,0.423712,0.052151,0.116326,2.682020,0.302922,1.229683
5.700297,0.423830,0.051765,0.116522,2.680905,0.302239,1.227316
5.703824,0.423930,0.051423,0.116721,2.679993,0.305849,1.225173
5.706993,0.424055,0.051489,0.116668,2.683780,0.301344,1.228806
5.709703,0.424136,0.051599,0.116603,2.688301,0.297107,1.231873
5.713621,0.424135,0.051721,0.116519,2.694356,0.293053,1.233090
5.717000,0.424011,0.051658,0.116470,2.694510,0.295795,1.229849
5.720283,0.424028,0.051477,0.116551,2.694412,0.298111,1.229340
5.723698,0.424072,0.051293,0.116672,2.694775,0.300690,1.228484
5.727040,0.424148,0.051064,0.116788,2.692975,0.303801,1.228731
5.730368,0.424299,0.050781,0.116910,2.692177,0.301528,1.231578
5.733956,0.424438,0.050407,0.116985,2.693090,0.297720,1.231756
5.736882,0.424422,0.049923,0.117189,2.686860,0.307705,1.220991
5.740446,0.424346,0.049148,0.117205,2.685199,0.311201,1.217422
5.743754,0.424260,0.048441,0.117308,2.680849,0.322042,1.209488
5.746905,0.424168,0.047774,0.117430,2.679462,0.329090,1.199798
5.750479,0.424189,0.047608,0.117516,2.679115,0.331963,1.203850
5.753474,0.424231,0.047677,0.117328,2.689712,0.317231,1.212592
5.756892,0.424387,0.048011,0.117307,2.696257,0.303789,1.213497
5.759832,0.424688,0.048298,0.117276,2.705322,0.280614,1.222039
5.763707,0.425031,0.048532,0.117350,2.707594,0.266893,1.234817
5.766763,0.425213,0.048194,0.117551,2.700676,0.272856,1.228863
5.770334,0.425410,0.047824,0.117766,2.701351,0.270737,1.231333
5.773637,0.425536,0.047507,0.117952,2.698998,0.270782,1.235452
5.776869,0.425351,0.046788,0.118346,2.696159,0.279936,1.231203
5.780458,0.425178,0.046073,0.118727,2.694467,0.286640,1.226292
5.783948,0.425046,0.045426,0.119094,2.699542,0.280083,1.228819
5.787109,0.424904,0.044304,0.119354,2.684946,0.295194,1.222075
5.789828,0.424765,0.043182,0.119614,2.671975,0.313207,1.216235
5.793691,0.424766,0.042449,0.119689,2.666406,0.315355,1.218642
5.796611,0.424884,0.041934,0.119820,2.658406,0.321445,1.213262
5.799607,0.425018,0.041493,0.119906,2.656044,0.319755,1.217264
5.803651,0.425086,0.041561,0.120098,2.665052,0.306926,1.222242
5.807018,0.425154,0.041638,0.120271,2.673110,0.294737,1.224275
5.810028,0.425256,0.041901,0.120247,2.677539,0.287482,1.228658
5.813881,0.425197,0.041993,0.120080,2.687236,0.276462,1.236250
5.817163,0.425134,0.042049,0.119911,2.689986,0.274967,1.234425
5.820308,0.425110,0.041995,0.119709,2.695280,0.270644,1.235834
5.823538,0.425000,0.041885,0.119470,2.704375,0.264225,1.232600
5.826934,0.424869,0.041624,0.119400,2.710281,0.260735,1.225005
5.830533,0.424770,0.041325,0.119328,2.713464,0.257667,1.223120
5.833633,0.424700,0.041138,0.119279,2.717331,0.252526,1.224355
5.837212,0.424692,0.041067,0.119222,2.718953,0.247163,1.224346
5.840620,0.424765,0.041044,0.119219,2.718163,0.242563,1.231142
5.845539,0.424806,0.040901,0.119214,2.718202,0.239395,1.234973
5.847977,0.425028,0.040585,0.119239,2.717975,0.236554,1.241856
5.862806,0.425399,0.040049,0.119279,2.717466,0.237102,1.245464
5.876553,0.425943,0.038717,0.119413,2.719803,0.239681,1.245400
5.879745,0.426157,0.037865,0.119292,2.717609,0.246051,1.242422
5.888594,0.426125,0.037112,0.119260,2.716654,0.249659,1.239569
5.898931,0.425854,0.036177,0.119287,2.714668,0.252375,1.228275
5.921193,0.425579,0.035258,0.119341,2.717611,0.248694,1.219842
5.931779,0.425387,0.034236,0.119383,2.714596,0.246653,1.215258
5.936125,0.425282,0.033341,0.119553,2.713966,0.240127,1.208778
5.938584,0.425205,0.032522,0.119591,2.712471,0.234883,1.212010
5.942759,0.425272,0.032072,0.119628,2.715642,0.228213,1.211938
5.945623,0.425327,0.031661,0.119652,2.712239,0.226727,1.214069
5.949795,0.425467,0.030878,0.119555,2.706517,0.227041,1.211990
5.958348,0.425518,0.030026,0.119690,2.691394,0.248893,1.208003
5.969307,0.425543,0.029081,0.119824,2.685032,0.254579,1.205188
5.971576,0.425357,0.028186,0.119844,2.681624,0.258102,1.202105
5.981958,0.425001,0.026559,0.119844,2.669343,0.278031,1.187703
5.987249,0.424593,0.025445,0.120043,2.659788,0.295857,1.177758
5.992590,0.424275,0.024534,0.120048,2.669948,0.280067,1.177732
5.995116,0.424000,0.023600,0.120138,2.656362,0.279929,1.177063
5.998790,0.423864,0.022628,0.120272,2.642786,0.298097,1.170139
6.002295,0.423938,0.022413,0.120411,2.653407,0.279993,1.179739
6.005759,0.424094,0.022791,0.120522,2.651804,0.277524,1.183756
6.008693,0.424156,0.022775,0.120744,2.652570,0.272987,1.190269
6.011807,0.424174,0.022883,0.120970,2.664756,0.274497,1.182775
6.015378,0.424192,0.022990,0.121196,2.662549,0.273883,1.184958
6.019102,0.424270,0.023176,0.121051,2.661796,0.273222,1.184423
6.021909,0.424213,0.022790,0.120904,2.669282,0.263007,1.189059
6.025213,0.424202,0.022781,0.120683,2.661443,0.243214,1.200863
6.028554,0.424246,0.022767,0.120430,2.668328,0.235918,1.200268
6.032093,0.424287,0.022724,0.120164,2.681857,0.217026,1.202681
6.036328,0.424625,0.022215,0.120985,2.676601,0.195667,1.215380
6.038730,0.424955,0.021651,0.121785,2.674509,0.179086,1.224673
6.041570,0.425312,0.021127,0.122534,2.680613,0.186394,1.218491
6.045529,0.425532,0.020745,0.123199,2.673491,0.161330,1.238118
6.048184,0.425637,0.020588,0.123490,2.674237,0.157192,1.248484
6.052490,0.425335,0.020764,0.123023,2.679483,0.172469,1.240559
6.055868,0.424872,0.020633,0.122512,2.680853,0.197218,1.218899
6.059064,0.424364,0.020340,0.122001,2.683970,0.211326,1.202150
6.065696,0.423923,0.019435,0.121459,2.687799,0.229792,1.189683
6.068949,0.423920,0.019026,0.121358,2.681963,0.232358,1.185000
6.075379,0.424470,0.018878,0.121229,2.673419,0.246988,1.171047
6.078987,0.424480,0.018936,0.121039,2.680614,0.228356,1.177426
6.082554,0.424399,0.018871,0.120894,2.684635,0.220034,1.180863
6.085189,0.424425,0.018745,0.120851,2.686488,0.222371,1.177461
6.088416,0.424361,0.018684,0.120847,2.691037,0.219852,1.176965
6.091754,0.424291,0.018642,0.120877,2.699454,0.206095,1.187416
6.095701,0.424443,0.018545,0.120981,2.690615,0.214691,1.195205
6.098814,0.424722,0.018131,0.121500,2.689196,0.215836,1.202633
6.101753,0.424789,0.017639,0.121979,2.681147,0.226930,1.201474
6.105106,0.424829,0.016942,0.122322,2.667406,0.249880,1.194179
6.108553,0.424756,0.016321,0.122620,2.662333,0.258502,1.187124
6.112293,0.424683,0.015699,0.122919,2.670346,0.250758,1.185762
6.115243,0.424565,0.015395,0.122888,2.659212,0.266992,1.174981
6.118363,0.424464,0.015041,0.122772,2.658169,0.267693,1.175657
6.122540,0.424478,0.014873,0.122802,2.666108,0.253971,1.174966
6.125115,0.424472,0.014664,0.122805,2.657469,0.266481,1.176181
6.128424,0.424494,0.014421,0.122849,2.651439,0.274107,1.169870
6.131753,0.424433,0.014169,0.122802,2.655374,0.266838,1.173319
6.135416,0.424397,0.014093,0.122829,2.651698,0.273431,1.168431
6.138433,0.424346,0.014200,0.122706,2.657183,0.266418,1.173135
6.141822,0.424441,0.014315,0.122649,2.669359,0.245695,1.178316
6.145688,0.424487,0.014386,0.122552,2.665248,0.229686,1.196321
6.148948,0.424543,0.014426,0.122516,2.669935,0.221004,1.200784
6.152388,0.424600,0.014466,0.122481,2.680103,0.203657,1.206571
6.155771,0.424721,0.014207,0.122581,2.667962,0.219372,1.203328
6.158411,0.424817,0.013924,0.122739,2.664963,0.220086,1.205087
6.162425,0.424935,0.013718,0.122898,2.672755,0.226578,1.195471
6.165774,0.424919,0.013234,0.123127,2.670720,0.232741,1.189151
6.171829,0.424920,0.012706,0.123401,2.670156,0.240166,1.180570
6.188401,0.424787,0.011786,0.123703,2.673812,0.235360,1.174983
6.191268,0.424675,0.010887,0.123953,2.666808,0.251221,1.166643
6.199651,0.424562,0.010286,0.124325,2.664576,0.258953,1.160706
6.206006,0.424566,0.009988,0.124575,2.664234,0.259755,1.163634
6.208743,0.424604,0.009351,0.124671,2.653355,0.269060,1.166625
6.212873,0.424631,0.009243,0.124735,2.649527,0.274431,1.169283
6.219008,0.424717,0.009430,0.124892,2.656836,0.262875,1.173841
6.222081,0.424756,0.009273,0.125039,2.658126,0.256904,1.177784
6.232594,0.424907,0.008643,0.125180,2.653566,0.252553,1.181470
6.253515,0.424990,0.008366,0.125462,2.657667,0.240233,1.186523
6.265252,0.425048,0.008112,0.125700,2.663238,0.226759,1.190186
6.269756,0.425053,0.007674,0.125926,2.666651,0.222621,1.189133
6.272558,0.425062,0.007252,0.126116,2.668265,0.222624,1.186904
6.281425,0.424972,0.007284,0.126306,2.675155,0.221075,1.185522
6.292663,0.424967,0.007199,0.126631,2.679915,0.218302,1.184782
6.293859,0.425006,0.007040,0.126992,2.685472,0.214486,1.188137
6.302565,0.425088,0.006806,0.127295,2.684373,0.213518,1.191183
6.305367,0.425259,0.006615,0.127429,2.686055,0.211973,1.197677
6.309077,0.425450,0.006548,0.127557,2.686821,0.209256,1.203355
6.316117,0.425572,0.006541,0.127485,2.691916,0.201579,1.208519
6.319301,0.425685,0.006563,0.127373,2.694142,0.197944,1.211531
6.322744,0.425750,0.006492,0.127294,2.697284,0.195124,1.214645
6.325906,0.425718,0.006228,0.127339,2.696791,0.193414,1.208288
6.329410,0.425698,0.005793,0.127525,2.691901,0.193061,1.206838
6.332748,0.425675,0.005442,0.127753,2.689073,0.195738,1.207300
6.336188,0.425653,0.005082,0.127978,2.687880,0.195733,1.203407
6.339225,0.425635,0.004750,0.128208,2.683568,0.194185,1.205311
6.342749,0.425683,0.004575,0.128453,2.682040,0.193685,1.210982
6.346102,0.425686,0.004478,0.128581,2.685310,0.191236,1.212134
6.349763,0.425695,0.004374,0.128723,2.686403,0.191331,1.212117
6.352855,0.425707,0.004312,0.128887,2.686985,0.190156,1.219421
6.356164,0.425560,0.004060,0.128928,2.691311,0.190655,1.211039
6.359746,0.425372,0.003771,0.128956,2.693365,0.188177,1.205703
6.362741,0.425265,0.003351,0.129126,2.693461,0.185492,1.204539
6.365634,0.425116,0.002840,0.129311,2.692027,0.181823,1.198376
6.369405,0.424945,0.002258,0.129477,2.690222,0.176778,1.194004
6.373894,0.424897,0.001865,0.129778,2.687748,0.174469,1.195751
6.375821,0.424848,0.001481,0.130015,2.685087,0.171275,1.198776
6.379536,0.424764,0.001125,0.130157,2.685465,0.170806,1.195171
6.382655,0.424685,0.000781,0.130294,2.685016,0.169843,1.196242
6.386025,0.424600,0.000388,0.130435,2.682863,0.176845,1.185239
6.389376,0.424485,-0.000070,0.130501,2.684301,0.174643,1.179472
6.392451,0.424324,-0.000500,0.130608,2.685046,0.174483,1.171388
6.395966,0.423951,-0.001069,0.130473,2.686387,0.169633,1.162885
6.399524,0.423606,-0.001554,0.130323,2.690894,0.165081,1.151174
6.402025,0.423530,-0.001832,0.130483,2.693830,0.155814,1.156997
6.406001,0.423571,-0.002044,0.130692,2.689093,0.155807,1.165009
6.409607,0.423685,-0.002231,0.130893,2.691427,0.156305,1.165932
6.416260,0.424135,-0.002088,0.131647,2.690977,0.156753,1.169435
6.419017,0.424202,-0.002146,0.131829,2.686682,0.159406,1.183392
6.422280,0.424254,-0.002188,0.131982,2.686760,0.161040,1.186672
6.425935,0.424135,-0.002699,0.132341,2.685549,0.164139,1.181234
6.429401,0.424084,-0.003187,0.132708,2.678815,0.166986,1.181571
6.432269,0.424041,-0.003768,0.133039,2.673393,0.175246,1.182561
6.435596,0.423869,-0.004475,0.133272,2.664431,0.186516,1.169493
6.438930,0.423653,-0.005169,0.133488,2.660765,0.189282,1.160770
6.442816,0.423596,-0.005374,0.133487,2.662606,0.187661,1.157634
6.446254,0.423541,-0.005576,0.133479,2.664705,0.185917,1.156604
6.449443,0.423433,-0.005906,0.133396,2.665689,0.182136,1.154401
6.452803,0.423331,-0.006137,0.133385,2.670762,0.173355,1.157244
6.456174,0.423274,-0.006413,0.133459,2.665790,0.175201,1.156459
6.459470,0.423213,-0.006742,0.133588,2.664163,0.173251,1.163185
6.462435,0.423143,-0.007076,0.133729,2.661940,0.170948,1.168444
6.466160,0.423064,-0.007264,0.133926,2.661722,0.169403,1.171057
6.469534,0.422982,-0.007438,0.134151,2.663891,0.162984,1.181214
6.472865,0.422880,-0.007577,0.134197,2.668605,0.157285,1.186116
6.476306,0.422792,-0.007681,0.134197,2.671673,0.152760,1.180893
6.479595,0.422760,-0.007726,0.134088,2.677234,0.144749,1.181999
6.483043,0.422805,-0.007793,0.134004,2.680275,0.135593,1.189250
6.485806,0.422936,-0.007822,0.133948,2.680957,0.133816,1.190754
6.489096,0.423023,-0.007884,0.134008,2.683943,0.126634,1.199113
6.493001,0.423064,-0.008066,0.134176,2.684662,0.122845,1.208267
6.495944,0.423000,-0.008429,0.134608,2.682760,0.131203,1.200569
6.499600,0.422922,-0.008856,0.135025,2.680755,0.134961,1.199867
6.505519,0.422755,-0.009579,0.135276,2.676254,0.143393,1.191526
6.507571,0.422577,-0.010518,0.135433,2.669582,0.143758,1.194931
6.525248,0.422946,-0.012409,0.135814,2.657040,0.127335,1.212153
6.535516,0.423265,-0.013295,0.136038,2.656925,0.114985,1.226394
6.538788,0.423357,-0.013618,0.135939,2.657496,0.110139,1.229951
6.546068,0.423168,-0.014845,0.135891,2.649168,0.119178,1.226903
6.556139,0.422608,-0.015758,0.135702,2.644047,0.137994,1.212391
6.567793,0.422094,-0.016631,0.135428,2.655748,0.152712,1.186353
6.570098,0.421893,-0.017688,0.135465,2.656073,0.155274,1.173078
6.591783,0.421692,-0.018746,0.135568,2.659925,0.150460,1.164561
6.601676,0.421784,-0.018818,0.135392,2.675904,0.127281,1.171409
6.605991,0.421843,-0.019025,0.135201,2.690371,0.097993,1.175947
6.608395,0.421806,-0.019449,0.135122,2.691958,0.091585,1.177881
6.611369,0.421686,-0.019977,0.135282,2.690235,0.088703,1.178571
6.620157,0.421579,-0.020736,0.135517,2.679883,0.097035,1.180882
6.621742,0.421391,-0.021617,0.135848,2.671169,0.101772,1.180089
6.632142,0.421194,-0.022401,0.136290,2.663516,0.109791,1.181652
6.641769,0.420869,-0.023401,0.136836,2.666304,0.105566,1.179978
6.645687,0.420720,-0.023560,0.136847,2.669965,0.094030,1.182247
6.648996,0.420572,-0.023655,0.136878,2.679828,0.082913,1.178423
6.652008,0.420422,-0.023781,0.136890,2.688775,0.068353,1.176405
6.658628,0.420136,-0.024530,0.137113,2.695122,0.061720,1.172599
6.662308,0.420006,-0.025061,0.137371,2.695411,0.069164,1.171045
6.672195,0.419521,-0.026265,0.137602,2.698262,0.078542,1.167933
6.675582,0.419365,-0.026460,0.137610,2.699354,0.080299,1.167091
6.678838,0.419223,-0.026617,0.137580,2.694892,0.090448,1.168424
6.685797,0.419228,-0.027349,0.137664,2.694911,0.088133,1.166673
6.688905,0.419294,-0.027857,0.137751,2.687643,0.090893,1.169616
6.692298,0.419342,-0.028167,0.137783,2.682317,0.091204,1.171234
6.695766,0.419403,-0.028524,0.137832,2.676617,0.093948,1.172989
6.715364,0.418095,-0.032206,0.138015,2.644547,0.115332,1.168574
6.729068,0.418627,-0.033813,0.138722,2.644771,0.111777,1.170388
6.732393,0.418606,-0.034142,0.138832,2.645380,0.114893,1.169638
6.735643,0.418477,-0.034531,0.138856,2.644130,0.105164,1.170212
6.738714,0.418262,-0.034886,0.138892,2.642951,0.106133,1.171592
6.742352,0.417959,-0.035737,0.139060,2.641938,0.114552,1.162474
6.745849,0.417689,-0.036585,0.139241,2.638697,0.121623,1.154201
6.748668,0.417506,-0.037034,0.139314,2.643633,0.110366,1.152797
6.751728,0.417370,-0.037292,0.139405,2.647423,0.106754,1.157039
6.755659,0.417177,-0.038077,0.139607,2.648281,0.112616,1.145540
6.759191,0.417043,-0.038449,0.139769,2.648174,0.112595,1.146339
6.762312,0.416986,-0.038849,0.139952,2.643511,0.116459,1.147540
6.765848,0.416852,-0.039597,0.140139,2.637971,0.124758,1.139521
6.768970,0.416804,-0.040087,0.140274,2.632500,0.124637,1.141224
6.771955,0.416838,-0.039952,0.140220,2.635251,0.108686,1.149558
6.775489,0.416866,-0.039899,0.140039,2.627194,0.083837,1.159646
6.779022,0.416850,-0.039868,0.139939,2.634019,0.066561,1.165201
6.782650,0.416834,-0.039881,0.139933,2.632924,0.058565,1.175289
6.785607,0.416772,-0.040208,0.140060,2.630866,0.058630,1.174812
6.789250,0.416717,-0.040553,0.140182,2.628704,0.059515,1.177364
6.792667,0.416715,-0.040682,0.140322,2.638652,0.068270,1.176429
6.795791,0.416732,-0.040817,0.140353,2.638625,0.067496,1.177778
6.799220,0.416730,-0.040984,0.140416,2.639514,0.069330,1.177173
6.802060,0.416663,-0.041317,0.140468,2.636994,0.071156,1.177745
6.805790,0.416595,-0.041729,0.140514,2.635143,0.073443,1.172997
6.809029,0.416558,-0.042112,0.140559,2.633263,0.072503,1.170676
6.812308,0.416553,-0.042397,0.140679,2.634041,0.069493,1.173022
6.815658,0.416581,-0.042654,0.140772,2.637041,0.059140,1.169275
6.818768,0.416612,-0.042707,0.140788,2.640912,0.054661,1.172380
6.822625,0.416607,-0.042854,0.140901,2.641990,0.052936,1.173991
6.825945,0.416585,-0.043033,0.141025,2.643508,0.051644,1.174051
6.829153,0.416590,-0.043283,0.141116,2.641339,0.055372,1.171480
6.832543,0.416702,-0.043489,0.141120,2.638627,0.058644,1.180731
6.835827,0.416840,-0.043630,0.141152,2.638959,0.057954,1.184108
6.840195,0.416831,-0.043589,0.141165,2.642426,0.060620,1.186000
6.842713,0.416740,-0.043623,0.141181,2.645501,0.065450,1.188895
6.857458,0.416608,-0.043668,0.141200,2.656505,0.061170,1.190622
6.858963,0.416204,-0.044062,0.141159,2.659565,0.067724,1.186269
6.869378,0.415779,-0.044554,0.141095,2.663084,0.073369,1.179168
6.871591,0.415668,-0.045115,0.141077,2.664193,0.072181,1.180666
6.874494,0.415732,-0.045783,0.141104,2.663894,0.066124,1.181969
6.882149,0.415826,-0.046665,0.141109,2.655148,0.068366,1.183315
6.884112,0.416103,-0.047285,0.141343,2.652114,0.064216,1.186875
6.893071,0.416344,-0.048124,0.141601,2.646388,0.061829,1.191048
6.895961,0.416473,-0.048898,0.141767,2.642777,0.059210,1.191094
6.914697,0.416660,-0.049628,0.141994,2.649573,0.048757,1.192032
6.915884,0.416846,-0.050210,0.142282,2.657752,0.034874,1.188095
6.929204,0.416932,-0.050815,0.142451,2.664182,0.025251,1.188102
6.932255,0.417001,-0.051468,0.142601,2.669680,0.019381,1.179944
6.939415,0.416979,-0.052194,0.142691,2.673668,0.012826,1.175143
6.942124,0.416767,-0.052816,0.142703,2.671884,0.013199,1.164237
6.950498,0.416498,-0.053649,0.142458,2.662031,0.026034,1.160039
6.952145,0.416285,-0.054512,0.142194,2.656992,0.032093,1.155023
6.962443,0.416211,-0.055076,0.141948,2.654063,0.032642,1.158606
6.964301,0.416062,-0.055944,0.141946,2.646481,0.040475,1.156885
6.969838,0.415705,-0.057362,0.142118,2.630699,0.067810,1.150865
6.976290,0.415355,-0.058476,0.142488,2.624104,0.082191,1.142723
6.980176,0.415204,-0.058969,0.142772,2.620051,0.085863,1.140417
6.983158,0.415039,-0.059458,0.143051,2.619873,0.083760,1.141781
6.986747,0.414990,-0.059618,0.143166,2.621836,0.081293,1.141587
6.989671,0.415073,-0.059324,0.143094,2.632918,0.059336,1.147778
6.996326,0.415134,-0.059536,0.143255,2.635564,0.049930,1.149584
6.999656,0.415025,-0.060014,0.143464,2.633049,0.047552,1.152657
7.002972,0.414902,-0.060393,0.143618,2.633573,0.046342,1.147546
7.006438,0.414886,-0.060609,0.143745,2.638706,0.038457,1.147590
7.009337,0.414870,-0.060860,0.143846,2.641025,0.033863,1.150728
7.016515,0.414778,-0.060946,0.143909,2.649992,0.011737,1.157025
7.019856,0.414856,-0.061176,0.144036,2.656476,0.003564,1.156698
7.023333,0.414920,-0.061430,0.144186,2.657497,-0.000194,1.160050
7.026814,0.414930,-0.061693,0.144353,2.657270,-0.004065,1.158627
7.029975,0.414930,-0.061969,0.144449,2.657382,-0.005708,1.160670
7.032938,0.414874,-0.062220,0.144488,2.658395,-0.002597,1.160972
7.036590,0.414690,-0.062442,0.144486,2.660578,-0.005559,1.155865
7.040104,0.414406,-0.062612,0.144434,2.663580,-0.002698,1.150436
7.043254,0.414174,-0.062734,0.144397,2.668604,0.005023,1.146551
7.046890,0.413986,-0.062962,0.144390,2.658110,-0.020514,1.160620
7.050249,0.414182,-0.063547,0.144971,2.657699,-0.015842,1.159524
7.053278,0.414411,-0.064157,0.145464,2.645230,-0.035188,1.173678
7.056305,0.414740,-0.064887,0.145951,2.644206,-0.039518,1.168593
7.066624,0.414758,-0.065803,0.146152,2.640240,-0.047324,1.168700
7.069119,0.414394,-0.065916,0.145711,2.649773,-0.021337,1.146397
7.072943,0.414023,-0.065975,0.145364,2.641085,-0.013035,1.148154
7.080081,0.413572,-0.066434,0.145240,2.653448,0.006317,1.138929
7.085933,0.413541,-0.067005,0.145610,2.652728,0.006604,1.148708
7.089653,0.413591,-0.067213,0.145785,2.651790,0.007139,1.157159
7.093189,0.413724,-0.067493,0.145937,2.643412,0.012861,1.170042
7.096816,0.413837,-0.067764,0.146075,2.640704,0.007575,1.178748
7.100156,0.413864,-0.068013,0.146211,2.639790,0.007739,1.179061
7.102930,0.413841,-0.068243,0.146318,2.638741,0.005991,1.181113
7.106345,0.413726,-0.068467,0.146387,2.641107,0.002677,1.180530
7.110352,0.413457,-0.068730,0.146342,2.648765,-0.003506,1.168774
7.113752,0.413140,-0.068990,0.146252,2.659749,-0.010922,1.159472
7.116819,0.412905,-0.069288,0.146113,2.661380,-0.012982,1.155299
7.120082,0.412664,-0.069728,0.146014,2.659913,-0.011648,1.147751
7.123508,0.412499,-0.070143,0.145942,2.658016,-0.010917,1.144886
7.126496,0.412435,-0.070292,0.145965,2.661358,-0.016930,1.149757
7.130174,0.412320,-0.070578,0.146092,2.659312,-0.016465,1.148448
7.133656,0.412163,-0.070876,0.146197,2.658499,-0.018257,1.147495
7.136102,0.412111,-0.070964,0.146256,2.660824,-0.021039,1.149734
7.140989,0.412016,-0.071090,0.146315,2.661446,-0.022524,1.148050
7.178308,0.411847,-0.075920,0.146578,2.655767,-0.049165,1.184913
7.188105,0.411775,-0.076062,0.146477,2.650665,-0.040671,1.189596
7.198139,0.411627,-0.076135,0.146413,2.657702,-0.042534,1.183672
7.200369,0.411508,-0.076174,0.146334,2.665374,-0.050184,1.179411
7.219906,0.411433,-0.076283,0.146266,2.666115,-0.047904,1.181329
7.250896,0.408785,-0.086394,0.149713,2.586722,0.053169,1.130064
7.327251,0.408296,-0.090399,0.149455,2.633343,-0.046128,1.157606
7.330521,0.409577,-0.090009,0.150410,2.627105,-0.038349,1.188413
7.498859,0.402201,-0.104631,0.151006,2.633552,-0.052259,1.110505
7.500628,0.402068,-0.105040,0.151189,2.635031,-0.062434,1.114318
7.521370,0.401988,-0.105285,0.151300,2.637153,-0.065622,1.115859
7.523509,0.401758,-0.105829,0.151490,2.626736,-0.044410,1.100196
7.539480,0.400335,-0.109254,0.152219,2.606930,-0.008537,1.086643
7.547554,0.399927,-0.111162,0.152898,2.590135,-0.024703,1.103049
7.558329,0.399783,-0.113308,0.153934,2.577638,-0.007925,1.097303
7.580124,0.400434,-0.117094,0.156475,2.554681,0.014963,1.088901
7.670601,0.394057,-0.126182,0.155706,2.558005,0.018590,1.059508
7.677108,0.392788,-0.127033,0.155839,2.567409,-0.003669,1.055625
7.709821,0.391798,-0.129764,0.157896,2.548709,-0.023474,1.090202
7.757094,0.389484,-0.135250,0.158622,2.553266,-0.056083,1.096278
7.768618,0.389225,-0.134640,0.158610,2.553266,-0.056083,1.096278
7.770981,0.389120,-0.134424,0.158611,2.553266,-0.056083,1.096278
7.887062,0.385000,-0.144491,0.159599,2.571632,-0.116717,1.093068
7.891034,0.384850,-0.144635,0.159479,2.574605,-0.108630,1.085634
7.893336,0.384734,-0.144865,0.159365,2.573984,-0.106346,1.083879
7.897190,0.384554,-0.145581,0.159251,2.564310,-0.090161,1.085142
7.906551,0.384486,-0.146272,0.159233,2.558375,-0.087898,1.091133
7.919049,0.384409,-0.147232,0.159325,2.592918,-0.118912,1.086273
7.942607,0.384307,-0.148390,0.159437,2.582658,-0.123212,1.102217
7.951184,0.384293,-0.149507,0.159606,2.575560,-0.126103,1.114091
7.958369,0.383989,-0.150600,0.159702,2.574128,-0.140632,1.117282
7.960937,0.383618,-0.151684,0.159726,2.575751,-0.147895,1.118349
7.969657,0.383320,-0.152571,0.159639,2.531276,-0.115084,1.130560
7.979754,0.382896,-0.153676,0.159629,2.529068,-0.111994,1.122790
7.982954,0.382330,-0.154938,0.159566,2.523659,-0.105636,1.114819
7.993444,0.381835,-0.155821,0.159442,2.523818,-0.090296,1.103156
7.999651,0.381604,-0.156448,0.159390,2.520801,-0.085387,1.099991
8.003306,0.381276,-0.157254,0.159428,2.516770,-0.079449,1.093148
8.026556,0.380041,-0.159676,0.159249,2.532267,-0.169424,1.123708
8.036606,0.380082,-0.160589,0.159415,2.530097,-0.176502,1.126634
8.039968,0.380184,-0.161177,0.159594,2.529344,-0.182231,1.128938
8.047266,0.380115,-0.162621,0.159768,2.529560,-0.191346,1.130377
8.049730,0.379944,-0.162847,0.159759,2.523388,-0.171683,1.123782
8.052919,0.379713,-0.163046,0.159666,2.524271,-0.175529,1.124498
8.056402,0.379377,-0.163264,0.159470,2.526092,-0.168227,1.118453
8.059773,0.379018,-0.163484,0.159268,2.525906,-0.159172,1.114077
8.063082,0.378896,-0.163827,0.159139,2.526419,-0.158525,1.113123
8.066726,0.378749,-0.164122,0.158999,2.529936,-0.160268,1.109772
8.069952,0.378582,-0.164404,0.158879,2.533789,-0.165633,1.108565
8.076561,0.378448,-0.165030,0.158906,2.534152,-0.182329,1.114385
8.080036,0.378479,-0.165244,0.159033,2.552718,-0.204834,1.105398
8.085939,0.378293,-0.165690,0.159022,2.556665,-0.212256,1.107458
8.090273,0.378208,-0.165993,0.158960,2.556595,-0.217575,1.110285
8.093183,0.378002,-0.166188,0.158881,2.555572,-0.223001,1.113363
8.096515,0.377774,-0.166510,0.158829,2.555724,-0.215294,1.110515
8.099610,0.377694,-0.166841,0.158901,2.541862,-0.210756,1.122717
8.103518,0.377554,-0.167114,0.158870,2.550134,-0.225767,1.114775
8.106702,0.377427,-0.167342,0.158810,2.561024,-0.243396,1.105272
8.110128,0.377413,-0.167611,0.158752,2.568530,-0.258193,1.097799
8.113679,0.377399,-0.167806,0.158693,2.576089,-0.273093,1.091099
8.116473,0.377408,-0.168008,0.158647,2.582182,-0.281811,1.080995
8.119912,0.377761,-0.168837,0.158939,2.569250,-0.280901,1.096432
8.123287,0.378124,-0.169594,0.159265,2.553579,-0.276680,1.109478
8.126832,0.377997,-0.170122,0.159114,2.562814,-0.291728,1.103884
8.130400,0.377950,-0.170150,0.159052,2.565229,-0.294267,1.099451
8.133659,0.377876,-0.170172,0.158900,2.575106,-0.309852,1.094616
8.136800,0.377523,-0.169626,0.158514,2.597146,-0.331751,1.075446
8.140122,0.377043,-0.169795,0.158053,2.606850,-0.334667,1.056456
8.143349,0.376898,-0.170191,0.158159,2.598703,-0.322733,1.059435
8.146761,0.376686,-0.171110,0.158114,2.594891,-0.315251,1.056500
8.150406,0.376500,-0.172000,0.158167,2.581272,-0.306641,1.075138
8.156813,0.376365,-0.173034,0.158203,2.564582,-0.293745,1.090424
8.159661,0.376340,-0.173326,0.158133,2.561602,-0.301389,1.107967
8.166205,0.376249,-0.173974,0.158065,2.555615,-0.296008,1.115111
8.169810,0.376166,-0.174484,0.158187,2.551382,-0.304274,1.132658
8.172747,0.376058,-0.175100,0.158255,2.550145,-0.301343,1.127371
8.176286,0.376002,-0.175667,0.158200,2.549341,-0.292928,1.121469
8.179753,0.375977,-0.176225,0.158125,2.547162,-0.291360,1.121903
8.183365,0.375933,-0.176682,0.158196,2.545911,-0.310723,1.131503
8.186735,0.375786,-0.177211,0.158263,2.542477,-0.319987,1.130693
8.189647,0.375720,-0.177699,0.158433,2.538914,-0.322545,1.134500
8.192779,0.375678,-0.177858,0.158574,2.536995,-0.337322,1.142181
8.200751,0.375574,-0.178120,0.158808,2.535490,-0.347026,1.145212
8.242055,0.378117,-0.187804,0.163442,2.420606,-0.363099,1.253162
8.243885,0.378115,-0.187764,0.163336,2.421829,-0.365788,1.255528
8.253607,0.377406,-0.187447,0.162320,2.439909,-0.361665,1.234495
8.255408,0.376473,-0.187416,0.161042,2.457140,-0.355085,1.211571
8.269515,0.375564,-0.187397,0.159835,2.480156,-0.354073,1.184273
8.288513,0.374611,-0.187380,0.158643,2.499304,-0.352182,1.157068
8.296024,0.373385,-0.188048,0.157175,2.516905,-0.348418,1.126825
8.302991,0.373272,-0.188343,0.157091,2.521264,-0.362368,1.119676
8.305388,0.373139,-0.188646,0.157002,2.524529,-0.371681,1.117781
8.317492,0.372969,-0.189116,0.156816,2.524237,-0.377597,1.114961
8.355013,0.372736,-0.191149,0.156276,2.543697,-0.374838,1.131854
8.358990,0.372893,-0.193145,0.156172,2.492274,-0.335150,1.136902
8.395742,0.371039,-0.196716,0.154784,2.519843,-0.390154,1.122547
8.398583,0.371165,-0.196748,0.154870,2.519843,-0.390154,1.122547
8.408955,0.371499,-0.196867,0.155098,2.519843,-0.390154,1.122547
8.425189,0.371353,-0.198819,0.154546,2.508518,-0.427680,1.151465
8.428646,0.371372,-0.198919,0.154512,2.513992,-0.432942,1.149110
8.431836,0.371323,-0.198965,0.154472,2.516500,-0.436958,1.149684
8.435340,0.371011,-0.198990,0.154113,2.524391,-0.429170,1.140387
8.438331,0.370691,-0.199027,0.153762,2.528705,-0.419258,1.132857
8.441641,0.370505,-0.199409,0.153599,2.527430,-0.416703,1.128994
8.445416,0.370291,-0.199891,0.153382,2.522019,-0.410824,1.124959
8.448403,0.370121,-0.200444,0.153156,2.516996,-0.404270,1.119922
8.452301,0.370203,-0.201122,0.153221,2.508644,-0.411893,1.124795
8.454568,0.370164,-0.201886,0.153199,2.500595,-0.415990,1.124106
8.458323,0.369905,-0.202170,0.152972,2.502709,-0.415957,1.117749
8.461901,0.369580,-0.202378,0.152748,2.504973,-0.413138,1.112732
8.464966,0.369226,-0.202585,0.152564,2.507603,-0.411700,1.106198
8.468102,0.368833,-0.202755,0.152385,2.511651,-0.411211,1.099955
8.471697,0.368564,-0.202813,0.152305,2.513864,-0.407937,1.095599
8.475466,0.368354,-0.203060,0.152191,2.521306,-0.423254,1.096341
8.478757,0.368312,-0.203471,0.152080,2.518952,-0.425052,1.094867
8.481711,0.368312,-0.203820,0.151949,2.517329,-0.438812,1.099732
8.484513,0.368397,-0.204238,0.151953,2.520080,-0.455946,1.105246
8.488960,0.368395,-0.204848,0.151795,2.520385,-0.477385,1.111563
8.491687,0.368451,-0.205353,0.151718,2.510222,-0.468612,1.111900
8.494764,0.368403,-0.205732,0.151563,2.511034,-0.481953,1.118750
8.498391,0.368293,-0.206099,0.151400,2.511935,-0.480842,1.113666
8.502050,0.368043,-0.206479,0.151035,2.507152,-0.474835,1.109745
8.515611,0.366913,-0.207594,0.150214,2.513125,-0.482058,1.111013
8.518873,0.366824,-0.207710,0.150161,2.519398,-0.506878,1.116014
8.528697,0.367046,-0.207785,0.149906,2.521255,-0.523769,1.121475
8.554279,0.366879,-0.209472,0.148511,2.515036,-0.527495,1.125263
8.555614,0.366588,-0.210549,0.147904,2.508888,-0.532677,1.126030
8.567438,0.366282,-0.211523,0.147375,2.497560,-0.529729,1.126314
8.570758,0.365949,-0.212484,0.146853,2.490237,-0.522656,1.124193
8.577246,0.365623,-0.213338,0.146352,2.482888,-0.517949,1.116439
8.580241,0.365510,-0.213612,0.146063,2.481781,-0.527091,1.117222
8.588874,0.365439,-0.213893,0.145813,2.482927,-0.536666,1.118542
8.590825,0.365336,-0.214408,0.145788,2.476213,-0.554246,1.130611
8.610774,0.365328,-0.215100,0.146092,2.473193,-0.572289,1.139088
8.631799,0.364871,-0.216711,0.146355,2.481727,-0.589869,1.137872
8.634356,0.364457,-0.216822,0.145723,2.495008,-0.611353,1.132940
8.643929,0.363718,-0.216796,0.144704,2.487813,-0.630185,1.146813
8.653809,0.362908,-0.216786,0.143773,2.503915,-0.639902,1.129524
8.657005,0.362132,-0.216784,0.142757,2.512354,-0.648933,1.116383
8.666553,0.361669,-0.217091,0.142451,2.513367,-0.655674,1.114806
8.669598,0.361238,-0.217291,0.142134,2.511525,-0.659981,1.117403
8.672797,0.361035,-0.217368,0.141971,2.527954,-0.666176,1.100557
8.676020,0.360856,-0.217430,0.141742,2.527904,-0.667489,1.099800
8.679637,0.360616,-0.217559,0.141561,2.528362,-0.656905,1.097681
8.682326,0.360394,-0.217695,0.141390,2.527765,-0.648377,1.095602
8.686084,0.360156,-0.217788,0.141312,2.530388,-0.644438,1.088589
8.689259,0.359833,-0.217853,0.141208,2.529922,-0.645851,1.090773
8.693034,0.359759,-0.218015,0.141177,2.530305,-0.637940,1.088064
8.696295,0.359761,-0.218127,0.141277,2.532154,-0.654283,1.091164
8.699684,0.359821,-0.218287,0.141375,2.530053,-0.667874,1.099828
8.702970,0.359836,-0.218500,0.141419,2.527510,-0.674976,1.107079
8.706311,0.359880,-0.218793,0.141377,2.526452,-0.679117,1.107114
8.709683,0.359681,-0.219042,0.141171,2.524132,-0.689985,1.110065
8.713101,0.359509,-0.219257,0.140911,2.522929,-0.689874,1.109877
8.717685,0.359396,-0.219484,0.140719,2.528101,-0.697162,1.105267
8.719854,0.359305,-0.219764,0.140567,2.521539,-0.698912,1.109328
8.722722,0.359278,-0.219989,0.140529,2.518481,-0.697052,1.112165
8.726606,0.359238,-0.220048,0.140569,2.526219,-0.705530,1.110571
8.730193,0.359187,-0.220189,0.140570,2.524091,-0.706869,1.115254
8.733252,0.359081,-0.220283,0.140520,2.517619,-0.701308,1.119263
8.736632,0.358928,-0.220218,0.140372,2.527367,-0.706899,1.113388
8.740064,0.358786,-0.220156,0.140227,2.529686,-0.712047,1.112981
8.743177,0.358712,-0.220119,0.140117,2.518536,-0.708271,1.120360
8.746988,0.358662,-0.220087,0.140049,2.524937,-0.722760,1.119351
8.750255,0.358749,-0.219763,0.139808,2.525841,-0.728465,1.121047
8.753325,0.358764,-0.219850,0.139812,2.519178,-0.741831,1.136767
8.756618,0.358724,-0.219951,0.139813,2.520627,-0.746765,1.134358
8.759522,0.358416,-0.220252,0.139616,2.520105,-0.734438,1.125435
8.763248,0.358146,-0.220414,0.139289,2.515365,-0.738597,1.132225
8.766706,0.357891,-0.220670,0.139114,2.510908,-0.746083,1.137666
8.776657,0.357929,-0.220993,0.139033,2.512419,-0.735642,1.121473
8.780025,0.358022,-0.221405,0.139441,2.503292,-0.731581,1.124303
8.783468,0.357963,-0.222025,0.139868,2.499780,-0.747044,1.133080
8.786531,0.357644,-0.222425,0.139901,2.503881,-0.738792,1.117078
8.790095,0.357603,-0.222349,0.139462,2.509471,-0.745439,1.111287
8.793426,0.357488,-0.222069,0.138880,2.508216,-0.756492,1.119128
8.796707,0.357332,-0.221595,0.138263,2.515338,-0.770285,1.116963
8.799417,0.357141,-0.221183,0.137673,2.522706,-0.784499,1.114478
8.802868,0.357126,-0.220982,0.137408,2.519096,-0.792369,1.121779
8.806597,0.357026,-0.221016,0.137375,2.519418,-0.791447,1.118713
8.809909,0.356858,-0.221073,0.137321,2.520486,-0.791320,1.114291
8.826112,0.355915,-0.226218,0.138483,2.483317,-0.749109,1.097560
8.829873,0.355900,-0.226230,0.138481,2.473487,-0.743051,1.108121
8.832437,0.355877,-0.226343,0.138430,2.470934,-0.738829,1.107937
8.836504,0.355710,-0.226358,0.138216,2.474340,-0.732877,1.105104
8.839504,0.355586,-0.226410,0.138019,2.472580,-0.731455,1.104316
8.848066,0.355051,-0.227055,0.137905,2.457512,-0.722707,1.109463
8.864748,0.354601,-0.227445,0.137936,2.466332,-0.741085,1.099934
8.878741,0.354191,-0.227952,0.138206,2.468561,-0.756843,1.101453
8.889722,0.353756,-0.228527,0.138497,2.467011,-0.779038,1.106051
8.901747,0.353323,-0.229047,0.138628,2.463477,-0.792819,1.114096
8.903767,0.352929,-0.229953,0.138469,2.456555,-0.799268,1.119054
8.924978,0.352691,-0.230732,0.138290,2.440097,-0.791983,1.129459
8.937681,0.352508,-0.231106,0.138058,2.438590,-0.799092,1.130403
8.940918,0.352342,-0.231392,0.137765,2.435228,-0.805079,1.132774
8.947494,0.352189,-0.231537,0.137466,2.439355,-0.813002,1.126519
8.950113,0.351946,-0.231190,0.137068,2.453304,-0.823056,1.115526
8.958831,0.351676,-0.230896,0.136638,2.467233,-0.831900,1.102485
8.961484,0.351447,-0.231017,0.136185,2.470040,-0.831202,1.094058
8.968741,0.351190,-0.231297,0.135679,2.460931,-0.817548,1.094976
8.971613,0.350927,-0.231484,0.135165,2.463799,-0.817217,1.086966
8.978218,0.350777,-0.231654,0.134947,2.465579,-0.823161,1.085417
8.982030,0.350652,-0.232082,0.134676,2.455076,-0.816874,1.089728
8.985631,0.350567,-0.232520,0.134438,2.445068,-0.808040,1.092829
8.988727,0.350520,-0.232801,0.134301,2.446005,-0.811490,1.087884
8.992362,0.350520,-0.233116,0.134198,2.436225,-0.806708,1.095125
8.995530,0.350521,-0.233398,0.134026,2.425525,-0.795703,1.099238
8.999031,0.350564,-0.233396,0.133964,2.427074,-0.797691,1.098869
9.001653,0.350584,-0.233346,0.133852,2.427438,-0.800607,1.100230
9.005572,0.350590,-0.233294,0.133698,2.429241,-0.805023,1.100246
9.008976,0.350586,-0.233243,0.133574,2.429875,-0.806618,1.098173
9.012344,0.350597,-0.233229,0.133524,2.428820,-0.806623,1.098726
9.015818,0.350618,-0.233182,0.133474,2.427855,-0.810859,1.100763
9.018692,0.350619,-0.233109,0.133414,2.426746,-0.813588,1.102106
9.022373,0.350680,-0.232785,0.133472,2.433823,-0.824135,1.100078
9.025571,0.350694,-0.232424,0.133491,2.440440,-0.836273,1.099423
9.028761,0.350701,-0.232040,0.133483,2.447303,-0.848706,1.098079
9.031482,0.350704,-0.231654,0.133407,2.454669,-0.857888,1.095056
9.035800,0.350669,-0.231259,0.133295,2.462014,-0.867788,1.091792
9.039375,0.350577,-0.231120,0.133097,2.462030,-0.869108,1.092060
9.042199,0.350510,-0.231009,0.132935,2.463335,-0.867529,1.089287
9.045745,0.350433,-0.230915,0.132793,2.464388,-0.867830,1.087024
9.048869,0.350333,-0.230854,0.132742,2.465865,-0.868742,1.084876
9.052251,0.350295,-0.230767,0.132759,2.466234,-0.867331,1.082518
9.055639,0.350201,-0.230411,0.132524,2.478177,-0.858880,1.074914
9.058877,0.350130,-0.230064,0.132292,2.478629,-0.858991,1.074890
9.065641,0.350054,-0.229582,0.131628,2.483541,-0.835249,1.069522
9.068813,0.350013,-0.229406,0.131281,2.476561,-0.821463,1.070319
9.075183,0.350229,-0.230001,0.131424,2.475894,-0.822705,1.070146
9.079286,0.350319,-0.230198,0.131594,2.462032,-0.830666,1.076472
9.082579,0.350420,-0.230431,0.131755,2.452326,-0.818090,1.078163
9.085707,0.350488,-0.230955,0.131845,2.444159,-0.840113,1.083532
9.088753,0.350534,-0.231065,0.131786,2.439511,-0.841014,1.085184
9.092429,0.350388,-0.231182,0.131504,2.439829,-0.821883,1.079916
9.095759,0.350358,-0.231326,0.131394,2.435591,-0.811391,1.079701
9.098900,0.350289,-0.231507,0.131227,2.440449,-0.814015,1.076176
9.119081,0.350378,-0.231805,0.131312,2.417670,-0.818275,1.083991
9.125449,0.350508,-0.231624,0.131472,2.421672,-0.816926,1.085127
9.135732,0.351074,-0.231262,0.131647,2.419927,-0.822506,1.089113
9.147854,0.351424,-0.231047,0.131706,2.418613,-0.830713,1.093026
9.157872,0.351735,-0.230885,0.131704,2.416624,-0.834723,1.096230
9.161921,0.352020,-0.230748,0.131651,2.415012,-0.837221,1.096037
9.171804,0.352354,-0.230370,0.131172,2.410692,-0.841004,1.093743
9.181404,0.352428,-0.230329,0.130881,2.417103,-0.838009,1.075253
9.183887,0.352717,-0.230385,0.130733,2.413514,-0.833548,1.068746
9.204068,0.353117,-0.230548,0.130767,2.395537,-0.828991,1.081640
9.215663,0.353470,-0.230458,0.131175,2.409450,-0.835836,1.065564
9.218327,0.353566,-0.229511,0.130851,2.426866,-0.847959,1.052106
9.236848,0.353918,-0.227758,0.130543,2.425314,-0.863043,1.058224
9.246380,0.354079,-0.226970,0.130363,2.433914,-0.879247,1.054065
9.251976,0.354185,-0.226508,0.130069,2.458119,-0.901135,1.031164
9.258132,0.354561,-0.226883,0.130495,2.448272,-0.909191,1.038572
9.260913,0.354941,-0.227296,0.130903,2.435607,-0.913210,1.046028
9.264597,0.354984,-0.227265,0.130961,2.435351,-0.915897,1.047149
9.281354,0.355271,-0.226796,0.131743,2.429722,-0.910033,1.048974
9.288597,0.354221,-0.224480,0.129999,2.462363,-0.880257,1.029554
9.328499,0.355211,-0.225716,0.133064,2.424502,-0.895399,1.049112
9.338649,0.354828,-0.225792,0.132762,2.426425,-0.897047,1.046332
9.348593,0.354608,-0.225550,0.132616,2.427531,-0.902456,1.045498
9.351669,0.354668,-0.225300,0.132650,2.435943,-0.900498,1.033095
9.355092,0.354712,-0.225016,0.132707,2.435713,-0.902507,1.033744
9.358137,0.354755,-0.224731,0.132764,2.432391,-0.918067,1.036284
9.361693,0.354488,-0.224150,0.132449,2.437382,-0.914451,1.029765
9.365186,0.354238,-0.223663,0.132079,2.443005,-0.905178,1.020422
9.368344,0.353861,-0.223198,0.131647,2.442505,-0.901154,1.017640
9.371670,0.353507,-0.222749,0.131144,2.448377,-0.888559,1.007195
9.375280,0.353118,-0.222405,0.130677,2.452188,-0.873319,0.997551
9.378763,0.353028,-0.222702,0.130709,2.439966,-0.873841,1.002212
9.382233,0.353164,-0.223306,0.131044,2.432969,-0.874383,1.004215
9.385203,0.353317,-0.223795,0.131477,2.421543,-0.873817,1.011064
9.388025,0.353490,-0.224262,0.131923,2.411143,-0.879216,1.016508
9.392261,0.353755,-0.224572,0.132292,2.402732,-0.887390,1.022614
9.395228,0.354016,-0.224651,0.132607,2.403268,-0.892199,1.022248
9.398656,0.354121,-0.224437,0.132678,2.397062,-0.899700,1.028327
9.402073,0.354277,-0.224327,0.132670,2.403841,-0.902518,1.024218
9.404826,0.354375,-0.224149,0.132665,2.401024,-0.906145,1.027814
9.408736,0.354407,-0.224083,0.132675,2.398685,-0.908644,1.030752
9.413634,0.354219,-0.224050,0.132592,2.395678,-0.905741,1.030598
9.424704,0.354007,-0.224163,0.132519,2.396635,-0.887409,1.022008
9.440852,0.353731,-0.224265,0.132440,2.390160,-0.875195,1.019147
9.447969,0.353698,-0.224022,0.132060,2.392081,-0.888195,1.022311
9.456816,0.353855,-0.223409,0.131822,2.391056,-0.891537,1.020766
9.468061,0.354142,-0.222768,0.131578,2.392791,-0.906181,1.025724
9.470751,0.354559,-0.222015,0.131340,2.390894,-0.933542,1.036139
9.489648,0.355054,-0.221142,0.131057,2.387374,-0.966989,1.050860
9.493561,0.355345,-0.220675,0.131063,2.387351,-0.968028,1.051430
9.502476,0.355475,-0.220488,0.130912,2.389289,-0.978828,1.057395
9.506042,0.355640,-0.220348,0.130823,2.390269,-0.982232,1.059213
9.508991,0.355687,-0.220506,0.130520,2.381217,-0.970602,1.064830
9.516413,0.355505,-0.220733,0.130196,2.375654,-0.949552,1.062250
9.518541,0.355394,-0.220575,0.129934,2.377970,-0.944814,1.058820
9.528667,0.355209,-0.220391,0.129609,2.382574,-0.941505,1.052553
9.530622,0.355037,-0.220137,0.129292,2.385218,-0.932513,1.044960
9.538073,0.354906,-0.219583,0.129091,2.400404,-0.940888,1.034593
9.542057,0.354954,-0.218995,0.128960,2.410897,-0.950793,1.027898
9.547140,0.354969,-0.218700,0.128730,2.415072,-0.949329,1.023755
9.552227,0.355053,-0.218429,0.128579,2.417029,-0.948547,1.022765
9.554933,0.355159,-0.218224,0.128437,2.420781,-0.950904,1.022738
9.558458,0.355254,-0.218008,0.128366,2.421604,-0.951535,1.023320
9.562024,0.355327,-0.217876,0.128290,2.419802,-0.944679,1.024513
9.565679,0.355375,-0.217884,0.128223,2.420247,-0.941763,1.023066
9.568690,0.355397,-0.217921,0.128177,2.418806,-0.935987,1.021368
9.571871,0.355414,-0.217961,0.128129,2.411636,-0.922839,1.021695
9.575125,0.355407,-0.217947,0.128091,2.411006,-0.919768,1.019525
9.578385,0.355411,-0.217887,0.128004,2.415007,-0.925598,1.017352
9.582146,0.355402,-0.217774,0.127936,2.414483,-0.925436,1.016479
9.585838,0.355401,-0.217675,0.127867,2.415290,-0.926370,1.015806
9.588956,0.355394,-0.217626,0.127813,2.418968,-0.938322,1.015389
9.592362,0.355402,-0.217656,0.127753,2.416791,-0.941184,1.017514
9.595600,0.355268,-0.217739,0.127686,2.416210,-0.940573,1.016047
9.599032,0.355125,-0.217883,0.127607,2.413897,-0.932080,1.014447
9.602369,0.354985,-0.218010,0.127521,2.408806,-0.930096,1.020641
9.604991,0.354863,-0.218075,0.127390,2.409370,-0.927488,1.019692
9.608309,0.354759,-0.218096,0.127242,2.410420,-0.923064,1.017423
9.611528,0.354890,-0.218045,0.127114,2.409989,-0.925133,1.019735
9.615176,0.355028,-0.217940,0.127011,2.411196,-0.934751,1.024008
9.618934,0.355025,-0.218202,0.126995,2.417781,-0.919302,1.013852
9.621750,0.354974,-0.218466,0.126997,2.420822,-0.903980,1.008891
9.625184,0.354964,-0.218606,0.126978,2.420641,-0.906326,1.010864
9.628369,0.354855,-0.218798,0.126971,2.414776,-0.896623,1.012458
9.635161,0.354835,-0.218805,0.126741,2.412402,-0.897086,1.012883
9.638486,0.354752,-0.218671,0.126520,2.408216,-0.909736,1.016119
9.642014,0.354614,-0.218687,0.126346,2.402950,-0.920601,1.019718
9.645133,0.354491,-0.218712,0.126187,2.402196,-0.913029,1.017039
9.648414,0.354373,-0.218827,0.126059,2.400396,-0.916947,1.017890
9.655571,0.354490,-0.218649,0.125851,2.398429,-0.923144,1.019900
9.658699,0.354581,-0.218468,0.125753,2.399454,-0.925851,1.019621
9.662085,0.354625,-0.218309,0.125715,2.397833,-0.928594,1.023651
9.665452,0.354613,-0.218109,0.125700,2.395132,-0.933319,1.029289
9.668655,0.354537,-0.217836,0.125434,2.402777,-0.939411,1.026002
9.672026,0.354433,-0.217696,0.125191,2.405539,-0.931367,1.021297
9.675322,0.354400,-0.217634,0.124879,2.404346,-0.934482,1.023482
9.678416,0.354415,-0.217539,0.124483,2.408661,-0.939214,1.021221
9.682110,0.354442,-0.217489,0.124031,2.409151,-0.942854,1.017902
9.685003,0.354514,-0.217572,0.123851,2.406632,-0.943646,1.018530
9.688562,0.354614,-0.217535,0.123689,2.403536,-0.955818,1.024475
9.691905,0.354684,-0.217449,0.123540,2.402859,-0.955213,1.024315
9.695694,0.354722,-0.217429,0.123397,2.400706,-0.954624,1.024069
9.702044,0.354946,-0.217533,0.123287,2.392095,-0.955913,1.030619
9.718158,0.355154,-0.217632,0.123172,2.383586,-0.957291,1.036063
9.727638,0.355269,-0.217714,0.123049,2.379684,-0.946069,1.038181
9.732076,0.355407,-0.217796,0.122957,2.373185,-0.947893,1.044707
9.735027,0.355541,-0.217754,0.122862,2.367816,-0.949389,1.052544
9.743614,0.355489,-0.217537,0.122700,2.372243,-0.951303,1.054520
9.745929,0.355447,-0.217324,0.122555,2.376270,-0.952865,1.057108
9.756239,0.355621,-0.216787,0.122335,2.381553,-0.979548,1.058764
9.758208,0.355780,-0.216319,0.122121,2.388581,-0.986718,1.053325
9.779124,0.355754,-0.215998,0.121878,2.393975,-0.990108,1.044124
9.797727,0.354777,-0.215875,0.121220,2.398958,-0.992249,1.034486
9.804904,0.354750,-0.215937,0.121167,2.402747,-1.010781,1.030957
9.806289,0.354918,-0.215924,0.121174,2.400857,-1.003502,1.027415
9.815493,0.354904,-0.215995,0.121025,2.399620,-1.001464,1.025933
9.818025,0.354917,-0.216004,0.120901,2.397886,-1.001838,1.026403
9.826487,0.354920,-0.215994,0.120738,2.397968,-1.001926,1.024848
9.828632,0.354605,-0.215857,0.120428,2.406276,-0.987325,1.012005
9.836585,0.354352,-0.215428,0.119938,2.408162,-0.991753,1.012698
9.839923,0.354480,-0.214834,0.119656,2.417991,-1.001081,1.010959
9.843189,0.354608,-0.214382,0.119316,2.425664,-1.003239,1.006383
9.847366,0.354667,-0.213928,0.118987,2.424558,-1.004620,1.009010
9.850046,0.354656,-0.213730,0.118658,2.423490,-1.007804,1.012191
9.853610,0.354581,-0.213759,0.118490,2.430326,-0.993262,1.001351
9.857063,0.354503,-0.213792,0.118331,2.429187,-0.987834,0.998841
9.860366,0.354463,-0.213684,0.118248,2.429212,-0.993372,1.000620
9.863932,0.354609,-0.214020,0.118543,2.428999,-0.997970,1.004590
9.866829,0.354733,-0.214383,0.118886,2.420178,-0.994974,1.012225
9.870621,0.354696,-0.214560,0.118851,2.420193,-0.997068,1.013647
9.873574,0.354659,-0.214737,0.118816,2.418213,-0.996165,1.013683
9.877069,0.354642,-0.214920,0.118787,2.408972,-0.991579,1.021762
9.880417,0.354645,-0.214985,0.118756,2.415843,-0.993123,1.016057
9.884111,0.354620,-0.215043,0.118716,2.416521,-0.997289,1.018152
9.887315,0.354711,-0.215529,0.119058,2.407710,-0.993804,1.024930
9.890553,0.354802,-0.216016,0.119400,2.399321,-0.992540,1.032999
9.893754,0.354850,-0.216445,0.119770,2.399678,-0.995417,1.034552
9.897190,0.354884,-0.216470,0.119825,2.391635,-0.991427,1.039005
9.900886,0.355000,-0.216455,0.119979,2.391947,-0.994733,1.041168
9.903882,0.355210,-0.216242,0.120128,2.392541,-1.003996,1.044525
9.907087,0.355428,-0.215996,0.120280,2.394771,-1.025645,1.053239
9.910747,0.355632,-0.215772,0.120394,2.395664,-1.032842,1.054008
9.913797,0.355725,-0.215648,0.120472,2.396445,-1.042659,1.057806
9.917071,0.355974,-0.215293,0.120598,2.398497,-1.058418,1.061308
9.920070,0.356217,-0.214942,0.120701,2.400214,-1.072176,1.066415
9.923658,0.356473,-0.214647,0.120831,2.400958,-1.074051,1.065279
9.927187,0.356743,-0.214407,0.120944,2.402328,-1.086836,1.071121
9.930467,0.356535,-0.214147,0.120861,2.405873,-1.079733,1.066061
9.933980,0.356152,-0.214129,0.120552,2.415118,-1.067236,1.051903
9.937030,0.356151,-0.214127,0.120455,2.418259,-1.068973,1.050046
9.940307,0.356144,-0.213991,0.120379,2.419082,-1.068587,1.049384
9.943875,0.356187,-0.213890,0.120221,2.431225,-1.059264,1.038344
9.947354,0.356313,-0.213555,0.119826,2.428881,-1.079616,1.048965
9.950570,0.356407,-0.213258,0.119521,2.427262,-1.075912,1.050463
9.954010,0.356048,-0.213191,0.118937,2.434237,-1.065944,1.042408
9.957223,0.355702,-0.213195,0.118248,2.433134,-1.047194,1.037030
9.960701,0.355166,-0.213102,0.117626,2.429897,-1.037661,1.031399
9.963982,0.355024,-0.213264,0.117438,2.436914,-1.024264,1.017635
9.967275,0.354925,-0.213577,0.117254,2.423353,-1.017448,1.036358
9.970677,0.354976,-0.213697,0.117229,2.414179,-1.004469,1.038383
9.973713,0.355000,-0.213857,0.117258,2.412931,-1.005983,1.039767
9.977069,0.355172,-0.214017,0.117329,2.395748,-1.005407,1.055617
9.980739,0.355322,-0.213997,0.117145,2.393861,-0.994045,1.057880
9.984184,0.355451,-0.213711,0.116971,2.404614,-0.999541,1.043818
9.987368,0.355490,-0.213394,0.116756,2.406623,-1.003129,1.043060
9.990443,0.355559,-0.213086,0.116550,2.411352,-1.005889,1.041291
9.999020,0.355801,-0.212497,0.116355,2.426394,-0.999442,1.030307
10.010017,0.355578,-0.213009,0.116788,2.413248,-1.006967,1.038688
10.019833,0.355325,-0.213513,0.117212,2.402218,-1.002499,1.043104
10.028639,0.354980,-0.214117,0.117726,2.410328,-1.008922,1.027377
10.031665,0.354688,-0.214554,0.118407,2.398491,-1.002467,1.032291
10.035656,0.354350,-0.215157,0.119000,2.389190,-1.024440,1.039988
10.038207,0.354251,-0.215011,0.119154,2.396478,-1.024349,1.035660
10.041000,0.353979,-0.214708,0.118871,2.406049,-1.031884,1.029287
10.049354,0.353779,-0.214227,0.118490,2.398743,-1.029265,1.043944
10.051076,0.353484,-0.214082,0.117924,2.411532,-1.038146,1.038298
10.061072,0.353363,-0.214293,0.117750,2.406311,-1.025601,1.045863
10.063954,0.353314,-0.214720,0.117635,2.399375,-1.028830,1.056694
10.085414,0.353377,-0.215382,0.117915,2.385203,-1.030673,1.068338
10.087755,0.353401,-0.216120,0.118199,2.370756,-1.031310,1.079148
10.096621,0.353410,-0.216804,0.118511,2.355431,-1.029180,1.086092
10.100674,0.353242,-0.216976,0.118505,2.351842,-1.031733,1.081892
10.103756,0.353103,-0.217084,0.118464,2.348187,-1.031448,1.077043
10.113470,0.353015,-0.217111,0.118460,2.347254,-1.030310,1.076028
10.116510,0.352981,-0.217053,0.118442,2.352572,-1.030749,1.070415
10.127568,0.353474,-0.216799,0.118456,2.355463,-1.045148,1.074836
10.137356,0.354048,-0.216511,0.118455,2.361053,-1.058654,1.076893
10.145844,0.354587,-0.216220,0.118432,2.366060,-1.073798,1.080364
10.149683,0.355047,-0.215916,0.118388,2.373065,-1.084200,1.081267
10.153041,0.355485,-0.215687,0.118347,2.373424,-1.093644,1.086884
10.156287,0.355438,-0.215597,0.118258,2.377380,-1.090952,1.084207
10.159576,0.355310,-0.215518,0.118182,2.380402,-1.088744,1.081719
10.163076,0.355194,-0.215439,0.118128,2.383553,-1.085354,1.078571
10.166426,0.355183,-0.215384,0.118112,2.384759,-1.085432,1.077546
10.169705,0.355144,-0.215330,0.118106,2.385385,-1.094234,1.078689
10.172551,0.354846,-0.215424,0.118141,2.387072,-1.089190,1.072700
10.175729,0.354575,-0.215527,0.118183,2.387862,-1.083325,1.067682
10.179202,0.354363,-0.215596,0.118140,2.388691,-1.080919,1.065293
10.182337,0.354283,-0.215679,0.118132,2.396612,-1.080208,1.056578
10.186427,0.354172,-0.215746,0.118099,2.400290,-1.067419,1.050512
10.189500,0.354343,-0.215791,0.118185,2.400598,-1.067829,1.049622
10.192854,0.354594,-0.215807,0.118318,2.400012,-1.066539,1.053500
10.195951,0.354832,-0.215838,0.118488,2.401358,-1.074665,1.054459
10.199347,0.354797,-0.215959,0.118511,2.396059,-1.070603,1.057755
10.202831,0.354822,-0.216096,0.118553,2.395887,-1.069263,1.053872
10.206175,0.355119,-0.216053,0.118577,2.397032,-1.075099,1.057347
10.209180,0.355335,-0.216039,0.118556,2.397794,-1.082893,1.057315
10.212838,0.355517,-0.216069,0.118606,2.397563,-1.070777,1.053877
10.216376,0.355836,-0.216009,0.118797,2.395754,-1.077946,1.058410
10.219783,0.356156,-0.215950,0.118988,2.393421,-1.088662,1.066294
10.222800,0.356049,-0.216062,0.118981,2.393082,-1.081191,1.064914
10.225986,0.355858,-0.216241,0.118910,2.394442,-1.075431,1.063778
10.229379,0.355443,-0.216496,0.118674,2.396558,-1.066913,1.060396
10.232632,0.355012,-0.216729,0.118394,2.400005,-1.051598,1.053021
10.235910,0.355082,-0.216726,0.118366,2.401457,-1.051483,1.052989
10.239304,0.355266,-0.216654,0.118416,2.401663,-1.061167,1.056041
10.242415,0.355527,-0.216523,0.118546,2.401317,-1.067839,1.057734
10.245511,0.356025,-0.216287,0.118825,2.399470,-1.086893,1.065982
10.248772,0.356523,-0.216049,0.119101,2.397103,-1.104314,1.074138
10.252432,0.356483,-0.216061,0.119097,2.399385,-1.094035,1.069842
10.256143,0.356433,-0.216116,0.119070,2.399456,-1.093150,1.069224
10.259436,0.356368,-0.216185,0.119077,2.399462,-1.090686,1.068210
10.262771,0.356294,-0.216274,0.119116,2.399695,-1.084046,1.065961
10.265556,0.356219,-0.216357,0.119164,2.399481,-1.080913,1.065310
10.269059,0.356197,-0.216421,0.119222,2.397869,-1.086234,1.067686
10.272755,0.356177,-0.216462,0.119286,2.396960,-1.082690,1.067947
10.276078,0.356182,-0.216491,0.119297,2.396208,-1.082600,1.068513
10.279315,0.356126,-0.216892,0.119186,2.386686,-1.070644,1.073292
10.282576,0.356099,-0.217309,0.119080,2.377303,-1.055541,1.077289
10.286073,0.356150,-0.217302,0.119077,2.376632,-1.056439,1.078499
10.289634,0.356203,-0.217278,0.119087,2.377051,-1.058686,1.079295
10.292809,0.356225,-0.217252,0.119107,2.377795,-1.059536,1.079173
10.295804,0.356226,-0.217031,0.119098,2.389337,-1.058108,1.071272
10.299484,0.356031,-0.217063,0.119005,2.388975,-1.057312,1.069614
10.305206,0.355772,-0.217533,0.118834,2.380512,-1.040673,1.068606
10.321725,0.355590,-0.217547,0.118827,2.381442,-1.041593,1.065148
10.324711,0.355438,-0.217552,0.118809,2.381239,-1.043799,1.064123
10.336198,0.355384,-0.217410,0.118890,2.378318,-1.061145,1.066525
10.339976,0.355466,-0.217067,0.119023,2.387048,-1.075827,1.061786
10.347336,0.355450,-0.216773,0.119111,2.394685,-1.087799,1.058520
10.348949,0.355323,-0.216936,0.119037,2.390104,-1.083435,1.060627
10.359799,0.355223,-0.217110,0.118976,2.385979,-1.077542,1.061423
10.383301,0.355155,-0.217179,0.118926,2.382476,-1.079942,1.064772
10.384893,0.355132,-0.217152,0.118895,2.378134,-1.083879,1.068404
10.396477,0.355222,-0.217071,0.118904,2.374232,-1.091224,1.073800
10.399876,0.355349,-0.216984,0.118909,2.373788,-1.094529,1.076098
10.408108,0.355396,-0.216869,0.118891,2.373085,-1.096775,1.078480
10.409919,0.355410,-0.216768,0.118893,2.372449,-1.094066,1.078233
10.412415,0.355395,-0.216703,0.118901,2.373153,-1.093474,1.078127
10.421574,0.355350,-0.216605,0.118933,2.372162,-1.090565,1.076447
10.422913,0.355266,-0.216569,0.118940,2.370024,-1.091430,1.077487
10.432168,0.355266,-0.216499,0.118997,2.367456,-1.092511,1.077659
10.436034,0.355235,-0.216523,0.118980,2.366219,-1.092771,1.079604
10.438938,0.354934,-0.216426,0.118889,2.368600,-1.079577,1.076487
10.442477,0.354625,-0.216353,0.118759,2.373236,-1.069079,1.075166
10.445723,0.354760,-0.216153,0.118837,2.375078,-1.070027,1.077167
10.449351,0.354862,-0.216007,0.118879,2.378031,-1.072060,1.079947
10.452728,0.354709,-0.215830,0.118983,2.380417,-1.068558,1.075468
10.455788,0.354800,-0.215766,0.119147,2.372596,-1.067130,1.079458
10.459194,0.354825,-0.215932,0.119212,2.371380,-1.075895,1.079140
10.462602,0.354446,-0.215854,0.119218,2.367472,-1.058761,1.073882
10.465757,0.354067,-0.215777,0.119225,2.369000,-1.054029,1.067859
10.469331,0.353969,-0.215677,0.119223,2.370748,-1.054531,1.068214
10.472295,0.353827,-0.215867,0.119158,2.371931,-1.054520,1.066673
10.475838,0.353736,-0.215846,0.119221,2.365536,-1.042990,1.068067
10.479198,0.353629,-0.216136,0.119159,2.364763,-1.045590,1.068897
10.482720,0.353539,-0.216442,0.119125,2.360151,-1.031288,1.069154
10.486061,0.353197,-0.216766,0.119019,2.352109,-1.021836,1.071751
10.489295,0.352915,-0.216860,0.119042,2.353058,-1.014765,1.068826
10.492735,0.352636,-0.216943,0.119058,2.353826,-1.009370,1.067372
10.495768,0.352378,-0.217008,0.119074,2.355043,-1.001187,1.065103
10.498621,0.352116,-0.216984,0.119080,2.360664,-1.000549,1.057128
10.502208,0.351889,-0.216865,0.119094,2.361794,-0.995027,1.054872
10.505723,0.351661,-0.216683,0.119101,2.367169,-0.995824,1.048515
10.508837,0.351416,-0.216495,0.119101,2.373824,-0.996487,1.040073
10.512233,0.351176,-0.216229,0.119154,2.381055,-0.999220,1.032858
10.515694,0.351012,-0.216064,0.119221,2.379729,-1.000360,1.037213
10.519278,0.351132,-0.215950,0.119389,2.379628,-0.997760,1.038616
10.522817,0.351363,-0.215609,0.119453,2.375888,-1.004607,1.048245
10.526134,0.351425,-0.215160,0.119409,2.380192,-1.007968,1.052236
10.529174,0.351406,-0.214741,0.119250,2.383642,-1.009940,1.050683
10.532358,0.351301,-0.214152,0.119120,2.390462,-1.018599,1.046126
10.535637,0.351137,-0.213558,0.118958,2.403337,-1.030474,1.036578
10.539441,0.350898,-0.213183,0.118839,2.414076,-1.035518,1.025802
10.542564,0.351038,-0.212815,0.118763,2.416825,-1.045092,1.025748
10.545878,0.351249,-0.212508,0.118753,2.418883,-1.055387,1.031938
10.549458,0.351438,-0.212340,0.118687,2.420571,-1.058357,1.035260
10.552926,0.351589,-0.212184,0.118618,2.422150,-1.060916,1.036936
10.555966,0.351720,-0.212052,0.118598,2.423763,-1.063074,1.039556
10.559273,0.351665,-0.212031,0.118657,2.423958,-1.063154,1.038233
10.562740,0.351690,-0.212024,0.118742,2.418848,-1.062385,1.040351
10.566043,0.351765,-0.212366,0.119091,2.418812,-1.063516,1.041445
10.569350,0.351964,-0.212750,0.119464,2.411328,-1.062179,1.048884
10.572403,0.352182,-0.213152,0.119835,2.401084,-1.060805,1.057769
10.575795,0.352422,-0.213508,0.120219,2.391279,-1.061010,1.067625
10.579411,0.352700,-0.213888,0.120609,2.386897,-1.065262,1.074210
10.582676,0.352956,-0.213857,0.120783,2.370543,-1.062048,1.089632
10.585904,0.353180,-0.213873,0.120954,2.368220,-1.068906,1.093967
10.589171,0.353410,-0.213877,0.121100,2.361351,-1.068192,1.102763
10.592006,0.353599,-0.213946,0.121243,2.353600,-1.065395,1.109335
10.595634,0.353664,-0.213980,0.121348,2.346932,-1.058188,1.113290
10.599015,0.353707,-0.214039,0.121404,2.346665,-1.057781,1.111358
10.602379,0.353708,-0.214023,0.121441,2.339182,-1.049148,1.114812
10.607250,0.353637,-0.214038,0.121564,2.336611,-1.049154,1.114576
10.609795,0.353481,-0.214018,0.121796,2.336240,-1.043887,1.112838
10.620625,0.353331,-0.214002,0.122037,2.336026,-1.039715,1.110925
10.627484,0.353174,-0.213966,0.122287,2.334392,-1.036334,1.110750
10.631242,0.352836,-0.213772,0.122540,2.340952,-1.036538,1.102922
10.637086,0.352556,-0.213544,0.122704,2.347752,-1.035366,1.093898
10.641758,0.352530,-0.213486,0.122850,2.344065,-1.037300,1.095429
10.645796,0.352485,-0.213449,0.123042,2.339450,-1.038965,1.095604
10.654411,0.352467,-0.213379,0.123267,2.341186,-1.041666,1.086891
10.657521,0.352752,-0.213423,0.123559,2.328784,-1.044291,1.095474
10.667194,0.353032,-0.213527,0.123997,2.318219,-1.043922,1.101698
10.688274,0.353122,-0.213473,0.124338,2.315532,-1.045327,1.100678
10.700702,0.353239,-0.213350,0.124650,2.314013,-1.046874,1.101296
10.704479,0.353236,-0.213279,0.124876,2.307171,-1.048597,1.108389
10.707811,0.353101,-0.213209,0.125044,2.306725,-1.047213,1.105937
10.715426,0.353102,-0.213041,0.125170,2.304642,-1.050922,1.108220
10.717394,0.353149,-0.212837,0.125291,2.303661,-1.055604,1.108619
10.728001,0.353474,-0.212485,0.125515,2.301010,-1.068548,1.112604
10.732349,0.353944,-0.212128,0.125809,2.299993,-1.078021,1.115884
10.737801,0.354458,-0.211808,0.126107,2.299218,-1.084444,1.121300
10.741076,0.354882,-0.211526,0.126340,2.307604,-1.086744,1.119057
10.758697,0.355848,-0.210746,0.126636,2.309910,-1.091006,1.120327
10.769113,0.355984,-0.209877,0.126063,2.312971,-1.082725,1.118055
10.779056,0.355659,-0.210399,0.126527,2.327362,-1.051358,1.099642
10.782343,0.355460,-0.210870,0.127087,2.326646,-1.051069,1.097655
10.785579,0.355293,-0.211238,0.127556,2.333444,-1.027366,1.083828
10.788906,0.355166,-0.211509,0.127940,2.345256,-1.002427,1.067832
10.792188,0.355273,-0.211593,0.128065,2.342407,-0.994585,1.071094
10.795773,0.355536,-0.211469,0.128129,2.337859,-1.017199,1.084155
10.798665,0.355883,-0.210988,0.127775,2.346737,-1.009132,1.081806
10.802414,0.356082,-0.210474,0.127160,2.347062,-1.026965,1.085484
10.805678,0.356298,-0.209837,0.126601,2.344771,-1.041612,1.093970
10.808136,0.356396,-0.209186,0.126264,2.361663,-1.053201,1.082452
10.812011,0.356427,-0.208501,0.126077,2.368995,-1.058910,1.078408
10.818937,0.356719,-0.207434,0.126221,2.363722,-1.068246,1.081880
10.828531,0.357413,-0.207716,0.126965,2.353272,-1.077696,1.093876
10.835693,0.357687,-0.208896,0.127434,2.354937,-1.091811,1.090722
10.839091,0.357746,-0.209336,0.127527,2.348754,-1.094178,1.094991
10.851640,0.357425,-0.208510,0.126743,2.336991,-1.096217,1.102030
10.868073,0.357575,-0.206699,0.126279,2.396526,-1.068092,1.065629
10.871972,0.357549,-0.206743,0.126257,2.393656,-1.069918,1.066416
10.878885,0.357537,-0.206916,0.126176,2.394487,-1.074575,1.065392
10.888922,0.357784,-0.206728,0.126004,2.390958,-1.080713,1.064185
10.898441,0.357953,-0.206308,0.125840,2.393226,-1.083940,1.065490
10.902445,0.357994,-0.206224,0.125825,2.394223,-1.087543,1.065830
10.912427,0.357954,-0.206332,0.125747,2.394805,-1.081313,1.061269
10.930231,0.358217,-0.206944,0.125997,2.383379,-1.079366,1.066069
10.939424,0.358448,-0.207553,0.126234,2.369091,-1.074039,1.070492
10.944797,0.358590,-0.208181,0.126390,2.358746,-1.067591,1.069152
10.947415,0.358479,-0.208565,0.126316,2.356326,-1.055103,1.052706
10.956803,0.358365,-0.208849,0.126269,2.351305,-1.052864,1.050384
10.966166,0.357946,-0.208670,0.125923,2.355538,-1.032492,1.039464
10.989480,0.357515,-0.208468,0.125534,2.362438,-1.016381,1.028642
10.998356,0.357146,-0.208234,0.125190,2.365086,-1.002679,1.021220
11.003537,0.357086,-0.208237,0.125079,2.361345,-0.997602,1.030501
11.006401,0.357048,-0.208215,0.124988,2.360618,-0.990230,1.030446
11.014812,0.357002,-0.208259,0.124879,2.360891,-0.992666,1.028466
11.018633,0.356895,-0.208301,0.124799,2.359855,-0.992260,1.029245
11.027460,0.356827,-0.208294,0.124770,2.362337,-0.992634,1.029173
11.028922,0.356720,-0.208247,0.124727,2.364421,-0.992078,1.027909
11.036309,0.356635,-0.208158,0.124648,2.368684,-0.991189,1.024801
11.039980,0.356718,-0.207916,0.124630,2.370717,-1.000531,1.028695
11.049465,0.356875,-0.207693,0.124629,2.376301,-1.000906,1.024676
11.055936,0.356881,-0.207529,0.124440,2.378410,-1.001363,1.023321
11.059482,0.356901,-0.207498,0.124362,2.380142,-1.001597,1.022868
11.062789,0.356777,-0.207527,0.124164,2.382426,-1.005837,1.024164
11.066054,0.356597,-0.207542,0.123939,2.385497,-0.996564,1.018585
11.069445,0.356065,-0.207224,0.123378,2.389475,-1.003577,1.008721
11.072630,0.355543,-0.206927,0.122812,2.394473,-1.010297,0.997260
11.076264,0.355017,-0.206666,0.122326,2.398732,-1.013881,0.986152
11.079507,0.354509,-0.206463,0.121963,2.395940,-1.006782,0.984776
11.086442,0.355174,-0.206721,0.122328,2.395699,-1.002589,0.982825
11.089721,0.355769,-0.206948,0.122664,2.392722,-0.992882,0.989975
11.093042,0.356321,-0.207120,0.122875,2.390460,-0.983349,0.995639
11.096446,0.356807,-0.207306,0.123007,2.388567,-0.974339,0.999958
11.099518,0.356738,-0.207323,0.122830,2.390508,-0.971432,0.994322
11.102778,0.356659,-0.207427,0.122675,2.390317,-0.968274,0.990454
11.105878,0.356600,-0.207536,0.122601,2.389453,-0.962961,0.987489
11.109677,0.356559,-0.207684,0.122603,2.387965,-0.958067,0.986642
11.112925,0.356543,-0.207832,0.122618,2.385783,-0.954219,0.986285
11.115842,0.356544,-0.207958,0.122632,2.385199,-0.951025,0.984646
11.119621,0.356553,-0.208053,0.122579,2.384371,-0.948808,0.985022
11.122745,0.356556,-0.208132,0.122467,2.383154,-0.949253,0.985962
11.125772,0.356537,-0.208209,0.122347,2.382377,-0.949226,0.985787
11.129611,0.356525,-0.208249,0.122243,2.380652,-0.949637,0.986847
11.132558,0.356511,-0.208363,0.122110,2.379055,-0.957657,0.991153
11.136294,0.356430,-0.208499,0.121952,2.375998,-0.958184,0.991225
11.139162,0.356331,-0.208641,0.121847,2.374155,-0.958761,0.990914
11.142919,0.356273,-0.208741,0.121723,2.370905,-0.963248,0.994773
11.145975,0.356171,-0.208789,0.121562,2.370627,-0.966950,0.995222
11.149684,0.356090,-0.208732,0.121415,2.370193,-0.964896,0.994369
11.152593,0.356089,-0.208536,0.121242,2.373057,-0.972688,0.997349
11.155925,0.356089,-0.208313,0.121058,2.375893,-0.980215,0.999050
11.159300,0.356028,-0.208059,0.120907,2.380270,-0.985063,0.997518
11.162358,0.355989,-0.207849,0.120781,2.383712,-0.991869,0.998442
11.166259,0.355932,-0.207654,0.120682,2.386988,-0.997911,0.998466
11.169401,0.355830,-0.207623,0.120685,2.387496,-0.999437,0.998900
11.172476,0.355728,-0.207644,0.120687,2.388910,-1.001202,0.997470
11.176353,0.355690,-0.207709,0.120699,2.388252,-1.000616,0.998566
11.179835,0.355675,-0.207858,0.120693,2.388454,-1.000216,1.000155
11.183096,0.355679,-0.207911,0.120697,2.392005,-0.984255,0.996142
11.186211,0.355795,-0.208009,0.120668,2.394293,-0.984746,0.995359
11.189026,0.355912,-0.208082,0.120649,2.392879,-0.982975,1.003231
11.192901,0.356023,-0.208161,0.120578,2.398179,-0.971386,0.999437
11.196164,0.356116,-0.207986,0.120515,2.399345,-0.973549,1.000930
11.199522,0.356187,-0.207896,0.120437,2.397264,-0.990486,1.007371
11.202574,0.356100,-0.207692,0.120381,2.397852,-0.993796,1.009052
11.205922,0.355989,-0.207563,0.120330,2.399348,-0.995557,1.003797
11.209617,0.355827,-0.207511,0.120349,2.397874,-0.993756,1.002188
11.212761,0.355682,-0.207638,0.120391,2.397213,-0.990195,0.998433
11.219343,0.355514,-0.207694,0.120388,2.396901,-0.988874,0.995110
11.237440,0.355425,-0.207746,0.120371,2.398016,-0.985923,0.993557
11.252124,0.355376,-0.207675,0.120333,2.400119,-0.985366,0.990061
11.259833,0.355344,-0.207597,0.120279,2.402069,-0.999912,0.991367
11.270155,0.355298,-0.207625,0.120245,2.404684,-0.990031,0.986549
11.273489,0.355253,-0.207885,0.120437,2.405292,-0.987282,0.984619
11.284459,0.355217,-0.208119,0.120625,2.407959,-0.974233,0.977627
11.293384,0.355199,-0.208438,0.120846,2.410355,-0.963015,0.974453
11.302231,0.355198,-0.208716,0.121047,2.410027,-0.951426,0.970816
11.310896,0.355191,-0.208883,0.121222,2.408852,-0.963127,0.975809
11.320139,0.355224,-0.208736,0.120908,2.408730,-0.963700,0.977561
11.334322,0.354651,-0.208320,0.120221,2.407226,-0.981606,0.973870
11.338240,0.354149,-0.208053,0.119794,2.404923,-0.999066,0.970786
11.349591,0.353704,-0.207899,0.119532,2.401700,-1.016590,0.970744
11.360215,0.353262,-0.207801,0.119387,2.400646,-1.021837,0.965333
11.361974,0.352802,-0.207720,0.119264,2.398529,-1.027543,0.956782
11.365408,0.352738,-0.207745,0.119292,2.395298,-1.028546,0.960671
11.373491,0.352762,-0.207774,0.119322,2.394306,-1.030155,0.961385
11.376964,0.352740,-0.207652,0.119238,2.394945,-1.032627,0.963839
11.379386,0.352755,-0.207482,0.119076,2.397846,-1.035458,0.963577
11.383467,0.352834,-0.207283,0.118879,2.402957,-1.041646,0.964969
11.387022,0.352928,-0.207082,0.118692,2.405747,-1.045117,0.967841
11.390020,0.352932,-0.206879,0.118503,2.408214,-1.048263,0.970333
11.393679,0.352836,-0.206736,0.118319,2.409076,-1.051351,0.966634
11.396884,0.352625,-0.206766,0.118353,2.409722,-1.063398,0.962052
11.400178,0.352457,-0.206947,0.118523,2.390418,-1.067577,0.983476
11.403214,0.352388,-0.207178,0.118753,2.384554,-1.080209,0.985406
11.409974,0.353122,-0.208556,0.120263,2.363081,-1.083711,1.007418
11.413368,0.353701,-0.209188,0.120969,2.351304,-1.075084,1.027966
11.416712,0.354251,-0.209657,0.121514,2.344075,-1.060132,1.043829
11.429981,0.355259,-0.209614,0.121353,2.350554,-1.049322,1.044189
11.433579,0.355207,-0.209520,0.121259,2.344459,-1.030288,1.055937
11.437047,0.355116,-0.209463,0.121240,2.353736,-1.016538,1.049781
11.440288,0.355004,-0.209446,0.121297,2.359913,-1.018595,1.042865
11.449820,0.354704,-0.209202,0.121305,2.362530,-1.022201,1.034492
11.453749,0.354608,-0.208975,0.121277,2.361552,-1.019931,1.033310
11.456785,0.354628,-0.208880,0.121367,2.367699,-1.020320,1.029041
11.460195,0.354662,-0.208778,0.121433,2.375811,-1.012892,1.021708
11.463403,0.354845,-0.208903,0.121619,2.372022,-1.004814,1.027968
11.466997,0.355029,-0.209028,0.121805,2.365271,-0.997420,1.043945
11.470410,0.355205,-0.209115,0.121953,2.368653,-0.990843,1.042697
11.480277,0.355253,-0.209178,0.122326,2.364589,-0.982653,1.047364
11.483844,0.355193,-0.209217,0.122475,2.357887,-0.984690,1.055610
11.486672,0.355132,-0.209119,0.122506,2.360601,-0.983815,1.053795
11.490301,0.355090,-0.208968,0.122520,2.363803,-0.979979,1.049981
11.493664,0.354967,-0.208675,0.122370,2.366634,-0.982867,1.049040
11.496742,0.354831,-0.208304,0.122196,2.370568,-0.989150,1.047848
11.500253,0.354642,-0.207910,0.122008,2.371740,-0.997930,1.047025
11.506872,0.354116,-0.207858,0.122329,2.378397,-0.991183,1.036375
11.510162,0.353841,-0.207997,0.122672,2.384620,-0.984259,1.025394
11.512783,0.353538,-0.208202,0.123042,2.389237,-0.981163,1.014743
11.516961,0.353374,-0.208629,0.123504,2.394947,-0.963123,1.002636
11.520418,0.353322,-0.209023,0.123868,2.402856,-0.942155,0.990684
11.523549,0.353480,-0.209028,0.123908,2.397025,-0.945053,1.003866
11.526912,0.353610,-0.208985,0.123957,2.399535,-0.942601,1.005984
11.530412,0.353753,-0.208927,0.123982,2.403625,-0.936753,1.006820
11.533634,0.353989,-0.208658,0.123981,2.399477,-0.952655,1.025015
11.537069,0.354315,-0.208341,0.123988,2.387029,-0.967285,1.043664
11.546245,0.355027,-0.209369,0.125339,2.379447,-0.961404,1.043727
11.549902,0.354924,-0.210156,0.126026,2.363342,-0.958797,1.055613
11.559792,0.353733,-0.212466,0.127619,2.346795,-0.956689,1.067586
11.563436,0.353519,-0.212775,0.127788,2.335382,-0.944140,1.066016
11.567009,0.353420,-0.212931,0.127907,2.333797,-0.933876,1.062358
11.570049,0.353438,-0.212953,0.127985,2.333084,-0.935270,1.064426
11.573541,0.353606,-0.212975,0.128160,2.332442,-0.935763,1.069766
11.576434,0.353795,-0.212990,0.128363,2.329571,-0.937353,1.075262
11.580534,0.353953,-0.212975,0.128515,2.329115,-0.939552,1.079073
11.583420,0.354137,-0.212933,0.128684,2.328084,-0.942711,1.083835
11.586310,0.354300,-0.212906,0.128874,2.327310,-0.943632,1.086856
11.590306,0.354367,-0.212863,0.128996,2.323306,-0.963597,1.092033
11.596554,0.354256,-0.212112,0.128741,2.325536,-0.984331,1.093302
11.600240,0.354327,-0.212029,0.128967,2.332729,-0.981005,1.087446
11.603710,0.354413,-0.211934,0.129147,2.335648,-0.994623,1.087633
11.610072,0.354526,-0.211778,0.129348,2.337201,-1.024872,1.094249
11.641102,0.355355,-0.211774,0.130392,2.343497,-1.022570,1.090127
11.645707,0.355511,-0.211583,0.130480,2.347096,-1.014172,1.089030
11.673729,0.357439,-0.210874,0.132868,2.353064,-1.061437,1.088436
11.696748,0.357679,-0.210820,0.133001,2.358098,-1.069996,1.090158
11.710036,0.357936,-0.210761,0.133138,2.360276,-1.074238,1.092446
11.718196,0.358199,-0.210709,0.133285,2.367712,-1.076330,1.089625
11.719702,0.358459,-0.210648,0.133413,2.372399,-1.076405,1.089887
11.729185,0.358658,-0.210658,0.133617,2.373498,-1.092953,1.096592
11.732192,0.358463,-0.211166,0.133669,2.362677,-1.071248,1.097829
11.739286,0.358237,-0.211696,0.133699,2.351857,-1.049374,1.097739
11.748388,0.358026,-0.212101,0.133699,2.352208,-1.051252,1.095807
11.752834,0.357896,-0.212075,0.133892,2.344981,-1.037101,1.093985
11.755978,0.357792,-0.212019,0.133977,2.345642,-1.038369,1.093105
11.759303,0.357896,-0.211488,0.134164,2.357641,-1.060341,1.089055
11.762554,0.357917,-0.211263,0.134272,2.363561,-1.070508,1.087244
11.765916,0.357931,-0.211169,0.134387,2.356749,-1.056401,1.088399
11.769331,0.357845,-0.211510,0.134324,2.362945,-1.070231,1.087822
11.772333,0.357786,-0.211838,0.134214,2.355278,-1.055688,1.088666
11.775277,0.357685,-0.212184,0.134088,2.347667,-1.042725,1.090837
11.779411,0.357666,-0.212224,0.134041,2.347139,-1.041445,1.089250
11.782890,0.357624,-0.212258,0.133987,2.354359,-1.053977,1.085974
11.789572,0.357639,-0.211864,0.134043,2.348449,-1.042049,1.086456
11.792615,0.357638,-0.211735,0.134098,2.349815,-1.045575,1.086285
11.799138,0.357717,-0.211501,0.134288,2.348456,-1.052800,1.090362
11.802612,0.357760,-0.211613,0.134344,2.346554,-1.054703,1.093110
11.809469,0.357820,-0.211733,0.134451,2.345509,-1.057453,1.095318
11.811796,0.357842,-0.211400,0.134621,2.344408,-1.056614,1.096265
11.816043,0.357800,-0.211067,0.134757,2.349923,-1.065692,1.095048
11.819183,0.357763,-0.210731,0.134885,2.358851,-1.070506,1.090116
11.821753,0.357639,-0.210558,0.134912,2.366131,-1.072043,1.083385
11.825349,0.357531,-0.210339,0.134965,2.364366,-1.063528,1.080352
11.828996,0.357428,-0.210477,0.134870,2.369366,-1.070490,1.076968
11.832352,0.357388,-0.210607,0.134750,2.369162,-1.062317,1.073606
11.835671,0.357368,-0.210752,0.134632,2.368635,-1.061205,1.073644
11.838726,0.357499,-0.210664,0.134541,2.364074,-1.060629,1.078631
11.842031,0.357328,-0.210484,0.134329,2.366767,-1.058094,1.074265
11.845617,0.357166,-0.210292,0.134101,2.369458,-1.055068,1.069976
11.849067,0.356948,-0.210106,0.133879,2.374267,-1.058246,1.069359
11.852415,0.356840,-0.209527,0.133712,2.374162,-1.050501,1.061949
11.855331,0.356695,-0.209032,0.133583,2.383627,-1.053579,1.057003
11.858896,0.356860,-0.208579,0.133598,2.386549,-1.055005,1.060665
11.862556,0.356943,-0.208127,0.133628,2.390899,-1.056077,1.061189
11.865636,0.357010,-0.207669,0.133667,2.389111,-1.053206,1.061141
11.868810,0.356922,-0.207535,0.133602,2.393253,-1.057208,1.062146
11.872080,0.356822,-0.207406,0.133572,2.394069,-1.056985,1.059967
11.875047,0.356680,-0.207310,0.133520,2.393162,-1.057604,1.058803
11.879042,0.356585,-0.207238,0.133484,2.392987,-1.060033,1.058296
11.881980,0.356481,-0.207219,0.133479,2.393753,-1.059677,1.056511
11.885906,0.356623,-0.207482,0.133718,2.386712,-1.060366,1.061506
11.888731,0.356764,-0.207756,0.133952,2.379801,-1.067222,1.067947
11.892167,0.356836,-0.208015,0.134154,2.381258,-1.064367,1.064381
11.895462,0.356935,-0.208263,0.134337,2.376057,-1.067644,1.067128
11.898940,0.357055,-0.208466,0.134492,2.371176,-1.075921,1.070554
11.902262,0.356924,-0.208394,0.134457,2.378512,-1.075242,1.063696
11.905825,0.356798,-0.208276,0.134321,2.379899,-1.075115,1.060308
11.908794,0.356736,-0.208279,0.134257,2.374457,-1.082554,1.064452
11.912497,0.356673,-0.208282,0.134202,2.374585,-1.082802,1.062463
11.915177,0.356628,-0.208188,0.134195,2.376178,-1.084518,1.061508
11.918881,0.356678,-0.208075,0.134153,2.370668,-1.094571,1.068302
11.928432,0.356726,-0.207992,0.134219,2.371247,-1.099723,1.069213
11.947332,0.356818,-0.207737,0.134260,2.373557,-1.104375,1.070067
11.948997,0.356914,-0.207437,0.134281,2.376102,-1.111927,1.072792
11.961885,0.356809,-0.206985,0.134064,2.382872,-1.110240,1.068693
11.964775,0.356638,-0.206596,0.133876,2.390121,-1.104163,1.062937
11.967887,0.356519,-0.206459,0.133743,2.391055,-1.102720,1.062304
11.974841,0.356387,-0.206460,0.133568,2.391943,-1.100630,1.059337
11.978052,0.356245,-0.206550,0.133392,2.394128,-1.089563,1.052749
11.986359,0.356150,-0.206825,0.133309,2.380761,-1.075874,1.059388
11.988071,0.356237,-0.206736,0.133327,2.382309,-1.072980,1.058772
12.000136,0.356271,-0.206412,0.133282,2.387191,-1.065452,1.056959
12.012616,0.356231,-0.206361,0.133231,2.385086,-1.062106,1.059266
12.017601,0.356110,-0.206244,0.133172,2.376245,-1.046990,1.066676
12.025763,0.356058,-0.206485,0.133163,2.387575,-1.054007,1.059967
12.030733,0.355967,-0.206566,0.133018,2.370866,-1.041683,1.066530
12.032833,0.356018,-0.206898,0.133143,2.369266,-1.038482,1.065051
12.035897,0.356194,-0.206957,0.133419,2.364342,-1.037591,1.071080
12.043916,0.356396,-0.207407,0.133589,2.360631,-1.047407,1.075698
12.046208,0.356660,-0.207542,0.133768,2.346546,-1.044514,1.086174
12.055709,0.356755,-0.208201,0.134016,2.354963,-1.054612,1.080241
12.057196,0.356521,-0.208381,0.133868,2.341534,-1.052228,1.089731
12.066437,0.356419,-0.208720,0.133716,2.345738,-1.049249,1.080624
12.069648,0.356368,-0.208665,0.133705,2.345466,-1.050088,1.080546
12.072940,0.356321,-0.208628,0.133731,2.346057,-1.050740,1.080402
12.076276,0.356104,-0.208354,0.133631,2.346939,-1.050821,1.080349
12.080079,0.356074,-0.208307,0.133657,2.356291,-1.055522,1.070233
12.083271,0.355863,-0.208039,0.133569,2.348052,-1.051370,1.079720
12.086591,0.355835,-0.208002,0.133618,2.357066,-1.055807,1.069895
12.089660,0.355789,-0.207928,0.133674,2.356956,-1.056559,1.070542
12.093086,0.355938,-0.208092,0.133824,2.348391,-1.053312,1.080246
12.096822,0.356172,-0.207832,0.133939,2.348770,-1.058867,1.084128
12.099647,0.356395,-0.207570,0.134051,2.358449,-1.069545,1.078733
12.103285,0.356410,-0.207088,0.134036,2.349935,-1.058112,1.086103
12.106580,0.356371,-0.206987,0.133877,2.361167,-1.070049,1.080840
12.110100,0.356368,-0.206744,0.133792,2.362051,-1.064919,1.078242
12.113231,0.356269,-0.206920,0.133738,2.351406,-1.048592,1.087829
12.116374,0.356301,-0.207059,0.134025,2.350397,-1.045736,1.088741
12.119979,0.356339,-0.207087,0.134334,2.356092,-1.060381,1.092861
12.123086,0.356512,-0.206730,0.134834,2.350433,-1.053650,1.097841
12.126592,0.356583,-0.206561,0.135212,2.354955,-1.067376,1.102259
12.130017,0.356726,-0.206353,0.135638,2.363765,-1.081040,1.093753
12.133946,0.356632,-0.206247,0.135412,2.360328,-1.080962,1.100456
12.136201,0.356588,-0.206129,0.135205,2.361611,-1.082021,1.095164
12.139562,0.356482,-0.206054,0.134945,2.366421,-1.087199,1.090267
12.142762,0.356394,-0.205930,0.134736,2.366891,-1.087535,1.091439
12.146345,0.356226,-0.205947,0.134434,2.370043,-1.083839,1.088014
12.150095,0.355995,-0.206010,0.134325,2.372648,-1.085498,1.082283
12.152922,0.355891,-0.206142,0.134368,2.372708,-1.079047,1.080001
12.156462,0.355722,-0.206318,0.134438,2.370261,-1.078234,1.081382
12.160031,0.355598,-0.206497,0.134504,2.370986,-1.075750,1.074243
12.162703,0.355246,-0.206782,0.134606,2.366677,-1.072717,1.074506
12.166491,0.355052,-0.206993,0.134852,2.365028,-1.065237,1.072142
12.169597,0.354736,-0.207260,0.134858,2.363803,-1.064452,1.071809
12.172698,0.354510,-0.207487,0.134831,2.361937,-1.056347,1.070126
12.176578,0.354329,-0.207811,0.134781,2.359961,-1.050392,1.073626
12.179547,0.354397,-0.207929,0.134744,2.359207,-1.050203,1.080145
12.183285,0.354410,-0.207934,0.134726,2.358570,-1.049667,1.081271
12.186344,0.354309,-0.207900,0.134772,2.358775,-1.050115,1.081253
12.189795,0.354178,-0.207868,0.134834,2.360122,-1.049206,1.079808
12.192885,0.354012,-0.207726,0.134929,2.361475,-1.047563,1.073668
12.196030,0.353865,-0.207596,0.135045,2.363457,-1.049943,1.068874
12.199689,0.353801,-0.207549,0.135121,2.364662,-1.050666,1.067660
12.203105,0.353886,-0.207582,0.135180,2.363685,-1.051241,1.069590
12.206893,0.353976,-0.207611,0.135228,2.362251,-1.052197,1.071911
12.210076,0.354035,-0.207648,0.135259,2.362058,-1.055005,1.073939
12.213142,0.354066,-0.207680,0.135292,2.360547,-1.051483,1.074262
12.216278,0.354092,-0.207757,0.135342,2.358026,-1.057147,1.077760
12.219638,0.354060,-0.207790,0.135381,2.357717,-1.055931,1.077299
12.222909,0.353987,-0.207839,0.135415,2.357375,-1.054284,1.075917
12.226200,0.353901,-0.207919,0.135432,2.355827,-1.041247,1.067772
12.229937,0.353814,-0.208000,0.135450,2.354894,-1.042093,1.067575
12.232932,0.353732,-0.208028,0.135455,2.355134,-1.034800,1.065096
12.235798,0.353625,-0.208064,0.135487,2.354850,-1.034741,1.063671
12.239794,0.353555,-0.208099,0.135518,2.354833,-1.035558,1.062650
12.243449,0.353563,-0.208161,0.135627,2.350711,-1.044941,1.074308
12.246339,0.353557,-0.208265,0.135743,2.350565,-1.048358,1.072101
12.270910,0.353509,-0.208510,0.135980,2.349229,-1.055596,1.071729
12.282837,0.353446,-0.208778,0.136100,2.343470,-1.049648,1.074581
12.286123,0.353325,-0.208997,0.136167,2.337133,-1.043407,1.077531
12.288739,0.353181,-0.209173,0.136235,2.334521,-1.040221,1.075501
12.292967,0.353007,-0.209358,0.136320,2.325938,-1.030067,1.079593
12.333060,0.352221,-0.209665,0.136666,2.320885,-1.018129,1.080180
12.346374,0.351993,-0.209618,0.136810,2.319348,-1.016940,1.079944
12.352530,0.351758,-0.209637,0.137038,2.314019,-1.021253,1.086537
12.355656,0.351574,-0.209605,0.137257,2.310245,-1.019093,1.087614
12.364064,0.351535,-0.209567,0.137423,2.309270,-1.017965,1.088850
12.365893,0.351518,-0.209376,0.137662,2.309718,-1.021424,1.090436
12.376754,0.351444,-0.209344,0.137947,2.307790,-1.026274,1.096141
12.389724,0.351188,-0.209351,0.138064,2.311101,-1.015524,1.088835
12.399332,0.350863,-0.209442,0.138192,2.311862,-1.011452,1.088672
12.403155,0.350543,-0.209534,0.138335,2.311973,-1.007516,1.088075
12.407026,0.350188,-0.209733,0.138418,2.307840,-0.997479,1.088761
12.410312,0.349859,-0.209770,0.138438,2.312170,-0.989591,1.082051
12.413736,0.349757,-0.209573,0.138339,2.309084,-0.987941,1.084153
12.417245,0.349714,-0.209329,0.138210,2.311126,-0.989067,1.082512
12.420455,0.349670,-0.209048,0.138084,2.315002,-0.992382,1.081426
12.423155,0.349653,-0.208743,0.138030,2.317825,-0.993000,1.079222
12.426305,0.349654,-0.208561,0.137947,2.316212,-0.992157,1.079288
12.430381,0.349699,-0.208507,0.138046,2.320299,-0.995735,1.078591
12.433010,0.349753,-0.208427,0.138160,2.320631,-0.994790,1.078368
12.436916,0.349772,-0.208436,0.138307,2.327900,-0.997104,1.070666
12.440036,0.349811,-0.208499,0.138486,2.326808,-0.996557,1.073650
12.443190,0.349846,-0.208559,0.138659,2.323081,-0.993786,1.076697
12.446826,0.349714,-0.208399,0.138648,2.330765,-0.996452,1.069235
12.450456,0.349584,-0.208247,0.138623,2.339331,-1.000527,1.063156
12.453747,0.349492,-0.207984,0.138573,2.338540,-1.009860,1.070156
12.456392,0.349648,-0.207561,0.138584,2.349857,-1.014728,1.060966
12.460419,0.349815,-0.207092,0.138601,2.362403,-1.030883,1.056153
12.463519,0.350115,-0.206834,0.138791,2.363536,-1.041636,1.060447
12.467150,0.350333,-0.206736,0.139129,2.363692,-1.039828,1.057185
12.469922,0.350506,-0.206686,0.139429,2.357591,-1.028254,1.060600
12.476421,0.350389,-0.206787,0.139605,2.358910,-1.038763,1.064169
12.480106,0.350295,-0.206658,0.139913,2.356292,-1.026216,1.058829
12.483000,0.349912,-0.206930,0.139932,2.356158,-1.023526,1.060282
12.486756,0.349599,-0.207120,0.139777,2.355365,-1.021156,1.061822
12.489533,0.349308,-0.207350,0.139649,2.360429,-1.018556,1.051497
12.492883,0.349169,-0.207604,0.139529,2.350852,-1.001570,1.052284
12.496855,0.349225,-0.207528,0.139353,2.354976,-1.012383,1.056668
12.499888,0.349585,-0.207054,0.139472,2.357181,-1.012280,1.053538
12.503492,0.350020,-0.206523,0.139646,2.352889,-1.014638,1.061794
12.506317,0.350479,-0.205876,0.139874,2.357593,-1.030089,1.068313
12.510324,0.350810,-0.205193,0.140062,2.366717,-1.048968,1.069263
12.513000,0.350991,-0.205500,0.140490,2.353421,-1.041598,1.076922
12.516718,0.351085,-0.206147,0.140830,2.343643,-1.049471,1.086593
12.520184,0.350846,-0.206942,0.141103,2.342811,-1.047827,1.082259
12.523846,0.350425,-0.207787,0.141277,2.328640,-1.029521,1.084429
12.526904,0.349981,-0.208610,0.141450,2.320418,-1.012207,1.080556
12.529393,0.349458,-0.209047,0.141302,2.325496,-1.006782,1.071224
12.533370,0.349225,-0.209179,0.141290,2.320158,-0.983557,1.067418
12.537016,0.349433,-0.208883,0.141335,2.320354,-0.995191,1.072543
12.539147,0.349811,-0.208623,0.141409,2.321963,-0.996840,1.074001
12.542916,0.350205,-0.208383,0.141481,2.323967,-1.010324,1.080143
12.550523,0.351047,-0.207188,0.141477,2.325475,-1.024849,1.088022
12.553831,0.351215,-0.206854,0.141491,2.325834,-1.026371,1.089098
12.556691,0.351341,-0.206524,0.141634,2.328366,-1.028015,1.090665
12.560210,0.351476,-0.206158,0.141796,2.332102,-1.045612,1.092096
12.562805,0.351480,-0.206085,0.142026,2.331673,-1.049988,1.093596
12.567154,0.351516,-0.205930,0.142228,2.333325,-1.054259,1.092810
12.570408,0.351537,-0.205759,0.142339,2.342242,-1.077411,1.093469
12.573721,0.351596,-0.205617,0.142305,2.342849,-1.080495,1.092004
12.576123,0.351168,-0.205799,0.142076,2.346155,-1.065612,1.082265
12.580004,0.350729,-0.206030,0.141839,2.347412,-1.048768,1.075027
12.583184,0.350614,-0.206312,0.141825,2.339393,-1.034360,1.077894
12.586995,0.350510,-0.206563,0.141870,2.331322,-1.018799,1.079111
12.589944,0.350427,-0.206745,0.141950,2.324249,-1.005965,1.084507
12.593516,0.350857,-0.206612,0.142233,2.323588,-1.021287,1.096349
12.600292,0.351483,-0.205687,0.142620,2.321091,-1.042967,1.107750
12.603142,0.351562,-0.205259,0.142688,2.328149,-1.055465,1.106711
12.609189,0.351643,-0.204857,0.142747,2.330742,-1.056897,1.108551
12.625957,0.351701,-0.204473,0.142770,2.335229,-1.068215,1.107777
12.641759,0.351678,-0.204405,0.142779,2.332399,-1.066225,1.108031
12.727033,0.348612,-0.201099,0.144983,2.364374,-1.001989,1.041459
12.749116,0.347470,-0.199830,0.144295,2.358806,-0.999199,1.050841
12.758957,0.348192,-0.199954,0.145229,2.356629,-0.992346,1.055793
12.763822,0.348672,-0.200170,0.145776,2.352566,-0.991709,1.061324
12.767087,0.349104,-0.200246,0.146112,2.340908,-0.979871,1.075909
12.769981,0.349207,-0.200132,0.146151,2.339668,-0.978316,1.075990
12.773745,0.349270,-0.200019,0.146136,2.338560,-0.977217,1.075232
12.777252,0.349269,-0.199880,0.146110,2.336291,-0.979344,1.074761
12.780542,0.349272,-0.199741,0.146087,2.333314,-0.973953,1.074394
12.784038,0.349159,-0.199839,0.146228,2.329832,-0.967021,1.075132
12.787245,0.349130,-0.199845,0.146293,2.328435,-0.963462,1.075383
12.790900,0.349073,-0.199911,0.146377,2.325750,-0.956219,1.075479
12.817124,0.347885,-0.199837,0.148326,2.359766,-0.923178,1.026737
12.820329,0.347865,-0.199866,0.148422,2.360014,-0.918485,1.024656
12.823681,0.347913,-0.199682,0.148427,2.360955,-0.920891,1.026126
12.827321,0.347986,-0.199366,0.148453,2.358807,-0.934228,1.032067
12.830718,0.348089,-0.198952,0.148374,2.360764,-0.934675,1.030792
12.833953,0.348201,-0.198496,0.148250,2.359661,-0.946747,1.037883
12.837543,0.348303,-0.198011,0.148144,2.360818,-0.958802,1.041964
12.840730,0.348345,-0.197725,0.148093,2.360295,-0.966079,1.042284
12.843900,0.348339,-0.197710,0.148282,2.359588,-0.963833,1.041509
12.847230,0.348359,-0.197712,0.148496,2.356071,-0.960610,1.044850
12.850559,0.348437,-0.197743,0.148728,2.353097,-0.959326,1.044141
12.853798,0.348503,-0.197800,0.149008,2.346284,-0.955516,1.048166
12.857207,0.348574,-0.197850,0.149306,2.340472,-0.952480,1.052523
12.860560,0.348635,-0.197820,0.149454,2.336844,-0.952227,1.055145
12.863269,0.348728,-0.197739,0.149616,2.335068,-0.952616,1.055653
12.866591,0.349089,-0.197364,0.149894,2.334233,-0.961010,1.062385
12.870599,0.349516,-0.196816,0.150194,2.338915,-0.977816,1.066833
12.873457,0.350023,-0.196174,0.150477,2.341326,-0.992136,1.078127
12.876838,0.350595,-0.195495,0.150807,2.345496,-1.007933,1.084564
12.880384,0.351108,-0.194854,0.151095,2.350704,-1.023366,1.091044
12.883728,0.351291,-0.194559,0.151293,2.355005,-1.027348,1.091894
12.887062,0.351437,-0.194427,0.151407,2.353652,-1.012773,1.088087
12.890603,0.351138,-0.194729,0.151327,2.356893,-1.013904,1.084050
12.893499,0.350790,-0.195023,0.151192,2.357086,-0.996877,1.077267
12.897343,0.350442,-0.195316,0.151057,2.357381,-0.979502,1.069934
12.900836,0.350127,-0.195556,0.150885,2.358237,-0.965062,1.062435
12.904092,0.349855,-0.195777,0.150732,2.360619,-0.963534,1.061244
12.907589,0.349967,-0.195670,0.150794,2.359822,-0.947495,1.055105
12.910656,0.350062,-0.195584,0.150895,2.361052,-0.946732,1.054964
12.914083,0.350204,-0.195465,0.151031,2.360879,-0.946324,1.056117
12.917231,0.350411,-0.195314,0.151207,2.360077,-0.948964,1.060863
12.920712,0.350567,-0.195138,0.151413,2.358450,-0.947946,1.064298
12.923608,0.350778,-0.195073,0.151681,2.351532,-0.944741,1.073268
12.926880,0.351029,-0.194994,0.151952,2.346379,-0.941672,1.079277
12.930590,0.351239,-0.194794,0.152180,2.343294,-0.940523,1.084802
12.933656,0.351391,-0.194660,0.152352,2.339539,-0.937372,1.086881
12.941180,0.351500,-0.194572,0.152459,2.337473,-0.934228,1.088690
12.947563,0.351573,-0.194299,0.152524,2.342646,-0.934581,1.081800
12.959711,0.351738,-0.193733,0.152622,2.346564,-0.944904,1.086576
12.962288,0.352011,-0.193237,0.152813,2.347424,-0.944494,1.086097
12.973832,0.352268,-0.192739,0.153004,2.348279,-0.944928,1.087718
12.982997,0.352678,-0.192152,0.153554,2.346709,-0.944105,1.096011
12.993698,0.353249,-0.191480,0.154235,2.344092,-0.945358,1.103878
13.029911,0.353883,-0.190946,0.155519,2.340919,-0.927308,1.099425
13.036485,0.354011,-0.190413,0.156127,2.339089,-0.930898,1.105318
13.047114,0.354132,-0.189684,0.156354,2.341991,-0.930224,1.107726
13.056261,0.354061,-0.189059,0.156432,2.347940,-0.931858,1.104625
13.064923,0.354062,-0.188355,0.156408,2.350024,-0.921730,1.103756
13.072174,0.354173,-0.187384,0.156635,2.352131,-0.925703,1.109215
13.079137,0.353936,-0.187659,0.157008,2.348368,-0.909330,1.105036
13.082535,0.353692,-0.187969,0.157191,2.343140,-0.898025,1.104800
13.085668,0.353492,-0.188259,0.157317,2.340759,-0.889116,1.099431
13.089198,0.353293,-0.188548,0.157444,2.336690,-0.885680,1.096934
13.092517,0.353115,-0.188840,0.157537,2.334996,-0.880611,1.094398
13.095850,0.353025,-0.188916,0.157647,2.337765,-0.875204,1.090242
13.098997,0.352956,-0.188998,0.157764,2.333034,-0.868967,1.087897
13.102685,0.352915,-0.188920,0.157863,2.329367,-0.866728,1.090220
13.105975,0.352888,-0.188811,0.157907,2.331280,-0.868938,1.089933
13.109161,0.352809,-0.188596,0.157934,2.335545,-0.869867,1.079665
13.112615,0.352764,-0.188330,0.157920,2.338171,-0.875888,1.079779
13.115722,0.352728,-0.188060,0.157912,2.345732,-0.881172,1.075159
13.119139,0.352646,-0.187926,0.157930,2.350123,-0.881179,1.065691
13.122221,0.352593,-0.187704,0.158042,2.353734,-0.879606,1.061356
13.125881,0.352857,-0.187109,0.158198,2.354687,-0.883909,1.068717
13.129120,0.353183,-0.186463,0.158342,2.360861,-0.898184,1.070090
13.132484,0.353545,-0.185864,0.158558,2.363061,-0.903500,1.076667
13.135669,0.353907,-0.185281,0.158760,2.363229,-0.909697,1.086754
13.139180,0.354237,-0.184752,0.158949,2.367300,-0.926341,1.089987
13.142015,0.354362,-0.184678,0.159120,2.365565,-0.927371,1.092981
13.145284,0.354643,-0.184767,0.159406,2.355101,-0.925076,1.102015
13.149133,0.354895,-0.184763,0.159643,2.352520,-0.938885,1.103732
13.152086,0.355150,-0.184734,0.159891,2.352951,-0.938184,1.102960
13.155495,0.355463,-0.184817,0.160433,2.344440,-0.938605,1.111850
13.159099,0.355794,-0.184893,0.160996,2.337432,-0.946413,1.121138
13.162461,0.355955,-0.184757,0.161437,2.339372,-0.951742,1.124114
13.165834,0.356045,-0.184664,0.161850,2.343831,-0.943262,1.122714
13.168911,0.356090,-0.184611,0.162255,2.336718,-0.952461,1.131675
13.172404,0.356064,-0.184538,0.162323,2.332986,-0.944975,1.134886
13.175797,0.355926,-0.184447,0.162328,2.330334,-0.936553,1.131709
13.178913,0.355695,-0.184450,0.162276,2.328290,-0.924342,1.126580
13.182517,0.355599,-0.184316,0.162042,2.319480,-0.922703,1.132706
13.185915,0.355540,-0.184141,0.161789,2.321270,-0.915412,1.129004
13.189023,0.355488,-0.183908,0.161563,2.325414,-0.912618,1.121458
13.192412,0.355447,-0.183634,0.161373,2.329089,-0.913474,1.121843
13.195332,0.355467,-0.183362,0.161206,2.331433,-0.914859,1.121904
13.198605,0.355345,-0.183181,0.161218,2.336708,-0.915775,1.117522
13.201996,0.355267,-0.182904,0.161236,2.338910,-0.918307,1.117386
13.205689,0.355186,-0.182658,0.161241,2.342869,-0.920549,1.116761
13.209385,0.355162,-0.182468,0.161235,2.347216,-0.922813,1.113706
13.212553,0.355142,-0.182265,0.161280,2.347013,-0.921692,1.113113
13.214983,0.355192,-0.182117,0.161331,2.346320,-0.920181,1.112372
13.218668,0.355237,-0.182087,0.161407,2.347844,-0.922548,1.113315
13.222069,0.355367,-0.181928,0.161528,2.346216,-0.921939,1.115982
13.226049,0.355475,-0.181747,0.161667,2.346753,-0.921415,1.115846
13.229255,0.355603,-0.181565,0.161770,2.350383,-0.927721,1.117918
13.232501,0.355734,-0.181383,0.161875,2.351298,-0.928182,1.119819
13.235577,0.355835,-0.181202,0.161952,2.351121,-0.924509,1.118878
13.239079,0.355862,-0.181103,0.162007,2.353203,-0.924741,1.116814
13.242484,0.355852,-0.180908,0.162057,2.351330,-0.921965,1.119623
13.245696,0.355838,-0.180690,0.162115,2.351811,-0.917844,1.116956
13.249076,0.355841,-0.180371,0.162195,2.355737,-0.923377,1.112635
13.252436,0.355849,-0.180016,0.162308,2.360545,-0.930286,1.108069
13.259122,0.355825,-0.179541,0.162607,2.364011,-0.934025,1.103251
13.276429,0.355771,-0.179159,0.162877,2.368027,-0.940361,1.091654
13.289408,0.355686,-0.178825,0.163202,2.369720,-0.943427,1.084180
13.292708,0.355635,-0.178366,0.163531,2.367376,-0.938242,1.087009
13.301730,0.355677,-0.177690,0.163750,2.371811,-0.928957,1.083522
13.312556,0.355759,-0.177033,0.163827,2.379064,-0.923462,1.081499
13.315239,0.355917,-0.176256,0.164014,2.387184,-0.918237,1.081108
13.348465,0.356260,-0.174987,0.164342,2.371705,-0.930049,1.106133
13.351730,0.356293,-0.174913,0.164600,2.380119,-0.928885,1.100201
13.355359,0.356306,-0.174989,0.164788,2.374509,-0.919351,1.103691
13.358774,0.356311,-0.175202,0.164878,2.362416,-0.911639,1.106308
13.361935,0.356353,-0.175392,0.165097,2.354384,-0.905742,1.112776
13.365117,0.356418,-0.175634,0.165355,2.370275,-0.903035,1.096769
13.371518,0.356503,-0.175726,0.165602,2.356957,-0.894922,1.103622
13.375461,0.356599,-0.175843,0.165899,2.352628,-0.904489,1.103843
13.385146,0.356572,-0.175590,0.166114,2.352872,-0.905355,1.106571
13.402922,0.356645,-0.175187,0.166122,2.355452,-0.900112,1.102145
13.416891,0.356695,-0.174571,0.166098,2.357480,-0.878371,1.097216
13.419214,0.356772,-0.173896,0.166098,2.365202,-0.885505,1.098051
13.430729,0.356857,-0.173188,0.166060,2.371359,-0.876698,1.097744
13.433775,0.357049,-0.172885,0.166184,2.372665,-0.880004,1.098007
13.440280,0.357359,-0.173332,0.166683,2.367052,-0.887198,1.101656
13.443636,0.357478,-0.173675,0.166944,2.359452,-0.892708,1.109305
13.447254,0.357556,-0.174020,0.167186,2.354436,-0.888075,1.106666
13.450480,0.357649,-0.174330,0.167348,2.348647,-0.901769,1.111336
13.453169,0.357631,-0.174300,0.167305,2.344847,-0.909543,1.120623
13.457031,0.357730,-0.174255,0.167521,2.345196,-0.916985,1.124301
13.460316,0.357851,-0.174149,0.167724,2.344570,-0.926573,1.128398
13.463662,0.358011,-0.174027,0.167950,2.341609,-0.936578,1.138647
13.466387,0.358168,-0.173930,0.168162,2.339261,-0.938738,1.145141
13.470232,0.358332,-0.173865,0.168490,2.341035,-0.939646,1.138853
13.473358,0.358280,-0.173837,0.168257,2.337855,-0.940639,1.145629
13.476735,0.358237,-0.173715,0.168079,2.339702,-0.938750,1.139977
13.480013,0.358179,-0.173600,0.167893,2.348743,-0.947991,1.130282
13.483227,0.358220,-0.173328,0.167793,2.348818,-0.946732,1.131398
13.487123,0.358253,-0.173108,0.167669,2.355541,-0.956360,1.131319
13.490331,0.358368,-0.172841,0.167802,2.364330,-0.964869,1.121797
13.493624,0.358358,-0.172847,0.167891,2.361602,-0.963759,1.126991
13.496912,0.358346,-0.172868,0.167974,2.354497,-0.951476,1.128218
13.499972,0.358249,-0.172937,0.168021,2.361401,-0.959072,1.116717
13.503267,0.358247,-0.173035,0.168177,2.350672,-0.948632,1.124486
13.506543,0.358233,-0.173225,0.168291,2.343352,-0.939221,1.128617
13.510494,0.358326,-0.173287,0.168377,2.345962,-0.941255,1.124451
13.513719,0.358411,-0.173328,0.168448,2.346048,-0.942394,1.128579
13.516648,0.358447,-0.173425,0.168475,2.340931,-0.933919,1.133232
13.520350,0.358391,-0.173433,0.168439,2.345173,-0.933704,1.126187
13.523557,0.358346,-0.173342,0.168448,2.346071,-0.932742,1.125974
13.526748,0.358299,-0.172961,0.168462,2.353973,-0.938776,1.120641
13.530299,0.358259,-0.172600,0.168492,2.361223,-0.944614,1.113610
13.533591,0.358427,-0.172449,0.168865,2.359821,-0.936769,1.114605
13.537177,0.358617,-0.172168,0.169282,2.364386,-0.940482,1.114602
13.540327,0.358804,-0.171892,0.169696,2.369016,-0.943321,1.113092
13.543340,0.358976,-0.171902,0.170098,2.360730,-0.929684,1.119086
13.546679,0.359140,-0.171819,0.170500,2.359152,-0.934782,1.126704
13.549919,0.359135,-0.171555,0.170561,2.366431,-0.953010,1.127500
13.552786,0.359040,-0.171538,0.170483,2.360594,-0.949578,1.133316
13.557342,0.358870,-0.171516,0.170296,2.363283,-0.955828,1.132164
13.560517,0.358714,-0.171501,0.170119,2.371036,-0.961224,1.124679
13.563599,0.358564,-0.171591,0.169938,2.367725,-0.936429,1.117122
13.566552,0.358349,-0.171659,0.169731,2.369370,-0.923476,1.107869
13.570227,0.358204,-0.171637,0.169591,2.378011,-0.921460,1.095268
13.573704,0.358144,-0.171565,0.169647,2.376229,-0.912537,1.096230
13.576823,0.358102,-0.171480,0.169732,2.377826,-0.913147,1.094645
13.580479,0.358059,-0.171406,0.169811,2.384964,-0.926218,1.091938
13.583745,0.358149,-0.171478,0.170225,2.375866,-0.916800,1.100478
13.586894,0.358254,-0.171412,0.170709,2.374756,-0.919140,1.105666
13.589510,0.358353,-0.171401,0.171108,2.376002,-0.920114,1.104305
13.593509,0.358488,-0.171418,0.171515,2.365853,-0.906846,1.112828
13.596695,0.358632,-0.171432,0.171973,2.364078,-0.903598,1.118339
13.599859,0.358691,-0.171316,0.172119,2.371519,-0.912028,1.116892
13.603620,0.358708,-0.171405,0.172215,2.363728,-0.896617,1.118817
13.606751,0.358674,-0.171480,0.172296,2.362779,-0.890084,1.118351
13.610326,0.358586,-0.171539,0.172341,2.370436,-0.898141,1.115546
13.613142,0.358458,-0.171872,0.172394,2.360261,-0.886117,1.118947
13.617172,0.358348,-0.172209,0.172453,2.351747,-0.873350,1.120707
13.620305,0.358220,-0.172459,0.172480,2.357689,-0.882314,1.119779
13.623486,0.358142,-0.172706,0.172547,2.349260,-0.872216,1.123348
13.626818,0.358063,-0.172953,0.172615,2.340128,-0.862047,1.126682
13.630761,0.358024,-0.172868,0.172652,2.340852,-0.863111,1.126538
13.633970,0.357988,-0.172762,0.172697,2.340740,-0.864166,1.127071
13.637238,0.357996,-0.172657,0.172763,2.333159,-0.856198,1.130046
13.640615,0.357977,-0.172566,0.172817,2.332771,-0.856274,1.130665
13.643823,0.357950,-0.172478,0.172893,2.333884,-0.856007,1.128692
13.646848,0.357863,-0.172288,0.172983,2.335237,-0.862709,1.130713
13.649488,0.357785,-0.172065,0.173066,2.337043,-0.862396,1.127638
13.653413,0.357598,-0.171830,0.173105,2.342160,-0.868666,1.126268
13.664690,0.357394,-0.171542,0.173025,2.341273,-0.862617,1.126274
13.685324,0.357021,-0.171251,0.172971,2.341516,-0.855400,1.123479
13.700310,0.356681,-0.171120,0.172939,2.338014,-0.841453,1.118556
13.703382,0.356394,-0.171018,0.172971,2.335293,-0.833256,1.119467
13.713870,0.356923,-0.171545,0.174189,2.312404,-0.829392,1.139453
13.715919,0.357515,-0.172016,0.175567,2.297745,-0.848257,1.161296
13.725102,0.357632,-0.171647,0.175882,2.298689,-0.861749,1.167959
13.747954,0.357755,-0.171227,0.176078,2.306587,-0.862428,1.167585
13.759804,0.357681,-0.170577,0.175969,2.307863,-0.869920,1.170410
13.761796,0.356845,-0.169410,0.174873,2.332116,-0.860058,1.147893
13.765274,0.356022,-0.168200,0.173540,2.353009,-0.850526,1.125487
13.775151,0.355809,-0.167864,0.173448,2.362910,-0.844992,1.119279
13.785181,0.355615,-0.167540,0.173428,2.361998,-0.855925,1.122177
13.795827,0.355552,-0.167471,0.173648,2.366454,-0.861456,1.122050
13.798818,0.355390,-0.167034,0.173633,2.370196,-0.870923,1.123559
13.802058,0.355193,-0.166628,0.173696,2.374444,-0.867274,1.117765
13.809571,0.354954,-0.166277,0.173584,2.376331,-0.876178,1.118528
13.813444,0.354747,-0.165967,0.173469,2.380394,-0.872998,1.117035
13.817029,0.354702,-0.165880,0.173611,2.378943,-0.875098,1.121524
13.820059,0.354795,-0.166099,0.173848,2.374290,-0.873778,1.125163
13.823138,0.354830,-0.166461,0.174157,2.368847,-0.877862,1.132836
13.829603,0.355023,-0.166945,0.174636,2.359674,-0.872425,1.137505
13.833063,0.354934,-0.166911,0.174630,2.354897,-0.874092,1.140509
13.839343,0.354652,-0.166265,0.174330,2.370036,-0.868443,1.129919
13.843045,0.354504,-0.165661,0.174058,2.376079,-0.866976,1.125962
13.846429,0.354353,-0.165104,0.173794,2.383193,-0.865664,1.122881
13.849573,0.354233,-0.164702,0.173588,2.389767,-0.864084,1.119710
13.853091,0.354084,-0.164066,0.173251,2.400962,-0.861357,1.114480
