t_sec,x_m,y_m,z_m,rx_rad,ry_rad,rz_rad
0.003083,0.347076,-0.009258,0.387067,2.219330,0.802675,0.572066
0.006898,0.347223,-0.009296,0.386897,2.224350,0.804531,0.574408
0.010129,0.347362,-0.009344,0.386813,2.224805,0.807525,0.572839
0.013428,0.347741,-0.009442,0.386634,2.223085,0.822970,0.568171
0.016729,0.348028,-0.009697,0.386605,2.229669,0.819370,0.577532
0.019893,0.348187,-0.009970,0.386647,2.237505,0.810477,0.586698
0.023094,0.348320,-0.010276,0.386736,2.240022,0.808286,0.588908
0.026797,0.348452,-0.010772,0.386760,2.244263,0.803507,0.593382
0.029623,0.348514,-0.011204,0.386698,2.248607,0.797275,0.594608
0.033098,0.348536,-0.011643,0.386725,2.245855,0.800293,0.590371
0.036555,0.348548,-0.012236,0.386866,2.245129,0.799366,0.587575
0.039892,0.348558,-0.012843,0.387028,2.243346,0.797756,0.585671
0.042923,0.348518,-0.013333,0.387229,2.242198,0.796171,0.583997
0.046829,0.348441,-0.013899,0.387462,2.240439,0.795556,0.583439
0.049467,0.348404,-0.014360,0.387648,2.242463,0.789716,0.582208
0.052999,0.348427,-0.014727,0.387787,2.244002,0.788738,0.581794
0.056748,0.348443,-0.015313,0.388019,2.243113,0.788434,0.579896
0.060159,0.348522,-0.015886,0.388286,2.241346,0.789887,0.579175
0.063444,0.348651,-0.016421,0.388511,2.240212,0.791066,0.577849
0.066505,0.348816,-0.016940,0.388682,2.239310,0.793013,0.578270
0.069719,0.348950,-0.017439,0.388775,2.236918,0.794711,0.576520
0.073183,0.349050,-0.017841,0.388860,2.235460,0.796586,0.575855
0.076368,0.349080,-0.018178,0.388921,2.236139,0.797551,0.573534
0.080414,0.349068,-0.018500,0.388973,2.237286,0.798014,0.571720
0.083271,0.349086,-0.018931,0.389095,2.235383,0.799237,0.569244
0.086884,0.349064,-0.019390,0.389240,2.234463,0.798645,0.565909
0.089904,0.349097,-0.019693,0.389297,2.235626,0.798192,0.563631
0.093291,0.349132,-0.020076,0.389333,2.234571,0.797383,0.561430
0.096890,0.349157,-0.020526,0.389344,2.233233,0.795998,0.557029
0.099925,0.349055,-0.020906,0.389445,2.236030,0.791002,0.553222
0.103388,0.348964,-0.021245,0.389523,2.237686,0.787100,0.551048
0.106778,0.348895,-0.021765,0.389672,2.237400,0.786179,0.545238
0.110091,0.348833,-0.022189,0.389840,2.239428,0.780722,0.542087
0.112809,0.348928,-0.022571,0.390080,2.240947,0.776078,0.542328
0.116440,0.349046,-0.023132,0.390368,2.237586,0.780997,0.542943
0.123120,0.349513,-0.023961,0.390694,2.235717,0.783188,0.544993
0.138369,0.350112,-0.024588,0.390948,2.236126,0.782871,0.554101
0.152755,0.350771,-0.025229,0.391219,2.236424,0.785655,0.562440
0.155542,0.351321,-0.025919,0.391503,2.235845,0.788811,0.569734
0.162892,0.351777,-0.026613,0.391837,2.237897,0.785433,0.573560
0.164807,0.351898,-0.027154,0.392206,2.238013,0.785169,0.575234
0.174715,0.351964,-0.027789,0.392511,2.238980,0.778927,0.574795
0.176881,0.351997,-0.028591,0.392853,2.237750,0.775865,0.573541
0.195072,0.352091,-0.029533,0.393254,2.236232,0.772431,0.571753
0.198286,0.352287,-0.030275,0.393491,2.236193,0.767652,0.572164
0.206280,0.352478,-0.030959,0.393711,2.236697,0.762040,0.572100
0.209979,0.352670,-0.031693,0.394026,2.232700,0.767486,0.569086
0.214332,0.352762,-0.032393,0.394385,2.229955,0.770642,0.563162
0.217039,0.352743,-0.032887,0.394661,2.229658,0.769658,0.559587
0.219893,0.352992,-0.033780,0.395041,2.225127,0.774615,0.554083
0.228782,0.353288,-0.034653,0.395371,2.224550,0.777839,0.550648
0.238164,0.353332,-0.035582,0.395979,2.224815,0.767141,0.554270
0.248618,0.353486,-0.036445,0.396469,2.225649,0.750783,0.561680
0.257143,0.353787,-0.037254,0.396860,2.224676,0.754706,0.559675
0.261072,0.353860,-0.037625,0.397094,2.229009,0.747231,0.563179
0.264096,0.353890,-0.037919,0.397336,2.228695,0.744482,0.563780
0.266614,0.354136,-0.037918,0.397166,2.228681,0.750157,0.560912
0.270591,0.354352,-0.037884,0.397121,2.227538,0.765203,0.557642
0.273344,0.354533,-0.037854,0.397042,2.229024,0.760647,0.560787
0.277049,0.354696,-0.037897,0.397111,2.227468,0.764161,0.561751
0.280669,0.354834,-0.038036,0.397175,2.226132,0.763856,0.564733
0.283809,0.354927,-0.038352,0.397252,2.228489,0.762817,0.562647
0.287536,0.354992,-0.038661,0.397237,2.232093,0.757065,0.560734
0.290607,0.354953,-0.039047,0.397385,2.233215,0.755191,0.558884
0.293684,0.354943,-0.039374,0.397417,2.232597,0.752667,0.557747
0.297384,0.354980,-0.039648,0.397509,2.233226,0.752979,0.556545
0.300631,0.355006,-0.039852,0.397643,2.228467,0.755854,0.556414
0.304223,0.355039,-0.040076,0.397779,2.225346,0.759076,0.556302
0.307275,0.355109,-0.040277,0.397855,2.221392,0.763853,0.555910
0.310497,0.355112,-0.040574,0.397937,2.219774,0.766297,0.554063
0.314254,0.355121,-0.040864,0.397971,2.217423,0.767543,0.552273
0.317071,0.355134,-0.041152,0.397989,2.219600,0.766037,0.551982
0.320784,0.355107,-0.041503,0.398016,2.218477,0.766486,0.549462
0.323869,0.355026,-0.041826,0.398045,2.220328,0.763135,0.548073
0.326958,0.354906,-0.042181,0.398161,2.220152,0.762864,0.543731
0.330792,0.354746,-0.042539,0.398318,2.222017,0.760225,0.540892
0.333409,0.354620,-0.042823,0.398449,2.223538,0.756847,0.539488
0.336839,0.354539,-0.043012,0.398599,2.226939,0.753899,0.538769
0.340899,0.354574,-0.043251,0.398716,2.229095,0.752864,0.538618
0.344043,0.354659,-0.043445,0.398729,2.229263,0.752499,0.540087
0.347408,0.354708,-0.043748,0.398796,2.228692,0.753302,0.539487
0.350987,0.354716,-0.044139,0.398899,2.227313,0.755968,0.536748
0.353844,0.354713,-0.044531,0.398978,2.225454,0.755336,0.536375
0.356887,0.354695,-0.044885,0.399114,2.222402,0.755090,0.536778
0.361021,0.354674,-0.045235,0.399287,2.223913,0.751355,0.537672
0.364081,0.354649,-0.045524,0.399451,2.223862,0.748426,0.538679
0.367213,0.354528,-0.045832,0.399619,2.223457,0.748409,0.537713
0.370892,0.354403,-0.046170,0.399777,2.222311,0.749178,0.535888
0.373843,0.354393,-0.046486,0.399947,2.222983,0.748004,0.535002
0.377091,0.354384,-0.046775,0.400089,2.223510,0.749794,0.534895
0.380935,0.354439,-0.047081,0.400063,2.224694,0.749192,0.531810
0.384162,0.354584,-0.047360,0.400062,2.226845,0.745720,0.534284
0.387298,0.354723,-0.047625,0.400092,2.226696,0.746679,0.534750
0.390477,0.354666,-0.047953,0.400061,2.224728,0.739328,0.534326
0.393367,0.354600,-0.048251,0.400087,2.224007,0.736611,0.531800
0.397595,0.354612,-0.048513,0.400174,2.223953,0.736058,0.533516
0.400867,0.354642,-0.048736,0.400237,2.222374,0.735816,0.533871
0.403530,0.354701,-0.048923,0.400233,2.222607,0.732613,0.535535
0.413814,0.354974,-0.049498,0.400332,2.223968,0.739709,0.535910
0.417559,0.355041,-0.049787,0.400507,2.223271,0.740976,0.537681
0.420712,0.355084,-0.050099,0.400743,2.222857,0.740740,0.538028
0.424178,0.355119,-0.050524,0.401026,2.221780,0.739720,0.537075
0.426680,0.355132,-0.050907,0.401309,2.222088,0.736974,0.536239
0.430676,0.355222,-0.051110,0.401380,2.222498,0.735519,0.538176
0.434013,0.355335,-0.051265,0.401423,2.222811,0.734302,0.540148
0.437305,0.355520,-0.051464,0.401463,2.220988,0.734737,0.542893
0.440760,0.355712,-0.051533,0.401479,2.220673,0.735645,0.546225
0.443089,0.355746,-0.051618,0.401592,2.221904,0.736530,0.549145
0.447215,0.355605,-0.051718,0.401741,2.223801,0.734926,0.547764
0.450426,0.355459,-0.051820,0.401887,2.225870,0.732518,0.546986
0.454070,0.355377,-0.051863,0.402002,2.226543,0.731868,0.547668
0.457209,0.355225,-0.051884,0.402106,2.228979,0.729835,0.547172
0.474992,0.355212,-0.051885,0.402108,2.229120,0.729342,0.546610
0.582556,0.356103,-0.055383,0.403959,2.224226,0.713880,0.552077
0.601591,0.356059,-0.056082,0.403537,2.248019,0.688862,0.534678
0.621725,0.356086,-0.056206,0.403616,2.251121,0.685787,0.540325
0.640907,0.356642,-0.056241,0.403567,2.252390,0.687468,0.552077
0.647968,0.356634,-0.056202,0.403559,2.252390,0.687468,0.552077
0.651484,0.356664,-0.056199,0.403549,2.252390,0.687468,0.552077
0.672675,0.356489,-0.055874,0.403788,2.255837,0.692009,0.555132
0.677695,0.356643,-0.055857,0.403794,2.256365,0.690731,0.559131
0.681241,0.356751,-0.055786,0.403803,2.256520,0.689389,0.560764
0.684687,0.356859,-0.055556,0.403833,2.254263,0.692711,0.567317
0.688100,0.356946,-0.055315,0.403834,2.256495,0.691923,0.571349
0.691265,0.356988,-0.055111,0.403872,2.254807,0.694315,0.577364
0.694517,0.356948,-0.054865,0.403893,2.253889,0.696772,0.581029
0.698008,0.356881,-0.054647,0.403901,2.253218,0.699123,0.586919
0.701204,0.356844,-0.054480,0.403841,2.258186,0.693813,0.589222
0.704920,0.356826,-0.054334,0.403818,2.259585,0.692073,0.594651
0.707569,0.356860,-0.054245,0.403825,2.262635,0.687969,0.597340
0.711474,0.356872,-0.054170,0.403816,2.263963,0.685617,0.600212
0.715195,0.356881,-0.054069,0.403800,2.268520,0.681684,0.602991
0.717966,0.356893,-0.054042,0.403807,2.268893,0.682484,0.605012
0.721568,0.356906,-0.054016,0.403815,2.269181,0.682733,0.606759
0.725221,0.356851,-0.053759,0.403623,2.272330,0.679378,0.610751
0.727719,0.356807,-0.053457,0.403435,2.277428,0.673998,0.614906
0.731716,0.356796,-0.053208,0.403243,2.279042,0.671318,0.618038
0.735171,0.356792,-0.052962,0.403058,2.272410,0.674269,0.627415
0.738227,0.356864,-0.052823,0.402883,2.276659,0.666590,0.632282
0.741603,0.356915,-0.052932,0.403011,2.276433,0.667534,0.633414
0.745174,0.356955,-0.053087,0.403135,2.265807,0.677633,0.638693
0.748443,0.357264,-0.053271,0.403219,2.268997,0.670838,0.641883
0.751548,0.357432,-0.053282,0.403164,2.271771,0.666614,0.645702
0.755140,0.357615,-0.053164,0.403031,2.271145,0.668121,0.650289
0.758385,0.357860,-0.052958,0.402773,2.276038,0.662191,0.658840
0.761720,0.358167,-0.052735,0.402541,2.293723,0.641891,0.665635
0.771489,0.358449,-0.052308,0.402450,2.294855,0.644075,0.671059
0.774887,0.358529,-0.052251,0.402521,2.306436,0.636423,0.670655
0.778668,0.358431,-0.052300,0.402465,2.312875,0.628285,0.676458
0.782017,0.358317,-0.052345,0.402405,2.317957,0.619551,0.681343
0.784836,0.358277,-0.052207,0.402197,2.317949,0.620456,0.681542
0.787767,0.358279,-0.052051,0.401933,2.320858,0.616031,0.685818
0.791632,0.358354,-0.051820,0.401493,2.325270,0.607798,0.691750
0.808746,0.358548,-0.051430,0.401002,2.332565,0.596842,0.700849
0.823743,0.358764,-0.051043,0.400422,2.335059,0.594018,0.703240
0.831516,0.358875,-0.050845,0.399931,2.340187,0.588173,0.707713
0.842920,0.358957,-0.050667,0.399443,2.342986,0.587533,0.709782
0.845321,0.358944,-0.050223,0.398669,2.348659,0.588532,0.712226
0.863800,0.358930,-0.049822,0.397986,2.348848,0.598192,0.709738
0.877064,0.358920,-0.049423,0.397362,2.353394,0.601430,0.712121
0.880008,0.358949,-0.049025,0.396701,2.357838,0.603208,0.714413
0.886366,0.358962,-0.048579,0.395939,2.366268,0.598486,0.717934
0.895111,0.359037,-0.048446,0.395539,2.372141,0.598249,0.719737
0.907352,0.359167,-0.048190,0.395177,2.375741,0.596781,0.720652
0.909141,0.359415,-0.047897,0.394740,2.381091,0.593420,0.725141
0.921722,0.359710,-0.047448,0.394345,2.393665,0.581015,0.733830
0.931961,0.360037,-0.047031,0.394009,2.410595,0.559198,0.748873
0.939063,0.360423,-0.046141,0.393363,2.425729,0.536003,0.764252
0.942536,0.360531,-0.045681,0.393049,2.442522,0.515715,0.779600
0.949255,0.360658,-0.044906,0.392477,2.459376,0.495046,0.793217
0.953059,0.360811,-0.044560,0.392221,2.466373,0.485923,0.800735
0.963249,0.361014,-0.043933,0.391880,2.468403,0.487827,0.803084
0.988843,0.363944,-0.041634,0.390475,2.451310,0.522244,0.808622
0.992222,0.363968,-0.041626,0.390435,2.449507,0.529327,0.803860
0.998496,0.364186,-0.041157,0.390112,2.454442,0.522928,0.807272
1.002251,0.364274,-0.040892,0.389862,2.455489,0.519582,0.807577
1.009441,0.364455,-0.040378,0.389337,2.462861,0.505388,0.813787
1.012722,0.364503,-0.040287,0.389128,2.468732,0.502334,0.817354
1.019127,0.364678,-0.039476,0.388649,2.477309,0.485681,0.827203
1.022846,0.365042,-0.038593,0.388405,2.475899,0.496036,0.825176
1.026077,0.365389,-0.037728,0.388204,2.475029,0.506970,0.824179
1.029272,0.365767,-0.036869,0.388035,2.477971,0.507011,0.827847
1.032784,0.366045,-0.036368,0.387819,2.472267,0.520944,0.824490
1.036183,0.366299,-0.035785,0.387622,2.470712,0.526354,0.824446
1.039530,0.366259,-0.035596,0.387340,2.474945,0.515309,0.829389
1.043158,0.366310,-0.035173,0.386962,2.481735,0.505933,0.834492
1.046243,0.366357,-0.034785,0.386603,2.466051,0.538466,0.824079
1.048901,0.366561,-0.034374,0.386442,2.464875,0.542662,0.823905
1.059315,0.367687,-0.033189,0.386360,2.448949,0.574574,0.812899
1.062848,0.368008,-0.032848,0.386365,2.431637,0.607320,0.803134
1.069389,0.368386,-0.031931,0.386032,2.412212,0.639019,0.792436
1.073004,0.368438,-0.031636,0.385857,2.421568,0.627069,0.796466
1.079224,0.368687,-0.029993,0.385416,2.426111,0.620392,0.794809
1.083069,0.368680,-0.028968,0.385099,2.438228,0.612225,0.793853
1.093114,0.368207,-0.025983,0.383865,2.446180,0.608801,0.790816
1.099578,0.368053,-0.024916,0.383345,2.457738,0.594700,0.792163
1.102760,0.368101,-0.024534,0.383217,2.459886,0.598462,0.786103
1.119126,0.369268,-0.020826,0.382296,2.444669,0.646048,0.774459
1.123198,0.369390,-0.020664,0.382258,2.444669,0.646048,0.774459
1.129537,0.369500,-0.020486,0.382223,2.444669,0.646048,0.774459
1.231744,0.372073,0.005955,0.372033,2.453229,0.648484,0.790289
1.282446,0.369069,0.020326,0.362935,2.477491,0.731177,0.735611
1.289360,0.368854,0.020490,0.362779,2.479918,0.728405,0.734333
1.292568,0.368720,0.020830,0.362539,2.484395,0.726048,0.735788
1.299247,0.368741,0.022741,0.361318,2.497364,0.702856,0.741590
1.302451,0.368824,0.023695,0.360683,2.505736,0.687825,0.744646
1.305800,0.368874,0.024579,0.360184,2.506401,0.690552,0.744745
1.308911,0.368868,0.025341,0.359648,2.509369,0.689541,0.742209
1.312754,0.368838,0.025593,0.359293,2.508515,0.690184,0.737092
1.316315,0.368894,0.026051,0.358833,2.499636,0.712996,0.727327
1.318973,0.369170,0.026835,0.358200,2.500625,0.708713,0.730130
1.322665,0.369501,0.027658,0.357535,2.505414,0.697594,0.735016
1.326544,0.369730,0.028779,0.356917,2.513585,0.687943,0.739676
1.328704,0.369929,0.029887,0.356293,2.522913,0.677735,0.744729
1.332596,0.369972,0.030646,0.355751,2.522394,0.681431,0.745606
1.335622,0.369828,0.031166,0.355195,2.517385,0.700805,0.735969
1.339220,0.369639,0.031596,0.354658,2.512592,0.714597,0.730315
1.342098,0.369745,0.031984,0.353958,2.501151,0.732576,0.727870
1.344944,0.369916,0.032726,0.353324,2.499953,0.733653,0.727657
1.349444,0.370106,0.033804,0.352436,2.500752,0.738381,0.725613
1.352492,0.370267,0.035022,0.351416,2.503173,0.740552,0.725555
1.358947,0.370523,0.037353,0.349382,2.509529,0.740374,0.724874
1.362628,0.370506,0.038139,0.348474,2.512241,0.741501,0.720961
1.365700,0.370495,0.038748,0.347787,2.507578,0.760914,0.714717
1.369399,0.370532,0.039287,0.347331,2.510559,0.757867,0.712943
1.372590,0.370703,0.040057,0.346913,2.521901,0.744474,0.713432
1.375321,0.370938,0.040912,0.346371,2.528935,0.733947,0.713241
1.379264,0.371273,0.041741,0.345791,2.540260,0.721914,0.716849
1.382076,0.371704,0.042736,0.345186,2.548485,0.710200,0.722295
1.388240,0.371937,0.044636,0.343902,2.555459,0.712728,0.720634
1.391875,0.371770,0.045506,0.343118,2.551727,0.730800,0.715284
1.395369,0.371568,0.046403,0.342309,2.551264,0.748496,0.710730
1.399002,0.371374,0.047209,0.341409,2.551065,0.762028,0.702059
1.402374,0.371271,0.047956,0.340364,2.550524,0.774048,0.691502
1.405736,0.371635,0.048722,0.339510,2.553200,0.776756,0.689680
1.408967,0.371908,0.049553,0.338541,2.562329,0.764562,0.691033
1.412375,0.372149,0.050374,0.337806,2.562325,0.764862,0.687289
1.415722,0.372546,0.051715,0.336779,2.571835,0.757357,0.690382
1.418526,0.372861,0.053040,0.335832,2.582361,0.747518,0.692256
1.421690,0.373193,0.054278,0.334749,2.587949,0.742882,0.714135
1.428420,0.374451,0.057363,0.333700,2.589626,0.759150,0.740098
1.438870,0.377231,0.062798,0.333861,2.599195,0.755637,0.764997
1.441761,0.377925,0.064366,0.333667,2.598227,0.767317,0.781529
1.452155,0.377949,0.066822,0.332147,2.595249,0.776673,0.802921
1.455648,0.377975,0.067923,0.331139,2.600759,0.787866,0.805934
1.458906,0.378087,0.069076,0.330177,2.603275,0.784155,0.797209
1.462043,0.378272,0.070210,0.329237,2.605244,0.791122,0.796521
1.469245,0.378894,0.072812,0.327296,2.605633,0.790372,0.803823
1.473531,0.378955,0.073527,0.326882,2.608434,0.794602,0.808348
1.489648,0.379146,0.074827,0.325697,2.611721,0.787224,0.808459
1.491167,0.379312,0.076503,0.324460,2.614874,0.790888,0.823382
1.504879,0.379660,0.078209,0.323138,2.619048,0.787523,0.829974
1.507605,0.380034,0.079830,0.321806,2.627392,0.787346,0.836132
1.510691,0.380317,0.081506,0.320566,2.632083,0.786491,0.847772
1.518672,0.380488,0.082787,0.319873,2.639004,0.784757,0.856856
1.520503,0.380604,0.083905,0.318983,2.647002,0.779107,0.854702
1.533828,0.381173,0.087745,0.315677,2.659633,0.776849,0.865393
1.552732,0.381549,0.090158,0.313515,2.663117,0.774884,0.871590
1.562355,0.381994,0.092444,0.311115,2.674037,0.772236,0.874686
1.567294,0.382569,0.094694,0.308873,2.675241,0.773599,0.879327
1.570651,0.383064,0.096738,0.306401,2.680766,0.774758,0.883460
1.579099,0.383183,0.097563,0.304691,2.681293,0.772863,0.880148
1.591460,0.383327,0.098253,0.302852,2.690046,0.766838,0.876604
1.592527,0.383500,0.099019,0.301148,2.694605,0.758577,0.867002
1.600931,0.383626,0.099847,0.299343,2.707918,0.750948,0.862434
1.603822,0.383755,0.100574,0.298301,2.713231,0.741784,0.859074
1.610542,0.383895,0.101274,0.297312,2.719245,0.734899,0.858750
1.614576,0.384095,0.102262,0.296595,2.724567,0.733426,0.863122
1.618179,0.384206,0.103223,0.295961,2.726936,0.735330,0.870660
1.620894,0.384363,0.104024,0.295295,2.726695,0.731536,0.875101
1.624845,0.384422,0.104597,0.294777,2.728592,0.732667,0.878099
1.627875,0.384523,0.105212,0.294159,2.725648,0.737204,0.879437
1.630643,0.384611,0.105736,0.293433,2.725735,0.741462,0.877792
1.634966,0.384611,0.106519,0.292825,2.734379,0.744456,0.874146
1.641439,0.384569,0.108866,0.291030,2.737717,0.752383,0.869779
1.644352,0.384490,0.110171,0.290111,2.745897,0.754564,0.870560
1.648358,0.384427,0.111231,0.289351,2.754837,0.755313,0.870363
1.651665,0.384344,0.111990,0.288713,2.761366,0.748377,0.869141
1.654963,0.384298,0.112531,0.288395,2.762077,0.743330,0.872525
1.658000,0.384248,0.113119,0.288132,2.763155,0.739127,0.880669
1.661305,0.384258,0.113755,0.287876,2.762664,0.738565,0.886450
1.664655,0.384303,0.114502,0.287480,2.766422,0.736504,0.891931
1.671279,0.384553,0.116295,0.286518,2.769115,0.738671,0.898953
1.674723,0.384641,0.117013,0.285945,2.770430,0.741115,0.901236
1.677748,0.384673,0.117430,0.285314,2.771590,0.739877,0.895530
1.681230,0.384739,0.117755,0.284633,2.770555,0.740196,0.890617
1.684420,0.384832,0.118048,0.284006,2.768474,0.741500,0.889744
1.687421,0.384848,0.118331,0.283539,2.766076,0.743157,0.883881
1.690792,0.384913,0.118722,0.283022,2.763305,0.744656,0.882241
1.694299,0.385052,0.119629,0.282475,2.760510,0.754950,0.883689
1.698093,0.385097,0.120629,0.281973,2.759794,0.761577,0.885261
1.700544,0.385146,0.121560,0.281202,2.761438,0.765788,0.880735
1.704704,0.385291,0.122555,0.280259,2.765465,0.768025,0.881148
1.708309,0.385387,0.123537,0.279366,2.768738,0.771814,0.878585
1.711235,0.385430,0.124321,0.278716,2.771853,0.770990,0.881232
1.715062,0.385476,0.125021,0.278056,2.776346,0.768938,0.881390
1.718077,0.385557,0.126204,0.277385,2.783079,0.774216,0.884235
1.721428,0.385623,0.127242,0.276885,2.786610,0.785345,0.882922
1.724245,0.385796,0.128305,0.276101,2.782496,0.790125,0.881823
1.727608,0.385916,0.129308,0.275311,2.788281,0.795461,0.883655
1.731287,0.386003,0.130365,0.274581,2.792289,0.800633,0.879875
1.734069,0.386002,0.130780,0.274164,2.791306,0.794973,0.879578
1.737440,0.385993,0.131193,0.273773,2.788947,0.789568,0.885583
1.740431,0.385910,0.131689,0.273759,2.789646,0.787301,0.890417
1.744140,0.385987,0.132466,0.273458,2.789839,0.787114,0.890088
1.746979,0.386156,0.133287,0.273216,2.789710,0.788719,0.899293
1.750510,0.386265,0.134284,0.272928,2.797557,0.787147,0.903013
1.754857,0.386416,0.135356,0.272448,2.798254,0.793101,0.903974
1.758168,0.386547,0.136191,0.271945,2.805046,0.799084,0.906488
1.761533,0.386487,0.136355,0.271670,2.800859,0.795324,0.902014
1.764628,0.386375,0.136344,0.271401,2.793766,0.792094,0.895526
1.767813,0.386307,0.136221,0.271097,2.781176,0.795185,0.889898
1.771352,0.386228,0.136170,0.271013,2.775810,0.790358,0.887544
1.774336,0.386135,0.136173,0.270893,2.768870,0.785982,0.885391
1.777535,0.386094,0.136505,0.270814,2.769043,0.783592,0.886110
1.781389,0.386082,0.136973,0.270649,2.770905,0.783771,0.886807
1.784997,0.386101,0.137375,0.270567,2.771505,0.783931,0.886308
1.788105,0.386034,0.137657,0.270394,2.771417,0.782048,0.881370
1.791382,0.385900,0.137981,0.270093,2.773358,0.782358,0.875578
1.793870,0.385870,0.138482,0.269675,2.771698,0.783611,0.874142
1.798354,0.385983,0.140025,0.269187,2.774521,0.788644,0.881072
1.810882,0.385971,0.141613,0.268634,2.778076,0.792870,0.884371
1.817125,0.386033,0.142914,0.267860,2.781348,0.797277,0.883643
1.825456,0.386226,0.144204,0.267062,2.779684,0.798365,0.887754
1.829960,0.386438,0.145511,0.266287,2.779407,0.801508,0.891357
1.833144,0.386494,0.146028,0.265756,2.775172,0.802213,0.889141
1.842137,0.386523,0.146774,0.264795,2.771648,0.803246,0.885269
1.852294,0.386478,0.148267,0.263690,2.771211,0.803439,0.885113
1.873663,0.386371,0.149850,0.262636,2.771273,0.809380,0.880619
1.885452,0.386205,0.151298,0.261649,2.773182,0.812485,0.876834
1.887613,0.385983,0.152469,0.260446,2.775751,0.811655,0.868762
1.896590,0.385845,0.153746,0.259469,2.774442,0.820290,0.865465
1.907468,0.385857,0.154832,0.258843,2.776228,0.820347,0.864620
1.916769,0.385857,0.155906,0.258300,2.775466,0.831760,0.867063
1.920204,0.385910,0.157309,0.257671,2.771707,0.845902,0.867051
1.932578,0.386084,0.159496,0.256933,2.766897,0.858947,0.867332
1.935278,0.386009,0.160156,0.256614,2.766390,0.861955,0.870186
1.938929,0.385870,0.160645,0.256262,2.764642,0.867734,0.871223
1.942218,0.385638,0.160629,0.255982,2.767429,0.856793,0.878968
1.949287,0.385264,0.160532,0.255506,2.768715,0.852253,0.874292
1.955774,0.385193,0.160701,0.254975,2.768793,0.851772,0.872113
1.959132,0.385220,0.160916,0.254745,2.765230,0.855479,0.870897
1.962547,0.385191,0.161214,0.254470,2.760316,0.861650,0.868626
1.965904,0.385161,0.161517,0.254144,2.758590,0.867865,0.857551
1.969070,0.385153,0.161655,0.254096,2.757378,0.869565,0.859459
1.972505,0.385121,0.161717,0.254012,2.757372,0.869617,0.858970
2.008747,0.383681,0.163309,0.250369,2.777730,0.850730,0.854308
2.011569,0.383717,0.163458,0.250194,2.781484,0.849804,0.857308
2.014667,0.383576,0.163503,0.249971,2.785054,0.856448,0.860600
2.018348,0.383619,0.164052,0.249400,2.785837,0.856322,0.859630
2.021626,0.383506,0.164214,0.248805,2.791555,0.861104,0.863418
2.025730,0.383406,0.164483,0.248344,2.795303,0.857614,0.860583
2.028772,0.383225,0.164284,0.247782,2.791081,0.861532,0.860306
2.032081,0.383090,0.164178,0.247267,2.790054,0.851985,0.852566
2.035387,0.382760,0.163640,0.246979,2.792006,0.848811,0.849157
2.038453,0.382708,0.163931,0.246453,2.790120,0.851745,0.841834
2.041875,0.382628,0.164164,0.245819,2.791971,0.860110,0.841744
2.045101,0.382555,0.164792,0.245321,2.799774,0.863078,0.837035
2.048459,0.382628,0.165536,0.244936,2.802425,0.874808,0.840811
2.051743,0.382721,0.166286,0.244560,2.806604,0.887620,0.845244
2.055585,0.382772,0.166676,0.244566,2.808685,0.890484,0.851967
2.058391,0.382837,0.167013,0.244629,2.807287,0.893459,0.874568
2.061966,0.382836,0.167026,0.244231,2.806815,0.885185,0.869280
2.064961,0.382723,0.166788,0.243994,2.808942,0.883809,0.862147
2.069249,0.382671,0.166949,0.243824,2.808749,0.881283,0.865692
2.072547,0.382558,0.166987,0.243578,2.809214,0.881127,0.863920
2.075894,0.382443,0.167048,0.243274,2.813090,0.876908,0.836281
2.078885,0.382336,0.167095,0.243144,2.814134,0.887298,0.846670
2.082261,0.382274,0.167260,0.242810,2.813740,0.885598,0.849581
2.085386,0.382137,0.167009,0.242430,2.815178,0.884849,0.842478
2.088746,0.382080,0.166547,0.242572,2.808541,0.882177,0.840991
2.091581,0.382026,0.166063,0.242771,2.800727,0.882990,0.849539
2.094932,0.382039,0.165862,0.243231,2.796345,0.875226,0.846327
2.098884,0.382060,0.165600,0.243629,2.790653,0.870939,0.849620
2.111780,0.381650,0.165266,0.243084,2.792511,0.876347,0.852525
2.114729,0.381507,0.165403,0.242712,2.798028,0.865593,0.847298
2.119049,0.381384,0.165362,0.242363,2.803420,0.858399,0.846414
2.122698,0.381315,0.165430,0.242136,2.806490,0.859677,0.845266
2.125546,0.381199,0.165530,0.241785,2.812888,0.860512,0.843847
2.220999,0.379720,0.170513,0.233823,2.847486,0.920801,0.827934
2.242082,0.379409,0.170391,0.233220,2.846072,0.915714,0.832609
2.244960,0.379281,0.169853,0.233308,2.840685,0.901507,0.833947
2.254403,0.379580,0.169622,0.233946,2.845285,0.877734,0.807620
2.260547,0.379874,0.169352,0.234565,2.840032,0.876175,0.855400
2.267816,0.379660,0.168682,0.234559,2.836004,0.857484,0.836861
2.271293,0.379393,0.167955,0.234594,2.837211,0.840722,0.825814
2.274498,0.379381,0.167841,0.234610,2.836853,0.840448,0.826563
2.277890,0.379403,0.167718,0.234636,2.829478,0.848039,0.836801
2.281369,0.379365,0.167681,0.234567,2.829647,0.829792,0.821449
2.284141,0.378839,0.167266,0.234209,2.831326,0.827885,0.821498
2.287337,0.378241,0.167002,0.233637,2.832830,0.824463,0.821479
2.290623,0.377664,0.166763,0.233040,2.842189,0.812102,0.810909
2.294372,0.377088,0.166522,0.232379,2.851121,0.819685,0.801856
2.297802,0.376559,0.166278,0.231799,2.853927,0.815923,0.802229
2.300779,0.376476,0.166344,0.231592,2.860528,0.807455,0.791387
2.304112,0.376738,0.166273,0.231410,2.846322,0.820108,0.793849
2.307959,0.377156,0.166359,0.230856,2.838243,0.834990,0.805141
2.311202,0.377280,0.166650,0.230299,2.847875,0.811193,0.814095
2.314643,0.377418,0.166946,0.229826,2.854236,0.808654,0.824833
2.317374,0.377603,0.167476,0.229437,2.847563,0.817175,0.841736
2.321104,0.378141,0.168214,0.229136,2.863605,0.816907,0.848079
2.324664,0.378211,0.168861,0.229153,2.860710,0.823958,0.858606
2.328056,0.378485,0.168889,0.229168,2.847536,0.834829,0.855037
2.330720,0.378632,0.168900,0.229093,2.848678,0.834471,0.854932
2.334265,0.378832,0.168928,0.228711,2.846580,0.845865,0.849738
2.337693,0.378438,0.168839,0.228289,2.837528,0.850701,0.852869
2.340824,0.378134,0.168205,0.228288,2.844723,0.834760,0.838614
2.344685,0.377989,0.167757,0.228287,2.835247,0.840804,0.842339
2.348046,0.377972,0.167275,0.228324,2.815044,0.856925,0.842175
2.350984,0.377809,0.166593,0.228562,2.821188,0.841849,0.837201
2.354474,0.377582,0.165813,0.228812,2.816912,0.833987,0.834675
2.357470,0.377535,0.165466,0.228804,2.806442,0.838777,0.835501
2.360796,0.377411,0.165390,0.228943,2.813516,0.830462,0.831732
2.364602,0.377189,0.165340,0.229053,2.809469,0.828657,0.841415
2.368008,0.377118,0.165526,0.229093,2.799554,0.834587,0.844976
2.371289,0.377229,0.166043,0.228816,2.818255,0.820263,0.848016
2.374457,0.377116,0.166662,0.228382,2.822473,0.831871,0.863387
2.377599,0.377009,0.167200,0.227838,2.823414,0.834689,0.871781
2.381013,0.377000,0.167712,0.227324,2.847589,0.817850,0.864813
2.384290,0.377122,0.168318,0.227156,2.849676,0.828591,0.880351
2.388007,0.377106,0.168710,0.227260,2.846123,0.830785,0.892282
2.390694,0.377345,0.169032,0.227446,2.862578,0.804493,0.881996
2.394316,0.377596,0.169662,0.227511,2.857972,0.819279,0.892052
2.397971,0.377846,0.170291,0.227575,2.850534,0.837917,0.901951
2.401305,0.377552,0.170255,0.227139,2.869654,0.809896,0.890349
2.404612,0.377294,0.170255,0.226616,2.859853,0.830553,0.881097
2.407540,0.377096,0.170539,0.226140,2.854269,0.848516,0.892194
2.411370,0.377083,0.170618,0.225922,2.866625,0.840583,0.881794
2.414209,0.377081,0.170681,0.225702,2.858307,0.848582,0.883960
2.418143,0.377387,0.171051,0.225755,2.841000,0.875097,0.895078
2.421335,0.377578,0.171273,0.225848,2.852919,0.852813,0.903935
2.423945,0.377527,0.170990,0.225967,2.843572,0.858780,0.903340
2.427205,0.377029,0.170306,0.225687,2.837301,0.850651,0.904852
2.431110,0.376403,0.169669,0.225375,2.853299,0.823978,0.894204
2.434443,0.375875,0.169226,0.224907,2.855917,0.816856,0.883014
2.437156,0.375456,0.168949,0.224457,2.845078,0.837358,0.873551
2.440962,0.375228,0.168945,0.223959,2.847075,0.833367,0.864584
2.444676,0.375509,0.169442,0.223926,2.843400,0.843283,0.872536
2.447593,0.375935,0.169937,0.223858,2.830722,0.864541,0.883476
2.451193,0.376228,0.170128,0.223868,2.833198,0.867019,0.885409
2.454600,0.376122,0.170180,0.223921,2.832349,0.862168,0.893574
2.458082,0.375935,0.169728,0.223782,2.836139,0.850510,0.894341
2.460959,0.375483,0.169104,0.223494,2.841311,0.838707,0.885821
2.464502,0.375268,0.168325,0.223418,2.839971,0.830223,0.882858
2.469226,0.375108,0.167854,0.223529,2.832846,0.817034,0.888339
2.474807,0.375230,0.167451,0.223615,2.832794,0.807537,0.890375
2.487664,0.375178,0.167739,0.223441,2.831698,0.808006,0.894138
2.496679,0.375135,0.168037,0.223243,2.830545,0.808895,0.898407
2.500932,0.374995,0.168476,0.222973,2.829901,0.804668,0.901724
2.503358,0.374874,0.169040,0.222752,2.835745,0.808544,0.908235
2.507333,0.374795,0.169641,0.222508,2.844739,0.805099,0.911573
2.514195,0.374970,0.170195,0.222672,2.844353,0.806404,0.912755
2.516788,0.375123,0.170733,0.222786,2.848493,0.806182,0.921609
2.525972,0.375147,0.171296,0.222730,2.850183,0.813706,0.924890
2.528717,0.374766,0.171198,0.222114,2.850692,0.810197,0.919217
2.542014,0.374399,0.171050,0.221525,2.844845,0.812446,0.915926
2.562565,0.374024,0.170739,0.220967,2.844876,0.808332,0.919812
2.566048,0.373670,0.170417,0.220448,2.840613,0.806362,0.916273
2.569253,0.372993,0.169191,0.220151,2.834729,0.796323,0.906271
2.577593,0.372680,0.168310,0.220241,2.832460,0.784172,0.902638
2.588926,0.372382,0.167603,0.220317,2.831506,0.773159,0.898329
2.598304,0.372018,0.166943,0.220302,2.830652,0.763585,0.895575
2.601943,0.371663,0.166315,0.220284,2.829557,0.753097,0.893409
2.611440,0.371579,0.166561,0.220113,2.836444,0.742980,0.895382
2.614812,0.371442,0.166816,0.219924,2.839581,0.742605,0.897986
2.617959,0.371309,0.166937,0.219751,2.841448,0.740916,0.900600
2.621166,0.371246,0.167391,0.219498,2.848177,0.744820,0.906158
2.624036,0.371128,0.168003,0.219015,2.857296,0.741279,0.910786
2.631131,0.371284,0.169988,0.217990,2.864980,0.749076,0.918914
2.633741,0.371488,0.171083,0.217424,2.871290,0.757371,0.927598
2.637691,0.371682,0.171799,0.217028,2.877632,0.765426,0.935553
2.640855,0.371881,0.172342,0.216917,2.877845,0.767382,0.942073
2.644165,0.371992,0.172618,0.216768,2.876979,0.777734,0.945885
2.651140,0.371504,0.172679,0.216546,2.875690,0.781279,0.945272
2.654493,0.371157,0.172412,0.216378,2.874125,0.776049,0.946264
2.657755,0.370842,0.172138,0.216193,2.872756,0.770187,0.948348
2.660892,0.370550,0.171818,0.215985,2.863450,0.766256,0.940738
2.664582,0.370233,0.171520,0.215862,2.861175,0.761184,0.940549
2.667530,0.369881,0.171461,0.215797,2.865746,0.747526,0.943800
2.670769,0.369606,0.171667,0.215711,2.870964,0.742399,0.945366
2.673783,0.369303,0.171738,0.215506,2.870498,0.740304,0.952623
2.677479,0.369323,0.171753,0.215424,2.883718,0.734496,0.956649
2.680861,0.369277,0.171451,0.215291,2.874132,0.733396,0.952320
2.684384,0.369354,0.170945,0.215152,2.868863,0.730549,0.952949
2.688213,0.369248,0.170576,0.214954,2.866773,0.730738,0.952197
2.691482,0.369127,0.170401,0.214803,2.869931,0.725418,0.944819
2.694601,0.368686,0.170323,0.214560,2.866874,0.724923,0.947751
2.697924,0.368437,0.170531,0.214396,2.879913,0.718239,0.954575
2.701261,0.368184,0.170691,0.214201,2.882537,0.717454,0.956087
2.704397,0.368123,0.170508,0.213983,2.879973,0.715589,0.955533
2.707641,0.368137,0.170294,0.213779,2.877710,0.717455,0.956277
2.710572,0.368159,0.170085,0.213564,2.877937,0.718344,0.959595
2.714515,0.368341,0.169894,0.213420,2.875339,0.716964,0.963116
2.717943,0.368417,0.169699,0.213240,2.873688,0.714138,0.970559
2.721149,0.368508,0.169785,0.213132,2.876972,0.705561,0.978284
2.724682,0.368463,0.169808,0.212991,2.880159,0.703988,0.984298
2.727985,0.368368,0.169624,0.212823,2.883747,0.687717,0.986047
2.731112,0.368195,0.169395,0.212618,2.886781,0.677367,0.992071
2.734644,0.368134,0.169207,0.212506,2.889408,0.680624,0.996074
2.738070,0.368048,0.168922,0.212392,2.885208,0.682261,1.000405
2.740697,0.367983,0.168714,0.212318,2.885326,0.669830,1.005438
2.744023,0.367996,0.168947,0.212150,2.883255,0.676162,1.011557
2.747887,0.367924,0.169224,0.211923,2.883987,0.680191,1.012844
2.750715,0.367844,0.169518,0.211663,2.883765,0.674919,1.010368
2.754445,0.367715,0.169767,0.211386,2.887070,0.674019,1.011043
2.757720,0.367688,0.169975,0.211093,2.885719,0.679921,1.011075
2.760782,0.367624,0.169937,0.210928,2.885114,0.679166,1.011490
2.764367,0.367464,0.169131,0.211019,2.875497,0.677328,1.007783
2.767978,0.367303,0.168274,0.211095,2.868452,0.672836,1.006189
2.770922,0.367017,0.167661,0.210988,2.861255,0.672276,1.002186
2.776651,0.366698,0.167444,0.210294,2.859020,0.672491,1.000377
2.793845,0.366089,0.167323,0.209521,2.855999,0.675813,0.995226
2.803065,0.365608,0.167960,0.208459,2.860937,0.681605,0.994356
2.806498,0.365126,0.168638,0.207390,2.863525,0.688413,0.992990
2.810587,0.364788,0.169138,0.206540,2.865866,0.693093,0.992558
2.818953,0.364470,0.169225,0.206306,2.865395,0.698175,0.991562
2.820296,0.364469,0.169241,0.206068,2.862829,0.695504,0.994363
2.830950,0.364522,0.169222,0.205924,2.860447,0.691462,0.997214
2.832636,0.364605,0.169395,0.205683,2.856193,0.689650,1.010396
2.853184,0.364674,0.169585,0.205411,2.853104,0.688996,1.020262
2.861986,0.364755,0.169865,0.205140,2.844282,0.690035,1.031636
2.867347,0.364630,0.170213,0.204899,2.844685,0.695407,1.040843
2.870319,0.364337,0.170625,0.204566,2.847898,0.700030,1.050524
2.878190,0.364019,0.170858,0.204279,2.853886,0.702432,1.050153
2.889233,0.363711,0.170909,0.203985,2.855445,0.696686,1.056381
2.891308,0.363377,0.170757,0.203635,2.861987,0.688776,1.055936
2.911968,0.363252,0.170338,0.202522,2.862400,0.682022,1.057672
2.915049,0.363243,0.170073,0.202119,2.860090,0.675403,1.063666
2.918336,0.363250,0.169637,0.201691,2.859335,0.665108,1.059601
2.921742,0.363267,0.169351,0.201331,2.860946,0.662118,1.053711
2.925365,0.363282,0.169110,0.201254,2.864055,0.652542,1.058599
2.928368,0.363369,0.169104,0.201067,2.864973,0.650259,1.061954
2.931985,0.363447,0.169129,0.200831,2.865247,0.646689,1.061605
2.935257,0.363498,0.169425,0.200662,2.863291,0.649200,1.069599
2.938479,0.363546,0.169708,0.200487,2.862102,0.650688,1.077102
2.941721,0.363467,0.169565,0.200357,2.860203,0.648541,1.078338
2.945023,0.363207,0.169212,0.200313,2.857639,0.640702,1.078177
2.948311,0.362969,0.168911,0.200311,2.858347,0.633454,1.078955
2.951565,0.362736,0.168674,0.200330,2.860451,0.625625,1.087806
2.955611,0.362589,0.168610,0.200414,2.860759,0.615335,1.092447
2.958302,0.362475,0.168722,0.200383,2.862003,0.618543,1.099370
2.962999,0.362422,0.168695,0.200306,2.862474,0.618036,1.100655
2.965352,0.362269,0.168503,0.200321,2.860751,0.619769,1.103290
2.968417,0.362081,0.168305,0.200337,2.860976,0.614100,1.098161
2.971898,0.361758,0.167908,0.200259,2.865653,0.606925,1.095777
2.978344,0.361133,0.167481,0.200261,2.867637,0.598442,1.091029
2.981640,0.360919,0.167358,0.200138,2.871061,0.596126,1.092162
2.985242,0.360710,0.167046,0.200021,2.869675,0.592133,1.087992
2.988928,0.360509,0.166590,0.199944,2.864059,0.593048,1.087967
3.001331,0.359985,0.164137,0.200064,2.862843,0.591609,1.091574
3.004568,0.360054,0.164112,0.200143,2.861861,0.585378,1.095879
3.011789,0.360377,0.164564,0.200274,2.862388,0.572704,1.100885
3.014815,0.360486,0.164797,0.200265,2.869304,0.557479,1.110071
3.022025,0.360639,0.164658,0.200188,2.873276,0.546923,1.114644
3.025119,0.360716,0.164456,0.200175,2.870473,0.542633,1.115504
3.028213,0.360766,0.164162,0.200062,2.869916,0.539278,1.115852
3.031541,0.360787,0.163959,0.199982,2.869312,0.538323,1.117634
3.034980,0.360808,0.163768,0.199907,2.863976,0.542366,1.115569
3.037919,0.360809,0.163606,0.199793,2.865548,0.540028,1.116106
3.041701,0.360817,0.163423,0.199670,2.868287,0.535951,1.117936
3.044354,0.360811,0.163342,0.199633,2.869447,0.532978,1.117990
3.047772,0.360817,0.163297,0.199601,2.868590,0.530216,1.117865
3.051564,0.360796,0.163278,0.199553,2.864879,0.534736,1.113862
3.058058,0.360573,0.162750,0.199207,2.856172,0.542441,1.111511
3.061896,0.360432,0.162514,0.199052,2.852961,0.546585,1.106073
3.064801,0.360201,0.162272,0.198848,2.846948,0.550760,1.101506
3.071798,0.359860,0.161886,0.198494,2.848772,0.546333,1.099060
3.078888,0.359876,0.161700,0.198378,2.855482,0.533149,1.105849
3.082155,0.359973,0.161475,0.198417,2.861031,0.523105,1.107264
3.085456,0.360028,0.161242,0.198468,2.865025,0.511341,1.113231
3.088782,0.360055,0.160927,0.198474,2.863571,0.510907,1.120721
3.092132,0.360012,0.160645,0.198428,2.860257,0.512164,1.123986
3.095019,0.359973,0.160279,0.198446,2.861376,0.507988,1.124328
3.098342,0.359930,0.159970,0.198395,2.861081,0.506117,1.127673
3.102138,0.359939,0.159734,0.198363,2.857999,0.509861,1.130391
3.105158,0.359948,0.159595,0.198372,2.865323,0.498596,1.129668
3.108852,0.359962,0.159431,0.198389,2.865068,0.498307,1.133835
3.112111,0.359966,0.159375,0.198346,2.861929,0.502708,1.135456
3.115549,0.359978,0.159338,0.198302,2.864887,0.499601,1.136874
3.165284,0.359035,0.155202,0.197730,2.847499,0.490477,1.165993
3.166967,0.358897,0.155009,0.197725,2.847643,0.486347,1.170420
3.178903,0.358834,0.154812,0.197768,2.851519,0.473855,1.174186
3.182201,0.358659,0.154477,0.197882,2.852874,0.466838,1.181068
3.191232,0.358400,0.153619,0.197848,2.853924,0.460778,1.189187
3.201373,0.358464,0.153150,0.197859,2.849620,0.457634,1.196393
3.203038,0.358471,0.152614,0.197820,2.845428,0.451163,1.203068
3.223112,0.358401,0.152017,0.197726,2.840903,0.451494,1.204891
3.239749,0.357518,0.150243,0.197574,2.840150,0.443729,1.208999
3.249043,0.357045,0.149834,0.197561,2.839101,0.435536,1.209901
3.260163,0.356625,0.149394,0.197599,2.840069,0.430128,1.207928
3.262316,0.356314,0.148911,0.197729,2.842248,0.423652,1.207651
3.270503,0.356107,0.148289,0.197857,2.839749,0.420372,1.209576
3.274167,0.356068,0.147693,0.197988,2.838008,0.412170,1.212590
3.280529,0.356067,0.147068,0.198220,2.840442,0.398155,1.216356
3.284562,0.356109,0.146591,0.198438,2.843357,0.385124,1.220541
3.287885,0.356074,0.146218,0.198556,2.842629,0.382094,1.223979
3.290647,0.356047,0.146020,0.198744,2.844554,0.375772,1.229365
3.293911,0.356035,0.145769,0.198909,2.849371,0.366789,1.233354
3.297971,0.356012,0.145544,0.198954,2.850789,0.361813,1.237568
3.301085,0.355981,0.145216,0.198873,2.846689,0.363733,1.241454
3.304282,0.355956,0.144945,0.198791,2.847559,0.360211,1.243875
3.307491,0.355946,0.144724,0.198700,2.845755,0.361510,1.246483
3.310673,0.355916,0.144552,0.198679,2.845450,0.358798,1.249001
3.313745,0.355876,0.144385,0.198698,2.844093,0.359204,1.250428
3.317801,0.355823,0.144297,0.198803,2.849051,0.347708,1.253581
3.321234,0.355826,0.144217,0.198934,2.848378,0.345023,1.255675
3.324643,0.355791,0.144097,0.199021,2.853796,0.332982,1.257670
3.328251,0.355696,0.144023,0.199006,2.854516,0.331239,1.257693
3.332070,0.355571,0.143967,0.198945,2.856176,0.325504,1.259516
3.334276,0.355478,0.143877,0.198806,2.850748,0.334582,1.258480
3.337404,0.355398,0.143790,0.198672,2.850978,0.332162,1.259792
3.340919,0.355347,0.143749,0.198616,2.846618,0.336782,1.262815
3.344140,0.355294,0.143689,0.198600,2.844585,0.337913,1.265104
3.348371,0.355283,0.143617,0.198595,2.841592,0.342609,1.265605
3.351047,0.355136,0.143588,0.198603,2.844738,0.336462,1.266720
3.354637,0.354989,0.143558,0.198611,2.845420,0.334797,1.267447
3.357604,0.354849,0.143493,0.198567,2.848440,0.328554,1.266746
3.360812,0.354682,0.143401,0.198441,2.845961,0.332196,1.266579
3.363902,0.354499,0.143237,0.198278,2.841692,0.339295,1.267203
3.367081,0.354435,0.143091,0.198237,2.839289,0.344687,1.268091
3.370559,0.354385,0.142943,0.198290,2.841578,0.338718,1.270750
3.375122,0.354427,0.142770,0.198376,2.839147,0.339925,1.278058
3.377512,0.354495,0.142598,0.198473,2.840272,0.334666,1.284630
3.380626,0.354514,0.142446,0.198562,2.844423,0.325649,1.285797
3.384614,0.354487,0.142302,0.198644,2.839849,0.327163,1.291720
3.387409,0.354432,0.142116,0.198685,2.838506,0.328721,1.296705
3.391315,0.354266,0.141951,0.198710,2.839883,0.325795,1.296701
3.394637,0.354035,0.141826,0.198724,2.840819,0.324336,1.297577
3.398007,0.353855,0.141694,0.198752,-2.840600,-0.322356,-1.301750
3.400871,0.353677,0.141427,0.198632,-2.840106,-0.320743,-1.300167
3.404780,0.353473,0.141218,0.198445,2.837755,0.328784,1.300315
3.407939,0.353273,0.140971,0.198222,2.839823,0.330560,1.299463
3.411472,0.353129,0.140662,0.198015,2.836420,0.334911,1.296964
3.414642,0.352986,0.140404,0.197882,2.828289,0.344282,1.298200
3.417995,0.352888,0.140299,0.197878,2.833944,0.334619,1.300596
3.420601,0.352801,0.140238,0.197932,2.834004,0.334223,1.301716
3.424307,0.352723,0.140236,0.197975,2.831323,0.332946,1.302698
3.427988,0.352659,0.140305,0.198034,2.834392,0.327608,1.305534
3.431339,0.352565,0.140359,0.198009,2.835350,0.328537,1.303469
3.434541,0.352477,0.140373,0.197968,2.833015,0.328204,1.304301
3.438004,0.352420,0.140330,0.197883,2.836356,0.318988,1.305494
3.441411,0.352361,0.140248,0.197757,2.833986,0.321259,1.305264
3.444684,0.352298,0.140154,0.197626,2.830546,0.323648,1.305900
3.448057,0.352280,0.140075,0.197531,2.833955,0.313747,1.309643
3.451112,0.352210,0.139984,0.197431,2.832308,0.315208,1.309332
3.454527,0.352127,0.139882,0.197301,2.831009,0.315864,1.309561
3.458311,0.352008,0.139725,0.197206,2.829459,0.315533,1.309438
3.461504,0.351889,0.139556,0.197078,2.826411,0.316533,1.305006
3.464809,0.351769,0.139412,0.196939,2.826172,0.317267,1.302671
3.467994,0.351708,0.139322,0.196812,2.825385,0.316003,1.304571
3.470810,0.351656,0.139239,0.196726,2.825901,0.312657,1.308003
3.474049,0.351631,0.139202,0.196635,2.826865,0.305967,1.313833
3.478093,0.351565,0.139145,0.196541,2.830505,0.297612,1.322915
3.481617,0.351432,0.139015,0.196396,2.825390,0.303138,1.327143
3.484711,0.351296,0.138833,0.196199,2.826982,0.297707,1.331099
3.487960,0.351111,0.138653,0.196011,2.827484,0.294094,1.333468
3.491662,0.350942,0.138444,0.195789,2.827117,0.293224,1.335628
3.496105,0.350547,0.138173,0.195378,2.825900,0.298427,1.335809
3.500536,0.349951,0.137864,0.194804,-2.826623,-0.292732,-1.337115
3.526110,0.348752,0.137180,0.193672,2.823325,0.300068,1.336269
3.529353,0.348153,0.136770,0.193094,2.825827,0.301005,1.337030
3.532759,0.347819,0.136424,0.192727,2.824253,0.304101,1.338606
3.536326,0.347748,0.136172,0.192608,2.821957,0.302016,1.344117
3.541908,0.347529,0.135690,0.192580,2.814471,0.298643,1.344463
3.546130,0.347151,0.135250,0.192505,2.813833,0.288468,1.350524
3.551293,0.346604,0.134997,0.192444,2.811039,0.280090,1.358076
3.559633,0.345742,0.134478,0.192301,2.806155,0.268159,1.365853
3.577209,0.344582,0.133955,0.192204,2.804059,0.252242,1.370929
3.590738,0.343273,0.133811,0.191968,-2.812280,-0.229752,-1.376849
3.599957,0.342141,0.133605,0.191817,-2.806042,-0.211523,-1.374608
3.606473,0.341162,0.133241,0.191743,-2.805471,-0.205491,-1.378253
3.609502,0.340497,0.133185,0.191767,-2.804753,-0.197451,-1.374638
3.613026,0.339895,0.133021,0.191644,-2.793244,-0.182906,-1.369221
3.620971,0.339545,0.132768,0.191648,-2.788765,-0.178957,-1.372599
3.631870,0.339046,0.132028,0.191700,-2.797846,-0.193875,-1.380213
3.634009,0.338559,0.131403,0.191726,-2.792229,-0.177618,-1.378332
3.642414,0.338095,0.130907,0.191815,-2.792589,-0.178169,-1.391141
3.652404,0.337610,0.129872,0.192285,2.801533,0.186943,1.408972
3.663122,0.337061,0.128516,0.193166,2.785235,0.190595,1.416006
3.670002,0.336637,0.127759,0.193547,2.786788,0.172700,1.431981
3.672686,0.336418,0.127713,0.193570,2.767341,0.183553,1.434463
3.676389,0.336201,0.127668,0.193591,2.767962,0.179222,1.436670
3.679335,0.335992,0.127619,0.193611,2.768339,0.178957,1.441333
3.683204,0.335742,0.127371,0.193307,2.757899,0.195247,1.439748
3.686026,0.335478,0.126914,0.192836,2.747779,0.213838,1.425541
3.689806,0.335290,0.126527,0.192332,2.747461,0.217173,1.424252
3.693188,0.335102,0.126240,0.191826,2.757247,0.195943,1.434836
3.706113,0.334550,0.126907,0.191459,2.760783,0.186974,1.435239
3.713151,0.333901,0.127226,0.191952,2.781254,0.158722,1.426482
3.716438,0.333598,0.127286,0.191837,-2.791862,-0.130100,-1.422730
3.719920,0.333371,0.127288,0.191604,-2.787813,-0.116626,-1.417007
3.723005,0.333379,0.127268,0.191388,-2.802140,-0.126856,-1.400556
3.726390,0.333258,0.127207,0.190944,-2.806802,-0.124424,-1.391868
3.730041,0.333396,0.127225,0.191049,-2.807872,-0.128809,-1.389442
3.732841,0.333409,0.127138,0.191409,-2.807453,-0.134590,-1.400049
3.736104,0.333441,0.127026,0.191818,-2.809062,-0.132463,-1.397927
3.740011,0.333235,0.126884,0.192100,2.802840,0.136978,1.407570
3.743183,0.333254,0.126795,0.192545,2.800282,0.139411,1.407006
3.746493,0.333212,0.126774,0.192588,2.796677,0.136600,1.414761
3.749942,0.333270,0.126773,0.192675,2.786083,0.146352,1.425977
3.753329,0.333335,0.126771,0.192766,2.773471,0.157555,1.438707
3.755911,0.333419,0.126765,0.192862,2.767502,0.157135,1.450429
3.759276,0.333465,0.126722,0.192898,2.754887,0.169699,1.461023
3.762612,0.333513,0.126681,0.192931,2.742017,0.182962,1.471841
3.765876,0.333464,0.126628,0.192900,2.747144,0.172059,1.472277
3.769447,0.333351,0.126542,0.192452,2.747487,0.176516,1.462634
3.772774,0.333237,0.126396,0.191946,2.752595,0.182314,1.446223
3.776141,0.333103,0.126201,0.191389,2.749555,0.192289,1.434472
3.779727,0.332975,0.125934,0.190985,2.751014,0.192476,1.425930
3.782809,0.332945,0.125756,0.190783,2.753621,0.191689,1.419553
3.785985,0.332953,0.125618,0.190987,2.760485,0.177066,1.422603
3.789232,0.332715,0.125391,0.190964,2.757518,0.179905,1.420922
3.792643,0.332544,0.125246,0.191027,2.769262,0.164198,1.418637
3.795826,0.332455,0.125011,0.190952,2.765646,0.166909,1.419964
3.799254,0.332278,0.124668,0.190715,2.753319,0.185932,1.416831
3.803249,0.331953,0.124398,0.190449,2.753874,0.192895,1.405748
3.806269,0.331933,0.124559,0.190501,2.758683,0.181478,1.410282
3.809517,0.331917,0.124753,0.190569,2.767300,0.166093,1.413190
3.813206,0.331890,0.125056,0.190761,2.775697,0.143742,1.423680
3.816824,0.331881,0.125286,0.191105,2.778315,0.131516,1.434757
3.822576,0.332084,0.125188,0.191787,2.769576,0.129089,1.453778
3.826210,0.332168,0.124973,0.192130,2.762625,0.124506,1.468217
3.828882,0.332179,0.124855,0.192356,2.743103,0.140205,1.480258
3.833176,0.332178,0.124817,0.192418,2.734283,0.153197,1.478858
3.836104,0.332154,0.125025,0.192695,2.739680,0.139909,1.481597
3.841840,0.332010,0.125331,0.193062,2.739125,0.139937,1.486021
3.849960,0.331725,0.125663,0.193397,2.738690,0.138144,1.493166
3.859691,0.331220,0.125998,0.193640,2.742643,0.134381,1.497404
3.871628,0.330715,0.126333,0.193883,2.746521,0.135106,1.497294
3.875123,0.330436,0.126448,0.194105,2.746208,0.135500,1.499752
3.878244,0.330278,0.126465,0.194237,2.749690,0.124024,1.501500
3.881519,0.330120,0.126465,0.194280,2.750976,0.116885,1.504425
3.886270,0.330143,0.126426,0.194382,-2.749928,-0.096512,-1.508252
3.891855,0.330158,0.126384,0.194507,-2.737842,-0.070248,-1.512373
3.894377,0.329973,0.126385,0.194474,-2.733020,-0.062086,-1.518513
3.906235,0.329529,0.126486,0.194579,-2.727868,-0.052273,-1.522768
3.940180,0.329142,0.126616,0.194897,-2.740094,-0.066251,-1.518589
3.943743,0.328900,0.126694,0.195003,-2.746061,-0.074586,-1.513897
3.953488,0.328126,0.127349,0.195038,2.755453,0.086145,1.506530
3.964183,0.327929,0.127505,0.195019,2.757518,0.093166,1.497562
3.974142,0.327669,0.127766,0.194967,2.761044,0.107019,1.480213
4.001581,0.325006,0.130151,0.192088,-2.777052,-0.103404,-1.436580
4.004808,0.324859,0.130132,0.191991,-2.782822,-0.111460,-1.437690
4.018653,0.323508,0.130184,0.191954,-2.785920,-0.116494,-1.439247
4.022010,0.323214,0.130252,0.192103,2.790864,0.122497,1.431054
4.025333,0.322976,0.129936,0.192138,2.782164,0.145368,1.414178
4.028515,0.323030,0.129479,0.192292,2.756514,0.174455,1.420470
4.031951,0.323177,0.129051,0.192173,2.734446,0.199578,1.422090
4.034902,0.323320,0.128628,0.192085,2.711825,0.224286,1.424089
4.038561,0.323427,0.128261,0.192078,2.687899,0.247672,1.430559
4.042090,0.323636,0.128713,0.192455,2.695042,0.215647,1.456781
4.045028,0.323722,0.129194,0.193154,2.701427,0.198650,1.468979
4.048175,0.323812,0.129715,0.193859,2.707174,0.180574,1.482199
4.051678,0.323890,0.130252,0.194440,2.715031,0.163809,1.492147
4.055242,0.323929,0.130762,0.194900,2.723057,0.150897,1.494913
4.061432,0.323702,0.131089,0.194137,2.710305,0.180468,1.484465
4.065055,0.323498,0.131265,0.193535,2.710821,0.181193,1.483656
4.067880,0.323282,0.131101,0.192880,2.707632,0.196940,1.471332
4.071505,0.323130,0.130882,0.192324,2.702363,0.212563,1.460451
4.074359,0.323046,0.130781,0.192343,2.693489,0.224906,1.462949
4.077725,0.322954,0.130867,0.192437,2.695708,0.216183,1.472283
4.081365,0.322851,0.131031,0.192538,2.701908,0.211544,1.467935
4.084790,0.322842,0.131486,0.192575,2.714529,0.199692,1.467866
4.087548,0.322781,0.131945,0.192785,2.720381,0.187135,1.474382
4.091297,0.322721,0.132259,0.192859,2.736135,0.172853,1.469452
4.094520,0.322587,0.132437,0.193039,2.738545,0.180645,1.459201
4.101229,0.322360,0.132583,0.193686,2.734204,0.193362,1.452385
4.111344,0.322248,0.132141,0.193642,2.722848,0.203042,1.455475
4.114959,0.322329,0.132183,0.193790,2.731064,0.193911,1.453566
4.118117,0.322412,0.132239,0.193901,2.726288,0.188987,1.461985
4.121354,0.322364,0.132233,0.193999,2.716416,0.200064,1.460421
4.124988,0.322270,0.132454,0.194406,2.714725,0.199292,1.468486
4.128103,0.322174,0.132697,0.194822,2.711553,0.199360,1.476638
4.131513,0.322078,0.132923,0.194830,2.712507,0.195332,1.488943
4.135169,0.321982,0.133492,0.194808,2.717293,0.191184,1.496066
4.141816,0.321990,0.134650,0.194465,2.726081,0.174390,1.506500
4.145020,0.321939,0.135141,0.194136,2.736186,0.156827,1.508408
4.148220,0.321822,0.135351,0.193778,2.753665,0.135576,1.505839
4.154950,0.321367,0.135117,0.193342,2.755750,0.137759,1.497519
4.157844,0.321123,0.135166,0.193396,2.758420,0.138805,1.487931
4.161263,0.320893,0.135114,0.193448,2.766621,0.132924,1.478630
4.164906,0.320775,0.134947,0.193411,2.763834,0.138763,1.467470
4.168146,0.320707,0.134775,0.193260,2.765227,0.136276,1.460842
4.170672,0.320770,0.134568,0.193147,2.769481,0.132155,1.453740
4.174502,0.320823,0.134329,0.193039,2.770013,0.126738,1.450122
4.178084,0.320893,0.134174,0.192960,2.767081,0.124737,1.452370
4.184666,0.320800,0.134014,0.193162,2.769881,0.113010,1.462406
4.188157,0.320701,0.133523,0.193316,2.765428,0.118622,1.458057
4.198213,0.320611,0.132979,0.193535,2.752567,0.125023,1.460732
4.208780,0.320531,0.132463,0.193746,2.742764,0.133283,1.461295
4.216241,0.320408,0.131950,0.193879,2.741747,0.117750,1.473557
4.219730,0.320320,0.131536,0.193765,2.746042,0.116318,1.471334
4.245521,0.319848,0.131130,0.192881,2.752589,0.105281,1.479045
4.281715,0.320194,0.130301,0.192476,2.756970,0.094664,1.488968
4.286655,0.320440,0.130086,0.192510,2.756174,0.083646,1.503387
4.297508,0.320739,0.129539,0.192854,2.755955,0.092359,1.498326
4.306892,0.320713,0.129133,0.193036,2.749728,0.087803,1.509867
4.315553,0.320605,0.128648,0.193143,2.743505,0.085012,1.511119
4.319508,0.320266,0.127985,0.193071,2.743966,0.094786,1.487926
4.331602,0.319393,0.125901,0.192498,2.738330,0.115816,1.464820
4.334629,0.319196,0.124965,0.192476,2.733533,0.121458,1.452821
4.338682,0.319068,0.124301,0.192598,2.733436,0.121749,1.448241
4.341838,0.319109,0.123995,0.192944,2.739117,0.118833,1.442680
4.351811,0.319461,0.124635,0.193168,2.747348,0.091966,1.462767
4.355253,0.319420,0.124674,0.192754,2.766072,0.053293,1.479884
4.361754,0.319277,0.124455,0.191751,-2.760652,-0.035958,-1.482834
4.365029,0.319372,0.124128,0.191808,-2.754224,-0.024599,-1.486135
4.368272,0.319517,0.123823,0.191931,-2.742407,-0.014374,-1.497531
4.372049,0.319681,0.123567,0.192107,-2.740453,-0.018776,-1.505477
4.375449,0.319821,0.123209,0.192556,-2.737842,-0.021963,-1.516231
4.378418,0.319925,0.122860,0.192994,-2.732736,-0.023476,-1.526466
4.382032,0.319966,0.122695,0.193270,-2.735108,-0.027818,-1.525848
4.385079,0.319994,0.122459,0.193574,-2.735484,-0.031750,-1.530869
4.388828,0.320046,0.122120,0.193916,-2.734316,-0.032485,-1.536648
4.392070,0.320131,0.121881,0.193998,-2.736026,-0.033574,-1.536341
4.395468,0.320268,0.121631,0.194038,-2.737100,-0.036574,-1.535261
4.398429,0.320407,0.121406,0.194090,-2.735536,-0.036939,-1.536176
4.402146,0.320524,0.121225,0.194112,-2.735113,-0.040040,-1.535897
4.405820,0.320590,0.121098,0.194101,-2.733675,-0.028654,-1.533469
4.412113,0.320019,0.120101,0.193894,-2.730935,-0.015231,-1.532486
4.415608,0.319675,0.119569,0.193844,-2.733887,-0.011607,-1.532296
4.421860,0.319146,0.118388,0.193836,-2.741477,-0.016588,-1.532161
4.425112,0.319214,0.118106,0.193947,2.744392,0.009428,1.526736
4.428202,0.319292,0.117815,0.194017,2.743491,0.017808,1.518591
4.432023,0.319367,0.117459,0.193672,2.742002,0.033785,1.505294
4.434835,0.319319,0.117179,0.193241,2.750407,0.032538,1.489705
4.438174,0.319173,0.116996,0.192750,2.760902,0.021475,1.477046
4.442002,0.318962,0.116756,0.192436,2.756468,0.038403,1.468841
4.445763,0.318887,0.116431,0.192381,2.755669,0.042679,1.469977
4.449151,0.318819,0.116186,0.192708,2.755298,0.039854,1.474906
4.452325,0.318825,0.115778,0.193036,2.744608,0.052461,1.478936
4.455220,0.318875,0.115387,0.193397,2.737227,0.056924,1.490791
4.459063,0.318981,0.115052,0.193622,2.740084,0.044644,1.500468
4.461869,0.319060,0.114857,0.193731,2.734994,0.057162,1.498666
4.465317,0.319195,0.114544,0.193866,2.733926,0.058311,1.506025
4.468882,0.319317,0.114378,0.194092,2.735406,0.048037,1.519162
4.472261,0.319379,0.114134,0.194260,2.735352,0.047033,1.520723
4.475494,0.319391,0.113931,0.194182,2.745197,0.044507,1.510030
4.478836,0.319297,0.113634,0.193860,2.759509,0.028874,1.499748
4.481901,0.319121,0.113434,0.193406,-2.772556,-0.023891,-1.473985
4.485075,0.318906,0.113055,0.192787,-2.782168,-0.018975,-1.451107
4.489096,0.318737,0.112546,0.192183,-2.793655,-0.017932,-1.432433
4.491661,0.318622,0.112001,0.191813,2.797115,0.018224,1.424352
4.494946,0.318781,0.111507,0.191843,2.791793,0.018033,1.434478
4.498862,0.318901,0.110967,0.192138,2.779217,0.018847,1.454869
4.501886,0.319114,0.110531,0.192539,2.763133,0.030978,1.468298
4.505047,0.319344,0.110260,0.193012,2.756025,0.028948,1.490617
4.509113,0.319582,0.109998,0.193466,2.746145,0.028139,1.514974
4.512501,0.319504,0.109451,0.193605,2.740294,0.031616,1.508721
4.515480,0.319408,0.108871,0.193773,2.733683,0.033552,1.508846
4.518478,0.319266,0.108373,0.193980,2.733537,0.023065,1.515725
4.522638,0.319109,0.107704,0.194145,2.728559,0.012862,1.519321
4.525774,0.318813,0.106965,0.194143,2.723884,0.010552,1.518219
4.529213,0.318553,0.106547,0.194197,2.728147,-0.014006,1.533466
4.532517,0.318375,0.106229,0.194065,2.726708,-0.004025,1.530812
4.535708,0.318553,0.105899,0.194056,2.728926,-0.005531,1.532953
4.538499,0.318750,0.105759,0.194109,2.731139,0.003762,1.531526
4.543294,0.318969,0.105320,0.194305,2.733180,0.001145,1.533783
4.544496,0.319204,0.104786,0.194541,2.729061,0.016861,1.530826
4.561917,0.319492,0.104528,0.194738,2.732738,0.003231,1.536583
4.564168,0.319404,0.104144,0.194799,2.732336,0.000538,1.536108
4.643514,0.318367,0.090551,0.195133,2.720721,-0.045058,1.512844
4.647085,0.318496,0.090031,0.195153,2.716116,-0.030703,1.514978
4.650357,0.318588,0.089682,0.195239,2.711201,-0.027488,1.518874
4.659474,0.318564,0.088878,0.195123,2.705198,-0.022548,1.512254
4.663194,0.318625,0.088156,0.195348,2.718511,-0.017568,1.499044
4.675863,0.318713,0.087193,0.195604,2.726299,-0.012476,1.492502
4.685735,0.318606,0.086510,0.195850,2.740020,-0.023622,1.478856
4.695567,0.318395,0.085612,0.195881,2.750661,-0.026445,1.455505
4.699600,0.318151,0.084635,0.195866,2.769070,-0.039849,1.446120
4.702661,0.317986,0.083754,0.195673,2.761922,-0.036595,1.442926
4.706319,0.317919,0.082968,0.195400,2.756474,-0.032872,1.441127
4.709378,0.317903,0.082156,0.195120,2.749935,-0.029479,1.439252
4.712526,0.317894,0.081386,0.195183,2.741014,-0.022974,1.450300
4.716283,0.317916,0.080855,0.195457,2.724329,-0.010470,1.455501
4.719630,0.317914,0.080095,0.195784,2.711762,-0.003601,1.464424
4.722680,0.317862,0.079418,0.196055,2.703675,-0.000936,1.470348
4.726415,0.317743,0.078752,0.196443,2.694233,0.004235,1.478804
4.729709,0.317697,0.078212,0.196613,2.692725,0.002996,1.480819
4.732704,0.317750,0.077634,0.196777,2.684468,-0.016376,1.493517
4.736313,0.317984,0.076715,0.197689,2.688631,-0.028009,1.498367
4.740000,0.318311,0.075712,0.198705,2.678418,-0.050037,1.520838
4.743374,0.318663,0.074772,0.199620,2.669576,-0.064810,1.536468
4.746658,0.318916,0.074281,0.199969,2.668846,-0.071462,1.543289
4.750042,0.318969,0.073944,0.200199,2.677593,-0.055264,1.534078
4.753246,0.318828,0.074009,0.199605,2.676220,-0.066102,1.537205
4.756518,0.318572,0.074080,0.198846,2.688656,-0.051340,1.512781
4.772582,0.318195,0.071780,0.197551,2.694338,-0.045539,1.501056
4.782748,0.318474,0.070132,0.197917,2.683392,-0.044838,1.520542
4.793309,0.318928,0.068229,0.199648,2.682337,-0.065184,1.531582
4.796075,0.318865,0.067756,0.200211,2.677837,-0.055078,1.532234
4.799551,0.318742,0.067097,0.200686,2.673732,-0.066056,1.543154
4.803062,0.318542,0.066519,0.201007,2.675746,-0.068024,1.544453
4.806491,0.318494,0.066104,0.201110,2.684141,-0.079866,1.525040
4.813157,0.318266,0.064626,0.201002,2.686571,-0.082471,1.515209
4.816484,0.318173,0.064038,0.200850,2.685769,-0.092045,1.514618
4.823416,0.317784,0.062369,0.201002,2.684424,-0.089987,1.500511
4.826249,0.317616,0.061686,0.201084,2.683210,-0.100749,1.499565
4.829345,0.317569,0.061085,0.201152,2.688464,-0.108249,1.495540
4.832565,0.317713,0.060577,0.201338,2.682133,-0.102023,1.499704
4.836659,0.318089,0.060066,0.201556,2.679487,-0.107593,1.510529
4.843151,0.318580,0.059206,0.202538,2.676527,-0.118175,1.533459
4.846441,0.318671,0.058529,0.203133,2.671230,-0.121273,1.539834
4.849636,0.318558,0.057820,0.203630,2.664184,-0.117189,1.544397
4.852968,0.318355,0.057163,0.203563,2.667690,-0.128005,1.543336
4.856167,0.318264,0.056622,0.203220,2.672544,-0.126962,1.531174
4.860031,0.318358,0.056073,0.202957,2.670156,-0.114744,1.528849
4.863260,0.318645,0.055596,0.203035,2.675737,-0.106886,1.518872
4.865507,0.318886,0.054977,0.203304,2.668057,-0.100367,1.519655
4.869885,0.319091,0.054378,0.203950,2.660161,-0.090100,1.522440
4.875548,0.319269,0.053250,0.204399,2.649009,-0.072853,1.524718
4.887287,0.319265,0.051938,0.204593,2.655597,-0.080002,1.511550
4.898479,0.319136,0.050800,0.204451,2.654292,-0.077834,1.508747
4.904313,0.318750,0.049640,0.204535,2.660577,-0.085036,1.508620
4.908502,0.318627,0.048083,0.204495,2.665724,-0.107105,1.504812
4.911588,0.318457,0.046960,0.204814,2.668827,-0.118175,1.498090
4.915825,0.318474,0.045753,0.205462,2.658102,-0.111458,1.503489
4.926521,0.318482,0.044461,0.206070,2.649342,-0.113781,1.510395
4.938624,0.318765,0.042946,0.206090,2.649834,-0.111598,1.499590
4.941080,0.318620,0.040905,0.206470,2.644418,-0.107786,1.497809
4.961517,0.318548,0.038910,0.206666,2.644407,-0.123739,1.504478
4.967845,0.318471,0.037205,0.206629,2.649956,-0.141530,1.500912
4.972144,0.318393,0.035501,0.206594,2.656184,-0.158784,1.501315
4.979599,0.318349,0.033922,0.206872,2.650182,-0.172024,1.505308
4.982296,0.318418,0.033138,0.206808,2.648608,-0.171554,1.507657
4.991922,0.318465,0.032378,0.206821,2.654610,-0.170506,1.500866
4.994612,0.318377,0.031526,0.206805,2.657058,-0.168118,1.496914
5.003415,0.318412,0.030475,0.207321,2.653516,-0.172277,1.497346
5.006568,0.318554,0.029402,0.208172,2.650566,-0.167254,1.502104
5.013207,0.318729,0.028429,0.209049,2.647872,-0.162080,1.500585
5.016690,0.318978,0.027354,0.209875,2.636017,-0.156582,1.506329
5.023482,0.319151,0.026336,0.210883,2.625737,-0.156110,1.515000
5.026778,0.319153,0.025341,0.211313,2.619256,-0.145808,1.508577
5.030146,0.319036,0.024700,0.211292,2.620521,-0.144275,1.503181
5.033706,0.318956,0.024130,0.211295,2.624065,-0.143875,1.498531
5.036797,0.318800,0.023592,0.211515,2.622997,-0.140584,1.490194
5.040142,0.318762,0.022864,0.211767,2.611038,-0.129210,1.498572
5.043900,0.318808,0.022272,0.212306,2.611337,-0.128597,1.501027
5.047241,0.318848,0.021659,0.212833,2.607904,-0.132762,1.505813
5.050833,0.318875,0.020915,0.213300,2.599731,-0.136756,1.510723
5.053749,0.318907,0.020232,0.213584,2.598822,-0.143651,1.520740
5.057238,0.318972,0.019729,0.213704,2.608477,-0.157121,1.510867
5.060213,0.318957,0.019233,0.213701,2.604579,-0.162847,1.514686
5.063553,0.319010,0.018620,0.213820,2.600818,-0.164755,1.516432
5.066847,0.319028,0.018051,0.213949,2.600105,-0.165125,1.516028
5.070225,0.319047,0.017360,0.213966,2.599227,-0.166756,1.509638
5.073885,0.318951,0.016760,0.213974,2.599360,-0.169424,1.506439
5.077119,0.318911,0.016217,0.213843,2.604041,-0.170622,1.501174
5.080521,0.318830,0.015692,0.213559,2.611882,-0.172357,1.494499
5.083594,0.318849,0.015179,0.213463,2.615424,-0.171377,1.491265
5.087261,0.318874,0.014756,0.213467,2.616760,-0.170257,1.493162
5.090243,0.318905,0.014180,0.213409,2.623997,-0.184893,1.492082
5.093684,0.318835,0.013475,0.213236,2.625718,-0.198984,1.492980
5.103519,0.318050,0.011049,0.212557,2.623245,-0.211324,1.498008
5.110526,0.317875,0.009609,0.213088,2.624863,-0.225865,1.500602
5.113490,0.317954,0.009043,0.213477,2.632972,-0.241464,1.498869
5.119967,0.318453,0.008032,0.213417,2.631689,-0.239351,1.501013
5.123460,0.318561,0.007485,0.213049,2.625075,-0.228545,1.500608
5.133498,0.318861,0.005337,0.212952,2.621039,-0.222736,1.496305
5.143442,0.319194,0.002875,0.214663,2.616291,-0.213871,1.490430
5.146482,0.319314,0.002301,0.215133,2.606996,-0.206857,1.489780
5.150555,0.319335,0.001956,0.215361,2.599239,-0.199011,1.487656
5.153898,0.319346,0.001629,0.215463,2.600975,-0.202087,1.486701
5.173099,0.320086,-0.003147,0.216556,2.579685,-0.236400,1.522158
5.180365,0.320114,-0.003668,0.216918,2.579076,-0.230139,1.521594
5.183543,0.320152,-0.004148,0.217215,2.582812,-0.223352,1.517366
5.186809,0.320114,-0.004490,0.217346,2.578232,-0.202068,1.508850
5.190370,0.320099,-0.004679,0.217233,2.589915,-0.202572,1.505489
5.193809,0.320170,-0.005040,0.217266,2.594212,-0.205799,1.504130
5.196951,0.320257,-0.005497,0.217268,2.596907,-0.206284,1.501887
5.201555,0.320217,-0.006442,0.217115,2.595313,-0.199949,1.493694
5.208054,0.319994,-0.007861,0.216822,2.596074,-0.199942,1.483369
5.221807,0.319774,-0.009510,0.216647,2.594807,-0.193013,1.468443
5.234034,0.319432,-0.011132,0.216530,2.596491,-0.195694,1.456314
5.238654,0.319235,-0.012670,0.216506,2.597918,-0.198649,1.442878
5.241343,0.319250,-0.013887,0.216627,2.600622,-0.212262,1.446530
5.248993,0.319525,-0.014682,0.216916,2.603771,-0.214097,1.446557
5.250434,0.319653,-0.015665,0.217226,2.598816,-0.222568,1.456870
5.259597,0.319727,-0.016936,0.217506,2.596197,-0.229644,1.465305
5.297334,0.319147,-0.022144,0.218821,2.597457,-0.229122,1.469166
5.301578,0.318999,-0.023754,0.219191,2.594175,-0.233077,1.467308
5.310730,0.318917,-0.025096,0.219461,2.588298,-0.243570,1.471836
5.315246,0.318938,-0.026120,0.219665,2.593823,-0.259002,1.471243
5.326602,0.318860,-0.027521,0.219827,2.587900,-0.257042,1.468169
5.327670,0.318739,-0.028919,0.219930,2.583454,-0.263120,1.463990
5.336384,0.318650,-0.030106,0.220115,2.581736,-0.263118,1.461221
5.339717,0.318516,-0.031299,0.220218,2.570754,-0.253030,1.459500
5.346336,0.318332,-0.032385,0.220223,2.562823,-0.243656,1.456557
5.349544,0.318239,-0.033110,0.220192,2.564300,-0.242331,1.451960
5.353331,0.318010,-0.033566,0.220293,2.563138,-0.240882,1.453555
5.357048,0.317757,-0.033948,0.220262,2.564321,-0.238250,1.452914
5.360136,0.317536,-0.034222,0.220205,2.571290,-0.239402,1.447757
5.363719,0.317436,-0.034505,0.220294,2.572650,-0.241380,1.449633
5.366367,0.317365,-0.034942,0.220471,2.570331,-0.241188,1.452394
5.369474,0.317379,-0.035402,0.220666,2.569001,-0.239942,1.454810
5.373177,0.317428,-0.036200,0.221051,2.561367,-0.251831,1.463363
5.377031,0.317459,-0.036975,0.221510,2.560376,-0.259244,1.467837
5.379639,0.317239,-0.037856,0.221693,2.557363,-0.259036,1.461936
5.383508,0.316978,-0.038703,0.221807,2.560641,-0.270715,1.459369
5.387007,0.316683,-0.039669,0.221840,2.560049,-0.285323,1.459065
5.393559,0.316176,-0.041139,0.221505,2.566329,-0.274392,1.451648
5.403600,0.316225,-0.042042,0.221587,2.564394,-0.270330,1.453262
5.406818,0.316410,-0.042081,0.221718,2.565701,-0.269513,1.461415
5.409902,0.316607,-0.042079,0.221875,2.564327,-0.263883,1.467642
5.413503,0.316792,-0.042150,0.222035,2.564963,-0.257064,1.468971
5.420293,0.316948,-0.043041,0.222161,2.562494,-0.264449,1.474266
5.423325,0.316920,-0.043604,0.222230,2.565048,-0.278554,1.475922
5.426654,0.316923,-0.044138,0.222384,2.569576,-0.290597,1.475939
5.429998,0.316829,-0.044605,0.222581,2.569760,-0.296509,1.478495
5.433226,0.316815,-0.045240,0.222801,2.568955,-0.295842,1.477609
5.436585,0.316798,-0.046080,0.223056,2.566253,-0.303390,1.477592
5.440065,0.316802,-0.046796,0.223377,2.561986,-0.301513,1.479953
5.443675,0.316849,-0.047535,0.223650,2.558301,-0.300164,1.484041
5.446829,0.316840,-0.048371,0.223950,2.550763,-0.300226,1.486370
5.450156,0.316705,-0.049269,0.224109,2.546767,-0.304446,1.484147
5.453633,0.316493,-0.049943,0.224014,2.543139,-0.302773,1.473870
5.457315,0.316244,-0.050810,0.223851,2.545461,-0.305771,1.466860
5.459907,0.315900,-0.051628,0.223696,2.543778,-0.311625,1.456822
5.463650,0.315682,-0.052396,0.223433,2.547087,-0.315208,1.446239
5.466485,0.315471,-0.052772,0.223386,2.550211,-0.320793,1.445707
5.470102,0.315278,-0.053299,0.223314,2.556180,-0.325054,1.447266
5.473601,0.315098,-0.053671,0.223339,2.555468,-0.325897,1.447229
5.476473,0.314942,-0.054019,0.223310,2.560352,-0.319178,1.443788
5.483648,0.314493,-0.054671,0.223318,2.565617,-0.314905,1.439860
5.486931,0.314301,-0.055044,0.223259,2.562989,-0.316197,1.439419
5.490195,0.314205,-0.055510,0.223290,2.562864,-0.304458,1.432609
5.493487,0.314099,-0.056054,0.223285,2.563791,-0.307236,1.428837
5.496858,0.314212,-0.056758,0.223442,2.557144,-0.316082,1.437461
5.500306,0.314324,-0.057412,0.223645,2.553108,-0.323079,1.442230
5.503650,0.314463,-0.057855,0.223948,2.551272,-0.316300,1.445106
5.507044,0.314410,-0.058344,0.224169,2.544989,-0.329823,1.458553
5.509849,0.314328,-0.058787,0.224487,2.542717,-0.319637,1.462195
5.513670,0.314141,-0.059146,0.224577,2.543335,-0.311976,1.457024
5.517349,0.314140,-0.059724,0.224864,2.541975,-0.318317,1.461197
5.520467,0.314130,-0.060376,0.225117,2.543815,-0.329644,1.461991
5.523804,0.314246,-0.060838,0.225297,2.554346,-0.324108,1.453911
5.529080,0.314079,-0.062014,0.225363,2.555157,-0.339107,1.455034
5.545565,0.314073,-0.063210,0.225615,2.559540,-0.349053,1.457808
5.552350,0.313777,-0.064258,0.225643,2.559826,-0.346809,1.458756
5.559699,0.313553,-0.065380,0.225679,2.558618,-0.343060,1.458869
5.563381,0.313229,-0.066614,0.225638,2.549775,-0.349386,1.467664
5.570653,0.313119,-0.067664,0.225660,2.546110,-0.337488,1.464128
5.572650,0.312772,-0.068631,0.225568,2.540255,-0.330464,1.463225
5.586526,0.312679,-0.069191,0.225477,2.539174,-0.324351,1.458353
5.609294,0.312429,-0.069816,0.225398,2.537866,-0.319711,1.456486
5.635169,0.311532,-0.080132,0.228006,2.518363,-0.390466,1.465892
5.654582,0.310617,-0.082797,0.227483,2.520172,-0.396213,1.463038
5.679293,0.308481,-0.087701,0.226819,2.520522,-0.411223,1.459369
5.682975,0.307819,-0.089120,0.226786,2.519108,-0.424412,1.445020
5.686391,0.307551,-0.090252,0.226808,2.520694,-0.446290,1.440456
5.689679,0.307279,-0.091193,0.227047,2.516560,-0.448086,1.439947
5.693055,0.307165,-0.092116,0.227300,2.511822,-0.458330,1.441233
5.696527,0.307201,-0.092678,0.227667,2.508626,-0.439875,1.445144
5.702955,0.307732,-0.093219,0.228011,2.509517,-0.428470,1.453336
5.709168,0.308370,-0.093349,0.227852,2.510350,-0.416573,1.454167
5.712443,0.308697,-0.093650,0.227924,2.508908,-0.409543,1.462415
5.716897,0.308849,-0.094131,0.227940,2.511415,-0.397838,1.455230
5.723296,0.308755,-0.096043,0.228032,2.506223,-0.411492,1.454024
5.726815,0.308750,-0.097316,0.228304,2.498595,-0.421967,1.455088
5.732926,0.308490,-0.099213,0.228713,2.493682,-0.432952,1.458858
5.736301,0.308321,-0.099646,0.228957,2.493932,-0.438616,1.456467
5.743224,0.307944,-0.100099,0.229153,2.494220,-0.444114,1.455691
5.746501,0.307514,-0.100344,0.229068,2.500883,-0.440400,1.454059
5.749828,0.307080,-0.100592,0.228992,2.505854,-0.435254,1.452287
5.753296,0.306796,-0.101016,0.228853,2.509650,-0.433455,1.446885
5.756658,0.306561,-0.101591,0.228728,2.510480,-0.429059,1.444786
5.759538,0.306579,-0.102025,0.228732,2.507464,-0.426258,1.453889
5.762644,0.306570,-0.102562,0.228737,2.504529,-0.424780,1.452775
5.766218,0.306545,-0.103145,0.228713,2.503133,-0.422305,1.454031
5.769932,0.306534,-0.103426,0.228697,2.499591,-0.418674,1.456826
5.773218,0.306520,-0.103664,0.228672,2.498177,-0.417670,1.456926
5.792441,0.304519,-0.110074,0.229280,2.489353,-0.448899,1.453258
5.799156,0.304358,-0.110262,0.228928,2.491844,-0.440689,1.446088
5.802462,0.304236,-0.110442,0.228674,2.492454,-0.433842,1.443251
5.806404,0.304118,-0.110941,0.228396,2.495484,-0.429642,1.438778
5.809972,0.304001,-0.111660,0.228248,2.495805,-0.427878,1.432272
5.812940,0.303862,-0.112431,0.228088,2.494920,-0.430394,1.428797
5.816548,0.303630,-0.113319,0.227997,2.494854,-0.456319,1.435710
5.819690,0.303314,-0.114354,0.227995,2.493307,-0.485253,1.442412
5.823032,0.302904,-0.115337,0.228122,2.491341,-0.499115,1.446196
5.826415,0.302411,-0.116335,0.228271,2.483874,-0.518029,1.456920
5.833248,0.301704,-0.118273,0.229049,2.476293,-0.537616,1.466205
5.843273,0.301236,-0.120613,0.230102,2.465898,-0.535212,1.469744
5.846425,0.300986,-0.121285,0.230283,2.461262,-0.535327,1.470840
5.849567,0.300656,-0.121837,0.230261,2.457027,-0.537421,1.471406
5.853299,0.300346,-0.122288,0.230155,2.458805,-0.539734,1.468887
5.856454,0.300097,-0.122585,0.230113,2.459665,-0.539631,1.467474
5.859717,0.299862,-0.122690,0.230053,2.464448,-0.541407,1.464555
5.899576,0.298212,-0.129623,0.229741,2.475126,-0.487652,1.427221
5.903042,0.298326,-0.130053,0.229793,2.475305,-0.496279,1.432222
5.906095,0.298383,-0.130360,0.229818,2.476177,-0.504142,1.437127
5.913276,0.298317,-0.130939,0.229722,2.478229,-0.515339,1.442944
5.915313,0.298278,-0.131870,0.229557,2.479318,-0.512222,1.435852
5.925010,0.297860,-0.132986,0.229474,2.478120,-0.527062,1.441884
5.927763,0.297183,-0.134862,0.229411,2.472928,-0.531170,1.443803
5.948945,0.296398,-0.136838,0.229474,2.465814,-0.532274,1.444779
5.963200,0.295527,-0.139304,0.229557,2.453811,-0.550651,1.446929
5.970388,0.294485,-0.142026,0.229547,2.442124,-0.574417,1.452558
5.989316,0.292477,-0.146723,0.229017,2.434199,-0.582802,1.449861
5.999763,0.291637,-0.148592,0.228625,2.432140,-0.587269,1.443723
6.003504,0.290989,-0.149874,0.228316,2.429926,-0.598000,1.437992
6.010291,0.290179,-0.151682,0.228171,2.434003,-0.590422,1.429528
6.013667,0.289893,-0.152310,0.228038,2.435525,-0.576424,1.422471
6.016989,0.289681,-0.152967,0.227699,2.442170,-0.571639,1.414172
6.019655,0.289531,-0.153670,0.227366,2.443284,-0.584079,1.413185
6.023738,0.289528,-0.154205,0.227144,2.441517,-0.580598,1.411086
6.030289,0.289852,-0.155121,0.227317,2.440302,-0.575908,1.412621
6.033301,0.289886,-0.155724,0.227625,2.435585,-0.580104,1.416817
6.036769,0.289757,-0.156211,0.227915,2.427914,-0.595460,1.428924
6.040257,0.289595,-0.156658,0.227961,2.425417,-0.586568,1.430339
6.043795,0.289416,-0.156940,0.227838,2.426906,-0.586280,1.430992
6.046870,0.289192,-0.157137,0.227623,2.426166,-0.595513,1.433249
6.050319,0.289057,-0.157144,0.227458,2.429513,-0.599389,1.434971
6.066827,0.286156,-0.161532,0.226663,2.424874,-0.651874,1.444551
6.070187,0.285970,-0.161828,0.226332,2.429370,-0.656569,1.440280
6.073734,0.285781,-0.162203,0.226018,2.431879,-0.651720,1.434539
6.076701,0.285410,-0.162830,0.225801,2.432858,-0.646527,1.427966
6.080079,0.285064,-0.163424,0.225553,2.436391,-0.643241,1.421854
6.083834,0.284880,-0.163918,0.225381,2.443302,-0.629837,1.417653
6.086840,0.284752,-0.164372,0.225371,2.444750,-0.613396,1.413493
6.090086,0.284544,-0.164915,0.225501,2.444321,-0.604390,1.408100
6.093418,0.284192,-0.165577,0.225440,2.448537,-0.605793,1.404770
6.100233,0.283235,-0.167168,0.225233,2.452001,-0.597542,1.393706
6.103246,0.282563,-0.168044,0.225092,2.452257,-0.598118,1.380691
6.106904,0.281996,-0.168729,0.224932,2.450739,-0.600087,1.373450
6.110432,0.281510,-0.169271,0.224682,2.454347,-0.610930,1.366313
6.112981,0.280920,-0.169873,0.224294,2.456855,-0.616578,1.357370
6.123550,0.279401,-0.171303,0.223137,2.454810,-0.625304,1.360945
6.127068,0.279064,-0.171948,0.222977,2.448976,-0.636556,1.366444
6.130404,0.278751,-0.172638,0.222981,2.447330,-0.646409,1.365929
6.133363,0.278521,-0.173404,0.223168,2.440896,-0.646890,1.371287
6.137068,0.278296,-0.174475,0.223810,2.428940,-0.638827,1.376985
6.140071,0.278004,-0.175609,0.224276,2.418446,-0.641714,1.381372
6.143815,0.277705,-0.176605,0.224584,2.411191,-0.644451,1.389328
6.149472,0.277119,-0.178120,0.224394,2.408700,-0.660011,1.402401
6.167131,0.276562,-0.179495,0.224055,2.404606,-0.675136,1.415540
6.177462,0.275963,-0.180683,0.223280,2.407468,-0.695073,1.424914
6.181179,0.275268,-0.182035,0.222604,2.405788,-0.711547,1.434957
6.184872,0.274629,-0.183318,0.222110,2.404557,-0.726960,1.440721
6.192551,0.274154,-0.184331,0.221881,2.398322,-0.728533,1.441064
6.194003,0.273670,-0.185338,0.221733,2.395697,-0.733373,1.441074
6.204317,0.273132,-0.186222,0.221361,2.404930,-0.730451,1.428006
6.206463,0.272606,-0.186901,0.220831,2.410772,-0.723848,1.418249
6.216172,0.271911,-0.188135,0.219940,2.411856,-0.711965,1.404517
6.219949,0.271211,-0.188994,0.219209,2.425421,-0.707503,1.389966
6.230634,0.270404,-0.190106,0.218329,2.440562,-0.704257,1.367147
6.240007,0.269533,-0.191456,0.217555,2.432531,-0.695777,1.358209
6.259775,0.266883,-0.196404,0.217075,2.431284,-0.692208,1.345678
6.263441,0.266085,-0.197978,0.216988,2.440632,-0.695303,1.333727
6.276017,0.265281,-0.199520,0.216854,2.437586,-0.691005,1.324310
6.279969,0.264211,-0.201358,0.217173,2.422419,-0.679674,1.324719
6.289675,0.263442,-0.202579,0.216859,2.417624,-0.686613,1.327773
6.295503,0.262684,-0.203816,0.216490,2.413877,-0.695235,1.329069
6.302014,0.262041,-0.204999,0.216602,2.401251,-0.705693,1.341324
6.305726,0.261472,-0.206046,0.216886,2.388617,-0.716443,1.350016
6.308621,0.261179,-0.206687,0.216850,2.385581,-0.723269,1.354017
6.312159,0.261164,-0.207309,0.216861,2.379723,-0.725579,1.363716
6.315352,0.261149,-0.207896,0.216906,2.377654,-0.723954,1.369390
6.318869,0.261166,-0.208469,0.216867,2.377838,-0.718825,1.366231
6.322121,0.261193,-0.208980,0.216807,2.375140,-0.714116,1.372763
6.325282,0.261271,-0.209289,0.216711,2.375134,-0.715304,1.379268
6.328872,0.260986,-0.209485,0.216138,2.387582,-0.714102,1.368762
6.331963,0.260603,-0.209673,0.215563,2.400449,-0.719240,1.356175
6.335676,0.260155,-0.209917,0.214999,2.403088,-0.716323,1.352905
6.339093,0.259591,-0.210104,0.214376,2.411621,-0.707070,1.340818
6.342293,0.259023,-0.210410,0.213702,2.426710,-0.713833,1.325962
6.345359,0.258510,-0.210814,0.213355,2.422527,-0.718709,1.328294
6.349106,0.258047,-0.211111,0.213068,2.418148,-0.711230,1.332707
6.352253,0.257622,-0.211297,0.212780,2.431089,-0.724853,1.329449
6.355378,0.257184,-0.212208,0.212642,2.429304,-0.738111,1.330048
6.359135,0.256762,-0.213142,0.212620,2.418614,-0.735502,1.336354
6.362488,0.256491,-0.214194,0.213080,2.411420,-0.736016,1.343573
6.365412,0.256332,-0.215427,0.213646,2.402037,-0.742454,1.350737
6.368485,0.255995,-0.216920,0.214260,2.380746,-0.735392,1.359531
6.371963,0.255578,-0.217837,0.214737,2.378107,-0.735971,1.359773
6.374865,0.254987,-0.218776,0.215015,2.377405,-0.734347,1.352431
6.378300,0.254410,-0.219478,0.214799,2.385877,-0.741101,1.339654
6.381983,0.253779,-0.219957,0.214526,2.390725,-0.746152,1.335087
6.385355,0.253462,-0.220230,0.214286,2.401400,-0.751017,1.327241
6.392096,0.253386,-0.220556,0.213925,2.404840,-0.748074,1.319478
6.395245,0.253106,-0.221051,0.213675,2.406198,-0.748974,1.317906
6.402410,0.252356,-0.222322,0.212968,2.406190,-0.744747,1.315540
6.405326,0.251809,-0.223177,0.212758,2.403435,-0.742335,1.312238
6.409096,0.251278,-0.224110,0.212758,2.397983,-0.738942,1.307747
6.411988,0.250881,-0.224941,0.212922,2.393897,-0.744154,1.311613
6.415602,0.250443,-0.225825,0.213010,2.390049,-0.746568,1.313409
6.418555,0.249884,-0.226663,0.213029,2.386121,-0.748304,1.312405
6.422338,0.249440,-0.227273,0.212870,2.386541,-0.756329,1.311856
6.425707,0.249330,-0.227731,0.212701,2.388102,-0.762178,1.310917
6.428440,0.249232,-0.228150,0.212609,2.388873,-0.769050,1.312058
6.432350,0.249110,-0.228481,0.212581,2.388666,-0.777593,1.317984
6.435457,0.248892,-0.228903,0.212476,2.393697,-0.784045,1.318278
6.438934,0.248566,-0.229592,0.212501,2.396973,-0.777584,1.310937
6.442250,0.248144,-0.230195,0.212521,2.395974,-0.778105,1.316360
6.445379,0.247764,-0.230747,0.212448,2.401173,-0.776259,1.314577
6.452058,0.247368,-0.231649,0.212116,2.407627,-0.776849,1.309812
6.455793,0.247310,-0.231992,0.211879,2.398468,-0.775745,1.318591
6.458927,0.247148,-0.232370,0.211558,2.398956,-0.784992,1.322747
6.462523,0.246939,-0.232692,0.211175,2.405164,-0.790474,1.316391
6.465643,0.246524,-0.233242,0.210822,2.405944,-0.796457,1.311067
6.468691,0.246033,-0.233941,0.210591,2.403564,-0.797771,1.305983
6.472516,0.245601,-0.234546,0.210380,2.408150,-0.801018,1.297068
6.475829,0.245200,-0.235123,0.210192,2.405779,-0.803061,1.296875
6.479340,0.244792,-0.235798,0.209989,2.402194,-0.803334,1.296164
6.482919,0.244518,-0.236466,0.209843,2.398517,-0.805896,1.301385
6.487794,0.244200,-0.237189,0.209574,2.395300,-0.808662,1.305655
6.493694,0.243768,-0.238027,0.209284,2.398942,-0.815187,1.304710
6.506169,0.242943,-0.239699,0.209313,2.386027,-0.827200,1.308456
6.508420,0.241910,-0.241520,0.209421,2.368922,-0.834870,1.315361
6.516699,0.241148,-0.243249,0.209679,2.355132,-0.845294,1.318963
6.523237,0.240538,-0.244787,0.209946,2.346554,-0.855677,1.326507
6.526036,0.239824,-0.246677,0.210524,2.328491,-0.853974,1.332275
6.535004,0.239381,-0.247861,0.210680,2.331691,-0.841930,1.324945
6.546227,0.239198,-0.248883,0.210821,2.340419,-0.835467,1.314774
6.548464,0.238785,-0.250107,0.210663,2.335176,-0.815531,1.312153
6.554856,0.238312,-0.251479,0.210585,2.345945,-0.814520,1.296209
6.570369,0.238036,-0.252649,0.210029,2.349832,-0.815693,1.290154
6.578365,0.237793,-0.253755,0.209817,2.344340,-0.821448,1.296779
6.583566,0.237445,-0.254763,0.209643,2.342288,-0.830743,1.296354
6.585899,0.237122,-0.255625,0.209661,2.349890,-0.844628,1.292982
6.589754,0.236823,-0.256260,0.209619,2.338428,-0.843647,1.300639
6.596476,0.236631,-0.256511,0.209558,2.339841,-0.847942,1.304003
6.598504,0.236495,-0.256714,0.209237,2.347778,-0.856443,1.306526
6.607690,0.236344,-0.257093,0.209046,2.351097,-0.852430,1.310513
6.609618,0.236077,-0.257627,0.208767,2.357728,-0.857832,1.304152
6.624643,0.235684,-0.258306,0.208686,2.360224,-0.854149,1.303086
6.626097,0.235233,-0.259282,0.208679,2.359854,-0.848672,1.299124
6.629693,0.234760,-0.260336,0.208666,2.357825,-0.840894,1.293789
6.635406,0.234418,-0.261239,0.208519,2.357043,-0.844356,1.293133
6.639780,0.234174,-0.261865,0.208503,2.355381,-0.837906,1.297410
6.642734,0.233713,-0.262247,0.208190,2.368031,-0.840378,1.285467
6.646481,0.233218,-0.262609,0.207870,2.378397,-0.838649,1.271044
6.650082,0.232854,-0.262974,0.207845,2.384783,-0.838169,1.263041
6.653144,0.232524,-0.263281,0.207879,2.389289,-0.836397,1.256778
6.656663,0.232233,-0.263677,0.207935,2.392317,-0.840906,1.256292
6.659748,0.232300,-0.264124,0.208211,2.384584,-0.846243,1.265446
6.663349,0.232542,-0.264423,0.208673,2.378413,-0.862239,1.285851
6.666592,0.232709,-0.264542,0.208927,2.377711,-0.880877,1.298007
6.669736,0.232679,-0.265095,0.209112,2.368095,-0.886234,1.309467
6.673154,0.232581,-0.265601,0.209336,2.358238,-0.888293,1.318583
6.676427,0.232399,-0.266322,0.209498,2.348618,-0.886739,1.324788
6.679753,0.232035,-0.267056,0.209532,2.340115,-0.879064,1.324368
6.683170,0.231638,-0.267859,0.209615,2.329595,-0.863041,1.322141
6.686946,0.231272,-0.268358,0.209678,2.327848,-0.858270,1.318199
6.690328,0.230948,-0.268942,0.209631,2.326494,-0.851741,1.308735
6.694513,0.230594,-0.269302,0.209488,2.325731,-0.852050,1.308787
6.696738,0.230287,-0.269662,0.209362,2.328143,-0.853276,1.303309
6.699782,0.230018,-0.269968,0.209158,2.329950,-0.859178,1.300681
6.702934,0.229831,-0.270359,0.209008,2.329540,-0.863891,1.302025
6.706484,0.229581,-0.270715,0.208963,2.327766,-0.869822,1.302599
6.710450,0.229429,-0.271118,0.208962,2.329482,-0.871500,1.300197
6.713171,0.229160,-0.271457,0.208939,2.330372,-0.873963,1.300370
6.717049,0.228810,-0.271971,0.208870,2.329928,-0.873745,1.297579
6.719699,0.228309,-0.272405,0.208814,2.330934,-0.873160,1.289039
6.723136,0.227879,-0.272779,0.208695,2.333813,-0.876376,1.283233
6.726871,0.227352,-0.273060,0.208555,2.337043,-0.877297,1.276032
6.729940,0.227107,-0.273073,0.208448,2.348893,-0.877032,1.266012
6.733527,0.226945,-0.272888,0.208397,2.356510,-0.884444,1.264741
6.736618,0.226977,-0.272682,0.208282,2.356345,-0.886223,1.269718
6.739733,0.226596,-0.272731,0.208184,2.368441,-0.889030,1.267746
6.743170,0.226269,-0.273047,0.208015,2.367335,-0.890083,1.261791
6.747182,0.225745,-0.273719,0.207811,2.359835,-0.890245,1.258306
6.750249,0.225172,-0.274373,0.207580,2.359468,-0.886376,1.245966
6.753532,0.224605,-0.274974,0.207373,2.372331,-0.897603,1.237197
6.756603,0.224682,-0.275581,0.207710,2.354011,-0.890716,1.245485
6.760253,0.224863,-0.276083,0.208222,2.344609,-0.895061,1.262002
6.762868,0.225079,-0.276702,0.208732,2.330934,-0.896723,1.277721
6.766476,0.225278,-0.277388,0.209343,2.315067,-0.895409,1.296805
6.769701,0.225473,-0.278116,0.209934,2.293551,-0.887353,1.311174
6.773479,0.225280,-0.278488,0.209722,2.301028,-0.897203,1.308097
6.776819,0.225045,-0.278759,0.209443,2.303690,-0.900632,1.305433
6.780194,0.224787,-0.278890,0.209169,2.307467,-0.906571,1.303857
6.783213,0.224544,-0.279028,0.208815,2.323739,-0.912176,1.288109
6.786253,0.224191,-0.279185,0.208484,2.328653,-0.912448,1.282644
6.790276,0.224006,-0.279427,0.208432,2.323579,-0.910472,1.286623
6.793488,0.223743,-0.279718,0.208405,2.325189,-0.909680,1.283027
6.796374,0.223421,-0.280015,0.208568,2.324341,-0.907937,1.280700
6.800084,0.223307,-0.280394,0.208743,2.310495,-0.903676,1.292399
6.803646,0.223293,-0.280732,0.208952,2.313258,-0.903857,1.291591
6.806523,0.223268,-0.281075,0.209117,2.314236,-0.904180,1.291489
6.810090,0.223201,-0.281325,0.209226,2.314429,-0.900487,1.292054
6.812917,0.223206,-0.281490,0.209171,2.318594,-0.902313,1.292666
6.816135,0.222996,-0.281559,0.209069,2.323548,-0.905282,1.291886
6.819662,0.222669,-0.281666,0.208883,2.323300,-0.907767,1.288324
6.823377,0.222353,-0.281758,0.208721,2.330396,-0.911573,1.276158
6.826697,0.221924,-0.281869,0.208503,2.340255,-0.919150,1.270313
6.830121,0.221556,-0.282086,0.208439,2.347767,-0.923098,1.259888
6.833064,0.221166,-0.282427,0.208500,2.350546,-0.924799,1.250883
6.836644,0.220893,-0.282825,0.208556,2.352071,-0.929195,1.243923
6.839903,0.220532,-0.283264,0.208615,2.355279,-0.930300,1.242406
6.843225,0.220379,-0.283732,0.208704,2.347145,-0.928863,1.240286
6.846437,0.220063,-0.284124,0.208668,2.344491,-0.930990,1.239920
6.850002,0.219792,-0.284348,0.208534,2.346217,-0.936987,1.238779
6.852957,0.219560,-0.284521,0.208437,2.349558,-0.940450,1.238891
6.857115,0.219239,-0.284952,0.208575,2.338518,-0.943569,1.240674
6.861439,0.218964,-0.285447,0.208759,2.335501,-0.945739,1.236208
6.878263,0.218746,-0.286259,0.208898,2.326358,-0.944987,1.243320
6.880353,0.218633,-0.287092,0.209073,2.319023,-0.940118,1.247581
6.892183,0.218517,-0.287790,0.209257,2.313653,-0.938419,1.255395
6.895985,0.218540,-0.288137,0.209107,2.314259,-0.949895,1.267662
6.898543,0.218539,-0.288440,0.208956,2.316830,-0.955394,1.277711
6.901393,0.218559,-0.288471,0.208837,2.319813,-0.960571,1.279710
6.913026,0.218454,-0.288866,0.208590,2.320579,-0.973083,1.284609
6.914721,0.218137,-0.289794,0.208599,2.312538,-0.968425,1.288349
6.927308,0.217738,-0.291113,0.208837,2.314878,-0.951432,1.279979
6.949822,0.217336,-0.292450,0.209067,2.318454,-0.943795,1.272102
6.964845,0.216924,-0.293792,0.209458,2.313118,-0.934872,1.271697
6.968680,0.216657,-0.294841,0.209955,2.314406,-0.929900,1.265425
6.974319,0.216556,-0.295487,0.210169,2.324802,-0.936837,1.258735
6.980448,0.216524,-0.295995,0.210343,2.315987,-0.936245,1.263762
6.985217,0.216481,-0.296531,0.210533,2.302402,-0.937245,1.274134
6.994220,0.216417,-0.297163,0.210606,2.293771,-0.942107,1.281540
7.001503,0.216213,-0.297870,0.210721,2.280712,-0.932845,1.288910
7.027004,0.215226,-0.300748,0.211371,2.266659,-0.926785,1.295329
7.033276,0.214786,-0.301601,0.211464,2.260697,-0.926830,1.299810
7.036329,0.214610,-0.301791,0.211365,2.258303,-0.927254,1.302407
7.039597,0.214462,-0.301855,0.211169,2.260036,-0.923363,1.298137
7.043035,0.214368,-0.301636,0.210504,2.266597,-0.934979,1.295310
7.046174,0.214135,-0.301272,0.209692,2.274931,-0.938579,1.288075
7.049716,0.213999,-0.300960,0.209060,2.282674,-0.953156,1.284249
7.053275,0.213758,-0.300870,0.208770,2.284145,-0.957916,1.281727
7.056443,0.213745,-0.300996,0.208689,2.283058,-0.961782,1.283763
7.059562,0.213718,-0.301459,0.209069,2.278539,-0.954593,1.287961
7.063285,0.213856,-0.302048,0.209532,2.272817,-0.966927,1.293398
7.066319,0.213927,-0.302348,0.209422,2.265075,-0.956802,1.297379
7.069502,0.214161,-0.302310,0.209069,2.268286,-0.955697,1.295239
7.073080,0.214170,-0.302114,0.208563,2.274906,-0.957729,1.290444
7.076255,0.214094,-0.301890,0.208166,2.278881,-0.960431,1.283803
7.079641,0.214014,-0.301640,0.207807,2.280917,-0.950826,1.280479
7.082963,0.213876,-0.301658,0.207911,2.279921,-0.953281,1.281443
7.086608,0.213711,-0.302023,0.208325,2.280831,-0.953822,1.278151
7.090482,0.213601,-0.302136,0.208325,2.274102,-0.951966,1.280352
7.093964,0.213586,-0.302204,0.208245,2.277935,-0.955057,1.284652
7.097014,0.213515,-0.302111,0.207963,2.280069,-0.956101,1.282940
7.100239,0.213206,-0.301964,0.207690,2.300728,-0.962970,1.263891
7.103393,0.212913,-0.301580,0.207048,2.306282,-0.965948,1.255764
7.106994,0.212859,-0.301581,0.206984,2.320377,-0.971984,1.248426
7.110333,0.212805,-0.301563,0.206935,2.324043,-0.974593,1.241840
7.114722,0.212704,-0.301649,0.207041,2.335566,-0.980260,1.234102
7.116965,0.212797,-0.301748,0.207319,2.329950,-0.978108,1.239952
7.120345,0.212871,-0.301968,0.207553,2.331804,-0.978628,1.245271
7.124410,0.212677,-0.302076,0.207610,2.330658,-0.978828,1.243407
7.127554,0.212467,-0.302218,0.207687,2.330142,-0.978140,1.240514
7.130526,0.212384,-0.302399,0.207791,2.322186,-0.975782,1.245672
7.133706,0.212381,-0.302583,0.207745,2.320942,-0.976279,1.247098
7.136776,0.212369,-0.302646,0.207719,2.318379,-0.976773,1.247342
7.140717,0.212383,-0.302681,0.207667,2.318143,-0.976977,1.248100
7.144345,0.212418,-0.302676,0.207579,2.317328,-0.977615,1.249536
7.147344,0.212297,-0.302463,0.206961,2.324040,-0.979436,1.241446
7.150873,0.212117,-0.302229,0.206312,2.329412,-0.980317,1.234592
7.154247,0.212014,-0.301995,0.205649,2.336654,-0.981091,1.225654
7.157493,0.211894,-0.301795,0.205028,2.342291,-0.979846,1.217502
7.160909,0.211766,-0.301620,0.204415,2.347645,-0.978016,1.209082
7.163756,0.211794,-0.301647,0.204319,2.348776,-0.976162,1.207631
7.167409,0.211879,-0.301739,0.204236,2.349344,-0.974131,1.207189
7.170864,0.212072,-0.302007,0.204528,2.343173,-0.969495,1.214698
7.173988,0.212380,-0.302330,0.204950,2.339471,-0.969444,1.227576
7.177224,0.212687,-0.302664,0.205367,2.333015,-0.967613,1.237705
7.180518,0.212947,-0.303040,0.205881,2.324764,-0.964461,1.245475
7.184191,0.213057,-0.303371,0.206352,2.312124,-0.960555,1.255558
7.187261,0.212986,-0.303442,0.206309,2.319390,-0.963508,1.246403
7.190279,0.212683,-0.303197,0.205643,2.319649,-0.960107,1.237232
7.193787,0.212483,-0.303174,0.205462,2.324938,-0.959059,1.224097
7.197029,0.212323,-0.303112,0.205179,2.328285,-0.957754,1.220307
7.200084,0.212322,-0.303059,0.204959,2.336814,-0.958485,1.214002
7.203443,0.212486,-0.303108,0.204846,2.331471,-0.957708,1.223678
7.207143,0.212779,-0.303401,0.205197,2.331350,-0.960776,1.227297
7.210767,0.212973,-0.303436,0.205060,2.329182,-0.962843,1.236863
7.213676,0.213138,-0.303497,0.204923,2.331966,-0.967426,1.242041
7.217664,0.212921,-0.303721,0.204896,2.331884,-0.965465,1.237965
7.222248,0.212547,-0.303919,0.204932,2.332194,-0.961146,1.229797
7.224672,0.212173,-0.304106,0.204979,2.331953,-0.957166,1.223829
7.240882,0.212254,-0.304279,0.204935,2.331572,-0.955752,1.226324
7.242167,0.212486,-0.304425,0.204965,2.322768,-0.952090,1.232521
7.254050,0.213063,-0.304378,0.204882,2.305396,-0.948732,1.251789
7.256031,0.213433,-0.304652,0.205622,2.302935,-0.952449,1.265925
7.259493,0.214341,-0.304639,0.205868,2.284722,-0.949406,1.289829
7.262458,0.214530,-0.305022,0.206826,2.275178,-0.943742,1.301462
7.272865,0.214604,-0.305567,0.207779,2.259854,-0.937699,1.317161
7.284987,0.214671,-0.306164,0.208708,2.258798,-0.936956,1.322798
7.288320,0.214809,-0.305898,0.207324,2.253426,-0.934007,1.321279
7.309289,0.214391,-0.305980,0.206436,2.267068,-0.947339,1.314291
7.323864,0.214483,-0.306258,0.206091,2.258280,-0.945964,1.319855
7.327061,0.214559,-0.306394,0.205688,2.261241,-0.943189,1.315213
7.331388,0.214649,-0.306638,0.205399,2.263331,-0.942708,1.313774
7.333953,0.214880,-0.307378,0.206351,2.251484,-0.933635,1.325728
7.341052,0.215108,-0.308150,0.207286,2.238737,-0.915928,1.330603
7.353513,0.214725,-0.307566,0.205360,2.265465,-0.924437,1.304317
7.356879,0.214347,-0.306952,0.203437,2.291730,-0.936048,1.278271
7.367623,0.213949,-0.306284,0.201376,2.317143,-0.943126,1.249878
7.370971,0.213603,-0.305792,0.199497,2.319418,-0.944587,1.243480
7.379790,0.213273,-0.305220,0.197660,2.342353,-0.955477,1.217253
7.383219,0.213328,-0.305375,0.197526,2.342030,-0.954547,1.216126
7.385998,0.213392,-0.305532,0.197400,2.340158,-0.952958,1.214702
7.392587,0.213805,-0.305748,0.197171,2.327732,-0.960835,1.235896
7.396273,0.214094,-0.305832,0.197071,2.350059,-0.966988,1.213780
7.402656,0.214552,-0.306632,0.197583,2.337868,-0.951935,1.219542
7.406131,0.214636,-0.307088,0.198110,2.336151,-0.949022,1.216484
7.412798,0.214252,-0.307252,0.197883,2.335950,-0.950682,1.215363
7.415894,0.214009,-0.307179,0.197641,2.344785,-0.943871,1.196551
7.422953,0.214116,-0.306625,0.196480,2.343811,-0.945326,1.198672
7.426300,0.214259,-0.306646,0.196585,2.356046,-0.958003,1.192673
7.432779,0.214658,-0.306953,0.197178,2.339887,-0.954815,1.209122
7.436077,0.214907,-0.307393,0.197890,2.322480,-0.947671,1.225141
7.442995,0.215148,-0.308036,0.198725,2.323610,-0.946563,1.221749
7.446016,0.215145,-0.308202,0.198867,2.310625,-0.931895,1.228883
7.452848,0.215315,-0.308875,0.200135,2.297294,-0.914765,1.234681
7.456611,0.215313,-0.309085,0.200526,2.301580,-0.901820,1.225291
7.463335,0.215430,-0.309908,0.202025,2.310126,-0.896545,1.211057
7.466379,0.215187,-0.309784,0.201635,2.297711,-0.881675,1.218738
7.473041,0.214894,-0.309622,0.201206,2.300773,-0.883022,1.213457
7.512669,0.214664,-0.309846,0.200117,2.323595,-0.919257,1.212542
7.515681,0.214636,-0.309254,0.199283,2.333589,-0.920893,1.200045
7.526462,0.214127,-0.307566,0.195916,2.338883,-0.918615,1.192491
7.533145,0.213639,-0.307396,0.194446,2.349771,-0.930169,1.186605
7.536257,0.213579,-0.307642,0.194294,2.363572,-0.945734,1.176350
7.542509,0.213671,-0.307741,0.194075,2.358055,-0.945350,1.180383
7.546320,0.213836,-0.307694,0.193961,2.354875,-0.953682,1.189051
7.552892,0.214189,-0.308058,0.194331,2.341125,-0.953034,1.203412
7.555853,0.214374,-0.308403,0.194780,2.337584,-0.954409,1.207722
7.563454,0.214509,-0.308977,0.195365,2.324279,-0.945664,1.216447
7.565740,0.214533,-0.309210,0.195669,2.322626,-0.944284,1.214414
7.572575,0.214532,-0.309271,0.195665,2.311427,-0.930745,1.218783
7.576258,0.214627,-0.309612,0.196352,2.311885,-0.928019,1.216563
7.582791,0.214894,-0.310089,0.197771,2.302910,-0.918202,1.225303
7.586469,0.215067,-0.310064,0.198160,2.328292,-0.947512,1.213353
7.608471,0.215267,-0.310048,0.198420,2.322423,-0.942501,1.223246
7.618711,0.215397,-0.309761,0.198136,2.326840,-0.950664,1.227843
7.622411,0.215044,-0.308315,0.195781,2.351608,-0.983337,1.216286
7.626160,0.214645,-0.307081,0.193391,2.374513,-1.010087,1.199064
7.629125,0.214205,-0.305934,0.191197,2.373935,-1.010460,1.199250
7.648256,0.213293,-0.303583,0.186929,2.394900,-1.038451,1.181019
7.679145,0.213893,-0.304889,0.189020,2.387146,-1.039071,1.187052
7.680621,0.214600,-0.306319,0.191104,2.355352,-1.016184,1.220175
7.694475,0.215364,-0.307692,0.193052,2.335425,-0.996184,1.237373
7.697599,0.215969,-0.309141,0.194984,2.314409,-0.964222,1.243959
7.703688,0.216445,-0.311107,0.197229,2.283412,-0.938036,1.268480
7.707952,0.216409,-0.311287,0.197242,2.285818,-0.941604,1.270000
7.718271,0.216393,-0.311495,0.197339,2.310015,-0.948068,1.247857
7.746623,0.217526,-0.311184,0.196672,2.305699,-0.949228,1.253931
7.750437,0.217695,-0.311075,0.196448,2.301241,-0.959596,1.271555
7.756926,0.217820,-0.311003,0.196292,2.305398,-0.962420,1.270263
7.760928,0.217873,-0.311021,0.196165,2.305802,-0.962161,1.271218
7.763945,0.217936,-0.311007,0.196080,2.289662,-0.959029,1.283463
7.767313,0.218001,-0.311001,0.195975,2.290978,-0.960372,1.283019
7.770810,0.218087,-0.310955,0.195823,2.294267,-0.961840,1.280973
7.774397,0.218155,-0.310949,0.195643,2.299252,-0.964113,1.278024
7.777588,0.218343,-0.310944,0.195569,2.295528,-0.964374,1.281625
7.780867,0.218517,-0.311087,0.195644,2.295784,-0.966606,1.283561
7.784276,0.218621,-0.311358,0.195956,2.288484,-0.953726,1.284464
7.786948,0.218715,-0.311654,0.196322,2.277836,-0.950712,1.294362
7.791023,0.218792,-0.311902,0.196701,2.272705,-0.950774,1.299753
7.794230,0.218733,-0.312159,0.197152,2.276377,-0.935641,1.286739
7.797177,0.218722,-0.312640,0.197694,2.264217,-0.932872,1.298068
7.801302,0.218871,-0.312772,0.197889,2.260721,-0.932328,1.301203
7.804054,0.219026,-0.312881,0.197950,2.266859,-0.935901,1.293766
7.807598,0.219182,-0.312991,0.198011,2.264799,-0.934912,1.294877
7.811162,0.219365,-0.313298,0.198313,2.253942,-0.941734,1.310889
7.814114,0.219578,-0.313367,0.198532,2.254157,-0.968294,1.317891
7.817633,0.219829,-0.313679,0.198991,2.252077,-1.003390,1.331299
7.830501,0.220471,-0.313651,0.198729,2.266235,-1.015698,1.320857
7.834301,0.220275,-0.312800,0.197042,2.281652,-1.029621,1.308623
7.837814,0.219954,-0.311925,0.195215,2.305005,-1.054806,1.292054
7.840994,0.219357,-0.310883,0.193085,2.333604,-1.042741,1.258344
7.843506,0.218778,-0.309869,0.190852,2.359932,-1.029777,1.225911
7.847386,0.218651,-0.309789,0.190478,2.364081,-1.029195,1.220892
7.850656,0.218353,-0.309600,0.189919,2.370493,-1.029982,1.212386
7.854757,0.218211,-0.309270,0.188963,2.385514,-1.030412,1.194545
7.857637,0.218228,-0.309074,0.188232,2.393441,-1.030466,1.185884
7.860812,0.218404,-0.309746,0.189171,2.382177,-1.027156,1.197611
7.864282,0.218583,-0.310399,0.190118,2.369708,-1.021507,1.208642
7.867786,0.218930,-0.311150,0.191269,2.356775,-1.014970,1.221718
7.871063,0.219133,-0.312050,0.192828,2.332221,-1.004727,1.244974
7.874022,0.219292,-0.312990,0.194494,2.311346,-0.998387,1.263524
7.877044,0.219283,-0.313073,0.194536,2.309325,-0.997966,1.260870
7.881179,0.219311,-0.313166,0.194590,2.309468,-0.997452,1.260511
7.884215,0.219347,-0.313274,0.194635,2.308341,-0.996225,1.260959
7.887836,0.219336,-0.313621,0.194576,2.298054,-0.991040,1.270239
7.890708,0.219350,-0.313615,0.193788,2.298988,-0.987121,1.265401
7.894211,0.219501,-0.313137,0.192959,2.317007,-0.991572,1.256818
7.896809,0.219477,-0.312578,0.192005,2.323632,-0.992845,1.255834
7.900415,0.219321,-0.312058,0.191067,2.337139,-0.995046,1.240519
7.904362,0.219154,-0.311547,0.190158,2.364812,-1.005278,1.211405
7.907233,0.219229,-0.311569,0.190133,2.365519,-1.006333,1.213226
7.910702,0.219159,-0.312022,0.190208,2.352608,-1.000071,1.220857
7.914178,0.219230,-0.312544,0.190392,2.361066,-1.002456,1.208832
7.917363,0.219302,-0.312562,0.190398,2.350062,-0.999538,1.221656
7.921003,0.219497,-0.312364,0.190532,2.349435,-0.998882,1.227740
7.924148,0.219429,-0.311919,0.190396,2.361220,-1.004610,1.221343
7.927321,0.219272,-0.311815,0.190254,2.369803,-1.008771,1.212158
7.930850,0.219114,-0.311712,0.190116,2.365652,-1.005724,1.210542
7.933765,0.219057,-0.312091,0.190218,2.377630,-1.011508,1.204140
7.937351,0.218915,-0.312440,0.190283,2.372534,-1.010226,1.204614
7.940825,0.218492,-0.312783,0.190406,2.368143,-1.004385,1.195907
7.944241,0.218062,-0.313049,0.190623,2.368784,-1.007050,1.194908
7.947153,0.217758,-0.312964,0.190801,2.367504,-1.004821,1.192646
7.950933,0.217811,-0.312784,0.190808,2.366601,-1.003828,1.192146
7.954149,0.217863,-0.312604,0.190815,2.369696,-1.004408,1.193611
7.957809,0.217820,-0.312698,0.190882,2.368491,-1.007550,1.196732
7.961132,0.217868,-0.312556,0.190853,2.367738,-1.004576,1.194533
7.963833,0.217748,-0.312754,0.190850,2.367643,-1.008509,1.198067
7.971277,0.217277,-0.313234,0.190930,2.363321,-1.005364,1.191262
7.987306,0.216806,-0.313716,0.191010,2.358081,-1.007907,1.188060
7.995761,0.216745,-0.313943,0.190980,2.357779,-1.011418,1.187548
8.004179,0.216651,-0.315446,0.192544,2.340886,-0.994562,1.193626
8.006957,0.216591,-0.316442,0.194071,2.328578,-0.975797,1.193987
8.015855,0.216510,-0.317462,0.195597,2.316223,-0.961565,1.202156
8.050410,0.217034,-0.318631,0.198124,2.306723,-0.958805,1.219258
8.060545,0.217618,-0.318048,0.197643,2.296561,-0.957575,1.240821
8.065491,0.217725,-0.317797,0.197464,2.302275,-0.958607,1.239398
8.068264,0.217808,-0.317572,0.197345,2.304362,-0.962243,1.242482
8.071414,0.217914,-0.317566,0.197262,2.302146,-0.960156,1.247345
8.078948,0.217711,-0.318019,0.197722,2.299118,-0.956693,1.252152
8.090331,0.218625,-0.317874,0.197894,2.286611,-0.950341,1.272279
8.092195,0.219198,-0.316962,0.196703,2.299375,-0.969670,1.275895
8.100212,0.219598,-0.315971,0.195249,2.307248,-0.983975,1.283965
8.103643,0.219855,-0.315109,0.193840,2.323203,-1.001281,1.279260
8.109902,0.219766,-0.314481,0.192512,2.334025,-1.001297,1.266118
8.113696,0.219573,-0.314034,0.191371,2.355208,-1.005509,1.235656
8.116769,0.219609,-0.314182,0.191095,2.350208,-1.000019,1.237430
8.120478,0.219661,-0.314372,0.191034,2.351096,-0.997934,1.233643
8.123443,0.219751,-0.314289,0.190896,2.349142,-0.996107,1.236143
8.126798,0.219781,-0.314243,0.190852,2.352880,-0.997688,1.233444
8.130170,0.219802,-0.314180,0.190731,2.355396,-0.996272,1.226707
8.134105,0.219729,-0.314104,0.190715,2.358650,-0.996321,1.222789
8.137260,0.219693,-0.314030,0.190672,2.359138,-0.994281,1.213279
8.140858,0.219520,-0.314046,0.190583,2.362071,-0.992605,1.206295
8.144070,0.219488,-0.314060,0.190450,2.365183,-0.991173,1.198118
8.147480,0.219508,-0.314108,0.190439,2.364070,-0.990713,1.200699
8.150575,0.219616,-0.314185,0.190412,2.362698,-0.991654,1.200707
8.153758,0.219670,-0.314274,0.190444,2.361065,-0.993531,1.206480
8.157616,0.219821,-0.314452,0.190478,2.357524,-0.998076,1.213479
8.164339,0.219901,-0.314740,0.190378,2.358463,-0.998862,1.213796
8.167221,0.219898,-0.314732,0.190360,2.355419,-0.994970,1.207930
8.170420,0.219953,-0.314768,0.190304,2.356084,-0.994830,1.207382
8.173513,0.220014,-0.314678,0.190258,2.358328,-0.998021,1.210554
8.176860,0.220008,-0.314563,0.190264,2.363038,-0.997448,1.203145
8.180454,0.220040,-0.314420,0.190290,2.361145,-0.999035,1.204403
8.183922,0.220057,-0.314374,0.190276,2.367797,-1.007202,1.206775
8.187437,0.220027,-0.314332,0.190251,2.369143,-1.008993,1.203418
8.190596,0.219932,-0.314336,0.190226,2.371282,-1.008744,1.196888
8.194148,0.219916,-0.314401,0.190217,2.370522,-1.009580,1.196206
8.197476,0.219861,-0.314514,0.190167,2.369644,-1.009456,1.195606
8.200608,0.219834,-0.314635,0.190142,2.370031,-1.009133,1.192547
8.203918,0.219823,-0.314728,0.190158,2.369032,-1.008488,1.194139
8.207243,0.219841,-0.314886,0.190214,2.368135,-1.007105,1.193366
8.210826,0.219825,-0.315033,0.190253,2.366481,-1.005685,1.194019
8.214118,0.219859,-0.315040,0.190369,2.366054,-1.005976,1.196487
8.217099,0.219920,-0.315004,0.190402,2.366736,-1.006606,1.197813
8.220628,0.219952,-0.314917,0.190412,2.369757,-1.008516,1.196816
8.224213,0.220018,-0.314781,0.190403,2.371426,-1.011849,1.197808
8.227356,0.220071,-0.314708,0.190409,2.372469,-1.014195,1.198982
8.230730,0.220119,-0.314746,0.190398,2.372397,-1.014483,1.197620
8.233573,0.220113,-0.314838,0.190468,2.370829,-1.014883,1.199520
8.236759,0.220130,-0.314932,0.190558,2.368709,-1.015254,1.200680
8.240472,0.220131,-0.315051,0.190651,2.367548,-1.014703,1.201880
8.243998,0.220142,-0.315116,0.190730,2.366153,-1.016339,1.202939
8.247095,0.220126,-0.315230,0.190793,2.365551,-1.017782,1.202231
8.250492,0.220134,-0.315343,0.190886,2.363733,-1.017111,1.201389
8.253862,0.220162,-0.315513,0.191040,2.360879,-1.014878,1.202264
8.257485,0.220187,-0.315671,0.191176,2.356796,-1.013850,1.203124
8.260417,0.220206,-0.315821,0.191314,2.355311,-1.013533,1.203485
8.263641,0.220245,-0.315876,0.191469,2.353243,-1.012153,1.204427
8.267200,0.220300,-0.315912,0.191583,2.351960,-1.012651,1.204466
8.270775,0.220413,-0.315940,0.191667,2.352072,-1.012861,1.205617
8.274092,0.220569,-0.315968,0.191769,2.353028,-1.011203,1.204832
8.277344,0.220704,-0.315973,0.191827,2.351423,-1.006244,1.208466
8.283319,0.220921,-0.315535,0.191483,2.360043,-1.009608,1.204346
8.300504,0.221103,-0.315086,0.191120,2.369099,-1.021593,1.207504
8.313141,0.221325,-0.314941,0.190871,2.371866,-1.029375,1.211526
8.316413,0.221407,-0.314957,0.191020,2.372412,-1.035670,1.214793
8.319715,0.221471,-0.314883,0.191238,2.375301,-1.037751,1.214250
8.325405,0.221742,-0.315374,0.191945,2.376237,-1.035518,1.213369
8.331372,0.221765,-0.315591,0.192199,2.368471,-1.021355,1.214243
8.336043,0.221643,-0.315418,0.192300,2.374042,-1.016836,1.202385
8.339235,0.221631,-0.314991,0.192029,2.383166,-1.016781,1.192789
8.348101,0.221798,-0.314740,0.191831,2.391671,-1.019558,1.184298
8.371430,0.221701,-0.314178,0.191633,2.386422,-1.014378,1.182916
8.381314,0.221733,-0.313649,0.191481,2.402257,-1.020279,1.166304
8.386393,0.221783,-0.313171,0.191317,2.410867,-1.023114,1.159295
8.387770,0.221895,-0.312827,0.191206,2.415991,-1.022335,1.154812
8.392554,0.221875,-0.312418,0.190994,2.419833,-1.024055,1.149101
8.395634,0.221850,-0.312220,0.190737,2.431556,-1.033216,1.144291
8.402685,0.221965,-0.312466,0.191314,2.423401,-1.035198,1.153057
8.404308,0.222158,-0.312887,0.191965,2.414510,-1.032321,1.161835
8.414371,0.222292,-0.313278,0.192564,2.408532,-1.031444,1.168081
8.416949,0.222427,-0.313660,0.193166,2.397041,-1.032907,1.178052
8.426265,0.222399,-0.314309,0.193857,2.386065,-1.046149,1.195873
8.430032,0.222340,-0.314832,0.194064,2.380296,-1.044074,1.194684
8.439612,0.222203,-0.315181,0.194197,2.376029,-1.046262,1.192617
8.442872,0.222085,-0.315510,0.194303,2.373617,-1.046207,1.193288
8.445701,0.221948,-0.315909,0.194514,2.374644,-1.042954,1.185500
8.448841,0.221970,-0.316105,0.194634,2.371255,-1.027125,1.175008
8.452837,0.221976,-0.316294,0.194825,2.363612,-1.023280,1.180501
8.455964,0.221966,-0.316480,0.195015,2.361658,-1.022091,1.179765
8.458999,0.221925,-0.316657,0.195196,2.357115,-1.021503,1.176965
8.463005,0.222182,-0.317180,0.195761,2.349377,-1.017233,1.185496
8.465682,0.222393,-0.317686,0.196341,2.342621,-1.012883,1.190935
8.469295,0.222666,-0.318128,0.196919,2.342185,-1.010373,1.192513
8.472808,0.222902,-0.318665,0.197802,2.330743,-0.999978,1.217368
8.476530,0.223162,-0.319202,0.198700,2.320980,-0.996000,1.226698
8.479324,0.223119,-0.319324,0.199095,2.317279,-0.996254,1.228955
8.482159,0.223155,-0.319181,0.198902,2.334039,-1.001806,1.221927
8.486209,0.222974,-0.318935,0.198661,2.345686,-1.006288,1.208295
8.489189,0.222846,-0.318598,0.198117,2.361726,-1.015250,1.179343
8.493464,0.222738,-0.318253,0.197578,2.378836,-1.022917,1.169035
8.495625,0.222620,-0.317961,0.197155,2.392002,-1.026914,1.155378
8.498695,0.222442,-0.317912,0.197267,2.385464,-1.027065,1.152252
8.502225,0.222520,-0.318010,0.197514,2.382951,-1.028284,1.157052
8.505577,0.222761,-0.318078,0.198276,2.374356,-1.029093,1.171903
8.508661,0.222958,-0.318152,0.199018,2.360352,-1.024529,1.185083
8.513298,0.223077,-0.318048,0.199060,2.360852,-1.025104,1.186649
8.515406,0.223205,-0.317940,0.199078,2.358131,-1.021955,1.191291
8.521399,0.223247,-0.317911,0.199205,2.359311,-1.023151,1.191531
8.525669,0.223114,-0.317927,0.198848,2.366826,-1.024975,1.180287
8.529301,0.223050,-0.317960,0.198511,2.367402,-1.022890,1.176317
8.532667,0.223275,-0.318015,0.198959,2.370063,-1.027394,1.179494
8.536149,0.223505,-0.318026,0.199428,2.367581,-1.029489,1.186440
8.539289,0.223741,-0.317944,0.199670,2.361272,-1.025906,1.197487
8.542533,0.223977,-0.317905,0.200005,2.363946,-1.027170,1.197513
8.546134,0.223992,-0.318195,0.200530,2.361688,-1.027388,1.197674
8.549323,0.223828,-0.318595,0.200864,2.346048,-1.019618,1.205928
8.552966,0.223696,-0.319017,0.201214,2.353175,-1.022790,1.198605
8.556312,0.223701,-0.319185,0.201636,2.344096,-1.020114,1.203000
8.559353,0.223718,-0.319289,0.201938,2.333677,-1.017650,1.214235
8.562735,0.223868,-0.318816,0.201673,2.346352,-1.024648,1.209417
8.566027,0.224017,-0.318343,0.201407,2.359678,-1.031507,1.203507
8.568979,0.224122,-0.317890,0.201133,2.356786,-1.030117,1.203124
8.572610,0.224075,-0.317864,0.200750,2.372675,-1.037369,1.192498
8.575998,0.224004,-0.317869,0.200421,2.378204,-1.037710,1.184913
8.579471,0.223927,-0.318098,0.200442,2.375398,-1.036070,1.183591
8.582981,0.223864,-0.318292,0.200451,2.373301,-1.035891,1.182882
8.586159,0.223791,-0.318481,0.200428,2.377556,-1.042245,1.186573
8.589264,0.223843,-0.318164,0.200568,2.376691,-1.042644,1.184320
8.592833,0.223856,-0.318152,0.200551,2.380653,-1.048881,1.187607
8.596367,0.223876,-0.318173,0.200584,2.381721,-1.048973,1.187423
8.599102,0.223882,-0.318229,0.200630,2.381873,-1.047499,1.186179
8.602714,0.224032,-0.317970,0.200784,2.381422,-1.046896,1.187186
8.606410,0.224100,-0.318010,0.200839,2.383761,-1.050185,1.191190
8.609697,0.224222,-0.317772,0.200983,2.376791,-1.045412,1.194976
8.612610,0.224359,-0.317707,0.201156,2.379897,-1.049296,1.196931
8.616089,0.224434,-0.317926,0.201286,2.373594,-1.046969,1.201966
8.618846,0.224415,-0.318473,0.201322,2.362970,-1.038571,1.203391
8.623216,0.224415,-0.318808,0.201409,2.357095,-1.033731,1.204322
8.626001,0.224428,-0.319091,0.201498,2.357703,-1.033244,1.200980
8.629814,0.224334,-0.319008,0.201193,2.353771,-1.026801,1.197055
8.632564,0.224332,-0.318533,0.200930,2.361121,-1.028832,1.193145
8.636419,0.224311,-0.318052,0.200661,2.368733,-1.032420,1.189484
8.641841,0.224501,-0.318003,0.200780,2.365543,-1.030432,1.193132
8.657927,0.224691,-0.317941,0.200912,2.364157,-1.030613,1.198243
8.671760,0.224987,-0.318044,0.201367,2.361711,-1.034249,1.208678
8.675538,0.225252,-0.318309,0.201759,2.355035,-1.033646,1.216305
8.681838,0.225476,-0.318614,0.202160,2.351748,-1.034662,1.221889
8.684959,0.225368,-0.318764,0.202310,2.350962,-1.038029,1.223165
8.695744,0.225292,-0.318939,0.202462,2.348766,-1.038475,1.223555
8.697895,0.225267,-0.319036,0.202590,2.346742,-1.038583,1.224264
8.720905,0.225267,-0.319086,0.202788,2.345858,-1.042142,1.226727
8.723427,0.225289,-0.319122,0.202965,2.340931,-1.042373,1.230710
8.735375,0.225384,-0.319100,0.202948,2.341064,-1.042933,1.231361
8.739245,0.225441,-0.319065,0.202913,2.340530,-1.038961,1.229012
8.746485,0.225400,-0.319140,0.202916,2.339686,-1.040265,1.229608
8.748600,0.225370,-0.319216,0.202922,2.340598,-1.038154,1.228881
8.758876,0.225344,-0.319283,0.202930,2.342031,-1.037033,1.228852
8.760576,0.225308,-0.319457,0.202879,2.340680,-1.036045,1.228418
8.768300,0.225253,-0.319676,0.202807,2.340672,-1.036709,1.228393
8.777937,0.225252,-0.319861,0.202715,2.337877,-1.035650,1.227838
8.781876,0.225237,-0.320021,0.202572,2.336295,-1.036230,1.227262
8.785185,0.225243,-0.320094,0.202428,2.335102,-1.034219,1.225942
8.788882,0.225272,-0.320096,0.202284,2.338184,-1.036632,1.225040
8.792235,0.225303,-0.320053,0.202163,2.339246,-1.038331,1.225899
8.795226,0.225336,-0.320014,0.202052,2.340606,-1.037409,1.224819
8.798272,0.225351,-0.320018,0.201934,2.341223,-1.038987,1.225491
8.802061,0.225353,-0.320067,0.201837,2.346259,-1.043235,1.219872
8.805250,0.225315,-0.320087,0.201774,2.343950,-1.042224,1.221123
8.808621,0.225294,-0.320120,0.201735,2.343407,-1.045167,1.221836
8.812124,0.225268,-0.320174,0.201662,2.343502,-1.046300,1.222369
8.815045,0.225215,-0.320124,0.201254,2.347131,-1.045792,1.216156
8.818465,0.225127,-0.320123,0.200811,2.347054,-1.045986,1.215874
8.822454,0.225031,-0.320123,0.200345,2.348603,-1.043088,1.205443
8.825299,0.224871,-0.320403,0.199761,2.353683,-1.043728,1.198824
8.829256,0.224786,-0.320386,0.199275,2.355511,-1.042308,1.190084
8.831977,0.224709,-0.320540,0.199122,2.355290,-1.043392,1.190112
8.835225,0.224689,-0.320606,0.199021,2.353685,-1.042961,1.189607
8.838290,0.224697,-0.320659,0.198921,2.356980,-1.047058,1.193712
8.841965,0.224800,-0.320417,0.198938,2.356362,-1.047877,1.194557
8.845322,0.224787,-0.320459,0.198881,2.359119,-1.050930,1.198922
8.848553,0.224783,-0.320435,0.198898,2.356817,-1.046465,1.195278
8.852121,0.224745,-0.320494,0.198874,2.357535,-1.047163,1.196221
8.855554,0.224738,-0.320549,0.198902,2.356999,-1.046958,1.196871
8.858447,0.224538,-0.320991,0.199132,2.349661,-1.042618,1.198315
8.862166,0.224377,-0.321433,0.199363,2.342257,-1.038530,1.199477
8.865523,0.224214,-0.321832,0.199550,2.343750,-1.040738,1.199151
8.868963,0.224077,-0.322186,0.199690,2.337164,-1.037109,1.200409
8.871767,0.224022,-0.322306,0.199961,2.332555,-1.037156,1.204929
8.875691,0.224134,-0.322040,0.200017,2.335263,-1.041204,1.208835
8.878052,0.224251,-0.321759,0.200066,2.338363,-1.044398,1.211272
8.881157,0.224345,-0.321515,0.200107,2.334501,-1.045652,1.218723
8.884324,0.224416,-0.321294,0.200204,2.336974,-1.048782,1.221659
8.888089,0.224397,-0.321301,0.200171,2.337560,-1.048506,1.220929
8.891093,0.224405,-0.321329,0.200163,2.337140,-1.047555,1.221786
8.894315,0.224404,-0.321387,0.200202,2.336681,-1.047152,1.222889
8.898055,0.224396,-0.321593,0.200222,2.332666,-1.044258,1.226165
8.901735,0.224292,-0.321773,0.200214,2.331102,-1.041235,1.224332
8.904710,0.224177,-0.321956,0.200199,2.332872,-1.039296,1.220542
8.908312,0.224075,-0.321984,0.199896,2.330223,-1.037191,1.220912
8.911732,0.223967,-0.321952,0.199488,2.334316,-1.037997,1.215452
8.914869,0.223900,-0.321754,0.199129,2.342571,-1.041320,1.207899
8.918421,0.223855,-0.321659,0.199059,2.345282,-1.043826,1.207241
8.922004,0.223811,-0.321572,0.199005,2.343282,-1.045164,1.209760
8.924941,0.223714,-0.321647,0.199235,2.345742,-1.047154,1.207342
8.928183,0.223608,-0.321801,0.199507,2.340734,-1.045993,1.210711
8.931751,0.223269,-0.321937,0.199708,2.345897,-1.041583,1.202116
8.935000,0.222924,-0.321954,0.199567,2.352735,-1.036282,1.192351
8.938253,0.222478,-0.321990,0.199480,2.363268,-1.033729,1.178062
8.941571,0.222054,-0.322006,0.199337,2.373593,-1.029174,1.162718
8.944939,0.221637,-0.322043,0.199188,2.383171,-1.025126,1.149487
8.948435,0.221483,-0.322076,0.199054,2.384097,-1.026740,1.146795
8.951904,0.221626,-0.321944,0.198880,2.385556,-1.035332,1.150643
8.954973,0.221879,-0.321766,0.198622,2.385166,-1.040808,1.156703
8.958509,0.222060,-0.321529,0.198313,2.385893,-1.049335,1.163192
8.961974,0.222246,-0.321230,0.198032,2.389114,-1.058387,1.168020
8.968735,0.222321,-0.321084,0.197987,2.389108,-1.064023,1.172493
8.973915,0.221950,-0.321478,0.198232,2.371092,-1.057803,1.193277
8.987956,0.221638,-0.321912,0.198512,2.364259,-1.053348,1.190379
9.003048,0.221376,-0.322507,0.198827,2.359673,-1.050134,1.191977
9.005646,0.221161,-0.323659,0.200336,2.332769,-1.040944,1.217826
9.014022,0.220868,-0.325053,0.201863,2.308548,-1.024353,1.233130
9.025458,0.220790,-0.326120,0.203211,2.302952,-1.017499,1.226204
9.027472,0.219965,-0.326337,0.202572,2.311577,-1.026441,1.215994
9.048980,0.219153,-0.326459,0.201978,2.315767,-1.030784,1.199341
9.063860,0.218815,-0.327234,0.202604,2.320422,-1.014893,1.180695
9.071651,0.218631,-0.327733,0.203290,2.322416,-1.004540,1.175587
9.082131,0.218483,-0.328206,0.204003,2.325257,-0.991959,1.169604
9.091788,0.219408,-0.329418,0.206656,2.290707,-0.979832,1.213921
9.097539,0.220334,-0.330621,0.209313,2.256329,-0.968893,1.259521
9.103389,0.220762,-0.330612,0.209567,2.245589,-0.970676,1.274463
9.107267,0.221303,-0.330491,0.209462,2.235512,-0.988952,1.300258
9.110562,0.221823,-0.330389,0.209341,2.224231,-1.004919,1.324995
9.113526,0.221778,-0.330734,0.209566,2.236314,-0.986104,1.301715
9.117900,0.221928,-0.331190,0.209864,2.230321,-0.998367,1.306947
9.121160,0.222036,-0.331670,0.210221,2.220840,-1.021996,1.320399
9.124497,0.222039,-0.332121,0.210701,2.229884,-1.001503,1.296287
9.127617,0.221705,-0.332295,0.211159,2.231278,-1.025899,1.297787
9.130594,0.221652,-0.332021,0.211067,2.226333,-1.041992,1.314181
9.134026,0.221387,-0.331634,0.210897,2.240169,-1.027844,1.302771
9.137744,0.221123,-0.331256,0.210637,2.259056,-1.000308,1.276535
9.141197,0.220672,-0.331010,0.210396,2.256584,-1.018821,1.292068
9.144563,0.220714,-0.330957,0.210161,2.262437,-0.989117,1.278098
9.147727,0.220594,-0.331023,0.210149,2.264353,-0.983059,1.272113
