t_sec,x_m,y_m,z_m,rx_rad,ry_rad,rz_rad
2.378398,0.276996,-0.086866,0.380249,0.626984,-0.422210,2.144453
2.385752,0.277356,-0.086237,0.378693,0.590350,-0.413848,2.148915
2.398286,0.280221,-0.085502,0.375094,0.567496,-0.408124,2.150999
2.402219,0.280812,-0.084742,0.373369,0.575829,-0.417112,2.153623
2.405735,0.281160,-0.083903,0.371479,0.577027,-0.433956,2.152079
2.409108,0.281405,-0.082862,0.369062,0.602593,-0.432361,2.149442
2.415467,0.281222,-0.079440,0.362595,0.639001,-0.451294,2.144571
2.425684,0.282003,-0.077898,0.357426,0.676575,-0.471789,2.138314
2.428796,0.282472,-0.077413,0.355638,0.680280,-0.477294,2.134030
2.438955,0.283233,-0.076490,0.352183,0.674032,-0.478839,2.133514
2.442637,0.283329,-0.076198,0.350451,0.672703,-0.479491,2.130104
2.445792,0.283409,-0.075913,0.348822,0.674177,-0.487376,2.124340
2.449184,0.283528,-0.075623,0.347324,0.671665,-0.491716,2.121931
2.458642,0.284533,-0.074575,0.342705,0.673803,-0.497995,2.118273
2.462137,0.284912,-0.074169,0.341173,0.674687,-0.505636,2.115079
2.464947,0.285159,-0.073802,0.339602,0.664470,-0.521127,2.112048
2.468682,0.285297,-0.073384,0.337997,0.671513,-0.524946,2.109331
2.472225,0.285522,-0.072853,0.336194,0.685916,-0.536574,2.103089
2.475084,0.285572,-0.072423,0.334712,0.686685,-0.542936,2.100640
2.478508,0.285755,-0.071951,0.333168,0.687653,-0.551045,2.098050
2.482769,0.285977,-0.071564,0.331766,0.686966,-0.559269,2.095178
2.485510,0.286165,-0.071351,0.330469,0.681212,-0.563764,2.093573
2.488750,0.286270,-0.071126,0.329254,0.672160,-0.566219,2.092573
2.492198,0.286532,-0.070815,0.327847,0.675874,-0.572812,2.088401
2.495178,0.286711,-0.070688,0.326529,0.676795,-0.574188,2.085471
2.498749,0.286783,-0.070577,0.325218,0.688363,-0.570434,2.081408
2.502358,0.286801,-0.070485,0.323945,0.694714,-0.579445,2.076610
2.509011,0.287117,-0.070223,0.321224,0.700136,-0.586032,2.074486
2.515639,0.287817,-0.069620,0.318438,0.706652,-0.588531,2.072291
2.518775,0.288373,-0.069227,0.316979,0.715030,-0.595425,2.069227
2.522496,0.288868,-0.068942,0.315631,0.712676,-0.608755,2.067375
2.524996,0.289209,-0.068891,0.314537,0.708654,-0.606547,2.069350
2.528821,0.289376,-0.068904,0.313660,0.704171,-0.603217,2.067814
2.532401,0.289591,-0.068807,0.312343,0.704309,-0.607440,2.066728
2.535152,0.289767,-0.068702,0.311242,0.703251,-0.606122,2.065055
2.538566,0.289900,-0.068781,0.310143,0.695547,-0.596924,2.062444
2.542238,0.290220,-0.068731,0.308901,0.698513,-0.591012,2.057284
2.544715,0.290550,-0.068751,0.307777,0.699673,-0.589938,2.053463
2.549154,0.291028,-0.069523,0.307574,0.680322,-0.578033,2.050297
2.551866,0.291450,-0.070412,0.307452,0.661211,-0.568022,2.048388
2.555784,0.291966,-0.071005,0.307265,0.651545,-0.565743,2.049013
2.558573,0.292154,-0.070778,0.306046,0.658738,-0.575587,2.049382
2.562526,0.292250,-0.070447,0.304723,0.674564,-0.574625,2.049691
2.565344,0.292419,-0.069178,0.302205,0.704070,-0.590972,2.049072
2.575995,0.293053,-0.067649,0.298000,0.740365,-0.611913,2.045414
2.594845,0.293706,-0.066057,0.293557,0.774848,-0.636201,2.040380
2.609852,0.294481,-0.065504,0.290281,0.792730,-0.649520,2.033489
2.613895,0.295677,-0.065396,0.286512,0.786774,-0.634806,2.038111
2.621310,0.296853,-0.065503,0.282831,0.787213,-0.643065,2.035724
2.629498,0.297578,-0.065712,0.280795,0.780531,-0.646143,2.035448
2.641593,0.298543,-0.065801,0.278421,0.779619,-0.652995,2.033668
2.643377,0.300061,-0.066268,0.275723,0.764070,-0.657253,2.040557
2.665944,0.301511,-0.066405,0.272736,0.749215,-0.688545,2.033802
2.676213,0.302821,-0.066976,0.270655,0.733346,-0.690360,2.033283
2.679662,0.304318,-0.067386,0.268554,0.712333,-0.683665,2.037663
2.687860,0.305803,-0.068126,0.266076,0.704488,-0.681539,2.046043
2.698585,0.306762,-0.068280,0.264017,0.698695,-0.677097,2.045588
2.705544,0.307504,-0.068997,0.263047,0.720447,-0.662151,2.052895
2.707736,0.308111,-0.069376,0.261884,0.739467,-0.640964,2.061811
2.721204,0.309012,-0.069542,0.259600,0.749183,-0.647831,2.062398
2.722749,0.309666,-0.069588,0.258323,0.742371,-0.642233,2.060379
2.728627,0.310433,-0.069523,0.256693,0.745519,-0.639228,2.063576
2.734921,0.311204,-0.068719,0.254590,0.754910,-0.654673,2.064146
2.738389,0.312022,-0.067866,0.252372,0.754877,-0.678122,2.061279
2.742126,0.312434,-0.067606,0.251345,0.767693,-0.680577,2.062657
2.744812,0.312745,-0.067470,0.250565,0.783664,-0.680169,2.066906
2.748955,0.312945,-0.067721,0.250104,0.782587,-0.674744,2.068048
2.751678,0.313129,-0.068114,0.249952,0.762696,-0.669801,2.065388
2.755451,0.313351,-0.068642,0.249934,0.750260,-0.658110,2.068014
2.758465,0.313521,-0.069060,0.249952,0.739675,-0.646411,2.070076
2.761734,0.313662,-0.069547,0.249918,0.709087,-0.631833,2.071103
2.765055,0.313929,-0.069557,0.249146,0.713594,-0.635303,2.070744
2.769130,0.314174,-0.069475,0.248210,0.727380,-0.640268,2.069938
2.771833,0.314253,-0.069282,0.247196,0.733166,-0.643439,2.068564
2.775293,0.314366,-0.069193,0.245956,0.734723,-0.647061,2.063943
2.778311,0.314614,-0.068914,0.244435,0.757088,-0.659098,2.059188
2.782744,0.314750,-0.068819,0.243640,0.759769,-0.659036,2.057842
2.784832,0.314892,-0.068812,0.242991,0.764539,-0.658812,2.055356
2.789089,0.315372,-0.069806,0.243195,0.745562,-0.646932,2.054717
2.791199,0.315787,-0.070676,0.243614,0.728459,-0.639899,2.058013
2.794923,0.316052,-0.070886,0.243258,0.721815,-0.640401,2.056584
2.797945,0.316335,-0.070902,0.242685,0.724488,-0.642099,2.051658
2.801589,0.316596,-0.070983,0.242074,0.715173,-0.640834,2.052888
2.804848,0.316718,-0.071069,0.241660,0.718465,-0.641414,2.051684
2.807879,0.316924,-0.071390,0.241182,0.720410,-0.633378,2.049908
2.811299,0.317162,-0.072460,0.241789,0.704485,-0.616047,2.050092
2.814629,0.317375,-0.073787,0.242582,0.695692,-0.610843,2.049660
2.817986,0.317386,-0.074171,0.242202,0.667811,-0.594082,2.049660
2.821788,0.317291,-0.073430,0.240521,0.684139,-0.604844,2.043587
2.824801,0.317164,-0.072402,0.238779,0.706978,-0.625710,2.037912
2.828418,0.317162,-0.071549,0.237040,0.727235,-0.637947,2.033772
2.831402,0.317444,-0.071419,0.236125,0.715472,-0.635384,2.036423
2.835247,0.318037,-0.072216,0.236519,0.720155,-0.634122,2.034269
2.837840,0.318644,-0.073151,0.237240,0.697407,-0.625362,2.038718
2.841463,0.319263,-0.074101,0.237990,0.673764,-0.612410,2.041144
2.844635,0.319805,-0.075004,0.238537,0.652402,-0.604852,2.044113
2.847923,0.320110,-0.075080,0.238196,0.671435,-0.608136,2.039732
2.854505,0.319589,-0.073409,0.234566,0.698413,-0.626638,2.034896
2.858325,0.319283,-0.072393,0.232514,0.708680,-0.629805,2.031545
2.861860,0.319049,-0.070542,0.230032,0.752516,-0.652410,2.025587
2.865211,0.318757,-0.068750,0.227692,0.800374,-0.680525,2.012404
2.868125,0.319127,-0.068473,0.226842,0.802624,-0.687889,2.009350
2.871650,0.319496,-0.068196,0.225992,0.801820,-0.690461,2.008544
2.875257,0.319833,-0.068139,0.225466,0.846138,-0.718879,1.996183
2.878366,0.320447,-0.068965,0.225434,0.821839,-0.710743,1.993991
2.882015,0.321061,-0.069791,0.225401,0.800333,-0.706454,1.999129
2.884574,0.321467,-0.069869,0.225089,0.803314,-0.718235,1.998344
2.888294,0.321876,-0.069858,0.224623,0.815109,-0.730655,1.992864
2.895306,0.322075,-0.069068,0.222860,0.801314,-0.730358,1.997762
2.898571,0.322200,-0.068429,0.221754,0.822930,-0.749514,1.997245
2.901736,0.322318,-0.067945,0.220764,0.836830,-0.759971,1.993085
2.905154,0.322637,-0.067544,0.219867,0.841983,-0.768473,1.992006
2.908350,0.323196,-0.067277,0.219166,0.842850,-0.779512,1.992556
2.914808,0.323855,-0.067170,0.218127,0.843332,-0.784276,1.990711
2.918253,0.324508,-0.068180,0.218443,0.800712,-0.762123,1.996698
2.921736,0.324958,-0.069194,0.218822,0.773516,-0.750797,1.999662
2.925234,0.325392,-0.070185,0.219274,0.755069,-0.735600,2.001526
2.928493,0.326026,-0.071221,0.219904,0.727518,-0.718865,2.005974
2.932168,0.326899,-0.071785,0.220324,0.706811,-0.710617,2.011257
2.934940,0.327418,-0.071260,0.220005,0.723892,-0.727922,2.010899
2.938114,0.327984,-0.071028,0.219581,0.728844,-0.729500,2.013156
2.945625,0.328922,-0.071145,0.219503,0.716914,-0.727275,2.017173
2.963001,0.329640,-0.071333,0.219454,0.713418,-0.724267,2.019334
2.975325,0.329953,-0.072192,0.219463,0.703090,-0.711040,2.018432
2.977771,0.330054,-0.073210,0.219333,0.700906,-0.693884,2.012768
2.982052,0.329952,-0.073828,0.219121,0.693669,-0.689472,2.007295
2.987932,0.329869,-0.073935,0.218199,0.722875,-0.700742,2.000632
2.991192,0.330022,-0.074046,0.217368,0.733849,-0.698374,1.997287
3.002088,0.330240,-0.074723,0.217540,0.735378,-0.668880,2.000431
3.023822,0.330632,-0.075236,0.217852,0.737759,-0.669540,1.998195
3.027575,0.331248,-0.075377,0.217664,0.749107,-0.668780,1.998347
3.047487,0.331684,-0.076022,0.217397,0.730884,-0.653167,1.997530
3.052141,0.331804,-0.076116,0.216525,0.722351,-0.644161,1.993106
3.061059,0.331861,-0.076192,0.215635,0.715910,-0.672283,1.982875
3.070163,0.332102,-0.076501,0.215012,0.722365,-0.679247,1.982630
3.073704,0.332268,-0.076887,0.214576,0.717638,-0.679172,1.979914
3.079915,0.332418,-0.077100,0.214207,0.715549,-0.686258,1.978750
3.084106,0.332718,-0.076795,0.213559,0.719246,-0.703088,1.977098
3.087372,0.333109,-0.076457,0.212873,0.731221,-0.712725,1.977740
3.090703,0.333247,-0.076361,0.212542,0.730052,-0.721557,1.972056
3.094211,0.333345,-0.076307,0.212312,0.731677,-0.726661,1.971688
3.097106,0.333468,-0.076245,0.212096,0.736836,-0.726525,1.969833
3.100390,0.333969,-0.076236,0.211911,0.740064,-0.730962,1.972683
3.104239,0.334448,-0.076277,0.211783,0.740281,-0.726754,1.977542
3.107270,0.334844,-0.076455,0.211864,0.750786,-0.699698,1.990897
3.110125,0.335223,-0.076704,0.211945,0.737757,-0.701620,1.994744
3.117222,0.336003,-0.077287,0.212121,0.726078,-0.705393,1.998840
3.124320,0.336556,-0.077674,0.212099,0.723333,-0.695154,2.001081
3.127537,0.336961,-0.077760,0.212032,0.721632,-0.691914,2.001042
3.144170,0.336745,-0.080711,0.214249,0.785172,-0.634330,2.007268
3.150676,0.336810,-0.079630,0.213186,0.756701,-0.618204,2.009324
3.154016,0.337060,-0.078347,0.211845,0.755867,-0.642173,2.003942
3.156622,0.337326,-0.077378,0.210824,0.769590,-0.674951,1.996760
3.160155,0.337731,-0.077456,0.210611,0.744257,-0.688919,1.992175
3.164006,0.338147,-0.077546,0.210397,0.718582,-0.698488,1.987590
3.167135,0.338522,-0.077690,0.210178,0.733932,-0.722801,1.977640
3.176456,0.338545,-0.078713,0.210542,0.736422,-0.715049,1.974608
3.186738,0.337564,-0.078702,0.210402,0.738649,-0.712003,1.973752
3.190784,0.337670,-0.078874,0.210590,0.740702,-0.696148,1.976534
3.193240,0.337837,-0.079314,0.210903,0.734865,-0.682133,1.976279
3.197047,0.338104,-0.079782,0.211246,0.709495,-0.674238,1.982265
3.200016,0.338489,-0.080355,0.211719,0.695382,-0.667474,1.985008
3.204319,0.338812,-0.081037,0.212306,0.669004,-0.647296,1.987132
3.206903,0.338815,-0.081511,0.212631,0.656200,-0.644021,1.985967
3.210218,0.338936,-0.081695,0.212813,0.648647,-0.643660,1.986742
3.213664,0.339060,-0.081977,0.213113,0.652368,-0.634041,1.986751
3.216620,0.339040,-0.082220,0.213369,0.649401,-0.627394,1.987579
3.223764,0.339092,-0.082660,0.213784,0.647707,-0.620597,1.989435
3.226622,0.339056,-0.082880,0.213943,0.647586,-0.614154,1.991062
3.230647,0.339009,-0.082978,0.213966,0.648212,-0.607748,1.992360
3.233270,0.338971,-0.082797,0.213743,0.658590,-0.613185,1.992336
3.236831,0.339021,-0.082210,0.213180,0.654684,-0.617314,1.993968
3.243576,0.339236,-0.080832,0.211953,0.660235,-0.629372,1.993363
3.246889,0.339371,-0.080139,0.211289,0.659291,-0.640772,1.992418
3.250473,0.339470,-0.079910,0.210799,0.660483,-0.658648,1.989795
3.253886,0.339393,-0.080246,0.210630,0.650594,-0.661388,1.986129
3.257246,0.339552,-0.080789,0.210661,0.639714,-0.658694,1.985850
3.260278,0.339621,-0.081354,0.210763,0.628098,-0.653278,1.986202
3.264277,0.339586,-0.081646,0.210354,0.626193,-0.654301,1.983553
3.270499,0.339540,-0.080802,0.208978,0.645711,-0.664828,1.978958
3.284034,0.339589,-0.079704,0.207507,0.663912,-0.688841,1.976590
3.292486,0.339672,-0.078630,0.205659,0.671199,-0.695588,1.970941
3.302275,0.339639,-0.077987,0.204088,0.685680,-0.714608,1.966719
3.311418,0.339925,-0.077212,0.202798,0.691026,-0.717723,1.966022
3.313684,0.340064,-0.077800,0.202803,0.690421,-0.716722,1.967675
3.316410,0.340220,-0.078709,0.203147,0.664247,-0.693370,1.970766
3.325157,0.340111,-0.079545,0.203723,0.659617,-0.690792,1.973589
3.327346,0.340011,-0.079658,0.203427,0.655421,-0.676434,1.971585
3.350001,0.339621,-0.079876,0.202796,0.666720,-0.675940,1.971042
3.391861,0.338944,-0.076996,0.196842,0.666411,-0.668215,1.969583
3.394474,0.338828,-0.076005,0.194981,0.678270,-0.667785,1.968223
3.404377,0.338816,-0.075321,0.193708,0.687913,-0.665138,1.967206
3.411254,0.338880,-0.074932,0.193008,0.693049,-0.664409,1.969531
3.414320,0.338589,-0.074690,0.192474,0.698621,-0.648682,1.971681
3.417685,0.338311,-0.074710,0.192306,0.703899,-0.633557,1.975535
3.421370,0.338006,-0.074511,0.192007,0.713263,-0.616712,1.979281
3.424534,0.337878,-0.074402,0.191605,0.736370,-0.610198,1.979843
3.427393,0.337690,-0.074280,0.191194,0.747272,-0.597230,1.982438
3.430748,0.337757,-0.074356,0.190986,0.747487,-0.593517,1.983752
3.434644,0.337769,-0.074452,0.190689,0.733584,-0.579579,1.987782
3.437406,0.337837,-0.074700,0.190462,0.735847,-0.580209,1.987306
3.440958,0.337617,-0.074770,0.190177,0.727670,-0.569913,1.989415
3.444276,0.337393,-0.074791,0.189788,0.733973,-0.574803,1.986248
3.448231,0.337193,-0.074667,0.189187,0.737374,-0.575900,1.985838
3.451209,0.337089,-0.074440,0.188670,0.748053,-0.582389,1.983691
3.455238,0.337179,-0.074263,0.188259,0.739647,-0.578928,1.985180
3.458298,0.337465,-0.073887,0.187976,0.742759,-0.592793,1.987492
3.460933,0.337642,-0.073528,0.187765,0.739712,-0.595048,1.989990
3.465306,0.337752,-0.073186,0.187609,0.738603,-0.603226,1.990239
3.467796,0.337720,-0.072804,0.187411,0.748903,-0.616271,1.991005
3.471915,0.337455,-0.072199,0.186830,0.765434,-0.629094,1.988098
3.474926,0.336939,-0.071899,0.186213,0.772820,-0.627024,1.983346
3.478193,0.336602,-0.071648,0.185650,0.774122,-0.608016,1.986479
3.481441,0.336279,-0.071490,0.185131,0.762391,-0.615628,1.982804
3.494819,0.336129,-0.071405,0.184050,0.751036,-0.613148,1.976997
3.498434,0.336201,-0.071227,0.183805,0.735527,-0.617534,1.975351
3.501624,0.336294,-0.071052,0.183667,0.712941,-0.622525,1.972940
3.504743,0.336341,-0.071001,0.183552,0.702485,-0.635079,1.968800
3.507766,0.336275,-0.071146,0.183646,0.706781,-0.619745,1.972917
3.510796,0.336212,-0.071175,0.183620,0.709812,-0.613979,1.978235
3.514797,0.336331,-0.071034,0.183347,0.725827,-0.613371,1.981585
3.517596,0.336542,-0.070614,0.182819,0.734478,-0.620880,1.984291
3.521285,0.336602,-0.069967,0.182213,0.750655,-0.631417,1.985230
3.524707,0.336759,-0.069142,0.181412,0.756916,-0.653154,1.982689
3.528062,0.336908,-0.068440,0.180723,0.756533,-0.669765,1.980183
3.531471,0.336898,-0.068038,0.180258,0.748879,-0.678647,1.977830
3.534647,0.336830,-0.067876,0.179968,0.749626,-0.675216,1.978944
3.537930,0.336955,-0.067873,0.179686,0.739676,-0.678765,1.978958
3.541229,0.337011,-0.068067,0.179600,0.734575,-0.675299,1.980642
3.543998,0.337066,-0.068313,0.179471,0.723971,-0.668495,1.982647
3.547662,0.337111,-0.068447,0.179296,0.722880,-0.667791,1.983126
3.551320,0.337108,-0.068556,0.179111,0.724624,-0.667287,1.982795
3.555265,0.337085,-0.068857,0.179101,0.718158,-0.664565,1.982224
3.557763,0.337035,-0.069138,0.179088,0.714240,-0.659644,1.981839
3.561153,0.336771,-0.069100,0.178759,0.723375,-0.663166,1.978329
3.569202,0.336631,-0.068985,0.178298,0.729386,-0.661262,1.977840
3.577245,0.336585,-0.068899,0.177749,0.723773,-0.656161,1.977221
3.587960,0.336583,-0.068604,0.177065,0.723463,-0.653389,1.976801
3.598459,0.336706,-0.068532,0.176555,0.720405,-0.646605,1.977830
3.603390,0.337101,-0.069128,0.176734,0.697059,-0.627468,1.983447
3.612309,0.337403,-0.069818,0.177140,0.671475,-0.608938,1.986047
3.623445,0.337564,-0.070263,0.177272,0.657338,-0.602489,1.987092
3.626245,0.337764,-0.070487,0.177086,0.645951,-0.604875,1.987199
3.640136,0.337877,-0.070377,0.176698,0.636629,-0.606930,1.985895
3.653122,0.337986,-0.069776,0.175771,0.636746,-0.620910,1.983789
3.664112,0.338095,-0.069175,0.174845,0.640943,-0.638615,1.981789
3.669632,0.338142,-0.068875,0.174083,0.639550,-0.640902,1.979085
3.671067,0.337985,-0.068985,0.173906,0.639767,-0.642591,1.975136
3.683429,0.337719,-0.068841,0.173263,0.633477,-0.642282,1.973226
3.697257,0.337467,-0.068024,0.172006,0.648374,-0.648793,1.970144
3.707703,0.337111,-0.067082,0.170590,0.667919,-0.661438,1.963823
3.717886,0.336757,-0.065961,0.169199,0.711178,-0.686189,1.952650
3.724595,0.335973,-0.063422,0.165498,0.711531,-0.689183,1.954035
3.728573,0.335898,-0.063644,0.165371,0.722226,-0.695081,1.951114
3.735353,0.336064,-0.064289,0.165471,0.714543,-0.691954,1.949626
3.738303,0.336401,-0.064730,0.165938,0.699807,-0.682886,1.951366
3.741345,0.336721,-0.064970,0.166290,0.666875,-0.671008,1.959876
3.744333,0.336648,-0.064647,0.165961,0.673695,-0.673683,1.956460
3.747878,0.336482,-0.064257,0.165374,0.685252,-0.680988,1.955445
3.751733,0.336334,-0.063940,0.164867,0.690587,-0.681617,1.954022
3.755533,0.336168,-0.063735,0.164424,0.704251,-0.685533,1.952316
3.758174,0.336051,-0.063800,0.164281,0.704626,-0.682019,1.951781
3.761763,0.335960,-0.063949,0.164170,0.698416,-0.675332,1.953452
3.764976,0.335937,-0.064140,0.164318,0.708808,-0.661562,1.957149
3.768075,0.335910,-0.064284,0.164413,0.706418,-0.663952,1.957365
3.771435,0.335930,-0.064238,0.164382,0.695816,-0.658934,1.957513
3.775247,0.335891,-0.063914,0.164125,0.703417,-0.665105,1.955269
3.777813,0.335823,-0.063526,0.163804,0.720622,-0.671006,1.954139
3.781008,0.335789,-0.063151,0.163462,0.715571,-0.681352,1.951002
3.784809,0.335756,-0.062879,0.163192,0.729018,-0.680307,1.951303
3.788314,0.335661,-0.062609,0.162898,0.734143,-0.677789,1.953106
3.791467,0.335606,-0.062398,0.162597,0.739081,-0.674400,1.955455
3.794440,0.335605,-0.062214,0.162306,0.749069,-0.683074,1.953650
3.798084,0.335696,-0.061990,0.162006,0.740612,-0.681392,1.955506
3.801327,0.335743,-0.061810,0.161811,0.730609,-0.681113,1.957046
3.805289,0.335816,-0.061729,0.161754,0.750702,-0.674864,1.960851
3.808391,0.335902,-0.061862,0.161851,0.733896,-0.667178,1.963745
3.811477,0.335973,-0.062020,0.161975,0.707949,-0.651181,1.968346
3.814817,0.335999,-0.062059,0.161918,0.702060,-0.649481,1.969114
3.818216,0.336027,-0.062045,0.161766,0.696282,-0.643992,1.970947
3.821661,0.336066,-0.062026,0.161582,0.672988,-0.649037,1.968595
3.824677,0.336061,-0.061777,0.161237,0.665551,-0.619387,1.977438
3.828593,0.335866,-0.061580,0.160843,0.676239,-0.620903,1.977842
3.831547,0.335600,-0.061547,0.160654,0.678741,-0.616767,1.976875
3.834774,0.335359,-0.061539,0.160491,0.702511,-0.604774,1.978979
3.838008,0.335121,-0.061448,0.160392,0.727756,-0.620957,1.973509
3.841320,0.334984,-0.061437,0.160417,0.736484,-0.650782,1.964430
3.844930,0.335073,-0.061874,0.161170,0.719455,-0.622087,1.971928
3.847721,0.335215,-0.062813,0.162606,0.706819,-0.593490,1.980852
3.855031,0.335332,-0.064144,0.164719,0.707493,-0.594916,1.980385
3.858206,0.335030,-0.064003,0.164688,0.684903,-0.558439,1.990706
3.861223,0.334900,-0.063878,0.164667,0.705182,-0.547648,1.992392
3.865093,0.334494,-0.062709,0.163216,0.709869,-0.548082,1.990606
3.868114,0.334087,-0.061541,0.161765,0.740312,-0.566866,1.984552
3.871593,0.333847,-0.060987,0.161018,0.740363,-0.569304,1.981963
3.874998,0.333970,-0.061004,0.161036,0.751679,-0.574859,1.980350
3.878197,0.333882,-0.060505,0.160367,0.739543,-0.565441,1.984733
3.881711,0.334031,-0.060566,0.160492,0.768207,-0.585661,1.980948
3.885370,0.334100,-0.060228,0.160148,0.764080,-0.582268,1.983339
3.888119,0.334095,-0.060245,0.160211,0.765715,-0.580599,1.985828
3.891057,0.333953,-0.059840,0.159754,0.767450,-0.580884,1.984269
3.895169,0.333779,-0.059373,0.159271,0.786854,-0.592384,1.979730
3.898042,0.333610,-0.058890,0.158746,0.790483,-0.593729,1.978564
3.901676,0.333541,-0.058921,0.158765,0.791902,-0.593531,1.977002
3.904566,0.333539,-0.058648,0.158351,0.783140,-0.586762,1.978138
3.908287,0.333528,-0.058734,0.158363,0.782097,-0.583293,1.978986
3.911271,0.333529,-0.058860,0.158359,0.774253,-0.576914,1.980070
3.915412,0.333726,-0.058612,0.158032,0.773707,-0.597133,1.974506
3.918144,0.333941,-0.058261,0.157641,0.762701,-0.611862,1.972469
3.921689,0.334162,-0.057868,0.157270,0.751901,-0.627120,1.969722
3.924865,0.334338,-0.057499,0.156928,0.741763,-0.640445,1.968286
3.928651,0.334475,-0.057180,0.156626,0.729249,-0.653903,1.965612
3.932817,0.334304,-0.057360,0.156915,0.722862,-0.622070,1.974240
3.950335,0.334092,-0.057532,0.157200,0.736099,-0.604924,1.977903
3.962574,0.333894,-0.057692,0.157496,0.748783,-0.588044,1.981486
3.964691,0.333817,-0.057851,0.157805,0.756588,-0.576026,1.983882
3.967777,0.333797,-0.057980,0.158116,0.765161,-0.560854,1.987857
3.974642,0.333879,-0.057994,0.158181,0.759470,-0.557829,1.988622
3.977623,0.333914,-0.057986,0.158251,0.757825,-0.555502,1.989134
3.987273,0.333946,-0.057959,0.158303,0.755288,-0.554352,1.989299
3.989187,0.333915,-0.057802,0.158367,0.757513,-0.551898,1.988883
4.012103,0.333968,-0.057576,0.158357,0.759507,-0.549116,1.988972
4.022259,0.334163,-0.057179,0.158221,0.748932,-0.564856,1.986461
4.025850,0.334419,-0.056803,0.158077,0.734370,-0.577488,1.983320
4.033942,0.334665,-0.056460,0.157940,0.717930,-0.587016,1.981000
4.044296,0.334865,-0.056349,0.157941,0.715097,-0.606881,1.977441
4.053872,0.335007,-0.056251,0.157983,0.716195,-0.606980,1.978205
4.059859,0.335016,-0.056349,0.158116,0.728025,-0.594995,1.981482
4.066010,0.335055,-0.056444,0.158263,0.741208,-0.582543,1.984440
4.069305,0.335088,-0.056551,0.158437,0.758116,-0.572116,1.987208
4.072184,0.335158,-0.056571,0.158495,0.758246,-0.552326,1.991060
4.075918,0.335375,-0.057280,0.159583,0.738244,-0.545908,1.992129
4.079050,0.335594,-0.057955,0.160683,0.718007,-0.536719,1.994629
4.082606,0.335791,-0.057906,0.160840,0.700359,-0.549414,1.991863
4.085489,0.335921,-0.057827,0.160950,0.684994,-0.564374,1.988311
4.089051,0.336078,-0.057660,0.160807,0.681636,-0.564029,1.987392
4.092046,0.336060,-0.056781,0.159498,0.690228,-0.585191,1.981880
4.095695,0.336068,-0.055851,0.158149,0.703853,-0.609671,1.974868
4.099102,0.336079,-0.055598,0.157682,0.715875,-0.614224,1.973995
4.106025,0.336148,-0.055146,0.156923,0.729424,-0.620949,1.972849
4.109020,0.336192,-0.054938,0.156748,0.743910,-0.626553,1.972142
4.112611,0.336030,-0.055042,0.156859,0.752878,-0.633183,1.971722
4.116100,0.335806,-0.055509,0.157121,0.766995,-0.615695,1.972589
4.119008,0.335314,-0.056032,0.157344,0.775375,-0.601247,1.973942
4.122505,0.334786,-0.056608,0.157683,0.785561,-0.578694,1.974850
4.125371,0.334218,-0.057274,0.158077,0.783907,-0.567721,1.973315
4.128756,0.334200,-0.057910,0.158502,0.785428,-0.547318,1.975995
4.132159,0.334352,-0.059024,0.159913,0.754287,-0.528998,1.981039
4.135432,0.334811,-0.060115,0.161393,0.725881,-0.509622,1.985133
4.139499,0.335342,-0.061150,0.162757,0.718173,-0.512967,1.987212
4.146379,0.335889,-0.061005,0.163103,0.718128,-0.546361,1.982633
4.149019,0.336045,-0.059893,0.161875,0.708874,-0.541620,1.984769
4.152358,0.336176,-0.058768,0.160642,0.713508,-0.570497,1.979220
4.156244,0.336339,-0.057536,0.159294,0.726339,-0.602139,1.973463
4.159261,0.336611,-0.057182,0.158871,0.735939,-0.627138,1.966904
4.165924,0.336715,-0.055079,0.156616,0.737483,-0.631622,1.968550
4.169120,0.336711,-0.054312,0.155762,0.733754,-0.650452,1.962919
4.172297,0.336670,-0.053659,0.155035,0.752873,-0.664123,1.960097
4.175597,0.336593,-0.053118,0.154436,0.777087,-0.680724,1.956036
4.179153,0.336670,-0.052943,0.154321,0.755431,-0.669002,1.961023
4.182550,0.336746,-0.052768,0.154207,0.754535,-0.664572,1.961111
4.185682,0.336778,-0.052373,0.153903,0.776653,-0.680382,1.957147
4.189366,0.336900,-0.052763,0.154333,0.768463,-0.671651,1.959741
4.192277,0.336900,-0.053346,0.154998,0.733706,-0.630791,1.970307
4.195672,0.336963,-0.054557,0.156178,0.750318,-0.624760,1.970423
4.199702,0.337025,-0.055768,0.157357,0.733978,-0.596693,1.976666
4.202296,0.337088,-0.056980,0.158537,0.701363,-0.558910,1.985413
4.205830,0.337130,-0.058074,0.159889,0.715977,-0.555346,1.986181
4.209362,0.337269,-0.058976,0.161015,0.716801,-0.556851,1.985679
4.212316,0.337313,-0.059646,0.161930,0.689003,-0.539644,1.989720
4.215631,0.337405,-0.060260,0.162733,0.703250,-0.553334,1.986299
4.218816,0.337235,-0.059960,0.162448,0.704207,-0.555203,1.986724
4.222255,0.336996,-0.058991,0.161257,0.701976,-0.555438,1.987004
4.225909,0.336781,-0.058021,0.160057,0.729654,-0.576309,1.982733
4.229275,0.336767,-0.057273,0.159040,0.729139,-0.577346,1.983619
4.232196,0.336703,-0.056582,0.158134,0.716675,-0.565769,1.987635
4.235557,0.336903,-0.056805,0.158317,0.740247,-0.581927,1.983757
4.238811,0.336952,-0.056901,0.158385,0.713630,-0.562555,1.989521
4.242191,0.337049,-0.056972,0.158463,0.713748,-0.559225,1.991340
4.245551,0.336947,-0.056820,0.158360,0.740514,-0.574042,1.988380
4.249049,0.336845,-0.056668,0.158256,0.740223,-0.572367,1.989021
4.252126,0.336865,-0.056694,0.158256,0.746718,-0.571961,1.990408
4.255729,0.336866,-0.056613,0.158126,0.747635,-0.571634,1.990640
4.263607,0.337082,-0.057475,0.159135,0.748384,-0.571186,1.990064
4.279728,0.337155,-0.057724,0.159240,0.722098,-0.554200,1.993553
4.291810,0.337227,-0.057974,0.159345,0.722212,-0.552921,1.993394
4.295022,0.337190,-0.058019,0.159316,0.707158,-0.544120,1.994270
4.298193,0.337188,-0.058027,0.159341,0.735187,-0.560183,1.990191
4.303303,0.336923,-0.057117,0.158218,0.734722,-0.559445,1.991002
4.310764,0.336768,-0.057152,0.158308,0.759669,-0.570856,1.988135
4.312675,0.336597,-0.057252,0.158393,0.765868,-0.570323,1.988029
4.326003,0.336360,-0.057586,0.158600,0.776048,-0.575907,1.982747
4.350338,0.336207,-0.058252,0.159104,0.768418,-0.571141,1.982230
4.364136,0.336177,-0.059651,0.160546,0.739380,-0.551706,1.983637
4.367706,0.336182,-0.060717,0.161679,0.713440,-0.537188,1.984837
4.377537,0.336252,-0.061797,0.162804,0.696340,-0.528640,1.984468
4.388465,0.336362,-0.062655,0.163729,0.668551,-0.506999,1.991477
4.398448,0.336517,-0.063519,0.164682,0.649096,-0.491865,1.993372
4.400533,0.336552,-0.063586,0.164561,0.647158,-0.487511,1.994949
4.409163,0.336544,-0.062830,0.163270,0.667574,-0.499438,1.992809
4.412645,0.336487,-0.061996,0.161992,0.682567,-0.507629,1.991525
4.416121,0.336406,-0.061180,0.160790,0.684644,-0.508646,1.990493
4.419095,0.336373,-0.060270,0.159380,0.702820,-0.521896,1.988310
4.422956,0.336322,-0.059420,0.158104,0.725567,-0.539079,1.984590
4.425730,0.336279,-0.059379,0.157987,0.727119,-0.539641,1.984072
4.429420,0.336246,-0.059322,0.157849,0.728708,-0.542993,1.983090
4.432357,0.336267,-0.059235,0.157694,0.749497,-0.560054,1.978792
4.435739,0.336258,-0.059177,0.157617,0.752631,-0.560891,1.977844
4.439018,0.336306,-0.059154,0.157647,0.751764,-0.561752,1.978249
4.442431,0.336416,-0.059156,0.157704,0.751034,-0.563448,1.978719
4.445735,0.336481,-0.059204,0.157758,0.736070,-0.554585,1.981869
4.449121,0.336579,-0.059729,0.158516,0.733893,-0.554902,1.982282
4.452394,0.336662,-0.060253,0.159268,0.717106,-0.550448,1.984457
4.455759,0.336702,-0.060746,0.159917,0.704041,-0.545510,1.985048
4.459044,0.336761,-0.060804,0.159936,0.699543,-0.546388,1.985795
4.462863,0.336854,-0.060835,0.159979,0.708554,-0.556382,1.984391
4.465461,0.336900,-0.060390,0.159329,0.693728,-0.547048,1.987639
4.468997,0.336975,-0.060545,0.159475,0.705951,-0.554461,1.986592
4.472775,0.337000,-0.060598,0.159488,0.705365,-0.552981,1.987542
4.475694,0.337053,-0.061116,0.160164,0.696216,-0.548233,1.987591
4.479413,0.337033,-0.061593,0.160790,0.685234,-0.542885,1.988475
4.483100,0.337063,-0.062031,0.161291,0.692313,-0.569800,1.981038
4.486121,0.337061,-0.061879,0.160993,0.682487,-0.564252,1.981715
4.489509,0.337129,-0.062102,0.161208,0.678905,-0.563287,1.982255
4.493097,0.337127,-0.062389,0.161363,0.676734,-0.559039,1.983351
4.495975,0.337251,-0.062828,0.161673,0.669056,-0.550814,1.985223
4.499218,0.337325,-0.063326,0.162144,0.659453,-0.522481,1.992648
4.506498,0.337400,-0.063815,0.162618,0.653670,-0.518144,1.995254
4.508816,0.337516,-0.064113,0.162812,0.652883,-0.514323,1.996870
4.512784,0.337692,-0.064321,0.163034,0.647869,-0.509625,1.999433
4.516027,0.337791,-0.064469,0.163207,0.650750,-0.514879,2.001093
4.519100,0.337991,-0.064600,0.163347,0.646826,-0.512074,2.003956
4.522238,0.338192,-0.064731,0.163487,0.643499,-0.507729,2.006200
4.525841,0.338292,-0.064687,0.163382,0.647089,-0.508743,2.007025
4.529505,0.338091,-0.063872,0.162189,0.669768,-0.521939,2.004337
4.532367,0.337914,-0.063009,0.160941,0.691009,-0.529935,2.000770
4.536407,0.337670,-0.062133,0.159731,0.694522,-0.528544,2.000551
4.539361,0.337616,-0.061968,0.159450,0.717048,-0.540586,1.996432
4.542965,0.337602,-0.061896,0.159317,0.718241,-0.541505,1.995886
4.545753,0.337842,-0.062683,0.160389,0.701214,-0.529816,1.999006
4.549105,0.338113,-0.063543,0.161573,0.683218,-0.516059,2.002805
4.553230,0.338350,-0.064433,0.162752,0.684768,-0.516213,2.002816
4.555733,0.338435,-0.064638,0.163001,0.667689,-0.506433,2.005695
4.559129,0.338519,-0.064843,0.163250,0.664944,-0.503259,2.006715
4.563224,0.338679,-0.065117,0.163670,0.657176,-0.496807,2.009283
4.565665,0.338808,-0.065318,0.163978,0.650312,-0.492717,2.010779
4.569510,0.338674,-0.064595,0.162884,0.670093,-0.503122,2.008256
4.572443,0.338501,-0.063845,0.161790,0.685082,-0.508741,2.006697
4.575855,0.338368,-0.063174,0.160732,0.682443,-0.503370,2.007815
4.579448,0.338143,-0.062327,0.159366,0.704703,-0.516972,2.003621
4.582566,0.337904,-0.061411,0.157948,0.729389,-0.530579,1.999502
4.585644,0.337928,-0.061419,0.157931,0.737320,-0.539361,1.998314
4.588852,0.338087,-0.061848,0.158572,0.715051,-0.523326,2.003288
4.592374,0.338206,-0.062205,0.159176,0.732492,-0.535192,2.001665
4.595931,0.338287,-0.062503,0.159678,0.733355,-0.534709,2.003015
4.600559,0.338382,-0.062875,0.160229,0.733892,-0.532979,2.003168
4.603925,0.338609,-0.063930,0.161657,0.704091,-0.510283,2.008162
4.612286,0.338704,-0.064779,0.162584,0.705308,-0.508545,2.007766
4.626310,0.338882,-0.065668,0.163589,0.685337,-0.492430,2.010670
4.629879,0.339093,-0.066655,0.164678,0.661883,-0.474170,2.013937
4.646037,0.339322,-0.067673,0.165820,0.638662,-0.457795,2.016734
4.650484,0.339362,-0.067909,0.165891,0.635775,-0.449954,2.017222
4.659777,0.339017,-0.067192,0.164451,0.675108,-0.467210,2.011407
4.683137,0.338547,-0.066298,0.162848,0.707856,-0.478286,2.004443
4.692209,0.338082,-0.065366,0.161264,0.746630,-0.493947,1.996759
4.695647,0.337613,-0.064375,0.159576,0.782911,-0.509305,1.989651
4.699605,0.337199,-0.063488,0.158082,0.822833,-0.528474,1.980922
4.707662,0.337118,-0.063360,0.157933,0.806622,-0.519601,1.981684
4.709074,0.337047,-0.063363,0.157859,0.813094,-0.526176,1.979281
4.723627,0.336977,-0.063366,0.157784,0.816868,-0.532174,1.975979
4.727726,0.336955,-0.063491,0.157806,0.816275,-0.533383,1.975448
4.737530,0.336932,-0.063619,0.157827,0.807294,-0.531166,1.976105
4.744922,0.336954,-0.063806,0.157860,0.820243,-0.542677,1.972245
4.748401,0.336927,-0.063799,0.157679,0.809483,-0.538892,1.972531
4.751785,0.336975,-0.064036,0.157702,0.805794,-0.539074,1.972530
4.754972,0.336965,-0.064176,0.157709,0.795395,-0.535591,1.974527
4.758913,0.336956,-0.064309,0.157719,0.792432,-0.535519,1.973229
4.762022,0.336951,-0.064361,0.157723,0.791193,-0.535408,1.973078
4.765193,0.336883,-0.064590,0.157745,0.784518,-0.532546,1.976062
4.768925,0.336704,-0.064566,0.157553,0.780348,-0.526747,1.976092
4.771893,0.336523,-0.064538,0.157333,0.793939,-0.531902,1.971780
4.775367,0.336407,-0.064621,0.157285,0.788328,-0.525508,1.975563
4.778700,0.336291,-0.064704,0.157237,0.785279,-0.516727,1.976405
4.782741,0.336318,-0.064805,0.157398,0.804630,-0.524491,1.971012
4.785619,0.336341,-0.064755,0.157435,0.796798,-0.521844,1.972657
4.789212,0.336392,-0.064712,0.157480,0.794292,-0.519736,1.972960
4.792622,0.336379,-0.064559,0.157353,0.810900,-0.529484,1.968679
4.795739,0.336402,-0.064513,0.157297,0.794401,-0.524719,1.970716
4.799464,0.336407,-0.064534,0.157240,0.784917,-0.519205,1.972152
4.802309,0.336454,-0.064716,0.157319,0.785735,-0.517341,1.970697
4.805398,0.336432,-0.064879,0.157376,0.773376,-0.509030,1.972503
4.808435,0.336486,-0.065427,0.157945,0.771758,-0.506712,1.970780
4.812197,0.336495,-0.065779,0.158554,0.781971,-0.507492,1.969002
4.815747,0.336746,-0.066243,0.159184,0.774570,-0.502428,1.971973
4.818489,0.336940,-0.066748,0.159970,0.760668,-0.488661,1.976461
4.822094,0.337138,-0.067254,0.160757,0.755612,-0.485340,1.976689
4.826086,0.337356,-0.067174,0.160884,0.744755,-0.479953,1.979334
4.829940,0.337621,-0.067194,0.160911,0.744092,-0.481878,1.981132
4.833019,0.337698,-0.067235,0.161190,0.734945,-0.475064,1.980899
4.836113,0.337811,-0.067404,0.161234,0.736475,-0.483785,1.981382
4.838876,0.337627,-0.067230,0.161070,0.741080,-0.476685,1.981893
4.842824,0.337509,-0.066706,0.160397,0.747621,-0.482029,1.980595
4.846545,0.337354,-0.066172,0.159713,0.754568,-0.488517,1.978526
4.849845,0.337127,-0.065678,0.158661,0.765925,-0.486543,1.976456
4.853362,0.336633,-0.064988,0.157651,0.789632,-0.486060,1.972539
4.856713,0.336496,-0.064608,0.156818,0.800703,-0.493564,1.970848
4.859926,0.336227,-0.064775,0.156724,0.801276,-0.490692,1.969727
4.863369,0.335983,-0.064903,0.156577,0.801112,-0.485949,1.968726
4.865922,0.335805,-0.064714,0.156530,0.809622,-0.506091,1.966858
4.869553,0.335898,-0.064549,0.156514,0.800909,-0.518596,1.965275
4.872178,0.335950,-0.064486,0.156541,0.796330,-0.527009,1.963896
4.875751,0.335858,-0.064426,0.156455,0.796679,-0.525253,1.964723
4.879596,0.335708,-0.064417,0.156391,0.798557,-0.523210,1.965432
4.883186,0.335517,-0.064491,0.156328,0.799292,-0.513098,1.966199
4.886292,0.335338,-0.064573,0.156291,0.804769,-0.503824,1.967450
4.889635,0.335336,-0.064560,0.156333,0.800821,-0.501746,1.968768
4.893304,0.335461,-0.064481,0.156422,0.799615,-0.506255,1.968883
4.896245,0.335522,-0.064315,0.156450,0.804925,-0.496969,1.973446
4.898919,0.335473,-0.064104,0.156424,0.807732,-0.481907,1.978722
4.906092,0.335511,-0.064294,0.156971,0.779940,-0.472371,1.984355
4.909122,0.335670,-0.065086,0.158192,0.763802,-0.458515,1.987823
4.915951,0.336453,-0.066949,0.160922,0.740404,-0.443334,1.992269
4.918657,0.336920,-0.067779,0.162368,0.749003,-0.468650,1.988783
4.926243,0.337075,-0.066079,0.160740,0.727089,-0.478396,1.987482
4.929430,0.336828,-0.065676,0.160258,0.742354,-0.481782,1.982896
4.935329,0.336657,-0.064475,0.158983,0.761137,-0.498724,1.982340
4.939126,0.336589,-0.064645,0.159314,0.795887,-0.515973,1.976536
4.942476,0.336500,-0.064726,0.159275,0.771257,-0.494797,1.975488
4.945498,0.336618,-0.064126,0.158569,0.787944,-0.507752,1.970600
4.949383,0.336662,-0.063452,0.157752,0.805726,-0.527767,1.968143
4.952379,0.336533,-0.063105,0.157116,0.806371,-0.528418,1.963755
4.955658,0.336487,-0.062781,0.156506,0.798464,-0.532788,1.962143
4.959743,0.336389,-0.062378,0.156026,0.815616,-0.544682,1.960371
4.962111,0.336291,-0.061975,0.155547,0.830442,-0.547820,1.959370
4.965369,0.336144,-0.062127,0.155605,0.818454,-0.530532,1.961002
4.973022,0.336011,-0.062610,0.155852,0.819865,-0.517895,1.959643
4.977708,0.335736,-0.063055,0.156056,0.818951,-0.492693,1.959218
4.992198,0.335527,-0.063768,0.156419,0.797330,-0.491019,1.955268
5.000951,0.335448,-0.064225,0.156541,0.783002,-0.467578,1.954087
5.006328,0.335293,-0.064299,0.156325,0.799161,-0.469816,1.950448
5.013566,0.335033,-0.064192,0.156039,0.799082,-0.468518,1.950936
5.024307,0.335010,-0.064147,0.155823,0.794611,-0.477703,1.950105
5.048568,0.334985,-0.063923,0.155789,0.808216,-0.476347,1.952666
5.062670,0.334883,-0.063861,0.155904,0.804497,-0.494110,1.952577
5.072603,0.335036,-0.063578,0.156005,0.799508,-0.509253,1.953744
5.083951,0.335540,-0.063388,0.156210,0.798002,-0.521003,1.954575
5.093024,0.335931,-0.063193,0.156437,0.797456,-0.528023,1.956986
5.102032,0.336310,-0.063134,0.156584,0.797591,-0.526750,1.959680
5.105824,0.336620,-0.063202,0.156833,0.783306,-0.510351,1.965607
5.108630,0.336646,-0.063394,0.156984,0.777573,-0.499519,1.965303
5.112036,0.336470,-0.063533,0.157075,0.781706,-0.494255,1.964136
5.115575,0.336466,-0.063906,0.157383,0.772709,-0.480521,1.969042
5.119301,0.336481,-0.064227,0.157670,0.764905,-0.470796,1.968956
5.121912,0.336459,-0.064392,0.157831,0.776778,-0.476853,1.964586
5.125322,0.336571,-0.064509,0.157944,0.782179,-0.475098,1.964665
5.128814,0.336685,-0.064553,0.157965,0.776964,-0.469571,1.965734
5.132412,0.336667,-0.064346,0.157726,0.785567,-0.476826,1.960217
5.135123,0.336655,-0.064132,0.157472,0.790392,-0.479616,1.959434
5.139005,0.336738,-0.064027,0.157319,0.792435,-0.480920,1.959902
5.142078,0.336829,-0.063891,0.157166,0.784139,-0.478449,1.961148
5.145242,0.336922,-0.063810,0.157112,0.786015,-0.483485,1.960745
5.149138,0.337013,-0.063708,0.157032,0.787657,-0.484929,1.961566
5.151896,0.337101,-0.063600,0.156971,0.789660,-0.488095,1.961775
5.157057,0.337150,-0.063505,0.156923,0.792143,-0.490456,1.961819
5.158415,0.337260,-0.063566,0.157067,0.792065,-0.488441,1.963159
5.161775,0.337369,-0.063645,0.157202,0.792236,-0.484979,1.964472
5.166721,0.337463,-0.063714,0.157343,0.793307,-0.483975,1.965413
5.172044,0.337561,-0.063790,0.157466,0.794325,-0.482061,1.966546
5.175335,0.337684,-0.063884,0.157592,0.794191,-0.478638,1.967885
5.178769,0.337702,-0.063893,0.157610,0.793740,-0.477512,1.967872
5.182900,0.337773,-0.063916,0.157644,0.792023,-0.476108,1.968673
5.186013,0.337853,-0.063940,0.157668,0.788491,-0.474579,1.969472
5.189425,0.337937,-0.063956,0.157716,0.796909,-0.480010,1.969085
5.191963,0.337987,-0.063962,0.157780,0.795824,-0.481232,1.968903
5.195377,0.338066,-0.063948,0.157803,0.793443,-0.482475,1.968958
5.198467,0.338108,-0.063919,0.157801,0.793876,-0.486390,1.968027
5.202450,0.338134,-0.063898,0.157804,0.796281,-0.487912,1.967097
5.205225,0.338156,-0.063887,0.157825,0.787106,-0.483731,1.967134
5.209317,0.338190,-0.063844,0.157781,0.786665,-0.485369,1.966944
5.212420,0.338257,-0.063758,0.157628,0.777400,-0.504190,1.963558
5.215801,0.338236,-0.063357,0.157216,0.782849,-0.505439,1.961569
5.219072,0.338181,-0.062890,0.156723,0.794145,-0.509647,1.959907
5.222507,0.338120,-0.062427,0.156200,0.789524,-0.531118,1.955526
5.225982,0.338053,-0.061990,0.155727,0.771381,-0.513754,1.960934
5.228734,0.337919,-0.061605,0.155349,0.795177,-0.500364,1.962524
5.232739,0.337855,-0.061534,0.155238,0.802875,-0.502351,1.962875
5.236099,0.337808,-0.061552,0.155220,0.794210,-0.496670,1.963201
5.238894,0.337765,-0.061575,0.155213,0.808954,-0.478372,1.965818
5.242342,0.337723,-0.061596,0.155202,0.840161,-0.497981,1.958823
5.245768,0.337716,-0.061610,0.155205,0.835332,-0.493678,1.958451
5.248349,0.337733,-0.061608,0.155206,0.835393,-0.494675,1.958574
5.252160,0.337770,-0.061601,0.155218,0.830230,-0.520421,1.955024
5.255702,0.337828,-0.061620,0.155219,0.824526,-0.516191,1.954908
5.258507,0.337775,-0.061977,0.155565,0.822371,-0.517384,1.955296
5.262670,0.337698,-0.062441,0.155979,0.818404,-0.513485,1.956967
5.265587,0.337596,-0.062919,0.156394,0.811266,-0.507464,1.956719
5.268862,0.337536,-0.063309,0.156738,0.825857,-0.486760,1.959894
5.272007,0.337452,-0.063668,0.157083,0.825590,-0.490949,1.959982
5.279285,0.337478,-0.063688,0.157082,0.820252,-0.488246,1.959989
5.290147,0.337562,-0.063385,0.156671,0.826641,-0.499578,1.959197
5.297303,0.337646,-0.063082,0.156259,0.827029,-0.504900,1.959549
5.307884,0.337678,-0.062890,0.155915,0.817964,-0.505884,1.959887
5.313319,0.337731,-0.062724,0.155608,0.819058,-0.505962,1.960239
5.315001,0.337785,-0.063144,0.155916,0.807675,-0.503671,1.960054
5.328381,0.337789,-0.063796,0.156577,0.792309,-0.496057,1.959878
5.330071,0.337798,-0.064455,0.157213,0.777316,-0.491100,1.960687
5.333836,0.337671,-0.065021,0.157593,0.774252,-0.487794,1.958853
5.343653,0.337529,-0.065463,0.157699,0.773357,-0.490351,1.956138
5.369623,0.337383,-0.065339,0.157182,0.785317,-0.497290,1.953127
5.381207,0.337233,-0.065279,0.156613,0.793332,-0.497391,1.951188
5.384586,0.337046,-0.065345,0.156101,0.814728,-0.505579,1.946740
5.387043,0.337023,-0.065620,0.155800,0.817345,-0.500613,1.947753
5.394486,0.337007,-0.066008,0.155733,0.810127,-0.491911,1.949754
5.397005,0.336996,-0.066510,0.155657,0.804721,-0.489348,1.951751
5.406058,0.337143,-0.066678,0.155344,0.798507,-0.494910,1.951188
5.408370,0.337137,-0.066323,0.154567,0.802653,-0.498790,1.954021
5.416440,0.337024,-0.065738,0.153669,0.795705,-0.536725,1.947237
5.419498,0.336975,-0.065340,0.152719,0.809155,-0.548401,1.946928
5.425787,0.336827,-0.064782,0.151758,0.817239,-0.558226,1.943713
5.429719,0.336738,-0.064170,0.150578,0.825577,-0.593438,1.937452
5.433562,0.336910,-0.063776,0.149649,0.804627,-0.616026,1.929795
5.436100,0.337096,-0.063645,0.149072,0.807608,-0.619941,1.928760
5.439357,0.337113,-0.063486,0.148621,0.798477,-0.624795,1.926173
5.443036,0.337135,-0.063348,0.148162,0.803303,-0.631715,1.924762
5.446347,0.336917,-0.063509,0.148189,0.812092,-0.612109,1.928144
5.449891,0.336476,-0.063990,0.148445,0.828394,-0.593841,1.930615
5.452882,0.336099,-0.064342,0.148509,0.843150,-0.570091,1.932920
5.455971,0.335745,-0.064501,0.148479,0.840895,-0.556919,1.933294
5.459501,0.335881,-0.064683,0.148312,0.840179,-0.554222,1.932647
5.463166,0.336078,-0.064758,0.148091,0.810304,-0.557998,1.931111
5.466851,0.336418,-0.064756,0.147789,0.784840,-0.569649,1.930665
5.470294,0.336692,-0.064756,0.147491,0.757817,-0.576224,1.930328
5.473005,0.337007,-0.064805,0.147289,0.752847,-0.586955,1.930547
5.476602,0.336904,-0.064852,0.147343,0.738536,-0.582055,1.933504
5.487224,0.336589,-0.064922,0.147833,0.746605,-0.579139,1.934907
5.490458,0.336590,-0.064773,0.147871,0.760470,-0.561170,1.939350
5.496336,0.336733,-0.064236,0.147430,0.765059,-0.562397,1.940202
5.500252,0.336813,-0.064022,0.147122,0.758696,-0.570929,1.937095
5.503289,0.336829,-0.063997,0.146964,0.763478,-0.567043,1.938322
5.506615,0.336850,-0.063973,0.146808,0.776325,-0.556565,1.942112
5.509206,0.336870,-0.063902,0.146767,0.768497,-0.572946,1.940034
5.513339,0.336794,-0.063812,0.146784,0.789642,-0.568475,1.941897
5.516026,0.336702,-0.063833,0.146777,0.806560,-0.557024,1.946089
5.520036,0.336701,-0.063847,0.146846,0.804864,-0.556798,1.945933
5.523112,0.336733,-0.063870,0.146925,0.801767,-0.551447,1.947311
5.526406,0.336697,-0.064102,0.147045,0.794690,-0.546667,1.946089
5.529958,0.336750,-0.064312,0.147180,0.780700,-0.535717,1.947921
5.532607,0.336813,-0.064433,0.147363,0.776014,-0.532871,1.948959
5.536106,0.336811,-0.064478,0.147431,0.775542,-0.530172,1.949925
5.539432,0.336756,-0.064508,0.147483,0.773136,-0.530559,1.949165
5.542903,0.336761,-0.064429,0.147428,0.788749,-0.516721,1.953950
5.546257,0.336801,-0.064239,0.147304,0.778056,-0.529729,1.951345
5.550044,0.336854,-0.064027,0.147158,0.782662,-0.535375,1.949799
5.553035,0.336831,-0.063967,0.147098,0.782083,-0.536786,1.949821
5.556700,0.336823,-0.063916,0.147040,0.784515,-0.537843,1.950589
5.559885,0.336774,-0.063899,0.147012,0.783297,-0.538699,1.949933
5.563319,0.336696,-0.063942,0.146992,0.797650,-0.530760,1.953330
5.566356,0.336601,-0.063980,0.146968,0.794365,-0.530578,1.953976
5.570429,0.336550,-0.063864,0.146856,0.795806,-0.534335,1.953298
5.573352,0.336528,-0.063750,0.146754,0.797998,-0.537565,1.952510
5.576448,0.336497,-0.063628,0.146659,0.800559,-0.540947,1.952555
5.579797,0.336617,-0.063395,0.146424,0.808639,-0.544153,1.952090
5.583570,0.336829,-0.063173,0.146210,0.800088,-0.553748,1.951517
5.586659,0.337076,-0.062969,0.146005,0.792534,-0.564400,1.950845
5.589525,0.337348,-0.062858,0.145868,0.776652,-0.574755,1.950311
5.592876,0.337389,-0.063419,0.146531,0.764230,-0.568156,1.951167
5.596102,0.337268,-0.064213,0.147432,0.743249,-0.556620,1.952332
5.599870,0.337068,-0.065029,0.148343,0.752449,-0.546277,1.953029
5.613528,0.336765,-0.066332,0.149833,0.737078,-0.522150,1.957350
5.630826,0.336958,-0.066606,0.150171,0.729800,-0.502059,1.960411
5.646538,0.337364,-0.067083,0.150781,0.721054,-0.498110,1.962287
5.649930,0.337501,-0.066938,0.150602,0.717816,-0.520765,1.959000
5.660065,0.337601,-0.066373,0.149896,0.698450,-0.537052,1.952897
5.672360,0.336930,-0.064838,0.147596,0.708217,-0.549073,1.950206
5.697104,0.336516,-0.064364,0.146603,0.726210,-0.556855,1.948434
5.710335,0.336111,-0.064369,0.146181,0.736850,-0.567881,1.946872
5.717184,0.335744,-0.064822,0.146343,0.734178,-0.569834,1.948576
5.728179,0.335421,-0.065936,0.147353,0.722260,-0.538610,1.963434
5.737653,0.335412,-0.066624,0.148235,0.715717,-0.521789,1.966233
5.741506,0.335396,-0.067078,0.148647,0.707643,-0.525036,1.968392
5.744446,0.335458,-0.067169,0.148849,0.709281,-0.523221,1.969778
5.754976,0.335631,-0.066663,0.148319,0.703405,-0.490642,1.978156
5.757879,0.335746,-0.066028,0.147531,0.726680,-0.505679,1.973459
5.761203,0.335773,-0.065565,0.147132,0.740380,-0.522587,1.973621
5.764507,0.335691,-0.065494,0.146986,0.746303,-0.520920,1.974009
5.768107,0.335608,-0.065432,0.146836,0.727928,-0.508912,1.978152
5.774346,0.335574,-0.066318,0.147872,0.745647,-0.523236,1.972649
5.778297,0.335361,-0.066385,0.147830,0.744353,-0.521753,1.971251
5.784676,0.334991,-0.066451,0.147687,0.741988,-0.523588,1.969730
5.788088,0.334911,-0.066024,0.146996,0.741593,-0.522924,1.970175
5.791126,0.334842,-0.065604,0.146307,0.761655,-0.534843,1.966669
5.794409,0.331753,-0.070762,0.153614,0.911686,-0.314079,1.974820
5.798356,0.325451,-0.081113,0.168302,1.060113,-0.077832,1.964461
5.804651,0.319331,-0.091490,0.183038,1.051197,-0.091627,1.967639
5.807796,0.319504,-0.091469,0.183003,1.047075,-0.094482,1.969754
5.811312,0.322893,-0.086286,0.175588,1.042515,-0.097134,1.972078
5.814171,0.329488,-0.075934,0.160814,0.888542,-0.334401,1.984528
5.818141,0.336074,-0.065602,0.146039,0.735324,-0.556283,1.976355
5.821131,0.336016,-0.065623,0.146054,0.742908,-0.541878,1.978871
5.824445,0.335988,-0.065657,0.146070,0.744259,-0.540029,1.979215
5.827387,0.335960,-0.065687,0.146106,0.745363,-0.538522,1.979459
5.831077,0.335929,-0.065711,0.146143,0.746761,-0.537707,1.979322
5.834603,0.335881,-0.065707,0.146175,0.748336,-0.536846,1.979064
5.838273,0.335848,-0.065694,0.146198,0.749314,-0.539113,1.978060
5.841109,0.335832,-0.065692,0.146229,0.748386,-0.540129,1.977284
5.844115,0.335837,-0.065705,0.146287,0.729252,-0.527545,1.979339
5.847986,0.335863,-0.065704,0.146328,0.729522,-0.528540,1.979127
5.850913,0.335914,-0.065711,0.146376,0.728590,-0.532295,1.978830
5.854559,0.335978,-0.065759,0.146513,0.713551,-0.518847,1.981351
5.858331,0.335962,-0.065894,0.146766,0.716130,-0.516132,1.982240
5.861187,0.335967,-0.065910,0.146850,0.736255,-0.525023,1.979568
5.864583,0.335955,-0.065879,0.146932,0.738898,-0.521219,1.980121
5.867813,0.335949,-0.065795,0.146961,0.741452,-0.516983,1.980276
5.871041,0.335920,-0.065676,0.146907,0.758866,-0.527202,1.977883
5.874047,0.335872,-0.065494,0.146829,0.759652,-0.524792,1.977217
5.877700,0.335790,-0.065397,0.146884,0.760961,-0.524690,1.976901
5.880574,0.335737,-0.065318,0.146958,0.757763,-0.525420,1.975879
5.884428,0.335694,-0.065258,0.147080,0.756117,-0.523980,1.975820
5.888341,0.335654,-0.065180,0.147236,0.754805,-0.522961,1.976454
5.890801,0.335729,-0.065070,0.147309,0.752092,-0.525184,1.976872
5.894093,0.335811,-0.064962,0.147395,0.753069,-0.524208,1.978405
5.897996,0.335871,-0.064888,0.147448,0.756184,-0.521148,1.979589
5.900692,0.336076,-0.064527,0.147251,0.745385,-0.535224,1.976381
5.904341,0.336293,-0.064191,0.147022,0.732407,-0.550220,1.972399
5.907977,0.336436,-0.063858,0.146904,0.731759,-0.547973,1.972003
5.910618,0.336456,-0.063693,0.147090,0.741680,-0.554715,1.971777
5.918847,0.336555,-0.063258,0.146996,0.737425,-0.556449,1.970493
5.926634,0.336417,-0.063336,0.147496,0.737578,-0.561660,1.971391
5.938042,0.336335,-0.063052,0.147851,0.728399,-0.535173,1.980181
5.945422,0.336443,-0.063723,0.149439,0.733566,-0.540318,1.978497
5.952640,0.336526,-0.063282,0.149430,0.700764,-0.522889,1.981288
5.955904,0.336531,-0.063061,0.149734,0.700765,-0.524662,1.983134
5.961633,0.336626,-0.062245,0.149731,0.720769,-0.518528,1.984498
5.967674,0.336801,-0.061279,0.149842,0.744051,-0.555196,1.976783
5.983210,0.337244,-0.058922,0.148627,0.729082,-0.571824,1.976540
6.005567,0.337807,-0.057380,0.148946,0.745352,-0.608152,1.971287
6.016603,0.338459,-0.055438,0.149258,0.744224,-0.642873,1.966147
6.026159,0.338955,-0.053834,0.149560,0.734428,-0.651248,1.964450
6.037977,0.339295,-0.052544,0.149683,0.736173,-0.639789,1.967409
6.040394,0.339294,-0.051647,0.149966,0.760911,-0.621666,1.974105
6.048135,0.339353,-0.050586,0.149847,0.762516,-0.618985,1.974772
6.050368,0.339484,-0.049950,0.150074,0.777307,-0.612761,1.976845
6.057923,0.339652,-0.049067,0.150012,0.775471,-0.612408,1.980391
6.061027,0.340018,-0.048540,0.150566,0.783557,-0.627686,1.978297
6.064392,0.340338,-0.047993,0.150873,0.772993,-0.655001,1.972688
6.067774,0.340639,-0.047787,0.151415,0.774491,-0.656497,1.973597
6.070924,0.340800,-0.047676,0.151722,0.758644,-0.644946,1.976998
6.074681,0.341194,-0.047960,0.152516,0.748604,-0.639163,1.978844
6.077792,0.341424,-0.047912,0.152986,0.729573,-0.628328,1.983016
6.080879,0.341625,-0.047854,0.153550,0.718806,-0.619011,1.984906
6.084491,0.341710,-0.047786,0.154243,0.706580,-0.615923,1.985629
6.087579,0.341857,-0.047669,0.154887,0.702298,-0.615365,1.984382
6.091137,0.341871,-0.047324,0.155322,0.703301,-0.616559,1.984046
6.094214,0.341944,-0.047136,0.155872,0.700102,-0.621758,1.981630
6.097984,0.341985,-0.046941,0.156540,0.708535,-0.606105,1.986526
6.101326,0.342282,-0.046813,0.157273,0.709263,-0.604095,1.989915
6.104733,0.342524,-0.046579,0.157888,0.721399,-0.585834,1.999131
6.107537,0.342747,-0.046486,0.158520,0.722052,-0.583600,2.001239
6.111295,0.342894,-0.046302,0.158961,0.722947,-0.569814,2.006005
6.115016,0.343173,-0.045908,0.159217,0.719911,-0.578620,2.004354
6.117592,0.343323,-0.045326,0.159234,0.726326,-0.575391,2.004098
6.121731,0.343462,-0.044875,0.159361,0.718174,-0.588851,1.998887
6.124634,0.343672,-0.044326,0.159526,0.708285,-0.579920,2.000762
6.127840,0.343999,-0.043623,0.159793,0.716459,-0.585615,2.000640
6.131308,0.344218,-0.043210,0.160094,0.716897,-0.588411,2.001730
6.134634,0.344537,-0.043811,0.161645,0.705757,-0.571377,2.006053
6.137653,0.344832,-0.044374,0.163121,0.690433,-0.554918,2.010316
6.141123,0.345116,-0.044390,0.164192,0.705336,-0.555465,2.011606
6.144295,0.345321,-0.044571,0.165098,0.705427,-0.538112,2.017135
6.147892,0.345566,-0.044655,0.166142,0.700677,-0.526218,2.020247
6.151333,0.345733,-0.043720,0.165911,0.712111,-0.532104,2.020279
6.154383,0.345926,-0.042645,0.165748,0.722871,-0.542145,2.019282
6.158045,0.346299,-0.042082,0.165943,0.721297,-0.544736,2.021548
6.160908,0.346658,-0.041507,0.166198,0.714935,-0.555617,2.020813
6.165231,0.347071,-0.040877,0.166462,0.717473,-0.561837,2.020508
6.167972,0.347386,-0.040359,0.166897,0.721153,-0.563846,2.022595
6.171111,0.347745,-0.039909,0.167390,0.723445,-0.562648,2.026424
6.174979,0.347933,-0.039561,0.167988,0.728745,-0.557078,2.028167
6.177946,0.348086,-0.039167,0.168669,0.735131,-0.551425,2.030919
6.180912,0.348123,-0.038932,0.169268,0.736630,-0.545504,2.033829
6.184879,0.348216,-0.038603,0.169710,0.738075,-0.543282,2.033683
6.187686,0.348234,-0.038378,0.170255,0.741770,-0.541568,2.032601
6.191176,0.348272,-0.038182,0.170861,0.738752,-0.541058,2.032444
6.194654,0.348421,-0.038053,0.171515,0.739575,-0.536678,2.034001
6.197720,0.348670,-0.037950,0.172309,0.740039,-0.530268,2.036834
6.201138,0.348877,-0.037878,0.173216,0.740190,-0.523715,2.039940
6.204349,0.349127,-0.037606,0.173981,0.746141,-0.515691,2.042530
6.207515,0.349332,-0.037419,0.174740,0.740550,-0.514714,2.043100
6.211000,0.349411,-0.037271,0.175499,0.734464,-0.515136,2.042014
6.215034,0.349436,-0.037104,0.176123,0.737271,-0.509287,2.041036
6.217788,0.349478,-0.036895,0.176816,0.730723,-0.516027,2.038219
6.221357,0.349565,-0.036854,0.177602,0.724024,-0.517038,2.037531
6.224504,0.349727,-0.036550,0.178334,0.730500,-0.515531,2.038897
6.228683,0.349971,-0.036325,0.179095,0.731396,-0.516106,2.039200
6.231357,0.350271,-0.036028,0.179846,0.726185,-0.523413,2.040042
6.234980,0.350628,-0.035686,0.180546,0.731844,-0.520449,2.043991
6.237567,0.350947,-0.035369,0.181161,0.730835,-0.522646,2.046092
6.240974,0.351196,-0.035140,0.181751,0.729722,-0.520797,2.047774
6.244967,0.351424,-0.034716,0.182251,0.733132,-0.521376,2.048915
6.247781,0.351590,-0.034258,0.182704,0.735321,-0.526574,2.048260
6.252856,0.351851,-0.033788,0.183103,0.729375,-0.535001,2.046403
6.254337,0.352232,-0.033027,0.184421,0.723772,-0.540188,2.044392
6.272226,0.352780,-0.032214,0.185891,0.717240,-0.547572,2.044302
6.282995,0.353281,-0.031653,0.187598,0.711751,-0.545149,2.046752
6.286375,0.353835,-0.031155,0.189476,0.703901,-0.541590,2.049191
6.289191,0.354274,-0.030822,0.191586,0.704344,-0.528578,2.052974
6.295686,0.354562,-0.030603,0.192911,0.712489,-0.517377,2.058430
6.299576,0.354684,-0.030456,0.194047,0.713012,-0.512351,2.059627
6.309212,0.355179,-0.029803,0.195302,0.710393,-0.514941,2.060845
6.310941,0.355670,-0.028838,0.197196,0.708648,-0.512251,2.061759
6.326014,0.356251,-0.027501,0.199051,0.706401,-0.517117,2.062643
6.336882,0.356910,-0.026375,0.201084,0.705828,-0.511527,2.066374
6.345750,0.357544,-0.025166,0.203198,0.711467,-0.500471,2.072800
6.349436,0.357904,-0.024455,0.205033,0.717891,-0.488761,2.075272
6.352623,0.358260,-0.024714,0.207526,0.704499,-0.469716,2.080310
6.359872,0.358542,-0.025278,0.210054,0.679912,-0.451209,2.082824
6.361639,0.358757,-0.025569,0.212274,0.649360,-0.449541,2.080731
6.371254,0.359027,-0.025077,0.213832,0.632505,-0.454541,2.078308
6.373990,0.359133,-0.023993,0.215411,0.621075,-0.460965,2.078339
6.380925,0.359173,-0.022176,0.215604,0.632481,-0.477455,2.076739
6.391719,0.359220,-0.020220,0.215624,0.652408,-0.489670,2.079343
6.394650,0.359207,-0.018463,0.215668,0.670518,-0.499119,2.080162
6.397912,0.359116,-0.017671,0.216288,0.678044,-0.499114,2.081372
6.401287,0.359274,-0.017277,0.216853,0.653691,-0.485113,2.082757
6.404432,0.359359,-0.016813,0.217722,0.651070,-0.485742,2.085912
6.408108,0.359346,-0.016504,0.218410,0.648945,-0.485918,2.085101
6.411354,0.359358,-0.016082,0.219116,0.645878,-0.486787,2.086055
6.414402,0.359329,-0.015625,0.219989,0.645479,-0.482157,2.087464
6.417813,0.359175,-0.015180,0.220910,0.666971,-0.492373,2.088812
6.421679,0.359096,-0.014847,0.221482,0.663395,-0.488382,2.088485
6.424724,0.359077,-0.014406,0.222174,0.660268,-0.488224,2.088408
6.428201,0.359052,-0.013939,0.222731,0.657380,-0.485291,2.089541
6.431288,0.359127,-0.013483,0.223202,0.653389,-0.493056,2.089124
6.434741,0.359076,-0.013073,0.223785,0.630996,-0.489319,2.088478
6.438621,0.359223,-0.013194,0.225277,0.628212,-0.491625,2.087545
6.441298,0.359239,-0.013499,0.227096,0.600774,-0.482858,2.086913
6.444494,0.359280,-0.013868,0.228949,0.578902,-0.472232,2.086552
6.449066,0.359181,-0.014043,0.230662,0.558497,-0.458775,2.085834
6.455405,0.359178,-0.014093,0.232170,0.560011,-0.455681,2.085301
6.458278,0.358988,-0.013559,0.232782,0.544114,-0.448295,2.084973
6.461602,0.358915,-0.012854,0.233020,0.552732,-0.449149,2.086173
6.464417,0.358832,-0.012115,0.233324,0.558567,-0.452700,2.086624
6.467880,0.358824,-0.011652,0.233941,0.555331,-0.452487,2.087522
6.471405,0.358877,-0.011274,0.234549,0.550490,-0.451256,2.089436
6.474883,0.358960,-0.010763,0.235176,0.545528,-0.450305,2.092074
6.477782,0.358817,-0.009167,0.234449,0.564916,-0.461463,2.093496
6.481390,0.358685,-0.007577,0.233658,0.583688,-0.473918,2.093417
6.484888,0.358586,-0.005841,0.232602,0.609264,-0.491558,2.092915
6.487890,0.358435,-0.004497,0.232111,0.626697,-0.500359,2.092680
6.491518,0.358242,-0.003405,0.231539,0.623179,-0.498407,2.091512
6.494426,0.358268,-0.004043,0.233512,0.628037,-0.504596,2.088693
6.497931,0.358252,-0.004651,0.235593,0.598462,-0.490538,2.089099
6.501501,0.358220,-0.005334,0.237655,0.567921,-0.474639,2.089557
6.504627,0.358114,-0.005591,0.239085,0.548878,-0.464009,2.088771
6.507860,0.357929,-0.005680,0.240535,0.552161,-0.462901,2.088559
6.511405,0.357780,-0.005088,0.240712,0.520729,-0.443022,2.090348
6.514542,0.357677,-0.004528,0.240886,0.524218,-0.443596,2.091094
6.518034,0.357590,-0.003899,0.240972,0.527968,-0.436827,2.092676
6.521328,0.357397,-0.002233,0.240147,0.557134,-0.452575,2.093799
6.524538,0.357246,-0.000677,0.239311,0.573801,-0.465112,2.093341
6.527894,0.357018,0.000664,0.238628,0.590656,-0.473274,2.093327
6.531214,0.356766,0.001877,0.237825,0.606797,-0.480483,2.093397
6.534678,0.356523,0.003168,0.237115,0.604141,-0.485282,2.092253
6.537874,0.356309,0.002976,0.238251,0.596882,-0.482438,2.091929
6.541557,0.356156,0.002915,0.239467,0.582428,-0.472267,2.092626
6.544787,0.356060,0.002919,0.240553,0.568475,-0.464884,2.093585
6.553318,0.355914,0.003750,0.241071,0.571242,-0.455895,2.096098
6.556116,0.355394,0.005598,0.241247,0.595200,-0.471222,2.095406
6.574657,0.355002,0.007767,0.240486,0.597723,-0.470120,2.096508
6.585162,0.354548,0.009397,0.240572,0.598665,-0.474495,2.095780
6.587793,0.354096,0.010991,0.240713,0.600175,-0.479579,2.094520
6.591542,0.353714,0.011910,0.241388,0.575751,-0.487275,2.091890
6.599932,0.353145,0.012925,0.241134,0.581764,-0.488248,2.089308
6.601444,0.352635,0.014417,0.241104,0.589980,-0.491770,2.086222
6.614931,0.351799,0.016526,0.240384,0.587912,-0.483871,2.087288
6.639338,0.350830,0.018341,0.240913,0.608994,-0.487775,2.088316
6.648921,0.349789,0.020127,0.241319,0.617278,-0.482406,2.088321
6.653826,0.349247,0.020615,0.243080,0.593784,-0.469084,2.091712
6.656945,0.348546,0.020950,0.244562,0.563948,-0.456555,2.092904
6.659709,0.347827,0.022564,0.244492,0.584978,-0.476933,2.090530
6.670728,0.347243,0.024543,0.243136,0.586254,-0.484608,2.087798
6.681329,0.346493,0.026573,0.242072,0.585549,-0.487133,2.086574
6.685869,0.345694,0.029000,0.241044,0.602811,-0.500060,2.085644
6.694627,0.344977,0.031226,0.240075,0.622112,-0.513996,2.085443
6.697066,0.344601,0.031992,0.240471,0.620286,-0.510956,2.086874
6.700867,0.344178,0.032808,0.240826,0.610971,-0.508468,2.088453
6.703746,0.343800,0.033573,0.241079,0.628889,-0.520310,2.087620
6.706949,0.343429,0.034061,0.241089,0.628071,-0.517126,2.087188
6.710711,0.342892,0.034652,0.240975,0.631254,-0.517666,2.085626
6.713610,0.342407,0.035244,0.240842,0.634298,-0.516156,2.085651
6.717011,0.341982,0.035759,0.240846,0.635422,-0.513984,2.086425
6.720706,0.341822,0.036029,0.241047,0.633401,-0.515389,2.087013
6.723670,0.341542,0.035786,0.242142,0.612353,-0.509786,2.087773
6.727648,0.341447,0.035316,0.243358,0.589569,-0.500241,2.088766
6.730920,0.341157,0.034904,0.244518,0.585541,-0.500877,2.089103
6.734519,0.340699,0.034462,0.245716,0.566708,-0.494002,2.087015
6.737318,0.340157,0.034152,0.246654,0.548112,-0.480935,2.085823
6.741172,0.339655,0.035453,0.245537,0.573171,-0.487886,2.085719
6.744512,0.339037,0.036961,0.244298,0.597769,-0.500146,2.083981
6.747761,0.338611,0.038384,0.243103,0.602077,-0.502209,2.082935
6.751445,0.338271,0.039758,0.241910,0.622245,-0.510044,2.083472
6.754445,0.337824,0.041205,0.240730,0.646159,-0.520423,2.081528
6.757678,0.337561,0.041623,0.240871,0.640583,-0.522558,2.080813
6.761189,0.337418,0.041859,0.241145,0.633894,-0.517616,2.082789
6.764266,0.337199,0.042178,0.241390,0.629659,-0.515724,2.083178
6.767725,0.336899,0.042683,0.241410,0.631519,-0.518730,2.081932
6.770821,0.336689,0.043173,0.241428,0.628090,-0.519706,2.083649
6.774419,0.336270,0.043697,0.241317,0.633541,-0.522758,2.082249
6.777649,0.335815,0.044251,0.241204,0.636799,-0.525153,2.080792
6.781049,0.335467,0.044681,0.241125,0.638716,-0.526282,2.079661
6.784368,0.335156,0.044957,0.241227,0.638349,-0.522406,2.080570
6.787378,0.334966,0.045140,0.241365,0.637752,-0.521036,2.080049
6.791347,0.334765,0.044469,0.242523,0.618418,-0.506447,2.080480
6.794198,0.334596,0.043743,0.243671,0.612296,-0.478437,2.085181
6.797306,0.334251,0.043922,0.243946,0.610546,-0.476301,2.085221
6.800884,0.334014,0.044132,0.244111,0.609285,-0.476162,2.084680
6.804655,0.333593,0.044384,0.244237,0.600938,-0.447077,2.089823
6.807090,0.333266,0.045426,0.243409,0.615262,-0.453188,2.091037
6.811352,0.332845,0.046525,0.242518,0.619507,-0.475768,2.087263
6.813766,0.332574,0.046812,0.242471,0.619201,-0.473532,2.087941
6.816818,0.332013,0.047437,0.242035,0.624686,-0.479884,2.085226
6.820826,0.331527,0.048084,0.241599,0.637224,-0.513058,2.077693
6.824768,0.331099,0.048594,0.241266,0.642350,-0.516501,2.076013
6.827331,0.330744,0.049111,0.241013,0.642519,-0.523978,2.074048
6.831362,0.330365,0.049536,0.240755,0.645349,-0.527541,2.072922
6.833477,0.330232,0.049654,0.240882,0.642535,-0.523647,2.074598
6.837057,0.329976,0.049730,0.241061,0.638999,-0.520060,2.075464
6.840647,0.329852,0.049796,0.241188,0.635531,-0.518808,2.075563
6.844661,0.329658,0.049822,0.241270,0.836633,-0.246209,2.140924
6.847089,0.329464,0.050063,0.241306,0.836199,-0.247770,2.139760
6.851563,0.329302,0.050331,0.241307,0.834788,-0.247373,2.138907
6.853878,0.329042,0.050941,0.240793,0.840608,-0.254115,2.136683
6.857121,0.328683,0.051593,0.240224,0.847670,-0.261008,2.134307
6.861244,0.328332,0.052117,0.239879,0.647887,-0.532823,2.065865
6.863444,0.327995,0.051663,0.240523,0.631380,-0.523217,2.065197
6.867424,0.327664,0.051120,0.241190,0.619907,-0.512209,2.065074
6.872576,0.327539,0.050279,0.242247,0.601768,-0.495453,2.066723
6.874515,0.327263,0.050243,0.242456,0.597305,-0.486946,2.068090
6.880119,0.326928,0.050826,0.242072,0.603429,-0.485650,2.071167
6.898451,0.326484,0.052278,0.240689,0.623411,-0.496483,2.070221
6.913506,0.325991,0.053776,0.239305,0.636855,-0.511517,2.068148
6.917718,0.325403,0.055388,0.237861,0.655180,-0.523648,2.067028
6.924849,0.324776,0.056545,0.236893,0.662299,-0.534767,2.064306
6.935779,0.324297,0.057223,0.236323,0.658379,-0.536732,2.062319
6.958700,0.323903,0.057792,0.235805,0.655278,-0.538589,2.062978
6.970140,0.323519,0.058398,0.235217,0.657111,-0.539246,2.063747
6.973172,0.323200,0.058983,0.234562,0.656765,-0.543640,2.062260
6.980887,0.322877,0.059372,0.234108,0.651001,-0.545281,2.059146
6.983598,0.322525,0.059747,0.233617,0.649994,-0.549865,2.054983
6.994529,0.322143,0.060152,0.233019,0.651956,-0.553061,2.050337
6.996107,0.321818,0.060519,0.232472,0.651867,-0.556451,2.046342
7.005521,0.321557,0.060729,0.232106,0.650931,-0.556820,2.045491
7.006974,0.321710,0.060779,0.231751,0.655789,-0.542840,2.053746
7.015798,0.321882,0.060762,0.231411,0.652774,-0.540886,2.057439
7.018980,0.321941,0.060799,0.231127,0.658096,-0.531581,2.063166
7.023031,0.322057,0.060993,0.230651,0.660100,-0.535580,2.063031
7.025805,0.322152,0.061339,0.230059,0.666515,-0.533401,2.065736
7.029124,0.322193,0.061759,0.229438,0.660291,-0.555270,2.060508
7.033322,0.322198,0.062313,0.228814,0.665269,-0.561702,2.061240
7.036187,0.322213,0.062790,0.228226,0.662333,-0.577472,2.058192
7.039304,0.322176,0.063040,0.227730,0.663867,-0.574767,2.059873
7.043324,0.322148,0.063170,0.227357,0.657394,-0.582561,2.057169
7.046452,0.321999,0.063252,0.227131,0.655523,-0.579820,2.056629
7.048995,0.321908,0.063264,0.226892,0.650991,-0.580368,2.054450
7.053270,0.321977,0.063243,0.226657,0.646960,-0.576445,2.055008
7.056026,0.322016,0.063356,0.226372,0.644662,-0.578943,2.055675
7.059535,0.322006,0.063434,0.226027,0.644736,-0.576551,2.056435
7.064068,0.321939,0.063460,0.225654,0.646596,-0.572533,2.056504
7.065892,0.321882,0.063526,0.225192,0.648985,-0.568975,2.056679
7.069550,0.321803,0.063620,0.224569,0.650767,-0.568838,2.054807
7.073312,0.321746,0.063661,0.224067,0.649879,-0.568254,2.053451
7.079142,0.321742,0.063798,0.223505,0.652314,-0.568763,2.051454
7.082778,0.321837,0.064029,0.222839,0.657046,-0.571772,2.050755
7.085652,0.321917,0.064201,0.222302,0.656971,-0.575022,2.049109
7.089426,0.322025,0.064360,0.221917,0.657442,-0.575856,2.049060
7.092993,0.322177,0.064545,0.221422,0.657687,-0.578677,2.048484
7.096220,0.322305,0.064687,0.221015,0.655157,-0.581129,2.048365
7.099083,0.322330,0.064746,0.220759,0.652970,-0.579913,2.047835
7.103725,0.322334,0.064754,0.220446,0.655491,-0.576093,2.047838
7.105751,0.322393,0.064811,0.219993,0.657111,-0.574398,2.047307
7.109101,0.322349,0.064748,0.219661,0.658875,-0.567327,2.049017
7.113125,0.322421,0.064710,0.219231,0.661714,-0.562637,2.049611
7.115937,0.322533,0.064676,0.218747,0.662272,-0.557335,2.050485
7.119635,0.322665,0.064667,0.218260,0.663890,-0.556434,2.050679
7.123369,0.322738,0.064641,0.217804,0.664587,-0.555910,2.050920
7.125654,0.322879,0.064670,0.217282,0.666512,-0.556642,2.050279
7.129340,0.322912,0.064618,0.216869,0.667943,-0.555518,2.050721
7.133378,0.322924,0.064432,0.216483,0.667382,-0.553436,2.051067
7.135962,0.322917,0.064276,0.216154,0.672354,-0.537740,2.055737
7.138876,0.323032,0.064241,0.215604,0.674081,-0.537350,2.056563
7.143208,0.323057,0.064248,0.215135,0.671983,-0.541354,2.056093
7.145452,0.323098,0.064189,0.214589,0.672024,-0.542283,2.055203
7.149292,0.323156,0.064266,0.214027,0.675399,-0.546440,2.054594
7.152853,0.323181,0.064286,0.213404,0.669997,-0.562308,2.050427
7.156254,0.323159,0.064173,0.213053,0.669764,-0.563657,2.049615
7.159642,0.323215,0.064043,0.212713,0.670997,-0.564583,2.049853
7.163233,0.323322,0.063978,0.212439,0.668734,-0.568774,2.050249
7.166229,0.323438,0.063889,0.212157,0.665756,-0.572952,2.050212
7.169456,0.323594,0.063826,0.211926,0.667953,-0.576235,2.050345
7.173352,0.323702,0.063615,0.211636,0.666101,-0.575990,2.051821
7.177794,0.323804,0.063256,0.211318,0.666310,-0.569984,2.053756
7.189821,0.323884,0.062818,0.210826,0.666806,-0.565521,2.055502
7.200514,0.324092,0.062435,0.210182,0.671420,-0.560259,2.056835
7.206804,0.324259,0.062084,0.209496,0.672994,-0.555486,2.058890
7.214091,0.324469,0.061828,0.208887,0.678298,-0.550817,2.060388
7.218524,0.324758,0.061663,0.208311,0.682574,-0.551816,2.061206
7.225400,0.325023,0.061587,0.207895,0.689506,-0.550589,2.061446
7.227710,0.325175,0.061352,0.207482,0.694736,-0.547980,2.062139
7.239599,0.325387,0.060960,0.207065,0.695973,-0.548360,2.062423
7.241801,0.325416,0.060104,0.206703,0.691570,-0.553708,2.060432
7.264400,0.325325,0.059019,0.206236,0.670619,-0.550331,2.057981
7.277725,0.325217,0.057943,0.205690,0.665296,-0.555566,2.055138
7.286007,0.325058,0.057016,0.205357,0.655921,-0.563376,2.051774
7.297092,0.324828,0.056046,0.204970,0.650053,-0.569090,2.048246
7.300115,0.324683,0.055397,0.204510,0.647355,-0.572056,2.046782
7.309632,0.324583,0.055014,0.204180,0.661405,-0.583001,2.045370
7.316885,0.324501,0.054610,0.203913,0.658101,-0.586601,2.044405
7.320271,0.324422,0.054179,0.203645,0.658471,-0.591731,2.042951
7.323581,0.324373,0.053880,0.203451,0.657156,-0.595803,2.041372
7.327349,0.324353,0.053670,0.203314,0.657524,-0.599584,2.040272
7.330228,0.324294,0.053347,0.203205,0.656356,-0.600678,2.039271
7.333543,0.324291,0.052901,0.203261,0.652533,-0.599259,2.039345
7.336832,0.324306,0.052469,0.203331,0.646725,-0.597606,2.039730
7.339622,0.324355,0.052091,0.203379,0.644148,-0.596088,2.039637
7.343640,0.324407,0.051801,0.203425,0.637542,-0.598474,2.037305
7.346630,0.324436,0.051577,0.203392,0.634452,-0.599442,2.036002
7.350634,0.324414,0.051534,0.203168,0.638764,-0.601864,2.033178
7.353175,0.324390,0.051474,0.202937,0.643220,-0.604045,2.030196
7.356487,0.324414,0.051374,0.202769,0.645146,-0.606488,2.027417
7.360205,0.324422,0.051213,0.202600,0.650969,-0.604215,2.027086
7.364083,0.324497,0.051057,0.202479,0.655102,-0.604293,2.024871
7.367017,0.324586,0.050845,0.202424,0.654385,-0.602498,2.024790
7.370888,0.324660,0.050572,0.202362,0.653926,-0.599073,2.024441
7.373637,0.324667,0.050272,0.202272,0.654792,-0.592639,2.024581
7.376683,0.324661,0.049951,0.202210,0.655506,-0.585893,2.024368
7.380116,0.324651,0.049638,0.202137,0.655524,-0.575991,2.025992
7.383928,0.324659,0.049277,0.202181,0.658158,-0.570328,2.025924
7.386528,0.324707,0.048957,0.202233,0.659020,-0.563515,2.026864
7.389841,0.324815,0.048636,0.202370,0.658528,-0.559443,2.027796
7.393035,0.324961,0.048347,0.202505,0.657337,-0.555891,2.029259
7.396539,0.325116,0.048033,0.202655,0.657941,-0.554676,2.029782
7.400253,0.325191,0.047807,0.202697,0.656077,-0.552649,2.030782
7.403131,0.325263,0.047595,0.202743,0.655882,-0.550841,2.031561
7.406929,0.325303,0.047470,0.202691,0.655759,-0.551510,2.031518
7.410296,0.325330,0.047375,0.202635,0.656360,-0.552836,2.031021
7.413217,0.325346,0.047318,0.202569,0.654556,-0.555824,2.030708
7.417195,0.325429,0.047240,0.202548,0.653741,-0.557491,2.030374
7.420480,0.325479,0.047207,0.202487,0.650439,-0.561458,2.030365
7.423590,0.325516,0.047164,0.202465,0.648344,-0.563664,2.030125
7.427315,0.325544,0.047126,0.202419,0.646245,-0.566096,2.029490
7.429676,0.325552,0.047124,0.202372,0.645136,-0.567670,2.029014
7.433393,0.325519,0.047146,0.202271,0.644005,-0.570050,2.028165
7.436723,0.325489,0.047124,0.202198,0.645709,-0.570057,2.027489
7.439992,0.325458,0.047089,0.202118,0.646926,-0.569780,2.027463
7.443566,0.325432,0.047060,0.202064,0.646169,-0.570233,2.027122
7.446309,0.325448,0.047084,0.202015,0.647581,-0.570833,2.028154
7.449522,0.325488,0.047118,0.201952,0.647907,-0.574025,2.028073
7.453464,0.325503,0.047170,0.201881,0.648681,-0.576702,2.028378
7.457324,0.325447,0.047229,0.201784,0.647710,-0.581723,2.026484
7.460217,0.325357,0.047253,0.201749,0.648436,-0.580856,2.025800
7.463324,0.325356,0.047185,0.201757,0.647170,-0.580813,2.024986
7.467063,0.325340,0.047102,0.201802,0.644415,-0.579851,2.024874
7.469739,0.325300,0.047017,0.201842,0.639113,-0.580473,2.022850
7.473715,0.325283,0.046917,0.201961,0.640381,-0.578777,2.021976
7.476784,0.325287,0.046857,0.202008,0.638618,-0.580763,2.021576
7.480245,0.325174,0.046841,0.202023,0.636463,-0.581971,2.019558
7.483789,0.325017,0.046855,0.201992,0.636047,-0.581878,2.017465
7.487018,0.324893,0.046918,0.201972,0.636283,-0.582874,2.015945
7.490493,0.324809,0.047021,0.201883,0.631881,-0.583558,2.015455
7.493361,0.324700,0.047134,0.201804,0.631039,-0.585559,2.013041
7.496839,0.324592,0.047258,0.201730,0.630505,-0.586891,2.011344
7.499727,0.324533,0.047353,0.201712,0.630050,-0.588919,2.009739
7.502891,0.324517,0.047397,0.201764,0.629006,-0.589678,2.008554
7.507239,0.324511,0.047442,0.201846,0.628656,-0.590706,2.007344
7.509542,0.324509,0.047484,0.201911,0.628866,-0.591645,2.006517
7.513222,0.324433,0.047665,0.201818,0.631312,-0.593838,2.003809
7.520656,0.324286,0.047982,0.201682,0.634555,-0.592627,2.002911
7.539050,0.324134,0.048437,0.201414,0.638319,-0.593680,2.000845
7.542126,0.324002,0.048939,0.201118,0.642172,-0.596138,1.999046
7.553631,0.323933,0.049423,0.200848,0.643227,-0.599560,1.997541
7.556263,0.323927,0.049745,0.200751,0.641736,-0.601742,1.997756
7.563918,0.323982,0.049934,0.200701,0.640737,-0.603055,1.997947
7.565882,0.324016,0.049985,0.200755,0.640404,-0.602277,1.999699
7.581990,0.324044,0.049951,0.200874,0.637824,-0.597741,2.001094
7.587477,0.324040,0.049923,0.200982,0.634689,-0.594700,2.000354
7.617568,0.323953,0.049993,0.200967,0.632673,-0.592065,1.998931
7.627855,0.323922,0.050049,0.200896,0.630118,-0.592340,1.995983
7.631804,0.323875,0.050129,0.200780,0.627163,-0.591940,1.993630
7.635123,0.323851,0.050224,0.200624,0.626112,-0.594017,1.991483
7.642658,0.323881,0.050326,0.200573,0.629652,-0.590204,1.994559
7.645023,0.324000,0.050545,0.200294,0.631887,-0.591449,1.994731
7.655474,0.324117,0.050767,0.200036,0.633760,-0.592395,1.995520
7.664234,0.324361,0.051069,0.199789,0.636491,-0.592525,1.997352
7.667665,0.324602,0.051408,0.199559,0.638297,-0.592009,1.998984
7.673389,0.324837,0.051761,0.199189,0.639717,-0.595728,1.996660
7.678149,0.324989,0.052008,0.199056,0.640804,-0.594761,1.997333
7.680985,0.325139,0.052252,0.198916,0.640981,-0.594154,1.997362
7.684326,0.325177,0.052467,0.198703,0.640469,-0.597037,1.995541
7.687747,0.325197,0.052657,0.198523,0.644411,-0.597796,1.993603
7.691395,0.325226,0.052727,0.198467,0.643185,-0.598210,1.992702
7.694703,0.325291,0.052749,0.198421,0.651926,-0.584767,1.996641
7.697787,0.325354,0.052762,0.198388,0.652127,-0.580740,1.997847
7.701119,0.325446,0.052853,0.198361,0.654966,-0.577178,1.999159
7.704341,0.325528,0.053005,0.198178,0.651038,-0.574444,2.000716
7.707802,0.325616,0.053253,0.198005,0.650223,-0.574105,2.001024
7.711108,0.325685,0.053582,0.197831,0.640182,-0.587603,1.996860
7.714407,0.325800,0.053987,0.197705,0.639702,-0.591824,1.996373
7.718528,0.325904,0.054251,0.197651,0.638447,-0.594359,1.996009
7.721982,0.325992,0.054314,0.197899,0.644591,-0.587531,1.998776
7.724704,0.326062,0.054321,0.198128,0.648080,-0.576025,2.002914
7.727976,0.326243,0.054658,0.198081,0.646780,-0.577061,2.003508
7.731390,0.326425,0.055031,0.197898,0.646025,-0.578436,2.003921
7.734329,0.326588,0.055432,0.197660,0.642842,-0.580287,2.004289
7.738434,0.326551,0.056004,0.197189,0.637841,-0.590425,2.000088
7.741121,0.326533,0.056594,0.196676,0.634885,-0.603467,1.994990
7.744378,0.326436,0.056918,0.196414,0.632147,-0.607726,1.994665
7.748042,0.326314,0.057182,0.196245,0.633326,-0.607672,1.993887
7.751185,0.326174,0.057428,0.196120,0.634291,-0.606110,1.992910
7.754600,0.326273,0.057641,0.196034,0.615375,-0.593462,1.993798
7.758070,0.326344,0.057971,0.195861,0.614624,-0.592698,1.994329
7.761890,0.326308,0.058277,0.195625,0.621471,-0.586690,1.993490
7.765204,0.326292,0.058637,0.195351,0.625818,-0.587650,1.992764
7.768243,0.326276,0.058998,0.195078,0.629282,-0.587446,1.992777
7.771866,0.326240,0.059263,0.194943,0.649487,-0.598862,1.992618
7.774468,0.326213,0.059395,0.194940,0.632304,-0.586692,1.993839
7.778290,0.326242,0.059676,0.194791,0.631769,-0.587899,1.994712
7.781708,0.326213,0.059905,0.194621,0.630082,-0.584885,1.995960
7.784573,0.326160,0.060216,0.194411,0.631275,-0.582880,1.996757
7.788712,0.326111,0.060640,0.194054,0.633098,-0.583053,1.997533
7.791320,0.326061,0.061127,0.193657,0.655103,-0.593594,1.998180
7.795352,0.325990,0.061413,0.193431,0.658943,-0.591933,1.998540
7.798445,0.325932,0.061681,0.193194,0.659365,-0.590543,1.998877
7.801785,0.325899,0.061883,0.193003,0.659338,-0.588510,1.999261
7.804951,0.325840,0.062287,0.192628,0.663828,-0.587757,1.998437
7.808391,0.325806,0.062665,0.192248,0.667378,-0.588157,1.998011
7.811120,0.325870,0.063042,0.191915,0.669185,-0.586184,1.998884
7.815512,0.325929,0.063334,0.191650,0.673654,-0.585132,1.999580
7.817775,0.325876,0.063717,0.191291,0.677852,-0.583290,1.998364
7.821233,0.325818,0.063798,0.191206,0.680046,-0.580758,1.998356
7.824523,0.325771,0.063842,0.191199,0.680012,-0.576186,1.998021
7.828842,0.325701,0.063811,0.191259,0.679029,-0.571122,1.998032
7.831228,0.325646,0.063848,0.191329,0.678843,-0.565287,1.997843
7.834882,0.325656,0.063886,0.191360,0.680296,-0.561459,1.998795
7.837713,0.325686,0.064015,0.191312,0.678987,-0.556909,1.999259
7.841222,0.325720,0.064196,0.191240,0.682860,-0.555436,1.999277
7.844857,0.325728,0.064456,0.191052,0.686871,-0.555082,1.999043
7.848006,0.325738,0.064726,0.190867,0.690388,-0.556756,1.998780
7.851727,0.325787,0.064905,0.190784,0.692116,-0.557686,1.999132
7.855426,0.325847,0.065070,0.190738,0.694957,-0.559378,1.999393
7.858818,0.325996,0.065167,0.190684,0.692806,-0.560998,2.000394
7.864345,0.326135,0.065184,0.190671,0.692623,-0.562108,2.001151
7.882525,0.326273,0.065148,0.190614,0.690890,-0.561826,2.002445
7.893349,0.326430,0.065076,0.190579,0.689599,-0.560016,2.004158
7.896648,0.326604,0.064980,0.190541,0.687398,-0.557150,2.006323
7.899350,0.326690,0.064886,0.190469,0.687276,-0.554558,2.007919
7.907274,0.326772,0.064787,0.190393,0.684956,-0.557381,2.008845
7.908906,0.326900,0.064532,0.190350,0.680857,-0.558814,2.009709
7.918082,0.327039,0.064270,0.190309,0.676744,-0.562696,2.009586
7.929616,0.327309,0.063723,0.190174,0.671208,-0.567161,2.010254
7.946851,0.327561,0.063099,0.189931,0.664054,-0.567999,2.010552
7.961697,0.327966,0.062458,0.189700,0.660199,-0.568284,2.011546
7.969973,0.328322,0.061977,0.189459,0.658736,-0.569671,2.011765
7.982273,0.328781,0.061230,0.189349,0.652231,-0.570346,2.012165
7.983861,0.329112,0.060610,0.189347,0.633146,-0.562597,2.012287
7.994580,0.329447,0.059493,0.190251,0.631084,-0.562104,2.012787
7.998060,0.329623,0.058238,0.191291,0.610085,-0.549955,2.013501
8.006809,0.329799,0.057002,0.192339,0.591027,-0.537837,2.014106
8.009937,0.329834,0.056752,0.192389,0.590538,-0.534702,2.014082
8.012650,0.329839,0.056693,0.192367,0.605490,-0.539546,2.013713
8.016570,0.329777,0.057232,0.191529,0.607582,-0.538393,2.012731
8.019753,0.329709,0.057984,0.190523,0.627169,-0.546291,2.010887
8.023268,0.329632,0.058719,0.189507,0.645298,-0.555623,2.009025
8.025947,0.329556,0.058706,0.189356,0.648753,-0.554549,2.008448
8.029793,0.329493,0.058633,0.189247,0.650496,-0.554375,2.008054
8.032543,0.329484,0.058560,0.189160,0.649955,-0.555944,2.007156
8.035885,0.329507,0.058501,0.189032,0.649557,-0.558915,2.006302
8.039923,0.329497,0.058527,0.188889,0.649693,-0.560649,2.005264
8.042548,0.329477,0.058624,0.188646,0.652246,-0.565635,2.003720
8.046291,0.329453,0.058755,0.188416,0.656400,-0.568383,2.001839
8.049695,0.329442,0.058866,0.188224,0.659331,-0.570372,2.000845
8.053246,0.329394,0.058932,0.188114,0.661875,-0.570979,2.000690
8.056790,0.329374,0.058914,0.188016,0.663161,-0.571708,1.999974
8.060044,0.329364,0.058879,0.188014,0.662439,-0.569589,1.999589
8.062792,0.329313,0.058853,0.187922,0.661616,-0.571125,1.998637
8.066371,0.329240,0.058854,0.187831,0.661602,-0.572082,1.997451
8.069756,0.329180,0.058869,0.187733,0.661122,-0.572641,1.996933
8.073079,0.329193,0.058910,0.187613,0.661940,-0.575410,1.996686
8.076188,0.329216,0.058933,0.187489,0.662943,-0.576965,1.997409
8.079775,0.329260,0.058921,0.187502,0.661311,-0.575722,1.999071
8.082916,0.329284,0.058865,0.187495,0.661105,-0.574840,1.999672
8.086555,0.329301,0.058802,0.187482,0.662296,-0.573016,1.999260
8.090046,0.329251,0.058732,0.187501,0.661831,-0.569099,1.999251
8.092956,0.329196,0.058663,0.187561,0.662723,-0.567191,1.998273
8.095944,0.329162,0.058619,0.187576,0.665302,-0.564876,1.997293
8.099626,0.329144,0.058596,0.187601,0.665885,-0.562778,1.997341
8.102852,0.329117,0.058578,0.187618,0.665956,-0.562693,1.996526
8.105784,0.329093,0.058553,0.187632,0.666877,-0.561738,1.996022
8.109567,0.329075,0.058541,0.187614,0.667712,-0.559594,1.995496
8.113025,0.329050,0.058517,0.187607,0.666925,-0.560557,1.994088
8.116301,0.329012,0.058474,0.187610,0.668788,-0.558592,1.993348
8.120259,0.328984,0.058432,0.187623,0.669909,-0.555870,1.993170
8.123495,0.328956,0.058404,0.187595,0.670582,-0.555833,1.992024
8.126660,0.328920,0.058376,0.187532,0.669587,-0.556582,1.991012
8.130085,0.328888,0.058352,0.187447,0.670667,-0.555823,1.990252
8.132910,0.328850,0.058339,0.187345,0.670344,-0.557338,1.988677
8.136405,0.328804,0.058314,0.187263,0.669542,-0.558509,1.986147
8.140177,0.328781,0.058257,0.187238,0.669139,-0.557517,1.985589
8.143553,0.328784,0.058157,0.187298,0.667688,-0.556489,1.985741
8.146183,0.328786,0.058037,0.187355,0.665913,-0.554430,1.986167
8.150295,0.328730,0.057894,0.187378,0.665174,-0.551339,1.986432
8.153157,0.328669,0.057763,0.187369,0.664642,-0.548437,1.988107
8.155952,0.328595,0.057642,0.187337,0.664526,-0.545770,1.988374
8.159106,0.328488,0.057553,0.187239,0.664945,-0.544803,1.988043
8.162650,0.328411,0.057543,0.187084,0.666315,-0.544841,1.987413
8.166069,0.328361,0.057562,0.186951,0.667229,-0.547113,1.987569
8.169692,0.328364,0.057621,0.186831,0.667503,-0.549072,1.986549
8.172565,0.328299,0.057629,0.186730,0.668521,-0.551329,1.986575
8.176417,0.328221,0.057646,0.186612,0.669460,-0.551359,1.985572
8.179660,0.328117,0.057613,0.186562,0.668916,-0.553206,1.984031
8.182421,0.328119,0.057566,0.186506,0.667026,-0.553263,1.983826
8.186260,0.328081,0.057472,0.186444,0.665947,-0.552379,1.984350
8.190275,0.328036,0.057394,0.186327,0.663221,-0.551150,1.983048
8.193566,0.328023,0.057315,0.186234,0.659866,-0.553009,1.982682
8.197799,0.328020,0.057249,0.186125,0.656595,-0.554107,1.982572
8.201432,0.328079,0.057167,0.186075,0.651761,-0.558525,1.982614
8.204014,0.328119,0.056893,0.185918,0.647101,-0.562023,1.981185
8.229239,0.328196,0.056648,0.185789,0.643257,-0.565899,1.980485
8.240192,0.328272,0.056392,0.185584,0.642846,-0.568316,1.980087
8.245744,0.328199,0.056180,0.185313,0.644346,-0.567598,1.979674
8.257890,0.328023,0.055959,0.184803,0.650544,-0.567796,1.977397
8.260623,0.327866,0.055981,0.184378,0.656621,-0.567446,1.975534
8.263518,0.327678,0.056039,0.183956,0.661615,-0.567641,1.974277
8.278107,0.327580,0.056166,0.183610,0.664962,-0.565582,1.973216
8.305824,0.327648,0.056239,0.183359,0.665095,-0.566425,1.973221
8.318712,0.327685,0.056361,0.183391,0.661051,-0.562380,1.972935
8.322300,0.327724,0.056441,0.183448,0.656534,-0.561473,1.973623
8.331028,0.327862,0.056664,0.183551,0.652738,-0.560787,1.974697
8.334409,0.327888,0.056873,0.183672,0.652332,-0.560459,1.975273
8.347870,0.327906,0.057117,0.183746,0.649529,-0.559572,1.974852
8.356596,0.327902,0.057300,0.183826,0.650392,-0.562546,1.975598
8.366447,0.327888,0.057513,0.183905,0.650771,-0.561520,1.975843
8.369920,0.327813,0.057575,0.183950,0.651153,-0.560489,1.975108
8.373323,0.327759,0.057594,0.183985,0.648004,-0.561638,1.974055
8.376724,0.327655,0.057554,0.184087,0.646823,-0.558608,1.974275
8.380008,0.327576,0.057448,0.184260,0.644701,-0.555791,1.973435
8.383044,0.327516,0.057390,0.184263,0.627548,-0.545673,1.974318
8.386640,0.327490,0.056508,0.185298,0.628551,-0.543270,1.974224
8.389987,0.327453,0.055631,0.186380,0.609539,-0.529993,1.976104
8.393397,0.327445,0.054777,0.187430,0.593173,-0.520888,1.977365
8.396509,0.327421,0.054908,0.187343,0.591504,-0.519714,1.977872
8.399903,0.327362,0.054969,0.187416,0.606429,-0.529617,1.977308
8.402982,0.327293,0.055831,0.186460,0.603876,-0.529748,1.977637
8.406552,0.327224,0.056680,0.185473,0.604520,-0.529001,1.977380
8.409650,0.327145,0.056710,0.185455,0.620547,-0.538154,1.976232
8.413640,0.327105,0.056694,0.185457,0.605522,-0.526505,1.976731
8.416553,0.327056,0.056691,0.185457,0.605817,-0.525211,1.976609
8.419729,0.327008,0.056702,0.185463,0.607188,-0.525645,1.976532
8.423434,0.326919,0.056723,0.185437,0.623461,-0.534857,1.975863
8.426688,0.326879,0.057465,0.184477,0.624391,-0.533307,1.975352
8.429891,0.326805,0.056810,0.185273,0.626737,-0.534106,1.974664
8.433115,0.326755,0.056054,0.186045,0.612967,-0.525389,1.975094
8.436352,0.326675,0.055305,0.186826,0.598617,-0.514335,1.974866
8.439913,0.326648,0.054554,0.187622,0.586196,-0.505448,1.974057
8.442995,0.326584,0.053920,0.188392,0.572566,-0.496965,1.974139
8.446294,0.326569,0.054602,0.187514,0.586491,-0.505148,1.973456
8.449785,0.326565,0.055365,0.186670,0.600480,-0.514704,1.972057
8.453254,0.326654,0.055291,0.186792,0.598185,-0.514249,1.972658
8.456157,0.326742,0.055217,0.186914,0.594705,-0.514785,1.973047
8.459923,0.326839,0.055138,0.187005,0.611305,-0.527935,1.972271
8.463512,0.326871,0.055328,0.186804,0.596985,-0.518404,1.973461
8.466311,0.326904,0.055517,0.186603,0.601516,-0.519264,1.973844
8.469852,0.326874,0.056537,0.185428,0.621861,-0.532257,1.972673
8.473257,0.326961,0.056691,0.185340,0.624131,-0.533785,1.972940
8.476353,0.327025,0.056791,0.185289,0.607183,-0.523783,1.974076
8.480182,0.327141,0.055925,0.186377,0.605668,-0.526174,1.974160
8.482836,0.327236,0.055860,0.186569,0.603090,-0.526171,1.974619
8.486394,0.327301,0.055925,0.186595,0.602934,-0.526725,1.975003
8.489676,0.327251,0.056856,0.185534,0.621664,-0.538211,1.974108
8.492927,0.327284,0.056860,0.185549,0.621854,-0.536429,1.974480
8.496675,0.327304,0.056824,0.185578,0.623242,-0.536401,1.974492
8.499666,0.327337,0.055965,0.186520,0.608109,-0.526617,1.975273
8.502954,0.327388,0.054983,0.187626,0.589375,-0.514076,1.976071
8.506316,0.327435,0.054002,0.188732,0.571344,-0.501643,1.976602
8.509649,0.327403,0.053995,0.188746,0.571783,-0.501029,1.976037
8.512909,0.327364,0.053991,0.188762,0.572086,-0.500476,1.975267
8.516493,0.327335,0.054021,0.188766,0.571135,-0.499864,1.974631
8.519542,0.327349,0.054036,0.188780,0.571511,-0.500398,1.974565
8.523333,0.327367,0.054043,0.188790,0.569721,-0.501388,1.973928
8.526716,0.327379,0.054056,0.188775,0.570175,-0.501627,1.974103
8.529670,0.327397,0.054066,0.188759,0.590226,-0.513012,1.973538
8.533231,0.327435,0.054074,0.188718,0.590735,-0.512902,1.973100
8.536469,0.327451,0.054037,0.188718,0.591135,-0.512989,1.972596
8.539655,0.327458,0.054006,0.188755,0.592230,-0.511192,1.972917
8.543113,0.327479,0.053961,0.188817,0.590163,-0.511489,1.972239
8.546721,0.327528,0.053903,0.188902,0.587632,-0.511398,1.972349
8.550417,0.327532,0.054856,0.187858,0.586471,-0.509699,1.972845
8.557293,0.327573,0.055997,0.186525,0.609023,-0.521817,1.971708
8.576603,0.327659,0.057195,0.185053,0.633044,-0.535728,1.970728
8.590461,0.327754,0.058381,0.183580,0.658834,-0.549280,1.969768
8.598141,0.327837,0.059468,0.182225,0.659768,-0.549061,1.968712
8.600753,0.327895,0.059411,0.182079,0.683436,-0.562230,1.967679
8.609282,0.327844,0.059233,0.182153,0.680944,-0.562239,1.966658
8.611576,0.327756,0.058997,0.182333,0.677840,-0.561267,1.965116
8.634448,0.327626,0.058911,0.182336,0.676785,-0.561669,1.962999
8.637635,0.327482,0.058953,0.182168,0.682641,-0.564696,1.961664
8.649283,0.327389,0.059119,0.181939,0.684922,-0.567409,1.958698
8.652139,0.327310,0.059072,0.181890,0.685667,-0.566696,1.957723
8.662174,0.327309,0.058698,0.182202,0.679845,-0.562441,1.958109
8.664598,0.327341,0.058187,0.182692,0.670263,-0.556765,1.958905
8.675165,0.327355,0.057805,0.183039,0.662543,-0.554242,1.958821
8.676202,0.327365,0.057424,0.183386,0.655896,-0.550386,1.959395
8.685127,0.327409,0.057247,0.183568,0.651965,-0.549219,1.959868
8.688587,0.327347,0.057396,0.183359,0.657990,-0.553877,1.958926
8.697271,0.327287,0.057545,0.183144,0.662815,-0.556019,1.958230
8.700424,0.327253,0.057537,0.183109,0.664673,-0.555068,1.958193
8.703542,0.327231,0.057509,0.183097,0.666878,-0.553507,1.958577
8.706939,0.327236,0.057464,0.183088,0.666641,-0.553633,1.958449
8.710006,0.327289,0.057419,0.183106,0.663854,-0.551848,1.958667
8.713357,0.327441,0.057485,0.183030,0.666905,-0.556427,1.959862
8.716691,0.327586,0.057562,0.182950,0.668330,-0.558267,1.960545
8.719960,0.327720,0.057658,0.182848,0.664913,-0.559426,1.959326
8.723572,0.327801,0.057771,0.182724,0.670107,-0.560856,1.960739
8.726690,0.327764,0.057912,0.182573,0.672429,-0.562639,1.959481
8.729784,0.327625,0.057942,0.182521,0.670569,-0.559930,1.957005
8.733254,0.327609,0.057951,0.182494,0.671907,-0.561906,1.956886
8.736923,0.327594,0.057960,0.182468,0.678277,-0.561357,1.958565
8.740600,0.327571,0.057923,0.182567,0.674426,-0.561028,1.955807
8.743807,0.327642,0.057841,0.182707,0.675398,-0.558949,1.956752
8.746793,0.327724,0.057728,0.182911,0.675502,-0.555977,1.958273
8.751127,0.327683,0.057636,0.183090,0.675286,-0.550927,1.957963
8.753994,0.327701,0.057699,0.183134,0.676594,-0.552383,1.957895
8.756901,0.327750,0.057831,0.183022,0.678391,-0.553815,1.959156
8.760890,0.327809,0.057980,0.182901,0.678524,-0.555823,1.958897
8.763904,0.327853,0.058126,0.182698,0.681633,-0.559319,1.959167
8.767460,0.327883,0.058238,0.182514,0.680504,-0.560192,1.958691
8.770740,0.327854,0.058195,0.182465,0.677328,-0.560173,1.957538
8.773852,0.327884,0.058114,0.182482,0.677054,-0.559776,1.958565
8.776846,0.327863,0.057855,0.182679,0.673604,-0.556576,1.958882
8.780536,0.327800,0.057642,0.182877,0.669031,-0.550560,1.959062
8.783906,0.327765,0.057416,0.183154,0.671114,-0.549243,1.960098
8.787482,0.327722,0.057102,0.183580,0.665685,-0.543979,1.961317
8.791414,0.327702,0.056782,0.184013,0.662805,-0.536736,1.961068
8.794157,0.327697,0.056739,0.184198,0.662970,-0.532905,1.963372
8.797045,0.327748,0.057113,0.183963,0.667644,-0.538224,1.963386
8.800828,0.327801,0.057554,0.183602,0.674270,-0.546067,1.959296
8.806838,0.327943,0.058124,0.183017,0.681591,-0.553012,1.958809
8.810699,0.328022,0.058745,0.182426,0.689164,-0.561913,1.959131
8.814518,0.327941,0.059355,0.181767,0.701480,-0.573586,1.957013
8.817092,0.327855,0.059575,0.181561,0.705261,-0.576715,1.954561
8.820292,0.327762,0.059774,0.181386,0.702059,-0.574081,1.958279
8.823781,0.327696,0.059944,0.181290,0.706773,-0.576835,1.957464
8.826875,0.327630,0.060107,0.181149,0.708029,-0.577414,1.956553
8.830545,0.327762,0.060189,0.181127,0.704148,-0.575083,1.956910
8.833995,0.327889,0.060232,0.181087,0.706005,-0.576139,1.959113
8.836643,0.328048,0.060167,0.181248,0.705212,-0.575274,1.960122
8.840437,0.328096,0.060088,0.181405,0.700002,-0.573430,1.960958
8.843815,0.328105,0.059949,0.181676,0.702080,-0.574327,1.960739
8.846944,0.328141,0.059895,0.181928,0.695071,-0.572684,1.959878
8.849785,0.328214,0.059832,0.182190,0.688904,-0.572726,1.959357
8.853682,0.328252,0.059881,0.182250,0.688610,-0.577417,1.958054
8.856690,0.328302,0.059967,0.182365,0.687956,-0.579175,1.958148
8.860342,0.328389,0.060090,0.182396,0.680698,-0.579966,1.957856
8.865155,0.328313,0.060139,0.182479,0.688111,-0.585427,1.956986
8.868714,0.328216,0.060213,0.182515,0.688456,-0.584186,1.955892
8.886632,0.328119,0.060286,0.182549,0.687906,-0.581577,1.955716
8.904911,0.328066,0.060297,0.182543,0.690617,-0.584012,1.953798
8.907321,0.328003,0.060228,0.182639,0.692079,-0.581947,1.954504
8.916301,0.328102,0.060110,0.182773,0.690354,-0.575435,1.955073
8.918489,0.328179,0.060011,0.182957,0.690128,-0.573760,1.956526
8.934119,0.328265,0.059926,0.183114,0.690043,-0.570587,1.957725
8.942307,0.328301,0.059931,0.183118,0.690317,-0.565853,1.959652
8.948895,0.328357,0.060061,0.183031,0.694209,-0.565526,1.959538
8.957103,0.328396,0.060215,0.182895,0.694899,-0.567553,1.961377
8.959726,0.328441,0.060324,0.182776,0.697506,-0.567382,1.962265
8.968239,0.328453,0.060409,0.182780,0.695752,-0.569259,1.961443
8.969500,0.328580,0.060383,0.182981,0.691661,-0.569255,1.962744
8.979685,0.328649,0.060247,0.183279,0.688643,-0.563595,1.964662
8.981610,0.328700,0.060116,0.183571,0.683904,-0.557422,1.965690
8.990314,0.328760,0.060074,0.183838,0.677961,-0.557597,1.966260
8.993402,0.328775,0.060073,0.183992,0.674362,-0.554697,1.966919
9.000252,0.328613,0.060114,0.184102,0.671390,-0.552193,1.965035
9.004106,0.328470,0.060235,0.184143,0.668496,-0.554585,1.962327
9.007145,0.328259,0.060371,0.184170,0.666993,-0.557027,1.959411
9.010341,0.328013,0.060411,0.184214,0.666763,-0.553523,1.956805
9.014066,0.327834,0.060421,0.184273,0.667668,-0.552165,1.954601
9.017191,0.327761,0.060477,0.184342,0.669201,-0.551933,1.954150
9.020531,0.327726,0.060519,0.184375,0.668015,-0.551778,1.954385
9.024076,0.327759,0.060538,0.184416,0.671565,-0.545423,1.956515
9.026907,0.327789,0.060619,0.184350,0.671668,-0.546463,1.957221
9.030571,0.327742,0.060730,0.184253,0.673897,-0.545406,1.957718
9.034050,0.327641,0.060802,0.184146,0.676752,-0.543117,1.957336
9.037097,0.327531,0.060871,0.184045,0.678830,-0.540942,1.956965
9.040548,0.327438,0.060961,0.183959,0.676141,-0.545622,1.955646
9.044451,0.327383,0.061032,0.183948,0.677286,-0.544715,1.955881
9.046942,0.327394,0.061095,0.183965,0.676169,-0.545193,1.956155
9.049994,0.327387,0.061156,0.183962,0.673548,-0.547251,1.956633
9.055367,0.327397,0.061220,0.183957,0.672819,-0.549478,1.955961
9.056936,0.327403,0.061301,0.183932,0.671196,-0.551702,1.955300
9.060493,0.327402,0.061362,0.183911,0.668738,-0.553153,1.954977
9.063900,0.327429,0.061462,0.183833,0.666251,-0.557011,1.954455
9.067058,0.327455,0.061562,0.183755,0.664522,-0.560515,1.953592
9.070174,0.327452,0.061649,0.183666,0.664430,-0.560553,1.954373
9.073796,0.327423,0.061691,0.183576,0.666401,-0.560623,1.954523
9.077348,0.327381,0.061726,0.183495,0.668516,-0.559428,1.954432
9.080415,0.327322,0.061702,0.183475,0.670029,-0.556395,1.954698
9.084352,0.327285,0.061730,0.183529,0.671767,-0.556032,1.954670
9.087227,0.327347,0.061764,0.183594,0.669168,-0.558409,1.954623
9.090792,0.327419,0.061812,0.183681,0.666264,-0.560321,1.954886
9.093889,0.327504,0.061865,0.183754,0.664538,-0.562401,1.954813
9.097300,0.327558,0.061938,0.183811,0.664555,-0.564465,1.955266
9.100533,0.327615,0.061953,0.183791,0.664387,-0.563495,1.956205
9.103894,0.327602,0.061968,0.183771,0.664715,-0.563442,1.956380
9.107275,0.327595,0.061974,0.183738,0.664822,-0.563908,1.955796
9.110104,0.327579,0.061974,0.183716,0.664081,-0.564746,1.955578
9.113892,0.327554,0.061957,0.183685,0.664427,-0.563931,1.955221
9.117188,0.327527,0.061940,0.183659,0.663305,-0.563402,1.955270
9.120340,0.327499,0.061954,0.183638,0.662479,-0.563986,1.955253
9.124161,0.327468,0.061981,0.183620,0.663095,-0.563698,1.955178
9.127089,0.327380,0.061978,0.183567,0.663926,-0.560552,1.955870
9.130737,0.327305,0.061970,0.183552,0.662804,-0.559776,1.956886
9.133753,0.327214,0.061946,0.183588,0.662164,-0.559379,1.956055
9.137495,0.327084,0.061908,0.183611,0.663255,-0.555165,1.956586
9.140345,0.326974,0.061876,0.183617,0.662944,-0.552784,1.957236
9.144377,0.326927,0.061875,0.183661,0.662088,-0.553449,1.957383
9.146639,0.326914,0.061882,0.183672,0.664385,-0.549807,1.958535
9.150314,0.326928,0.061901,0.183637,0.665312,-0.548191,1.959988
9.154244,0.326946,0.061944,0.183613,0.665485,-0.550524,1.959948
9.157130,0.326871,0.061999,0.183586,0.666134,-0.548682,1.960513
9.160305,0.326787,0.062038,0.183554,0.665739,-0.546903,1.960639
9.163500,0.326689,0.062073,0.183537,0.662461,-0.548898,1.959813
9.172369,0.326576,0.062143,0.183495,0.663707,-0.547107,1.960721
9.174666,0.326489,0.062204,0.183431,0.661767,-0.548242,1.960401
9.192482,0.326444,0.062269,0.183376,0.661254,-0.550693,1.960287
9.203042,0.326347,0.062361,0.183322,0.664398,-0.550852,1.959944
9.207386,0.326244,0.062463,0.183274,0.667899,-0.549800,1.959499
9.217106,0.326150,0.062553,0.183293,0.666986,-0.553128,1.956701
9.227129,0.326094,0.062605,0.183341,0.666441,-0.551018,1.955822
9.231066,0.326037,0.062587,0.183509,0.663200,-0.549255,1.954294
9.252950,0.326069,0.062550,0.183695,0.659253,-0.547481,1.953720
9.264022,0.326122,0.062570,0.183909,0.654649,-0.548038,1.953117
9.270325,0.326176,0.062624,0.184096,0.652723,-0.545013,1.954409
9.272273,0.326185,0.062691,0.184270,0.653540,-0.542829,1.955258
9.286061,0.326224,0.062847,0.184348,0.654541,-0.540820,1.956459
9.288620,0.326200,0.063100,0.184437,0.655256,-0.539935,1.956779
9.303023,0.326165,0.063352,0.184415,0.657068,-0.539758,1.956781
9.312239,0.326090,0.063558,0.184365,0.657396,-0.540020,1.955699
9.314260,0.325989,0.063691,0.184356,0.657507,-0.538280,1.954535
9.322799,0.325916,0.063767,0.184363,0.637741,-0.525849,1.955221
9.327100,0.325944,0.062940,0.185412,0.635108,-0.525328,1.954816
9.330328,0.325958,0.062138,0.186482,0.615887,-0.512421,1.955687
9.333524,0.326004,0.061328,0.187561,0.598264,-0.499885,1.956964
9.336736,0.326069,0.061483,0.187580,0.598691,-0.499163,1.957684
9.339936,0.326078,0.061671,0.187542,0.619623,-0.510717,1.957013
9.343827,0.325981,0.062705,0.186423,0.623171,-0.508019,1.957746
9.347172,0.325862,0.063657,0.185343,0.643803,-0.516665,1.957206
9.349881,0.325736,0.064631,0.184228,0.662472,-0.523679,1.956913
9.353626,0.325658,0.064956,0.184064,0.671067,-0.525858,1.956431
9.357106,0.325611,0.065268,0.183922,0.677110,-0.525273,1.957549
9.360539,0.325606,0.065549,0.183796,0.677152,-0.524730,1.958993
9.363220,0.325689,0.065711,0.183961,0.677954,-0.530139,1.958953
9.367228,0.325789,0.065879,0.184153,0.674883,-0.532637,1.959733
9.370387,0.325851,0.065800,0.184414,0.663477,-0.530781,1.961812
9.373327,0.325986,0.065899,0.184559,0.658130,-0.533974,1.961329
9.377342,0.326124,0.066029,0.184673,0.654947,-0.540419,1.960900
9.380547,0.326210,0.066248,0.184555,0.651742,-0.539359,1.962624
9.383121,0.326290,0.066413,0.184475,0.652961,-0.540564,1.963274
9.387049,0.326365,0.066552,0.184451,0.655611,-0.538498,1.964442
9.390887,0.326367,0.066517,0.184545,0.657704,-0.531057,1.967325
9.393219,0.326353,0.066512,0.184626,0.658612,-0.527388,1.968037
9.397348,0.326353,0.066579,0.184649,0.658107,-0.524990,1.968557
9.400300,0.326372,0.066722,0.184594,0.659273,-0.523714,1.969584
9.403215,0.326404,0.066983,0.184433,0.660691,-0.526576,1.969671
9.406903,0.326456,0.067294,0.184234,0.659218,-0.532936,1.968885
9.410053,0.326526,0.067602,0.184014,0.663464,-0.535748,1.969322
9.413877,0.326549,0.067865,0.183805,0.666566,-0.538414,1.969683
9.416588,0.326525,0.068070,0.183708,0.667233,-0.540884,1.969067
9.419938,0.326465,0.068218,0.183663,0.668112,-0.542237,1.968328
9.422993,0.326318,0.068364,0.183650,0.669168,-0.544845,1.965890
9.427007,0.326139,0.068458,0.183693,0.669891,-0.544271,1.964881
9.430069,0.325968,0.068517,0.183731,0.671329,-0.543061,1.963297
9.432960,0.325809,0.068590,0.183698,0.674183,-0.541082,1.962261
9.437282,0.325671,0.068631,0.183688,0.676629,-0.538895,1.961686
9.439533,0.325593,0.068657,0.183661,0.678043,-0.534869,1.962972
9.442921,0.325569,0.068697,0.183674,0.677375,-0.534547,1.962063
9.446674,0.325580,0.068777,0.183695,0.676044,-0.534875,1.961482
9.449898,0.325612,0.068912,0.183762,0.673426,-0.538092,1.960776
9.453752,0.325661,0.069068,0.183795,0.671260,-0.541395,1.959590
9.456172,0.325686,0.069203,0.183853,0.671129,-0.544484,1.957977
9.459697,0.325685,0.069351,0.183850,0.670556,-0.545746,1.957448
9.463567,0.325668,0.069523,0.183831,0.674014,-0.550019,1.957017
9.466650,0.325658,0.069675,0.183755,0.676170,-0.550988,1.956705
9.469860,0.325639,0.069807,0.183689,0.677046,-0.552790,1.956994
9.473556,0.325673,0.069971,0.183610,0.677165,-0.555152,1.957164
9.476439,0.325710,0.070111,0.183563,0.678267,-0.558184,1.957667
9.480479,0.325753,0.070179,0.183612,0.676019,-0.555669,1.958653
9.483027,0.325737,0.070171,0.183788,0.672883,-0.550941,1.960396
9.491086,0.325648,0.070226,0.183970,0.673780,-0.544056,1.961448
9.510432,0.325528,0.070241,0.184162,0.673506,-0.536761,1.962857
9.524391,0.325415,0.070259,0.184364,0.673718,-0.529640,1.963433
9.531775,0.325312,0.070305,0.184559,0.672923,-0.524170,1.963649
9.534209,0.325255,0.070384,0.184669,0.674321,-0.522765,1.962793
9.543658,0.325297,0.070415,0.184815,0.671421,-0.521394,1.963194
9.545610,0.325371,0.070459,0.185004,0.668772,-0.519193,1.963918
9.571034,0.325542,0.070786,0.185246,0.668131,-0.518866,1.964671
9.584584,0.325587,0.071085,0.185174,0.670359,-0.519454,1.964726
9.588520,0.325598,0.071421,0.185047,0.675353,-0.520895,1.964801
9.597888,0.325594,0.071751,0.184852,0.680369,-0.522264,1.964412
9.602777,0.325583,0.072024,0.184631,0.686159,-0.523902,1.963768
9.613672,0.325542,0.072186,0.184521,0.690626,-0.524297,1.962882
9.623123,0.325492,0.072279,0.184444,0.689823,-0.523221,1.963146
9.632262,0.325546,0.072246,0.184499,0.690184,-0.519551,1.963548
9.635902,0.325600,0.072208,0.184586,0.686272,-0.519578,1.963956
9.638535,0.325640,0.072130,0.184716,0.683823,-0.518121,1.964431
9.642818,0.325700,0.071978,0.184941,0.682970,-0.511719,1.966886
9.645600,0.325792,0.071675,0.185325,0.691671,-0.498208,1.971079
9.648958,0.325772,0.071418,0.185633,0.696545,-0.488535,1.974988
9.652725,0.325761,0.071174,0.185889,0.706794,-0.473270,1.979543
9.655325,0.325810,0.071128,0.185900,0.710482,-0.469767,1.981102
9.659549,0.325832,0.071179,0.185818,0.712556,-0.470642,1.981052
9.662327,0.325874,0.071358,0.185617,0.706173,-0.484840,1.977362
9.665152,0.325950,0.071532,0.185402,0.700399,-0.489890,1.975713
9.668255,0.325962,0.071581,0.185351,0.696600,-0.498431,1.972986
9.672341,0.325914,0.071420,0.185498,0.704037,-0.489564,1.975240
9.675777,0.325873,0.071234,0.185644,0.707022,-0.480626,1.977412
9.678668,0.325894,0.071224,0.185634,0.709323,-0.480909,1.976842
9.683051,0.325896,0.071248,0.185581,0.711414,-0.483189,1.975956
9.685337,0.325947,0.071361,0.185406,0.710922,-0.484492,1.975192
9.688818,0.326017,0.071508,0.185228,0.703287,-0.494275,1.972354
9.692848,0.326091,0.071591,0.185102,0.698509,-0.502642,1.969764
9.695003,0.326105,0.071504,0.185136,0.701329,-0.484408,1.972810
9.698864,0.326107,0.071317,0.185124,0.701254,-0.482612,1.973015
9.702495,0.326009,0.071206,0.185074,0.703251,-0.477645,1.972701
9.705106,0.325901,0.071072,0.185010,0.705901,-0.472544,1.972424
9.709130,0.325803,0.070960,0.184917,0.708093,-0.468472,1.971998
9.712480,0.325719,0.070843,0.184847,0.706158,-0.475650,1.970654
9.715369,0.325655,0.070831,0.184822,0.704640,-0.469573,1.970575
9.719136,0.325677,0.070800,0.184770,0.700275,-0.472118,1.969940
9.722907,0.325707,0.070829,0.184710,0.695631,-0.475671,1.968652
9.725404,0.325721,0.070905,0.184628,0.692836,-0.479183,1.967688
9.729348,0.325717,0.070982,0.184561,0.690757,-0.484482,1.967558
9.732143,0.325747,0.070987,0.184563,0.690256,-0.489836,1.966096
9.735718,0.325808,0.070968,0.184584,0.688888,-0.488699,1.965432
9.738873,0.325921,0.071064,0.184628,0.688517,-0.492330,1.965737
9.742301,0.326038,0.071160,0.184665,0.687136,-0.496814,1.965686
9.745256,0.326157,0.071244,0.184658,0.686088,-0.497041,1.963917
9.748931,0.326149,0.071333,0.184535,0.685118,-0.501022,1.964337
9.752226,0.326216,0.071458,0.184516,0.687279,-0.504405,1.964423
9.755565,0.326225,0.071441,0.184496,0.686697,-0.506024,1.964095
9.758240,0.326245,0.071459,0.184472,0.685519,-0.506948,1.963995
9.762149,0.326298,0.071475,0.184446,0.683930,-0.513599,1.963634
9.765314,0.326419,0.071581,0.184429,0.683151,-0.516855,1.963273
9.769299,0.326457,0.071604,0.184393,0.681074,-0.523224,1.962950
9.772738,0.326494,0.071617,0.184352,0.680049,-0.524752,1.962564
9.775687,0.326513,0.071563,0.184314,0.677524,-0.524598,1.962338
9.778889,0.326522,0.071513,0.184314,0.677299,-0.523578,1.962417
9.782687,0.326520,0.071440,0.184354,0.677012,-0.523305,1.961997
9.785847,0.326531,0.071350,0.184352,0.677433,-0.521060,1.961789
9.788943,0.326512,0.071262,0.184347,0.677418,-0.519152,1.961773
9.792582,0.326497,0.071193,0.184345,0.680288,-0.519226,1.960933
9.794838,0.326443,0.071133,0.184307,0.679401,-0.517873,1.959773
9.798685,0.326408,0.071053,0.184307,0.679391,-0.517636,1.958481
9.801984,0.326388,0.071008,0.184314,0.678411,-0.516736,1.958198
9.805268,0.326394,0.070952,0.184347,0.678317,-0.516720,1.957463
9.808214,0.326410,0.070894,0.184375,0.677259,-0.516194,1.957762
9.812406,0.326461,0.070838,0.184427,0.676196,-0.516592,1.958191
9.819993,0.326550,0.070708,0.184439,0.673784,-0.516051,1.959077
9.839762,0.326614,0.070558,0.184476,0.671884,-0.515404,1.959972
9.849461,0.326702,0.070417,0.184496,0.668315,-0.512413,1.961588
9.853734,0.326802,0.070326,0.184492,0.666111,-0.513548,1.962103
9.861356,0.326884,0.070246,0.184476,0.665967,-0.513202,1.963246
9.863030,0.326880,0.070216,0.184467,0.665218,-0.512311,1.963842
9.873336,0.326856,0.070182,0.184419,0.665942,-0.512516,1.963899
9.874793,0.326803,0.070149,0.184360,0.670501,-0.513761,1.964086
9.898171,0.326735,0.070085,0.184326,0.674097,-0.510999,1.964393
9.908854,0.326716,0.070006,0.184305,0.673905,-0.510783,1.964636
9.912216,0.326765,0.069965,0.184285,0.675950,-0.511603,1.964843
9.914851,0.326808,0.069907,0.184249,0.674869,-0.512556,1.964673
9.924073,0.326835,0.069815,0.184198,0.674681,-0.512278,1.963813
9.936789,0.326849,0.069687,0.184155,0.673754,-0.512297,1.963497
9.938414,0.326831,0.069554,0.184099,0.673918,-0.511751,1.963306
9.948931,0.326804,0.069363,0.184082,0.672321,-0.511205,1.962756
9.951917,0.326785,0.069218,0.184100,0.671942,-0.510312,1.962742
9.958784,0.326766,0.069076,0.184113,0.669537,-0.510925,1.962299
9.962620,0.326758,0.068947,0.184091,0.668807,-0.511194,1.961532
9.965964,0.326740,0.068837,0.184047,0.669674,-0.510317,1.961193
9.968879,0.326723,0.068784,0.183970,0.671213,-0.509729,1.961248
9.972182,0.326692,0.068669,0.183884,0.675317,-0.506302,1.961391
9.976001,0.326685,0.068584,0.183827,0.676227,-0.505937,1.961111
9.978545,0.326771,0.068492,0.183838,0.676637,-0.506163,1.962088
9.982134,0.326870,0.068349,0.183932,0.676220,-0.506122,1.962547
9.985945,0.326984,0.068193,0.184038,0.677165,-0.504996,1.963277
9.989552,0.327150,0.068039,0.184168,0.675473,-0.505882,1.963972
9.992784,0.327321,0.067880,0.184292,0.676141,-0.505178,1.965142
9.996391,0.327406,0.067747,0.184382,0.675886,-0.504645,1.965457
9.999100,0.327489,0.067632,0.184400,0.675751,-0.503834,1.965932
10.002476,0.327514,0.067393,0.184568,0.672191,-0.501992,1.965755
10.005708,0.327502,0.067216,0.184717,0.668921,-0.501509,1.965337
10.008649,0.327490,0.067234,0.184644,0.670841,-0.501679,1.964670
10.012347,0.327441,0.067268,0.184550,0.672376,-0.502730,1.964120
10.015373,0.327375,0.067335,0.184463,0.674890,-0.503372,1.963226
10.018955,0.327338,0.067478,0.184205,0.680150,-0.504573,1.962259
10.022097,0.327302,0.067619,0.183946,0.685400,-0.505665,1.961902
10.025917,0.327284,0.067557,0.183939,0.684854,-0.504274,1.962363
10.028534,0.327291,0.067479,0.183957,0.685521,-0.501225,1.962771
10.032761,0.327313,0.067413,0.183960,0.685208,-0.500492,1.962917
10.036242,0.327363,0.067403,0.183978,0.686698,-0.498996,1.965219
10.039469,0.327412,0.067371,0.184013,0.686804,-0.498227,1.965608
10.041928,0.327440,0.067355,0.184021,0.686383,-0.498824,1.965565
10.045468,0.327492,0.067347,0.184003,0.685832,-0.500623,1.965271
10.048722,0.327536,0.067338,0.184000,0.686766,-0.500067,1.965798
10.051898,0.327707,0.067373,0.184001,0.684881,-0.503000,1.965446
10.056170,0.327887,0.067430,0.183987,0.685576,-0.504066,1.966505
10.058944,0.328039,0.067457,0.184017,0.685319,-0.503313,1.967366
10.061857,0.328166,0.067467,0.184069,0.683124,-0.504421,1.967633
10.065593,0.328276,0.067468,0.184118,0.680168,-0.506242,1.967293
10.068397,0.328195,0.067369,0.184160,0.678364,-0.504570,1.966026
10.071919,0.328092,0.067275,0.184198,0.674799,-0.504909,1.964494
10.075439,0.328003,0.067209,0.184201,0.673457,-0.506414,1.961638
10.078672,0.327904,0.067150,0.184203,0.676014,-0.503494,1.961653
10.081784,0.327832,0.067094,0.184193,0.678304,-0.500775,1.961828
10.085362,0.327858,0.067149,0.184144,0.676748,-0.504996,1.960895
10.089571,0.327910,0.067199,0.184099,0.676276,-0.506879,1.960421
10.092580,0.328010,0.067251,0.184037,0.677508,-0.505394,1.962861
10.095159,0.328121,0.067298,0.183975,0.674128,-0.510493,1.962092
10.098799,0.328231,0.067383,0.183918,0.670207,-0.514946,1.961313
10.101838,0.328291,0.067414,0.183893,0.670697,-0.514241,1.962146
10.105835,0.328325,0.067453,0.183860,0.670731,-0.514748,1.962432
10.109250,0.328323,0.067486,0.183846,0.668969,-0.518155,1.961425
10.112015,0.328356,0.067475,0.183922,0.672121,-0.514413,1.962515
10.115974,0.328352,0.067398,0.184062,0.674967,-0.510317,1.963699
10.118990,0.328341,0.067290,0.184212,0.677331,-0.505315,1.964809
10.122698,0.328342,0.067173,0.184367,0.679040,-0.501528,1.965691
10.125926,0.328347,0.067060,0.184511,0.680662,-0.497188,1.966728
10.129122,0.328343,0.067004,0.184556,0.680566,-0.495869,1.966827
10.132611,0.328418,0.067006,0.184570,0.680428,-0.497102,1.966871
10.135736,0.328502,0.067045,0.184575,0.679984,-0.499351,1.966634
10.139197,0.328586,0.067045,0.184542,0.681877,-0.499262,1.966471
10.148153,0.328678,0.067054,0.184484,0.682095,-0.501241,1.966475
10.168123,0.328738,0.067045,0.184465,0.679876,-0.505384,1.965486
10.178569,0.328744,0.066968,0.184438,0.679432,-0.505488,1.965085
10.181287,0.328761,0.066848,0.184433,0.678414,-0.505854,1.964632
10.189944,0.328789,0.066742,0.184472,0.675219,-0.508038,1.964727
10.204785,0.328852,0.066530,0.184498,0.653051,-0.495241,1.966678
10.228243,0.328919,0.066317,0.184493,0.653570,-0.493050,1.968399
10.239774,0.328969,0.066150,0.184450,0.653216,-0.493961,1.969101
10.248893,0.329005,0.066014,0.184387,0.653738,-0.494270,1.969722
10.250837,0.329016,0.065107,0.185315,0.633611,-0.482218,1.971394
10.252953,0.328984,0.064297,0.186279,0.634631,-0.489292,1.969265
10.262989,0.328917,0.064119,0.186456,0.629244,-0.491791,1.968010
10.264441,0.328871,0.063933,0.186642,0.625985,-0.489993,1.967195
10.273015,0.328855,0.063740,0.186856,0.622417,-0.488753,1.967138
10.276989,0.328870,0.064331,0.186098,0.639915,-0.498366,1.966299
10.283624,0.328896,0.064899,0.185335,0.643397,-0.492177,1.968190
10.287030,0.328958,0.064847,0.185365,0.645758,-0.487308,1.969147
10.290606,0.329015,0.064814,0.185370,0.646122,-0.486896,1.969989
10.293641,0.328967,0.064821,0.185318,0.649495,-0.488259,1.969762
10.296967,0.328901,0.064816,0.185229,0.649793,-0.489244,1.968448
10.300318,0.328851,0.064828,0.185152,0.663485,-0.500141,1.966604
10.303703,0.328886,0.064895,0.185005,0.665349,-0.501788,1.967573
10.306629,0.328967,0.064925,0.184912,0.665885,-0.503069,1.967811
10.309865,0.329121,0.064931,0.184849,0.661011,-0.500739,1.968491
10.313427,0.329295,0.064998,0.184771,0.661261,-0.503754,1.969882
10.316938,0.329375,0.065096,0.184662,0.662330,-0.505751,1.970544
10.319691,0.329371,0.065138,0.184623,0.661624,-0.507173,1.969419
10.323465,0.329326,0.065197,0.184557,0.662578,-0.508413,1.969165
10.327060,0.329286,0.065238,0.184469,0.665271,-0.510392,1.968992
10.330272,0.329220,0.065260,0.184389,0.667187,-0.508842,1.968475
10.333211,0.329207,0.065247,0.184321,0.667365,-0.509056,1.968627
10.337425,0.329170,0.065255,0.184264,0.668152,-0.508755,1.968296
10.340403,0.329114,0.065247,0.184246,0.667997,-0.509044,1.967596
10.343292,0.329058,0.065257,0.184251,0.669208,-0.508853,1.967189
10.346653,0.329039,0.065233,0.184298,0.668990,-0.507153,1.967321
10.349988,0.329040,0.065218,0.184357,0.669327,-0.505821,1.967336
10.353410,0.329073,0.065180,0.184408,0.670489,-0.504384,1.968138
10.357261,0.329109,0.065133,0.184479,0.671084,-0.500538,1.969119
10.359826,0.329143,0.065086,0.184550,0.671253,-0.499031,1.969654
10.363579,0.329112,0.065092,0.184572,0.672125,-0.499667,1.969358
10.366587,0.329075,0.065100,0.184592,0.673576,-0.498832,1.969052
10.370531,0.328957,0.064985,0.184748,0.671326,-0.497009,1.967875
10.372894,0.328803,0.064901,0.184848,0.669923,-0.497112,1.966357
10.377111,0.328633,0.064785,0.184936,0.666996,-0.496275,1.964636
10.379980,0.328500,0.064638,0.185052,0.663246,-0.494427,1.963453
10.383482,0.328444,0.064524,0.185215,0.658896,-0.495227,1.962717
10.386977,0.328465,0.064539,0.185237,0.656721,-0.496873,1.962776
10.390249,0.328528,0.064544,0.185269,0.654038,-0.498655,1.963053
10.393076,0.328691,0.064688,0.185215,0.654123,-0.504593,1.963359
10.396835,0.328856,0.064835,0.185154,0.654870,-0.507617,1.964648
10.399817,0.328935,0.064949,0.185043,0.656506,-0.508521,1.965358
10.403939,0.328979,0.065060,0.184921,0.659200,-0.510100,1.965586
10.406860,0.329011,0.065142,0.184796,0.662243,-0.510506,1.965910
10.410338,0.328933,0.065113,0.184781,0.662999,-0.506975,1.966560
10.413641,0.328794,0.065062,0.184755,0.661649,-0.505848,1.964960
10.416331,0.328598,0.064956,0.184860,0.661785,-0.504742,1.964617
10.419738,0.328489,0.064905,0.184847,0.658908,-0.502629,1.963751
10.423443,0.328345,0.064798,0.184912,0.658178,-0.504394,1.963188
10.426933,0.328184,0.064708,0.184949,0.656770,-0.503210,1.962159
10.430562,0.328053,0.064615,0.185007,0.656708,-0.502275,1.962231
10.434159,0.327968,0.064580,0.184930,0.654814,-0.501310,1.960898
10.436965,0.327812,0.064503,0.184970,0.656529,-0.501012,1.960045
10.440313,0.327704,0.064513,0.184930,0.655429,-0.497881,1.959283
10.443849,0.327652,0.064509,0.184901,0.655083,-0.498870,1.958939
10.446949,0.327635,0.064509,0.184866,0.655644,-0.498847,1.958608
10.450314,0.327639,0.064504,0.184837,0.656457,-0.498975,1.958477
10.453314,0.327672,0.064499,0.184797,0.655598,-0.501849,1.958110
10.457318,0.327674,0.064497,0.184754,0.656086,-0.503643,1.957456
10.460462,0.327652,0.064482,0.184747,0.656805,-0.503143,1.956742
10.463751,0.327657,0.064502,0.184766,0.654925,-0.505660,1.956422
10.467103,0.327701,0.064531,0.184762,0.654730,-0.508633,1.955968
10.470202,0.327739,0.064562,0.184770,0.654370,-0.509397,1.956260
10.473804,0.327822,0.064608,0.184757,0.652950,-0.512619,1.956585
10.477422,0.327917,0.064670,0.184708,0.652020,-0.517719,1.957053
10.486869,0.327956,0.064707,0.184626,0.652832,-0.521098,1.957001
10.516531,0.327936,0.064704,0.184593,0.652367,-0.522964,1.957284
10.518469,0.327879,0.064688,0.184575,0.652655,-0.524570,1.956918
10.527900,0.327765,0.064533,0.184619,0.651937,-0.522521,1.957022
10.532325,0.327653,0.064376,0.184664,0.651429,-0.519286,1.957264
10.535150,0.327545,0.064242,0.184719,0.653977,-0.518385,1.957830
10.538486,0.327454,0.064188,0.184803,0.653463,-0.515512,1.957899
10.545267,0.327395,0.064134,0.184888,0.652366,-0.513650,1.957742
10.548146,0.327405,0.064305,0.184807,0.655498,-0.514788,1.957014
10.559065,0.327416,0.064480,0.184727,0.658972,-0.515264,1.955382
10.586329,0.327493,0.064700,0.184669,0.658234,-0.514806,1.953860
10.594943,0.327589,0.064857,0.184582,0.660599,-0.517362,1.952398
10.599687,0.327691,0.064953,0.184628,0.660789,-0.516749,1.952040
10.603410,0.327765,0.064955,0.184814,0.656287,-0.517352,1.950840
10.611039,0.327792,0.064965,0.184985,0.651899,-0.519489,1.949829
10.622010,0.327675,0.064958,0.185154,0.651589,-0.516029,1.948958
10.631159,0.327542,0.064965,0.185297,0.651080,-0.513212,1.948437
10.639754,0.327463,0.065155,0.185187,0.655729,-0.513680,1.948583
10.644284,0.327350,0.065344,0.185049,0.663427,-0.512151,1.949013
10.647094,0.327287,0.065535,0.184911,0.668967,-0.509006,1.949933
10.650227,0.327316,0.065683,0.184759,0.672025,-0.510214,1.950669
10.653825,0.327314,0.065840,0.184598,0.676697,-0.510508,1.950975
10.657471,0.327167,0.065783,0.184762,0.675772,-0.507062,1.950026
10.660712,0.327052,0.065714,0.184947,0.672835,-0.503983,1.950085
10.663759,0.326955,0.065671,0.185106,0.671655,-0.502914,1.949582
10.666871,0.326867,0.065760,0.185163,0.671848,-0.503372,1.949057
10.670147,0.326809,0.065928,0.185163,0.670575,-0.505504,1.948449
10.673794,0.326837,0.066250,0.184962,0.675432,-0.508796,1.948765
10.676713,0.326837,0.066591,0.184729,0.680636,-0.512053,1.947949
10.680627,0.326814,0.066940,0.184584,0.685033,-0.516454,1.947366
10.683801,0.326797,0.067213,0.184473,0.682823,-0.519863,1.946361
10.686764,0.326849,0.067449,0.184432,0.684572,-0.523185,1.945880
10.690179,0.326917,0.067695,0.184392,0.683536,-0.528861,1.944897
10.693470,0.327015,0.067939,0.184394,0.681727,-0.533243,1.944600
10.696467,0.327110,0.068120,0.184393,0.680369,-0.535101,1.944247
10.700298,0.327140,0.068256,0.184482,0.683620,-0.535433,1.944949
10.703254,0.327114,0.068328,0.184611,0.684323,-0.534090,1.944789
10.707207,0.327072,0.068345,0.184742,0.682951,-0.531734,1.945264
10.709995,0.327022,0.068341,0.184884,0.682588,-0.529268,1.946243
10.713896,0.326985,0.068360,0.185021,0.682588,-0.527555,1.947138
10.716780,0.327035,0.068367,0.185166,0.682411,-0.526656,1.948101
10.719851,0.327070,0.068388,0.185283,0.680653,-0.525244,1.949824
10.723722,0.327102,0.068393,0.185398,0.679834,-0.523999,1.950056
10.726953,0.327123,0.068389,0.185514,0.679867,-0.523475,1.950255
10.730514,0.327139,0.068372,0.185603,0.679466,-0.521231,1.951000
10.733701,0.327112,0.068352,0.185653,0.678847,-0.518865,1.950796
10.737037,0.327071,0.068313,0.185683,0.678449,-0.517488,1.950501
10.740070,0.327033,0.068276,0.185699,0.678280,-0.516219,1.951078
10.743154,0.327017,0.068282,0.185709,0.677507,-0.515924,1.950969
10.746798,0.326969,0.068311,0.185676,0.676902,-0.516738,1.950365
10.750650,0.326928,0.068345,0.185648,0.676735,-0.517817,1.949828
10.753587,0.326883,0.068371,0.185637,0.675353,-0.517840,1.949259
10.757005,0.326824,0.068394,0.185634,0.675207,-0.516894,1.948250
10.760823,0.326760,0.068386,0.185616,0.674922,-0.515760,1.947443
10.763766,0.326725,0.068354,0.185642,0.674198,-0.514074,1.947005
10.767244,0.326690,0.068323,0.185669,0.673578,-0.512361,1.946897
10.770221,0.326669,0.068321,0.185680,0.674066,-0.511418,1.946956
10.773700,0.326639,0.068319,0.185682,0.673995,-0.510739,1.946913
10.777003,0.326608,0.068323,0.185674,0.674234,-0.509853,1.946953
10.780133,0.326577,0.068326,0.185647,0.674552,-0.509570,1.947185
10.783648,0.326540,0.068312,0.185623,0.674568,-0.508927,1.946898
10.787112,0.326514,0.068291,0.185609,0.674560,-0.508840,1.946852
10.790440,0.326563,0.068262,0.185624,0.673561,-0.509998,1.947708
10.793234,0.326613,0.068228,0.185651,0.672057,-0.510615,1.948397
10.796837,0.326658,0.068202,0.185582,0.671149,-0.513740,1.948841
10.804016,0.326673,0.068103,0.185459,0.670877,-0.516511,1.949097
10.823308,0.326607,0.067828,0.185377,0.670258,-0.516261,1.949926
10.826921,0.326479,0.067527,0.185272,0.669499,-0.516550,1.949891
10.842618,0.326317,0.067148,0.185121,0.669826,-0.516072,1.949485
10.844185,0.326175,0.066731,0.184983,0.668160,-0.516696,1.949821
10.854521,0.326073,0.066405,0.184892,0.666507,-0.516188,1.951607
10.856861,0.325955,0.066270,0.184724,0.665125,-0.523595,1.950711
10.868639,0.325837,0.065993,0.184431,0.660483,-0.527874,1.950120
10.881876,0.325746,0.065775,0.184193,0.652004,-0.537650,1.949072
10.891859,0.325592,0.065553,0.184004,0.645757,-0.542155,1.947049
10.895940,0.325437,0.065328,0.183821,0.642157,-0.544585,1.945152
10.898000,0.325403,0.065010,0.183729,0.634904,-0.547236,1.944328
10.901637,0.325396,0.064746,0.183968,0.636587,-0.542297,1.945801
10.908596,0.325393,0.064476,0.184185,0.639523,-0.532375,1.948151
10.914582,0.325418,0.064294,0.184341,0.645431,-0.524191,1.950985
10.920625,0.325443,0.064112,0.184496,0.644968,-0.525580,1.950622
10.923517,0.325423,0.064108,0.184487,0.649591,-0.513540,1.952684
10.932750,0.325385,0.064155,0.184354,0.649367,-0.516139,1.951310
10.940800,0.325349,0.064297,0.184156,0.653387,-0.515516,1.951353
10.943691,0.325350,0.064424,0.183982,0.650334,-0.520481,1.949165
10.947143,0.325350,0.064551,0.183809,0.650568,-0.519099,1.949381
10.950514,0.325369,0.064558,0.183773,0.651243,-0.523671,1.948421
10.953743,0.325382,0.064628,0.183674,0.651838,-0.522596,1.948852
10.957299,0.325396,0.064627,0.183633,0.650587,-0.523991,1.947857
10.960850,0.325388,0.064597,0.183659,0.652607,-0.520727,1.948913
10.963366,0.325400,0.064604,0.183654,0.654480,-0.522055,1.948622
10.967050,0.325391,0.064649,0.183595,0.654199,-0.522425,1.948535
10.970293,0.325387,0.064701,0.183524,0.654525,-0.523185,1.948119
10.973567,0.325393,0.064784,0.183463,0.654478,-0.527365,1.947354
10.977488,0.325419,0.064864,0.183403,0.653622,-0.529334,1.947083
10.980792,0.325442,0.064901,0.183380,0.651882,-0.528205,1.947188
10.984312,0.325486,0.064938,0.183363,0.649015,-0.530620,1.947055
10.987476,0.325530,0.064974,0.183346,0.645755,-0.533151,1.946453
10.990948,0.325534,0.064951,0.183373,0.643431,-0.531507,1.946661
10.993989,0.325507,0.064914,0.183437,0.642968,-0.529547,1.946931
10.997993,0.325464,0.064891,0.183500,0.643028,-0.528227,1.947329
11.001374,0.325420,0.064868,0.183578,0.644144,-0.526348,1.947024
11.004061,0.325353,0.064862,0.183647,0.646182,-0.523391,1.947449
11.007932,0.325324,0.064890,0.183663,0.646762,-0.523704,1.947438
11.010530,0.325314,0.064946,0.183625,0.646670,-0.524695,1.947271
11.014102,0.325302,0.065023,0.183549,0.648345,-0.529497,1.945544
11.017024,0.325291,0.065091,0.183468,0.651022,-0.528181,1.946291
11.020422,0.325287,0.065127,0.183430,0.650065,-0.527148,1.946826
11.024435,0.325282,0.065154,0.183424,0.650480,-0.526852,1.946319
11.027524,0.325271,0.065168,0.183437,0.652406,-0.525853,1.946316
11.030859,0.325302,0.065106,0.183578,0.651655,-0.518820,1.948796
11.034364,0.325332,0.065022,0.183713,0.649829,-0.517866,1.949075
11.037158,0.325377,0.064959,0.183819,0.651285,-0.516307,1.949434
11.040872,0.325379,0.064893,0.183932,0.652068,-0.513799,1.950660
11.044084,0.325376,0.064829,0.184063,0.650566,-0.511895,1.950909
11.047408,0.325357,0.064797,0.184126,0.650333,-0.511405,1.950912
11.050601,0.325340,0.064799,0.184200,0.650338,-0.510605,1.950943
11.053996,0.325319,0.064825,0.184282,0.653915,-0.514686,1.949826
11.057457,0.325342,0.064895,0.184348,0.653485,-0.514220,1.950254
11.061021,0.325366,0.064929,0.184381,0.651858,-0.516367,1.950193
11.064600,0.325367,0.064977,0.184339,0.650954,-0.515836,1.949389
11.067641,0.325369,0.065017,0.184286,0.650031,-0.515522,1.949449
11.070642,0.325423,0.065094,0.184123,0.639207,-0.520250,1.949522
11.073956,0.325320,0.065226,0.183930,0.640105,-0.519955,1.948342
11.077621,0.325221,0.065389,0.183751,0.643922,-0.517129,1.947528
11.080451,0.325122,0.065540,0.183647,0.646672,-0.517447,1.947676
11.083787,0.324987,0.065633,0.183624,0.647688,-0.515525,1.946923
11.087553,0.324812,0.065655,0.183703,0.654571,-0.503765,1.946934
11.090770,0.324769,0.065609,0.183884,0.651252,-0.504213,1.946106
11.093753,0.324783,0.065648,0.184001,0.645791,-0.504698,1.945703
11.101182,0.324835,0.065857,0.184107,0.645713,-0.504239,1.944087
11.119568,0.324914,0.066219,0.184130,0.648691,-0.504487,1.942198
11.123718,0.324985,0.066583,0.184151,0.651317,-0.505907,1.940858
11.133627,0.325083,0.066930,0.184088,0.654962,-0.504757,1.939881
11.135796,0.325126,0.067217,0.184101,0.659340,-0.505952,1.937952
11.143814,0.325073,0.067417,0.184028,0.662177,-0.506515,1.936525
11.146387,0.325029,0.067543,0.183973,0.664020,-0.507988,1.935568
11.155920,0.324986,0.067697,0.183979,0.665287,-0.507563,1.935613
11.159087,0.324926,0.067965,0.184120,0.666359,-0.507484,1.936913
11.181726,0.324844,0.068220,0.184312,0.667602,-0.506225,1.937886
11.186073,0.324812,0.068419,0.184581,0.665308,-0.506696,1.939330
11.192503,0.324762,0.068610,0.184839,0.661990,-0.509452,1.939594
11.197649,0.324704,0.068806,0.185025,0.660561,-0.512014,1.939429
11.199903,0.324654,0.068852,0.185116,0.659305,-0.515208,1.937458
11.209903,0.324620,0.068897,0.185157,0.659272,-0.516021,1.937826
11.212838,0.324587,0.068898,0.185228,0.660325,-0.515354,1.938384
11.224025,0.324580,0.068910,0.185265,0.660646,-0.512820,1.940212
11.227662,0.324574,0.068885,0.185382,0.659575,-0.514775,1.940343
11.236571,0.324569,0.068917,0.185428,0.660404,-0.513034,1.941710
11.242094,0.324566,0.068913,0.185497,0.660513,-0.513191,1.941805
11.248760,0.324584,0.068934,0.185537,0.659269,-0.513150,1.941919
11.252142,0.324609,0.068870,0.185689,0.656139,-0.514322,1.941349
11.255404,0.324631,0.068779,0.185805,0.655347,-0.511361,1.941936
11.258729,0.324635,0.068654,0.185976,0.653385,-0.509378,1.942725
11.262276,0.324641,0.068556,0.186113,0.651143,-0.507009,1.943522
11.265589,0.324665,0.068627,0.186069,0.650104,-0.509553,1.943045
11.268584,0.324673,0.068755,0.185948,0.651860,-0.510915,1.943298
11.272262,0.324696,0.068904,0.185811,0.651603,-0.514022,1.943305
11.275254,0.324736,0.069054,0.185664,0.652182,-0.517006,1.942925
11.278285,0.324776,0.069208,0.185506,0.654403,-0.519575,1.942999
11.281713,0.324780,0.069236,0.185513,0.655340,-0.520377,1.942877
11.285397,0.324785,0.069265,0.185519,0.655869,-0.520564,1.942675
11.288245,0.324759,0.069251,0.185572,0.658551,-0.518484,1.943069
11.292295,0.324762,0.069115,0.185732,0.655995,-0.517474,1.942836
11.295398,0.324765,0.068974,0.185904,0.651975,-0.517288,1.942016
11.298358,0.324751,0.068931,0.185974,0.650807,-0.516300,1.942331
11.302401,0.324693,0.068912,0.186012,0.652734,-0.514623,1.942291
11.305036,0.324650,0.068938,0.186003,0.653545,-0.514364,1.941554
11.308477,0.324529,0.069091,0.185887,0.657898,-0.513513,1.941764
11.311826,0.324465,0.069223,0.185801,0.663485,-0.511701,1.941256
11.315535,0.324491,0.069262,0.185883,0.662581,-0.511078,1.941045
11.318567,0.324629,0.069273,0.186110,0.661059,-0.509031,1.942915
11.321564,0.324794,0.069297,0.186362,0.658340,-0.507425,1.944755
11.325619,0.325026,0.069349,0.186621,0.655880,-0.507071,1.946201
11.328994,0.325226,0.069424,0.186863,0.652203,-0.507483,1.948656
11.332268,0.325380,0.069486,0.187062,0.650888,-0.505659,1.950560
11.335701,0.325471,0.069572,0.187157,0.648745,-0.506736,1.950480
11.338468,0.325537,0.069677,0.187218,0.647021,-0.510048,1.950190
11.341819,0.325573,0.069773,0.187258,0.648623,-0.509856,1.950044
11.345181,0.325574,0.069889,0.187332,0.648926,-0.511280,1.949021
11.348133,0.325555,0.069948,0.187469,0.652297,-0.509270,1.949558
11.352221,0.325538,0.070022,0.187615,0.654785,-0.508298,1.949619
11.355319,0.325536,0.070106,0.187746,0.655449,-0.507012,1.949371
11.358258,0.325550,0.070184,0.187869,0.653696,-0.508894,1.949078
11.362134,0.325472,0.070309,0.187935,0.652491,-0.511262,1.947814
11.364794,0.325372,0.070495,0.187930,0.651391,-0.515778,1.944924
11.368165,0.325265,0.070650,0.187917,0.651572,-0.519017,1.942930
11.371968,0.325196,0.070746,0.187982,0.653977,-0.518402,1.942532
11.375474,0.325130,0.070837,0.188070,0.656660,-0.517554,1.941954
11.378124,0.325181,0.070879,0.188184,0.659201,-0.515005,1.943163
11.381854,0.325244,0.070913,0.188331,0.659956,-0.513830,1.944759
11.385248,0.325291,0.071005,0.188494,0.658408,-0.515000,1.944465
11.389060,0.325254,0.071093,0.188679,0.655431,-0.518433,1.942546
11.391778,0.325251,0.071155,0.188898,0.654052,-0.518670,1.942679
11.395075,0.325240,0.071193,0.189109,0.653578,-0.519368,1.942551
11.398232,0.325194,0.071167,0.189380,0.654094,-0.517451,1.942145
11.401978,0.325125,0.071076,0.189636,0.658032,-0.508224,1.942513
11.405541,0.325061,0.070883,0.189785,0.661666,-0.503073,1.944284
11.408077,0.325198,0.070691,0.190209,0.881838,-0.238554,2.003594
11.417004,0.325339,0.070679,0.190735,0.882453,-0.233158,2.005786
11.436693,0.325531,0.070800,0.191206,0.878538,-0.236607,2.006148
11.438540,0.325675,0.070861,0.191920,0.874800,-0.237559,2.009051
11.448714,0.325840,0.071020,0.192721,0.871535,-0.233709,2.010714
11.457647,0.325744,0.071180,0.193260,0.655353,-0.488351,1.953251
11.458961,0.325639,0.071206,0.193710,0.659059,-0.481445,1.953348
11.469460,0.325601,0.071258,0.194208,0.660001,-0.476467,1.954663
11.471395,0.325688,0.071477,0.194635,0.660303,-0.478075,1.954068
11.495395,0.325756,0.071739,0.195198,0.661926,-0.479045,1.953613
11.513789,0.325863,0.072004,0.195724,0.659005,-0.484262,1.952356
11.524871,0.325989,0.072160,0.196451,0.658287,-0.483508,1.953496
11.526889,0.326071,0.072179,0.197158,0.658718,-0.480803,1.953852
11.534933,0.326112,0.072121,0.197716,0.656227,-0.479446,1.954401
11.537982,0.326163,0.072050,0.198129,0.653931,-0.478419,1.955169
11.544141,0.326183,0.071979,0.198552,0.651040,-0.476878,1.955543
11.548584,0.326199,0.071952,0.198819,0.643393,-0.482902,1.953734
11.550981,0.326191,0.071950,0.199040,0.642639,-0.482743,1.953823
11.555190,0.326148,0.071883,0.199326,0.641990,-0.481844,1.953466
11.558332,0.326123,0.071828,0.199561,0.639986,-0.483016,1.952713
11.561275,0.326142,0.071772,0.199781,0.640474,-0.483246,1.952290
11.564739,0.326198,0.071734,0.200011,0.628858,-0.476331,1.951705
11.567395,0.326241,0.071732,0.200272,0.629413,-0.477404,1.952064
11.571497,0.326322,0.071765,0.200433,0.630939,-0.478928,1.952018
11.574440,0.326413,0.071566,0.200938,0.618964,-0.469212,1.952604
11.578358,0.326470,0.071359,0.201417,0.614310,-0.468971,1.953156
11.580705,0.326472,0.071176,0.201830,0.624442,-0.474840,1.953445
11.584074,0.326476,0.070932,0.202237,0.620592,-0.472345,1.953568
11.587867,0.326498,0.070708,0.202668,0.617238,-0.470590,1.954568
11.591070,0.326518,0.070724,0.202741,0.626813,-0.479093,1.955190
11.594398,0.326529,0.070776,0.202909,0.630473,-0.481129,1.954372
11.597842,0.326475,0.070822,0.203081,0.631451,-0.482660,1.954801
11.600729,0.326394,0.070855,0.203276,0.633529,-0.483578,1.953645
11.604506,0.326291,0.070872,0.203464,0.635641,-0.484462,1.952059
11.607414,0.326267,0.070846,0.203759,0.637490,-0.485624,1.951370
11.610892,0.326282,0.070800,0.203995,0.636420,-0.483441,1.952055
11.614834,0.326426,0.070790,0.204351,0.637383,-0.484535,1.952757
11.617651,0.326640,0.070851,0.204581,0.636940,-0.486535,1.954523
11.620934,0.326850,0.070903,0.204877,0.637171,-0.489988,1.956270
11.624908,0.326999,0.070956,0.205127,0.637965,-0.490901,1.957454
11.627589,0.327054,0.070854,0.205569,0.635639,-0.490102,1.958442
11.631366,0.327041,0.070702,0.205883,0.633231,-0.487683,1.958242
11.634718,0.326981,0.070502,0.206266,0.632386,-0.486368,1.957458
11.638389,0.326875,0.070245,0.206660,0.629120,-0.481473,1.957161
11.641136,0.326745,0.070019,0.206995,0.628537,-0.479661,1.956163
11.644923,0.326686,0.069986,0.207132,0.630058,-0.482488,1.954314
11.648129,0.326605,0.069897,0.207410,0.628829,-0.484676,1.952787
11.651447,0.326519,0.069797,0.207722,0.627115,-0.485280,1.951582
11.654778,0.326574,0.069716,0.208005,0.626385,-0.486980,1.950590
11.658391,0.326642,0.069526,0.208504,0.624840,-0.483411,1.950849
11.661242,0.326739,0.069221,0.209058,0.622892,-0.479583,1.951673
11.664671,0.326921,0.068917,0.209574,0.621919,-0.473587,1.952710
11.667742,0.327135,0.068693,0.210098,0.618051,-0.473207,1.953153
11.671421,0.327301,0.068540,0.210564,0.614246,-0.472826,1.953784
11.674459,0.327504,0.068477,0.210844,0.612775,-0.477752,1.952926
11.677752,0.327645,0.068480,0.211134,0.609241,-0.480863,1.951913
11.680821,0.327720,0.068509,0.211308,0.607336,-0.484882,1.951479
11.684673,0.327834,0.068447,0.211486,0.613874,-0.482092,1.951293
11.687484,0.328004,0.068286,0.211768,0.617948,-0.478939,1.951998
11.691319,0.328115,0.068140,0.212044,0.617197,-0.474290,1.952820
11.694063,0.328264,0.067992,0.212331,0.621829,-0.471950,1.953807
11.697855,0.328431,0.067811,0.212765,0.624463,-0.469595,1.954192
11.700691,0.328549,0.067608,0.213150,0.621747,-0.469009,1.954828
11.704029,0.328569,0.067411,0.213528,0.620353,-0.468539,1.953943
11.708162,0.328569,0.067108,0.214104,0.617714,-0.470693,1.952148
11.716779,0.328679,0.066644,0.214752,0.612301,-0.469485,1.951671
11.721930,0.329046,0.065776,0.215907,0.603696,-0.472476,1.949854
11.744800,0.329375,0.064905,0.217153,0.598121,-0.475133,1.948372
11.754703,0.329871,0.063971,0.218504,0.592063,-0.479773,1.947634
11.764744,0.330443,0.063063,0.219656,0.588780,-0.482049,1.946975
11.774349,0.330874,0.062236,0.220662,0.588259,-0.487411,1.945721
11.781606,0.331151,0.061704,0.221300,0.588643,-0.491011,1.944583
11.785326,0.331603,0.061083,0.221860,0.587556,-0.495110,1.944544
11.792943,0.332313,0.059341,0.222997,0.580868,-0.496946,1.941826
11.812525,0.332970,0.057594,0.224186,0.575718,-0.503313,1.939243
11.835903,0.333711,0.055915,0.225372,0.569068,-0.509203,1.935854
11.839118,0.334379,0.053989,0.226583,0.570217,-0.504148,1.936223
11.841769,0.335064,0.052017,0.227781,0.569140,-0.501224,1.935305
11.850884,0.335391,0.050895,0.228285,0.575334,-0.498928,1.934842
11.854939,0.335764,0.049786,0.228717,0.579304,-0.492892,1.935303
11.865796,0.336232,0.048428,0.229083,0.580095,-0.491179,1.934762
11.867743,0.336668,0.047397,0.229168,0.577238,-0.497610,1.931136
11.876007,0.337055,0.045991,0.229744,0.573311,-0.499230,1.927765
11.878375,0.337535,0.044794,0.230211,0.568862,-0.501556,1.926192
11.886472,0.338011,0.043597,0.230718,0.566846,-0.504179,1.925318
11.890270,0.338351,0.042481,0.231296,0.565188,-0.502327,1.924974
11.893739,0.338682,0.041239,0.231755,0.545906,-0.493575,1.924567
11.896753,0.339028,0.040262,0.231990,0.547531,-0.496857,1.923381
11.900510,0.339220,0.039475,0.232240,0.547104,-0.497423,1.922724
11.903893,0.339482,0.038519,0.232606,0.540842,-0.498860,1.921149
11.906699,0.339780,0.037495,0.233080,0.535301,-0.497351,1.920746
11.910618,0.340194,0.036429,0.233860,0.547130,-0.501524,1.922290
11.914053,0.340472,0.035538,0.234338,0.541785,-0.495075,1.924549
11.916737,0.340908,0.034337,0.234867,0.526363,-0.484067,1.926255
11.920638,0.341235,0.033283,0.235194,0.525032,-0.480495,1.927205
11.924526,0.341502,0.032445,0.235372,0.528065,-0.479336,1.928501
11.927027,0.341689,0.031645,0.235408,0.528589,-0.480612,1.927565
11.930298,0.341937,0.030778,0.235521,0.526828,-0.483578,1.926372
11.934029,0.342153,0.030088,0.235578,0.524465,-0.485854,1.924529
11.936618,0.342505,0.029166,0.235850,0.523194,-0.491866,1.923682
11.940040,0.342855,0.028181,0.236096,0.520034,-0.494997,1.922364
11.943645,0.343232,0.027198,0.236272,0.517577,-0.498577,1.922239
11.950570,0.343582,0.026279,0.236368,0.517543,-0.502511,1.921660
11.953949,0.343869,0.025245,0.236636,0.528998,-0.513584,1.920601
11.957052,0.344000,0.024330,0.236713,0.529320,-0.509891,1.919495
11.959944,0.344100,0.023406,0.236913,0.527129,-0.514575,1.916798
11.963270,0.344178,0.022327,0.237349,0.529377,-0.510290,1.915512
11.966778,0.344295,0.021072,0.237986,0.529069,-0.502745,1.915688
11.970073,0.344349,0.020066,0.238456,0.518989,-0.487550,1.916424
11.973701,0.344429,0.018498,0.239631,0.523629,-0.502624,1.911864
11.977204,0.344665,0.016859,0.240700,0.515440,-0.489368,1.914321
11.980408,0.344841,0.015484,0.241477,0.503455,-0.488255,1.912761
11.983753,0.344938,0.014337,0.241964,0.492263,-0.492089,1.909179
11.986820,0.345034,0.013186,0.242450,0.499457,-0.508450,1.906488
11.990243,0.345260,0.012275,0.242488,0.480823,-0.490893,1.908756
11.993581,0.345447,0.011381,0.242656,0.475760,-0.495937,1.905194
11.996614,0.345625,0.010408,0.242787,0.471863,-0.499301,1.902938
12.000144,0.345831,0.009455,0.243047,0.473549,-0.504162,1.901479
12.003807,0.346254,0.008270,0.243125,0.458753,-0.495128,1.900643
12.007298,0.346504,0.007536,0.243030,0.465710,-0.500046,1.900003
12.010761,0.346657,0.006824,0.242766,0.472747,-0.504635,1.899055
12.013906,0.346749,0.005510,0.243336,0.482044,-0.489437,1.901698
12.016835,0.346817,0.004184,0.243862,0.472619,-0.481686,1.901621
12.019879,0.346788,0.003056,0.244607,0.482422,-0.490412,1.900179
12.023927,0.346865,0.001907,0.244701,0.472675,-0.483375,1.898865
12.026989,0.346951,0.000837,0.244832,0.472970,-0.482852,1.897302
12.030488,0.347110,0.000452,0.244169,0.471135,-0.502601,1.892319
12.033876,0.347293,-0.000184,0.243709,0.485179,-0.506586,1.891081
12.036886,0.347397,-0.001027,0.243252,0.490138,-0.499746,1.892840
12.040622,0.347532,-0.001925,0.243391,0.504139,-0.503101,1.891770
12.044001,0.347562,-0.002709,0.243495,0.504493,-0.497538,1.893353
12.046942,0.347772,-0.003685,0.243759,0.474257,-0.560005,1.850972
12.050854,0.347932,-0.004624,0.243720,0.477240,-0.560497,1.851814
12.053632,0.347999,-0.005731,0.243451,0.463025,-0.555949,1.849187
12.056796,0.347997,-0.007365,0.244440,0.461254,-0.572375,1.843755
12.064343,0.348460,-0.010682,0.245134,0.452074,-0.587790,1.836239
12.084728,0.348758,-0.014159,0.245998,0.472810,-0.526063,1.875734
12.095624,0.348995,-0.018210,0.247274,0.462235,-0.526184,1.869809
12.105743,0.349420,-0.022399,0.248584,0.458246,-0.526289,1.865971
12.115438,0.349745,-0.026445,0.249272,0.449415,-0.514205,1.864711
12.118995,0.349863,-0.030595,0.250074,0.447430,-0.505894,1.861633
12.143523,0.349960,-0.035073,0.251207,0.442151,-0.493960,1.858763
12.154773,0.350125,-0.038905,0.252201,0.429437,-0.493927,1.853631
12.157628,0.350359,-0.042656,0.253367,0.426717,-0.489920,1.851813
12.168072,0.350657,-0.045890,0.253872,0.408721,-0.485935,1.848570
12.169415,0.350798,-0.047492,0.253991,0.404359,-0.491030,1.845789
12.170836,0.350942,-0.048438,0.253436,0.404728,-0.507148,1.841258
12.180799,0.350958,-0.050406,0.253723,0.403082,-0.497690,1.841824
12.182738,0.350841,-0.052075,0.253954,0.400355,-0.503542,1.836730
12.191622,0.350743,-0.053809,0.254060,0.406174,-0.498364,1.835456
12.193516,0.350703,-0.055659,0.254464,0.413059,-0.489060,1.835720
12.196742,0.350658,-0.057535,0.254732,0.418298,-0.481132,1.834937
12.205518,0.350750,-0.058370,0.254054,0.434011,-0.503969,1.828936
12.208431,0.350716,-0.058933,0.252886,0.440304,-0.515961,1.823854
12.211285,0.350673,-0.059793,0.252291,0.450306,-0.539657,1.815285
12.215076,0.350640,-0.060926,0.252559,0.437403,-0.545021,1.809936
12.218225,0.350601,-0.062424,0.253263,0.427910,-0.539840,1.808167
12.221636,0.350568,-0.063957,0.254021,0.407794,-0.527052,1.806742
12.224822,0.350686,-0.065923,0.255250,0.400848,-0.510326,1.808517
12.228332,0.350796,-0.067506,0.256043,0.380135,-0.491739,1.810185
12.231544,0.350848,-0.068649,0.256284,0.388689,-0.500286,1.807320
12.234550,0.350945,-0.069738,0.256291,0.387365,-0.493282,1.806513
12.237997,0.351022,-0.070769,0.256350,0.382756,-0.494408,1.804783
12.241770,0.350946,-0.071692,0.256352,0.372507,-0.506040,1.799386
12.244925,0.350952,-0.072929,0.256256,0.382603,-0.501126,1.798680
12.248487,0.350850,-0.074138,0.256089,0.367833,-0.492631,1.798111
12.252084,0.350942,-0.074678,0.255383,0.362469,-0.516717,1.791695
12.254738,0.351075,-0.075134,0.254359,0.368247,-0.530236,1.788571
12.258637,0.351259,-0.075554,0.253372,0.378126,-0.546641,1.784746
12.261706,0.351451,-0.075940,0.252486,0.377875,-0.565618,1.781206
12.264653,0.351630,-0.076623,0.251919,0.383818,-0.569467,1.778961
12.268492,0.351536,-0.077762,0.251881,0.389138,-0.564979,1.777929
12.272015,0.351418,-0.078965,0.252042,0.390507,-0.556991,1.776408
12.274745,0.351320,-0.080103,0.252238,0.388096,-0.557092,1.774098
12.281545,0.351309,-0.082153,0.252040,0.389704,-0.547409,1.772443
12.285017,0.351473,-0.083027,0.252037,0.382973,-0.563041,1.767479
12.288235,0.351730,-0.083952,0.251576,0.384642,-0.565928,1.766111
12.291663,0.352025,-0.084828,0.251152,0.376807,-0.581018,1.761763
12.295218,0.352244,-0.085533,0.250671,0.372237,-0.587381,1.759237
12.298108,0.352350,-0.086022,0.250177,0.367984,-0.610381,1.754072
12.301474,0.352513,-0.086492,0.249237,0.372202,-0.616146,1.751733
12.304373,0.352565,-0.087136,0.248909,0.364394,-0.632962,1.745712
12.307857,0.352536,-0.087912,0.248492,0.367683,-0.634166,1.744219
12.311687,0.352586,-0.088722,0.248097,0.367726,-0.636788,1.740616
12.315213,0.352461,-0.089543,0.248045,0.366659,-0.639162,1.738529
12.318176,0.352382,-0.090479,0.247699,0.367769,-0.632583,1.736025
12.321523,0.352267,-0.091200,0.247266,0.376299,-0.633306,1.732776
12.324430,0.352166,-0.091785,0.246712,0.381034,-0.637898,1.728722
12.327884,0.352084,-0.092564,0.246273,0.396521,-0.638640,1.726213
12.331783,0.352244,-0.093577,0.245985,0.398817,-0.636251,1.724444
12.334933,0.352306,-0.094571,0.246090,0.404161,-0.637578,1.724625
12.338102,0.352372,-0.096001,0.246753,0.396632,-0.622964,1.728237
12.341803,0.352557,-0.097542,0.247649,0.393095,-0.606020,1.732649
12.344772,0.352716,-0.098958,0.248401,0.381884,-0.597466,1.735134
12.348068,0.352680,-0.100284,0.248881,0.385910,-0.584511,1.735162
12.355201,0.350456,-0.098863,0.245531,0.329707,-0.672252,1.677632
12.358874,0.346016,-0.093362,0.238369,0.281460,-0.766682,1.613745
12.365365,0.337206,-0.081957,0.224188,0.232471,-0.863071,1.546595
12.370116,0.336040,-0.081634,0.221346,0.236215,-0.860095,1.545554
12.374293,0.337024,-0.084196,0.221989,0.175971,-0.950417,1.473296
12.393217,0.338539,-0.088033,0.223543,0.252746,-0.851392,1.536060
12.425313,0.343379,-0.102164,0.228969,0.300747,-0.764330,1.593377
12.453581,0.348284,-0.114786,0.236177,0.348586,-0.672567,1.648182
12.462646,0.351511,-0.122036,0.241065,0.345483,-0.683390,1.640181
12.467592,0.354161,-0.127460,0.245147,0.396636,-0.589998,1.696107
12.470741,0.354601,-0.129569,0.245908,0.375113,-0.594721,1.696745
12.478442,0.354605,-0.131043,0.245655,0.377721,-0.591595,1.697641
12.489543,0.354825,-0.132590,0.245493,0.378415,-0.592104,1.697312
12.498624,0.355035,-0.134349,0.245337,0.378261,-0.580355,1.700071
12.507726,0.355201,-0.135767,0.245259,0.387480,-0.572178,1.703900
12.510727,0.355229,-0.136988,0.245128,0.389096,-0.576645,1.700787
12.514476,0.355290,-0.137798,0.245049,0.391088,-0.569923,1.701783
12.517792,0.355229,-0.138413,0.244970,0.395312,-0.576496,1.698238
12.524709,0.355292,-0.139471,0.244389,0.396187,-0.582628,1.698095
12.528121,0.355449,-0.139783,0.244251,0.384881,-0.583921,1.696733
12.534445,0.355759,-0.141377,0.244875,0.377870,-0.576200,1.700333
12.537610,0.355896,-0.142091,0.244990,0.379022,-0.583434,1.697581
12.541090,0.355958,-0.142756,0.244997,0.377166,-0.569980,1.703784
12.544369,0.356001,-0.143353,0.245248,0.376009,-0.560988,1.704796
12.547604,0.356013,-0.143505,0.244904,0.381742,-0.563050,1.703624
12.565182,0.354577,-0.148379,0.243556,0.370119,-0.586796,1.681250
12.568411,0.354827,-0.148798,0.243844,0.366008,-0.572728,1.689106
12.574896,0.354967,-0.149127,0.243980,0.376335,-0.574609,1.691123
12.578120,0.355059,-0.149580,0.243812,0.376638,-0.581626,1.689702
12.585155,0.355075,-0.150388,0.243050,0.379551,-0.579713,1.690823
12.591379,0.354500,-0.151037,0.241504,0.390305,-0.569799,1.691002
12.595011,0.354392,-0.151540,0.241009,0.402774,-0.586176,1.685974
12.597909,0.354385,-0.152035,0.240647,0.390722,-0.594924,1.679254
12.601049,0.354373,-0.152554,0.240378,0.401772,-0.578143,1.684160
12.614856,0.353888,-0.154755,0.239619,0.409715,-0.568624,1.685396
12.624918,0.353566,-0.156771,0.239391,0.413078,-0.587285,1.682743
12.628263,0.353595,-0.157411,0.239282,0.411466,-0.585618,1.681021
12.630824,0.353670,-0.157994,0.239140,0.420633,-0.576554,1.685963
12.634068,0.353834,-0.158393,0.238860,0.425090,-0.604187,1.681085
12.638575,0.354006,-0.158573,0.238675,0.418519,-0.616975,1.678386
12.645062,0.354073,-0.159857,0.238841,0.397968,-0.605920,1.683138
12.648232,0.354069,-0.160742,0.239259,0.393647,-0.603061,1.684979
12.654912,0.353924,-0.162887,0.240234,0.398679,-0.605650,1.681826
12.657809,0.353817,-0.163875,0.240736,0.382455,-0.585728,1.684182
12.666198,0.353570,-0.164990,0.240760,0.385037,-0.566520,1.684676
12.685822,0.353167,-0.166288,0.240430,0.394606,-0.565114,1.682328
12.708371,0.352241,-0.169575,0.239509,0.397331,-0.556911,1.680353
12.785262,0.348805,-0.178443,0.236007,0.330378,-0.591731,1.660708
12.805186,0.349878,-0.179561,0.236367,0.386063,-0.520063,1.698051
12.836437,0.348781,-0.180143,0.234970,0.359803,-0.549261,1.679920
12.845697,0.348734,-0.179962,0.234393,0.362243,-0.551568,1.679360
12.855842,0.348234,-0.179867,0.233658,0.365179,-0.567190,1.675971
12.865885,0.348303,-0.179169,0.232965,0.366472,-0.583466,1.673376
12.872565,0.348458,-0.178520,0.232682,0.374340,-0.596300,1.668861
12.876343,0.348458,-0.178261,0.232545,0.373761,-0.604630,1.667750
12.882419,0.348225,-0.177812,0.232233,0.378145,-0.617226,1.665889
12.886051,0.348128,-0.177619,0.232030,0.384307,-0.609997,1.667289
12.892366,0.347744,-0.177277,0.231625,0.388964,-0.607730,1.666263
12.895653,0.347499,-0.177233,0.231468,0.393525,-0.588652,1.668569
12.899403,0.347198,-0.177222,0.231377,0.401839,-0.579087,1.669374
12.902810,0.346986,-0.177230,0.231307,0.404385,-0.568478,1.669477
12.905845,0.346791,-0.177312,0.231295,0.403307,-0.560172,1.669715
12.975959,0.346351,-0.170928,0.224972,0.448619,-0.589786,1.641206
12.985909,0.347273,-0.169840,0.224615,0.456161,-0.589293,1.641701
13.000300,0.347851,-0.169788,0.225464,0.452568,-0.584757,1.643519
13.005605,0.347648,-0.169791,0.225621,0.449356,-0.587352,1.641838
13.017095,0.347499,-0.169375,0.225257,0.432684,-0.589773,1.634261
13.025428,0.347325,-0.168874,0.224783,0.432922,-0.580795,1.631279
13.036145,0.347149,-0.168296,0.224162,0.423451,-0.580759,1.625214
13.039391,0.347032,-0.167719,0.223564,0.422866,-0.584183,1.617771
13.042943,0.347132,-0.167318,0.223223,0.422335,-0.576749,1.620890
13.046840,0.347217,-0.167239,0.223144,0.431487,-0.566182,1.620428
13.052308,0.347397,-0.167144,0.222943,0.439560,-0.558810,1.620861
13.056448,0.347912,-0.166920,0.222915,0.438650,-0.552474,1.624114
13.068650,0.348844,-0.166245,0.222195,0.444511,-0.554561,1.626497
13.093395,0.349747,-0.165502,0.221381,0.452637,-0.564837,1.623196
13.104432,0.350696,-0.164635,0.220428,0.451678,-0.569734,1.626992
13.108654,0.351730,-0.163569,0.219229,0.458476,-0.583903,1.628986
13.111773,0.352530,-0.162447,0.217557,0.480546,-0.593760,1.627189
13.134651,0.353409,-0.160713,0.214664,0.484547,-0.593608,1.627654
13.155941,0.354124,-0.158988,0.211513,0.493534,-0.596592,1.627045
13.185225,0.356014,-0.158513,0.208815,0.493182,-0.593115,1.620389
13.189296,0.356061,-0.159061,0.209750,0.479918,-0.572842,1.625784
13.192672,0.356101,-0.159402,0.210310,0.471162,-0.560318,1.628413
13.195728,0.356224,-0.159617,0.210651,0.471668,-0.559815,1.630200
13.199326,0.356315,-0.160074,0.211338,0.457241,-0.545809,1.632593
13.203013,0.356432,-0.160290,0.211558,0.458055,-0.522847,1.638578
13.206239,0.356489,-0.160186,0.211309,0.462564,-0.525569,1.637944
13.208913,0.356566,-0.159993,0.210895,0.471393,-0.530685,1.637764
13.232357,0.356628,-0.159078,0.208229,0.454350,-0.512242,1.636828
13.236349,0.356635,-0.158929,0.207988,0.488564,-0.513965,1.634021
13.242115,0.355994,-0.156918,0.204318,0.504935,-0.518127,1.631483
13.246220,0.355715,-0.155873,0.202435,0.530691,-0.522127,1.629131
13.259423,0.355325,-0.153644,0.198431,0.549762,-0.533062,1.624779
13.265901,0.355580,-0.153426,0.197884,0.574598,-0.537609,1.621600
13.272377,0.355790,-0.153308,0.197465,0.570442,-0.542344,1.621005
13.276210,0.355861,-0.153311,0.197433,0.570465,-0.544924,1.621130
13.306133,0.358047,-0.156444,0.202385,0.460888,-0.504471,1.640983
13.417951,0.356748,-0.157513,0.195348,0.492937,-0.495042,1.629227
13.425407,0.357137,-0.157885,0.195505,0.478155,-0.507161,1.628046
13.461000,0.357614,-0.157899,0.189567,0.481054,-0.568599,1.602923
13.463974,0.356885,-0.158971,0.190543,0.530108,-0.520965,1.611280
13.480680,0.356871,-0.161909,0.191246,0.512521,-0.485408,1.617693
13.484292,0.356506,-0.161447,0.189842,0.504736,-0.507348,1.604381
13.504787,0.355687,-0.161644,0.186695,0.536005,-0.516424,1.598124
13.517661,0.355773,-0.163264,0.187463,0.541056,-0.524382,1.595914
13.527493,0.355677,-0.163462,0.186664,0.537766,-0.557255,1.589352
13.534760,0.355885,-0.162786,0.184793,0.528250,-0.555378,1.589403
13.537688,0.355701,-0.163058,0.184606,0.533743,-0.564046,1.585060
13.544522,0.355434,-0.163810,0.184745,0.538499,-0.572228,1.582516
13.554488,0.354722,-0.164750,0.185354,0.532590,-0.580205,1.580260
13.577557,0.354766,-0.166928,0.183629,0.511286,-0.550296,1.582590
13.580943,0.354595,-0.166535,0.182760,0.519298,-0.562475,1.578735
13.584276,0.354421,-0.166261,0.182178,0.529019,-0.573307,1.572648
13.588206,0.354231,-0.165958,0.181320,0.540025,-0.588303,1.568720
13.591142,0.354088,-0.165640,0.180382,0.549839,-0.601458,1.564782
13.593889,0.354052,-0.165691,0.180000,0.550990,-0.600971,1.566462
13.598081,0.354246,-0.166345,0.180581,0.543322,-0.590145,1.572420
13.604473,0.354771,-0.167814,0.181915,0.532029,-0.575876,1.581591
13.607800,0.354948,-0.168380,0.182548,0.522345,-0.565162,1.586047
13.611155,0.355079,-0.168811,0.182991,0.507515,-0.546861,1.593740
13.663003,0.352753,-0.169642,0.178651,0.549955,-0.559168,1.570718
13.673908,0.352571,-0.169633,0.178325,0.556931,-0.558779,1.568437
13.676870,0.352409,-0.169644,0.178066,0.543826,-0.574481,1.561717
13.684696,0.352079,-0.169549,0.177393,0.544408,-0.596182,1.551091
13.733731,0.350976,-0.169640,0.176191,0.538336,-0.608895,1.545585
13.738097,0.350631,-0.169846,0.176292,0.537978,-0.608190,1.543467
13.741663,0.350438,-0.170137,0.176526,0.528464,-0.618718,1.538151
13.744051,0.350261,-0.170538,0.176965,0.534755,-0.603778,1.545302
13.754888,0.350300,-0.171161,0.177643,0.530933,-0.586911,1.553085
13.768224,0.350848,-0.172916,0.179758,0.530851,-0.575507,1.557620
13.777276,0.351085,-0.173323,0.180239,0.521691,-0.573979,1.559346
13.813930,0.350043,-0.172377,0.178585,0.536695,-0.585710,1.549347
13.824414,0.350091,-0.172559,0.179051,0.529746,-0.576739,1.555566
13.828344,0.350329,-0.172754,0.179458,0.528825,-0.587985,1.552675
13.835089,0.350853,-0.172790,0.180073,0.525508,-0.596949,1.550748
13.847326,0.351146,-0.170529,0.178000,0.521825,-0.606809,1.547485
13.855240,0.350939,-0.169779,0.177207,0.517245,-0.618814,1.543072
13.857970,0.350818,-0.169686,0.177126,0.519114,-0.635589,1.534939
13.861402,0.350634,-0.169677,0.177086,0.538549,-0.615700,1.538260
13.864913,0.350505,-0.169632,0.177051,0.543899,-0.610544,1.537960
13.868182,0.350455,-0.169639,0.177032,0.553709,-0.601908,1.540076
13.884720,0.350944,-0.170024,0.178835,0.507077,-0.588404,1.548714
13.894051,0.351235,-0.170318,0.179809,0.509295,-0.579930,1.553368
13.904193,0.352063,-0.171478,0.182027,0.509295,-0.579930,1.553368
13.908196,0.352276,-0.171801,0.182552,0.519185,-0.568986,1.559784
13.924376,0.353136,-0.167967,0.179433,0.533034,-0.646597,1.548154
13.934309,0.353243,-0.166543,0.177425,0.543786,-0.635365,1.551056
13.937783,0.353217,-0.166591,0.177661,0.548420,-0.625097,1.553565
13.945800,0.353051,-0.167496,0.179435,0.533168,-0.647999,1.542281
13.952951,0.352911,-0.167838,0.180394,0.541690,-0.626878,1.544267
13.968691,0.352456,-0.167323,0.180778,0.551513,-0.606952,1.544865
13.989106,0.351606,-0.166252,0.180537,0.549297,-0.609827,1.538786
14.002434,0.350938,-0.165404,0.180301,0.549858,-0.613726,1.530340
14.037642,0.350666,-0.165053,0.180156,0.566696,-0.592904,1.535421
14.041188,0.350682,-0.165072,0.180269,0.562124,-0.599473,1.529842
14.044555,0.350679,-0.165091,0.180198,0.554710,-0.607737,1.526426
14.055025,0.350721,-0.165096,0.180067,0.528628,-0.631120,1.518650
14.058275,0.350755,-0.165010,0.179859,0.518355,-0.637970,1.517941
14.069612,0.350814,-0.164854,0.179519,0.507987,-0.658531,1.509087
14.115675,0.351190,-0.165329,0.179414,0.531552,-0.586864,1.539601
14.123308,0.351128,-0.165427,0.179528,0.531552,-0.586864,1.539601
14.126180,0.351083,-0.165491,0.179612,0.531552,-0.586864,1.539601
14.163479,0.349844,-0.161155,0.169693,0.642988,-0.685762,1.511036
14.166132,0.350045,-0.161037,0.169795,0.639122,-0.690689,1.513249
14.252448,0.351684,-0.158671,0.163493,0.546536,-0.766002,1.522448
14.255830,0.351640,-0.158555,0.163319,0.546536,-0.766002,1.522448
14.265793,0.351499,-0.158268,0.162872,0.546536,-0.766002,1.522448
14.325629,0.350815,-0.156690,0.160633,0.618978,-0.794401,1.509416
14.328876,0.349472,-0.162839,0.167925,0.622237,-0.650472,1.547792
14.434228,0.351461,-0.155968,0.160275,0.610498,-0.830662,1.511037
14.447715,0.351469,-0.155901,0.160118,0.602000,-0.827345,1.512858
14.450678,0.351521,-0.155769,0.159859,0.602000,-0.827345,1.512858
14.453878,0.351558,-0.155664,0.159648,0.604876,-0.829158,1.512817
14.487351,0.347054,-0.163286,0.168179,0.552537,-0.710406,1.519350
14.534159,0.346495,-0.166634,0.171907,0.482838,-0.669048,1.533168
14.540671,0.346206,-0.167606,0.173017,0.473587,-0.657454,1.534689
14.544012,0.346107,-0.168024,0.173454,0.470811,-0.655705,1.535419
14.547058,0.346044,-0.168388,0.173825,0.462518,-0.647006,1.537169
14.554060,0.346176,-0.168387,0.173727,0.455532,-0.640719,1.538559
14.557770,0.346461,-0.167849,0.173060,0.466006,-0.656956,1.536658
14.560887,0.346723,-0.167348,0.172439,0.477097,-0.672770,1.535010
14.564099,0.346949,-0.166898,0.171890,0.483878,-0.686218,1.532605
14.567616,0.347160,-0.166471,0.171377,0.497645,-0.704938,1.529488
14.574552,0.347290,-0.166267,0.171130,0.491523,-0.701546,1.529448
14.577357,0.347059,-0.166795,0.171840,0.482758,-0.689429,1.531119
14.584131,0.346576,-0.167862,0.173264,0.475842,-0.679774,1.532514
14.587649,0.346329,-0.168373,0.173918,0.471911,-0.672083,1.534605
14.597106,0.346329,-0.168292,0.173496,0.455452,-0.648667,1.539062
14.603528,0.346367,-0.168403,0.173562,0.453498,-0.642045,1.541304
14.613601,0.345857,-0.169763,0.175539,0.451814,-0.641314,1.542121
14.617131,0.345651,-0.170221,0.176216,0.446853,-0.637263,1.543594
14.663615,0.346363,-0.164787,0.169229,0.544252,-0.662833,1.557092
14.674139,0.344912,-0.169194,0.175224,0.446968,-0.642458,1.546139
15.267600,0.342205,-0.160904,0.162210,0.561318,-0.760970,1.554743
15.299253,0.342654,-0.160851,0.162000,0.556408,-0.767420,1.559006
15.816230,0.344488,-0.158081,0.161317,0.594173,-0.812229,1.559078
16.064965,0.346220,-0.167250,0.176401,0.601596,-0.730789,1.594264
16.074681,0.346372,-0.167225,0.176507,0.614520,-0.720940,1.597304
16.077791,0.346326,-0.167224,0.176619,0.614520,-0.720940,1.597304
16.083926,0.346610,-0.167162,0.176878,0.607320,-0.736021,1.591309
16.134506,0.346508,-0.166849,0.182899,0.550972,-0.750906,1.598436
16.320463,0.349410,-0.164818,0.216662,0.551620,-0.698124,1.625689
16.330583,0.349961,-0.163640,0.217232,0.570054,-0.696989,1.633153
16.350550,0.351604,-0.161680,0.219289,0.568000,-0.695788,1.634450
16.359128,0.352407,-0.160748,0.220793,0.565945,-0.677990,1.641340
16.362893,0.353059,-0.159923,0.221906,0.581176,-0.704230,1.640830
16.366086,0.353629,-0.159022,0.222314,0.563255,-0.714244,1.640965
16.379254,0.355482,-0.154472,0.222418,0.530656,-0.719879,1.636262
16.382612,0.355737,-0.154190,0.222775,0.523348,-0.727085,1.635361
16.386120,0.355904,-0.154715,0.224020,0.523212,-0.766458,1.628635
16.416429,0.356235,-0.146507,0.228905,0.600721,-0.577246,1.676742
16.435405,0.361219,-0.134361,0.226832,0.588164,-0.712832,1.665996
16.442051,0.360951,-0.133988,0.227852,0.581251,-0.704247,1.666435
16.445301,0.360910,-0.133269,0.228533,0.576511,-0.699707,1.667589
16.448828,0.361011,-0.132498,0.229377,0.575696,-0.694201,1.668247
16.452544,0.361312,-0.132093,0.230295,0.576853,-0.660708,1.678337
16.455549,0.361829,-0.131056,0.231050,0.548055,-0.687415,1.672922
16.458889,0.361953,-0.129936,0.231565,0.563369,-0.678196,1.677992
16.462023,0.362164,-0.128281,0.232233,0.582557,-0.698551,1.677679
16.465384,0.362730,-0.126645,0.232467,0.573245,-0.713931,1.674254
16.468940,0.363125,-0.124967,0.232820,0.568071,-0.734032,1.671719
16.472095,0.363320,-0.123409,0.232726,0.592883,-0.708975,1.680383
16.475631,0.363602,-0.121898,0.233029,0.580283,-0.718191,1.678468
16.478714,0.363799,-0.120927,0.233137,0.577894,-0.687891,1.685426
16.482419,0.363541,-0.119931,0.233641,0.578876,-0.663986,1.692550
16.485833,0.363537,-0.118650,0.233716,0.580780,-0.652917,1.693227
16.488771,0.363635,-0.117305,0.234071,0.566110,-0.655578,1.693826
16.492651,0.364036,-0.115695,0.234116,0.567350,-0.656862,1.696372
16.495919,0.364422,-0.114043,0.234248,0.552041,-0.668911,1.694664
16.499294,0.364942,-0.112562,0.234508,0.552066,-0.668070,1.698270
16.502393,0.365325,-0.111104,0.235040,0.552645,-0.671527,1.702398
16.505682,0.365780,-0.109817,0.235634,0.533887,-0.685356,1.701637
16.512944,0.366320,-0.107795,0.237261,0.528796,-0.674191,1.707669
16.515924,0.366516,-0.106534,0.237903,0.519479,-0.666124,1.711861
16.519323,0.366633,-0.105097,0.238326,0.510847,-0.679981,1.709907
16.522569,0.366714,-0.103124,0.238401,0.528028,-0.670961,1.717203
16.531053,0.366650,-0.098685,0.238754,0.561607,-0.654759,1.724058
16.551125,0.366620,-0.093832,0.239250,0.577343,-0.661131,1.724823
16.570472,0.366478,-0.089174,0.239683,0.599811,-0.659933,1.727552
16.572405,0.366461,-0.084317,0.240513,0.626394,-0.650876,1.730487
16.575332,0.366599,-0.079418,0.241719,0.621735,-0.653810,1.732437
16.585202,0.366971,-0.074421,0.242691,0.634146,-0.664184,1.736913
16.603804,0.367039,-0.069947,0.243363,0.627122,-0.667138,1.741975
16.622159,0.367176,-0.065363,0.244165,0.623300,-0.674144,1.744232
16.631665,0.367246,-0.061243,0.244745,0.614361,-0.675688,1.747402
16.633012,0.367312,-0.057115,0.245045,0.614719,-0.681506,1.750319
16.635832,0.367334,-0.055083,0.245383,0.580507,-0.678493,1.754045
16.655045,0.368314,-0.049967,0.247245,0.561199,-0.680768,1.757799
16.668056,0.368510,-0.047635,0.248022,0.557895,-0.674414,1.765582
16.669102,0.368512,-0.045760,0.248949,0.566399,-0.669169,1.774849
16.673008,0.368330,-0.044413,0.249534,0.562787,-0.670735,1.775922
16.676409,0.367849,-0.043596,0.249652,0.570908,-0.675642,1.771553
16.679372,0.367498,-0.042247,0.249438,0.587762,-0.686422,1.766623
16.683156,0.367468,-0.040613,0.249306,0.602255,-0.682735,1.771580
16.685508,0.367455,-0.039256,0.249343,0.615563,-0.670480,1.780678
16.689573,0.367595,-0.037867,0.249344,0.621908,-0.656279,1.786194
16.692785,0.367699,-0.036485,0.249377,0.622304,-0.649574,1.792708
16.695812,0.367380,-0.035592,0.249499,0.636696,-0.616068,1.802661
16.699569,0.367007,-0.034940,0.249667,0.629053,-0.612484,1.800104
16.702579,0.366834,-0.033842,0.249743,0.632159,-0.631352,1.796685
16.705595,0.366610,-0.032898,0.249892,0.625377,-0.654500,1.791658
16.709160,0.366429,-0.032124,0.249938,0.623425,-0.660243,1.789994
16.712929,0.366386,-0.031371,0.250190,0.614194,-0.689505,1.781449
16.716341,0.366309,-0.030552,0.250456,0.607928,-0.691655,1.782729
16.719512,0.366067,-0.030167,0.250707,0.585057,-0.676995,1.781078
16.722830,0.365607,-0.029572,0.250956,0.585763,-0.661796,1.783155
16.725485,0.365213,-0.028792,0.251311,0.603889,-0.659319,1.786159
16.729738,0.364811,-0.027879,0.251515,0.594347,-0.637196,1.794590
16.732754,0.364524,-0.027272,0.251898,0.599071,-0.634826,1.794329
16.736253,0.364240,-0.026715,0.252231,0.603466,-0.631580,1.796200
16.739060,0.364182,-0.026311,0.252592,0.601312,-0.615048,1.803569
16.742836,0.364205,-0.025775,0.252863,0.589004,-0.595696,1.807549
16.745718,0.364299,-0.025262,0.253158,0.595867,-0.589749,1.813612
16.749159,0.364314,-0.024481,0.253272,0.595179,-0.587640,1.818712
16.753155,0.364194,-0.023627,0.253319,0.599494,-0.584985,1.819935
16.756391,0.363938,-0.022686,0.253307,0.590375,-0.597628,1.814889
16.762716,0.363588,-0.020999,0.253174,0.588719,-0.601411,1.815981
16.765773,0.363453,-0.020338,0.253178,0.595474,-0.598490,1.815171
16.769534,0.363331,-0.019656,0.253237,0.600796,-0.589845,1.816267
16.772644,0.363395,-0.018647,0.253054,0.598927,-0.596445,1.812593
16.776603,0.363265,-0.017773,0.252968,0.606870,-0.597431,1.814629
16.779212,0.363134,-0.016824,0.252723,0.616145,-0.602424,1.813464
16.782461,0.362937,-0.015741,0.252397,0.631418,-0.634668,1.803301
16.785772,0.362774,-0.014613,0.252102,0.634976,-0.639132,1.802547
16.789313,0.362495,-0.014122,0.252284,0.636466,-0.644834,1.803573
16.793072,0.362370,-0.013593,0.252261,0.648349,-0.645937,1.803566
16.795805,0.361764,-0.013293,0.252675,0.672550,-0.639287,1.805703
16.799428,0.361216,-0.013159,0.253175,0.659598,-0.605952,1.815120
16.803078,0.360746,-0.013236,0.253622,0.623586,-0.600877,1.812558
16.805537,0.360179,-0.012138,0.253275,0.644016,-0.597265,1.815039
16.809153,0.359555,-0.011202,0.253132,0.647435,-0.592393,1.816268
16.812473,0.359311,-0.010417,0.253054,0.609796,-0.573472,1.820182
16.815866,0.359109,-0.009580,0.252882,0.612718,-0.576794,1.822505
16.819242,0.358930,-0.008567,0.252657,0.635729,-0.591573,1.823835
16.822912,0.358800,-0.008347,0.252912,0.617923,-0.595883,1.823852
16.825706,0.358458,-0.007852,0.252986,0.622423,-0.597406,1.826439
16.829298,0.358175,-0.007081,0.252688,0.651592,-0.619591,1.824229
16.832909,0.358003,-0.006248,0.252473,0.647326,-0.616847,1.827588
16.835845,0.357728,-0.005721,0.252604,0.643257,-0.616198,1.829829
16.839272,0.357464,-0.005543,0.252905,0.646809,-0.598313,1.837267
16.842915,0.357225,-0.005591,0.253332,0.634940,-0.585279,1.840159
16.845730,0.356926,-0.005520,0.253584,0.629547,-0.575618,1.843175
16.849464,0.356605,-0.004874,0.253976,0.617747,-0.601049,1.836829
16.858731,0.355958,-0.003703,0.253787,0.630626,-0.585042,1.840696
16.879574,0.355338,-0.001791,0.253187,0.641946,-0.590058,1.839321
16.890249,0.354766,0.000147,0.252617,0.653989,-0.596404,1.838613
16.893598,0.354235,0.001921,0.252178,0.657029,-0.595830,1.838760
16.901325,0.353609,0.003818,0.250919,0.678087,-0.592962,1.836941
16.903737,0.353387,0.005319,0.249948,0.688584,-0.619076,1.832849
16.913688,0.352981,0.006182,0.250148,0.680416,-0.606766,1.835927
16.915110,0.352135,0.007130,0.250560,0.668974,-0.614099,1.837549
16.941202,0.351297,0.008035,0.250974,0.654429,-0.620542,1.837595
16.943677,0.350225,0.008234,0.251909,0.624719,-0.590184,1.847474
16.952889,0.348558,0.008231,0.253973,0.614364,-0.572116,1.852547
16.963496,0.347052,0.008568,0.255009,0.603300,-0.564864,1.855703
16.973908,0.346133,0.008809,0.255890,0.588296,-0.546600,1.857466
16.983022,0.345147,0.009375,0.256505,0.603168,-0.550137,1.857927
16.992088,0.344437,0.010733,0.256353,0.615164,-0.557466,1.856269
16.995150,0.344304,0.012274,0.255116,0.614982,-0.557229,1.855446
16.999115,0.344151,0.013534,0.254055,0.629283,-0.574664,1.850653
17.002249,0.343927,0.014749,0.252945,0.656390,-0.580253,1.850530
17.005785,0.343767,0.015692,0.252142,0.657084,-0.564577,1.853940
17.009807,0.343583,0.015860,0.252192,0.662871,-0.569271,1.853046
17.012320,0.343416,0.016242,0.252009,0.664224,-0.573618,1.852156
17.016016,0.343374,0.016663,0.251832,0.656870,-0.578930,1.851189
17.018798,0.343384,0.017097,0.251682,0.646653,-0.585392,1.850695
17.021862,0.343312,0.017530,0.251479,0.638727,-0.594794,1.848715
17.025388,0.343221,0.017936,0.251314,0.652536,-0.592719,1.853061
17.029196,0.343075,0.018235,0.251354,0.661111,-0.587400,1.857082
17.032421,0.342850,0.018520,0.251413,0.673189,-0.579069,1.862300
17.035832,0.342605,0.018843,0.251474,0.681669,-0.574250,1.866336
17.039064,0.342407,0.019279,0.251425,0.684942,-0.578429,1.868061
17.041893,0.342188,0.019670,0.251317,0.687356,-0.576126,1.870133
17.045290,0.341967,0.019948,0.251262,0.679754,-0.568686,1.870762
17.049204,0.341732,0.020226,0.251205,0.680313,-0.569327,1.871428
17.052304,0.341527,0.020500,0.251135,0.683273,-0.567698,1.872419
17.055727,0.341328,0.020641,0.251185,0.692507,-0.554983,1.877274
17.058868,0.341096,0.020710,0.251398,0.686537,-0.550244,1.878094
17.062814,0.340922,0.020805,0.251540,0.673653,-0.539855,1.880694
17.066217,0.340875,0.021338,0.251323,0.658834,-0.549917,1.877136
17.069231,0.340851,0.021953,0.251038,0.646403,-0.563344,1.872201
17.072447,0.340860,0.022535,0.250753,0.630493,-0.574198,1.867492
17.075328,0.340861,0.023090,0.250468,0.626479,-0.577446,1.867096
17.078732,0.340850,0.023649,0.250179,0.642881,-0.590036,1.866874
17.082304,0.340887,0.023986,0.250031,0.641734,-0.589147,1.868192
17.085496,0.340891,0.024224,0.249924,0.636513,-0.586364,1.867921
17.089664,0.340890,0.024832,0.249632,0.640320,-0.591710,1.868831
17.092485,0.340975,0.025672,0.249063,0.639997,-0.600200,1.866229
17.095843,0.341067,0.026558,0.248505,0.636990,-0.610032,1.863640
17.098880,0.341053,0.027229,0.248152,0.646930,-0.608256,1.865325
17.102340,0.341161,0.028132,0.247629,0.666482,-0.612081,1.868074
17.105875,0.341212,0.028771,0.247286,0.672656,-0.609567,1.869211
17.108624,0.341379,0.029360,0.247010,0.677022,-0.612534,1.870919
17.112133,0.341602,0.029959,0.246721,0.682431,-0.614950,1.872798
17.115968,0.341845,0.030575,0.246490,0.685781,-0.616859,1.875876
17.118830,0.341959,0.030954,0.246517,0.677741,-0.608081,1.879789
17.122724,0.342125,0.031352,0.246597,0.688969,-0.594637,1.886814
17.126064,0.342040,0.031690,0.246696,0.700805,-0.582323,1.892116
17.128891,0.341821,0.032012,0.246727,0.709722,-0.569714,1.895491
17.132026,0.341619,0.032501,0.246580,0.714924,-0.563243,1.896195
17.136081,0.341465,0.033046,0.246339,0.724005,-0.561336,1.897441
17.138838,0.341312,0.033470,0.246047,0.714273,-0.569236,1.894167
17.141954,0.341244,0.033869,0.245908,0.715793,-0.562607,1.896615
17.145575,0.341200,0.034239,0.245826,0.720203,-0.559693,1.899172
17.149050,0.341199,0.034585,0.245756,0.716943,-0.559672,1.900470
17.152780,0.341134,0.034978,0.245754,0.712811,-0.560880,1.901169
17.158706,0.341101,0.035493,0.245654,0.710913,-0.563301,1.902731
17.162606,0.341022,0.036524,0.245102,0.704023,-0.573655,1.903674
17.183001,0.340985,0.037767,0.244489,0.693875,-0.583614,1.904601
17.193623,0.340887,0.038805,0.243979,0.695108,-0.582890,1.908998
17.196677,0.340819,0.039853,0.243329,0.695759,-0.581952,1.913810
17.199444,0.340676,0.040935,0.242806,0.702361,-0.574357,1.918717
17.206383,0.340582,0.041511,0.242614,0.701562,-0.574037,1.919702
17.214587,0.340385,0.041921,0.242477,0.707677,-0.561201,1.923388
17.216597,0.340365,0.042805,0.242090,0.709047,-0.563705,1.924318
17.227953,0.339608,0.043957,0.241627,0.716285,-0.559505,1.924011
17.239509,0.338697,0.045048,0.241093,0.723491,-0.555774,1.923817
17.270905,0.337624,0.046118,0.240642,0.727835,-0.550262,1.922237
17.274250,0.336545,0.047167,0.240204,0.727739,-0.551679,1.919911
17.286144,0.334951,0.047815,0.239943,0.740404,-0.536670,1.920328
17.293340,0.334032,0.048093,0.239865,0.745373,-0.531409,1.921436
17.304604,0.333145,0.048294,0.239839,0.740653,-0.537290,1.919368
17.314403,0.332466,0.048641,0.239508,0.742240,-0.532862,1.919863
17.318495,0.331885,0.048958,0.239179,0.745469,-0.535152,1.918225
17.324685,0.331450,0.049235,0.238894,0.738268,-0.543439,1.916546
17.328424,0.331203,0.049428,0.238795,0.733755,-0.543962,1.913919
17.331280,0.331048,0.049555,0.238726,0.733580,-0.539281,1.914950
17.334726,0.330874,0.049537,0.238883,0.735500,-0.543355,1.915539
17.337929,0.330566,0.049593,0.238918,0.733526,-0.546906,1.914935
17.341712,0.330489,0.049705,0.238822,0.735128,-0.552032,1.912276
17.344497,0.330202,0.049867,0.238517,0.732821,-0.559393,1.911930
17.348243,0.329984,0.050060,0.238210,0.733900,-0.561589,1.910065
17.351603,0.329727,0.050189,0.237911,0.733476,-0.562470,1.908848
17.355130,0.329521,0.050222,0.237690,0.731854,-0.562194,1.908791
17.358175,0.329227,0.050161,0.237638,0.727208,-0.559867,1.908633
17.361494,0.329000,0.050085,0.237607,0.726504,-0.560877,1.907928
17.365242,0.328649,0.050066,0.237581,0.726519,-0.559878,1.907555
17.368280,0.328315,0.050115,0.237539,0.719336,-0.568410,1.904526
17.371053,0.328063,0.050189,0.237541,0.718661,-0.574513,1.903697
17.375232,0.327782,0.050254,0.237532,0.717095,-0.577922,1.902341
17.378133,0.327488,0.050320,0.237518,0.712850,-0.579759,1.900322
17.381869,0.327149,0.050304,0.237447,0.712044,-0.585475,1.898953
17.385080,0.326826,0.050286,0.237360,0.720498,-0.574618,1.901478
17.387597,0.326470,0.050206,0.237292,0.721168,-0.569079,1.901305
17.391016,0.326079,0.050193,0.237179,0.731432,-0.561853,1.902740
17.395003,0.325702,0.050134,0.237110,0.742259,-0.554044,1.904792
17.397653,0.325457,0.050101,0.237086,0.744608,-0.546054,1.905613
17.400933,0.325217,0.050023,0.237138,0.743834,-0.548243,1.903986
17.404551,0.325045,0.049997,0.237181,0.746148,-0.544094,1.904630
17.407398,0.324987,0.049838,0.237336,0.738778,-0.547316,1.903350
17.411073,0.324932,0.049685,0.237486,0.738732,-0.540734,1.906248
17.414408,0.324825,0.049575,0.237579,0.744000,-0.532435,1.908762
17.417440,0.324692,0.049529,0.237614,0.737990,-0.537149,1.907798
17.420970,0.324616,0.049623,0.237506,0.739742,-0.532358,1.909194
17.424719,0.324497,0.049737,0.237401,0.737109,-0.531669,1.909952
17.427493,0.324377,0.049934,0.237206,0.731820,-0.537680,1.907098
17.430733,0.324313,0.050093,0.237039,0.724085,-0.546644,1.904808
17.434038,0.324263,0.050267,0.236840,0.724041,-0.543655,1.905539
17.437402,0.324062,0.050323,0.236727,0.719998,-0.552534,1.903168
17.441781,0.323865,0.050481,0.236582,0.726534,-0.548781,1.904211
17.445393,0.323619,0.050603,0.236478,0.729234,-0.550374,1.904110
17.448225,0.323407,0.050739,0.236373,0.731530,-0.552548,1.903493
17.451082,0.323225,0.050877,0.236220,0.735281,-0.551273,1.904154
17.454761,0.323150,0.050987,0.236071,0.735309,-0.552779,1.904135
17.458127,0.323034,0.051062,0.235891,0.731938,-0.558393,1.903014
17.461219,0.322983,0.051120,0.235731,0.730879,-0.558089,1.903141
17.464673,0.322927,0.051152,0.235627,0.730652,-0.557663,1.905274
17.467731,0.322744,0.051157,0.235570,0.731201,-0.558942,1.905096
17.471097,0.322527,0.051144,0.235618,0.734018,-0.552935,1.907571
17.474714,0.322368,0.051098,0.235711,0.735067,-0.548593,1.910626
17.478072,0.322051,0.051045,0.235755,0.736599,-0.545110,1.911703
17.481487,0.321756,0.051013,0.235747,0.739525,-0.538345,1.912043
17.484643,0.321547,0.051032,0.235820,0.740584,-0.533200,1.916206
17.495400,0.321337,0.051103,0.235817,0.739250,-0.529362,1.917710
17.506371,0.321008,0.051360,0.235677,0.732990,-0.533941,1.914815
17.516956,0.320839,0.051642,0.235594,0.725518,-0.540846,1.913392
17.526858,0.320661,0.051957,0.235481,0.715896,-0.549172,1.911136
17.531699,0.320538,0.052204,0.235335,0.708543,-0.556606,1.906846
17.535023,0.320414,0.052489,0.235201,0.703245,-0.564237,1.904593
17.537731,0.320431,0.052612,0.235173,0.705503,-0.562179,1.905621
17.545310,0.320445,0.052756,0.235136,0.706270,-0.560596,1.906058
17.547491,0.320450,0.052898,0.235094,0.710677,-0.556949,1.907320
17.557457,0.320401,0.053044,0.235031,0.712555,-0.557275,1.907142
17.560038,0.320327,0.053022,0.234974,0.712854,-0.557102,1.906445
17.585628,0.320243,0.052985,0.234922,0.713972,-0.554805,1.907439
17.594973,0.320148,0.052923,0.234839,0.715621,-0.553069,1.909206
17.599287,0.320106,0.052809,0.234798,0.714986,-0.552361,1.909471
17.603013,0.320074,0.052702,0.234763,0.712400,-0.551219,1.910224
17.613009,0.320141,0.052712,0.234611,0.711756,-0.555129,1.909441
17.615547,0.320300,0.052737,0.234476,0.708754,-0.560127,1.908089
17.627566,0.320631,0.052767,0.234378,0.705167,-0.565825,1.907614
17.636714,0.320988,0.052862,0.234165,0.706055,-0.567743,1.910054
17.640062,0.321337,0.052956,0.233949,0.706936,-0.568703,1.912714
17.650037,0.321653,0.053028,0.233861,0.706920,-0.567650,1.913573
17.652856,0.321897,0.053112,0.233649,0.708371,-0.568191,1.915804
17.655843,0.321990,0.053186,0.233413,0.710832,-0.566341,1.916152
17.659699,0.322020,0.053218,0.233285,0.707827,-0.571214,1.912748
17.662451,0.321985,0.053236,0.233125,0.708685,-0.573648,1.911847
17.666147,0.321974,0.053274,0.232924,0.708180,-0.574143,1.911475
17.669722,0.321935,0.053288,0.232826,0.707654,-0.574858,1.909781
17.672575,0.321904,0.053313,0.232709,0.707762,-0.575740,1.908824
17.675941,0.321892,0.053414,0.232506,0.710340,-0.574968,1.909807
17.678893,0.321962,0.053555,0.232302,0.711875,-0.576009,1.908835
17.682930,0.322004,0.053700,0.232105,0.714766,-0.577389,1.909905
17.686086,0.322056,0.053843,0.231911,0.717692,-0.577868,1.910611
17.689596,0.322088,0.053942,0.231741,0.717095,-0.581105,1.910812
17.693108,0.322100,0.053958,0.231654,0.717833,-0.580252,1.912445
17.696490,0.322127,0.053971,0.231551,0.716145,-0.580010,1.913461
17.699879,0.322156,0.054020,0.231398,0.712374,-0.582456,1.913909
17.703187,0.322184,0.054114,0.231153,0.709238,-0.586028,1.914010
17.705667,0.322218,0.054242,0.230893,0.707604,-0.587488,1.914629
17.710028,0.322256,0.054352,0.230628,0.704945,-0.592122,1.914396
17.716022,0.322333,0.054323,0.230426,0.703074,-0.592586,1.915116
17.719557,0.322418,0.054230,0.230308,0.701098,-0.592020,1.916423
17.722260,0.322624,0.054215,0.229992,0.700485,-0.593884,1.918899
17.726283,0.322832,0.054272,0.229677,0.700313,-0.592349,1.921140
17.729608,0.323042,0.054364,0.229345,0.700310,-0.590823,1.923123
17.732795,0.323143,0.054617,0.228948,0.700577,-0.593179,1.924668
17.736191,0.323276,0.054928,0.228429,0.706026,-0.596014,1.925741
17.739434,0.323309,0.055202,0.228159,0.706652,-0.594261,1.925685
17.742824,0.323395,0.055467,0.227843,0.708660,-0.598678,1.925090
17.746146,0.323473,0.055739,0.227514,0.709817,-0.599882,1.925261
17.749480,0.323622,0.055989,0.227191,0.712782,-0.600565,1.924881
17.752407,0.323732,0.056233,0.226911,0.712014,-0.598704,1.925448
17.756380,0.323868,0.056462,0.226522,0.714301,-0.599556,1.925788
17.759409,0.323957,0.056639,0.226184,0.715907,-0.597436,1.926192
17.762444,0.324081,0.056827,0.225797,0.716740,-0.598513,1.926566
17.766077,0.324204,0.057087,0.225411,0.718731,-0.598413,1.926479
17.768966,0.324370,0.057366,0.224941,0.722720,-0.600578,1.925668
17.772725,0.324491,0.057575,0.224624,0.724719,-0.601689,1.925529
17.776171,0.324685,0.057835,0.224329,0.727716,-0.598086,1.926621
17.779290,0.324882,0.058111,0.224051,0.727923,-0.600460,1.925410
17.783076,0.325072,0.058303,0.223827,0.730491,-0.600172,1.926313
17.786214,0.325216,0.058452,0.223716,0.731156,-0.598033,1.927820
17.790123,0.325291,0.058732,0.223430,0.732382,-0.599111,1.926981
17.793169,0.325282,0.058957,0.223110,0.732782,-0.603509,1.925755
17.796113,0.325169,0.059154,0.222757,0.735603,-0.601054,1.924918
17.799309,0.325016,0.059359,0.222369,0.735259,-0.599506,1.923748
17.803085,0.324914,0.059729,0.221959,0.737125,-0.601619,1.921730
17.806067,0.324888,0.059984,0.221699,0.737005,-0.599328,1.921899
17.809338,0.324861,0.060227,0.221480,0.735010,-0.600054,1.921239
17.813098,0.324860,0.060496,0.221308,0.735480,-0.598944,1.923023
17.816143,0.324819,0.060813,0.221165,0.735618,-0.598067,1.925128
17.825567,0.324353,0.060940,0.221186,0.738910,-0.584701,1.929762
17.846505,0.323804,0.061108,0.221222,0.747242,-0.572530,1.933376
17.865420,0.323341,0.061544,0.221140,0.746207,-0.574352,1.933786
17.867460,0.322899,0.061993,0.221043,0.741524,-0.577414,1.931777
17.879210,0.322555,0.062508,0.220984,0.738291,-0.581441,1.928351
17.905545,0.322613,0.063082,0.220830,0.730150,-0.594082,1.924329
17.916982,0.322751,0.063600,0.220686,0.719415,-0.605674,1.921481
17.920269,0.322852,0.063826,0.220677,0.721105,-0.599968,1.921775
17.928071,0.322984,0.063993,0.220741,0.723527,-0.595837,1.923631
17.929907,0.323112,0.064042,0.220783,0.724380,-0.593630,1.925178
17.940023,0.323211,0.064035,0.220840,0.726261,-0.592266,1.925288
17.940948,0.323323,0.064009,0.220933,0.727346,-0.590750,1.924975
17.949508,0.323383,0.063801,0.221181,0.732816,-0.583346,1.927682
17.952897,0.323430,0.063574,0.221415,0.739780,-0.574609,1.930347
17.963489,0.323372,0.063289,0.221538,0.747338,-0.565310,1.931721
17.965768,0.323295,0.062991,0.221635,0.754156,-0.555379,1.933558
17.969177,0.323200,0.062685,0.221699,0.761571,-0.546470,1.935083
17.972347,0.323155,0.062568,0.221603,0.762369,-0.546482,1.933878
17.975533,0.323322,0.062635,0.221505,0.752556,-0.558657,1.931120
17.978666,0.323581,0.062753,0.221487,0.743716,-0.570817,1.930348
17.982487,0.323769,0.062821,0.221420,0.733953,-0.581792,1.928130
17.986074,0.323956,0.062863,0.221328,0.725378,-0.590550,1.926349
17.989542,0.324112,0.062914,0.221227,0.717944,-0.597795,1.925206
17.993050,0.324088,0.062813,0.221053,0.719532,-0.597607,1.925017
17.995687,0.324061,0.062703,0.220897,0.719693,-0.597199,1.924259
17.998804,0.324108,0.062601,0.220794,0.719751,-0.597384,1.924566
18.002238,0.324152,0.062521,0.220716,0.718078,-0.599378,1.924193
18.005842,0.324176,0.062444,0.220630,0.717100,-0.602172,1.923111
18.009218,0.324165,0.062307,0.220602,0.719179,-0.600120,1.922926
18.012532,0.324173,0.062169,0.220571,0.720018,-0.598927,1.922918
18.016091,0.324191,0.062098,0.220516,0.724281,-0.601169,1.922920
18.018986,0.324213,0.062017,0.220440,0.729000,-0.601232,1.923591
18.023183,0.324278,0.061925,0.220378,0.729704,-0.600885,1.924872
18.026096,0.324344,0.061830,0.220376,0.727980,-0.601575,1.925794
18.029910,0.324383,0.061707,0.220361,0.727130,-0.601360,1.926601
18.032866,0.324396,0.061595,0.220317,0.724225,-0.599772,1.926768
18.035965,0.324414,0.061523,0.220292,0.722000,-0.600841,1.927044
18.039139,0.324429,0.061389,0.220281,0.720542,-0.601837,1.927353
18.042718,0.324482,0.061283,0.220251,0.718754,-0.604357,1.928152
18.047787,0.324537,0.061178,0.220212,0.718262,-0.605945,1.929142
18.049474,0.324603,0.061041,0.220211,0.717818,-0.606188,1.930761
18.052084,0.324646,0.060910,0.220201,0.717120,-0.604963,1.932439
18.057805,0.324515,0.060787,0.220082,0.720849,-0.601691,1.933168
18.063200,0.324336,0.060695,0.219927,0.724875,-0.597150,1.933874
18.066330,0.324179,0.060634,0.219801,0.728301,-0.594171,1.934186
18.068793,0.324006,0.060583,0.219682,0.728819,-0.594836,1.934092
18.072114,0.323845,0.060528,0.219523,0.730839,-0.595345,1.932893
18.075648,0.323791,0.060521,0.219428,0.731057,-0.596797,1.932954
18.079046,0.323727,0.060524,0.219331,0.730214,-0.598334,1.931528
18.082592,0.323627,0.060511,0.219241,0.731128,-0.600660,1.931095
18.085563,0.323545,0.060496,0.219164,0.732580,-0.598335,1.931004
18.088843,0.323474,0.060478,0.219134,0.731897,-0.596365,1.930525
18.092640,0.323428,0.060478,0.219095,0.730791,-0.598148,1.930164
18.096033,0.323418,0.060467,0.219087,0.731212,-0.600480,1.930367
18.099567,0.323418,0.060478,0.219048,0.729281,-0.601279,1.930337
18.102616,0.323402,0.060538,0.218948,0.730229,-0.602587,1.930817
18.106287,0.323379,0.060604,0.218845,0.732962,-0.605430,1.932049
18.109596,0.323334,0.060697,0.218742,0.735417,-0.607971,1.931816
18.112561,0.323278,0.060788,0.218633,0.737967,-0.610609,1.931583
18.116158,0.323228,0.060798,0.218595,0.737427,-0.610654,1.931645
18.118819,0.323193,0.060760,0.218619,0.736004,-0.610644,1.931328
18.122929,0.323096,0.060755,0.218623,0.736574,-0.613385,1.930909
18.125621,0.323024,0.060722,0.218655,0.734743,-0.611386,1.931731
18.129656,0.322951,0.060688,0.218687,0.733184,-0.607600,1.933213
18.133034,0.322863,0.060710,0.218694,0.736082,-0.608259,1.934217
18.135863,0.322750,0.060788,0.218699,0.736566,-0.607486,1.935388
18.139544,0.322711,0.060828,0.218729,0.733842,-0.605214,1.936804
18.142165,0.322676,0.060881,0.218766,0.734256,-0.605383,1.938306
18.145607,0.322638,0.060908,0.218869,0.732730,-0.606011,1.939690
18.149278,0.322616,0.060951,0.218943,0.728948,-0.604794,1.941449
18.152936,0.322643,0.060990,0.219018,0.728635,-0.606565,1.942936
18.156116,0.322648,0.061049,0.219064,0.727220,-0.606001,1.944702
18.159750,0.322630,0.061086,0.219120,0.724947,-0.606141,1.946226
18.168205,0.322469,0.061096,0.219118,0.723728,-0.607189,1.946664
18.173213,0.322100,0.061064,0.219012,0.725095,-0.607914,1.946095
18.197067,0.321670,0.061013,0.218844,0.726570,-0.608252,1.944907
18.214866,0.321237,0.061002,0.218693,0.728573,-0.610001,1.943628
18.219669,0.320794,0.061045,0.218442,0.732722,-0.611756,1.941679
18.224276,0.320502,0.061151,0.218178,0.736964,-0.614305,1.940529
18.231060,0.320415,0.061296,0.218025,0.739112,-0.617335,1.939903
18.235491,0.320360,0.061378,0.217919,0.739507,-0.619929,1.939555
18.238698,0.320173,0.061325,0.217743,0.740611,-0.622381,1.939711
18.250472,0.320009,0.061191,0.217626,0.739802,-0.623253,1.941145
18.276925,0.319780,0.061001,0.217468,0.739492,-0.623330,1.943074
18.278700,0.319535,0.060806,0.217292,0.740190,-0.624158,1.944308
18.288336,0.319270,0.060606,0.217153,0.741215,-0.623249,1.946343
18.292505,0.319157,0.060468,0.217116,0.741428,-0.622534,1.947452
18.297012,0.319070,0.060315,0.217121,0.741214,-0.622058,1.948173
18.298203,0.319016,0.060144,0.217213,0.739860,-0.620627,1.948445
18.301979,0.318958,0.059912,0.217344,0.738877,-0.616916,1.950050
18.312045,0.318931,0.059603,0.217461,0.733698,-0.616286,1.950899
18.315368,0.318912,0.059291,0.217550,0.731537,-0.612772,1.952178
18.326615,0.318874,0.059028,0.217625,0.730080,-0.610184,1.953252
18.339765,0.318860,0.058773,0.217666,0.731618,-0.606155,1.955007
18.342587,0.318885,0.058373,0.217891,0.728434,-0.601638,1.956418
18.352667,0.318911,0.058074,0.218124,0.729063,-0.595607,1.958100
18.355506,0.318923,0.057808,0.218347,0.727630,-0.591032,1.959643
18.359569,0.318953,0.057551,0.218570,0.728435,-0.588279,1.961145
18.362917,0.318982,0.057398,0.218742,0.725348,-0.585749,1.962200
18.365465,0.319018,0.057433,0.218728,0.726999,-0.586065,1.962495
18.368832,0.319024,0.057507,0.218674,0.728544,-0.585456,1.963464
18.372214,0.319046,0.057592,0.218609,0.729477,-0.585891,1.963855
18.376395,0.319048,0.057667,0.218543,0.728252,-0.585008,1.963973
18.379384,0.319112,0.057688,0.218511,0.728384,-0.584683,1.964433
18.382627,0.319200,0.057865,0.218413,0.727763,-0.589039,1.965349
18.386337,0.319245,0.058041,0.218310,0.729352,-0.591938,1.964796
18.389807,0.319278,0.058183,0.218240,0.731762,-0.593696,1.965614
18.393232,0.319326,0.058199,0.218253,0.730696,-0.593771,1.966366
18.396251,0.319316,0.058218,0.218272,0.730481,-0.594715,1.967136
18.400095,0.319241,0.058250,0.218214,0.733094,-0.591868,1.967445
18.402770,0.319214,0.058290,0.218156,0.734639,-0.591535,1.968270
18.405450,0.319178,0.058365,0.218055,0.734897,-0.591510,1.968512
18.409297,0.319095,0.058643,0.217830,0.740725,-0.594700,1.968501
18.412530,0.319026,0.058938,0.217571,0.745680,-0.597510,1.968202
18.416068,0.319020,0.059063,0.217483,0.745031,-0.600259,1.969671
18.419529,0.319045,0.059166,0.217389,0.745019,-0.601021,1.970446
18.422977,0.319040,0.059318,0.217326,0.747789,-0.603388,1.970937
18.426177,0.319068,0.059392,0.217305,0.747856,-0.603723,1.972159
18.429533,0.319173,0.059350,0.217386,0.745100,-0.602807,1.973582
18.432709,0.319189,0.059268,0.217509,0.744564,-0.602948,1.973770
18.436388,0.319169,0.059233,0.217608,0.743421,-0.603049,1.974508
18.439384,0.319160,0.059149,0.217707,0.741409,-0.602604,1.975458
18.442693,0.319151,0.059064,0.217806,0.739249,-0.602629,1.975734
18.445848,0.319078,0.059085,0.217817,0.739831,-0.603427,1.976046
18.448936,0.319042,0.059109,0.217804,0.741433,-0.604566,1.975794
18.452823,0.319099,0.059014,0.217944,0.737882,-0.605610,1.976320
18.455945,0.319192,0.058885,0.218083,0.733022,-0.605421,1.976816
18.459297,0.319282,0.058759,0.218218,0.728600,-0.605597,1.977722
18.462235,0.319355,0.058628,0.218366,0.726509,-0.607315,1.978097
18.465717,0.319438,0.058558,0.218441,0.723304,-0.605256,1.978961
18.468676,0.319448,0.058542,0.218421,0.724331,-0.603978,1.980262
18.472497,0.319498,0.058506,0.218433,0.728432,-0.604557,1.981686
18.476380,0.319582,0.058597,0.218339,0.730589,-0.602444,1.983191
18.479480,0.319689,0.058683,0.218280,0.733197,-0.602455,1.984961
18.482579,0.319774,0.058806,0.218184,0.735551,-0.602805,1.986845
18.485737,0.319900,0.058897,0.218135,0.739061,-0.605276,1.987446
18.489779,0.319984,0.059008,0.218083,0.739711,-0.603499,1.989160
18.493041,0.320070,0.058902,0.218209,0.739955,-0.603642,1.990701
18.496402,0.320138,0.058773,0.218358,0.737596,-0.601062,1.992311
18.499420,0.320230,0.058616,0.218549,0.735477,-0.598897,1.993546
18.502985,0.320285,0.058524,0.218649,0.733832,-0.596863,1.995327
18.506083,0.320341,0.058458,0.218729,0.731155,-0.596782,1.996092
18.509066,0.320367,0.058452,0.218765,0.730740,-0.596685,1.997027
18.512353,0.320352,0.058418,0.218785,0.730197,-0.595520,1.997753
18.515852,0.320331,0.058359,0.218794,0.730690,-0.592535,1.999028
18.519171,0.320276,0.058272,0.218845,0.730381,-0.589111,2.000570
18.522418,0.320225,0.058183,0.218878,0.731409,-0.585133,2.002057
18.527827,0.320168,0.058126,0.218899,0.732631,-0.581888,2.003423
18.531862,0.320132,0.058129,0.218876,0.733999,-0.581403,2.004448
18.540358,0.319782,0.058139,0.218716,0.738320,-0.584076,2.004146
18.559758,0.319459,0.058134,0.218552,0.742780,-0.586181,2.004288
18.568099,0.319152,0.058103,0.218427,0.745107,-0.590366,2.004490
18.573915,0.318847,0.058065,0.218295,0.746548,-0.597139,2.004195
18.575903,0.318481,0.058041,0.218149,0.749387,-0.602197,2.003798
18.580683,0.318265,0.057862,0.218232,0.749956,-0.600908,2.004924
18.583457,0.317844,0.057694,0.218235,0.749694,-0.602729,2.004531
18.592173,0.317284,0.057523,0.218179,0.750558,-0.606708,2.003705
18.604175,0.316504,0.057264,0.217889,0.754142,-0.601342,2.003051
18.632256,0.315626,0.056932,0.217713,0.759945,-0.598288,2.001418
18.642329,0.314819,0.056657,0.217464,0.762166,-0.599659,1.998277
18.652272,0.314187,0.056327,0.217263,0.762220,-0.599455,1.995769
18.662390,0.313622,0.056004,0.217122,0.764440,-0.596931,1.993498
18.672004,0.313214,0.055741,0.217148,0.767309,-0.593579,1.994057
18.680850,0.312969,0.055533,0.217081,0.761464,-0.595609,1.993346
18.684120,0.312695,0.055474,0.216968,0.760028,-0.601309,1.992637
18.687405,0.312465,0.055554,0.216923,0.760497,-0.601645,1.992416
18.690969,0.312334,0.055634,0.216866,0.757502,-0.604253,1.992401
18.694073,0.312268,0.055741,0.216875,0.751835,-0.614502,1.989712
18.697695,0.312194,0.055862,0.216921,0.751618,-0.615784,1.989890
18.701380,0.312241,0.055951,0.217003,0.747313,-0.617165,1.991034
18.704380,0.312315,0.055949,0.217089,0.745816,-0.625612,1.989471
18.707400,0.312187,0.055995,0.217126,0.742421,-0.627848,1.990063
18.711227,0.312052,0.055983,0.217136,0.740982,-0.624812,1.989485
18.714265,0.311678,0.056152,0.216725,0.742710,-0.631110,1.984491
18.717880,0.311312,0.056319,0.216316,0.748141,-0.635025,1.978737
18.720904,0.310841,0.056543,0.215777,0.744261,-0.632663,1.979182
18.724205,0.310818,0.056541,0.215601,0.750141,-0.639142,1.973051
18.727300,0.310757,0.056617,0.215443,0.747547,-0.645084,1.972325
18.730933,0.310951,0.056489,0.215688,0.742110,-0.643490,1.975556
18.734375,0.311138,0.056354,0.215949,0.734900,-0.640559,1.979473
18.737617,0.311375,0.056148,0.216340,0.733263,-0.640930,1.979303
18.741210,0.311283,0.056142,0.216393,0.726060,-0.635546,1.983040
18.744714,0.311226,0.056113,0.216450,0.728962,-0.637908,1.983319
18.748152,0.311164,0.056106,0.216467,0.729763,-0.634349,1.984079
18.751135,0.311109,0.056106,0.216469,0.729508,-0.634558,1.983498
18.754486,0.311008,0.056140,0.216417,0.729924,-0.632077,1.985316
18.757414,0.310900,0.056096,0.216405,0.729941,-0.631433,1.985055
18.760386,0.310770,0.056063,0.216388,0.729989,-0.624135,1.985606
18.764187,0.310626,0.056001,0.216382,0.731572,-0.628690,1.984795
18.767550,0.310433,0.055947,0.216361,0.732790,-0.627481,1.984446
18.770355,0.310237,0.055857,0.216325,0.734015,-0.628172,1.982048
18.773624,0.310079,0.055823,0.216253,0.737350,-0.626443,1.980781
18.777020,0.309843,0.055843,0.216088,0.735589,-0.628853,1.978710
18.780405,0.309620,0.055885,0.215926,0.735889,-0.627845,1.976334
18.784286,0.309375,0.055952,0.215728,0.739694,-0.627867,1.975132
18.787201,0.309184,0.056016,0.215551,0.743408,-0.627859,1.973862
18.790730,0.308994,0.056092,0.215380,0.745281,-0.628380,1.973797
18.794009,0.308914,0.056100,0.215312,0.749232,-0.629280,1.972753
18.797856,0.308926,0.056073,0.215339,0.750017,-0.626409,1.974379
18.801192,0.309007,0.055988,0.215407,0.745678,-0.627947,1.975392
18.804601,0.309146,0.055852,0.215534,0.746131,-0.624947,1.975954
18.807745,0.309275,0.055706,0.215683,0.742239,-0.624855,1.976954
18.811253,0.309449,0.055588,0.215859,0.734960,-0.627143,1.977767
18.814420,0.309574,0.055471,0.215993,0.730316,-0.631329,1.976878
18.817636,0.309646,0.055335,0.216100,0.726261,-0.629444,1.976763
18.820873,0.309672,0.055274,0.216160,0.720092,-0.633991,1.976515
18.824862,0.309731,0.055249,0.216134,0.722747,-0.640375,1.976698
18.827554,0.309758,0.055215,0.216063,0.725487,-0.641602,1.976548
18.830950,0.309723,0.055192,0.215960,0.727141,-0.642529,1.977444
18.834616,0.309725,0.055188,0.215867,0.730602,-0.646214,1.976999
18.837266,0.309707,0.055191,0.215768,0.732916,-0.648987,1.977066
18.840696,0.309665,0.055166,0.215732,0.732282,-0.648006,1.975691
18.843920,0.309638,0.055089,0.215745,0.729291,-0.645999,1.975558
18.847574,0.309672,0.055014,0.215756,0.727424,-0.643691,1.975855
18.850883,0.309737,0.054976,0.215762,0.726351,-0.643833,1.976496
18.854242,0.309828,0.054940,0.215755,0.724398,-0.643712,1.976600
18.857558,0.309921,0.054880,0.215761,0.720384,-0.642991,1.977983
18.861146,0.309991,0.054861,0.215730,0.720431,-0.645465,1.978654
18.864048,0.310024,0.054826,0.215697,0.719745,-0.648617,1.978089
18.867463,0.310057,0.054753,0.215697,0.718180,-0.648683,1.979088
18.871115,0.310082,0.054676,0.215716,0.717418,-0.649014,1.980369
18.874042,0.310107,0.054627,0.215718,0.718189,-0.650132,1.980501
18.877258,0.310144,0.054616,0.215709,0.719151,-0.649306,1.981591
18.881174,0.310173,0.054636,0.215691,0.720377,-0.648588,1.982656
18.884789,0.310170,0.054687,0.215665,0.724591,-0.649433,1.983018
18.887517,0.310227,0.054714,0.215665,0.726158,-0.648603,1.983237
18.890835,0.310190,0.054759,0.215640,0.724193,-0.647711,1.984554
18.894202,0.310078,0.054769,0.215641,0.728366,-0.650240,1.984049
18.897473,0.310001,0.054841,0.215573,0.728232,-0.648382,1.984552
18.900679,0.309955,0.054898,0.215527,0.728768,-0.650049,1.984670
18.909245,0.309860,0.054980,0.215450,0.730730,-0.652552,1.985657
18.912436,0.309857,0.055038,0.215401,0.734672,-0.653718,1.986292
18.936820,0.309914,0.055096,0.215344,0.733615,-0.653778,1.987981
18.954852,0.309921,0.055080,0.215387,0.735679,-0.656577,1.988843
18.956227,0.309862,0.055016,0.215549,0.733526,-0.653943,1.989331
18.966504,0.309769,0.055040,0.215767,0.731489,-0.650178,1.991209
18.992742,0.309680,0.055085,0.215996,0.729333,-0.646999,1.993110
19.003851,0.309631,0.055225,0.216182,0.727280,-0.645185,1.995561
19.007179,0.309569,0.055441,0.216352,0.727663,-0.644861,1.997576
19.014851,0.309543,0.055736,0.216472,0.726079,-0.644873,2.000135
19.016649,0.309526,0.055945,0.216591,0.723568,-0.646407,2.000971
19.026335,0.309484,0.056267,0.216786,0.723185,-0.647062,2.002500
19.029678,0.309396,0.056513,0.217029,0.723409,-0.645062,2.003472
19.040272,0.309278,0.056683,0.217301,0.724396,-0.645097,2.004961
19.046379,0.309124,0.056806,0.217557,0.724117,-0.644278,2.004931
19.049922,0.308941,0.056840,0.217832,0.726348,-0.645201,2.004602
19.053226,0.308701,0.056717,0.218115,0.720789,-0.645272,2.003370
19.056377,0.308469,0.056570,0.218391,0.714750,-0.646500,2.002127
19.060000,0.308313,0.056566,0.218506,0.708198,-0.646488,2.000711
19.063442,0.308215,0.056612,0.218564,0.705607,-0.649056,2.001181
19.066893,0.308171,0.056821,0.218590,0.697492,-0.649276,2.003242
19.069866,0.308227,0.056942,0.218556,0.698967,-0.653342,2.004220
19.073062,0.308248,0.057107,0.218512,0.698040,-0.654575,2.005779
19.076343,0.308240,0.057115,0.218585,0.695965,-0.655781,2.007334
19.079556,0.308172,0.057142,0.218627,0.693463,-0.657745,2.007428
19.083081,0.308076,0.057054,0.218659,0.698190,-0.660590,2.007500
19.087125,0.307916,0.056973,0.218773,0.693289,-0.658251,2.007979
19.090641,0.307792,0.056848,0.218897,0.691745,-0.657702,2.007769
19.093519,0.307669,0.056743,0.219032,0.690563,-0.655850,2.008191
19.096782,0.307592,0.056616,0.219173,0.688974,-0.653241,2.009403
19.100210,0.307544,0.056509,0.219320,0.683813,-0.652640,2.008542
19.103209,0.307529,0.056499,0.219373,0.683509,-0.655175,2.008811
19.107074,0.307533,0.056478,0.219435,0.681989,-0.658594,2.009564
19.110155,0.307543,0.056473,0.219491,0.658920,-0.648991,2.011256
19.116534,0.307542,0.056463,0.219563,0.658865,-0.653336,2.010970
19.119525,0.307529,0.056471,0.219602,0.658521,-0.655686,2.011125
19.123554,0.307619,0.056369,0.219749,0.636801,-0.643725,2.013670
19.126718,0.307725,0.056249,0.219933,0.639391,-0.641661,2.015601
19.130080,0.307831,0.056122,0.220113,0.659996,-0.652463,2.016099
19.133137,0.308018,0.055883,0.220380,0.636146,-0.633395,2.020521
19.137118,0.308206,0.055643,0.220647,0.635964,-0.627588,2.023762
19.140018,0.308299,0.055520,0.220786,0.661937,-0.636234,2.024599
19.142956,0.308404,0.055488,0.220859,0.664815,-0.631802,2.026944
19.146424,0.308626,0.055477,0.220989,0.670326,-0.628512,2.031188
19.149703,0.308842,0.055604,0.220938,0.700493,-0.641230,2.033025
19.152924,0.309058,0.055741,0.220892,0.707206,-0.640786,2.036054
19.156198,0.309318,0.055863,0.220864,0.709798,-0.639007,2.038966
19.159879,0.309532,0.055928,0.220857,0.711200,-0.638445,2.041204
19.163594,0.309679,0.056232,0.220597,0.723332,-0.643929,2.040004
19.166801,0.309787,0.056535,0.220426,0.731607,-0.651123,2.039008
19.169964,0.309947,0.056817,0.220260,0.738631,-0.657923,2.038761
19.173185,0.310061,0.057112,0.220080,0.746345,-0.667876,2.037759
19.176589,0.310273,0.057344,0.219923,0.755000,-0.675644,2.037470
19.179691,0.310556,0.057239,0.220087,0.749205,-0.675468,2.039548
19.183073,0.311045,0.056896,0.220471,0.733533,-0.669613,2.042682
19.186574,0.311479,0.056545,0.220836,0.718860,-0.663791,2.045489
19.189956,0.311940,0.056150,0.221234,0.706136,-0.656823,2.047676
19.193067,0.312291,0.055812,0.221609,0.690605,-0.649846,2.048924
19.196674,0.312486,0.055451,0.221920,0.685660,-0.643718,2.051207
19.206635,0.312666,0.055302,0.222101,0.689735,-0.635705,2.052811
19.222553,0.312862,0.055145,0.222288,0.696432,-0.630107,2.053970
19.231318,0.313089,0.055043,0.222460,0.703100,-0.621702,2.055796
19.243192,0.313380,0.055045,0.222601,0.712294,-0.619179,2.057235
19.250981,0.313738,0.055168,0.222657,0.715213,-0.616115,2.057820
19.261596,0.313915,0.055333,0.222604,0.720661,-0.619570,2.057901
19.264309,0.314043,0.055544,0.222533,0.724285,-0.619025,2.058451
19.289335,0.314088,0.055754,0.222433,0.725988,-0.619964,2.059804
19.308944,0.313913,0.055799,0.222369,0.725304,-0.617062,2.060033
19.310076,0.313682,0.055772,0.222361,0.725283,-0.616480,2.059465
19.319636,0.313415,0.055747,0.222332,0.722947,-0.611586,2.060062
19.321918,0.313173,0.055775,0.222261,0.722746,-0.612381,2.059471
19.329508,0.312941,0.055800,0.222192,0.722796,-0.611637,2.058859
19.339252,0.312866,0.055888,0.222112,0.724411,-0.612038,2.059128
19.342530,0.312764,0.056034,0.222006,0.726947,-0.610794,2.059198
19.345508,0.312645,0.056136,0.221919,0.731283,-0.611172,2.058681
19.348732,0.312573,0.056157,0.221903,0.734058,-0.607115,2.059008
19.352421,0.312481,0.056192,0.221884,0.735555,-0.605085,2.058818
19.355390,0.312415,0.056241,0.221830,0.738680,-0.601776,2.058714
19.359872,0.312378,0.056250,0.221817,0.740619,-0.596844,2.059432
19.363394,0.312311,0.056258,0.221805,0.740513,-0.592115,2.059783
19.366584,0.312242,0.056246,0.221805,0.743037,-0.588784,2.059376
19.369126,0.312150,0.056220,0.221808,0.743427,-0.583101,2.058930
19.372319,0.312019,0.056162,0.221835,0.745160,-0.580695,2.058611
19.375762,0.311900,0.056159,0.221809,0.745495,-0.579182,2.057880
19.379498,0.311821,0.056177,0.221737,0.749021,-0.579709,2.057070
19.382930,0.311717,0.056241,0.221609,0.748004,-0.580420,2.057165
19.386123,0.311618,0.056280,0.221456,0.750943,-0.583093,2.057078
19.389153,0.311505,0.056317,0.221311,0.750313,-0.584124,2.057322
19.394522,0.311321,0.056336,0.221140,0.751141,-0.586052,2.055883
19.396394,0.311110,0.056312,0.220987,0.749832,-0.586706,2.055622
19.399687,0.310841,0.056324,0.220772,0.751105,-0.588401,2.053979
19.402869,0.310578,0.056326,0.220595,0.754102,-0.590987,2.053550
19.406029,0.310342,0.056262,0.220384,0.755674,-0.591835,2.052629
19.409270,0.310130,0.056123,0.220200,0.751168,-0.592127,2.052852
19.412568,0.309922,0.055961,0.220076,0.751109,-0.592443,2.052813
19.416362,0.309762,0.055740,0.220044,0.748162,-0.590298,2.054351
19.419043,0.309651,0.055542,0.220003,0.741362,-0.588485,2.055162
19.422364,0.309513,0.055427,0.219991,0.738344,-0.589881,2.055889
19.425847,0.309443,0.055401,0.219962,0.740001,-0.591533,2.056306
19.429193,0.309422,0.055378,0.219950,0.738665,-0.595024,2.056842
19.432775,0.309383,0.055344,0.219986,0.737758,-0.596821,2.057341
19.435491,0.309195,0.055334,0.219972,0.738259,-0.600084,2.055446
19.438882,0.309032,0.055323,0.219956,0.736672,-0.602951,2.053835
19.442631,0.308797,0.055309,0.219921,0.737769,-0.605174,2.052250
19.445605,0.308538,0.055351,0.219795,0.739251,-0.606689,2.050371
19.448838,0.308250,0.055335,0.219572,0.741278,-0.608680,2.047528
19.452284,0.308083,0.055265,0.219376,0.741603,-0.606815,2.046600
19.455560,0.307924,0.055204,0.219177,0.744455,-0.604272,2.046119
19.458821,0.307822,0.055131,0.219016,0.744396,-0.603345,2.046472
19.462775,0.307717,0.055070,0.218843,0.747712,-0.602058,2.045409
19.466075,0.307609,0.055099,0.218706,0.750641,-0.602926,2.045331
19.469033,0.307526,0.055125,0.218579,0.755357,-0.602704,2.045634
19.472322,0.307417,0.055145,0.218472,0.758698,-0.600545,2.045630
19.475863,0.307251,0.055125,0.218329,0.762113,-0.597862,2.045795
19.478812,0.307105,0.055040,0.218251,0.763019,-0.592263,2.046826
19.482846,0.306958,0.054972,0.218116,0.765392,-0.587815,2.046636
19.486066,0.306814,0.054924,0.217991,0.766615,-0.585635,2.046605
19.489124,0.306703,0.054874,0.217861,0.767061,-0.584463,2.046732
19.492479,0.306650,0.054837,0.217756,0.768269,-0.585708,2.045982
19.496561,0.306569,0.054870,0.217670,0.770365,-0.587558,2.044738
19.499461,0.306482,0.054898,0.217619,0.770291,-0.590686,2.043768
19.503191,0.306342,0.055008,0.217477,0.774173,-0.595009,2.041269
19.506046,0.306198,0.055119,0.217334,0.778239,-0.600232,2.038905
19.509907,0.306048,0.055215,0.217198,0.781091,-0.602459,2.037325
19.512798,0.305922,0.055199,0.217029,0.785255,-0.602703,2.036642
19.515748,0.305854,0.054985,0.217033,0.785822,-0.597350,2.038414
19.518795,0.305851,0.054683,0.217182,0.783409,-0.591926,2.041337
19.522861,0.305837,0.054398,0.217283,0.779712,-0.587006,2.044257
19.526724,0.305866,0.054093,0.217430,0.776967,-0.587035,2.045270
19.537194,0.305999,0.053831,0.217604,0.768294,-0.587941,2.048265
19.549644,0.306123,0.053718,0.217648,0.763284,-0.592738,2.049223
19.563549,0.306042,0.053618,0.217541,0.760899,-0.593019,2.049740
19.569935,0.305929,0.053520,0.217412,0.760704,-0.594241,2.049432
19.576741,0.305758,0.053494,0.217224,0.759885,-0.591506,2.050392
19.579551,0.305462,0.053416,0.216995,0.762873,-0.588752,2.049854
19.588470,0.305174,0.053361,0.216758,0.767298,-0.584630,2.049545
19.590782,0.305052,0.053223,0.216658,0.769019,-0.582442,2.050231
19.592699,0.304967,0.053051,0.216635,0.769998,-0.578651,2.051355
19.602145,0.304899,0.052833,0.216661,0.769224,-0.576027,2.052295
19.604559,0.304826,0.052612,0.216794,0.767921,-0.576308,2.051877
19.630985,0.304764,0.052340,0.216945,0.765996,-0.576400,2.051498
19.642035,0.304702,0.052164,0.217057,0.760125,-0.580973,2.049531
19.645553,0.304575,0.051978,0.217228,0.754627,-0.586343,2.046913
19.656979,0.304384,0.051705,0.217327,0.749511,-0.588436,2.043979
19.661437,0.304045,0.051554,0.217306,0.751971,-0.585463,2.042864
19.672559,0.303656,0.051394,0.217239,0.748114,-0.590614,2.039085
19.682101,0.303303,0.051270,0.217186,0.746645,-0.590837,2.036419
19.691109,0.303022,0.051170,0.217066,0.744487,-0.590233,2.035359
19.694643,0.302808,0.051191,0.216987,0.744500,-0.591976,2.035020
19.698128,0.302738,0.051126,0.216924,0.735760,-0.597979,2.032004
19.701621,0.302688,0.051110,0.216907,0.733778,-0.596805,2.031289
19.704932,0.302615,0.051042,0.216917,0.733317,-0.596065,2.031165
19.708302,0.302543,0.050979,0.216929,0.732154,-0.595644,2.030157
19.711641,0.302478,0.050927,0.216916,0.730498,-0.594810,2.028941
19.714895,0.302410,0.050945,0.216914,0.730406,-0.593568,2.029580
19.718199,0.302361,0.050976,0.216892,0.730407,-0.594163,2.029201
19.721594,0.302324,0.050995,0.216875,0.730073,-0.595142,2.028530
19.725171,0.302282,0.050991,0.216856,0.730589,-0.594288,2.028802
19.727825,0.302273,0.050981,0.216881,0.729216,-0.593055,2.028893
19.731226,0.302315,0.050983,0.216930,0.729018,-0.594728,2.028334
19.734927,0.302351,0.050996,0.216970,0.729614,-0.593564,2.029091
19.738569,0.302379,0.051044,0.216957,0.730757,-0.593831,2.029557
19.742131,0.302403,0.051125,0.216947,0.732070,-0.596501,2.028400
19.746001,0.302382,0.051206,0.216915,0.734376,-0.598403,2.027869
19.747693,0.302354,0.051288,0.216908,0.735008,-0.599349,2.027439
19.752162,0.302348,0.051382,0.216883,0.735183,-0.601235,2.026761
19.758447,0.302358,0.051470,0.216873,0.735360,-0.602253,2.026951
19.761138,0.302378,0.051543,0.216861,0.733809,-0.603507,2.027194
19.764673,0.302402,0.051582,0.216870,0.734318,-0.603807,2.027569
19.767949,0.302405,0.051584,0.216855,0.733792,-0.603555,2.027882
19.771127,0.302336,0.051598,0.216854,0.735143,-0.602411,2.028864
19.774602,0.302258,0.051614,0.216840,0.736492,-0.601275,2.028994
19.777930,0.302186,0.051660,0.216814,0.738208,-0.598754,2.029270
19.782167,0.302110,0.051736,0.216767,0.740292,-0.598920,2.029572
19.785002,0.302044,0.051803,0.216736,0.742114,-0.598486,2.030225
19.788105,0.302090,0.051835,0.216740,0.740275,-0.598367,2.030129
19.791697,0.302132,0.051828,0.216740,0.737543,-0.600700,2.030491
19.794744,0.302172,0.051815,0.216763,0.738762,-0.602145,2.029803
19.798419,0.302194,0.051808,0.216775,0.735470,-0.601382,2.030901
19.801371,0.302212,0.051814,0.216810,0.732347,-0.604001,2.030364
19.804827,0.302177,0.051822,0.216824,0.732069,-0.604860,2.030467
19.807611,0.302129,0.051857,0.216868,0.728809,-0.604114,2.029945
19.810998,0.302079,0.051876,0.216905,0.725232,-0.605378,2.030961
19.814562,0.302056,0.051909,0.216903,0.723362,-0.609346,2.029405
19.817949,0.302043,0.051929,0.216860,0.723608,-0.609137,2.029274
19.821888,0.302036,0.051951,0.216812,0.721603,-0.610583,2.028584
19.825150,0.302094,0.051940,0.216755,0.725438,-0.612068,2.029907
19.827691,0.302144,0.051949,0.216745,0.724677,-0.609672,2.030424
19.831290,0.302084,0.051919,0.216797,0.726971,-0.608467,2.030446
19.834922,0.302023,0.051895,0.216857,0.728615,-0.607375,2.030847
19.837716,0.301982,0.051862,0.216928,0.728344,-0.605125,2.031895
19.840985,0.301913,0.051884,0.216983,0.729028,-0.604105,2.031271
19.844486,0.301852,0.051881,0.216988,0.731465,-0.606149,2.031229
19.847759,0.301906,0.051906,0.216971,0.731670,-0.604660,2.032629
19.851754,0.301972,0.051929,0.216956,0.731595,-0.604354,2.033088
19.854530,0.302019,0.051969,0.216925,0.733824,-0.606623,2.032828
19.857893,0.302070,0.051992,0.216919,0.732718,-0.607331,2.032669
19.861088,0.302139,0.052025,0.216924,0.731825,-0.608400,2.032314
19.864722,0.302202,0.052051,0.216945,0.732501,-0.609510,2.031833
19.868216,0.302314,0.052064,0.216985,0.730766,-0.611317,2.031589
19.871634,0.302528,0.052098,0.217090,0.729961,-0.610526,2.033475
19.880235,0.302732,0.052150,0.217143,0.730173,-0.610745,2.034306
19.885929,0.302896,0.052194,0.217172,0.729738,-0.611745,2.034323
19.890950,0.303069,0.052240,0.217175,0.728331,-0.613828,2.033639
19.912810,0.303252,0.052335,0.217196,0.728505,-0.613613,2.033962
19.914356,0.303352,0.052429,0.217155,0.726884,-0.614419,2.032304
19.923671,0.303454,0.052537,0.217122,0.725356,-0.614375,2.031822
19.928607,0.303586,0.052717,0.217136,0.727605,-0.613476,2.032860
19.931350,0.303668,0.052904,0.217158,0.727567,-0.609409,2.035093
19.940584,0.303666,0.053139,0.217194,0.729493,-0.608085,2.036390
19.950887,0.303656,0.053556,0.217329,0.732760,-0.605353,2.039563
19.979064,0.303615,0.053952,0.217496,0.735417,-0.599708,2.042231
19.997282,0.303597,0.054378,0.217606,0.733147,-0.595479,2.044440
20.008065,0.303590,0.054796,0.217719,0.735450,-0.593530,2.045809
20.017128,0.303527,0.055106,0.217845,0.733241,-0.588994,2.048490
20.026242,0.303449,0.055201,0.217876,0.730417,-0.586539,2.049024
20.029531,0.303330,0.055304,0.217817,0.727186,-0.586410,2.048733
20.032784,0.303193,0.055323,0.217733,0.724465,-0.585429,2.048057
20.036160,0.303006,0.055450,0.217531,0.720512,-0.586070,2.046312
20.040205,0.302887,0.055612,0.217255,0.719239,-0.587477,2.044074
20.043023,0.302707,0.055796,0.216950,0.719361,-0.588124,2.041814
20.046009,0.302523,0.055986,0.216640,0.721025,-0.587967,2.040464
20.049525,0.302320,0.056161,0.216366,0.723183,-0.587474,2.039365
20.052804,0.302217,0.056259,0.216193,0.725769,-0.583800,2.040552
20.056283,0.302118,0.056402,0.215978,0.728682,-0.582333,2.040430
20.059643,0.302067,0.056569,0.215722,0.729441,-0.583602,2.039533
20.063399,0.302108,0.056800,0.215521,0.730237,-0.585428,2.039766
20.066329,0.302184,0.057024,0.215324,0.730286,-0.587643,2.039981
20.069714,0.302241,0.057209,0.215151,0.728922,-0.590358,2.039398
20.072757,0.302294,0.057359,0.215040,0.728592,-0.590774,2.039272
20.076221,0.302440,0.057449,0.215076,0.727026,-0.591049,2.039927
20.079444,0.302552,0.057460,0.215156,0.722197,-0.593842,2.039074
20.082793,0.302675,0.057560,0.215114,0.722797,-0.593858,2.038325
20.086577,0.302796,0.057649,0.215067,0.721025,-0.599016,2.036785
20.090120,0.302890,0.057693,0.215073,0.717043,-0.602302,2.036240
20.092936,0.302902,0.057751,0.215007,0.716408,-0.602490,2.035723
20.096674,0.302915,0.057831,0.214951,0.718163,-0.602405,2.035407
20.100051,0.302911,0.057791,0.215086,0.715210,-0.607954,2.034036
20.103370,0.302888,0.057740,0.215216,0.712811,-0.604574,2.034583
20.106647,0.302902,0.057707,0.215298,0.712024,-0.605253,2.034229
20.110174,0.302909,0.057707,0.215372,0.709815,-0.608458,2.033951
20.112828,0.302964,0.057659,0.215458,0.709081,-0.611914,2.032246
20.116534,0.302959,0.057597,0.215486,0.707466,-0.608723,2.032831
20.119915,0.302975,0.057557,0.215525,0.708543,-0.610348,2.031894
20.123073,0.302924,0.057604,0.215446,0.712242,-0.610712,2.030453
20.126676,0.302883,0.057620,0.215370,0.719496,-0.611749,2.029642
20.129563,0.302835,0.057635,0.215359,0.720017,-0.607027,2.031032
20.133276,0.302859,0.057596,0.215386,0.725142,-0.607656,2.031319
20.136328,0.302873,0.057650,0.215380,0.727967,-0.603128,2.032916
20.139504,0.302977,0.057633,0.215483,0.728742,-0.605084,2.033861
20.143574,0.303085,0.057624,0.215586,0.726100,-0.604923,2.034757
20.146380,0.303148,0.057635,0.215598,0.727787,-0.609515,2.034944
20.149575,0.303176,0.057747,0.215569,0.726198,-0.612113,2.034731
20.153016,0.303207,0.057756,0.215589,0.725173,-0.621210,2.032850
20.156276,0.303210,0.057741,0.215625,0.723139,-0.623472,2.032168
20.159549,0.303206,0.057683,0.215647,0.719621,-0.623374,2.031330
20.162762,0.303240,0.057547,0.215692,0.720443,-0.623088,2.030981
20.166114,0.303267,0.057386,0.215754,0.717788,-0.620862,2.031064
20.169348,0.303301,0.057224,0.215828,0.721150,-0.615694,2.032640
20.173187,0.303326,0.057076,0.215881,0.724808,-0.611388,2.034144
20.176759,0.303385,0.056932,0.215989,0.730344,-0.607763,2.035993
20.179684,0.303422,0.056839,0.216081,0.731912,-0.603179,2.037803
20.188828,0.303533,0.056718,0.216171,0.736438,-0.599970,2.039719
20.190020,0.303746,0.056501,0.216230,0.731262,-0.597856,2.039673
20.211052,0.304061,0.056280,0.216270,0.727494,-0.595550,2.039019
20.222060,0.304343,0.056214,0.216213,0.724470,-0.595990,2.038689
20.229949,0.304649,0.056192,0.216103,0.724784,-0.598365,2.038076
20.232439,0.304883,0.056298,0.215986,0.722102,-0.599041,2.036744
20.244509,0.305061,0.056616,0.215750,0.728500,-0.600607,2.038061
20.273020,0.305166,0.057028,0.215477,0.731449,-0.604788,2.039155
20.287738,0.305301,0.057397,0.215209,0.736299,-0.609566,2.039328
20.295777,0.305420,0.057799,0.214884,0.738112,-0.608166,2.041546
20.310272,0.305534,0.058110,0.214573,0.742306,-0.611152,2.043989
20.322535,0.305587,0.058365,0.214358,0.741941,-0.612524,2.044452
20.332431,0.305612,0.058526,0.214191,0.743444,-0.611612,2.045768
20.335851,0.305612,0.058612,0.214080,0.742551,-0.608110,2.047709
20.338944,0.305591,0.058653,0.214061,0.740182,-0.608974,2.048050
20.342777,0.305613,0.058863,0.214021,0.740124,-0.609106,2.048302
20.345757,0.305662,0.059037,0.213980,0.740109,-0.611574,2.048937
20.349464,0.305658,0.059202,0.213917,0.740913,-0.612021,2.049685
20.352062,0.305631,0.059371,0.213836,0.742433,-0.613067,2.049809
20.355948,0.305601,0.059581,0.213714,0.746396,-0.614889,2.049162
20.359344,0.305522,0.059640,0.213586,0.749331,-0.615135,2.048756
20.362310,0.305434,0.059681,0.213483,0.750488,-0.613776,2.048477
20.366101,0.305393,0.059731,0.213419,0.750930,-0.613174,2.048322
20.368855,0.305363,0.059836,0.213367,0.749432,-0.613162,2.048449
20.372288,0.305404,0.059884,0.213389,0.747947,-0.613357,2.048587
20.376211,0.305438,0.059934,0.213409,0.745036,-0.613248,2.049493
20.378911,0.305467,0.059946,0.213411,0.741856,-0.611512,2.049589
20.382734,0.305503,0.059932,0.213369,0.739340,-0.611138,2.049000
20.386434,0.305570,0.059888,0.213354,0.738354,-0.608916,2.048754
20.389738,0.305572,0.059807,0.213349,0.735245,-0.606165,2.049191
20.393327,0.305596,0.059725,0.213352,0.733269,-0.602418,2.049158
20.396136,0.305592,0.059695,0.213365,0.733000,-0.600967,2.049651
20.399251,0.305595,0.059747,0.213397,0.731814,-0.600117,2.050018
20.402816,0.305585,0.059763,0.213407,0.731780,-0.602132,2.050077
20.408772,0.305563,0.059846,0.213369,0.731313,-0.601423,2.050140
20.412483,0.305552,0.059890,0.213362,0.733290,-0.603428,2.049672
20.416093,0.305577,0.059913,0.213361,0.732647,-0.604276,2.049034
20.419447,0.305583,0.059867,0.213394,0.732316,-0.602934,2.049068
20.422099,0.305592,0.059821,0.213428,0.730730,-0.599199,2.049256
20.425962,0.305623,0.059781,0.213453,0.730423,-0.599395,2.048819
20.429564,0.305648,0.059786,0.213439,0.728553,-0.597662,2.048720
20.432924,0.305670,0.059830,0.213384,0.729101,-0.598693,2.048385
20.436268,0.305698,0.059924,0.213322,0.732099,-0.601659,2.048136
20.439404,0.305709,0.060022,0.213280,0.734924,-0.604750,2.047800
20.442619,0.305727,0.060079,0.213290,0.737286,-0.605937,2.048263
20.446233,0.305750,0.060122,0.213311,0.739161,-0.606899,2.048709
20.449515,0.305768,0.060138,0.213376,0.740801,-0.606254,2.049892
20.452562,0.305822,0.060091,0.213441,0.741405,-0.604986,2.050803
20.455795,0.305891,0.060032,0.213484,0.740380,-0.603415,2.051924
20.458914,0.305945,0.059972,0.213505,0.740432,-0.601534,2.052674
20.462595,0.306013,0.059903,0.213538,0.739511,-0.600476,2.053667
20.465688,0.306087,0.059827,0.213584,0.739612,-0.599387,2.054320
20.468925,0.306164,0.059778,0.213621,0.737784,-0.596908,2.055389
20.472357,0.306232,0.059733,0.213654,0.737476,-0.596100,2.056134
20.475881,0.306279,0.059686,0.213673,0.737666,-0.594362,2.057050
20.478933,0.306254,0.059648,0.213639,0.738293,-0.593357,2.057316
20.482078,0.306274,0.059601,0.213580,0.739347,-0.590163,2.057999
20.486042,0.306222,0.059533,0.213482,0.739447,-0.590417,2.057906
20.489307,0.306174,0.059463,0.213364,0.741003,-0.588257,2.057856
20.492331,0.306138,0.059398,0.213253,0.741118,-0.586827,2.057700
20.496176,0.306147,0.059338,0.213173,0.741832,-0.584790,2.057615
20.499083,0.306123,0.059260,0.213119,0.741906,-0.585277,2.057029
20.502789,0.306112,0.059211,0.213103,0.742652,-0.582581,2.057069
20.505567,0.306093,0.059154,0.213105,0.742920,-0.581104,2.056861
20.509046,0.306073,0.059103,0.213117,0.744712,-0.579584,2.056550
20.512094,0.306062,0.059059,0.213136,0.747357,-0.577202,2.056963
20.515574,0.306065,0.059039,0.213154,0.747388,-0.579951,2.055877
20.521384,0.306096,0.059004,0.213166,0.748359,-0.579846,2.054647
20.526881,0.306199,0.058959,0.213206,0.748207,-0.579536,2.054322
20.548687,0.306346,0.058783,0.213355,0.744414,-0.578329,2.054205
20.550251,0.306486,0.058601,0.213499,0.739089,-0.578543,2.053793
20.560226,0.306605,0.058471,0.213557,0.737994,-0.573547,2.055056
20.562706,0.306692,0.058376,0.213613,0.737200,-0.572249,2.055637
20.565880,0.306730,0.058358,0.213566,0.736130,-0.573599,2.055001
20.573811,0.306727,0.058479,0.213407,0.740939,-0.576327,2.054019
20.576262,0.306719,0.058606,0.213235,0.742231,-0.577699,2.052721
20.585922,0.306692,0.058597,0.213099,0.744369,-0.579678,2.050858
20.613749,0.306697,0.058561,0.212956,0.745803,-0.580640,2.049732
20.624775,0.306677,0.058459,0.212894,0.745800,-0.580911,2.048973
20.627932,0.306597,0.058285,0.212803,0.745061,-0.576952,2.049269
20.631722,0.306521,0.058103,0.212724,0.748497,-0.573560,2.049646
20.637161,0.306465,0.058022,0.212664,0.750323,-0.570031,2.050351
20.638976,0.306406,0.057961,0.212597,0.752116,-0.566825,2.051347
20.643795,0.306373,0.057926,0.212502,0.754947,-0.565550,2.051772
20.655427,0.306405,0.057944,0.212393,0.754867,-0.568002,2.051507
20.657568,0.306462,0.057926,0.212278,0.757232,-0.569065,2.050876
20.667412,0.306510,0.057889,0.212180,0.757812,-0.569878,2.050802
20.670522,0.306615,0.057472,0.212495,0.764182,-0.559652,2.054001
20.673393,0.306737,0.057035,0.212846,0.762400,-0.552230,2.056047
20.680967,0.306897,0.056659,0.213129,0.762911,-0.548035,2.057480
20.684407,0.307012,0.056254,0.213381,0.769585,-0.539154,2.058578
20.687325,0.307040,0.055748,0.213833,0.771578,-0.527254,2.061542
20.690274,0.307025,0.055604,0.213897,0.769068,-0.525887,2.061284
20.693958,0.307077,0.055651,0.213811,0.766645,-0.530465,2.060099
20.697273,0.307107,0.055646,0.213842,0.762318,-0.532548,2.059150
20.699917,0.307158,0.055705,0.213909,0.748644,-0.540514,2.059018
20.703492,0.307331,0.055907,0.213757,0.741061,-0.552772,2.056190
20.706547,0.307491,0.056111,0.213600,0.731338,-0.566436,2.052975
20.710546,0.307543,0.056104,0.213569,0.731472,-0.566729,2.053258
20.713219,0.307593,0.056081,0.213561,0.731700,-0.568186,2.052983
20.716749,0.307623,0.056012,0.213580,0.735034,-0.565802,2.053808
20.720657,0.307620,0.055913,0.213623,0.737548,-0.561652,2.055318
20.723545,0.307615,0.055818,0.213659,0.740558,-0.558611,2.055956
20.726866,0.307611,0.055789,0.213657,0.744327,-0.554708,2.056859
20.731551,0.307545,0.055866,0.213500,0.750407,-0.552162,2.057645
20.734102,0.307504,0.056005,0.213313,0.755117,-0.554151,2.056537
20.736973,0.307465,0.056156,0.213106,0.759660,-0.555551,2.056204
20.740160,0.307439,0.056365,0.212923,0.764774,-0.558459,2.055855
20.743488,0.307415,0.056539,0.212791,0.769366,-0.563988,2.054483
20.747556,0.307466,0.056591,0.212822,0.768548,-0.566406,2.054793
20.750284,0.307512,0.056628,0.212854,0.767615,-0.568130,2.055674
20.753633,0.307556,0.056652,0.212908,0.766836,-0.572789,2.054698
20.756819,0.307585,0.056611,0.212957,0.765504,-0.572398,2.055291
20.760569,0.307614,0.056570,0.213005,0.763774,-0.571525,2.055887
20.763597,0.307602,0.056586,0.212961,0.762629,-0.576003,2.054596
20.766850,0.307590,0.056601,0.212917,0.763017,-0.576794,2.053750
20.770314,0.307604,0.056538,0.212932,0.762750,-0.573091,2.054946
20.773740,0.307646,0.056471,0.212947,0.762390,-0.572879,2.054679
20.776765,0.307694,0.056402,0.212963,0.761268,-0.572059,2.055315
20.780205,0.307751,0.056314,0.213035,0.762815,-0.566401,2.057017
20.783325,0.307808,0.056222,0.213109,0.762571,-0.564939,2.058197
20.787260,0.307834,0.056206,0.213116,0.761796,-0.565094,2.058558
20.790747,0.307835,0.056199,0.213111,0.762672,-0.563697,2.059568
20.794030,0.307831,0.056202,0.213108,0.765068,-0.564404,2.059235
20.796932,0.307819,0.056205,0.213104,0.765044,-0.564513,2.059380
20.800649,0.307805,0.056193,0.213095,0.764498,-0.563586,2.059685
20.804159,0.307790,0.056174,0.213100,0.764639,-0.563793,2.059394
20.807576,0.307778,0.056109,0.213124,0.763547,-0.563037,2.059389
20.810710,0.307765,0.056037,0.213144,0.759972,-0.561023,2.060081
20.813652,0.307757,0.055946,0.213197,0.759277,-0.563199,2.059175
20.817416,0.307736,0.055838,0.213236,0.757393,-0.563156,2.058894
20.820735,0.307721,0.055711,0.213283,0.755258,-0.562973,2.058481
20.824517,0.307687,0.055599,0.213351,0.751881,-0.563028,2.058199
20.827047,0.307653,0.055483,0.213418,0.749511,-0.564270,2.057748
20.830853,0.307596,0.055403,0.213423,0.746422,-0.563719,2.057457
20.833825,0.307556,0.055359,0.213446,0.743976,-0.564914,2.057274
20.836904,0.307501,0.055299,0.213461,0.741621,-0.565018,2.057188
20.840714,0.307452,0.055273,0.213432,0.740659,-0.566015,2.056891
20.843801,0.307363,0.055246,0.213385,0.742726,-0.566079,2.055937
20.846925,0.307299,0.055196,0.213364,0.742387,-0.564396,2.056062
20.850780,0.307234,0.055145,0.213343,0.742016,-0.563860,2.055761
20.853728,0.307150,0.055147,0.213304,0.741164,-0.565370,2.054920
20.857186,0.307086,0.055161,0.213191,0.742075,-0.562272,2.055594
20.861092,0.307001,0.055199,0.213050,0.742071,-0.560037,2.056504
20.867074,0.306915,0.055243,0.212914,0.744494,-0.558525,2.057024
20.872186,0.306944,0.054922,0.212964,0.743105,-0.553795,2.058574
20.971596,0.307005,0.054592,0.213026,0.744842,-0.550470,2.060493
20.986027,0.306994,0.054263,0.213146,0.748257,-0.553786,2.060209
20.993917,0.307055,0.054023,0.213134,0.747310,-0.550734,2.061572
20.996520,0.307118,0.053673,0.213243,0.750739,-0.549195,2.062212
21.000782,0.307066,0.053686,0.213166,0.754478,-0.549736,2.062485
21.004292,0.307015,0.053700,0.213089,0.753959,-0.546354,2.063471
21.011172,0.306968,0.053820,0.212933,0.753543,-0.542422,2.064250
21.015002,0.306932,0.053866,0.212923,0.755250,-0.545080,2.063513
21.026269,0.306953,0.054012,0.212813,0.752667,-0.551502,2.064787
21.027936,0.306999,0.054263,0.212712,0.751787,-0.551451,2.064471
21.042607,0.306983,0.054516,0.212623,0.754223,-0.557315,2.062743
21.068231,0.307008,0.054651,0.212626,0.751963,-0.562272,2.061394
21.070605,0.307030,0.054745,0.212665,0.751431,-0.562332,2.060944
21.081393,0.307001,0.054810,0.212672,0.749241,-0.559887,2.058861
21.084973,0.306946,0.054770,0.212671,0.749079,-0.563732,2.057699
21.094723,0.306984,0.054648,0.212647,0.748736,-0.559888,2.058472
21.103873,0.306990,0.054539,0.212607,0.749239,-0.553936,2.059851
21.107215,0.306981,0.054418,0.212558,0.749662,-0.552304,2.060209
21.117094,0.306967,0.054353,0.212528,0.751711,-0.547284,2.060677
21.119864,0.306971,0.054284,0.212500,0.753950,-0.543973,2.061011
21.123104,0.306980,0.054359,0.212456,0.755181,-0.544968,2.060230
21.126840,0.307075,0.054407,0.212444,0.757041,-0.547256,2.059662
21.129673,0.307235,0.054419,0.212565,0.752648,-0.548882,2.059858
21.132911,0.307397,0.054416,0.212682,0.750031,-0.549822,2.060301
21.136524,0.307541,0.054418,0.212794,0.747217,-0.551178,2.060539
21.139966,0.307672,0.054326,0.212954,0.743482,-0.551929,2.060376
21.143342,0.307769,0.054227,0.213097,0.739097,-0.552387,2.059575
21.146562,0.307796,0.054173,0.213119,0.739512,-0.553337,2.058671
21.149600,0.307831,0.054103,0.213138,0.738301,-0.554280,2.057888
21.152788,0.307882,0.054027,0.213166,0.736888,-0.554397,2.057220
21.156230,0.307908,0.053979,0.213177,0.737254,-0.553097,2.057491
21.159482,0.307925,0.053955,0.213196,0.738331,-0.552040,2.057696
21.163503,0.307943,0.053933,0.213203,0.738857,-0.551633,2.057306
21.166579,0.307948,0.053952,0.213215,0.740852,-0.551680,2.057081
21.169734,0.307936,0.053953,0.213250,0.742747,-0.554000,2.056169
21.173548,0.307940,0.053947,0.213296,0.742496,-0.553701,2.055658
21.179986,0.307953,0.053933,0.213341,0.741031,-0.555016,2.054848
21.183059,0.307968,0.053929,0.213386,0.740556,-0.554650,2.054781
21.186326,0.307985,0.053902,0.213428,0.738363,-0.554756,2.054538
21.189405,0.308014,0.053904,0.213426,0.736469,-0.551478,2.055130
21.192969,0.308045,0.053919,0.213432,0.737937,-0.554177,2.054863
21.196101,0.308068,0.053952,0.213402,0.738319,-0.553214,2.055290
21.200018,0.308060,0.053962,0.213395,0.738700,-0.552881,2.055113
21.202682,0.308053,0.053975,0.213379,0.738623,-0.552233,2.055152
21.206448,0.308037,0.053985,0.213378,0.739154,-0.551328,2.055525
21.209409,0.308012,0.054030,0.213297,0.740649,-0.549258,2.055836
21.212517,0.307972,0.054063,0.213244,0.741091,-0.548692,2.056388
21.215951,0.307968,0.054099,0.213187,0.741281,-0.547812,2.056847
21.219279,0.307949,0.054136,0.213133,0.741426,-0.546911,2.057148
21.223018,0.307934,0.054173,0.213111,0.740858,-0.551782,2.056226
21.226285,0.307923,0.054168,0.213151,0.736972,-0.551739,2.056428
21.230287,0.307933,0.054157,0.213197,0.737277,-0.551769,2.056233
21.233181,0.307923,0.054179,0.213224,0.738545,-0.549725,2.057578
21.236697,0.307920,0.054202,0.213253,0.737370,-0.553173,2.056549
21.239908,0.307934,0.054279,0.213206,0.738671,-0.549252,2.057049
21.242969,0.307926,0.054377,0.213127,0.738276,-0.552892,2.055604
21.246515,0.307864,0.054495,0.213028,0.738769,-0.553850,2.055321
21.249386,0.307797,0.054603,0.212922,0.740409,-0.555056,2.054474
21.252957,0.307687,0.054798,0.212731,0.746946,-0.551541,2.055645
21.256318,0.307553,0.054938,0.212585,0.751953,-0.550033,2.056201
21.259573,0.307482,0.055048,0.212475,0.754981,-0.546316,2.057593
21.263042,0.307487,0.055191,0.212417,0.758165,-0.547242,2.057053
21.266342,0.307511,0.055332,0.212373,0.758123,-0.550956,2.055788
21.269351,0.307587,0.055383,0.212409,0.756045,-0.553518,2.055408
21.273125,0.307686,0.055419,0.212469,0.755431,-0.554835,2.055165
21.276011,0.307727,0.055493,0.212462,0.755518,-0.553168,2.055573
21.279634,0.307750,0.055496,0.212525,0.750273,-0.554422,2.056052
21.289153,0.307780,0.055555,0.212485,0.744572,-0.553682,2.056796
21.311718,0.307799,0.055673,0.212419,0.741177,-0.554749,2.056022
21.323426,0.307795,0.055806,0.212328,0.734232,-0.559793,2.054495
21.332974,0.307888,0.055808,0.212430,0.726656,-0.564673,2.053145
21.334199,0.307978,0.055829,0.212430,0.722878,-0.563520,2.053056
21.343513,0.308022,0.055884,0.212381,0.723017,-0.565479,2.052267
21.372698,0.308075,0.055879,0.212365,0.721418,-0.566070,2.051903
21.379769,0.308134,0.055782,0.212456,0.719312,-0.563556,2.052814
21.387803,0.308147,0.055748,0.212420,0.723871,-0.560528,2.053467
21.391819,0.308144,0.055663,0.212439,0.726042,-0.558417,2.053890
21.398896,0.308196,0.055474,0.212610,0.723157,-0.556390,2.054925
21.401181,0.308299,0.055273,0.212796,0.721464,-0.554842,2.056110
21.404376,0.308322,0.055072,0.212842,0.723889,-0.549459,2.057549
21.414135,0.308279,0.054866,0.212856,0.724218,-0.546456,2.057338
21.426996,0.308229,0.054688,0.212797,0.731010,-0.545487,2.056769
21.435833,0.308135,0.054479,0.212717,0.737374,-0.539792,2.056487
21.439773,0.307990,0.054284,0.212621,0.740952,-0.535350,2.055948
21.443168,0.307915,0.054152,0.212545,0.745568,-0.539142,2.053808
21.446656,0.307899,0.053977,0.212505,0.745685,-0.539387,2.053804
21.450018,0.307906,0.053826,0.212485,0.740336,-0.539760,2.053763
21.453317,0.307835,0.053739,0.212449,0.741150,-0.545227,2.051897
21.456486,0.307713,0.053592,0.212375,0.741076,-0.543504,2.052092
21.459942,0.307594,0.053464,0.212309,0.738881,-0.537986,2.052508
21.463224,0.307356,0.053475,0.212124,0.743493,-0.535959,2.051596
21.466394,0.307118,0.053485,0.211939,0.748877,-0.532171,2.051092
21.470047,0.307057,0.053304,0.211997,0.745584,-0.526421,2.051216
21.473366,0.307046,0.053183,0.212094,0.743671,-0.525849,2.050518
21.476358,0.307049,0.053041,0.212215,0.743205,-0.526454,2.049775
21.480247,0.307172,0.052903,0.212365,0.738183,-0.526175,2.049562
21.483541,0.307282,0.052713,0.212510,0.734230,-0.526067,2.050904
21.486612,0.307258,0.052713,0.212404,0.735882,-0.527210,2.050663
21.489584,0.307138,0.052746,0.212230,0.739917,-0.530192,2.048799
21.493176,0.307012,0.052809,0.211963,0.740007,-0.532839,2.046616
21.497118,0.306784,0.052837,0.211741,0.742750,-0.537489,2.043708
21.500993,0.306566,0.052914,0.211516,0.744492,-0.541942,2.039344
21.504050,0.306414,0.052961,0.211331,0.746371,-0.544164,2.037669
21.506592,0.306351,0.052922,0.211265,0.745243,-0.543912,2.037376
21.510209,0.306367,0.052860,0.211297,0.743873,-0.544841,2.037696
21.513557,0.306478,0.052770,0.211373,0.741798,-0.543970,2.039799
21.516861,0.306589,0.052670,0.211452,0.739135,-0.541901,2.042002
21.520581,0.306597,0.052593,0.211499,0.735443,-0.542451,2.041673
21.523396,0.306568,0.052478,0.211506,0.733609,-0.545843,2.041518
21.527400,0.306433,0.052397,0.211461,0.732488,-0.546738,2.040693
21.530255,0.306203,0.052338,0.211385,0.732125,-0.548247,2.038361
21.533983,0.305978,0.052291,0.211301,0.731048,-0.553860,2.035082
21.537092,0.305841,0.052220,0.211242,0.730673,-0.556096,2.034163
21.540246,0.305741,0.052201,0.211152,0.729680,-0.555350,2.033114
21.543452,0.305594,0.052161,0.211047,0.732913,-0.557985,2.032496
21.547368,0.305517,0.052116,0.210927,0.733829,-0.558901,2.032088
21.550406,0.305422,0.052066,0.210814,0.734124,-0.557097,2.031789
21.553793,0.305340,0.052020,0.210709,0.735658,-0.557003,2.031551
21.556755,0.305294,0.051962,0.210689,0.733990,-0.556996,2.030988
21.560283,0.305317,0.051923,0.210715,0.728117,-0.554927,2.030419
21.563914,0.305275,0.051881,0.210713,0.727485,-0.555328,2.029959
21.566426,0.305245,0.051822,0.210708,0.727970,-0.555951,2.029616
21.569798,0.305193,0.051730,0.210721,0.724855,-0.554823,2.029292
21.573193,0.305107,0.051659,0.210652,0.725818,-0.553661,2.028995
21.576880,0.304989,0.051603,0.210538,0.727666,-0.553491,2.028347
21.580523,0.304904,0.051543,0.210481,0.726512,-0.552841,2.027740
21.583338,0.304818,0.051493,0.210419,0.726568,-0.550320,2.027383
21.586677,0.304730,0.051486,0.210334,0.730235,-0.548502,2.027178
21.590179,0.304656,0.051538,0.210179,0.732847,-0.551691,2.025790
21.593276,0.304601,0.051591,0.210015,0.736099,-0.555211,2.024880
21.596484,0.304583,0.051607,0.209906,0.738928,-0.558245,2.023862
21.599782,0.304535,0.051586,0.209781,0.739289,-0.559919,2.023474
21.603329,0.304507,0.051553,0.209666,0.740280,-0.563319,2.022458
21.606889,0.304466,0.051467,0.209624,0.741465,-0.562678,2.022519
21.609776,0.304426,0.051352,0.209626,0.741358,-0.561089,2.022540
21.613106,0.304362,0.051268,0.209562,0.741962,-0.560004,2.022389
21.616664,0.304332,0.051223,0.209523,0.744853,-0.561146,2.021773
21.619846,0.304305,0.051184,0.209482,0.744799,-0.559109,2.021907
21.622907,0.304267,0.051183,0.209405,0.746792,-0.559163,2.021734
21.626456,0.304240,0.051187,0.209335,0.749685,-0.558606,2.021581
21.629973,0.304241,0.051181,0.209308,0.750931,-0.557562,2.021878
21.636841,0.304256,0.051171,0.209300,0.751242,-0.557757,2.022026
21.645617,0.304315,0.051113,0.209339,0.750432,-0.558934,2.021909
21.652817,0.304394,0.051037,0.209424,0.748519,-0.557044,2.022363
21.664234,0.304512,0.051027,0.209470,0.746111,-0.556276,2.022916
21.672848,0.304631,0.051032,0.209501,0.744503,-0.555167,2.023659
21.686610,0.304761,0.051030,0.209554,0.742518,-0.554058,2.024291
21.693904,0.304849,0.051090,0.209567,0.742110,-0.553399,2.024600
21.695767,0.305012,0.051261,0.209710,0.742070,-0.556322,2.025352
21.706677,0.305157,0.051427,0.210012,0.740489,-0.555789,2.026185
21.734425,0.305291,0.051646,0.210333,0.738235,-0.555922,2.027004
21.754513,0.305493,0.052300,0.210399,0.737766,-0.564501,2.026622
21.760020,0.305697,0.052975,0.210476,0.736201,-0.572539,2.026576
21.775193,0.305797,0.053559,0.210527,0.733937,-0.576462,2.025946
21.779490,0.305857,0.054063,0.210504,0.733298,-0.581300,2.025221
21.788234,0.305838,0.054484,0.210541,0.732178,-0.585134,2.023283
21.792129,0.305731,0.054507,0.210803,0.729046,-0.580196,2.022431
21.795062,0.305693,0.054542,0.211133,0.728465,-0.577199,2.022826
21.798207,0.305673,0.054573,0.211392,0.725555,-0.574286,2.022153
21.802156,0.305673,0.054643,0.211615,0.722758,-0.572317,2.022008
21.805584,0.305770,0.054899,0.211652,0.724833,-0.573630,2.022581
21.808187,0.305819,0.055167,0.211669,0.727394,-0.573603,2.022447
21.812091,0.305797,0.055409,0.211611,0.729236,-0.572230,2.020683
21.815177,0.305807,0.055730,0.211543,0.733553,-0.571871,2.021050
21.818533,0.305815,0.056041,0.211471,0.737324,-0.572538,2.020403
21.822397,0.305778,0.056232,0.211506,0.736611,-0.569825,2.019828
21.824887,0.305787,0.056516,0.211486,0.740720,-0.568304,2.020518
21.828911,0.305806,0.056808,0.211444,0.745071,-0.568354,2.021246
21.832520,0.305830,0.057094,0.211396,0.747021,-0.570707,2.020758
21.835164,0.305866,0.057450,0.211382,0.750198,-0.572105,2.020941
21.838115,0.305972,0.057771,0.211439,0.753353,-0.573270,2.021948
21.842552,0.306068,0.057999,0.211612,0.752749,-0.573166,2.023349
21.845876,0.306166,0.058210,0.211816,0.751336,-0.571714,2.024475
21.848891,0.306173,0.058343,0.212094,0.750748,-0.567850,2.026177
21.852153,0.306155,0.058437,0.212345,0.750436,-0.564251,2.026661
21.855298,0.306060,0.058637,0.212553,0.751273,-0.561414,2.026583
21.858865,0.305946,0.058797,0.212761,0.748864,-0.559077,2.025410
21.862063,0.305790,0.058992,0.213003,0.747542,-0.555746,2.024493
21.864808,0.305687,0.059231,0.213172,0.748177,-0.551221,2.023430
21.868021,0.305558,0.059525,0.213340,0.749138,-0.548241,2.022962
21.871943,0.305455,0.059777,0.213467,0.747590,-0.547471,2.022022
21.875612,0.305392,0.060155,0.213597,0.750381,-0.548632,2.021393
21.878809,0.305299,0.060430,0.213854,0.750097,-0.550443,2.021179
21.882165,0.305211,0.060652,0.214153,0.747375,-0.552798,2.020401
21.884794,0.305182,0.060901,0.214519,0.740628,-0.556623,2.020678
21.888756,0.305129,0.061077,0.214981,0.738285,-0.554530,2.021343
21.892110,0.305017,0.061223,0.215406,0.734859,-0.552173,2.021825
21.894794,0.305016,0.061685,0.215711,0.734692,-0.557418,2.022675
21.898247,0.304971,0.062226,0.215969,0.734024,-0.561099,2.023219
21.901818,0.304854,0.062666,0.216199,0.737844,-0.562423,2.022424
21.904931,0.304759,0.063208,0.216442,0.738688,-0.568296,2.022309
21.908720,0.304667,0.063612,0.216868,0.737212,-0.571222,2.022196
21.912030,0.304571,0.063720,0.217306,0.732162,-0.566575,2.021287
21.914625,0.304541,0.063883,0.217819,0.730185,-0.565433,2.021774
21.918365,0.304569,0.064081,0.218310,0.728814,-0.561223,2.024470
21.921894,0.304509,0.064288,0.218790,0.726530,-0.561143,2.023792
21.925113,0.304374,0.064627,0.219058,0.726794,-0.563100,2.025602
21.928592,0.304074,0.064981,0.219631,0.729672,-0.560470,2.027155
21.931936,0.303738,0.065197,0.220161,0.732028,-0.557922,2.027870
21.935192,0.303321,0.065413,0.220790,0.730849,-0.556776,2.027290
21.938419,0.302982,0.065611,0.221454,0.732102,-0.551129,2.028880
21.942117,0.302745,0.065809,0.222169,0.734409,-0.545716,2.028101
21.945466,0.302470,0.066051,0.222607,0.732316,-0.543032,2.028517
21.948592,0.302073,0.066408,0.223169,0.733436,-0.542656,2.027511
21.952222,0.301800,0.066778,0.223501,0.734549,-0.541135,2.026396
21.955148,0.301494,0.067160,0.223986,0.736137,-0.542713,2.026922
21.958169,0.301180,0.067413,0.224664,0.730118,-0.541926,2.027021
21.961762,0.300988,0.067708,0.225409,0.728555,-0.543658,2.026729
21.965651,0.300867,0.068039,0.226043,0.723135,-0.544927,2.026629
21.968868,0.300669,0.068309,0.226883,0.718776,-0.547714,2.027813
21.971348,0.300489,0.068528,0.227646,0.709686,-0.547313,2.027800
21.974991,0.300297,0.068808,0.228302,0.707047,-0.546644,2.029293
21.978060,0.300102,0.069043,0.228927,0.704013,-0.545935,2.029847
21.982187,0.299944,0.069102,0.229682,0.696893,-0.543376,2.031430
21.985544,0.299763,0.069221,0.230580,0.688002,-0.542322,2.032269
21.988671,0.299590,0.069414,0.231461,0.680018,-0.541862,2.034456
21.998846,0.299340,0.069490,0.232625,0.668212,-0.544910,2.033500
22.001485,0.298843,0.069455,0.234520,0.659182,-0.545109,2.033686
22.023077,0.298335,0.069367,0.236414,0.653009,-0.543444,2.034012
22.033662,0.297915,0.069273,0.238185,0.649987,-0.540776,2.034268
22.037316,0.297515,0.068968,0.239973,0.647991,-0.535845,2.033704
22.041297,0.297255,0.068826,0.241870,0.649958,-0.531399,2.035892
22.049355,0.297165,0.068723,0.243384,0.648407,-0.529814,2.037390
22.058609,0.297136,0.068537,0.245217,0.648359,-0.523010,2.041087
22.086299,0.296868,0.068546,0.247998,0.646262,-0.516950,2.046158
22.088274,0.296606,0.068775,0.250705,0.647237,-0.510386,2.051464
22.096891,0.296241,0.068942,0.253115,0.645623,-0.503545,2.055826
22.101146,0.295946,0.069185,0.255226,0.644849,-0.494862,2.060475
22.104312,0.295605,0.069631,0.257163,0.641773,-0.492034,2.063732
22.111794,0.295385,0.069764,0.258506,0.635236,-0.484968,2.066346
22.114120,0.295099,0.069848,0.260010,0.625684,-0.479205,2.069523
22.124444,0.294660,0.070152,0.261613,0.621099,-0.469799,2.073910
22.126861,0.294188,0.070491,0.263240,0.615953,-0.462465,2.078497
22.135018,0.293559,0.070850,0.264924,0.609336,-0.454255,2.082393
22.137450,0.292892,0.071320,0.266301,0.606014,-0.448768,2.085242
22.144795,0.292284,0.071776,0.267466,0.607369,-0.444956,2.084420
22.148058,0.291628,0.072042,0.268643,0.599136,-0.442150,2.086121
22.151263,0.291050,0.072302,0.269660,0.593817,-0.438696,2.086842
22.154825,0.290591,0.072552,0.270344,0.590877,-0.437463,2.086855
22.158238,0.290129,0.072699,0.271140,0.584231,-0.437641,2.087141
22.161542,0.289628,0.072808,0.272033,0.572952,-0.434004,2.090981
22.165529,0.289329,0.072821,0.272767,0.566467,-0.431459,2.091224
22.168695,0.288910,0.072720,0.273696,0.542681,-0.422168,2.091640
22.171741,0.288388,0.072611,0.274748,0.532776,-0.420648,2.092148
22.175049,0.287974,0.072579,0.275525,0.529903,-0.414025,2.094042
22.178365,0.287469,0.072604,0.276158,0.523427,-0.415380,2.092342
22.181615,0.286988,0.072780,0.276672,0.518672,-0.420261,2.091298
22.185416,0.286518,0.072969,0.277118,0.525759,-0.431131,2.090196
22.188447,0.286092,0.073168,0.277411,0.520420,-0.436444,2.089030
22.191634,0.285635,0.073404,0.277647,0.514116,-0.447179,2.085411
22.195377,0.285253,0.073557,0.277892,0.511804,-0.454441,2.086941
22.198930,0.284860,0.073572,0.278222,0.505493,-0.459749,2.088143
22.201898,0.284713,0.073493,0.278591,0.500659,-0.462952,2.096753
22.205274,0.284686,0.073358,0.278935,0.495909,-0.460168,2.105255
22.208182,0.284246,0.073393,0.279488,0.484269,-0.467884,2.104917
22.211497,0.283706,0.073503,0.280324,0.467874,-0.463886,2.103185
22.214876,0.283147,0.073644,0.281194,0.452039,-0.456797,2.101728
22.218409,0.282381,0.073970,0.281845,0.439694,-0.454738,2.091956
22.221929,0.281508,0.074493,0.282340,0.440485,-0.454465,2.079966
22.225248,0.281066,0.074790,0.282663,0.436144,-0.445421,2.081264
22.229264,0.280777,0.074843,0.282541,0.446321,-0.441731,2.080864
22.231776,0.280565,0.074926,0.282244,0.459595,-0.440646,2.080076
22.235649,0.280387,0.075032,0.281970,0.466613,-0.441814,2.082403
22.238121,0.280278,0.075182,0.281997,0.457734,-0.442342,2.085383
22.242240,0.280195,0.075432,0.282081,0.440890,-0.446496,2.080109
22.245104,0.280119,0.075881,0.282288,0.433562,-0.450776,2.081078
22.248137,0.280008,0.076389,0.282505,0.408471,-0.461817,2.076082
22.252079,0.279883,0.076832,0.282729,0.388854,-0.463358,2.069341
22.255086,0.279683,0.077030,0.282751,0.399706,-0.457026,2.066076
22.258667,0.279370,0.077180,0.282626,0.420418,-0.449308,2.069088
22.261709,0.278925,0.077389,0.282490,0.436030,-0.444081,2.064367
22.265638,0.278515,0.077549,0.282348,0.467558,-0.424563,2.065018
22.268261,0.278343,0.077685,0.282192,0.487472,-0.417566,2.067435
22.271801,0.278310,0.077830,0.282098,0.479784,-0.416737,2.069853
22.274879,0.278372,0.077937,0.282106,0.480276,-0.410800,2.070892
22.278178,0.278521,0.078022,0.282004,0.470917,-0.409224,2.072476
22.282066,0.278661,0.078131,0.281879,0.462942,-0.412621,2.075715
22.285502,0.278172,0.078417,0.281576,0.481883,-0.407624,2.071619
22.288116,0.277643,0.078722,0.281234,0.501011,-0.407488,2.066757
22.291475,0.276917,0.079065,0.280814,0.521175,-0.405065,2.060853
22.301054,0.276061,0.079351,0.280370,0.540608,-0.400311,2.055332
22.323108,0.274928,0.079663,0.279683,0.563696,-0.393782,2.047343
22.325970,0.274179,0.079807,0.279134,0.570685,-0.388256,2.044871
22.335726,0.273337,0.080014,0.278464,0.576087,-0.387523,2.041532
22.337554,0.272603,0.080244,0.277723,0.578448,-0.388519,2.037731
22.360138,0.270674,0.081270,0.275434,0.581804,-0.388250,2.035677
22.396626,0.270029,0.081927,0.274002,0.582556,-0.396809,2.035966
22.400079,0.269535,0.082541,0.272617,0.585095,-0.406271,2.036102
22.410106,0.269165,0.083122,0.271188,0.584216,-0.411814,2.040779
22.413881,0.268987,0.083617,0.269755,0.591601,-0.416533,2.042999
22.416338,0.269007,0.084016,0.268632,0.597358,-0.417531,2.044397
22.425729,0.269546,0.084177,0.267641,0.596486,-0.429202,2.048774
22.431263,0.270092,0.084345,0.266630,0.596773,-0.440022,2.052745
22.441302,0.270677,0.084452,0.265561,0.599600,-0.446284,2.053091
22.442912,0.271325,0.084600,0.264396,0.598916,-0.451072,2.056101
22.453212,0.271918,0.084625,0.263268,0.597142,-0.457555,2.059220
22.461055,0.272088,0.084594,0.262563,0.603152,-0.448616,2.057846
22.464667,0.272172,0.084541,0.261933,0.606091,-0.439742,2.055850
22.467724,0.272214,0.084604,0.261290,0.614531,-0.435233,2.054015
22.471148,0.272237,0.084707,0.260744,0.621467,-0.435032,2.052427
22.474605,0.272261,0.084894,0.260188,0.628105,-0.437758,2.051680
22.477824,0.272265,0.085060,0.259643,0.632645,-0.439793,2.049180
22.481170,0.272279,0.085206,0.259028,0.639616,-0.440917,2.047348
22.484885,0.272322,0.085289,0.258573,0.643560,-0.440797,2.047418
22.487896,0.272286,0.085398,0.258077,0.648376,-0.440057,2.045937
22.491179,0.272229,0.085473,0.257631,0.652450,-0.439765,2.043203
22.494625,0.272124,0.085563,0.257169,0.660005,-0.437282,2.041799
22.497921,0.272058,0.085685,0.256643,0.664118,-0.439663,2.041092
22.500997,0.271938,0.085799,0.256149,0.669284,-0.440718,2.037492
22.505201,0.271881,0.085857,0.255718,0.672955,-0.442686,2.035709
22.508295,0.271829,0.085896,0.255341,0.676499,-0.443460,2.034121
22.511137,0.271858,0.085940,0.254919,0.676936,-0.447598,2.033966
22.514982,0.271895,0.085957,0.254627,0.678504,-0.448462,2.034380
22.517585,0.271817,0.085918,0.254307,0.681136,-0.448945,2.034164
22.520869,0.271709,0.085896,0.253958,0.683909,-0.449143,2.033355
22.524849,0.271584,0.085902,0.253626,0.685234,-0.451317,2.033027
22.528043,0.271421,0.085899,0.253239,0.687691,-0.452341,2.031738
22.530843,0.271240,0.085876,0.252901,0.690048,-0.454184,2.029621
22.534974,0.271178,0.085817,0.252637,0.687874,-0.455553,2.029185
22.537931,0.271067,0.085696,0.252414,0.685864,-0.455636,2.028434
22.541093,0.271022,0.085692,0.251915,0.689668,-0.457279,2.027554
22.544888,0.270981,0.085712,0.251545,0.692094,-0.457888,2.027424
22.548229,0.270838,0.085709,0.251123,0.693815,-0.458063,2.025999
22.551517,0.270668,0.085730,0.250708,0.697829,-0.459503,2.024309
22.555170,0.270545,0.085778,0.250300,0.700143,-0.461284,2.023503
22.558266,0.270359,0.085714,0.250091,0.699293,-0.461670,2.021871
22.561316,0.270150,0.085639,0.249857,0.699203,-0.463179,2.019355
22.565136,0.270017,0.085585,0.249640,0.700185,-0.463869,2.018619
22.568104,0.269910,0.085540,0.249415,0.700627,-0.463581,2.017335
22.571109,0.269788,0.085501,0.249190,0.702238,-0.463947,2.015584
22.574842,0.269682,0.085463,0.249033,0.702315,-0.463991,2.014518
22.577698,0.269562,0.085369,0.248842,0.702965,-0.463266,2.013550
22.581717,0.269468,0.085286,0.248689,0.703589,-0.462545,2.012234
22.585001,0.269400,0.085252,0.248536,0.704626,-0.461553,2.012693
22.588006,0.269396,0.085218,0.248431,0.706669,-0.460352,2.013465
22.591729,0.269347,0.085160,0.248368,0.707343,-0.457748,2.014302
22.594798,0.269331,0.085097,0.248332,0.707276,-0.454859,2.014773
22.598124,0.269276,0.085030,0.248310,0.707792,-0.453006,2.014867
22.601847,0.269205,0.084939,0.248311,0.707230,-0.452734,2.013793
22.604831,0.269100,0.084840,0.248295,0.705810,-0.451410,2.014126
22.607882,0.268907,0.084715,0.248129,0.708864,-0.450000,2.012281
22.611274,0.268712,0.084653,0.247988,0.713111,-0.449123,2.011360
22.614671,0.268532,0.084545,0.247834,0.716269,-0.446192,2.010557
22.617948,0.268331,0.084410,0.247662,0.719927,-0.443736,2.009172
22.621083,0.268132,0.084292,0.247497,0.723333,-0.441623,2.006520
22.624629,0.268044,0.084197,0.247466,0.724293,-0.440502,2.005866
22.628441,0.267973,0.084106,0.247462,0.723903,-0.438780,2.004286
22.631942,0.267942,0.084026,0.247453,0.723629,-0.439474,2.003403
22.634578,0.267925,0.083967,0.247478,0.722843,-0.438799,2.003115
22.637656,0.267906,0.083894,0.247496,0.722338,-0.440028,2.002191
22.641673,0.267899,0.083834,0.247513,0.721589,-0.440717,2.001276
22.645082,0.267783,0.083701,0.247447,0.722595,-0.440980,2.000070
22.648219,0.267643,0.083585,0.247372,0.723742,-0.439784,1.998130
22.651796,0.267418,0.083478,0.247220,0.727699,-0.439647,1.995516
22.654946,0.267179,0.083363,0.247012,0.731228,-0.436290,1.993639
22.658215,0.266898,0.083227,0.246768,0.735077,-0.434666,1.990826
22.661767,0.266712,0.083136,0.246567,0.736858,-0.434801,1.989176
22.664740,0.266498,0.083023,0.246339,0.739490,-0.435510,1.987404
22.671365,0.266371,0.082884,0.246161,0.740233,-0.438466,1.986730
22.675893,0.266095,0.082375,0.245966,0.737042,-0.441678,1.987371
22.698215,0.265834,0.081788,0.245851,0.735960,-0.439471,1.988124
22.708359,0.265583,0.081159,0.245726,0.736228,-0.441149,1.986056
22.711271,0.265402,0.080436,0.245569,0.733986,-0.442768,1.986999
22.720410,0.265215,0.079678,0.245395,0.731714,-0.442864,1.986639
22.729924,0.265224,0.079250,0.245204,0.739952,-0.443527,1.983910
22.750618,0.265391,0.078765,0.244956,0.743503,-0.447621,1.982307
22.759840,0.265562,0.078302,0.244719,0.747313,-0.446265,1.983309
22.769681,0.265701,0.077947,0.244533,0.754153,-0.444912,1.981161
22.773140,0.265939,0.077498,0.244345,0.761876,-0.440664,1.980114
22.780972,0.266235,0.077004,0.244251,0.763663,-0.435183,1.981520
22.791958,0.266416,0.076529,0.244168,0.767048,-0.430373,1.981469
22.801063,0.266600,0.076078,0.244096,0.768422,-0.426961,1.981795
22.810627,0.266816,0.075625,0.244030,0.768804,-0.423733,1.983097
22.814327,0.266938,0.075316,0.243990,0.769359,-0.422314,1.985079
22.817284,0.266955,0.075005,0.243897,0.769082,-0.421851,1.985153
22.820444,0.266949,0.074790,0.243785,0.769150,-0.421783,1.986115
22.824366,0.266942,0.074572,0.243671,0.771824,-0.422234,1.986508
22.827609,0.266902,0.074369,0.243536,0.773978,-0.421609,1.986660
22.830559,0.266862,0.074145,0.243385,0.775068,-0.421451,1.986347
22.834283,0.266837,0.073986,0.243270,0.776581,-0.422076,1.986145
22.837621,0.266852,0.073846,0.243162,0.776996,-0.423641,1.986175
22.840702,0.266892,0.073754,0.243014,0.775346,-0.425462,1.986242
22.844043,0.266944,0.073693,0.242794,0.775943,-0.427855,1.985955
22.847506,0.266999,0.073639,0.242570,0.777011,-0.429137,1.985159
22.851003,0.267061,0.073602,0.242360,0.776958,-0.432158,1.984566
22.854278,0.267107,0.073567,0.242113,0.778364,-0.433246,1.983800
22.857579,0.267108,0.073449,0.241865,0.780627,-0.431870,1.983018
22.860905,0.267096,0.073279,0.241703,0.782251,-0.429111,1.982367
22.864060,0.267136,0.073070,0.241557,0.783826,-0.423940,1.982364
22.867398,0.267211,0.072871,0.241402,0.785041,-0.417743,1.982514
22.870821,0.267309,0.072722,0.241221,0.787912,-0.413058,1.982605
22.874391,0.267403,0.072696,0.240970,0.792534,-0.410492,1.982519
22.877315,0.267493,0.072732,0.240651,0.793528,-0.414076,1.981177
22.880932,0.267550,0.072792,0.240238,0.795084,-0.416921,1.979795
22.883919,0.267560,0.072843,0.239842,0.799019,-0.420829,1.978424
22.887068,0.267542,0.072787,0.239478,0.802198,-0.420053,1.977382
22.890702,0.267597,0.072606,0.239247,0.803831,-0.418011,1.977440
22.893661,0.267698,0.072406,0.239081,0.805419,-0.410425,1.979876
22.896872,0.267813,0.072211,0.238964,0.806126,-0.407484,1.980541
22.900995,0.267939,0.072043,0.238834,0.805806,-0.401763,1.981329
22.904320,0.268107,0.071958,0.238604,0.804955,-0.402191,1.982454
22.907844,0.268199,0.071940,0.238296,0.805942,-0.400559,1.982327
22.910347,0.268285,0.071950,0.237935,0.810747,-0.398540,1.981697
22.914580,0.268419,0.072030,0.237502,0.812856,-0.401762,1.981089
22.917185,0.268615,0.072089,0.237099,0.816851,-0.404136,1.981519
22.920976,0.268764,0.072066,0.236781,0.820231,-0.402849,1.981163
22.923867,0.268960,0.072085,0.236422,0.820164,-0.405600,1.980582
22.927741,0.269122,0.072043,0.236088,0.819718,-0.409163,1.979167
22.930604,0.269223,0.071977,0.235780,0.821605,-0.408008,1.978796
22.934156,0.269243,0.071914,0.235345,0.822476,-0.407464,1.976897
22.937648,0.269270,0.071877,0.234907,0.824191,-0.407730,1.975755
22.941180,0.269329,0.071829,0.234490,0.825701,-0.408446,1.975326
22.943975,0.269425,0.071832,0.234069,0.825745,-0.410095,1.974495
22.947208,0.269515,0.071757,0.233644,0.825666,-0.411008,1.973603
22.950747,0.269628,0.071734,0.233175,0.824710,-0.414692,1.972880
22.953839,0.269751,0.071756,0.232701,0.824840,-0.416430,1.972029
22.957164,0.269810,0.071755,0.232168,0.826607,-0.417829,1.971120
22.961071,0.269858,0.071744,0.231615,0.828695,-0.420171,1.970495
22.963805,0.269883,0.071768,0.231078,0.831202,-0.420949,1.970041
22.967139,0.269914,0.071733,0.230623,0.834638,-0.420263,1.969612
22.975060,0.270013,0.071798,0.230005,0.834105,-0.422276,1.968785
22.978666,0.270209,0.071839,0.229118,0.836189,-0.421610,1.965728
23.001045,0.270416,0.071893,0.228212,0.839215,-0.419643,1.962556
23.009787,0.270687,0.071997,0.227335,0.839175,-0.421456,1.960743
23.014292,0.270960,0.072121,0.226499,0.838787,-0.423966,1.958406
23.017540,0.271140,0.072142,0.225891,0.841087,-0.424878,1.956099
23.024678,0.271128,0.072051,0.225594,0.840901,-0.424468,1.955957
23.026546,0.271080,0.071926,0.225391,0.839977,-0.423677,1.956243
23.036150,0.270970,0.071698,0.225198,0.839295,-0.420276,1.955485
23.038530,0.270659,0.071175,0.224868,0.838531,-0.417386,1.955044
23.066998,0.270346,0.070635,0.224366,0.841135,-0.409023,1.956587
23.075462,0.270145,0.070216,0.223945,0.838447,-0.409768,1.956110
23.080063,0.269964,0.069822,0.223484,0.836142,-0.410483,1.956365
23.083128,0.269878,0.069500,0.222985,0.835380,-0.414055,1.956382
23.090923,0.269971,0.069380,0.222594,0.833606,-0.416949,1.956505
23.102618,0.270071,0.069181,0.222292,0.826167,-0.425664,1.954118
23.105017,0.270188,0.068919,0.221983,0.824113,-0.427279,1.953914
23.113912,0.270321,0.068613,0.221673,0.820492,-0.430269,1.953182
23.116825,0.270396,0.068275,0.221443,0.817098,-0.430659,1.952317
23.123568,0.270472,0.067996,0.221256,0.815818,-0.429993,1.951976
23.126996,0.270560,0.067811,0.221128,0.815638,-0.430822,1.951875
23.130775,0.270631,0.067662,0.220997,0.815382,-0.431656,1.951912
23.134373,0.270666,0.067555,0.220871,0.817151,-0.432299,1.951239
23.137331,0.270665,0.067468,0.220726,0.818694,-0.432306,1.950694
23.140803,0.270702,0.067439,0.220525,0.819280,-0.435661,1.949357
23.143846,0.270740,0.067371,0.220336,0.820612,-0.436633,1.948612
23.147635,0.270804,0.067302,0.220191,0.821271,-0.437434,1.948096
23.150836,0.270864,0.067174,0.220065,0.820766,-0.435910,1.947919
23.154238,0.270913,0.067090,0.219901,0.824306,-0.434815,1.947491
23.157341,0.270920,0.066929,0.219784,0.827444,-0.430609,1.947721
23.161623,0.270989,0.066709,0.219816,0.828554,-0.426205,1.948607
23.164907,0.271060,0.066490,0.219844,0.829682,-0.423602,1.948961
23.167372,0.271152,0.066309,0.219896,0.830068,-0.422801,1.949420
23.171834,0.271294,0.066107,0.219976,0.827599,-0.422550,1.949974
23.173902,0.271440,0.065954,0.220037,0.824691,-0.423225,1.950698
23.176943,0.271522,0.065848,0.219936,0.822962,-0.425802,1.950045
23.180577,0.271562,0.065766,0.219819,0.822130,-0.428682,1.949533
23.187077,0.271607,0.065702,0.219661,0.822713,-0.431759,1.948333
23.190907,0.271616,0.065621,0.219532,0.822891,-0.433912,1.947521
23.194101,0.271687,0.065521,0.219493,0.821381,-0.434860,1.947422
23.197248,0.271758,0.065459,0.219479,0.821006,-0.437068,1.946923
23.200656,0.271844,0.065410,0.219471,0.819727,-0.438150,1.946563
23.204128,0.271932,0.065353,0.219480,0.818098,-0.439058,1.947104
23.207041,0.272046,0.065350,0.219450,0.817169,-0.441828,1.947306
23.211033,0.272104,0.065390,0.219382,0.819658,-0.444615,1.946648
23.213717,0.272208,0.065441,0.219345,0.819625,-0.446188,1.947151
23.217284,0.272311,0.065495,0.219315,0.819935,-0.447643,1.947317
23.220994,0.272383,0.065604,0.219237,0.822027,-0.448911,1.946953
23.223840,0.272431,0.065678,0.219206,0.822565,-0.449487,1.946766
23.227632,0.272478,0.065743,0.219171,0.821534,-0.450592,1.946922
23.230808,0.272480,0.065832,0.219081,0.823466,-0.451454,1.946096
23.234632,0.272482,0.065915,0.218985,0.825798,-0.452544,1.945518
23.236799,0.272598,0.065909,0.218986,0.821504,-0.455468,1.947408
23.240609,0.272702,0.065778,0.219050,0.820677,-0.451955,1.948293
23.243726,0.272777,0.065638,0.219099,0.820108,-0.449026,1.948662
23.247088,0.272871,0.065479,0.219182,0.818680,-0.446644,1.949065
23.251205,0.272964,0.065327,0.219269,0.816273,-0.443774,1.949999
23.254129,0.272959,0.065233,0.219326,0.818610,-0.439497,1.948254
23.256966,0.272971,0.065277,0.219298,0.819768,-0.441113,1.947196
23.260585,0.273029,0.065341,0.219237,0.820257,-0.441598,1.946547
23.263698,0.273078,0.065405,0.219225,0.820670,-0.442655,1.947432
23.267003,0.273159,0.065473,0.219208,0.821348,-0.443071,1.946692
23.270854,0.273227,0.065505,0.219206,0.821655,-0.442812,1.946232
23.273649,0.273373,0.065495,0.219279,0.818765,-0.442659,1.945866
23.285046,0.273528,0.065462,0.219407,0.816044,-0.443874,1.944987
23.307283,0.273788,0.065490,0.219516,0.813636,-0.445206,1.943476
23.309175,0.274049,0.065524,0.219637,0.811449,-0.447827,1.943233
23.325856,0.274333,0.065561,0.219746,0.809617,-0.450002,1.942543
23.327200,0.274517,0.065607,0.219848,0.825126,-0.444906,1.944609
23.335639,0.274711,0.065669,0.219999,0.825114,-0.446916,1.943605
23.347342,0.274936,0.065710,0.220195,0.822063,-0.448011,1.942816
23.363725,0.275133,0.065763,0.220398,0.819308,-0.448495,1.942801
23.375175,0.275253,0.065853,0.220565,0.818239,-0.449930,1.942510
23.382132,0.275371,0.066031,0.220672,0.800840,-0.458845,1.940413
23.389574,0.275510,0.066297,0.220747,0.799403,-0.460785,1.941489
23.391226,0.275549,0.066677,0.220815,0.800075,-0.462012,1.942925
23.403191,0.275682,0.067280,0.220945,0.799912,-0.466029,1.944312
23.412925,0.275969,0.068066,0.221106,0.799837,-0.469971,1.947877
23.416827,0.276347,0.068946,0.221379,0.802141,-0.473958,1.951325
23.423263,0.276812,0.069790,0.221753,0.799683,-0.484850,1.953750
23.427294,0.277206,0.070471,0.222094,0.800396,-0.487440,1.957321
23.430465,0.277503,0.070899,0.222357,0.800336,-0.485695,1.959781
23.434283,0.277727,0.071272,0.222799,0.799030,-0.485595,1.962139
23.437608,0.277867,0.071510,0.223192,0.794190,-0.483836,1.963900
23.440459,0.277835,0.071688,0.223530,0.794289,-0.472811,1.965991
23.444252,0.277821,0.072014,0.223890,0.791617,-0.470581,1.966591
23.447926,0.277816,0.072473,0.224309,0.791871,-0.469856,1.967869
23.450582,0.277815,0.072964,0.224509,0.791847,-0.469637,1.968077
23.453520,0.277912,0.073674,0.224565,0.795356,-0.471115,1.969181
23.456772,0.278054,0.074499,0.224607,0.798078,-0.476710,1.969736
23.460274,0.278180,0.075250,0.224634,0.796276,-0.481982,1.972133
23.464376,0.278299,0.075954,0.224706,0.797895,-0.485097,1.973478
23.467813,0.278394,0.076558,0.224900,0.799301,-0.484186,1.975501
23.470622,0.278413,0.077052,0.225295,0.798380,-0.484113,1.977290
23.474077,0.278539,0.077513,0.225766,0.795049,-0.482720,1.981517
23.477919,0.278692,0.078060,0.226271,0.798164,-0.480231,1.984618
23.481272,0.278838,0.078641,0.226719,0.797168,-0.480649,1.987775
23.483735,0.279019,0.079279,0.227102,0.794297,-0.482877,1.990696
23.486717,0.279244,0.079957,0.227388,0.791974,-0.484075,1.993452
23.490370,0.279385,0.080723,0.227579,0.793040,-0.486450,1.995372
23.493446,0.279556,0.081512,0.227778,0.790625,-0.487262,1.998467
23.497581,0.279761,0.082251,0.227984,0.787454,-0.488806,2.000941
23.500211,0.279918,0.082953,0.228317,0.785330,-0.488877,2.003289
23.504421,0.280088,0.083615,0.228731,0.783817,-0.488190,2.005862
23.506978,0.280229,0.084196,0.229164,0.780724,-0.485402,2.007500
23.510371,0.280310,0.084772,0.229572,0.780856,-0.485249,2.006765
23.514242,0.280415,0.085502,0.229952,0.781692,-0.483864,2.008139
23.516949,0.280613,0.086257,0.230233,0.781880,-0.484808,2.009782
23.520350,0.280764,0.087025,0.230470,0.783166,-0.485197,2.011264
23.523643,0.280930,0.087814,0.230676,0.787518,-0.485278,2.012266
23.527597,0.281136,0.088603,0.230898,0.788690,-0.485949,2.013757
23.530625,0.281306,0.089288,0.231149,0.789970,-0.486226,2.014701
23.534017,0.281445,0.090004,0.231431,0.794520,-0.487017,2.014729
23.537405,0.281618,0.090697,0.231717,0.795627,-0.486909,2.015201
23.540630,0.281804,0.091396,0.232043,0.796755,-0.484500,2.017715
23.543605,0.282062,0.092126,0.232361,0.799268,-0.483886,2.020504
23.546953,0.282336,0.092850,0.232676,0.801042,-0.483633,2.022976
23.550227,0.282626,0.093483,0.232979,0.800684,-0.481399,2.026210
23.553900,0.282932,0.094114,0.233283,0.801457,-0.481741,2.027899
23.557034,0.283231,0.094768,0.233587,0.801661,-0.484483,2.028577
23.560864,0.283501,0.095332,0.233889,0.801320,-0.485310,2.028752
23.563740,0.283793,0.095950,0.234193,0.802400,-0.486871,2.029675
23.567217,0.284052,0.096552,0.234476,0.803709,-0.485273,2.030878
23.570523,0.284328,0.097063,0.234787,0.805890,-0.478749,2.034025
23.574003,0.284631,0.097586,0.235199,0.807199,-0.472415,2.037933
23.577384,0.284927,0.098059,0.235596,0.809892,-0.465033,2.041822
23.587420,0.285423,0.098578,0.236132,0.812127,-0.456496,2.046291
23.588530,0.286392,0.099769,0.236679,0.814413,-0.452621,2.050862
23.610975,0.287315,0.100958,0.237176,0.816364,-0.452463,2.053979
23.621587,0.288204,0.101984,0.237528,0.817676,-0.452151,2.056424
23.624336,0.289160,0.102949,0.237876,0.817297,-0.451603,2.059946
23.626905,0.290006,0.103908,0.237894,0.819814,-0.452228,2.062584
23.634192,0.290524,0.104218,0.237852,0.820947,-0.450368,2.064575
23.636945,0.291047,0.104521,0.237744,0.823218,-0.449220,2.066206
23.646015,0.291795,0.104839,0.237686,0.824906,-0.446495,2.068665
23.648658,0.292741,0.105405,0.237281,0.832365,-0.447191,2.070670
23.659621,0.294015,0.105867,0.236665,0.835001,-0.449130,2.071567
23.681757,0.295202,0.106218,0.236044,0.839980,-0.449954,2.072715
23.691103,0.296471,0.106545,0.235429,0.843888,-0.451246,2.074698
23.694952,0.297597,0.106913,0.234683,0.848045,-0.455669,2.076096
23.698321,0.298495,0.107170,0.234014,0.852463,-0.455956,2.076312
23.704854,0.298980,0.107357,0.233523,0.859019,-0.455450,2.076634
23.708322,0.299436,0.107623,0.232899,0.866754,-0.455303,2.076055
23.710731,0.300007,0.107972,0.231860,0.875329,-0.457024,2.073572
23.720731,0.300586,0.108260,0.230751,0.884146,-0.454067,2.070984
23.730009,0.301130,0.108458,0.229742,0.889950,-0.453358,2.068880
23.739183,0.301628,0.108628,0.228906,0.894268,-0.451225,2.067360
23.743143,0.302219,0.108775,0.228223,0.894655,-0.451537,2.067022
23.746058,0.302578,0.108843,0.227981,0.894072,-0.449266,2.067986
23.749295,0.302838,0.108894,0.227801,0.894410,-0.447547,2.069434
23.753146,0.303040,0.108909,0.227728,0.894310,-0.444238,2.070932
23.755889,0.303267,0.109047,0.227611,0.893647,-0.445914,2.072393
23.759037,0.303348,0.109162,0.227461,0.895291,-0.446059,2.072881
23.763009,0.303427,0.109231,0.227236,0.897823,-0.445752,2.072453
23.766690,0.303501,0.109278,0.227063,0.898313,-0.447637,2.071617
23.769068,0.303547,0.109240,0.226927,0.897072,-0.449904,2.070604
23.772939,0.303552,0.109052,0.226833,0.897067,-0.448699,2.069188
23.775666,0.303577,0.108842,0.226775,0.896605,-0.447962,2.068369
23.779434,0.303604,0.108581,0.226859,0.894712,-0.446761,2.069078
23.782342,0.303624,0.108369,0.226960,0.894160,-0.447740,2.069491
23.786801,0.303664,0.108237,0.227035,0.894020,-0.450231,2.069862
23.788908,0.303677,0.108035,0.227130,0.891917,-0.449651,2.070410
23.793232,0.303645,0.107797,0.227205,0.889596,-0.449882,2.070827
23.795885,0.303583,0.107634,0.227205,0.889024,-0.451010,2.070421
23.799457,0.303481,0.107461,0.227176,0.890307,-0.449387,2.070263
23.803131,0.303392,0.107301,0.227116,0.893178,-0.447685,2.070107
23.806114,0.303332,0.107236,0.227033,0.895934,-0.448757,2.070098
23.809278,0.303303,0.107180,0.226950,0.899245,-0.448364,2.069480
23.813199,0.303314,0.107140,0.226882,0.900911,-0.449470,2.069509
23.816381,0.303372,0.107118,0.226828,0.902068,-0.452275,2.068524
23.819081,0.303417,0.107080,0.226806,0.902352,-0.454674,2.067564
23.823117,0.303481,0.107010,0.226789,0.903048,-0.454863,2.066962
23.825738,0.303524,0.106970,0.226789,0.904669,-0.455762,2.066942
23.829029,0.303524,0.106924,0.226769,0.907326,-0.454885,2.066469
23.833247,0.303511,0.106837,0.226756,0.909146,-0.452446,2.066766
23.836710,0.303524,0.106722,0.226742,0.909834,-0.449687,2.067608
23.839350,0.303553,0.106604,0.226715,0.910421,-0.449359,2.068070
23.843327,0.303598,0.106506,0.226652,0.910446,-0.448242,2.068822
23.845859,0.303660,0.106390,0.226588,0.911512,-0.447131,2.069382
23.849037,0.303723,0.106209,0.226572,0.910481,-0.445263,2.070336
23.852623,0.303753,0.106007,0.226538,0.910329,-0.441756,2.071851
23.856004,0.303709,0.105822,0.226493,0.912050,-0.436778,2.073090
23.859046,0.303653,0.105625,0.226476,0.913055,-0.432478,2.074177
23.863396,0.303617,0.105471,0.226429,0.912113,-0.430956,2.075489
23.865613,0.303580,0.105416,0.226338,0.913997,-0.430802,2.075747
23.869211,0.303543,0.105369,0.226254,0.914519,-0.432568,2.075011
23.873363,0.303540,0.105295,0.226174,0.913149,-0.435164,2.074161
23.875488,0.303532,0.105187,0.226115,0.911936,-0.439342,2.072458
23.878809,0.303504,0.105040,0.226090,0.911673,-0.439260,2.071507
23.882478,0.303477,0.104868,0.226064,0.909449,-0.439585,2.071062
23.885736,0.303433,0.104719,0.226063,0.908504,-0.440745,2.070234
23.888904,0.303397,0.104564,0.226027,0.908872,-0.440066,2.069876
23.893157,0.303474,0.104454,0.225905,0.915464,-0.440125,2.072661
23.895551,0.303561,0.104295,0.225706,0.913283,-0.442097,2.074592
23.905787,0.303571,0.104160,0.225476,0.911578,-0.450519,2.075472
23.928574,0.303635,0.104095,0.225181,0.907900,-0.454423,2.075500
23.946599,0.303593,0.104000,0.225038,0.901382,-0.463336,2.076895
23.950248,0.303401,0.103907,0.224961,0.891415,-0.466304,2.073919
23.951473,0.303183,0.103892,0.224968,0.889371,-0.468414,2.071718
23.959949,0.303132,0.104037,0.224846,0.887528,-0.466771,2.071381
23.966394,0.302692,0.104406,0.224696,0.888541,-0.462815,2.073689
23.982271,0.302327,0.104886,0.224420,0.891836,-0.454615,2.074781
24.001588,0.302009,0.105386,0.224163,0.892348,-0.451626,2.077350
24.004842,0.301700,0.105966,0.223810,0.891039,-0.451613,2.080542
24.012902,0.301199,0.106533,0.223417,0.896974,-0.449448,2.083917
24.014069,0.301012,0.106937,0.223131,0.899839,-0.456201,2.085285
24.024271,0.300707,0.107370,0.222835,0.900621,-0.458629,2.084631
24.027589,0.300294,0.107902,0.222452,0.898905,-0.461736,2.084108
24.036770,0.299829,0.108390,0.222116,0.901149,-0.462961,2.082274
24.043966,0.299383,0.108762,0.221950,0.896808,-0.462252,2.079764
24.048299,0.298975,0.109040,0.221721,0.893804,-0.457106,2.078229
24.051090,0.298729,0.109257,0.221532,0.893476,-0.457112,2.078404
24.054018,0.298671,0.109533,0.221189,0.893014,-0.461139,2.079547
24.057375,0.298620,0.109795,0.220877,0.891885,-0.464854,2.079694
24.061625,0.298645,0.110082,0.220551,0.889221,-0.470745,2.079327
24.064363,0.298640,0.110403,0.220202,0.887868,-0.477718,2.078854
24.067636,0.298596,0.110754,0.219833,0.886481,-0.484640,2.078320
24.072048,0.298450,0.110938,0.219672,0.888075,-0.485081,2.077452
24.074385,0.298311,0.111098,0.219536,0.889429,-0.486168,2.076956
24.077390,0.298102,0.111212,0.219502,0.893382,-0.480959,2.076683
24.080720,0.297907,0.111280,0.219521,0.897515,-0.474585,2.076391
24.084327,0.297705,0.111403,0.219444,0.903118,-0.468613,2.076497
24.087528,0.297522,0.111541,0.219378,0.909019,-0.461799,2.076106
24.091001,0.297386,0.111674,0.219312,0.914127,-0.453390,2.077057
24.094649,0.297399,0.111797,0.219193,0.916569,-0.449689,2.078929
24.097676,0.297455,0.111951,0.219045,0.913827,-0.449830,2.081103
24.101377,0.297663,0.112017,0.218999,0.913250,-0.446606,2.081929
24.104736,0.297864,0.112137,0.218864,0.906935,-0.446361,2.084818
24.107579,0.298106,0.112331,0.218658,0.903262,-0.447049,2.086918
24.110950,0.298264,0.112569,0.218426,0.901937,-0.447816,2.088613
24.114492,0.298411,0.112843,0.218265,0.907007,-0.447935,2.089087
24.117587,0.298492,0.113161,0.218049,0.906672,-0.447548,2.090493
24.120563,0.298580,0.113422,0.217944,0.909941,-0.448721,2.090517
24.124068,0.298587,0.113636,0.217902,0.912822,-0.449365,2.089710
24.127427,0.298603,0.113834,0.217837,0.913319,-0.448684,2.089076
24.130834,0.298494,0.113983,0.217690,0.913988,-0.444829,2.088682
24.133965,0.298333,0.114086,0.217606,0.917088,-0.444107,2.088175
24.137484,0.298167,0.114122,0.217524,0.920728,-0.437978,2.087778
24.140665,0.298042,0.114129,0.217452,0.922017,-0.431652,2.088461
24.144416,0.297915,0.114093,0.217439,0.924046,-0.428172,2.088116
24.148236,0.297886,0.114053,0.217449,0.924851,-0.424794,2.088384
24.150616,0.297819,0.114042,0.217419,0.925629,-0.423117,2.088585
24.154817,0.297767,0.114094,0.217344,0.926637,-0.425379,2.087528
24.158114,0.297680,0.114199,0.217273,0.925315,-0.432607,2.087265
24.161400,0.297565,0.114342,0.217161,0.926968,-0.435462,2.086079
24.165035,0.297381,0.114388,0.217047,0.927559,-0.437954,2.084555
24.168406,0.297190,0.114416,0.216976,0.925625,-0.439185,2.083814
24.171660,0.297006,0.114409,0.216939,0.924855,-0.439509,2.083377
24.174769,0.296861,0.114368,0.216900,0.925711,-0.438504,2.082183
24.178055,0.296762,0.114324,0.216871,0.923241,-0.439794,2.082797
24.180928,0.296728,0.114346,0.216881,0.920647,-0.443808,2.083335
24.184285,0.296744,0.114341,0.216857,0.919204,-0.447152,2.082895
24.187958,0.296671,0.114288,0.216812,0.915004,-0.450301,2.083820
24.191098,0.296511,0.114223,0.216704,0.914920,-0.448688,2.083544
24.195036,0.296340,0.114142,0.216610,0.913495,-0.451431,2.082701
24.200588,0.296166,0.114012,0.216469,0.911797,-0.451614,2.082479
24.204977,0.295876,0.113714,0.216390,0.918852,-0.434387,2.087441
24.227559,0.295675,0.113447,0.216324,0.916537,-0.435903,2.086957
24.232382,0.295556,0.113195,0.216274,0.909963,-0.439102,2.088199
24.238403,0.295441,0.112927,0.216219,0.905903,-0.439106,2.089423
24.243232,0.295214,0.112402,0.216360,0.912067,-0.425752,2.092848
24.246432,0.295073,0.112072,0.216463,0.910071,-0.429159,2.091715
24.254134,0.295053,0.111999,0.216298,0.911508,-0.428188,2.091193
24.255541,0.295026,0.111911,0.216169,0.913718,-0.427261,2.090309
24.263726,0.295040,0.111778,0.215900,0.916270,-0.426546,2.089351
24.265146,0.295381,0.111722,0.215348,0.911707,-0.439330,2.086849
24.294043,0.295764,0.111598,0.214745,0.906851,-0.451607,2.084017
24.305917,0.296016,0.111193,0.214398,0.909044,-0.449507,2.084998
24.309070,0.296298,0.110704,0.213966,0.910982,-0.447853,2.085300
24.317286,0.296544,0.110200,0.213635,0.912667,-0.446045,2.086955
24.318980,0.296682,0.109912,0.213375,0.912169,-0.443677,2.087701
24.329188,0.296887,0.109633,0.213175,0.909226,-0.447991,2.088845
24.331158,0.297082,0.109393,0.212972,0.907045,-0.451318,2.089392
24.339428,0.297250,0.109123,0.212786,0.905504,-0.454313,2.089614
24.341794,0.297347,0.108938,0.212623,0.901848,-0.457820,2.090977
24.349437,0.297300,0.108774,0.212499,0.900157,-0.462468,2.089745
24.353048,0.297164,0.108645,0.212364,0.901305,-0.461721,2.088635
24.355658,0.297001,0.108390,0.212206,0.904526,-0.457171,2.088244
24.359478,0.296816,0.108218,0.212167,0.905545,-0.454854,2.088256
24.363425,0.296692,0.108024,0.212144,0.907670,-0.452649,2.085727
24.366015,0.296569,0.107808,0.212002,0.908464,-0.448962,2.085640
24.369437,0.296440,0.107605,0.211850,0.909206,-0.445504,2.085384
24.373363,0.296304,0.107548,0.211714,0.908840,-0.446746,2.084998
24.376688,0.296197,0.107519,0.211532,0.912096,-0.445946,2.084533
24.379323,0.296092,0.107382,0.211416,0.912316,-0.441705,2.084763
24.382980,0.296049,0.107269,0.211433,0.911421,-0.440157,2.084848
24.386208,0.295981,0.107201,0.211392,0.913079,-0.440196,2.084410
24.389884,0.295944,0.107118,0.211374,0.912784,-0.438808,2.084445
24.393289,0.295908,0.107035,0.211356,0.909957,-0.437164,2.085116
24.396544,0.295921,0.107087,0.211252,0.912021,-0.438261,2.085376
24.399795,0.296021,0.107142,0.211128,0.910064,-0.443312,2.086452
24.403352,0.296167,0.107218,0.211107,0.906126,-0.443538,2.088202
24.405715,0.296297,0.107290,0.211082,0.905562,-0.448138,2.087890
24.409547,0.296390,0.107437,0.211023,0.904074,-0.451540,2.087571
24.412832,0.296426,0.107575,0.210987,0.901813,-0.455167,2.087693
24.416194,0.296374,0.107710,0.210972,0.903853,-0.454747,2.086901
24.419389,0.296312,0.107786,0.210897,0.902716,-0.457018,2.086619
24.422858,0.296262,0.107836,0.210812,0.900728,-0.456851,2.087479
24.425965,0.296207,0.107799,0.210739,0.901822,-0.456206,2.087922
24.429848,0.296111,0.107776,0.210605,0.900869,-0.454525,2.088271
24.433033,0.296024,0.107715,0.210515,0.900693,-0.453291,2.088567
24.436145,0.295903,0.107663,0.210441,0.901607,-0.451901,2.088451
24.439193,0.295785,0.107637,0.210379,0.902284,-0.448430,2.089092
24.442526,0.295708,0.107625,0.210313,0.901117,-0.446906,2.090319
24.446624,0.295636,0.107614,0.210283,0.901881,-0.442951,2.090961
24.449362,0.295532,0.107651,0.210193,0.901220,-0.440461,2.092160
24.452469,0.295434,0.107712,0.210109,0.901624,-0.438917,2.092490
24.456007,0.295326,0.107798,0.209987,0.902655,-0.439681,2.091596
24.459759,0.295212,0.107911,0.209866,0.901776,-0.439560,2.091069
24.463418,0.295142,0.108005,0.209773,0.900107,-0.442807,2.090835
24.466331,0.295066,0.108129,0.209633,0.899338,-0.444144,2.090095
24.469291,0.295024,0.108248,0.209478,0.898243,-0.445670,2.090039
24.473063,0.294979,0.108373,0.209342,0.895593,-0.445586,2.091274
24.476017,0.294930,0.108475,0.209222,0.895448,-0.445001,2.092031
24.478951,0.294883,0.108572,0.209091,0.895438,-0.443380,2.093235
24.483021,0.294801,0.108665,0.208958,0.896253,-0.440879,2.094265
24.485754,0.294751,0.108764,0.208761,0.897009,-0.437360,2.096130
24.488889,0.294701,0.108827,0.208521,0.897173,-0.434822,2.097801
24.492358,0.294666,0.108919,0.208306,0.898695,-0.430844,2.099811
24.496355,0.294632,0.109069,0.208017,0.900114,-0.429545,2.101347
24.498977,0.294674,0.109228,0.207790,0.898923,-0.428972,2.102948
24.505379,0.294726,0.109517,0.207592,0.898941,-0.432743,2.103787
24.509622,0.294708,0.109973,0.207338,0.901467,-0.432413,2.103824
24.525409,0.294722,0.110509,0.206984,0.902377,-0.434250,2.103683
24.534831,0.294730,0.111013,0.206679,0.903568,-0.433708,2.103506
24.544606,0.294744,0.111529,0.206351,0.906550,-0.432987,2.103734
24.547767,0.294766,0.111951,0.205988,0.911320,-0.426286,2.104438
24.554203,0.294925,0.112396,0.205652,0.912808,-0.422053,2.106282
24.565448,0.295086,0.112767,0.205308,0.916105,-0.418467,2.107516
24.595336,0.295170,0.113185,0.204993,0.920629,-0.412690,2.108699
24.606890,0.295239,0.113503,0.204657,0.923765,-0.408418,2.109524
24.609390,0.295259,0.113815,0.204414,0.925159,-0.403628,2.110465
24.619605,0.295173,0.113924,0.204224,0.926904,-0.402084,2.110648
24.630302,0.295044,0.114075,0.204070,0.929028,-0.399185,2.110760
24.632349,0.294932,0.114168,0.203900,0.928957,-0.400628,2.111149
24.640621,0.294834,0.114319,0.203746,0.929831,-0.401432,2.111929
24.642844,0.294728,0.114385,0.203586,0.929594,-0.405164,2.111688
24.650448,0.294646,0.114442,0.203468,0.929620,-0.405376,2.112470
24.653348,0.294582,0.114410,0.203420,0.928530,-0.407525,2.113188
24.657592,0.294563,0.114370,0.203388,0.927833,-0.407972,2.113960
24.660619,0.294427,0.114176,0.203426,0.926934,-0.405940,2.114305
24.663733,0.294288,0.113982,0.203477,0.925928,-0.403916,2.114516
24.667570,0.294179,0.113809,0.203538,0.924859,-0.403685,2.114203
24.670310,0.294051,0.113624,0.203583,0.923398,-0.402109,2.114243
24.674081,0.293909,0.113423,0.203623,0.922414,-0.401100,2.113868
24.676799,0.293838,0.113354,0.203608,0.922185,-0.401332,2.113762
24.680269,0.293753,0.113283,0.203556,0.922310,-0.400983,2.113972
24.683990,0.293655,0.113241,0.203447,0.923929,-0.400842,2.113671
24.687439,0.293561,0.113207,0.203323,0.925306,-0.400630,2.113247
24.690763,0.293497,0.113183,0.203204,0.926997,-0.400179,2.112997
24.694080,0.293442,0.113167,0.203084,0.927676,-0.401474,2.112592
24.697803,0.293409,0.113175,0.202990,0.928947,-0.403166,2.112225
24.700593,0.293377,0.113138,0.202919,0.929412,-0.404138,2.112545
24.704174,0.293350,0.113119,0.202859,0.930418,-0.406162,2.112425
24.707134,0.293325,0.113101,0.202806,0.931619,-0.407762,2.112935
24.710464,0.293334,0.113072,0.202775,0.932111,-0.408284,2.113508
24.714576,0.293353,0.113035,0.202758,0.932810,-0.408540,2.114236
24.717114,0.293397,0.113018,0.202766,0.932467,-0.409488,2.114442
24.720304,0.293438,0.112997,0.202782,0.931327,-0.409761,2.115073
24.723994,0.293506,0.112972,0.202798,0.929156,-0.410104,2.115455
24.727557,0.293572,0.112953,0.202821,0.928263,-0.410308,2.115415
24.730420,0.293651,0.112900,0.202872,0.926264,-0.410479,2.115686
24.734251,0.293716,0.112850,0.202920,0.935628,-0.391991,2.119186
24.737260,0.293801,0.112818,0.202957,0.935810,-0.392737,2.118611
24.740117,0.293877,0.112821,0.202966,0.936459,-0.393147,2.118060
24.744000,0.293960,0.112823,0.202968,0.937741,-0.391707,2.118125
24.746560,0.294088,0.112817,0.203022,0.938289,-0.390759,2.118249
24.750477,0.294226,0.112810,0.203093,0.929859,-0.408024,2.115155
24.753282,0.294351,0.112771,0.203207,0.930550,-0.403519,2.116429
24.756773,0.294493,0.112691,0.203357,0.932668,-0.398053,2.118008
24.760356,0.294615,0.112615,0.203519,0.934089,-0.394058,2.119342
24.764151,0.294761,0.112592,0.203644,0.935848,-0.388747,2.120818
24.767560,0.294995,0.112584,0.203799,0.934501,-0.384972,2.122005
24.770598,0.295235,0.112609,0.203880,0.933827,-0.385473,2.122861
24.774264,0.295309,0.112671,0.203871,0.936358,-0.381775,2.122537
24.776798,0.295389,0.112738,0.203844,0.937941,-0.378463,2.122446
24.780298,0.295475,0.112868,0.203765,0.939827,-0.380555,2.121010
24.784024,0.295545,0.113041,0.203694,0.942968,-0.382733,2.119801
24.786972,0.295602,0.113219,0.203674,0.944844,-0.382901,2.119123
24.790726,0.295775,0.113395,0.203686,0.943243,-0.390468,2.117057
24.794158,0.295948,0.113575,0.203686,0.941888,-0.395711,2.115914
24.797278,0.296012,0.113678,0.203699,0.941350,-0.397312,2.115219
24.800736,0.295987,0.113657,0.203625,0.940706,-0.396166,2.113856
24.804527,0.295950,0.113603,0.203565,0.938418,-0.396933,2.111812
24.814572,0.295969,0.113391,0.203583,0.933855,-0.399321,2.110834
24.838713,0.295953,0.113145,0.203642,0.927844,-0.403816,2.109239
24.848486,0.295939,0.112900,0.203695,0.920506,-0.408981,2.107539
24.852010,0.295810,0.112721,0.203750,0.930038,-0.409931,2.107049
24.860363,0.295660,0.112523,0.203856,0.927057,-0.418014,2.105440
24.869755,0.295501,0.112471,0.203949,0.922497,-0.424033,2.105144
24.902219,0.295367,0.112438,0.204036,0.919223,-0.430191,2.104473
24.921791,0.295140,0.112336,0.204155,0.916183,-0.435531,2.103390
24.936055,0.294995,0.112181,0.204305,0.897065,-0.444368,2.102009
24.946352,0.294821,0.112017,0.204354,0.892160,-0.446620,2.102130
24.948491,0.294555,0.111846,0.204363,0.890280,-0.449128,2.101278
24.956682,0.294252,0.111692,0.204336,0.889480,-0.452688,2.100139
24.960174,0.294040,0.111580,0.204264,0.889861,-0.455258,2.100133
24.963905,0.293817,0.111452,0.204252,0.888636,-0.458999,2.099764
24.966906,0.293663,0.111322,0.204284,0.887944,-0.460574,2.099490
24.970042,0.293564,0.111141,0.204387,0.885014,-0.460906,2.100477
24.973579,0.293474,0.110867,0.204550,0.889954,-0.447178,2.104303
24.977206,0.293284,0.110581,0.204717,0.884287,-0.450002,2.103897
24.980604,0.293105,0.110373,0.204809,0.880535,-0.455431,2.102966
24.983042,0.292881,0.110172,0.204895,0.876547,-0.462083,2.101592
24.987092,0.292649,0.109964,0.204934,0.873009,-0.467855,2.099531
24.990295,0.292437,0.109825,0.204967,0.873774,-0.467942,2.098770
24.993838,0.292239,0.109732,0.204988,0.871957,-0.475734,2.096730
24.997468,0.292054,0.109636,0.205012,0.868703,-0.482261,2.094711
25.000835,0.291677,0.109491,0.204939,0.868931,-0.485498,2.092027
25.003078,0.291115,0.109137,0.205026,0.882271,-0.476605,2.092271
25.006479,0.290540,0.108768,0.205147,0.882569,-0.483665,2.088643
25.010731,0.290054,0.108413,0.205289,0.885548,-0.477857,2.087400
25.013289,0.289525,0.108069,0.205419,0.890258,-0.474174,2.085463
25.016252,0.289222,0.107794,0.205630,0.891411,-0.472682,2.084508
25.019778,0.289086,0.107737,0.205727,0.879845,-0.483000,2.080775
25.024204,0.288951,0.107657,0.205780,0.870345,-0.498900,2.076135
25.026515,0.288785,0.107532,0.205908,0.868370,-0.504002,2.074398
25.031080,0.288635,0.107293,0.206190,0.864961,-0.506084,2.073320
25.034216,0.288435,0.106969,0.206563,0.860781,-0.508720,2.071914
25.037369,0.288246,0.106672,0.206919,0.856855,-0.512876,2.070058
25.040822,0.288028,0.106376,0.207274,0.851517,-0.513071,2.068969
25.043514,0.287809,0.106075,0.207606,0.847592,-0.514533,2.067809
25.046636,0.287578,0.105860,0.207828,0.845566,-0.514651,2.067043
25.050375,0.287351,0.105690,0.208020,0.844535,-0.515176,2.066276
25.053174,0.287142,0.105506,0.208223,0.844907,-0.513434,2.065978
25.056325,0.286911,0.105298,0.208521,0.843026,-0.512037,2.065460
25.059658,0.286673,0.105079,0.208855,0.844609,-0.508114,2.065066
25.062966,0.286431,0.104871,0.209178,0.846404,-0.506431,2.063746
25.066220,0.286184,0.104634,0.209540,0.846574,-0.503340,2.062879
25.069560,0.285893,0.104352,0.209946,0.847392,-0.500855,2.062170
25.073349,0.285566,0.104142,0.210262,0.851571,-0.498160,2.060827
25.076661,0.285256,0.103950,0.210535,0.852445,-0.498183,2.059394
25.079843,0.284999,0.103632,0.211036,0.849918,-0.495294,2.059912
25.083149,0.284766,0.103364,0.211521,0.849721,-0.493161,2.059619
25.086390,0.284529,0.103160,0.212031,0.848585,-0.493394,2.058474
25.090293,0.284357,0.102909,0.212636,0.844515,-0.495105,2.057989
25.093731,0.284167,0.102638,0.213287,0.842117,-0.494076,2.057608
25.097153,0.283913,0.102387,0.213886,0.842011,-0.491987,2.055941
25.099921,0.283584,0.102049,0.214578,0.842043,-0.487791,2.055782
25.103221,0.283246,0.101681,0.215266,0.842311,-0.481993,2.055976
25.107235,0.282912,0.101356,0.215881,0.844235,-0.476342,2.056087
25.109694,0.282529,0.101090,0.216400,0.848625,-0.472074,2.055390
25.113858,0.282050,0.100868,0.216942,0.850215,-0.469919,2.055246
25.116921,0.281671,0.100760,0.217324,0.852827,-0.473039,2.052549
25.119828,0.281302,0.100647,0.217715,0.854647,-0.477151,2.050829
25.123435,0.280908,0.100375,0.218310,0.854720,-0.477029,2.049657
25.126525,0.280522,0.099939,0.219104,0.851686,-0.473576,2.049836
25.129843,0.280250,0.099473,0.219873,0.849735,-0.471219,2.049616
25.133749,0.279932,0.098941,0.220794,0.844090,-0.465644,2.051299
25.137100,0.279645,0.098511,0.221717,0.836365,-0.462680,2.051837
25.140606,0.279127,0.097943,0.223116,0.824691,-0.465779,2.051305
25.153157,0.278159,0.097098,0.225304,0.815074,-0.470207,2.048844
25.177656,0.277189,0.096270,0.227456,0.805340,-0.476952,2.045779
25.188128,0.276244,0.095420,0.229649,0.796074,-0.483941,2.043164
25.194170,0.275224,0.094120,0.232252,0.795738,-0.472280,2.044808
25.197784,0.274504,0.093042,0.234155,0.798717,-0.464245,2.046315
25.207158,0.274097,0.092087,0.235698,0.998435,-0.195216,2.112488
25.209614,0.273924,0.091055,0.237375,1.001127,-0.179308,2.115085
25.212626,0.273781,0.090147,0.238865,1.002003,-0.165561,2.119619
25.221903,0.273553,0.089308,0.240569,0.986762,-0.177699,2.117717
25.240520,0.273466,0.088126,0.242931,0.970106,-0.179864,2.119022
25.253561,0.273626,0.087133,0.244838,0.755566,-0.443785,2.055381
25.266938,0.273603,0.086244,0.246570,0.736770,-0.449418,2.055491
25.272743,0.273616,0.085254,0.248420,0.719699,-0.452536,2.053653
25.276621,0.273916,0.084366,0.249923,0.714850,-0.443419,2.058801
25.279252,0.274095,0.083795,0.250940,0.710940,-0.435485,2.061215
25.287834,0.274251,0.083227,0.252027,0.710334,-0.430086,2.063602
25.290448,0.274446,0.082624,0.253179,0.708162,-0.423936,2.066385
25.298749,0.274680,0.081846,0.254542,0.707418,-0.418624,2.069373
25.302001,0.274836,0.081179,0.255674,0.704781,-0.414221,2.071699
25.309508,0.275006,0.080570,0.256707,0.702585,-0.413252,2.073528
25.312840,0.275227,0.079997,0.257653,0.696926,-0.411917,2.075249
25.315785,0.275429,0.079448,0.258595,0.692937,-0.411370,2.077327
25.319710,0.275533,0.079102,0.259306,0.690452,-0.412319,2.079396
25.322701,0.275591,0.078818,0.259980,0.687076,-0.415473,2.079978
25.325491,0.275647,0.078537,0.260665,0.684539,-0.416457,2.081058
25.329472,0.275707,0.078275,0.261286,0.680309,-0.419043,2.081263
25.333244,0.275737,0.078005,0.261881,0.679770,-0.421877,2.081623
25.335830,0.275860,0.077669,0.262541,0.677235,-0.422960,2.082043
25.338742,0.275957,0.077300,0.263193,0.674579,-0.423614,2.082680
25.342613,0.276036,0.076875,0.263901,0.671137,-0.424540,2.083701
25.345688,0.276056,0.076456,0.264626,0.669933,-0.423950,2.085912
25.348974,0.276187,0.076040,0.265379,0.664544,-0.423039,2.088200
25.353084,0.276323,0.075773,0.266012,0.655680,-0.426657,2.089317
25.355943,0.276499,0.075547,0.266619,0.647082,-0.433343,2.090796
25.359226,0.276663,0.075380,0.267097,0.638723,-0.441867,2.090685
25.363293,0.276827,0.075088,0.267687,0.629428,-0.451350,2.089854
25.366477,0.276936,0.074752,0.268284,0.619189,-0.458575,2.089022
25.369357,0.276876,0.074094,0.269061,0.619030,-0.452711,2.090762
25.372756,0.276825,0.073358,0.270001,0.616094,-0.444433,2.092757
25.376615,0.276716,0.072578,0.271019,0.613421,-0.431701,2.096513
25.379441,0.276468,0.071780,0.272107,0.619162,-0.410830,2.098215
25.383152,0.276126,0.071010,0.273138,0.625482,-0.393013,2.098848
25.386041,0.275858,0.070499,0.273976,0.627546,-0.383626,2.097430
25.389807,0.275564,0.070048,0.274680,0.632257,-0.376806,2.095846
25.392857,0.275353,0.069577,0.275480,0.636169,-0.370695,2.094050
25.395499,0.275246,0.069216,0.276053,0.634562,-0.370268,2.093868
25.399183,0.275183,0.068817,0.276718,0.631453,-0.369400,2.094007
25.403580,0.275193,0.068355,0.277484,0.627170,-0.367148,2.094851
25.406639,0.275186,0.067906,0.278242,0.622541,-0.362851,2.094920
25.409254,0.275119,0.067513,0.278917,0.619947,-0.359861,2.094508
25.413263,0.275076,0.067168,0.279630,0.619319,-0.357850,2.094298
25.415911,0.275043,0.066879,0.280267,0.621763,-0.357173,2.095501
25.419188,0.275004,0.066483,0.280995,0.620925,-0.353865,2.096022
25.422421,0.275006,0.066087,0.281705,0.620672,-0.351383,2.096756
25.426057,0.275033,0.065651,0.282448,0.619659,-0.348614,2.097654
25.429863,0.275071,0.065151,0.283263,0.614143,-0.343889,2.099589
25.433089,0.275102,0.064598,0.284186,0.610397,-0.333766,2.101088
25.435578,0.275088,0.064218,0.284902,0.610968,-0.329702,2.102424
25.439105,0.275054,0.063840,0.285626,0.609504,-0.326675,2.104146
25.442259,0.274986,0.063498,0.286301,0.608930,-0.325010,2.105520
25.445952,0.274880,0.063148,0.286930,0.610113,-0.324862,2.105144
25.449202,0.274814,0.062804,0.287543,0.606924,-0.329164,2.104424
25.452828,0.274719,0.062393,0.288263,0.604062,-0.330278,2.104055
25.456036,0.274880,0.061692,0.289301,0.601664,-0.321380,2.108656
25.459383,0.275014,0.060973,0.290407,0.587147,-0.313121,2.108268
25.462394,0.275147,0.060222,0.291879,0.584351,-0.308766,2.108117
25.465815,0.275053,0.059523,0.293340,0.564252,-0.293286,2.105966
25.468894,0.275002,0.059067,0.294735,0.562669,-0.294730,2.105957
25.472712,0.274640,0.059240,0.295528,0.565978,-0.303805,2.101499
25.479219,0.274083,0.059867,0.296402,0.581115,-0.310004,2.102075
25.488832,0.273722,0.060037,0.297523,0.580240,-0.310919,2.105045
25.492517,0.273619,0.059640,0.298432,0.599023,-0.322503,2.111964
25.498802,0.273645,0.058713,0.300418,0.585537,-0.307433,2.117498
25.508132,0.273870,0.056915,0.303889,0.566589,-0.287995,2.124162
25.531286,0.273428,0.053926,0.309740,0.545772,-0.266840,2.130691
25.539619,0.272971,0.052294,0.312876,0.533008,-0.252286,2.137391
25.550056,0.272398,0.051041,0.315591,0.515596,-0.233943,2.138659
25.552943,0.271978,0.050280,0.317195,0.512587,-0.227685,2.140657
25.556391,0.271501,0.049785,0.318487,0.511241,-0.225810,2.141062
25.600163,0.264778,0.047739,0.331605,0.524475,-0.221585,2.152825
25.631697,0.261692,0.043769,0.339319,0.542929,-0.231644,2.154800
25.632761,0.260277,0.042862,0.342134,0.549900,-0.235095,2.154220
25.655725,0.257431,0.043305,0.345282,0.538105,-0.216268,2.151844
25.665868,0.256815,0.043527,0.345787,0.556189,-0.228464,2.152409
