t_sec,x_m,y_m,z_m,rx_rad,ry_rad,rz_rad
0.003083,0.427076,-0.009258,0.387067,1.350078,1.568693,2.280786
0.006898,0.427223,-0.009296,0.386897,1.352167,1.565695,2.287293
0.010129,0.427362,-0.009344,0.386813,1.354318,1.568077,2.287461
0.013428,0.427741,-0.009442,0.386634,1.359304,1.582786,2.287849
0.016729,0.428028,-0.009697,0.386605,1.355669,1.572584,2.299296
0.019893,0.428187,-0.009970,0.386647,1.352411,1.557189,2.309646
0.023094,0.428320,-0.010276,0.386736,1.352101,1.552935,2.312612
0.026797,0.428452,-0.010772,0.386760,1.350769,1.544722,2.317811
0.029623,0.428514,-0.011204,0.386698,1.352141,1.536029,2.319965
0.033098,0.428536,-0.011643,0.386725,1.354158,1.541607,2.315506
0.036555,0.428548,-0.012236,0.386866,1.355908,1.542099,2.312372
0.039892,0.428558,-0.012843,0.387028,1.355968,1.542683,2.308874
0.042923,0.428518,-0.013333,0.387229,1.356319,1.542724,2.306068
0.046829,0.428441,-0.013899,0.387462,1.355367,1.543761,2.304019
0.049467,0.428404,-0.014360,0.387648,1.357153,1.537793,2.302547
0.052999,0.428427,-0.014727,0.387787,1.358552,1.535887,2.303080
0.056748,0.428443,-0.015313,0.388019,1.359480,1.536784,2.300760
0.060159,0.428522,-0.015886,0.388286,1.358964,1.539507,2.299311
0.063444,0.428651,-0.016421,0.388511,1.359419,1.541647,2.297780
0.066505,0.428816,-0.016940,0.388682,1.358641,1.543816,2.298098
0.069719,0.428950,-0.017439,0.388775,1.358576,1.547461,2.295420
0.073183,0.429050,-0.017841,0.388860,1.358307,1.550259,2.294405
0.076368,0.429080,-0.018178,0.388921,1.360993,1.551013,2.293430
0.080414,0.429068,-0.018500,0.388973,1.363523,1.550881,2.293050
0.083271,0.429086,-0.018931,0.389095,1.364399,1.553919,2.290003
0.086884,0.429064,-0.019390,0.389240,1.366517,1.554922,2.286399
0.089904,0.429097,-0.019693,0.389297,1.369331,1.554146,2.285336
0.093291,0.429132,-0.020076,0.389333,1.370324,1.554824,2.282455
0.096890,0.429157,-0.020526,0.389344,1.372932,1.555746,2.277388
0.099925,0.429055,-0.020906,0.389445,1.377665,1.550380,2.274791
0.103388,0.428964,-0.021245,0.389523,1.380253,1.546427,2.272986
0.106778,0.428895,-0.021765,0.389672,1.384958,1.547167,2.267793
0.110091,0.428833,-0.022189,0.389840,1.388444,1.541876,2.264963
0.112809,0.428928,-0.022571,0.390080,1.388706,1.536911,2.264727
0.116440,0.429046,-0.023132,0.390368,1.386331,1.543368,2.264291
0.123120,0.429513,-0.023961,0.390694,1.383440,1.546159,2.265220
0.138369,0.430112,-0.024588,0.390948,1.375778,1.543619,2.272709
0.152755,0.430771,-0.025229,0.391219,1.369153,1.543782,2.280582
0.155542,0.431321,-0.025919,0.391503,1.362815,1.545137,2.287063
0.162892,0.431777,-0.026613,0.391837,1.360567,1.539963,2.290538
0.164807,0.431898,-0.027154,0.392206,1.359161,1.539285,2.291870
0.174715,0.431964,-0.027789,0.392511,1.359384,1.533641,2.290074
0.176881,0.431997,-0.028591,0.392853,1.359091,1.532451,2.287026
0.195072,0.432091,-0.029533,0.393254,1.358989,1.531305,2.283199
0.198286,0.432287,-0.030275,0.393491,1.357915,1.527423,2.281815
0.206280,0.432478,-0.030959,0.393711,1.357549,1.522551,2.280189
0.209979,0.432670,-0.031693,0.394026,1.357893,1.530719,2.276562
0.214332,0.432762,-0.032393,0.394385,1.361393,1.536709,2.270788
0.217039,0.432743,-0.032887,0.394661,1.364129,1.536937,2.267361
0.219893,0.432992,-0.033780,0.395041,1.366160,1.545658,2.261130
0.228782,0.433288,-0.034653,0.395371,1.369174,1.549436,2.259056
0.238164,0.433332,-0.035582,0.395979,1.364674,1.539861,2.258429
0.248618,0.433486,-0.036445,0.396469,1.356530,1.524452,2.259304
0.257143,0.433787,-0.037254,0.396860,1.358086,1.528802,2.258305
0.261072,0.433860,-0.037625,0.397094,1.357287,1.518651,2.261902
0.264096,0.433890,-0.037919,0.397336,1.356133,1.516553,2.261179
0.266614,0.434136,-0.037918,0.397166,1.359420,1.521754,2.260858
0.270591,0.434352,-0.037884,0.397121,1.363550,1.535446,2.262588
0.273344,0.434533,-0.037854,0.397042,1.361300,1.529942,2.264675
0.277049,0.434696,-0.037897,0.397111,1.359780,1.533768,2.265444
0.280669,0.434834,-0.038036,0.397175,1.356125,1.533913,2.266661
0.283809,0.434927,-0.038352,0.397252,1.359590,1.531696,2.266491
0.287536,0.434992,-0.038661,0.397237,1.363174,1.524678,2.265796
0.290607,0.434953,-0.039047,0.397385,1.365364,1.522699,2.264553
0.293684,0.434943,-0.039374,0.397417,1.365512,1.521402,2.262287
0.297384,0.434980,-0.039648,0.397509,1.367079,1.521421,2.261933
0.300631,0.435006,-0.039852,0.397643,1.363975,1.527478,2.259089
0.304223,0.435039,-0.040076,0.397779,1.362152,1.532526,2.257664
0.307275,0.435109,-0.040277,0.397855,1.360155,1.539532,2.255897
0.310497,0.435112,-0.040574,0.397937,1.360871,1.543156,2.253997
0.314254,0.435121,-0.040864,0.397971,1.360804,1.546373,2.251147
0.317071,0.435134,-0.041152,0.397989,1.362508,1.543531,2.252109
0.320784,0.435107,-0.041503,0.398016,1.363901,1.545307,2.249368
0.323869,0.435026,-0.041826,0.398045,1.366040,1.541467,2.248559
0.326958,0.434906,-0.042181,0.398161,1.369634,1.542308,2.244863
0.330792,0.434746,-0.042539,0.398318,1.373141,1.539332,2.243157
0.333409,0.434620,-0.042823,0.398449,1.375028,1.535723,2.242070
0.336839,0.434539,-0.043012,0.398599,1.377819,1.530851,2.243158
0.340899,0.434574,-0.043251,0.398716,1.379444,1.528369,2.244378
0.344043,0.434659,-0.043445,0.398729,1.378245,1.527636,2.245554
0.347408,0.434708,-0.043748,0.398796,1.378447,1.528854,2.244905
0.350987,0.434716,-0.044139,0.398899,1.380160,1.532648,2.242556
0.353844,0.434713,-0.044531,0.398978,1.378970,1.533665,2.240576
0.356887,0.434695,-0.044885,0.399114,1.376252,1.535758,2.238408
0.361021,0.434674,-0.045235,0.399287,1.376085,1.531385,2.239026
0.364081,0.434649,-0.045524,0.399451,1.374746,1.528852,2.238782
0.367213,0.434528,-0.045832,0.399619,1.375271,1.529354,2.237687
0.370892,0.434403,-0.046170,0.399777,1.376088,1.531244,2.235595
0.373843,0.434393,-0.046486,0.399947,1.377197,1.529959,2.235016
0.377091,0.434384,-0.046775,0.400089,1.377955,1.531016,2.235960
0.380935,0.434439,-0.047081,0.400063,1.381443,1.530250,2.234227
0.384162,0.434584,-0.047360,0.400062,1.380432,1.525266,2.236699
0.387298,0.434723,-0.047625,0.400092,1.380055,1.526059,2.237282
0.390477,0.434666,-0.047953,0.400061,1.377843,1.521740,2.232877
0.393367,0.434600,-0.048251,0.400087,1.379079,1.520624,2.229373
0.397595,0.434612,-0.048513,0.400174,1.377474,1.519865,2.230506
0.400867,0.434642,-0.048736,0.400237,1.375928,1.520819,2.229465
0.403530,0.434701,-0.048923,0.400233,1.374201,1.517703,2.229878
0.413814,0.434974,-0.049498,0.400332,1.375949,1.522308,2.233671
0.417559,0.435041,-0.049787,0.400507,1.374071,1.523505,2.234967
0.420712,0.435084,-0.050099,0.400743,1.373421,1.523563,2.234837
0.424178,0.435119,-0.050524,0.401026,1.373275,1.523770,2.232882
0.426680,0.435132,-0.050907,0.401309,1.373833,1.521486,2.231520
0.430676,0.435222,-0.051110,0.401380,1.372259,1.519590,2.232885
0.434013,0.435335,-0.051265,0.401423,1.370616,1.517953,2.234283
0.437305,0.435520,-0.051464,0.401463,1.366917,1.519140,2.235182
0.440760,0.435712,-0.051533,0.401479,1.363928,1.519416,2.237894
0.443089,0.435746,-0.051618,0.401592,1.362470,1.518562,2.241484
0.447215,0.435605,-0.051718,0.401741,1.364879,1.516092,2.241324
0.450426,0.435459,-0.051820,0.401887,1.366779,1.512708,2.241504
0.454070,0.435377,-0.051863,0.402002,1.366608,1.511518,2.242350
0.457209,0.435225,-0.051884,0.402106,1.368596,1.508093,2.243167
0.474992,0.435212,-0.051885,0.402108,1.369117,1.507704,2.242663
0.582556,0.436103,-0.055383,0.403959,1.358455,1.497827,2.237880
0.601591,0.436059,-0.056082,0.403537,1.387778,1.462788,2.234172
0.621725,0.436086,-0.056206,0.403616,1.384819,1.456729,2.239988
0.640907,0.436642,-0.056241,0.403567,1.375943,1.454650,2.250796
0.647968,0.436634,-0.056202,0.403559,1.375943,1.454650,2.250796
0.651484,0.436664,-0.056199,0.403549,1.375943,1.454650,2.250796
0.672675,0.436489,-0.055874,0.403788,1.376579,1.454979,2.257424
0.677695,0.436643,-0.055857,0.403794,1.373359,1.452684,2.260542
0.681241,0.436751,-0.055786,0.403803,1.371881,1.451131,2.261486
0.684687,0.436859,-0.055556,0.403833,1.365039,1.454160,2.266032
0.688100,0.436946,-0.055315,0.403834,1.363147,1.450903,2.270659
0.691265,0.436988,-0.055111,0.403872,1.357055,1.452827,2.274905
0.694517,0.436948,-0.054865,0.403893,1.353566,1.454712,2.277924
0.698008,0.436881,-0.054647,0.403901,1.348335,1.455811,2.282848
0.701204,0.436844,-0.054480,0.403841,1.349353,1.447136,2.286658
0.704920,0.436826,-0.054334,0.403818,1.345503,1.443414,2.291394
0.707569,0.436860,-0.054245,0.403825,1.344915,1.437114,2.294429
0.711474,0.436872,-0.054170,0.403816,1.343121,1.433527,2.296886
0.715195,0.436881,-0.054069,0.403800,1.343612,1.426154,2.301199
0.717966,0.436893,-0.054042,0.403807,1.342274,1.426037,2.303345
0.721568,0.436906,-0.054016,0.403815,1.341029,1.425607,2.305019
0.725221,0.436851,-0.053759,0.403623,1.339504,1.419513,2.309388
0.727719,0.436807,-0.053457,0.403435,1.339019,1.410214,2.314662
0.731716,0.436796,-0.053208,0.403243,1.337176,1.406060,2.317402
0.735171,0.436792,-0.052962,0.403058,1.324598,1.411431,2.320663
0.738227,0.436864,-0.052823,0.402883,1.322568,1.400772,2.325015
0.741603,0.436915,-0.052932,0.403011,1.321561,1.401434,2.326053
0.745174,0.436955,-0.053087,0.403135,1.310454,1.416601,2.325571
0.748443,0.437264,-0.053271,0.403219,1.309202,1.407879,2.328113
0.751548,0.437432,-0.053282,0.403164,1.307448,1.401384,2.331721
0.755140,0.437615,-0.053164,0.403031,1.303264,1.401955,2.335338
0.758385,0.437860,-0.052958,0.402773,1.298834,1.391241,2.343622
0.761720,0.438167,-0.052735,0.402541,1.303526,1.359359,2.355149
0.771489,0.438449,-0.052308,0.402450,1.300045,1.358836,2.360962
0.774887,0.438529,-0.052251,0.402521,1.307966,1.343633,2.366690
0.778668,0.438431,-0.052300,0.402465,1.306715,1.330547,2.373117
0.782017,0.438317,-0.052345,0.402405,1.305157,1.318290,2.377584
0.784836,0.438277,-0.052207,0.402197,1.305104,1.318965,2.378051
0.787767,0.438279,-0.052051,0.401933,1.303037,1.312022,2.381936
0.791632,0.438354,-0.051820,0.401493,1.300171,1.300413,2.386848
0.808746,0.438548,-0.051430,0.401002,1.296391,1.283489,2.395331
0.823743,0.438764,-0.051043,0.400422,1.295829,1.278617,2.398000
0.831516,0.438875,-0.050845,0.399931,1.295043,1.268677,2.403125
0.842920,0.438957,-0.050667,0.399443,1.295264,1.265367,2.406544
0.845321,0.438944,-0.050223,0.398669,1.297486,1.260927,2.412955
0.863800,0.438930,-0.049822,0.397986,1.301005,1.269072,2.414668
0.877064,0.438920,-0.049423,0.397362,1.302754,1.267299,2.421010
0.880008,0.438949,-0.049025,0.396701,1.304308,1.264464,2.426683
0.886366,0.438962,-0.048579,0.395939,1.306863,1.252906,2.433880
0.895111,0.439037,-0.048446,0.395539,1.309595,1.247410,2.439493
0.907352,0.439167,-0.048190,0.395177,1.311249,1.243047,2.442306
0.909141,0.439415,-0.047897,0.394740,1.310906,1.234781,2.448417
0.921722,0.439710,-0.047448,0.394345,1.311047,1.212286,2.459674
0.931961,0.440037,-0.047031,0.394009,1.307714,1.176991,2.475333
0.939063,0.440423,-0.046141,0.393363,1.302615,1.141927,2.489253
0.942536,0.440531,-0.045681,0.393049,1.299108,1.107643,2.505220
0.949255,0.440658,-0.044906,0.392477,1.297011,1.073405,2.519625
0.953059,0.440811,-0.044560,0.392221,1.294517,1.058194,2.526718
0.963249,0.441014,-0.043933,0.391880,1.294254,1.057252,2.530568
0.988843,0.443944,-0.041634,0.390475,1.282063,1.096742,2.535286
0.992222,0.443968,-0.041626,0.390435,1.285669,1.105169,2.533126
0.998496,0.444186,-0.041157,0.390112,1.285501,1.095014,2.536769
1.002251,0.444274,-0.040892,0.389862,1.285554,1.091450,2.536493
1.009441,0.444455,-0.040378,0.389337,1.283768,1.072354,2.540999
1.012722,0.444503,-0.040287,0.389128,1.284559,1.063919,2.546617
1.019127,0.444678,-0.039476,0.388649,1.280282,1.040764,2.553644
1.022846,0.445042,-0.038593,0.388405,1.282311,1.050567,2.555031
1.026077,0.445389,-0.037728,0.388204,1.283946,1.060030,2.557771
1.029272,0.445767,-0.036869,0.388035,1.282983,1.056415,2.562535
1.032784,0.446045,-0.036368,0.387819,1.283554,1.073040,2.561284
1.036183,0.446299,-0.035785,0.387622,1.283195,1.078539,2.562185
1.039530,0.446259,-0.035596,0.387340,1.280644,1.064910,2.564646
1.043158,0.446310,-0.035173,0.386962,1.279983,1.050304,2.569625
1.046243,0.446357,-0.034785,0.386603,1.281768,1.091945,2.563173
1.048901,0.446561,-0.034374,0.386442,1.281623,1.096223,2.563791
1.059315,0.447687,-0.033189,0.386360,1.283618,1.137713,2.556358
1.062848,0.448008,-0.032848,0.386365,1.283647,1.180587,2.549026
1.069389,0.448386,-0.031931,0.386032,1.282738,1.224682,2.538911
1.073004,0.448438,-0.031636,0.385857,1.284567,1.206332,2.544222
1.079224,0.448687,-0.029993,0.385416,1.288387,1.197840,2.543747
1.083069,0.448680,-0.028968,0.385099,1.296881,1.181492,2.548710
1.093114,0.448207,-0.025983,0.383865,1.304722,1.172941,2.550883
1.099578,0.448053,-0.024916,0.383345,1.310004,1.151790,2.554860
1.102760,0.448101,-0.024534,0.383217,1.317153,1.154605,2.553314
1.119126,0.449268,-0.020826,0.382296,1.322503,1.207480,2.551697
1.123198,0.449390,-0.020664,0.382258,1.322503,1.207480,2.551697
1.129537,0.449500,-0.020486,0.382223,1.322503,1.207480,2.551697
1.231744,0.452073,0.005955,0.372033,1.315604,1.197114,2.570739
1.282446,0.449069,0.020326,0.362935,-1.351480,-1.217521,-2.504796
1.289360,0.448854,0.020490,0.362779,-1.354449,-1.214277,-2.505607
1.292568,0.448720,0.020830,0.362539,-1.355112,-1.207390,-2.507224
1.299247,0.448741,0.022741,0.361318,-1.362566,-1.183288,-2.523906
1.302451,0.448824,0.023695,0.360683,-1.367967,-1.167745,-2.534199
1.305800,0.448874,0.024579,0.360184,-1.366836,-1.167470,-2.532242
1.308911,0.448868,0.025341,0.359648,-1.370298,-1.164314,-2.530994
1.312754,0.448838,0.025593,0.359293,-1.374687,-1.167515,-2.528020
1.316315,0.448894,0.026051,0.358833,-1.372112,-1.187892,-2.508891
1.318973,0.449170,0.026835,0.358200,-1.371549,-1.184627,-2.513146
1.322665,0.449501,0.027658,0.357535,-1.372786,-1.174055,-2.522456
1.326544,0.449730,0.028779,0.356917,-1.374260,-1.159381,-2.529888
1.328704,0.449929,0.029887,0.356293,-1.375782,-1.142833,-2.537552
1.332596,0.449972,0.030646,0.355751,-1.373259,-1.144075,-2.535601
1.335622,0.449828,0.031166,0.355195,-1.372968,-1.158768,-2.518364
1.339220,0.449639,0.031596,0.354658,-1.371311,-1.170185,-2.506904
1.342098,0.449745,0.031984,0.353958,-1.363372,-1.189784,-2.495454
1.344944,0.449916,0.032726,0.353324,-1.362846,-1.191645,-2.494821
1.349444,0.450106,0.033804,0.352436,-1.362864,-1.192301,-2.490338
1.352492,0.450267,0.035022,0.351416,-1.362485,-1.189595,-2.488380
1.358947,0.450523,0.037353,0.349382,-1.364533,-1.181528,-2.486976
1.362628,0.450506,0.038139,0.348474,-1.368242,-1.179653,-2.483621
1.365700,0.450495,0.038748,0.347787,-1.364566,-1.191694,-2.467872
1.369399,0.450532,0.039287,0.347331,-1.368161,-1.187894,-2.468475
1.372590,0.450703,0.040057,0.346913,-1.375876,-1.170392,-2.475788
1.375321,0.450938,0.040912,0.346371,-1.382042,-1.159184,-2.481489
1.379264,0.451273,0.041741,0.345791,-1.386111,-1.140617,-2.489300
1.382076,0.451704,0.042736,0.345186,-1.387680,-1.125379,-2.498356
1.388240,0.451937,0.044636,0.343902,-1.389385,-1.117483,-2.494307
1.391875,0.451770,0.045506,0.343118,-1.385798,-1.128182,-2.480164
1.395369,0.451568,0.046403,0.342309,-1.382184,-1.134040,-2.465998
1.399002,0.451374,0.047209,0.341409,-1.384147,-1.139978,-2.452390
1.402374,0.451271,0.047956,0.340364,-1.388357,-1.146563,-2.438832
1.405736,0.451635,0.048722,0.339510,-1.389289,-1.144217,-2.435554
1.408967,0.451908,0.049553,0.338541,-1.395029,-1.129684,-2.442666
1.412375,0.452149,0.050374,0.337806,-1.398286,-1.131016,-2.440470
1.415722,0.452546,0.051715,0.336779,-1.400389,-1.116219,-2.445231
1.418526,0.452861,0.053040,0.335832,-1.404719,-1.100006,-2.450578
1.421690,0.453193,0.054278,0.334749,-1.387842,-1.084343,-2.463871
1.428420,0.454451,0.057363,0.333700,-1.357723,-1.076388,-2.465962
1.438870,0.457231,0.062798,0.333861,-1.338429,-1.054423,-2.478406
1.441761,0.457925,0.064366,0.333667,-1.318569,-1.051888,-2.478872
1.452155,0.457949,0.066822,0.332147,-1.295012,-1.049376,-2.483458
1.455648,0.457975,0.067923,0.331139,-1.288834,-1.043425,-2.476134
1.458906,0.458087,0.069076,0.330177,-1.298584,-1.042886,-2.473945
1.462043,0.458272,0.070210,0.329237,-1.296730,-1.041988,-2.468554
1.469245,0.458894,0.072812,0.327296,-1.290613,-1.038577,-2.472349
1.473531,0.458955,0.073527,0.326882,-1.285409,-1.034119,-2.470974
1.489648,0.459146,0.074827,0.325697,-1.288885,-1.028555,-2.475114
1.491167,0.459312,0.076503,0.324460,-1.274759,-1.019540,-2.478712
1.504879,0.459660,0.078209,0.323138,-1.271029,-1.011103,-2.482855
1.507605,0.460034,0.079830,0.321806,-1.267192,-0.998243,-2.483598
1.510691,0.460317,0.081506,0.320566,-1.258108,-0.987647,-2.488043
1.518672,0.460488,0.082787,0.319873,-1.252044,-0.975099,-2.491274
1.520503,0.460604,0.083905,0.318983,-1.257575,-0.964897,-2.491906
1.533828,0.461173,0.087745,0.315677,-1.251280,-0.944555,-2.494428
1.552732,0.461549,0.090158,0.313515,-1.247205,-0.937370,-2.497309
1.562355,0.461994,0.092444,0.311115,-1.247385,-0.922122,-2.497181
1.567294,0.462569,0.094694,0.308873,-1.243018,-0.919075,-2.497852
1.570651,0.463064,0.096738,0.306401,-1.239916,-0.910881,-2.497173
1.579099,0.463183,0.097563,0.304691,-1.243605,-0.911156,-2.496898
1.591460,0.463327,0.098253,0.302852,-1.250412,-0.900518,-2.496745
1.592527,0.463500,0.099019,0.301148,-1.262629,-0.896875,-2.496754
1.600931,0.463626,0.099847,0.299343,-1.271523,-0.880564,-2.495707
1.603822,0.463755,0.100574,0.298301,-1.278696,-0.873196,-2.498500
1.610542,0.463895,0.101274,0.297312,-1.282439,-0.864287,-2.500838
1.614576,0.464095,0.102262,0.296595,-1.279930,-0.855716,-2.501864
1.618179,0.464206,0.103223,0.295961,-1.272993,-0.850361,-2.502954
1.620894,0.464363,0.104024,0.295295,-1.270524,-0.848004,-2.507199
1.624845,0.464422,0.104597,0.294777,-1.267762,-0.844792,-2.507069
1.627875,0.464523,0.105212,0.294159,-1.264491,-0.848969,-2.505696
1.630643,0.464611,0.105736,0.293433,-1.264341,-0.850531,-2.502331
1.634966,0.464611,0.106519,0.292825,-1.267583,-0.842111,-2.496222
1.641439,0.464569,0.108866,0.291030,-1.268835,-0.841598,-2.488439
1.644352,0.464490,0.110171,0.290111,-1.268436,-0.831845,-2.484756
1.648358,0.464427,0.111231,0.289351,-1.269479,-0.821227,-2.481309
1.651665,0.464344,0.111990,0.288713,-1.273925,-0.812122,-2.482987
1.654963,0.464298,0.112531,0.288395,-1.272997,-0.808758,-2.487208
1.658000,0.464248,0.113119,0.288132,-1.267718,-0.803311,-2.492628
1.661305,0.464258,0.113755,0.287876,-1.262913,-0.801541,-2.495376
1.664655,0.464303,0.114502,0.287480,-1.259451,-0.794363,-2.497478
1.671279,0.464553,0.116295,0.286518,-1.252994,-0.788913,-2.497882
1.674723,0.464641,0.117013,0.285945,-1.250322,-0.787037,-2.496779
1.677748,0.464673,0.117430,0.285314,-1.255789,-0.787554,-2.494992
1.681230,0.464739,0.117755,0.284633,-1.259738,-0.790786,-2.493283
1.684420,0.464832,0.118048,0.284006,-1.259747,-0.793957,-2.492853
1.687421,0.464848,0.118331,0.283539,-1.263847,-0.799522,-2.490391
1.690792,0.464913,0.118722,0.283022,-1.264350,-0.803872,-2.489763
1.694299,0.465052,0.119629,0.282475,-1.258959,-0.809156,-2.484872
1.698093,0.465097,0.120629,0.281973,-1.255082,-0.810965,-2.481600
1.700544,0.465146,0.121560,0.281202,-1.257588,-0.811687,-2.476694
1.704704,0.465291,0.122555,0.280259,-1.256921,-0.807172,-2.474141
1.708309,0.465387,0.123537,0.279366,-1.258101,-0.805059,-2.469727
1.711235,0.465430,0.124321,0.278716,-1.256552,-0.800103,-2.470228
1.715062,0.465476,0.125021,0.278056,-1.257723,-0.794157,-2.470062
1.718077,0.465557,0.126204,0.277385,-1.254191,-0.786170,-2.465645
1.721428,0.465623,0.127242,0.276885,-1.251625,-0.784916,-2.457123
1.724245,0.465796,0.128305,0.276101,-1.250298,-0.791322,-2.455129
1.727608,0.465916,0.129308,0.275311,-1.247495,-0.784839,-2.450628
1.731287,0.466003,0.130365,0.274581,-1.249214,-0.782565,-2.444693
1.734069,0.466002,0.130780,0.274164,-1.251429,-0.782643,-2.448379
1.737440,0.465993,0.131193,0.273773,-1.248123,-0.782033,-2.454756
1.740431,0.465910,0.131689,0.273759,-1.244994,-0.778861,-2.457734
1.744140,0.465987,0.132466,0.273458,-1.245360,-0.778713,-2.457660
1.746979,0.466156,0.133287,0.273216,-1.237061,-0.775704,-2.460153
1.750510,0.466265,0.134284,0.272928,-1.235467,-0.764550,-2.459824
1.754857,0.466416,0.135356,0.272448,-1.232597,-0.764660,-2.456293
1.758168,0.466547,0.136191,0.271945,-1.229154,-0.756904,-2.451232
1.761533,0.466487,0.136355,0.271670,-1.233733,-0.762790,-2.453326
1.764628,0.466375,0.136344,0.271401,-1.239468,-0.773033,-2.455314
1.767813,0.466307,0.136221,0.271097,-1.241518,-0.790929,-2.455507
1.771352,0.466228,0.136170,0.271013,-1.244596,-0.797229,-2.459364
1.774336,0.466135,0.136173,0.270893,-1.247140,-0.805451,-2.463527
1.777535,0.466094,0.136505,0.270814,-1.247436,-0.804444,-2.465226
1.781389,0.466082,0.136973,0.270649,-1.247019,-0.801974,-2.464770
1.784997,0.466101,0.137375,0.270567,-1.247456,-0.801478,-2.464284
1.788105,0.466034,0.137657,0.270394,-1.252301,-0.803055,-2.463588
1.791382,0.465900,0.137981,0.270093,-1.257307,-0.802983,-2.460529
1.793870,0.465870,0.138482,0.269675,-1.257850,-0.805804,-2.459740
1.798354,0.465983,0.140025,0.269187,-1.250503,-0.800875,-2.458377
1.810882,0.465971,0.141613,0.268634,-1.246616,-0.796259,-2.455862
1.817125,0.466033,0.142914,0.267860,-1.246005,-0.793551,-2.451793
1.825456,0.466226,0.144204,0.267062,-1.241963,-0.794217,-2.453226
1.829960,0.466438,0.145511,0.266287,-1.237763,-0.793838,-2.452737
1.833144,0.466494,0.146028,0.265756,-1.238824,-0.799915,-2.452848
1.842137,0.466523,0.146774,0.264795,-1.241239,-0.805843,-2.451880
1.852294,0.466478,0.148267,0.263690,-1.241243,-0.806468,-2.451843
1.873663,0.466371,0.149850,0.262636,-1.242821,-0.809333,-2.446423
1.885452,0.466205,0.151298,0.261649,-1.245076,-0.809106,-2.442436
1.887613,0.465983,0.152469,0.260446,-1.252439,-0.808882,-2.439012
1.896590,0.465845,0.153746,0.259469,-1.251811,-0.813425,-2.432807
1.907468,0.465857,0.154832,0.258843,-1.252710,-0.811603,-2.431880
1.916769,0.465857,0.155906,0.258300,-1.246332,-0.813839,-2.426012
1.920204,0.465910,0.157309,0.257671,-1.240603,-0.821014,-2.418414
1.932578,0.466084,0.159496,0.256933,-1.234890,-0.829023,-2.411888
1.935278,0.466009,0.160156,0.256614,-1.231349,-0.829089,-2.411278
1.938929,0.465870,0.160645,0.256262,-1.228112,-0.831791,-2.408607
1.942218,0.465638,0.160629,0.255982,-1.226156,-0.823634,-2.417553
1.949287,0.465264,0.160532,0.255506,-1.231871,-0.823045,-2.418187
1.955774,0.465193,0.160701,0.254975,-1.233860,-0.823683,-2.417622
1.959132,0.465220,0.160916,0.254745,-1.233022,-0.829075,-2.415931
1.962547,0.465191,0.161214,0.254470,-1.231949,-0.836905,-2.412684
1.965904,0.465161,0.161517,0.254144,-1.238537,-0.844171,-2.404980
1.969070,0.465153,0.161655,0.254096,-1.236163,-0.845205,-2.405027
1.972505,0.465121,0.161717,0.254012,-1.236546,-0.845404,-2.404804
2.008747,0.463681,0.163309,0.250369,-1.250057,-0.819377,-2.408608
2.011569,0.463717,0.163458,0.250194,-1.248381,-0.813604,-2.409203
2.014667,0.463576,0.163503,0.249971,-1.243614,-0.809319,-2.405286
2.018348,0.463619,0.164052,0.249400,-1.244550,-0.808716,-2.404746
2.021626,0.463506,0.164214,0.248805,-1.240335,-0.801342,-2.401497
2.025730,0.463406,0.164483,0.248344,-1.244383,-0.797280,-2.401384
2.028772,0.463225,0.164284,0.247782,-1.242665,-0.803125,-2.400182
2.032081,0.463090,0.164178,0.247267,-1.252456,-0.805462,-2.403363
2.035387,0.462760,0.163640,0.246979,-1.256662,-0.803778,-2.403374
2.038453,0.462708,0.163931,0.246453,-1.261355,-0.809217,-2.399272
2.041875,0.462628,0.164164,0.245819,-1.258475,-0.808530,-2.393535
2.045101,0.462555,0.164792,0.245321,-1.262039,-0.801388,-2.387469
2.048459,0.462628,0.165536,0.244936,-1.254826,-0.798912,-2.380972
2.051743,0.462721,0.166286,0.244560,-1.246868,-0.794493,-2.373598
2.055585,0.462772,0.166676,0.244566,-1.240598,-0.790085,-2.373810
2.058391,0.462837,0.167013,0.244629,-1.221131,-0.784035,-2.380994
2.061966,0.462836,0.167026,0.244231,-1.228394,-0.785172,-2.384218
2.064961,0.462723,0.166788,0.243994,-1.234901,-0.785011,-2.381697
2.069249,0.462671,0.166949,0.243824,-1.232953,-0.783531,-2.384645
2.072547,0.462558,0.166987,0.243578,-1.234494,-0.783596,-2.383924
2.075894,0.462443,0.167048,0.243274,-1.258802,-0.788144,-2.374642
2.078885,0.462336,0.167095,0.243144,-1.246632,-0.784973,-2.372035
2.082261,0.462274,0.167260,0.242810,-1.244882,-0.784123,-2.374314
2.085386,0.462137,0.167009,0.242430,-1.251030,-0.784810,-2.371582
2.088746,0.462080,0.166547,0.242572,-1.252550,-0.792794,-2.374671
2.091581,0.462026,0.166063,0.242771,-1.244495,-0.799196,-2.379887
2.094932,0.462039,0.165862,0.243231,-1.249530,-0.804275,-2.384729
2.098884,0.462060,0.165600,0.243629,-1.247820,-0.809160,-2.390380
2.111780,0.461650,0.165266,0.243084,-1.243637,-0.806810,-2.387623
2.114729,0.461507,0.165403,0.242712,-1.252545,-0.800254,-2.390497
2.119049,0.461384,0.165362,0.242363,-1.256546,-0.792849,-2.392881
2.122698,0.461315,0.165430,0.242136,-1.257325,-0.789821,-2.390695
2.125546,0.461199,0.165530,0.241785,-1.258821,-0.782838,-2.387629
2.220999,0.459720,0.170513,0.233823,-1.252139,-0.757267,-2.334273
2.242082,0.459409,0.170391,0.233220,-1.250242,-0.756565,-2.339560
2.244960,0.459281,0.169853,0.233308,-1.254035,-0.760243,-2.350290
2.254403,0.459580,0.169622,0.233946,-1.284346,-0.759765,-2.352817
2.260547,0.459874,0.169352,0.234565,-1.246310,-0.749271,-2.373911
2.267816,0.459660,0.168682,0.234559,-1.267789,-0.757205,-2.379386
2.271293,0.459393,0.167955,0.234594,-1.283108,-0.756432,-2.384760
2.274498,0.459381,0.167841,0.234610,-1.282576,-0.756548,-2.385335
2.277890,0.459403,0.167718,0.234636,-1.270797,-0.763238,-2.387158
2.281369,0.459365,0.167681,0.234567,-1.290148,-0.764838,-2.392058
2.284141,0.458839,0.167266,0.234209,-1.290970,-0.762431,-2.392679
2.287337,0.458241,0.167002,0.233637,-1.292404,-0.759952,-2.394237
2.290623,0.457664,0.166763,0.233040,-1.306416,-0.749813,-2.394346
2.294372,0.457088,0.166522,0.232379,-1.311505,-0.743734,-2.383244
2.297802,0.456559,0.166278,0.231799,-1.312822,-0.739474,-2.384697
2.300779,0.456476,0.166344,0.231592,-1.325231,-0.733374,-2.383134
2.304112,0.456738,0.166273,0.231410,-1.317504,-0.752232,-2.381335
2.307959,0.457156,0.166359,0.230856,-1.302092,-0.761123,-2.379642
2.311202,0.457280,0.166650,0.230299,-1.304580,-0.741735,-2.394265
2.314643,0.457418,0.166946,0.229826,-1.297271,-0.729941,-2.397861
2.317374,0.457603,0.167476,0.229437,-1.279863,-0.733843,-2.401602
2.321104,0.458141,0.168214,0.229136,-1.276066,-0.712515,-2.398674
2.324664,0.458211,0.168861,0.229153,-1.264753,-0.713717,-2.399439
2.328056,0.458485,0.168889,0.229168,-1.262548,-0.732786,-2.396118
2.330720,0.458632,0.168900,0.229093,-1.262863,-0.731398,-2.395907
2.334265,0.458832,0.168928,0.228711,-1.262662,-0.737948,-2.387827
2.337693,0.458438,0.168839,0.228289,-1.257545,-0.748504,-2.389106
2.340824,0.458134,0.168205,0.228288,-1.275612,-0.741882,-2.390842
2.344685,0.457989,0.167757,0.228287,-1.269534,-0.753040,-2.391782
2.348046,0.457972,0.167275,0.228324,-1.261740,-0.780210,-2.388479
2.350984,0.457809,0.166593,0.228562,-1.272035,-0.771817,-2.393721
2.354474,0.457582,0.165813,0.228812,-1.276650,-0.776304,-2.398863
2.357470,0.457535,0.165466,0.228804,-1.273154,-0.789480,-2.399613
2.360796,0.457411,0.165390,0.228943,-1.280066,-0.780718,-2.400926
2.364602,0.457189,0.165340,0.229053,-1.272421,-0.781787,-2.407136
2.368008,0.457118,0.165526,0.229093,-1.266256,-0.793557,-2.408079
2.371289,0.457229,0.166043,0.228816,-1.271009,-0.767232,-2.411951
2.374457,0.457116,0.166662,0.228382,-1.254540,-0.758997,-2.409424
2.377599,0.457009,0.167200,0.227838,-1.246750,-0.755381,-2.410568
2.381013,0.457000,0.167712,0.227324,-1.260876,-0.725786,-2.409928
2.384290,0.457122,0.168318,0.227156,-1.244550,-0.719921,-2.408512
2.388007,0.457106,0.168710,0.227260,-1.233765,-0.720195,-2.412750
2.390694,0.457345,0.169032,0.227446,-1.253061,-0.699012,-2.418951
2.394316,0.457596,0.169662,0.227511,-1.239193,-0.703943,-2.415405
2.397971,0.457846,0.170291,0.227575,-1.223817,-0.712857,-2.410390
2.401305,0.457552,0.170255,0.227139,-1.244946,-0.688814,-2.416204
2.404612,0.457294,0.170255,0.226616,-1.244143,-0.708041,-2.404076
2.407540,0.457096,0.170539,0.226140,-1.228229,-0.714137,-2.399270
2.411370,0.457083,0.170618,0.225922,-1.240541,-0.701833,-2.395988
2.414209,0.457081,0.170681,0.225702,-1.235188,-0.712401,-2.394884
2.418143,0.457387,0.171051,0.225755,-1.215032,-0.733599,-2.388813
2.421335,0.457578,0.171273,0.225848,-1.217131,-0.712224,-2.401325
2.423945,0.457527,0.170990,0.225967,-1.214531,-0.724547,-2.400731
2.427205,0.457029,0.170306,0.225687,-1.215568,-0.729824,-2.408308
2.431110,0.456403,0.169669,0.225375,-1.235337,-0.709637,-2.415016
2.434443,0.455875,0.169226,0.224907,-1.247201,-0.709156,-2.414320
2.437156,0.455456,0.168949,0.224457,-1.246438,-0.729578,-2.402339
2.440962,0.455228,0.168945,0.223959,-1.255328,-0.729645,-2.400728
2.444676,0.455509,0.169442,0.223926,-1.244939,-0.733089,-2.398974
2.447593,0.455935,0.169937,0.223858,-1.227109,-0.748082,-2.394400
2.451193,0.456228,0.170128,0.223868,-1.224908,-0.744899,-2.392791
2.454600,0.456122,0.170180,0.223921,-1.220000,-0.742008,-2.398970
2.458082,0.455935,0.169728,0.223782,-1.223988,-0.735078,-2.405027
2.460959,0.455483,0.169104,0.223494,-1.235665,-0.729830,-2.407304
2.464502,0.455268,0.168325,0.223418,-1.241013,-0.730810,-2.411786
2.469226,0.455108,0.167854,0.223529,-1.240631,-0.734529,-2.424180
2.474807,0.455230,0.167451,0.223615,-1.242397,-0.731833,-2.430670
2.487664,0.455178,0.167739,0.223441,-1.239034,-0.731833,-2.432136
2.496679,0.455135,0.168037,0.223243,-1.235097,-0.731794,-2.433547
2.500932,0.454995,0.168476,0.222973,-1.233830,-0.730407,-2.437521
2.503358,0.454874,0.169040,0.222752,-1.227716,-0.721874,-2.435462
2.507333,0.454795,0.169641,0.222508,-1.227134,-0.709260,-2.435526
2.514195,0.454970,0.170195,0.222672,-1.225667,-0.709553,-2.435296
2.516788,0.455123,0.170733,0.222786,-1.218944,-0.701281,-2.437034
2.525972,0.455147,0.171296,0.222730,-1.213796,-0.699668,-2.433046
2.528717,0.454766,0.171198,0.222114,-1.219697,-0.700469,-2.433005
2.542014,0.454399,0.171050,0.221525,-1.220987,-0.709072,-2.432603
2.562565,0.454024,0.170739,0.220967,-1.219280,-0.706683,-2.436419
2.566048,0.453670,0.170417,0.220448,-1.222426,-0.712621,-2.437890
2.569253,0.452993,0.169191,0.220151,-1.233587,-0.721160,-2.442487
2.577593,0.452680,0.168310,0.220241,-1.240694,-0.722497,-2.449310
2.588926,0.452382,0.167603,0.220317,-1.248109,-0.722715,-2.454727
2.598304,0.452018,0.166943,0.220302,-1.253749,-0.722507,-2.459793
2.601943,0.451663,0.166315,0.220284,-1.259220,-0.722092,-2.465703
2.611440,0.451579,0.166561,0.220113,-1.261872,-0.710648,-2.469980
2.614812,0.451442,0.166816,0.219924,-1.260130,-0.705847,-2.469992
2.617959,0.451309,0.166937,0.219751,-1.258731,-0.702221,-2.471253
2.621166,0.451246,0.167391,0.219498,-1.253342,-0.693133,-2.468405
2.624036,0.451128,0.168003,0.219015,-1.251581,-0.679708,-2.468709
2.631131,0.451284,0.169988,0.217990,-1.242803,-0.669552,-2.463998
2.633741,0.451488,0.171083,0.217424,-1.233324,-0.660916,-2.459655
2.637691,0.451682,0.171799,0.217028,-1.224581,-0.652442,-2.455143
2.640855,0.451881,0.172342,0.216917,-1.218606,-0.650183,-2.456077
2.644165,0.451992,0.172618,0.216768,-1.211858,-0.652211,-2.451559
2.651140,0.451504,0.172679,0.216546,-1.211016,-0.654783,-2.449756
2.654493,0.451157,0.172412,0.216378,-1.211863,-0.654996,-2.453776
2.657755,0.450842,0.172138,0.216193,-1.212050,-0.654394,-2.458457
2.660892,0.450550,0.171818,0.215985,-1.218742,-0.667263,-2.461829
2.664582,0.450233,0.171520,0.215862,-1.220432,-0.668772,-2.465646
2.667530,0.449881,0.171461,0.215797,-1.222915,-0.658771,-2.473072
2.670769,0.449606,0.171667,0.215711,-1.223878,-0.650752,-2.474587
2.673783,0.449303,0.171738,0.215506,-1.218577,-0.647953,-2.478401
2.677479,0.449323,0.171753,0.215424,-1.218455,-0.629450,-2.477870
2.680861,0.449277,0.171451,0.215291,-1.221527,-0.642033,-2.480936
2.684384,0.449354,0.170945,0.215152,-1.221490,-0.647208,-2.484911
2.688213,0.449248,0.170576,0.214954,-1.221850,-0.649998,-2.485379
2.691482,0.449127,0.170401,0.214803,-1.230071,-0.647753,-2.484825
2.694601,0.448686,0.170323,0.214560,-1.227532,-0.650074,-2.487302
2.697924,0.448437,0.170531,0.214396,-1.225353,-0.630375,-2.488257
2.701261,0.448184,0.170691,0.214201,-1.224603,-0.626513,-2.488145
2.704397,0.448123,0.170508,0.213983,-1.225468,-0.629217,-2.490097
2.707641,0.448137,0.170294,0.213779,-1.224017,-0.632078,-2.490161
2.710572,0.448159,0.170085,0.213564,-1.220993,-0.630762,-2.490624
2.714515,0.448341,0.169894,0.213420,-1.218310,-0.632048,-2.493624
2.717943,0.448417,0.169699,0.213240,-1.212944,-0.630283,-2.498341
2.721149,0.448508,0.169785,0.213132,-1.209734,-0.621040,-2.504480
2.724682,0.448463,0.169808,0.212991,-1.205577,-0.614503,-2.505965
2.727985,0.448368,0.169624,0.212823,-1.209868,-0.605018,-2.514509
2.731112,0.448195,0.169395,0.212618,-1.208557,-0.596072,-2.521099
2.734644,0.448134,0.169207,0.212506,-1.204399,-0.592379,-2.519306
2.738070,0.448048,0.168922,0.212392,-1.199865,-0.595986,-2.521459
2.740697,0.447983,0.168714,0.212318,-1.199748,-0.590143,-2.530150
2.744023,0.447996,0.168947,0.212150,-1.192379,-0.591938,-2.529185
2.747887,0.447924,0.169224,0.211923,-1.190071,-0.591753,-2.526906
2.750715,0.447844,0.169518,0.211663,-1.193826,-0.591463,-2.529335
2.754445,0.447715,0.169767,0.211386,-1.193881,-0.587098,-2.528634
2.757720,0.447688,0.169975,0.211093,-1.191803,-0.590389,-2.525796
2.760782,0.447624,0.169937,0.210928,-1.191644,-0.590700,-2.526618
2.764367,0.447464,0.169131,0.211019,-1.194365,-0.602812,-2.530698
2.767978,0.447303,0.168274,0.211095,-1.196440,-0.610320,-2.535842
2.770922,0.447017,0.167661,0.210988,-1.199225,-0.620172,-2.537994
2.776651,0.446698,0.167444,0.210294,-1.200436,-0.623584,-2.538252
2.793845,0.446089,0.167323,0.209521,-1.203349,-0.630195,-2.535964
2.803065,0.445608,0.167960,0.208459,-1.202687,-0.626475,-2.530222
2.806498,0.445126,0.168638,0.207390,-1.201847,-0.625976,-2.524712
2.810587,0.444788,0.169138,0.206540,-1.200900,-0.624759,-2.520852
2.818953,0.444470,0.169225,0.206306,-1.199994,-0.627148,-2.517745
2.820296,0.444469,0.169241,0.206068,-1.198273,-0.628251,-2.521248
2.830950,0.444522,0.169222,0.205924,-1.196974,-0.628722,-2.525498
2.832636,0.444605,0.169395,0.205683,-1.186059,-0.627753,-2.532366
2.853184,0.444674,0.169585,0.205411,-1.177642,-0.627065,-2.537006
2.861986,0.444755,0.169865,0.205140,-1.166679,-0.632841,-2.543433
2.867347,0.444630,0.170213,0.204899,-1.157259,-0.629991,-2.542757
2.870319,0.444337,0.170625,0.204566,-1.148079,-0.623439,-2.541442
2.878190,0.444019,0.170858,0.204279,-1.148390,-0.617352,-2.537404
2.889233,0.443711,0.170909,0.203985,-1.145223,-0.611272,-2.541906
2.891308,0.443377,0.170757,0.203635,-1.148929,-0.601662,-2.543677
2.911968,0.443252,0.170338,0.202522,-1.149670,-0.598486,-2.547963
2.915049,0.443243,0.170073,0.202119,-1.146455,-0.596629,-2.554512
2.918336,0.443250,0.169637,0.201691,-1.153021,-0.596171,-2.559778
2.921742,0.443267,0.169351,0.201331,-1.159120,-0.595931,-2.559196
2.925365,0.443282,0.169110,0.201254,-1.158407,-0.587323,-2.564814
2.928368,0.443369,0.169104,0.201067,-1.156410,-0.584119,-2.566671
2.931985,0.443447,0.169129,0.200831,-1.157859,-0.582842,-2.568542
2.935257,0.443498,0.169425,0.200662,-1.150093,-0.582433,-2.570119
2.938479,0.443546,0.169708,0.200487,-1.143158,-0.581010,-2.571793
2.941721,0.443467,0.169565,0.200357,-1.142542,-0.581987,-2.574223
2.945023,0.443207,0.169212,0.200313,-1.144786,-0.582545,-2.579913
2.948311,0.442969,0.168911,0.200311,-1.146468,-0.579087,-2.584051
2.951565,0.442736,0.168674,0.200330,-1.141654,-0.570267,-2.590020
2.955611,0.442589,0.168610,0.200414,-1.140912,-0.564497,-2.597088
2.958302,0.442475,0.168722,0.200383,-1.134215,-0.561072,-2.596433
2.962999,0.442422,0.168695,0.200306,-1.133339,-0.559797,-2.596840
2.965352,0.442269,0.168503,0.200321,-1.130350,-0.561169,-2.597288
2.968417,0.442081,0.168305,0.200337,-1.136461,-0.561315,-2.599180
2.971898,0.441758,0.167908,0.200259,-1.141276,-0.554617,-2.600589
2.978344,0.441133,0.167481,0.200261,-1.148152,-0.551563,-2.603362
2.981640,0.440919,0.167358,0.200138,-1.148316,-0.546352,-2.603400
2.985242,0.440710,0.167046,0.200021,-1.152918,-0.548396,-2.605272
2.988928,0.440509,0.166590,0.199944,-1.151969,-0.555165,-2.607347
3.001331,0.439985,0.164137,0.200064,-1.149175,-0.554479,-2.609681
3.004568,0.440054,0.164112,0.200143,-1.147265,-0.551547,-2.614855
3.011789,0.440377,0.164564,0.200274,-1.146881,-0.544263,-2.623205
3.014815,0.440486,0.164797,0.200265,-1.144438,-0.526784,-2.630958
3.022025,0.440639,0.164658,0.200188,-1.144144,-0.516331,-2.636186
3.025119,0.440716,0.164456,0.200175,-1.144327,-0.517545,-2.640205
3.028213,0.440766,0.164162,0.200062,-1.144952,-0.516768,-2.642472
3.031541,0.440787,0.163959,0.199982,-1.143621,-0.516302,-2.643744
3.034980,0.440808,0.163768,0.199907,-1.143527,-0.524831,-2.643530
3.037919,0.440809,0.163606,0.199793,-1.143958,-0.521920,-2.644234
3.041701,0.440817,0.163423,0.199670,-1.143933,-0.516440,-2.645670
3.044354,0.440811,0.163342,0.199633,-1.144912,-0.513969,-2.646807
3.047772,0.440817,0.163297,0.199601,-1.145729,-0.513954,-2.648769
3.051564,0.440796,0.163278,0.199553,-1.147387,-0.521697,-2.647032
3.058058,0.440573,0.162750,0.199207,-1.146005,-0.535607,-2.646256
3.061896,0.440432,0.162514,0.199052,-1.149058,-0.543271,-2.644051
3.064801,0.440201,0.162272,0.198848,-1.150969,-0.553770,-2.643340
3.071798,0.439860,0.161886,0.198494,-1.154674,-0.551131,-2.644409
3.078888,0.439876,0.161700,0.198378,-1.153613,-0.535443,-2.650509
3.082155,0.439973,0.161475,0.198417,-1.156091,-0.524615,-2.653914
3.085456,0.440028,0.161242,0.198468,-1.154891,-0.512809,-2.660119
3.088782,0.440055,0.160927,0.198474,-1.148312,-0.510934,-2.662907
3.092132,0.440012,0.160645,0.198428,-1.144671,-0.513734,-2.664619
3.095019,0.439973,0.160279,0.198446,-1.145745,-0.510665,-2.666520
3.098342,0.439930,0.159970,0.198395,-1.143338,-0.508748,-2.668527
3.102138,0.439939,0.159734,0.198363,-1.139465,-0.512502,-2.668576
3.105158,0.439948,0.159595,0.198372,-1.144342,-0.500024,-2.671137
3.108852,0.439962,0.159431,0.198389,-1.140758,-0.498309,-2.672406
3.112111,0.439966,0.159375,0.198346,-1.137654,-0.502894,-2.671869
3.115549,0.439978,0.159338,0.198302,-1.137708,-0.497649,-2.672472
3.165284,0.439035,0.155202,0.197730,-1.112453,-0.500265,-2.692962
3.166967,0.438897,0.155009,0.197725,-1.109764,-0.496347,-2.696196
3.178903,0.438834,0.154812,0.197768,-1.110554,-0.485064,-2.702093
3.182201,0.438659,0.154477,0.197882,-1.106673,-0.477371,-2.706794
3.191232,0.438400,0.153619,0.197848,-1.101377,-0.469801,-2.711320
3.201373,0.438464,0.153150,0.197859,-1.095258,-0.469882,-2.716779
3.203038,0.438471,0.152614,0.197820,-1.090503,-0.468640,-2.723924
3.223112,0.438401,0.152017,0.197726,-1.088089,-0.472989,-2.726463
3.239749,0.437518,0.150243,0.197574,-1.086457,-0.468513,-2.732022
3.249043,0.437045,0.149834,0.197561,-1.087718,-0.465696,-2.737345
3.260163,0.436625,0.149394,0.197599,-1.091094,-0.463191,-2.739480
3.262316,0.436314,0.148911,0.197729,-1.093444,-0.458017,-2.741885
3.270503,0.436107,0.148289,0.197857,-1.092225,-0.458431,-2.745416
3.274167,0.436068,0.147693,0.197988,-1.091478,-0.455247,-2.751493
3.280529,0.436067,0.147068,0.198220,-1.092271,-0.444313,-2.758666
3.284562,0.436109,0.146591,0.198438,-1.092465,-0.432987,-2.765033
3.287885,0.436074,0.146218,0.198556,-1.090073,-0.430710,-2.767723
3.290647,0.436047,0.146020,0.198744,-1.087222,-0.422964,-2.771090
3.293911,0.436035,0.145769,0.198909,-1.086763,-0.411395,-2.774007
3.297971,0.436012,0.145544,0.198954,-1.084507,-0.405384,-2.776637
3.301085,0.435981,0.145216,0.198873,-1.079872,-0.408950,-2.778555
3.304282,0.435956,0.144945,0.198791,-1.078754,-0.405106,-2.780385
3.307491,0.435946,0.144724,0.198700,-1.075787,-0.406447,-2.781130
3.310673,0.435916,0.144552,0.198679,-1.074179,-0.404239,-2.783188
3.313745,0.435876,0.144385,0.198698,-1.072571,-0.405232,-2.783965
3.317801,0.435823,0.144297,0.198803,-1.073499,-0.392621,-2.787887
3.321234,0.435826,0.144217,0.198934,-1.072194,-0.391017,-2.790049
3.324643,0.435791,0.144097,0.199021,-1.074333,-0.378125,-2.793711
3.328251,0.435696,0.144023,0.199006,-1.074867,-0.376455,-2.794229
3.332070,0.435571,0.143967,0.198945,-1.074939,-0.370871,-2.796604
3.334276,0.435478,0.143877,0.198806,-1.072709,-0.381875,-2.794735
3.337404,0.435398,0.143790,0.198672,-1.072178,-0.379772,-2.796101
3.340919,0.435347,0.143749,0.198616,-1.067578,-0.385367,-2.796601
3.344140,0.435294,0.143689,0.198600,-1.064895,-0.387028,-2.797511
3.348371,0.435283,0.143617,0.198595,-1.062754,-0.392390,-2.796770
3.351047,0.435136,0.143588,0.198603,-1.063833,-0.385337,-2.798451
3.354637,0.434989,0.143558,0.198611,-1.063712,-0.383400,-2.799063
3.357604,0.434849,0.143493,0.198567,-1.066415,-0.377322,-2.800558
3.360812,0.434682,0.143401,0.198441,-1.065238,-0.381946,-2.800013
3.363902,0.434499,0.143237,0.198278,-1.062170,-0.389850,-2.798744
3.367081,0.434435,0.143091,0.198237,-1.059600,-0.394707,-2.797343
3.370559,0.434385,0.142943,0.198290,-1.059105,-0.387920,-2.799659
3.375122,0.434427,0.142770,0.198376,-1.051812,-0.387526,-2.801491
3.377512,0.434495,0.142598,0.198473,-1.047412,-0.380384,-2.804627
3.380626,0.434514,0.142446,0.198562,-1.049319,-0.370756,-2.807220
3.384614,0.434487,0.142302,0.198644,-1.042818,-0.373530,-2.809885
3.387409,0.434432,0.142116,0.198685,-1.037713,-0.373251,-2.810511
3.391315,0.434266,0.141951,0.198710,-1.038681,-0.370287,-2.811278
3.394637,0.434035,0.141826,0.198724,-1.038418,-0.368090,-2.811632
3.398007,0.433855,0.141694,0.198752,-1.034953,-0.364440,-2.813014
3.400871,0.433677,0.141427,0.198632,-1.036083,-0.362069,-2.812617
3.404780,0.433473,0.141218,0.198445,-1.034319,-0.372270,-2.811398
3.407939,0.433273,0.140971,0.198222,-1.035023,-0.371329,-2.809140
3.411472,0.433129,0.140662,0.198015,-1.035585,-0.378480,-2.808432
3.414642,0.432986,0.140404,0.197882,-1.030671,-0.391373,-2.808199
3.417995,0.432888,0.140299,0.197878,-1.031943,-0.379194,-2.810504
3.420601,0.432801,0.140238,0.197932,-1.031045,-0.378359,-2.810833
3.424307,0.432723,0.140236,0.197975,-1.029981,-0.380154,-2.813191
3.427988,0.432659,0.140305,0.198034,-1.029302,-0.372691,-2.814662
3.431339,0.432565,0.140359,0.198009,-1.031107,-0.373165,-2.813339
3.434541,0.432477,0.140373,0.197968,-1.030011,-0.375122,-2.814976
3.438004,0.432420,0.140330,0.197883,-1.031795,-0.366239,-2.818122
3.441411,0.432361,0.140248,0.197757,-1.031016,-0.370086,-2.818257
3.444684,0.432298,0.140154,0.197626,-1.029225,-0.374717,-2.819053
3.448057,0.432280,0.140075,0.197531,-1.028888,-0.364080,-2.822846
3.451112,0.432210,0.139984,0.197431,-1.028509,-0.366776,-2.822987
3.454527,0.432127,0.139882,0.197301,-1.027902,-0.368407,-2.823422
3.458311,0.432008,0.139725,0.197206,-1.027803,-0.369992,-2.824484
3.461504,0.431889,0.139556,0.197078,-1.030992,-0.376101,-2.825140
3.464809,0.431769,0.139412,0.196939,-1.032879,-0.377933,-2.824576
3.467994,0.431708,0.139322,0.196812,-1.031322,-0.377178,-2.825961
3.470810,0.431656,0.139239,0.196726,-1.029129,-0.373150,-2.827903
3.474049,0.431631,0.139202,0.196635,-1.025656,-0.365679,-2.831655
3.478093,0.431565,0.139145,0.196541,-1.020135,-0.352735,-2.835064
3.481617,0.431432,0.139015,0.196396,-1.014019,-0.358948,-2.835642
3.484711,0.431296,0.138833,0.196199,-1.012043,-0.352366,-2.838046
3.487960,0.431111,0.138653,0.196011,-1.010853,-0.348719,-2.839930
3.491662,0.430942,0.138444,0.195789,-1.009034,-0.347540,-2.840848
3.496105,0.430547,0.138173,0.195378,-1.007409,-0.351460,-2.838837
3.500536,0.429951,0.137864,0.194804,-1.007252,-0.344769,-2.840503
3.526110,0.428752,0.137180,0.193672,-1.006100,-0.354855,-2.839534
3.529353,0.428153,0.136770,0.193094,-1.005686,-0.352234,-2.837651
3.532759,0.427819,0.136424,0.192727,-1.003225,-0.354707,-2.837109
3.536326,0.427748,0.136172,0.192608,-0.998288,-0.353235,-2.840169
3.541908,0.427529,0.135690,0.192580,-0.997250,-0.359410,-2.846397
3.546130,0.427151,0.135250,0.192505,-0.994008,-0.351609,-2.852823
3.551293,0.426604,0.134997,0.192444,-0.988522,-0.346220,-2.859679
3.559633,0.425742,0.134478,0.192301,-0.983161,-0.340994,-2.869634
3.577209,0.424582,0.133955,0.192204,-0.981701,-0.331934,-2.879714
3.590738,0.423273,0.133811,0.191968,-0.982203,-0.303125,-2.884743
3.599957,0.422141,0.133605,0.191817,-0.983372,-0.282676,-2.889003
3.606473,0.421162,0.133241,0.191743,-0.981548,-0.279474,-2.893474
3.609502,0.420497,0.133185,0.191767,-0.985209,-0.271231,-2.894620
3.613026,0.419895,0.133021,0.191644,-0.984656,-0.246740,-2.893405
3.620971,0.419545,0.132768,0.191648,-0.980166,-0.241055,-2.895328
3.631870,0.419046,0.132028,0.191700,-0.977577,-0.264454,-2.896725
3.634009,0.418559,0.131403,0.191726,-0.978473,-0.246244,-2.900537
3.642414,0.418095,0.130907,0.191815,-0.969391,-0.253144,-2.907774
3.652404,0.417610,0.129872,0.192285,-0.960622,-0.277314,-2.917657
3.663122,0.417061,0.128516,0.193166,-0.949631,-0.292813,-2.926440
3.670002,0.416637,0.127759,0.193547,-0.939033,-0.271887,-2.935351
3.672686,0.416418,0.127713,0.193570,-0.929736,-0.297368,-2.942170
3.676389,0.416201,0.127668,0.193591,-0.928754,-0.292932,-2.944100
3.679335,0.415992,0.127619,0.193611,-0.924592,-0.289768,-2.944207
3.683204,0.415742,0.127371,0.193307,-0.920006,-0.311202,-2.942249
3.686026,0.415478,0.126914,0.192836,-0.926591,-0.340688,-2.937956
3.689806,0.415290,0.126527,0.192332,-0.926985,-0.343658,-2.936309
3.693188,0.415102,0.126240,0.191826,-0.924233,-0.315066,-2.942052
3.706113,0.414550,0.126907,0.191459,-0.926649,-0.305866,-2.944525
3.713151,0.413901,0.127226,0.191952,-0.945708,-0.272402,-2.945612
3.716438,0.413598,0.127286,0.191837,-0.955136,-0.233451,-2.946532
3.719920,0.413371,0.127288,0.191604,-0.959221,-0.216954,-2.947620
3.723005,0.413379,0.127268,0.191388,-0.978274,-0.230499,-2.939194
3.726390,0.413258,0.127207,0.190944,-0.987962,-0.229212,-2.937049
3.730041,0.413396,0.127225,0.191049,-0.989554,-0.232228,-2.934146
3.732841,0.413409,0.127138,0.191409,-0.980524,-0.241101,-2.937541
3.736104,0.413441,0.127026,0.191818,-0.983474,-0.240168,-2.937869
3.740011,0.413235,0.126884,0.192100,-0.972739,-0.246864,-2.941549
3.743183,0.413254,0.126795,0.192545,-0.972193,-0.251339,-2.941979
3.746493,0.413212,0.126774,0.192588,-0.964764,-0.249206,-2.946108
3.749942,0.413270,0.126773,0.192675,-0.949885,-0.260139,-2.948673
3.753329,0.413335,0.126771,0.192766,-0.932724,-0.273099,-2.951690
3.755911,0.413419,0.126765,0.192862,-0.920454,-0.272547,-2.956135
3.759276,0.413465,0.126722,0.192898,-0.904827,-0.287294,-2.958074
3.762612,0.413513,0.126681,0.192931,-0.888667,-0.302445,-2.959597
3.765876,0.413464,0.126628,0.192900,-0.891870,-0.290375,-2.962026
3.769447,0.413351,0.126542,0.192452,-0.899978,-0.298186,-2.959254
3.772774,0.413237,0.126396,0.191946,-0.915338,-0.305579,-2.952497
3.776141,0.413103,0.126201,0.191389,-0.923357,-0.321301,-2.948662
3.779727,0.412975,0.125934,0.190985,-0.931631,-0.324684,-2.947215
3.782809,0.412945,0.125756,0.190783,-0.938397,-0.325036,-2.945657
3.785985,0.412953,0.125618,0.190987,-0.940396,-0.307428,-2.949156
3.789232,0.412715,0.125391,0.190964,-0.940616,-0.313197,-2.949442
3.792643,0.412544,0.125246,0.191027,-0.948970,-0.292670,-2.950023
3.795826,0.412455,0.125011,0.190952,-0.946278,-0.297385,-2.950987
3.799254,0.412278,0.124668,0.190715,-0.942089,-0.323510,-2.948675
3.803249,0.411953,0.124398,0.190449,-0.951069,-0.333196,-2.943994
3.806269,0.411933,0.124559,0.190501,-0.950494,-0.318826,-2.947269
3.809517,0.411917,0.124753,0.190569,-0.953174,-0.298901,-2.949980
3.813206,0.411890,0.125056,0.190761,-0.950101,-0.270720,-2.956508
3.816824,0.411881,0.125286,0.191105,-0.942917,-0.254355,-2.961392
3.822576,0.412084,0.125188,0.191787,-0.923541,-0.251395,-2.968889
3.826210,0.412168,0.124973,0.192130,-0.909242,-0.247663,-2.975994
3.828882,0.412179,0.124855,0.192356,-0.889729,-0.270772,-2.980900
3.833176,0.412178,0.124817,0.192418,-0.886008,-0.288706,-2.979860
3.836104,0.412154,0.125025,0.192695,-0.887599,-0.273383,-2.983243
3.841840,0.412010,0.125331,0.193062,-0.883324,-0.271423,-2.983645
3.849960,0.411725,0.125663,0.193397,-0.876916,-0.266639,-2.984901
3.859691,0.411220,0.125998,0.193640,-0.874822,-0.257777,-2.984297
3.871628,0.410715,0.126333,0.193883,-0.875864,-0.254279,-2.981456
3.875123,0.410436,0.126448,0.194105,-0.873426,-0.253425,-2.981471
3.878244,0.410278,0.126465,0.194237,-0.874982,-0.241739,-2.984928
3.881519,0.410120,0.126465,0.194280,-0.873993,-0.234286,-2.987606
3.886270,0.410143,0.126426,0.194382,-0.872443,-0.211741,-2.993777
3.891855,0.410158,0.126384,0.194507,-0.866202,-0.183344,-3.003124
3.894377,0.409973,0.126385,0.194474,-0.860007,-0.176078,-3.008362
3.906235,0.409529,0.126486,0.194579,-0.855240,-0.166328,-3.013139
3.940180,0.409142,0.126616,0.194897,-0.863828,-0.186106,-3.009308
3.943743,0.408900,0.126694,0.195003,-0.869665,-0.195415,-3.005250
3.953488,0.408126,0.127349,0.195038,-0.879072,-0.209028,-2.999567
3.964183,0.407929,0.127505,0.195019,-0.886654,-0.216535,-2.994875
3.974142,0.407669,0.127766,0.194967,-0.901088,-0.231567,-2.985775
4.001581,0.405006,0.130151,0.192088,-0.940629,-0.206578,-2.960498
4.004808,0.404859,0.130132,0.191991,-0.942018,-0.218640,-2.959806
4.018653,0.403508,0.130184,0.191954,-0.941933,-0.226108,-2.959663
4.022010,0.403214,0.130252,0.192103,-0.951173,-0.237713,-2.957526
4.025333,0.402976,0.129936,0.192138,-0.960155,-0.270128,-2.951072
4.028515,0.403030,0.129479,0.192292,-0.941944,-0.311287,-2.952848
4.031951,0.403177,0.129051,0.192173,-0.929371,-0.348681,-2.953359
4.034902,0.403320,0.128628,0.192085,-0.915998,-0.386047,-2.953736
4.038561,0.403427,0.128261,0.192078,-0.897961,-0.421289,-2.955187
4.042090,0.403636,0.128713,0.192455,-0.882449,-0.380029,-2.970121
4.045028,0.403722,0.129194,0.193154,-0.876507,-0.356172,-2.975983
4.048175,0.403812,0.129715,0.193859,-0.869586,-0.331643,-2.982498
4.051678,0.403890,0.130252,0.194440,-0.866007,-0.307499,-2.986628
4.055242,0.403929,0.130762,0.194900,-0.868331,-0.289673,-2.988315
4.061432,0.403702,0.131089,0.194137,-0.868425,-0.326942,-2.980696
4.065055,0.403498,0.131265,0.193535,-0.869183,-0.327305,-2.979982
4.067880,0.403282,0.131101,0.192880,-0.876502,-0.347200,-2.973245
4.071505,0.403130,0.130882,0.192324,-0.881842,-0.368265,-2.967617
4.074359,0.403046,0.130781,0.192343,-0.874284,-0.383320,-2.966258
4.077725,0.402954,0.130867,0.192437,-0.868089,-0.370430,-2.970058
4.081365,0.402851,0.131031,0.192538,-0.874952,-0.363746,-2.968730
4.084790,0.402842,0.131486,0.192575,-0.881172,-0.343528,-2.967508
4.087548,0.402781,0.131945,0.192785,-0.879383,-0.326184,-2.970791
4.091297,0.402721,0.132259,0.192859,-0.891308,-0.304017,-2.968394
4.094520,0.402587,0.132437,0.193039,-0.899893,-0.312006,-2.962549
4.101229,0.402360,0.132583,0.193686,-0.902403,-0.327982,-2.958322
4.111344,0.402248,0.132141,0.193642,-0.894363,-0.343872,-2.960239
4.114959,0.402329,0.132183,0.193790,-0.900330,-0.330950,-2.959999
4.118117,0.402412,0.132239,0.193901,-0.892197,-0.328254,-2.965819
4.121354,0.402364,0.132233,0.193999,-0.888559,-0.346097,-2.965900
4.124988,0.402270,0.132454,0.194406,-0.880735,-0.342724,-2.967623
4.128103,0.402174,0.132697,0.194822,-0.872228,-0.341330,-2.969756
4.131513,0.402078,0.132923,0.194830,-0.861926,-0.330716,-2.971619
4.135169,0.401982,0.133492,0.194808,-0.857594,-0.319058,-2.971021
4.141816,0.401990,0.134650,0.194465,-0.853882,-0.293836,-2.974463
4.145020,0.401939,0.135141,0.194136,-0.858476,-0.271731,-2.977136
4.148220,0.401822,0.135351,0.193778,-0.869859,-0.242277,-2.976664
4.154950,0.401367,0.135117,0.193342,-0.877680,-0.246255,-2.974230
4.157844,0.401123,0.135166,0.193396,-0.887048,-0.249629,-2.971928
4.161263,0.400893,0.135114,0.193448,-0.898964,-0.242836,-2.969448
4.164906,0.400775,0.134947,0.193411,-0.907421,-0.255620,-2.968144
4.168146,0.400707,0.134775,0.193260,-0.914428,-0.256386,-2.968325
4.170672,0.400770,0.134568,0.193147,-0.922937,-0.253408,-2.967434
4.174502,0.400823,0.134329,0.193039,-0.927528,-0.251529,-2.969657
4.178084,0.400893,0.134174,0.192960,-0.925099,-0.252087,-2.972606
4.184666,0.400800,0.134014,0.193162,-0.918783,-0.236237,-2.976802
4.188157,0.400701,0.133523,0.193316,-0.920597,-0.246809,-2.976844
4.198213,0.400611,0.132979,0.193535,-0.913499,-0.262683,-2.982040
4.208780,0.400531,0.132463,0.193746,-0.908712,-0.277732,-2.984183
4.216241,0.400408,0.131950,0.193879,-0.900048,-0.262100,-2.992889
4.219730,0.400320,0.131536,0.193765,-0.903573,-0.258005,-2.990798
4.245521,0.399848,0.131130,0.192881,-0.900277,-0.239862,-2.992119
4.281715,0.400194,0.130301,0.192476,-0.894229,-0.222951,-2.994501
4.286655,0.400440,0.130086,0.192510,-0.882662,-0.208483,-3.000309
4.297508,0.400739,0.129539,0.192854,-0.885674,-0.217185,-2.996291
4.306892,0.400713,0.129133,0.193036,-0.874085,-0.214019,-3.002517
4.315553,0.400605,0.128648,0.193143,-0.871705,-0.217859,-3.007944
4.319508,0.400266,0.127985,0.193071,-0.891664,-0.237010,-3.002947
4.331602,0.399393,0.125901,0.192498,0.907506,0.269393,2.995217
4.334629,0.399196,0.124965,0.192476,0.914141,0.284131,2.987805
4.338682,0.399068,0.124301,0.192598,0.917624,0.286792,2.985144
4.341838,0.399109,0.123995,0.192944,0.925254,0.282251,2.983743
4.351811,0.399461,0.124635,0.193168,0.912873,0.245003,2.989017
4.355253,0.399420,0.124674,0.192754,0.908427,0.190916,2.993093
4.361754,0.399277,0.124455,0.191751,0.904339,0.165652,2.996240
4.365029,0.399372,0.124128,0.191808,0.898495,0.152801,2.996270
4.368272,0.399517,0.123823,0.191931,0.883484,0.139746,2.999771
4.372049,0.399681,0.123567,0.192107,0.875780,0.145096,3.002024
4.375449,0.399821,0.123209,0.192556,0.865159,0.150364,3.003838
4.378418,0.399925,0.122860,0.192994,0.854113,0.151833,3.006887
4.382032,0.399966,0.122695,0.193270,0.855748,0.156945,3.006913
4.385079,0.399994,0.122459,0.193574,0.851468,0.162727,3.007448
4.388828,0.400046,0.122120,0.193916,0.845776,0.165092,3.007750
4.392070,0.400131,0.121881,0.193998,0.846683,0.167335,3.006913
4.395468,0.400268,0.121631,0.194038,0.848231,0.170013,3.007449
4.398429,0.400407,0.121406,0.194090,0.846905,0.169288,3.008662
4.402146,0.400524,0.121225,0.194112,0.847235,0.171056,3.010268
4.405820,0.400590,0.121098,0.194101,0.848261,0.160061,3.007199
4.412113,0.400019,0.120101,0.193894,0.847365,0.147139,3.003998
4.415608,0.399675,0.119569,0.193844,0.848238,0.147165,3.000284
4.421860,0.399146,0.118388,0.193836,0.851134,0.157835,2.996516
4.425112,0.399214,0.118106,0.193947,0.856180,0.154963,2.990545
4.428202,0.399292,0.117815,0.194017,0.862377,0.166158,2.988842
4.432023,0.399367,0.117459,0.193672,0.872686,0.186064,2.986958
4.434835,0.399319,0.117179,0.193241,0.889630,0.185550,2.981888
4.438174,0.399173,0.116996,0.192750,0.904861,0.174395,2.975582
4.442002,0.398962,0.116756,0.192436,0.909678,0.194946,2.975396
4.445763,0.398887,0.116431,0.192381,0.908659,0.198182,2.977389
4.449151,0.398819,0.116186,0.192708,0.904463,0.193950,2.978904
4.452325,0.398825,0.115778,0.193036,0.895731,0.210870,2.980714
4.455220,0.398875,0.115387,0.193397,0.882445,0.214740,2.985508
4.459063,0.398981,0.115052,0.193622,0.875958,0.198188,2.987611
4.461869,0.399060,0.114857,0.193731,0.875078,0.212841,2.988999
4.465317,0.399195,0.114544,0.193866,0.868900,0.210766,2.993186
4.468882,0.399317,0.114378,0.194092,0.859103,0.195044,2.997353
4.472261,0.399379,0.114134,0.194260,0.857813,0.193540,2.997813
4.475494,0.399391,0.113931,0.194182,0.871882,0.188290,2.995830
4.478836,0.399297,0.113634,0.193860,0.887387,0.169185,2.991028
4.481901,0.399121,0.113434,0.193406,0.915129,0.163664,2.983184
4.485075,0.398906,0.113055,0.192787,0.938837,0.158156,2.976204
4.489096,0.398737,0.112546,0.192183,0.959335,0.159453,2.968587
4.491661,0.398622,0.112001,0.191813,0.966788,0.164811,2.962792
4.494946,0.398781,0.111507,0.191843,0.955835,0.164636,2.965802
4.498862,0.398901,0.110967,0.192138,0.932736,0.166751,2.971343
4.501886,0.399114,0.110531,0.192539,0.913627,0.183666,2.975588
4.505047,0.399344,0.110260,0.193012,0.892149,0.177268,2.983930
4.509113,0.399582,0.109998,0.193466,0.867518,0.173047,2.992427
4.512501,0.399504,0.109451,0.193605,0.868867,0.184276,2.987137
4.515480,0.399408,0.108871,0.193773,0.864793,0.191708,2.984476
4.518478,0.399266,0.108373,0.193980,0.858733,0.180646,2.984062
4.522638,0.399109,0.107704,0.194145,0.852181,0.175945,2.979292
4.525774,0.398813,0.106965,0.194143,0.849933,0.179134,2.975213
4.529213,0.398553,0.106547,0.194197,0.839368,0.149354,2.976189
4.532517,0.398375,0.106229,0.194065,0.841170,0.159316,2.977994
4.535708,0.398553,0.105899,0.194056,0.840832,0.155059,2.979780
4.538499,0.398750,0.105759,0.194109,0.843936,0.160518,2.983949
4.543294,0.398969,0.105320,0.194305,0.843320,0.155550,2.985250
4.544496,0.399204,0.104786,0.194541,0.844094,0.172253,2.987832
4.561917,0.399492,0.104528,0.194738,0.841084,0.155966,2.987478
4.564168,0.399404,0.104144,0.194799,0.841003,0.154644,2.985886
4.643514,0.398367,0.090551,0.195133,0.848034,0.144278,2.947779
4.647085,0.398496,0.090031,0.195153,0.844603,0.157840,2.952374
4.650357,0.398588,0.089682,0.195239,0.838851,0.162587,2.953300
4.659474,0.398564,0.088878,0.195123,0.840431,0.175066,2.948267
4.663194,0.398625,0.088156,0.195348,0.859010,0.173577,2.949779
4.675863,0.398713,0.087193,0.195604,0.869148,0.173619,2.952226
4.685735,0.398606,0.086510,0.195850,0.887075,0.159986,2.947123
4.695567,0.398395,0.085612,0.195881,0.910989,0.160021,2.938104
4.699600,0.398151,0.084635,0.195866,0.928244,0.137995,2.937012
4.702661,0.397986,0.083754,0.195673,0.926542,0.148546,2.932688
4.706319,0.397919,0.082968,0.195400,0.924863,0.157169,2.930245
4.709378,0.397903,0.082156,0.195120,0.922537,0.166575,2.927030
4.712526,0.397894,0.081386,0.195183,0.909242,0.173990,2.931319
4.716283,0.397916,0.080855,0.195457,0.895975,0.195728,2.930421
4.719630,0.397914,0.080095,0.195784,0.881941,0.207638,2.931614
4.722680,0.397862,0.079418,0.196055,0.872615,0.213877,2.931767
4.726415,0.397743,0.078752,0.196443,0.860691,0.221844,2.933671
4.729709,0.397697,0.078212,0.196613,0.858133,0.221252,2.933531
4.732704,0.397750,0.077634,0.196777,0.841994,0.207831,2.928657
4.736313,0.397984,0.076715,0.197689,0.840137,0.193048,2.929066
4.740000,0.398311,0.075712,0.198705,0.815389,0.174164,2.927727
4.743374,0.398663,0.074772,0.199620,0.797212,0.162813,2.926052
4.746658,0.398916,0.074281,0.199969,0.791242,0.154931,2.926916
4.750042,0.398969,0.073944,0.200199,0.804627,0.164103,2.932824
4.753246,0.398828,0.074009,0.199605,0.800728,0.155640,2.929530
4.756518,0.398572,0.074080,0.198846,0.827723,0.168335,2.928063
4.772582,0.398195,0.071780,0.197551,0.840449,0.173636,2.926666
4.782748,0.398474,0.070132,0.197917,0.819069,0.173774,2.932329
4.793309,0.398928,0.068229,0.199648,0.808798,0.153883,2.929948
4.796075,0.398865,0.067756,0.200211,0.806170,0.164993,2.931968
4.799551,0.398742,0.067097,0.200686,0.794740,0.154734,2.931631
4.803062,0.398542,0.066519,0.201007,0.794902,0.150822,2.932666
4.806491,0.398494,0.066104,0.201110,0.813821,0.144803,2.921270
4.813157,0.398266,0.064626,0.201002,0.822480,0.145809,2.915876
4.816484,0.398173,0.064038,0.200850,0.821768,0.139683,2.911288
4.823416,0.397784,0.062369,0.201002,0.831580,0.149611,2.903256
4.826249,0.397616,0.061686,0.201084,0.830782,0.143100,2.897786
4.829345,0.397569,0.061085,0.201152,0.836500,0.134923,2.895311
4.832565,0.397713,0.060577,0.201338,0.829923,0.143016,2.896783
4.836659,0.398089,0.060066,0.201556,0.819852,0.135644,2.899391
4.843151,0.398580,0.059206,0.202538,0.800301,0.118509,2.906753
4.846441,0.398671,0.058529,0.203133,0.792097,0.117484,2.906338
4.849636,0.398558,0.057820,0.203630,0.784609,0.124275,2.906805
4.852968,0.398355,0.057163,0.203563,0.786881,0.113681,2.903777
4.856167,0.398264,0.056622,0.203220,0.798951,0.116556,2.899838
4.860031,0.398358,0.056073,0.202957,0.799994,0.128995,2.902075
4.863260,0.398645,0.055596,0.203035,0.811380,0.135169,2.902458
4.865507,0.398886,0.054977,0.203304,0.806462,0.146329,2.901372
4.869885,0.399091,0.054378,0.203950,0.800144,0.159438,2.902795
4.875548,0.399269,0.053250,0.204399,0.792578,0.180827,2.904919
4.887287,0.399265,0.051938,0.204593,0.806065,0.176553,2.898027
4.898479,0.399136,0.050800,0.204451,0.807482,0.180744,2.896549
4.904313,0.398750,0.049640,0.204535,0.811029,0.169965,2.897036
4.908502,0.398627,0.048083,0.204495,0.815591,0.150870,2.888886
4.911588,0.398457,0.046960,0.204814,0.821758,0.143248,2.882311
4.915825,0.398474,0.045753,0.205462,0.811540,0.154838,2.882284
4.926521,0.398482,0.044461,0.206070,0.800801,0.157106,2.880619
4.938624,0.398765,0.042946,0.206090,0.809275,0.163803,2.875485
4.941080,0.398620,0.040905,0.206470,0.807471,0.172219,2.872997
4.961517,0.398548,0.038910,0.206666,0.801461,0.156784,2.870605
4.967845,0.398471,0.037205,0.206629,0.806380,0.140346,2.864590
4.972144,0.398393,0.035501,0.206594,0.808788,0.121719,2.861447
4.979599,0.398349,0.033922,0.206872,0.801251,0.114733,2.855356
4.982296,0.398418,0.033138,0.206808,0.798579,0.115250,2.856042
4.991922,0.398465,0.032378,0.206821,0.807360,0.114352,2.855775
4.994612,0.398377,0.031526,0.206805,0.811945,0.116062,2.855749
5.003415,0.398412,0.030475,0.207321,0.809159,0.115684,2.852475
5.006568,0.398554,0.029402,0.208172,0.804166,0.119648,2.855577
5.013207,0.398729,0.028429,0.209049,0.803963,0.126637,2.855264
5.016690,0.398978,0.027354,0.209875,0.792730,0.137984,2.854303
5.023482,0.399151,0.026336,0.210883,0.779962,0.142638,2.853913
5.026778,0.399153,0.025341,0.211313,0.781309,0.159180,2.850669
5.030146,0.399036,0.024700,0.211292,0.786187,0.161997,2.848826
5.033706,0.398956,0.024130,0.211295,0.791866,0.161654,2.848219
5.036797,0.398800,0.023592,0.211515,0.797582,0.169218,2.844062
5.040142,0.398762,0.022864,0.211767,0.784613,0.183765,2.846787
5.043900,0.398808,0.022272,0.212306,0.783019,0.182754,2.848621
5.047241,0.398848,0.021659,0.212833,0.777057,0.180039,2.847904
5.050833,0.398875,0.020915,0.213300,0.768041,0.181320,2.844715
5.053749,0.398907,0.020232,0.213584,0.759646,0.171739,2.847367
5.057238,0.398972,0.019729,0.213704,0.772173,0.158364,2.841718
5.060213,0.398957,0.019233,0.213701,0.766567,0.155288,2.839583
5.063553,0.399010,0.018620,0.213820,0.762810,0.156059,2.837800
5.066847,0.399028,0.018051,0.213949,0.762640,0.156567,2.837032
5.070225,0.399047,0.017360,0.213966,0.766700,0.159238,2.832217
5.073885,0.398951,0.016760,0.213974,0.768978,0.158669,2.829407
5.077119,0.398911,0.016217,0.213843,0.775712,0.156496,2.828457
5.080521,0.398830,0.015692,0.213559,0.785417,0.151971,2.828209
5.083594,0.398849,0.015179,0.213463,0.790072,0.151381,2.828646
5.087261,0.398874,0.014756,0.213467,0.789578,0.150195,2.830909
5.090243,0.398905,0.014180,0.213409,0.793926,0.133436,2.828596
5.093684,0.398835,0.013475,0.213236,0.793415,0.120701,2.824634
5.103519,0.398050,0.011049,0.212557,0.787395,0.110754,2.821458
5.110526,0.397875,0.009609,0.213088,0.785557,0.096892,2.818255
5.113490,0.397954,0.009043,0.213477,0.790799,0.078948,2.815658
5.119967,0.398453,0.008032,0.213417,0.788584,0.080597,2.817003
5.123460,0.398561,0.007485,0.213049,0.785510,0.094639,2.817348
5.133498,0.398861,0.005337,0.212952,0.786543,0.104587,2.814919
5.143442,0.399194,0.002875,0.214663,0.788483,0.118251,2.812348
5.146482,0.399314,0.002301,0.215133,0.783648,0.131663,2.809588
5.150555,0.399335,0.001956,0.215361,0.780882,0.145155,2.807105
5.153898,0.399346,0.001629,0.215463,0.782469,0.141810,2.806330
5.173099,0.400086,-0.003147,0.216556,0.741177,0.114992,2.802127
5.180365,0.400114,-0.003668,0.216918,0.741573,0.120645,2.803848
5.183543,0.400152,-0.004148,0.217215,0.747387,0.125005,2.806034
5.186809,0.400114,-0.004490,0.217346,0.752020,0.149493,2.806702
5.190370,0.400099,-0.004679,0.217233,0.761756,0.141256,2.810976
5.193809,0.400170,-0.005040,0.217266,0.765235,0.135914,2.811310
5.196951,0.400257,-0.005497,0.217268,0.768529,0.134440,2.811302
5.201555,0.400217,-0.006442,0.217115,0.773941,0.144686,2.808100
5.208054,0.399994,-0.007861,0.216822,0.782001,0.149114,2.802522
5.221807,0.399774,-0.009510,0.216647,0.792632,0.162767,2.795754
5.234034,0.399432,-0.011132,0.216530,0.802436,0.165122,2.788572
5.238654,0.399235,-0.012670,0.216506,0.813021,0.168034,2.780366
5.241343,0.399250,-0.013887,0.216627,0.811095,0.153470,2.778867
5.248993,0.399525,-0.014682,0.216916,0.812907,0.149451,2.779927
5.250434,0.399653,-0.015665,0.217226,0.801692,0.141988,2.780028
5.259597,0.399727,-0.016936,0.217506,0.793418,0.134568,2.780835
5.297334,0.399147,-0.022144,0.218821,0.791405,0.132105,2.783968
5.301578,0.398999,-0.023754,0.219191,0.790473,0.132567,2.779597
5.310730,0.398917,-0.025096,0.219461,0.782840,0.126941,2.775056
5.315246,0.398938,-0.026120,0.219665,0.785700,0.110654,2.771941
5.326602,0.398860,-0.027521,0.219827,0.784406,0.118434,2.767656
5.327670,0.398739,-0.028919,0.219930,0.784311,0.119207,2.760521
5.336384,0.398650,-0.030106,0.220115,0.785268,0.121895,2.757970
5.339717,0.398516,-0.031299,0.220218,0.780357,0.139445,2.754679
5.346336,0.398332,-0.032385,0.220223,0.778164,0.154551,2.752057
5.349544,0.398239,-0.033110,0.220192,0.782532,0.156585,2.750678
5.353331,0.398010,-0.033566,0.220293,0.780732,0.157904,2.751506
5.357048,0.397757,-0.033948,0.220262,0.782106,0.159340,2.752768
5.360136,0.397536,-0.034222,0.220205,0.790153,0.155291,2.753187
5.363719,0.397436,-0.034505,0.220294,0.789498,0.151764,2.754303
5.366367,0.397365,-0.034942,0.220471,0.786046,0.152471,2.754705
5.369474,0.397379,-0.035402,0.220666,0.783529,0.153378,2.755846
5.373177,0.397428,-0.036200,0.221051,0.771768,0.146040,2.752186
5.377031,0.397459,-0.036975,0.221510,0.767424,0.138851,2.751490
5.379639,0.397239,-0.037856,0.221693,0.769867,0.144194,2.746455
5.383508,0.396978,-0.038703,0.221807,0.773049,0.133561,2.742442
5.387007,0.396683,-0.039669,0.221840,0.771986,0.122585,2.736534
5.393559,0.396176,-0.041139,0.221505,0.781974,0.129759,2.739722
5.403600,0.396225,-0.042042,0.221587,0.779856,0.133758,2.741098
5.406818,0.396410,-0.042081,0.221718,0.774776,0.129541,2.746876
5.409902,0.396607,-0.042079,0.221875,0.769737,0.132143,2.751834
5.413503,0.396792,-0.042150,0.222035,0.769586,0.136393,2.755497
5.420293,0.396948,-0.043041,0.222161,0.763733,0.130007,2.754464
5.423325,0.396920,-0.043604,0.222230,0.763246,0.116044,2.751585
5.426654,0.396923,-0.044138,0.222384,0.765294,0.102917,2.749605
5.429998,0.396829,-0.044605,0.222581,0.763186,0.096878,2.748987
5.433226,0.396815,-0.045240,0.222801,0.763373,0.098465,2.748282
5.436585,0.396798,-0.046080,0.223056,0.761250,0.094627,2.743996
5.440065,0.396802,-0.046796,0.223377,0.757017,0.098363,2.743719
5.443675,0.396849,-0.047535,0.223650,0.751855,0.100395,2.744561
5.446829,0.396840,-0.048371,0.223950,0.745493,0.105159,2.741747
5.450156,0.396705,-0.049269,0.224109,0.744376,0.105990,2.736706
5.453633,0.396493,-0.049943,0.224014,0.749674,0.115015,2.729370
5.457315,0.396244,-0.050810,0.223851,0.756017,0.114107,2.725480
5.459907,0.395900,-0.051628,0.223696,0.761893,0.115429,2.716569
5.463650,0.395682,-0.052396,0.223433,0.771390,0.114883,2.710928
5.466485,0.395471,-0.052772,0.223386,0.773356,0.108227,2.710306
5.470102,0.395278,-0.053299,0.223314,0.775642,0.099445,2.712944
5.473601,0.395098,-0.053671,0.223339,0.775175,0.099343,2.712223
5.476473,0.394942,-0.054019,0.223310,0.781110,0.102478,2.715370
5.483648,0.394493,-0.054671,0.223318,0.787481,0.103563,2.717548
5.486931,0.394301,-0.055044,0.223259,0.786096,0.104798,2.715372
5.490195,0.394205,-0.055510,0.223290,0.791729,0.117386,2.715634
5.493487,0.394099,-0.056054,0.223285,0.794857,0.116164,2.712927
5.496858,0.394212,-0.056758,0.223442,0.783916,0.110367,2.711052
5.500306,0.394324,-0.057412,0.223645,0.777518,0.105737,2.709047
5.503650,0.394463,-0.057855,0.223948,0.774732,0.111270,2.712182
5.507044,0.394410,-0.058344,0.224169,0.760269,0.099128,2.711589
5.509849,0.394328,-0.058787,0.224487,0.756853,0.107351,2.716174
5.513670,0.394141,-0.059146,0.224577,0.761450,0.115399,2.716314
5.517349,0.394140,-0.059724,0.224864,0.757196,0.109448,2.715667
5.520467,0.394130,-0.060376,0.225117,0.757068,0.098587,2.713002
5.523804,0.394246,-0.060838,0.225297,0.769761,0.098566,2.716137
5.529080,0.394079,-0.062014,0.225363,0.768504,0.085417,2.711749
5.545565,0.394073,-0.063210,0.225615,0.768571,0.072756,2.712118
5.552350,0.393777,-0.064258,0.225643,0.768205,0.073891,2.713641
5.559699,0.393553,-0.065380,0.225679,0.767617,0.077780,2.714417
5.563381,0.393229,-0.066614,0.225638,0.755442,0.075515,2.712341
5.570653,0.393119,-0.067664,0.225660,0.756462,0.089533,2.712635
5.572650,0.392772,-0.068631,0.225568,0.753925,0.100117,2.711455
5.586526,0.392679,-0.069191,0.225477,0.757152,0.108112,2.710263
5.609294,0.392429,-0.069816,0.225398,0.757976,0.113706,2.710149
5.635169,0.391532,-0.080132,0.228006,0.734915,0.067333,2.679208
5.654582,0.390617,-0.082797,0.227483,0.737735,0.062618,2.676490
5.679293,0.388481,-0.087701,0.226819,0.739684,0.051858,2.669187
5.682975,0.387819,-0.089120,0.226786,0.748278,0.048693,2.655440
5.686391,0.387551,-0.090252,0.226808,0.751163,0.031705,2.645911
5.689679,0.387279,-0.091193,0.227047,0.748892,0.033561,2.642722
5.693055,0.387165,-0.092116,0.227300,0.744460,0.028146,2.637247
5.696527,0.387201,-0.092678,0.227667,0.740836,0.043878,2.644270
5.702955,0.387732,-0.093219,0.228011,0.736219,0.048837,2.653525
5.709168,0.388370,-0.093349,0.227852,0.736842,0.057529,2.658696
5.712443,0.388697,-0.093650,0.227924,0.730470,0.060581,2.665166
5.716897,0.388849,-0.094131,0.227940,0.737844,0.071478,2.666583
5.723296,0.388755,-0.096043,0.228032,0.734706,0.064823,2.658151
5.726815,0.388750,-0.097316,0.228304,0.728640,0.061504,2.650834
5.732926,0.388490,-0.099213,0.228713,0.722294,0.054479,2.646405
5.736301,0.388321,-0.099646,0.228957,0.723827,0.050743,2.643160
5.743224,0.387944,-0.100099,0.229153,0.724240,0.046381,2.640928
5.746501,0.387514,-0.100344,0.229068,0.729706,0.045212,2.644965
5.749828,0.387080,-0.100592,0.228992,0.734320,0.046512,2.648500
5.753296,0.386796,-0.101016,0.228853,0.740606,0.047575,2.648111
5.756658,0.386561,-0.101591,0.228728,0.742877,0.051485,2.648916
5.759538,0.386579,-0.102025,0.228732,0.734695,0.051926,2.653502
5.762644,0.386570,-0.102562,0.228737,0.733776,0.055828,2.651770
5.766218,0.386545,-0.103145,0.228713,0.732166,0.058322,2.652605
5.769932,0.386534,-0.103426,0.228697,0.728202,0.062660,2.653557
5.773218,0.386520,-0.103664,0.228672,0.727318,0.064488,2.653191
5.792441,0.384519,-0.110074,0.229280,0.722709,0.047153,2.635158
5.799156,0.384358,-0.110262,0.228928,0.729822,0.055254,2.635289
5.802462,0.384236,-0.110442,0.228674,0.732620,0.061679,2.636400
5.806404,0.384118,-0.110941,0.228396,0.737925,0.064868,2.636969
5.809972,0.384001,-0.111660,0.228248,0.742875,0.068969,2.633998
5.812940,0.383862,-0.112431,0.228088,0.744662,0.069105,2.630605
5.816548,0.383630,-0.113319,0.227997,0.738136,0.044829,2.625457
5.819690,0.383314,-0.114354,0.227995,0.730713,0.019212,2.618326
5.823032,0.382904,-0.115337,0.228122,0.726020,0.007558,2.614575
5.826415,0.382411,-0.116335,0.228271,0.712810,-0.007359,2.610031
5.833248,0.381704,-0.118273,0.229049,0.700564,-0.022194,2.604376
5.843273,0.381236,-0.120613,0.230102,0.691887,-0.014293,2.601562
5.846425,0.380986,-0.121285,0.230283,0.688287,-0.011551,2.599616
5.849567,0.380656,-0.121837,0.230261,0.685196,-0.010509,2.596899
5.853299,0.380346,-0.122288,0.230155,0.687926,-0.012577,2.595636
5.856454,0.380097,-0.122585,0.230113,0.689448,-0.012477,2.595336
5.859717,0.379862,-0.122690,0.230053,0.694315,-0.016079,2.595670
5.899576,0.378212,-0.129623,0.229741,0.730230,0.037184,2.598739
5.903042,0.378326,-0.130053,0.229793,0.726291,0.027733,2.598732
5.906095,0.378383,-0.130360,0.229818,0.722894,0.018447,2.599309
5.913276,0.378317,-0.130939,0.229722,0.719387,0.005140,2.599891
5.915313,0.378278,-0.131870,0.229557,0.725239,0.010041,2.597501
5.925010,0.377860,-0.132986,0.229474,0.719389,-0.004025,2.595163
5.927763,0.377183,-0.134862,0.229411,0.714643,-0.004525,2.592000
5.948945,0.376398,-0.136838,0.229474,0.709563,-0.000752,2.588281
5.963200,0.375527,-0.139304,0.229557,0.699714,-0.008404,2.576608
5.970388,0.374485,-0.142026,0.229547,0.687359,-0.022429,2.565288
5.989316,0.372477,-0.146723,0.229017,0.683976,-0.022709,2.556550
5.999763,0.371637,-0.148592,0.228625,0.686776,-0.022352,2.550400
6.003504,0.370989,-0.149874,0.228316,0.688854,-0.027348,2.542281
6.010291,0.370179,-0.151682,0.228171,0.697660,-0.020196,2.542239
6.013667,0.369893,-0.152310,0.228038,0.704307,-0.006494,2.543757
6.016989,0.369681,-0.152967,0.227699,0.714440,-0.003611,2.544269
6.019655,0.369531,-0.153670,0.227366,0.715091,-0.014414,2.540114
6.023738,0.369528,-0.154205,0.227144,0.715691,-0.009364,2.539109
6.030289,0.369852,-0.155121,0.227317,0.714146,-0.005224,2.540904
6.033301,0.369886,-0.155724,0.227625,0.708098,-0.007221,2.539299
6.036769,0.369757,-0.156211,0.227915,0.694105,-0.019931,2.536845
6.040257,0.369595,-0.156658,0.227961,0.692083,-0.011323,2.539275
6.043795,0.369416,-0.156940,0.227838,0.692549,-0.012396,2.540568
6.046870,0.369192,-0.157137,0.227623,0.690018,-0.020610,2.538341
6.050319,0.369057,-0.157144,0.227458,0.690637,-0.026932,2.539860
6.066827,0.366156,-0.161532,0.226663,0.678329,-0.072048,2.525135
6.070187,0.365970,-0.161828,0.226332,0.683742,-0.077289,2.523589
6.073734,0.365781,-0.162203,0.226018,0.689497,-0.072484,2.523325
6.076701,0.365410,-0.162830,0.225801,0.694934,-0.065990,2.521866
6.080079,0.365064,-0.163424,0.225553,0.701491,-0.063081,2.521417
6.083834,0.364880,-0.163918,0.225381,0.709341,-0.054807,2.527286
6.086840,0.364752,-0.164372,0.225371,0.714064,-0.040218,2.531224
6.090086,0.364544,-0.164915,0.225501,0.718095,-0.030070,2.530929
6.093418,0.364192,-0.165577,0.225440,0.722888,-0.032807,2.530863
6.100233,0.363235,-0.167168,0.225233,0.733211,-0.023677,2.529189
6.103246,0.362563,-0.168044,0.225092,0.742441,-0.018952,2.521649
6.106904,0.361996,-0.168729,0.224932,0.746470,-0.016572,2.515981
6.110432,0.361510,-0.169271,0.224682,0.752960,-0.025337,2.510238
6.112981,0.360920,-0.169873,0.224294,0.760362,-0.028243,2.504583
6.123550,0.359401,-0.171303,0.223137,0.756072,-0.035627,2.502621
6.127068,0.359064,-0.171948,0.222977,0.748014,-0.043295,2.498850
6.130404,0.358751,-0.172638,0.222981,0.746762,-0.050287,2.494390
6.133363,0.358521,-0.173404,0.223168,0.739138,-0.048399,2.493778
6.137068,0.358296,-0.174475,0.223810,0.728465,-0.035619,2.493139
6.140071,0.358004,-0.175609,0.224276,0.718902,-0.032649,2.488922
6.143815,0.357705,-0.176605,0.224584,0.708820,-0.033267,2.488589
6.149472,0.357119,-0.178120,0.224394,0.697349,-0.050169,2.489588
6.167131,0.356562,-0.179495,0.224055,0.684940,-0.065693,2.489859
6.177462,0.355963,-0.180683,0.223280,0.679103,-0.088496,2.490177
6.181179,0.355268,-0.182035,0.222604,0.670294,-0.105587,2.489512
6.184872,0.354629,-0.183318,0.222110,0.664781,-0.120309,2.487014
6.192551,0.354154,-0.184331,0.221881,0.660733,-0.117607,2.483314
6.194003,0.353670,-0.185338,0.221733,0.658903,-0.119984,2.480309
6.204317,0.353132,-0.186222,0.221361,0.673544,-0.118225,2.478913
6.206463,0.352606,-0.186901,0.220831,0.684097,-0.112479,2.478742
6.216172,0.351911,-0.188135,0.219940,0.694858,-0.097421,2.475456
6.219949,0.351211,-0.188994,0.219209,0.713256,-0.096880,2.476042
6.230634,0.350404,-0.190106,0.218329,0.738233,-0.095267,2.472363
6.240007,0.349533,-0.191456,0.217555,0.740152,-0.078976,2.465653
6.259775,0.346883,-0.196404,0.217075,0.748304,-0.070124,2.458953
6.263441,0.346085,-0.197978,0.216988,0.761961,-0.074485,2.456211
6.276017,0.345281,-0.199520,0.216854,0.766951,-0.065069,2.450521
6.279969,0.344211,-0.201358,0.217173,0.758333,-0.045191,2.446061
6.289675,0.343442,-0.202579,0.216859,0.752890,-0.049057,2.442935
6.295503,0.342684,-0.203816,0.216490,0.749193,-0.054408,2.438834
6.302014,0.342041,-0.204999,0.216602,0.732483,-0.059645,2.435559
6.305726,0.341472,-0.206046,0.216886,0.718243,-0.063844,2.430131
6.308621,0.341179,-0.206687,0.216850,0.713255,-0.069266,2.428567
6.312159,0.341164,-0.207309,0.216861,0.702917,-0.071193,2.430159
6.315352,0.341149,-0.207896,0.216906,0.697857,-0.070674,2.432790
6.318869,0.341166,-0.208469,0.216867,0.700437,-0.065134,2.432725
6.322121,0.341193,-0.208980,0.216807,0.694574,-0.061898,2.436493
6.325282,0.341271,-0.209289,0.216711,0.690018,-0.065512,2.439839
6.328872,0.340986,-0.209485,0.216138,0.704823,-0.068541,2.441074
6.331963,0.340603,-0.209673,0.215563,0.720923,-0.076554,2.439292
6.335676,0.340155,-0.209917,0.214999,0.724936,-0.074531,2.439807
6.339093,0.339591,-0.210104,0.214376,0.738964,-0.067596,2.440545
6.342293,0.339023,-0.210410,0.213702,0.757816,-0.077833,2.438125
6.345359,0.338510,-0.210814,0.213355,0.753393,-0.080081,2.435600
6.349106,0.338047,-0.211111,0.213068,0.748212,-0.072413,2.438135
6.352253,0.337622,-0.211297,0.212780,0.757295,-0.091596,2.438976
6.355378,0.337184,-0.212208,0.212642,0.754954,-0.101990,2.434076
6.359135,0.336762,-0.213142,0.212620,0.744425,-0.094968,2.432679
6.362488,0.336491,-0.214194,0.213080,0.735136,-0.093375,2.432705
6.365412,0.336332,-0.215427,0.213646,0.724213,-0.095425,2.429595
6.368485,0.335995,-0.216920,0.214260,0.705847,-0.078665,2.425185
6.371963,0.335578,-0.217837,0.214737,0.704064,-0.077518,2.423683
6.374865,0.334987,-0.218776,0.215015,0.708790,-0.072779,2.419601
6.378300,0.334410,-0.219478,0.214799,0.722263,-0.079224,2.414792
6.381983,0.333779,-0.219957,0.214526,0.727998,-0.085024,2.413236
6.385355,0.333462,-0.220230,0.214286,0.739461,-0.093290,2.413061
6.392096,0.333386,-0.220556,0.213925,0.747037,-0.090081,2.411433
6.395245,0.333106,-0.221051,0.213675,0.748870,-0.091165,2.410991
6.402410,0.332356,-0.222322,0.212968,0.750766,-0.086616,2.410970
6.405326,0.331809,-0.223177,0.212758,0.751554,-0.081448,2.408319
6.409096,0.331278,-0.224110,0.212758,0.751614,-0.073197,2.403797
6.411988,0.330881,-0.224941,0.212922,0.746176,-0.076445,2.402119
6.415602,0.330443,-0.225825,0.213010,0.742487,-0.076663,2.400264
6.418555,0.329884,-0.226663,0.213029,0.740721,-0.075191,2.396965
6.422338,0.329440,-0.227273,0.212870,0.740843,-0.082200,2.394352
6.425707,0.329330,-0.227731,0.212701,0.742050,-0.087934,2.392831
6.428440,0.329232,-0.228150,0.212609,0.741289,-0.094817,2.391749
6.432350,0.329110,-0.228481,0.212581,0.736561,-0.104312,2.392347
6.435457,0.328892,-0.228903,0.212476,0.738941,-0.113318,2.393245
6.438934,0.328566,-0.229592,0.212501,0.746329,-0.107122,2.392873
6.442250,0.328144,-0.230195,0.212521,0.741984,-0.108956,2.395268
6.445379,0.327764,-0.230747,0.212448,0.746412,-0.110123,2.397681
6.452058,0.327368,-0.231649,0.212116,0.753467,-0.113119,2.398301
6.455793,0.327310,-0.231992,0.211879,0.742087,-0.109404,2.398658
6.458927,0.327148,-0.232370,0.211558,0.738940,-0.119297,2.398380
6.462523,0.326939,-0.232692,0.211175,0.746616,-0.125743,2.396412
6.465643,0.326524,-0.233242,0.210822,0.750329,-0.129436,2.391912
6.468691,0.326033,-0.233941,0.210591,0.752313,-0.127099,2.387295
6.472516,0.325601,-0.234546,0.210380,0.760904,-0.129630,2.383684
6.475829,0.325200,-0.235123,0.210192,0.759499,-0.129762,2.381638
6.479340,0.324792,-0.235798,0.209989,0.757851,-0.127371,2.379186
6.482919,0.324518,-0.236466,0.209843,0.751941,-0.129106,2.379358
6.487794,0.324200,-0.237189,0.209574,0.746942,-0.130978,2.379174
6.493694,0.323768,-0.238027,0.209284,0.749312,-0.138683,2.378580
6.506169,0.322943,-0.239699,0.209313,0.738360,-0.142062,2.369914
6.508420,0.321910,-0.241520,0.209421,0.723067,-0.140223,2.362113
6.516699,0.321148,-0.243249,0.209679,0.711818,-0.141806,2.353384
6.523237,0.320538,-0.244787,0.209946,0.700999,-0.148229,2.349775
6.526036,0.319824,-0.246677,0.210524,0.686467,-0.137484,2.343665
6.535004,0.319381,-0.247861,0.210680,0.694034,-0.126216,2.344944
6.546227,0.319198,-0.248883,0.210821,0.706520,-0.122297,2.345927
6.548464,0.318785,-0.250107,0.210663,0.706358,-0.100576,2.347654
6.554856,0.318312,-0.251479,0.210585,0.723728,-0.100651,2.344762
6.570369,0.318036,-0.252649,0.210029,0.730107,-0.101939,2.343069
6.578365,0.317793,-0.253755,0.209817,0.721960,-0.105892,2.342073
6.583566,0.317445,-0.254763,0.209643,0.720460,-0.112558,2.337842
6.585899,0.317122,-0.255625,0.209661,0.726415,-0.128307,2.335854
6.589754,0.316823,-0.256260,0.209619,0.714464,-0.122976,2.334219
6.596476,0.316631,-0.256511,0.209558,0.712757,-0.128865,2.335613
6.598504,0.316495,-0.256714,0.209237,0.715235,-0.142264,2.338821
6.607690,0.316344,-0.257093,0.209046,0.714737,-0.142333,2.344152
6.609618,0.316077,-0.257627,0.208767,0.722645,-0.148940,2.342499
6.624643,0.315684,-0.258306,0.208686,0.725072,-0.146923,2.344391
6.626097,0.315233,-0.259282,0.208679,0.727886,-0.140445,2.343610
6.629693,0.314760,-0.260336,0.208666,0.730801,-0.130397,2.341833
6.635406,0.314418,-0.261239,0.208519,0.730567,-0.132684,2.339964
6.639780,0.314174,-0.261865,0.208503,0.727075,-0.127547,2.343479
6.642734,0.313713,-0.262247,0.208190,0.742536,-0.133458,2.342837
6.646481,0.313218,-0.262609,0.207870,0.758593,-0.133422,2.340795
6.650082,0.312854,-0.262974,0.207845,0.767843,-0.134271,2.339857
6.653144,0.312524,-0.263281,0.207879,0.774887,-0.133419,2.339279
6.656663,0.312233,-0.263677,0.207935,0.776688,-0.139153,2.339277
6.659748,0.312300,-0.264124,0.208211,0.765539,-0.142053,2.338648
6.663349,0.312542,-0.264423,0.208673,0.746973,-0.159384,2.342021
6.666592,0.312709,-0.264542,0.208927,0.737110,-0.179644,2.342817
6.669736,0.312679,-0.265095,0.209112,0.723380,-0.182361,2.342441
6.673154,0.312581,-0.265601,0.209336,0.711304,-0.181237,2.341612
6.676427,0.312399,-0.266322,0.209498,0.701544,-0.176073,2.340368
6.679753,0.312035,-0.267056,0.209532,0.697264,-0.163822,2.337844
6.683170,0.311638,-0.267859,0.209615,0.693475,-0.142333,2.335714
6.686946,0.311272,-0.268358,0.209678,0.695386,-0.135592,2.333961
6.690328,0.310948,-0.268942,0.209631,0.701385,-0.125523,2.329793
6.694513,0.310594,-0.269302,0.209488,0.700878,-0.125334,2.329307
6.696738,0.310287,-0.269662,0.209362,0.705961,-0.125911,2.327127
6.699782,0.310018,-0.269968,0.209158,0.708468,-0.131261,2.324822
6.702934,0.309831,-0.270359,0.209008,0.707031,-0.135631,2.323932
6.706484,0.309581,-0.270715,0.208963,0.705237,-0.139934,2.321478
6.710450,0.309429,-0.271118,0.208962,0.707783,-0.141607,2.320541
6.713171,0.309160,-0.271457,0.208939,0.708045,-0.144390,2.320382
6.717049,0.308810,-0.271971,0.208870,0.709686,-0.142904,2.318608
6.719699,0.308309,-0.272405,0.208814,0.716104,-0.139926,2.314452
6.723136,0.307879,-0.272779,0.208695,0.721545,-0.142467,2.311741
6.726871,0.307352,-0.273060,0.208555,0.728279,-0.142725,2.309118
6.729940,0.307107,-0.273073,0.208448,0.742084,-0.146394,2.309984
6.733527,0.306945,-0.272888,0.208397,0.746948,-0.157279,2.311201
6.736618,0.306977,-0.272682,0.208282,0.743364,-0.160501,2.313417
6.739733,0.306596,-0.272731,0.208184,0.751616,-0.169959,2.318059
6.743170,0.306269,-0.273047,0.208015,0.754928,-0.168071,2.313736
6.747182,0.305745,-0.273719,0.207811,0.752875,-0.162215,2.307588
6.750249,0.305172,-0.274373,0.207580,0.761276,-0.154262,2.301485
6.753532,0.304605,-0.274974,0.207373,0.773983,-0.169276,2.300133
6.756603,0.304682,-0.275581,0.207710,0.758102,-0.154457,2.296902
6.760253,0.304863,-0.276083,0.208222,0.741106,-0.158134,2.299891
6.762868,0.305079,-0.276702,0.208732,0.722314,-0.156597,2.300862
6.766476,0.305278,-0.277388,0.209343,0.700120,-0.152423,2.303426
6.769701,0.305473,-0.278116,0.209934,0.678101,-0.137291,2.302174
6.773479,0.305280,-0.278488,0.209722,0.684070,-0.149440,2.301590
6.776819,0.305045,-0.278759,0.209443,0.687252,-0.153130,2.300506
6.780194,0.304787,-0.278890,0.209169,0.690211,-0.160120,2.299904
6.783213,0.304544,-0.279028,0.208815,0.710108,-0.169447,2.298190
6.786253,0.304191,-0.279185,0.208484,0.716672,-0.170786,2.297690
6.790276,0.304006,-0.279427,0.208432,0.711120,-0.167313,2.297767
6.793488,0.303743,-0.279718,0.208405,0.714543,-0.166328,2.296838
6.796374,0.303421,-0.280015,0.208568,0.715720,-0.163435,2.295567
6.800084,0.303307,-0.280394,0.208743,0.699903,-0.155295,2.295902
6.803646,0.303293,-0.280732,0.208952,0.702072,-0.156870,2.296910
6.806523,0.303268,-0.281075,0.209117,0.702699,-0.157722,2.297293
6.810090,0.303201,-0.281325,0.209226,0.702651,-0.154789,2.298832
6.812917,0.303206,-0.281490,0.209171,0.704592,-0.159198,2.300927
6.816135,0.302996,-0.281559,0.209069,0.707865,-0.164608,2.302312
6.819662,0.302669,-0.281666,0.208883,0.709972,-0.165364,2.299397
6.823377,0.302353,-0.281758,0.208721,0.722127,-0.168792,2.295210
6.826697,0.301924,-0.281869,0.208503,0.731384,-0.179556,2.295007
6.830121,0.301556,-0.282086,0.208439,0.742557,-0.184078,2.291991
6.833064,0.301166,-0.282427,0.208500,0.750140,-0.184184,2.287866
6.836644,0.300893,-0.282825,0.208556,0.755427,-0.186612,2.283414
6.839903,0.300532,-0.283264,0.208615,0.758248,-0.189080,2.283972
6.843225,0.300379,-0.283732,0.208704,0.755020,-0.181977,2.278739
6.846437,0.300063,-0.284124,0.208668,0.753571,-0.182070,2.276442
6.850002,0.299792,-0.284348,0.208534,0.754944,-0.188058,2.274952
6.852957,0.299560,-0.284521,0.208437,0.756585,-0.193247,2.275812
6.857115,0.299239,-0.284952,0.208575,0.748728,-0.189728,2.269863
6.861439,0.298964,-0.285447,0.208759,0.749823,-0.188248,2.265016
6.878263,0.298746,-0.286259,0.208898,0.739740,-0.184357,2.264285
6.880353,0.298633,-0.287092,0.209073,0.732887,-0.176987,2.264128
6.892183,0.298517,-0.287790,0.209257,0.724583,-0.174882,2.266143
6.895985,0.298540,-0.288137,0.209107,0.715976,-0.189691,2.270078
6.898543,0.298539,-0.288440,0.208956,0.710402,-0.199666,2.275568
6.901393,0.298559,-0.288471,0.208837,0.710490,-0.206788,2.276791
6.913026,0.298454,-0.288866,0.208590,0.706890,-0.220066,2.276256
6.914721,0.298137,-0.289794,0.208599,0.699969,-0.212335,2.275378
6.927308,0.297738,-0.291113,0.208837,0.707978,-0.195761,2.276967
6.949822,0.297336,-0.292450,0.209067,0.715834,-0.188425,2.276718
6.964845,0.296924,-0.293792,0.209458,0.713521,-0.177106,2.276211
6.968680,0.296657,-0.294841,0.209955,0.718808,-0.171297,2.274816
6.974319,0.296556,-0.295487,0.210169,0.728984,-0.181509,2.274649
6.980448,0.296524,-0.295995,0.210343,0.720462,-0.177303,2.272852
6.985217,0.296481,-0.296531,0.210533,0.705428,-0.173500,2.271001
6.994220,0.296417,-0.297163,0.210606,0.695073,-0.175163,2.269031
7.001503,0.296213,-0.297870,0.210721,0.682936,-0.161661,2.268769
7.027004,0.295226,-0.300748,0.211371,0.670620,-0.150122,2.266442
7.033276,0.294786,-0.301601,0.211464,0.664058,-0.148197,2.265683
7.036329,0.294610,-0.301791,0.211365,0.660863,-0.148077,2.265714
7.039597,0.294462,-0.301855,0.211169,0.664977,-0.144127,2.265379
7.043035,0.294368,-0.301636,0.210504,0.670147,-0.157347,2.263980
7.046174,0.294135,-0.301272,0.209692,0.679750,-0.162965,2.263399
7.049716,0.293999,-0.300960,0.209060,0.686065,-0.179207,2.261196
7.053275,0.293758,-0.300870,0.208770,0.688349,-0.183429,2.259167
7.056443,0.293745,-0.300996,0.208689,0.686120,-0.186925,2.258589
7.059562,0.293718,-0.301459,0.209069,0.681052,-0.179307,2.260608
7.063285,0.293856,-0.302048,0.209532,0.673338,-0.188758,2.256918
7.066319,0.293927,-0.302348,0.209422,0.666659,-0.176553,2.257893
7.069502,0.294161,-0.302310,0.209069,0.670054,-0.176726,2.258772
7.073080,0.294170,-0.302114,0.208563,0.677066,-0.180791,2.259095
7.076255,0.294094,-0.301890,0.208166,0.683709,-0.183227,2.256708
7.079641,0.294014,-0.301640,0.207807,0.687692,-0.174749,2.258762
7.082963,0.293876,-0.301658,0.207911,0.686316,-0.176669,2.258040
7.086608,0.293711,-0.302023,0.208325,0.689030,-0.176538,2.256504
7.090482,0.293601,-0.302136,0.208325,0.683686,-0.171622,2.254589
7.093964,0.293586,-0.302204,0.208245,0.682889,-0.178185,2.258252
7.097014,0.293515,-0.302111,0.207963,0.685237,-0.179790,2.258145
7.100239,0.293206,-0.301964,0.207690,0.709760,-0.191709,2.256639
7.103393,0.292913,-0.301580,0.207048,0.718281,-0.194917,2.254182
7.106994,0.292859,-0.301581,0.206984,0.731062,-0.206365,2.255951
7.110333,0.292805,-0.301563,0.206935,0.737443,-0.208677,2.253440
7.114722,0.292704,-0.301649,0.207041,0.748958,-0.218172,2.253662
7.116965,0.292797,-0.301748,0.207319,0.741918,-0.214786,2.254558
7.120345,0.292871,-0.301968,0.207553,0.739402,-0.218205,2.258438
7.124410,0.292677,-0.302076,0.207610,0.739970,-0.217039,2.256695
7.127554,0.292467,-0.302218,0.207687,0.741651,-0.215124,2.254973
7.130526,0.292384,-0.302399,0.207791,0.733716,-0.209902,2.254255
7.133706,0.292381,-0.302583,0.207745,0.732002,-0.210068,2.254240
7.136776,0.292369,-0.302646,0.207719,0.730312,-0.209020,2.252832
7.140717,0.292383,-0.302681,0.207667,0.729654,-0.209317,2.253074
7.144345,0.292418,-0.302676,0.207579,0.728175,-0.209876,2.253258
7.147344,0.292297,-0.302463,0.206961,0.737387,-0.212841,2.251790
7.150873,0.292117,-0.302229,0.206312,0.745046,-0.214595,2.250566
7.154247,0.292014,-0.301995,0.205649,0.755190,-0.216731,2.249205
7.157493,0.291894,-0.301795,0.205028,0.764009,-0.216379,2.248004
7.160909,0.291766,-0.301620,0.204415,0.772886,-0.215272,2.246664
7.163756,0.291794,-0.301647,0.204319,0.774645,-0.213848,2.246998
7.167409,0.291879,-0.301739,0.204236,0.775416,-0.212252,2.247651
7.170864,0.292072,-0.302007,0.204528,0.767122,-0.206803,2.249928
7.173988,0.292380,-0.302330,0.204950,0.756335,-0.208786,2.255264
7.177224,0.292687,-0.302664,0.205367,0.745906,-0.206602,2.258046
7.180518,0.292947,-0.303040,0.205881,0.736089,-0.201373,2.258889
7.184191,0.293057,-0.303371,0.206352,0.722181,-0.193625,2.258860
7.187261,0.292986,-0.303442,0.206309,0.732387,-0.197544,2.256756
7.190279,0.292683,-0.303197,0.205643,0.738914,-0.191553,2.252666
7.193787,0.292483,-0.303174,0.205462,0.750896,-0.189426,2.248369
7.197029,0.292323,-0.303112,0.205179,0.755486,-0.189055,2.248423
7.200084,0.292322,-0.303059,0.204959,0.764650,-0.192861,2.249282
7.203443,0.292486,-0.303108,0.204846,0.755085,-0.192114,2.252114
7.207143,0.292779,-0.303401,0.205197,0.752377,-0.195980,2.253213
7.210767,0.292973,-0.303436,0.205060,0.744552,-0.199719,2.256876
7.213676,0.293138,-0.303497,0.204923,0.742400,-0.207267,2.259997
7.217664,0.292921,-0.303721,0.204896,0.745215,-0.204087,2.258210
7.222248,0.292547,-0.303919,0.204932,0.751166,-0.197675,2.254994
7.224672,0.292173,-0.304106,0.204979,0.755302,-0.191981,2.252624
7.240882,0.292254,-0.304279,0.204935,0.753499,-0.191333,2.254257
7.242167,0.292486,-0.304425,0.204965,0.744430,-0.184755,2.254044
7.254050,0.293063,-0.304378,0.204882,0.721506,-0.177725,2.256489
7.256031,0.293433,-0.304652,0.205622,0.710335,-0.184423,2.262113
7.259493,0.294341,-0.304639,0.205868,0.683745,-0.179093,2.266611
7.262458,0.294530,-0.305022,0.206826,0.670616,-0.172474,2.269651
7.272865,0.294604,-0.305567,0.207779,0.651318,-0.163603,2.271915
7.284987,0.294671,-0.306164,0.208708,0.646945,-0.164367,2.274762
7.288320,0.294809,-0.305898,0.207324,0.644922,-0.157995,2.271795
7.309289,0.294391,-0.305980,0.206436,0.657013,-0.175424,2.271413
7.323864,0.294483,-0.306258,0.206091,0.648144,-0.170974,2.270133
7.327061,0.294559,-0.306394,0.205688,0.653160,-0.168593,2.269948
7.331388,0.294649,-0.306638,0.205399,0.655391,-0.168893,2.270426
7.333953,0.294880,-0.307378,0.206351,0.640797,-0.158136,2.273365
7.341052,0.295108,-0.308150,0.207286,0.630795,-0.136662,2.274306
7.353513,0.294725,-0.307566,0.205360,0.663989,-0.150552,2.271617
7.356879,0.294347,-0.306952,0.203437,0.696422,-0.167399,2.267832
7.367623,0.293949,-0.306284,0.201376,0.730046,-0.179288,2.263519
7.370971,0.293603,-0.305792,0.199497,0.735590,-0.179780,2.260680
7.379790,0.293273,-0.305220,0.197660,0.765903,-0.194718,2.255063
7.383219,0.293328,-0.305375,0.197526,0.766536,-0.193314,2.254515
7.385998,0.293392,-0.305532,0.197400,0.766513,-0.190266,2.253142
7.392587,0.293805,-0.305748,0.197171,0.744488,-0.196716,2.256123
7.396273,0.294094,-0.305832,0.197071,0.771915,-0.208555,2.253903
7.402656,0.294552,-0.306632,0.197583,0.761993,-0.189561,2.254956
7.406131,0.294636,-0.307088,0.198110,0.763247,-0.184888,2.253120
7.412798,0.294252,-0.307252,0.197883,0.763769,-0.185860,2.251879
7.415894,0.294009,-0.307179,0.197641,0.782066,-0.179055,2.247943
7.422953,0.294116,-0.306625,0.196480,0.779966,-0.180439,2.248199
7.426300,0.294259,-0.306646,0.196585,0.790214,-0.197336,2.247752
7.432779,0.294658,-0.306953,0.197178,0.769977,-0.189882,2.249252
7.436077,0.294907,-0.307393,0.197890,0.749518,-0.178159,2.250956
7.442995,0.295148,-0.308036,0.198725,0.752535,-0.176728,2.249959
7.446016,0.295145,-0.308202,0.198867,0.741074,-0.158149,2.251187
7.452848,0.295315,-0.308875,0.200135,0.730392,-0.136777,2.252149
7.456611,0.295313,-0.309085,0.200526,0.740105,-0.124718,2.252908
7.463335,0.295430,-0.309908,0.202025,0.755153,-0.120480,2.250978
7.466379,0.295187,-0.309784,0.201635,0.743549,-0.102273,2.252845
7.473041,0.294894,-0.309622,0.201206,0.748868,-0.103558,2.251097
7.512669,0.294664,-0.309846,0.200117,0.760574,-0.149409,2.252670
7.515681,0.294636,-0.309254,0.199283,0.774778,-0.152881,2.250517
7.526462,0.294127,-0.307566,0.195916,0.783149,-0.151653,2.249755
7.533145,0.293639,-0.307396,0.194446,0.792670,-0.166749,2.248986
7.536257,0.293579,-0.307642,0.194294,0.806478,-0.185851,2.246111
7.542509,0.293671,-0.307741,0.194075,0.800582,-0.183359,2.245512
7.546320,0.293836,-0.307694,0.193961,0.792284,-0.191585,2.246301
7.552892,0.294189,-0.308058,0.194331,0.774664,-0.187175,2.247182
7.555853,0.294374,-0.308403,0.194780,0.769603,-0.187628,2.247304
7.563454,0.294509,-0.308977,0.195365,0.756556,-0.174561,2.247549
7.565740,0.294533,-0.309210,0.195669,0.757050,-0.171638,2.245874
7.572575,0.294532,-0.309271,0.195665,0.748432,-0.154209,2.246154
7.576258,0.294627,-0.309612,0.196352,0.750380,-0.151324,2.245925
7.582791,0.294894,-0.310089,0.197771,0.739828,-0.140065,2.248854
7.586469,0.295067,-0.310064,0.198160,0.760862,-0.177640,2.247443
7.608471,0.295267,-0.310048,0.198420,0.751104,-0.172898,2.251356
7.618711,0.295397,-0.309761,0.198136,0.750053,-0.184412,2.254024
7.622411,0.295044,-0.308315,0.195781,0.769982,-0.224856,2.251361
7.626160,0.294645,-0.307081,0.193391,0.792760,-0.257208,2.246123
7.629125,0.294205,-0.305934,0.191197,0.792277,-0.257237,2.245807
7.648256,0.293293,-0.303583,0.186929,0.814263,-0.289368,2.238543
7.679145,0.293893,-0.304889,0.189020,0.805790,-0.286976,2.237612
7.680621,0.294600,-0.306319,0.191104,0.767226,-0.257641,2.245933
7.694475,0.295364,-0.307692,0.193052,0.745618,-0.233331,2.250754
7.697599,0.295969,-0.309141,0.194984,0.731067,-0.194289,2.252419
7.703688,0.296445,-0.311107,0.197229,0.697974,-0.160686,2.257043
7.707952,0.296409,-0.311287,0.197242,0.698164,-0.165838,2.258196
7.718271,0.296393,-0.311495,0.197339,0.726905,-0.178602,2.256981
7.746623,0.297526,-0.311184,0.196672,0.720214,-0.179089,2.257735
7.750437,0.297695,-0.311075,0.196448,0.705128,-0.191699,2.262281
7.756926,0.297820,-0.311003,0.196292,0.708262,-0.196284,2.262993
7.760928,0.297873,-0.311021,0.196165,0.707875,-0.196633,2.263834
7.763945,0.297936,-0.311007,0.196080,0.690370,-0.188361,2.262863
7.767313,0.298001,-0.311001,0.195975,0.691363,-0.190191,2.262938
7.770810,0.298087,-0.310955,0.195823,0.694583,-0.192763,2.263147
7.774397,0.298155,-0.310949,0.195643,0.699352,-0.196765,2.263535
7.777588,0.298343,-0.310944,0.195569,0.694737,-0.196005,2.263462
7.780867,0.298517,-0.311087,0.195644,0.693460,-0.198824,2.264043
7.784276,0.298621,-0.311358,0.195956,0.689314,-0.183296,2.264350
7.786948,0.298715,-0.311654,0.196322,0.676564,-0.177715,2.265012
7.791023,0.298792,-0.311902,0.196701,0.669912,-0.176613,2.265233
7.794230,0.298733,-0.312159,0.197152,0.681671,-0.160754,2.264303
7.797177,0.298722,-0.312640,0.197694,0.666995,-0.155039,2.264859
7.801302,0.298871,-0.312772,0.197889,0.662839,-0.153591,2.264872
7.804054,0.299026,-0.312881,0.197950,0.671289,-0.157771,2.262971
7.807598,0.299182,-0.312991,0.198011,0.669373,-0.156056,2.262755
7.811162,0.299365,-0.313298,0.198313,0.651805,-0.161388,2.263872
7.814114,0.299578,-0.313367,0.198532,0.645855,-0.187641,2.260151
7.817633,0.299829,-0.313679,0.198991,0.633881,-0.222490,2.256261
7.830501,0.300471,-0.313651,0.198729,0.648495,-0.238038,2.254493
7.834301,0.300275,-0.312800,0.197042,0.664865,-0.255222,2.251906
7.837814,0.299954,-0.311925,0.195215,0.687938,-0.285793,2.247834
7.840994,0.299357,-0.310883,0.193085,0.727521,-0.280738,2.247894
7.843506,0.298778,-0.309869,0.190852,0.765079,-0.274477,2.247637
7.847386,0.298651,-0.309789,0.190478,0.770838,-0.274867,2.247211
7.850656,0.298353,-0.309600,0.189919,0.780114,-0.276743,2.245631
7.854757,0.298211,-0.309270,0.188963,0.800538,-0.280689,2.243507
7.857637,0.298228,-0.309074,0.188232,0.810818,-0.282925,2.242852
7.860812,0.298404,-0.309746,0.189171,0.796839,-0.276699,2.244404
7.864282,0.298583,-0.310399,0.190118,0.782775,-0.267488,2.245591
7.867786,0.298930,-0.311150,0.191269,0.767103,-0.257962,2.247930
7.871063,0.299133,-0.312050,0.192828,0.738118,-0.241530,2.250805
7.874022,0.299292,-0.312990,0.194494,0.714023,-0.229497,2.251818
7.877044,0.299283,-0.313073,0.194536,0.714643,-0.226977,2.249339
7.881179,0.299311,-0.313166,0.194590,0.714998,-0.226484,2.249364
7.884215,0.299347,-0.313274,0.194635,0.714118,-0.224863,2.249364
7.887836,0.299336,-0.313621,0.194576,0.702236,-0.217233,2.250529
7.890708,0.299350,-0.313615,0.193788,0.706252,-0.212635,2.249446
7.894211,0.299501,-0.313137,0.192959,0.722227,-0.224578,2.253110
7.896809,0.299477,-0.312578,0.192005,0.726659,-0.229423,2.255784
7.900415,0.299321,-0.312058,0.191067,0.744587,-0.234444,2.253803
7.904362,0.299154,-0.311547,0.190158,0.779301,-0.250935,2.249289
7.907233,0.299229,-0.311569,0.190133,0.778417,-0.252917,2.250391
7.910702,0.299159,-0.312022,0.190208,0.766326,-0.241854,2.249573
7.914178,0.299230,-0.312544,0.190392,0.779066,-0.245238,2.246636
7.917363,0.299302,-0.312562,0.190398,0.764358,-0.240068,2.248803
7.921003,0.299497,-0.312364,0.190532,0.759978,-0.241137,2.252104
7.924148,0.299429,-0.311919,0.190396,0.770648,-0.251408,2.253170
7.927321,0.299272,-0.311815,0.190254,0.781416,-0.257406,2.251380
7.930850,0.299114,-0.311712,0.190116,0.780329,-0.251569,2.249123
7.933765,0.299057,-0.312091,0.190218,0.791056,-0.262095,2.250256
7.937351,0.298915,-0.312440,0.190283,0.787911,-0.257914,2.248156
7.940825,0.298492,-0.312783,0.190406,0.791632,-0.247120,2.242567
7.944241,0.298062,-0.313049,0.190623,0.792470,-0.249561,2.241565
7.947153,0.297758,-0.312964,0.190801,0.793409,-0.246041,2.240242
7.950933,0.297811,-0.312784,0.190808,0.793298,-0.244432,2.239760
7.954149,0.297863,-0.312604,0.190815,0.794056,-0.247362,2.242098
7.957809,0.297820,-0.312698,0.190882,0.791046,-0.250418,2.242295
7.961132,0.297868,-0.312556,0.190853,0.792302,-0.246586,2.241512
7.963833,0.297748,-0.312754,0.190850,0.789597,-0.251177,2.242312
7.971277,0.297277,-0.313234,0.190930,0.791887,-0.243460,2.237031
7.987306,0.296806,-0.313716,0.191010,0.790820,-0.241418,2.231626
7.995761,0.296745,-0.313943,0.190980,0.790729,-0.244187,2.230147
8.004179,0.296651,-0.315446,0.192544,0.778139,-0.220706,2.229322
8.006957,0.296591,-0.316442,0.194071,0.772081,-0.196550,2.228239
8.015855,0.296510,-0.317462,0.195597,0.760371,-0.178997,2.230255
8.050410,0.297034,-0.318631,0.198124,0.743498,-0.176429,2.235634
8.060545,0.297618,-0.318048,0.197643,0.723126,-0.176447,2.242744
8.065491,0.297725,-0.317797,0.197464,0.727374,-0.180347,2.244782
8.068264,0.297808,-0.317572,0.197345,0.726297,-0.185898,2.246632
8.071414,0.297914,-0.317566,0.197262,0.721865,-0.184361,2.248803
8.078948,0.297711,-0.318019,0.197722,0.717076,-0.181096,2.250898
8.090331,0.298625,-0.317874,0.197894,0.696585,-0.174871,2.257365
8.092195,0.299198,-0.316962,0.196703,0.700517,-0.201025,2.260752
8.100212,0.299598,-0.315971,0.195249,0.698871,-0.221341,2.265401
8.103643,0.299855,-0.315109,0.193840,0.710249,-0.244784,2.266284
8.109902,0.299766,-0.314481,0.192512,0.725288,-0.246863,2.264732
8.113696,0.299573,-0.314034,0.191371,0.757570,-0.253275,2.257746
8.116769,0.299609,-0.314182,0.191095,0.753878,-0.245898,2.257669
8.120478,0.299661,-0.314372,0.191034,0.757063,-0.243317,2.256624
8.123443,0.299751,-0.314289,0.190896,0.754390,-0.241330,2.257521
8.126798,0.299781,-0.314243,0.190852,0.758244,-0.244142,2.257550
8.130170,0.299802,-0.314180,0.190731,0.764296,-0.242179,2.255517
8.134105,0.299729,-0.314104,0.190715,0.768788,-0.242935,2.255044
8.137260,0.299693,-0.314030,0.190672,0.775570,-0.238255,2.250519
8.140858,0.299520,-0.314046,0.190583,0.782053,-0.236283,2.248637
8.144070,0.299488,-0.314060,0.190450,0.789423,-0.234264,2.246099
8.147480,0.299508,-0.314108,0.190439,0.787088,-0.234008,2.247097
8.150575,0.299616,-0.314185,0.190412,0.786223,-0.233988,2.246081
8.153758,0.299670,-0.314274,0.190444,0.781282,-0.236537,2.247924
8.157616,0.299821,-0.314452,0.190478,0.774234,-0.240683,2.248641
8.164339,0.299901,-0.314740,0.190378,0.774508,-0.242072,2.249098
8.167221,0.299898,-0.314732,0.190360,0.776949,-0.234775,2.245262
8.170420,0.299953,-0.314768,0.190304,0.777710,-0.234883,2.245352
8.173513,0.300014,-0.314678,0.190258,0.776656,-0.240165,2.247433
8.176860,0.300008,-0.314563,0.190264,0.784366,-0.240146,2.245949
8.180454,0.300040,-0.314420,0.190290,0.782318,-0.240787,2.245171
8.183922,0.300057,-0.314374,0.190276,0.783969,-0.252976,2.247713
8.187437,0.300027,-0.314332,0.190251,0.786852,-0.254302,2.246012
8.190596,0.299932,-0.314336,0.190226,0.792458,-0.253277,2.243541
8.194148,0.299916,-0.314401,0.190217,0.792414,-0.253320,2.242498
8.197476,0.299861,-0.314514,0.190167,0.792319,-0.252463,2.241720
8.200608,0.299834,-0.314635,0.190142,0.794608,-0.251421,2.240289
8.203918,0.299823,-0.314728,0.190158,0.793019,-0.250742,2.240841
8.207243,0.299841,-0.314886,0.190214,0.793121,-0.248700,2.240323
8.210826,0.299825,-0.315033,0.190253,0.791840,-0.246618,2.240215
8.214118,0.299859,-0.315040,0.190369,0.789925,-0.247416,2.241299
8.217099,0.299920,-0.315004,0.190402,0.789385,-0.248836,2.242236
8.220628,0.299952,-0.314917,0.190412,0.791646,-0.252095,2.242743
8.224213,0.300018,-0.314781,0.190403,0.791695,-0.256425,2.243228
8.227356,0.300071,-0.314708,0.190409,0.791337,-0.259546,2.243766
8.230730,0.300119,-0.314746,0.190398,0.792182,-0.259311,2.242872
8.233573,0.300113,-0.314838,0.190468,0.789985,-0.259307,2.242985
8.236759,0.300130,-0.314932,0.190558,0.787968,-0.258691,2.242388
8.240472,0.300131,-0.315051,0.190651,0.786542,-0.257869,2.242603
8.243998,0.300142,-0.315116,0.190730,0.784914,-0.258798,2.241969
8.247095,0.300126,-0.315230,0.190793,0.784935,-0.259473,2.240821
8.250492,0.300134,-0.315343,0.190886,0.784501,-0.257467,2.239560
8.253862,0.300162,-0.315513,0.191040,0.782440,-0.253992,2.239167
8.257485,0.300187,-0.315671,0.191176,0.779592,-0.250821,2.237747
8.260417,0.300206,-0.315821,0.191314,0.778520,-0.249736,2.237240
8.263641,0.300245,-0.315876,0.191469,0.776799,-0.247536,2.237058
8.267200,0.300300,-0.315912,0.191583,0.775998,-0.247196,2.236239
8.270775,0.300413,-0.315940,0.191667,0.775280,-0.247831,2.236892
8.274092,0.300569,-0.315968,0.191769,0.776473,-0.246690,2.237449
8.277344,0.300704,-0.315973,0.191827,0.773478,-0.242485,2.240093
8.283319,0.300921,-0.315535,0.191483,0.780954,-0.249472,2.241439
8.300504,0.301103,-0.315086,0.191120,0.783178,-0.266808,2.244595
8.313141,0.301325,-0.314941,0.190871,0.781516,-0.276778,2.246063
8.316413,0.301407,-0.314957,0.191020,0.779196,-0.283792,2.246342
8.319715,0.301471,-0.314883,0.191238,0.781057,-0.287268,2.246971
8.325405,0.301742,-0.315374,0.191945,0.782340,-0.285579,2.247635
8.331372,0.301765,-0.315591,0.192199,0.778347,-0.268433,2.248132
8.336043,0.301643,-0.315418,0.192300,0.789774,-0.263994,2.245763
8.339235,0.301631,-0.314991,0.192029,0.801402,-0.266537,2.245263
8.348101,0.301798,-0.314740,0.191831,0.811710,-0.271611,2.244216
8.371430,0.301701,-0.314178,0.191633,0.810033,-0.263251,2.242133
8.381314,0.301733,-0.313649,0.191481,0.829686,-0.273183,2.239505
8.386393,0.301783,-0.313171,0.191317,0.839027,-0.278955,2.239321
8.387770,0.301895,-0.312827,0.191206,0.844989,-0.280121,2.239756
8.392554,0.301875,-0.312418,0.190994,0.850833,-0.282310,2.238074
8.395634,0.301850,-0.312220,0.190737,0.859897,-0.296461,2.238921
8.402685,0.301965,-0.312466,0.191314,0.849288,-0.295724,2.238942
8.404308,0.302158,-0.312887,0.191965,0.838650,-0.290255,2.240000
8.414371,0.302292,-0.313278,0.192564,0.831173,-0.287650,2.240591
8.416949,0.302427,-0.313660,0.193166,0.817889,-0.284843,2.239642
8.426265,0.302399,-0.314309,0.193857,0.798773,-0.295448,2.239923
8.430032,0.302340,-0.314832,0.194064,0.796434,-0.289596,2.236777
8.439612,0.302203,-0.315181,0.194197,0.795208,-0.288201,2.232686
8.442872,0.302085,-0.315510,0.194303,0.793391,-0.286864,2.231787
8.445701,0.301948,-0.315909,0.194514,0.799396,-0.282091,2.228894
8.448841,0.301970,-0.316105,0.194634,0.805647,-0.262518,2.225745
8.452837,0.301976,-0.316294,0.194825,0.797898,-0.256095,2.225850
8.455964,0.301966,-0.316480,0.195015,0.797356,-0.253584,2.224720
8.458999,0.301925,-0.316657,0.195196,0.796657,-0.249342,2.220837
8.463005,0.302182,-0.317180,0.195761,0.786832,-0.243495,2.222727
8.465682,0.302393,-0.317686,0.196341,0.779624,-0.237214,2.223411
8.469295,0.302666,-0.318128,0.196919,0.778500,-0.235221,2.224800
8.472808,0.302902,-0.318665,0.197802,0.756008,-0.227107,2.235736
8.476530,0.303162,-0.319202,0.198700,0.744374,-0.220707,2.236876
8.479324,0.303119,-0.319324,0.199095,0.740695,-0.219432,2.236064
8.482159,0.303155,-0.319181,0.198902,0.754749,-0.232278,2.239588
8.486209,0.302974,-0.318935,0.198661,0.770277,-0.238916,2.236869
8.489189,0.302846,-0.318598,0.198117,0.798190,-0.247401,2.226507
8.493464,0.302738,-0.318253,0.197578,0.814291,-0.261611,2.227675
8.495625,0.302620,-0.317961,0.197155,0.830597,-0.269122,2.225856
8.498695,0.302442,-0.317912,0.197267,0.828940,-0.264155,2.220512
8.502225,0.302520,-0.318010,0.197514,0.824209,-0.265171,2.221529
8.505577,0.302761,-0.318078,0.198276,0.809339,-0.265214,2.225085
8.508661,0.302958,-0.318152,0.199018,0.792879,-0.256656,2.226323
8.513298,0.303077,-0.318048,0.199060,0.792080,-0.257984,2.227314
8.515406,0.303205,-0.317940,0.199078,0.787657,-0.254996,2.229393
8.521399,0.303247,-0.317911,0.199205,0.788087,-0.256870,2.229818
8.525669,0.303114,-0.317927,0.198848,0.799756,-0.259535,2.226973
8.529301,0.303050,-0.317960,0.198511,0.802890,-0.256765,2.225638
8.532667,0.303275,-0.318015,0.198959,0.801956,-0.263451,2.227567
8.536149,0.303505,-0.318026,0.199428,0.795750,-0.266006,2.229553
8.539289,0.303741,-0.317944,0.199670,0.785043,-0.262479,2.233448
8.542533,0.303977,-0.317905,0.200005,0.786467,-0.265275,2.234536
8.546134,0.303992,-0.318195,0.200530,0.785048,-0.264117,2.233345
8.549323,0.303828,-0.318595,0.200864,0.771118,-0.250221,2.231830
8.552966,0.303696,-0.319017,0.201214,0.779873,-0.255049,2.230614
8.556312,0.303701,-0.319185,0.201636,0.771908,-0.248497,2.228966
8.559353,0.303718,-0.319289,0.201938,0.758579,-0.243599,2.230401
8.562735,0.303868,-0.318816,0.201673,0.768611,-0.256033,2.232504
8.566027,0.304017,-0.318343,0.201407,0.779711,-0.268440,2.234355
8.568979,0.304122,-0.317890,0.201133,0.778407,-0.265285,2.232986
8.572610,0.304075,-0.317864,0.200750,0.794042,-0.278156,2.233419
8.575998,0.304004,-0.317869,0.200421,0.802218,-0.279462,2.232007
8.579471,0.303927,-0.318098,0.200442,0.801620,-0.275822,2.230230
8.582981,0.303864,-0.318292,0.200451,0.800907,-0.274124,2.228754
8.586159,0.303791,-0.318481,0.200428,0.800399,-0.283626,2.231271
8.589264,0.303843,-0.318164,0.200568,0.801372,-0.282714,2.229418
8.592833,0.303856,-0.318152,0.200551,0.800972,-0.291802,2.231574
8.596367,0.303876,-0.318173,0.200584,0.801695,-0.292494,2.232016
8.599102,0.303882,-0.318229,0.200630,0.802720,-0.290876,2.231827
8.602714,0.304032,-0.317970,0.200784,0.801841,-0.290382,2.232330
8.606410,0.304100,-0.318010,0.200839,0.800262,-0.296068,2.234873
8.609697,0.304222,-0.317772,0.200983,0.794140,-0.288687,2.234672
8.612610,0.304359,-0.317707,0.201156,0.794320,-0.294720,2.236298
8.616089,0.304434,-0.317926,0.201286,0.787559,-0.290353,2.236439
8.618846,0.304415,-0.318473,0.201322,0.781159,-0.276732,2.233998
8.623216,0.304415,-0.318808,0.201409,0.777525,-0.269085,2.232773
8.626001,0.304428,-0.319091,0.201498,0.780132,-0.267935,2.231355
8.629814,0.304334,-0.319008,0.201193,0.780956,-0.258482,2.228889
8.632564,0.304332,-0.318533,0.200930,0.787632,-0.263574,2.230055
8.636419,0.304311,-0.318052,0.200661,0.794163,-0.270316,2.231041
8.641841,0.304501,-0.318003,0.200780,0.790056,-0.267744,2.231966
8.657927,0.304691,-0.317941,0.200912,0.785847,-0.268707,2.234056
8.671760,0.304987,-0.318044,0.201367,0.777238,-0.273841,2.237568
8.675538,0.305252,-0.318309,0.201759,0.768381,-0.271682,2.238453
8.681838,0.305476,-0.318614,0.202160,0.762709,-0.272406,2.239533
8.684959,0.305368,-0.318764,0.202310,0.761172,-0.275340,2.238842
8.695744,0.305292,-0.318939,0.202462,0.759621,-0.274512,2.237749
8.697895,0.305267,-0.319036,0.202590,0.757980,-0.273596,2.237027
8.720905,0.305267,-0.319086,0.202788,0.755589,-0.277041,2.236897
8.723427,0.305289,-0.319122,0.202965,0.750097,-0.275547,2.236419
8.735375,0.305384,-0.319100,0.202948,0.749703,-0.276346,2.236692
8.739245,0.305441,-0.319065,0.202913,0.751229,-0.271696,2.236244
8.746485,0.305400,-0.319140,0.202916,0.750257,-0.272538,2.235744
8.748600,0.305370,-0.319216,0.202922,0.751410,-0.270975,2.236443
8.758876,0.305344,-0.319283,0.202930,0.752331,-0.270848,2.237527
8.760576,0.305308,-0.319457,0.202879,0.751910,-0.268993,2.236843
8.768300,0.305253,-0.319676,0.202807,0.751876,-0.269571,2.236630
8.777937,0.305252,-0.319861,0.202715,0.750708,-0.266727,2.235119
8.781876,0.305237,-0.320021,0.202572,0.750140,-0.266080,2.233770
8.785185,0.305243,-0.320094,0.202428,0.750468,-0.263118,2.232968
8.788882,0.305272,-0.320096,0.202284,0.752677,-0.266856,2.233420
8.792235,0.305303,-0.320053,0.202163,0.752601,-0.269307,2.233981
8.795226,0.305336,-0.320014,0.202052,0.754165,-0.268961,2.234375
8.798272,0.305351,-0.320018,0.201934,0.753964,-0.270970,2.234626
8.802061,0.305353,-0.320067,0.201837,0.760294,-0.275981,2.232932
8.805250,0.305315,-0.320087,0.201774,0.758208,-0.274075,2.232688
8.808621,0.305294,-0.320120,0.201735,0.757217,-0.276600,2.231938
8.812124,0.305268,-0.320174,0.201662,0.756838,-0.277844,2.231959
8.815045,0.305215,-0.320124,0.201254,0.763081,-0.277566,2.230561
8.818465,0.305127,-0.320123,0.200811,0.763211,-0.277598,2.230304
8.822454,0.305031,-0.320123,0.200345,0.771233,-0.272540,2.226099
8.825299,0.304871,-0.320403,0.199761,0.778497,-0.274081,2.224914
8.829256,0.304786,-0.320386,0.199275,0.785457,-0.271110,2.221372
8.831977,0.304709,-0.320540,0.199122,0.785232,-0.271949,2.220953
8.835225,0.304689,-0.320606,0.199021,0.784679,-0.270410,2.219926
8.838290,0.304697,-0.320659,0.198921,0.783537,-0.277425,2.222834
8.841965,0.304800,-0.320417,0.198938,0.782562,-0.278047,2.222740
8.845322,0.304787,-0.320459,0.198881,0.781018,-0.283891,2.225799
8.848553,0.304783,-0.320435,0.198898,0.782447,-0.277304,2.223803
8.852121,0.304745,-0.320494,0.198874,0.782181,-0.278676,2.224519
8.855554,0.304738,-0.320549,0.198902,0.781458,-0.278373,2.224657
8.858447,0.304538,-0.320991,0.199132,0.776609,-0.270445,2.222779
8.862166,0.304377,-0.321433,0.199363,0.771879,-0.262625,2.220621
8.865523,0.304214,-0.321832,0.199550,0.772795,-0.265405,2.220603
8.868963,0.304077,-0.322186,0.199690,0.768430,-0.258539,2.218802
8.871767,0.304022,-0.322306,0.199961,0.762767,-0.257238,2.218851
8.875691,0.304134,-0.322040,0.200017,0.761446,-0.263784,2.221355
8.878052,0.304251,-0.321759,0.200066,0.761386,-0.269330,2.223482
8.881157,0.304345,-0.321515,0.200107,0.754131,-0.270543,2.225237
8.884324,0.304416,-0.321294,0.200204,0.753387,-0.275818,2.227317
8.888089,0.304397,-0.321301,0.200171,0.754227,-0.275688,2.227302
8.891093,0.304405,-0.321329,0.200163,0.753483,-0.274868,2.227835
8.894315,0.304404,-0.321387,0.200202,0.752515,-0.274593,2.228327
8.898055,0.304396,-0.321593,0.200222,0.748230,-0.270647,2.228850
8.901735,0.304292,-0.321773,0.200214,0.748752,-0.266388,2.227851
8.904710,0.304177,-0.321956,0.200199,0.752423,-0.264482,2.227233
8.908312,0.304075,-0.321984,0.199896,0.750795,-0.261110,2.226621
8.911732,0.303967,-0.321952,0.199488,0.756727,-0.262524,2.225516
8.914869,0.303900,-0.321754,0.199129,0.766263,-0.268059,2.224744
8.918421,0.303855,-0.321659,0.199059,0.768079,-0.271743,2.225108
8.922004,0.303811,-0.321572,0.199005,0.765163,-0.272532,2.225061
8.924941,0.303714,-0.321647,0.199235,0.768039,-0.275025,2.224445
8.928183,0.303608,-0.321801,0.199507,0.763009,-0.272021,2.223982
8.931751,0.303269,-0.321937,0.199708,0.771998,-0.268445,2.223196
8.935000,0.302924,-0.321954,0.199567,0.782800,-0.264758,2.222906
8.938253,0.302478,-0.321990,0.199480,0.798538,-0.264402,2.221243
8.941571,0.302054,-0.322006,0.199337,0.815016,-0.261892,2.219436
8.944939,0.301637,-0.322043,0.199188,0.829629,-0.260123,2.218264
8.948435,0.301483,-0.322076,0.199054,0.831823,-0.261299,2.216765
8.951904,0.301626,-0.321944,0.198880,0.829404,-0.271069,2.217248
8.954973,0.301879,-0.321766,0.198622,0.824711,-0.277600,2.218886
8.958509,0.302060,-0.321529,0.198313,0.820133,-0.287694,2.220472
8.961974,0.302246,-0.321230,0.198032,0.818042,-0.299303,2.222289
8.968735,0.302321,-0.321084,0.197987,0.814628,-0.305738,2.223164
8.973915,0.301950,-0.321478,0.198232,0.791088,-0.295610,2.227041
8.987956,0.301638,-0.321912,0.198512,0.789446,-0.286459,2.223040
9.003048,0.301376,-0.322507,0.198827,0.786004,-0.281271,2.222410
9.005646,0.301161,-0.323659,0.200336,0.754054,-0.264989,2.225163
9.014022,0.300868,-0.325053,0.201863,0.730990,-0.240571,2.225494
9.025458,0.300790,-0.326120,0.203211,0.732800,-0.228761,2.220494
9.027472,0.299965,-0.326337,0.202572,0.744017,-0.238562,2.216817
9.048980,0.299153,-0.326459,0.201978,0.757235,-0.239517,2.208383
9.063860,0.298815,-0.327234,0.202604,0.773476,-0.222119,2.204863
9.071651,0.298631,-0.327733,0.203290,0.778783,-0.212450,2.206006
9.082131,0.298483,-0.328206,0.204003,0.785344,-0.201042,2.207750
9.091788,0.299408,-0.329418,0.206656,0.736313,-0.183693,2.217623
9.097539,0.300334,-0.330621,0.209313,0.686181,-0.168846,2.227884
9.103389,0.300762,-0.330612,0.209567,0.669715,-0.169280,2.229960
9.107267,0.301303,-0.330491,0.209462,0.645526,-0.188751,2.233793
9.110562,0.301823,-0.330389,0.209341,0.621567,-0.205291,2.236960
9.113526,0.301778,-0.330734,0.209566,0.645177,-0.187197,2.235893
9.117900,0.301928,-0.331190,0.209864,0.637510,-0.196508,2.231993
9.121160,0.302036,-0.331670,0.210221,0.621779,-0.216934,2.227537
9.124497,0.302039,-0.332121,0.210701,0.644193,-0.195277,2.224785
9.127617,0.301705,-0.332295,0.211159,0.642746,-0.218429,2.219362
9.130594,0.301652,-0.332021,0.211067,0.628140,-0.235771,2.221261
9.134026,0.301387,-0.331634,0.210897,0.644564,-0.227093,2.226504
9.137744,0.301123,-0.331256,0.210637,0.674623,-0.204378,2.230000
9.141197,0.300672,-0.331010,0.210396,0.661796,-0.224875,2.232074
9.144563,0.300714,-0.330957,0.210161,0.676202,-0.196940,2.236003
9.147727,0.300594,-0.331023,0.210149,0.681674,-0.190591,2.235414
