t_sec,x_m,y_m,z_m,rx_rad,ry_rad,rz_rad
0.002422,0.428166,0.136701,0.159467,2.762006,0.560226,0.791196
0.006092,0.428294,0.136784,0.159543,2.768101,0.560933,0.792362
0.008868,0.428228,0.136778,0.159524,2.765106,0.561596,0.793123
0.012423,0.428322,0.136750,0.159601,2.765781,0.564177,0.790820
0.015486,0.428289,0.136707,0.159649,2.768300,0.564169,0.788337
0.021804,0.428457,0.136373,0.159548,2.765116,0.564778,0.784196
0.024840,0.428586,0.136049,0.159435,2.757137,0.564000,0.781712
0.028184,0.428896,0.135747,0.159408,2.754522,0.564829,0.787379
0.031444,0.429145,0.135509,0.159371,2.749196,0.562819,0.789937
0.035336,0.429402,0.135236,0.159273,2.745832,0.564974,0.788460
0.038727,0.429516,0.135044,0.159217,2.744447,0.564743,0.786589
0.041817,0.429669,0.134828,0.159167,2.743221,0.564027,0.786393
0.045339,0.429787,0.134661,0.159095,2.742803,0.561469,0.778092
0.048579,0.429836,0.134589,0.158980,2.744028,0.563907,0.775748
0.052022,0.429876,0.134552,0.158927,2.749396,0.551357,0.780894
0.055364,0.430040,0.134540,0.158952,2.750354,0.550286,0.781325
0.058493,0.430132,0.134508,0.159016,2.751445,0.549310,0.784259
0.061708,0.430210,0.134469,0.159122,2.753765,0.547189,0.782970
0.064739,0.430219,0.134373,0.159225,2.758148,0.542075,0.782532
0.068315,0.430232,0.134350,0.159381,2.757164,0.547159,0.777589
0.071549,0.430091,0.134433,0.159610,2.762690,0.546264,0.777570
0.075303,0.429998,0.134549,0.159813,2.767274,0.545724,0.774096
0.078272,0.429884,0.134375,0.159843,2.769138,0.545909,0.771100
0.081510,0.430003,0.134267,0.159691,2.764513,0.542059,0.775054
0.085185,0.429994,0.134027,0.159409,2.769748,0.530992,0.778268
0.088429,0.429913,0.133857,0.159028,2.771817,0.524747,0.774984
0.091429,0.429798,0.133671,0.158634,2.777254,0.509755,0.773302
0.095287,0.429772,0.133752,0.158386,2.784400,0.494530,0.777010
0.098279,0.429749,0.133519,0.158270,2.787596,0.490666,0.775728
0.101682,0.429851,0.133346,0.158229,2.771558,0.503737,0.769317
0.104950,0.430012,0.132569,0.158490,2.775615,0.492521,0.772138
0.108246,0.430107,0.132388,0.158421,2.762047,0.512308,0.767795
0.111479,0.430162,0.132077,0.158283,2.762537,0.512020,0.767449
0.115175,0.430135,0.131999,0.158208,2.766391,0.507260,0.764313
0.118809,0.430135,0.131516,0.158493,2.771164,0.505163,0.762527
0.121627,0.430076,0.131384,0.158659,2.757154,0.525166,0.757915
0.125334,0.430094,0.130621,0.159133,2.756514,0.524183,0.757284
0.128119,0.430096,0.129962,0.159644,2.742593,0.542282,0.752113
0.131694,0.430099,0.129264,0.160139,2.725423,0.561330,0.747922
0.149212,0.430226,0.128438,0.160280,2.736530,0.541531,0.759141
0.158850,0.430549,0.128180,0.159809,2.730251,0.543752,0.760580
0.162679,0.430851,0.127686,0.159556,2.731427,0.527650,0.772023
0.165789,0.431193,0.127137,0.159298,2.725395,0.521865,0.777154
0.178325,0.431496,0.126423,0.159024,2.730667,0.501805,0.781751
0.182064,0.431613,0.126005,0.158528,2.714677,0.509475,0.775772
0.215208,0.431154,0.123595,0.158326,2.719636,0.489049,0.776800
0.225968,0.430920,0.122895,0.158404,2.717047,0.486625,0.771239
0.236996,0.430682,0.121672,0.158758,2.723784,0.470628,0.772369
0.238858,0.430498,0.121140,0.158946,2.720328,0.472420,0.773362
0.249388,0.430332,0.120560,0.159034,2.721529,0.471937,0.768812
0.257688,0.430170,0.119996,0.159125,2.724220,0.468088,0.770318
0.262263,0.429959,0.119470,0.159100,2.726328,0.468376,0.767481
0.267792,0.429719,0.118998,0.159148,2.728019,0.468078,0.766165
0.272498,0.429631,0.118619,0.159058,2.731768,0.460507,0.766801
0.275376,0.429544,0.118298,0.159016,2.729471,0.466242,0.768704
0.279224,0.429452,0.117925,0.158901,2.729906,0.462679,0.769353
0.281945,0.429409,0.117550,0.158902,2.730753,0.455850,0.770315
0.285741,0.429383,0.117206,0.158876,2.728378,0.452932,0.771051
0.289105,0.429407,0.116940,0.158991,2.727869,0.449318,0.773284
0.291987,0.429444,0.116693,0.159079,2.730990,0.435148,0.777144
0.295195,0.429401,0.116529,0.159209,2.734536,0.425161,0.781780
0.299092,0.429313,0.116374,0.159124,2.736770,0.417020,0.786574
0.301995,0.429152,0.116276,0.159031,2.743600,0.403963,0.791202
0.306012,0.428934,0.116238,0.158851,2.751327,0.390562,0.795870
0.309152,0.428737,0.116177,0.158672,2.760991,0.374130,0.802963
0.312523,0.428639,0.116063,0.158456,2.763092,0.369647,0.805332
0.315673,0.428583,0.115871,0.158407,2.767906,0.362404,0.807405
0.319085,0.428510,0.115684,0.158330,2.770807,0.359278,0.807760
0.321927,0.428396,0.115446,0.158313,2.772658,0.356913,0.805550
0.325764,0.428237,0.115185,0.158337,2.773240,0.355092,0.803851
0.328933,0.428067,0.114915,0.158321,2.773113,0.353846,0.801837
0.332162,0.427915,0.114747,0.158262,2.776026,0.352378,0.801257
0.335437,0.427804,0.114543,0.158188,2.776990,0.353246,0.798794
0.339202,0.427702,0.114268,0.158146,2.777162,0.352158,0.800573
0.341906,0.427631,0.113980,0.158042,2.776535,0.353871,0.799886
0.345594,0.427600,0.113734,0.157992,2.776874,0.353191,0.801118
0.349253,0.427555,0.113348,0.157995,2.773943,0.351099,0.803075
0.352242,0.427494,0.113003,0.158031,2.765740,0.359100,0.802287
0.355467,0.427507,0.112729,0.157971,2.766539,0.353164,0.802286
0.358499,0.427513,0.112540,0.157943,2.767008,0.346519,0.805710
0.361919,0.427452,0.112253,0.157966,2.763762,0.345774,0.801103
0.365250,0.427335,0.111948,0.158097,2.766164,0.335921,0.802184
0.375680,0.426919,0.111219,0.158296,2.773699,0.315653,0.807915
0.378874,0.426659,0.110946,0.158238,2.773019,0.316014,0.805906
0.382335,0.426441,0.110722,0.158097,2.769603,0.317809,0.804234
0.385365,0.426231,0.110413,0.157950,2.770910,0.313334,0.807614
0.395177,0.425699,0.109022,0.157858,2.766563,0.317557,0.804688
0.398915,0.425519,0.108578,0.157924,2.761720,0.321025,0.801236
0.402099,0.425309,0.108228,0.157991,2.757781,0.319302,0.800242
0.405395,0.425047,0.107894,0.158080,2.760609,0.308192,0.800433
0.408776,0.424820,0.107577,0.158152,2.760939,0.302559,0.798760
0.411913,0.424666,0.107360,0.158247,2.762819,0.296667,0.799757
0.414998,0.424559,0.107170,0.158277,2.765083,0.291355,0.800247
0.418724,0.424421,0.106885,0.158292,2.767464,0.286361,0.801203
0.421773,0.424301,0.106636,0.158375,2.765952,0.289228,0.799619
0.424998,0.424133,0.106371,0.158396,2.769310,0.280077,0.800581
0.428950,0.423946,0.106146,0.158490,2.769709,0.279255,0.798708
0.431941,0.423739,0.105829,0.158541,2.772666,0.271213,0.798396
0.435211,0.423531,0.105609,0.158699,2.771253,0.271772,0.797515
0.438434,0.423303,0.105273,0.158790,2.775580,0.258277,0.799775
0.447430,0.423082,0.104998,0.158933,2.775717,0.253419,0.800611
0.455769,0.422734,0.104526,0.159044,2.775044,0.247468,0.795117
0.458006,0.422326,0.103933,0.159136,2.774838,0.240090,0.795851
0.466257,0.421954,0.103306,0.159200,2.774453,0.235407,0.797290
0.470192,0.421598,0.102698,0.159314,2.768273,0.244426,0.796471
0.473498,0.421247,0.102015,0.159445,2.762153,0.251497,0.798340
0.480292,0.420841,0.101473,0.159450,2.761694,0.250499,0.804072
0.483307,0.420500,0.101168,0.159541,2.759005,0.258283,0.802796
0.492183,0.420055,0.100667,0.159609,2.758849,0.255748,0.801444
0.494344,0.419488,0.099880,0.159775,2.758113,0.251216,0.799868
0.511861,0.418840,0.099083,0.159989,2.757090,0.246829,0.797878
0.522226,0.418377,0.098111,0.160187,2.749347,0.248718,0.798594
0.526525,0.417925,0.097167,0.160380,2.740700,0.250611,0.798572
0.530418,0.417546,0.096536,0.160575,2.737074,0.248703,0.799616
0.533265,0.417254,0.096349,0.160592,2.736524,0.247044,0.800550
0.540360,0.416872,0.096231,0.160623,2.740767,0.237840,0.796878
0.542930,0.416401,0.095998,0.160766,2.742575,0.233821,0.798572
0.553432,0.415890,0.095765,0.160920,2.744603,0.229554,0.799068
0.563959,0.415412,0.095364,0.161030,2.745798,0.225019,0.801442
0.569242,0.414954,0.094885,0.161116,2.741659,0.225338,0.804190
0.575538,0.414620,0.094403,0.161131,2.736604,0.228839,0.808325
0.578972,0.414252,0.094222,0.161067,2.740142,0.221276,0.804480
0.582179,0.413878,0.094032,0.161024,2.741588,0.216989,0.804733
0.584934,0.413514,0.093907,0.161008,2.743396,0.214701,0.803895
0.588842,0.412913,0.093819,0.160953,2.750337,0.206730,0.795708
0.591462,0.412353,0.093713,0.160965,2.752626,0.205024,0.788628
0.595024,0.411899,0.093514,0.160999,2.752526,0.206709,0.787232
0.598482,0.411563,0.093433,0.161068,2.754813,0.204150,0.780819
0.601954,0.411234,0.093559,0.161217,2.757619,0.198680,0.778034
0.605267,0.411201,0.093690,0.161466,2.759795,0.193109,0.781517
0.608585,0.411132,0.093764,0.161667,2.763266,0.188623,0.782460
0.612271,0.411091,0.093912,0.161904,2.766980,0.179234,0.785080
0.615440,0.410970,0.093913,0.162159,2.769142,0.170085,0.788248
0.618825,0.410801,0.093488,0.162278,2.764098,0.174346,0.787191
0.622364,0.410581,0.093031,0.162350,2.761011,0.179662,0.784717
0.625581,0.410390,0.092640,0.162379,2.757580,0.182690,0.786280
0.628460,0.410199,0.092302,0.162407,2.754550,0.188596,0.785058
0.632011,0.409988,0.092215,0.162377,2.756508,0.188373,0.785691
0.635688,0.409773,0.092369,0.162369,2.762910,0.178734,0.786365
0.639096,0.409413,0.092477,0.162366,2.766456,0.172636,0.785087
0.642473,0.409081,0.092521,0.162343,2.769165,0.168450,0.784094
0.645658,0.408749,0.092533,0.162338,2.770620,0.166899,0.782429
0.648866,0.408449,0.092296,0.162323,2.768634,0.172024,0.777679
0.651818,0.408153,0.092045,0.162338,2.765626,0.178492,0.774486
0.655332,0.408036,0.091856,0.162433,2.762508,0.181960,0.774843
0.658316,0.407930,0.091768,0.162538,2.762223,0.182064,0.773535
0.661959,0.407819,0.091745,0.162621,2.762761,0.180334,0.774488
0.665417,0.407720,0.091760,0.162680,2.762533,0.179387,0.778720
0.668282,0.407665,0.091770,0.162736,2.761918,0.178141,0.781569
0.672006,0.407677,0.091787,0.162746,2.761053,0.176954,0.786268
0.675247,0.407700,0.091801,0.162760,2.758807,0.177209,0.793489
0.678894,0.407689,0.091774,0.162805,2.757474,0.177313,0.795067
0.681785,0.407606,0.091767,0.162848,2.755249,0.178124,0.798892
0.685339,0.407528,0.091764,0.162880,2.754296,0.177688,0.801674
0.688501,0.407356,0.091788,0.162884,2.754612,0.177004,0.802655
0.691725,0.407174,0.091797,0.162906,2.753769,0.176604,0.801984
0.695199,0.407044,0.091811,0.162904,2.751473,0.178235,0.805997
0.698763,0.406983,0.091794,0.162899,2.750365,0.177632,0.807037
0.701711,0.406895,0.091763,0.162906,2.747596,0.177528,0.809037
0.705167,0.406800,0.091735,0.162918,2.744563,0.178087,0.808513
0.708567,0.406680,0.091721,0.162937,2.743184,0.177529,0.811032
0.711857,0.406574,0.091693,0.162984,2.742834,0.174417,0.809324
0.715203,0.406386,0.091631,0.163056,2.737278,0.183175,0.803905
0.718451,0.406221,0.091577,0.163129,2.737475,0.182348,0.801231
0.721643,0.406126,0.091579,0.163230,2.736658,0.182750,0.802814
0.725303,0.406074,0.091588,0.163286,2.736060,0.183533,0.803182
0.728649,0.405937,0.091662,0.163306,2.735698,0.183629,0.803262
0.732227,0.405862,0.091816,0.163342,2.740437,0.174006,0.808578
0.735309,0.405788,0.091974,0.163371,2.739904,0.175750,0.810147
0.738702,0.405649,0.092070,0.163384,2.742412,0.173443,0.806874
0.742371,0.405453,0.092257,0.163446,2.742686,0.173636,0.806205
0.745193,0.405322,0.092397,0.163535,2.742226,0.174372,0.807947
0.748485,0.405110,0.092547,0.163602,2.744773,0.171531,0.805158
0.751914,0.404807,0.092804,0.163700,2.746702,0.169067,0.806060
0.755371,0.404651,0.093106,0.163893,2.746166,0.168158,0.809998
0.766862,0.404463,0.093496,0.164127,2.746355,0.166106,0.814786
0.773034,0.404345,0.093883,0.164351,2.747537,0.163679,0.818580
0.781079,0.404339,0.094334,0.164628,2.745080,0.165432,0.829637
0.787599,0.404465,0.095014,0.165067,2.745014,0.163965,0.844569
0.798344,0.404457,0.095618,0.165521,2.740733,0.165865,0.863878
0.809431,0.404424,0.096317,0.166132,2.739994,0.161611,0.881141
0.830504,0.404314,0.097088,0.166841,2.739856,0.157772,0.900284
0.843822,0.404143,0.098113,0.167711,2.737856,0.153339,0.926000
0.851627,0.403892,0.098876,0.168404,2.740030,0.146850,0.939677
0.861575,0.403700,0.099839,0.169078,2.746318,0.138855,0.951036
0.864842,0.403768,0.100692,0.169762,2.748058,0.134872,0.968480
0.874877,0.403918,0.101485,0.170438,2.747795,0.134653,0.983806
0.878825,0.404129,0.102010,0.170933,2.750263,0.131166,0.991510
0.884588,0.404390,0.102517,0.171434,2.747818,0.129325,1.005390
0.888959,0.404634,0.102944,0.171917,2.747463,0.126000,1.016007
0.891622,0.404718,0.103342,0.172243,2.749254,0.121835,1.020920
0.895493,0.404750,0.103763,0.172498,2.750659,0.115008,1.027834
0.898615,0.404752,0.104134,0.172757,2.752501,0.112126,1.032166
0.902350,0.404752,0.104540,0.173059,2.754197,0.109666,1.036217
0.905385,0.404757,0.104918,0.173321,2.754319,0.108623,1.041984
0.908978,0.404820,0.105139,0.173520,2.753205,0.109367,1.045940
0.911914,0.404890,0.105429,0.173704,2.753617,0.109158,1.049781
0.915552,0.404973,0.105728,0.173855,2.753904,0.107608,1.052631
0.919021,0.404974,0.105996,0.173934,2.755367,0.105758,1.053155
0.922086,0.404940,0.106221,0.173998,2.756309,0.104534,1.051957
0.925624,0.404805,0.106471,0.174033,2.759742,0.101678,1.049023
0.929096,0.404621,0.106662,0.174077,2.759862,0.106516,1.043985
0.932135,0.404450,0.106891,0.174161,2.762570,0.106011,1.039713
0.936483,0.404389,0.107077,0.174288,2.762398,0.109297,1.038272
0.938789,0.404356,0.107243,0.174396,2.760065,0.115698,1.038943
0.942035,0.404363,0.107443,0.174469,2.757238,0.125019,1.037859
0.945152,0.404402,0.107738,0.174543,2.759469,0.121827,1.040361
0.949046,0.404410,0.107980,0.174525,2.759188,0.124188,1.041584
0.952137,0.404388,0.108205,0.174456,2.760187,0.124368,1.042003
0.955664,0.404376,0.108507,0.174423,2.759827,0.129826,1.040334
0.958951,0.404429,0.108818,0.174443,2.759683,0.131136,1.043472
0.962157,0.404499,0.109145,0.174486,2.759282,0.132965,1.046837
0.964978,0.404560,0.109446,0.174553,2.759632,0.133434,1.050178
0.968257,0.404613,0.109783,0.174680,2.757100,0.134561,1.052576
0.972213,0.404602,0.110047,0.174775,2.758260,0.127244,1.057521
0.975570,0.404528,0.110258,0.174865,2.759748,0.123876,1.057461
0.978224,0.404304,0.110348,0.174915,2.757754,0.127108,1.054636
0.981787,0.404130,0.110553,0.175033,2.757438,0.126310,1.053361
0.985121,0.403936,0.110782,0.175085,2.755957,0.129224,1.058061
0.988759,0.403765,0.111053,0.175087,2.757348,0.131614,1.057195
0.992410,0.403603,0.111339,0.175098,2.758173,0.132980,1.058234
0.995039,0.403545,0.111662,0.175098,2.759213,0.134431,1.061653
0.999027,0.403533,0.111874,0.175066,2.758029,0.140005,1.063355
1.002323,0.403502,0.112157,0.175046,2.760495,0.142929,1.062716
1.005653,0.403502,0.112394,0.175070,2.763569,0.139050,1.066731
1.008698,0.403401,0.112757,0.175194,2.763627,0.141084,1.068550
1.011992,0.403320,0.113048,0.175319,2.767272,0.133997,1.070525
1.015167,0.403151,0.113333,0.175411,2.771810,0.126483,1.075573
1.018488,0.403010,0.113463,0.175494,2.772593,0.125241,1.076922
1.021919,0.402870,0.113594,0.175576,2.769899,0.129192,1.078100
1.025175,0.402810,0.113564,0.175537,2.772366,0.127542,1.085082
1.028754,0.402741,0.113668,0.175565,2.767251,0.135666,1.088658
1.032153,0.402719,0.113931,0.175678,2.768262,0.132264,1.092954
1.035350,0.402638,0.114232,0.175783,2.772572,0.122506,1.100008
1.038539,0.402438,0.114318,0.175811,2.770701,0.123798,1.102756
1.042023,0.402251,0.114408,0.175865,2.766894,0.120367,1.104679
1.045110,0.402071,0.114363,0.175853,2.766284,0.116824,1.110969
1.048502,0.401735,0.114158,0.175709,2.758478,0.128421,1.111724
1.051764,0.401427,0.113949,0.175565,2.753304,0.135930,1.108968
1.055160,0.401130,0.113995,0.175442,2.754499,0.131901,1.113303
1.058765,0.400780,0.114091,0.175247,2.754505,0.133561,1.113449
1.062023,0.400390,0.114165,0.175037,2.757514,0.128351,1.111871
1.065025,0.400092,0.114272,0.174879,2.759242,0.122553,1.112498
1.068297,0.399794,0.114330,0.174757,2.758593,0.118786,1.116534
1.072035,0.399605,0.114375,0.174703,2.756536,0.117349,1.119503
1.075727,0.399277,0.114550,0.174558,2.756892,0.113364,1.127406
1.090336,0.398894,0.114990,0.174484,2.761792,0.103548,1.135283
1.102175,0.398462,0.115414,0.174388,2.768228,0.091052,1.143768
1.104675,0.397853,0.115581,0.174095,2.769055,0.088710,1.150243
1.113502,0.397073,0.115736,0.173735,2.772382,0.083316,1.154451
1.123521,0.396184,0.115795,0.173462,2.771805,0.087077,1.152990
1.143018,0.395121,0.115607,0.173020,2.763152,0.110788,1.152010
1.158267,0.394088,0.115412,0.172586,2.756333,0.124940,1.152584
1.161314,0.393171,0.115533,0.172282,2.753749,0.132012,1.152711
1.168562,0.392340,0.115638,0.172058,2.749700,0.142935,1.154950
1.178359,0.391772,0.115718,0.171830,2.748074,0.140778,1.160825
1.188269,0.391486,0.115887,0.171755,2.753376,0.121313,1.167267
1.192012,0.391233,0.116144,0.171647,2.754141,0.119563,1.171018
1.197310,0.391090,0.116378,0.171583,2.757718,0.109400,1.177974
1.202375,0.391031,0.116614,0.171496,2.761976,0.098075,1.183329
1.205672,0.390872,0.116763,0.171401,2.764684,0.098225,1.184609
1.208807,0.390595,0.116840,0.171268,2.763090,0.105600,1.183504
1.212359,0.390338,0.116777,0.171186,2.763971,0.102010,1.185966
1.215324,0.390079,0.116723,0.171119,2.762392,0.106481,1.186078
1.218900,0.389779,0.116666,0.171034,2.760431,0.110805,1.186498
1.221889,0.389611,0.116637,0.171002,2.759222,0.111618,1.188533
1.225281,0.389474,0.116548,0.170917,2.757324,0.114020,1.190657
1.228652,0.389333,0.116493,0.170820,2.754154,0.119319,1.190906
1.232220,0.389149,0.116416,0.170713,2.752672,0.123475,1.190111
1.235456,0.388996,0.116346,0.170621,2.750980,0.128542,1.188845
1.238604,0.388845,0.116308,0.170595,2.750053,0.130597,1.190440
1.242445,0.388728,0.116404,0.170638,2.750002,0.128061,1.195955
1.245708,0.388565,0.116526,0.170661,2.751335,0.126568,1.196870
1.248884,0.388363,0.116677,0.170663,2.746686,0.137266,1.197148
1.252091,0.388115,0.116891,0.170673,2.746684,0.135966,1.201841
1.255252,0.387840,0.117095,0.170633,2.746874,0.136486,1.203397
1.258598,0.387531,0.117168,0.170519,2.740266,0.152656,1.196570
1.261955,0.387221,0.117138,0.170363,2.738264,0.157649,1.198405
1.265197,0.387017,0.117119,0.170194,2.741993,0.150739,1.199302
1.268669,0.386846,0.117050,0.169991,2.741217,0.155795,1.196878
1.271855,0.386715,0.117027,0.169821,2.741012,0.159173,1.198135
1.275454,0.386623,0.117057,0.169695,2.746119,0.150408,1.203431
1.278614,0.386452,0.117079,0.169512,2.740870,0.163108,1.200358
1.282409,0.386249,0.117104,0.169273,2.740883,0.166190,1.198699
1.285275,0.386071,0.117120,0.169066,2.741638,0.168114,1.195893
1.289038,0.385937,0.117119,0.168812,2.738970,0.171236,1.196409
1.292163,0.385843,0.117111,0.168564,2.738399,0.174822,1.196257
1.295006,0.385868,0.117156,0.168386,2.740418,0.171011,1.199545
1.298368,0.385832,0.117143,0.168253,2.739724,0.170923,1.203359
1.301967,0.385773,0.117145,0.168077,2.738210,0.170678,1.206891
1.305766,0.385574,0.117131,0.167828,2.740284,0.169583,1.203940
1.309122,0.385306,0.117090,0.167529,2.740254,0.170778,1.203388
1.312469,0.384935,0.116988,0.167109,2.740903,0.175782,1.198779
1.315566,0.384632,0.116908,0.166735,2.739297,0.186978,1.193408
1.318865,0.384300,0.116807,0.166332,2.738700,0.192927,1.190239
1.321963,0.384119,0.116711,0.166060,2.736224,0.203257,1.187398
1.325266,0.383905,0.116633,0.165777,2.736935,0.204870,1.185747
1.328656,0.383890,0.116777,0.165723,2.737854,0.208192,1.182469
1.332172,0.383828,0.116844,0.165572,2.744013,0.196052,1.188912
1.334854,0.383822,0.116912,0.165481,2.743784,0.197964,1.190411
1.338515,0.383663,0.116897,0.165262,2.744575,0.197032,1.188405
1.341750,0.383515,0.116883,0.165023,2.742404,0.202158,1.186973
1.345545,0.383274,0.116817,0.164635,2.743002,0.199871,1.188646
1.348851,0.383063,0.116836,0.164333,2.737229,0.212971,1.183079
1.352374,0.382830,0.116880,0.164012,2.737236,0.218591,1.180023
1.355727,0.382633,0.117000,0.163766,2.737063,0.222247,1.180697
1.358747,0.382531,0.117119,0.163537,2.736434,0.230001,1.179161
1.361868,0.382419,0.117196,0.163355,2.734873,0.235939,1.180618
1.365211,0.382294,0.117285,0.163171,2.735602,0.239081,1.181057
1.369164,0.382134,0.117359,0.162999,2.734446,0.241604,1.182887
1.372295,0.382033,0.117444,0.162787,2.733523,0.245091,1.184824
1.382813,0.381876,0.117604,0.162375,2.737819,0.245739,1.188871
1.392411,0.381759,0.117813,0.161984,2.739729,0.248615,1.192007
1.403893,0.381591,0.117971,0.161560,2.741769,0.253047,1.194808
1.406054,0.381391,0.118112,0.161076,2.744678,0.259160,1.195235
1.409231,0.381106,0.118247,0.160626,2.748300,0.264775,1.194257
1.416226,0.380841,0.118319,0.160434,2.752394,0.261819,1.192350
1.418601,0.380487,0.118330,0.160257,2.754726,0.264745,1.189213
1.428319,0.380081,0.118385,0.160119,2.755115,0.266778,1.184453
1.429682,0.379654,0.118432,0.160007,2.757682,0.263792,1.185377
1.448392,0.379257,0.118474,0.159896,2.759780,0.261808,1.186269
1.462355,0.378863,0.118440,0.159756,2.756484,0.268199,1.184305
1.465379,0.378522,0.118392,0.159627,2.755864,0.267050,1.186164
1.472634,0.378305,0.118153,0.159390,2.750548,0.274197,1.189320
1.474372,0.378145,0.117894,0.159167,2.743768,0.284437,1.187277
1.484088,0.377970,0.117612,0.158921,2.734362,0.295817,1.187038
1.485766,0.377758,0.117402,0.158729,2.727529,0.303591,1.188925
1.493552,0.377520,0.117387,0.158670,2.727091,0.306726,1.190153
1.497229,0.377278,0.117565,0.158728,2.730982,0.302684,1.194366
1.503000,0.377049,0.117790,0.158801,2.736748,0.297868,1.198589
1.507629,0.376843,0.117780,0.158805,2.738459,0.300693,1.199602
1.510468,0.376693,0.117734,0.158796,2.738522,0.307069,1.201029
1.514185,0.376591,0.117473,0.158654,2.731353,0.318215,1.203139
1.517478,0.376294,0.117174,0.158389,2.728296,0.329076,1.197406
1.520662,0.376034,0.116861,0.158143,2.722766,0.341206,1.192911
1.524120,0.375937,0.116843,0.158181,2.723125,0.342687,1.196534
1.527520,0.375853,0.116910,0.158256,2.722650,0.343985,1.198373
1.530545,0.375736,0.116981,0.158343,2.725710,0.343425,1.199096
1.533906,0.375781,0.117084,0.158547,2.725852,0.342694,1.204913
1.537337,0.375746,0.117203,0.158738,2.725272,0.345147,1.205051
1.541000,0.375579,0.117176,0.158705,2.731292,0.335907,1.203768
1.544271,0.375405,0.117094,0.158645,2.734029,0.332320,1.202192
1.547518,0.375175,0.117008,0.158537,2.734749,0.333084,1.198751
1.550838,0.374991,0.116912,0.158440,2.733986,0.335321,1.194920
1.553950,0.374930,0.116903,0.158446,2.734983,0.331753,1.200258
1.557252,0.374870,0.116977,0.158527,2.729298,0.343238,1.200485
1.560803,0.374811,0.117053,0.158605,2.726804,0.348427,1.199599
1.563994,0.374851,0.117017,0.158699,2.724721,0.348664,1.203757
1.567369,0.374894,0.116880,0.158782,2.717250,0.355185,1.206799
1.570570,0.374894,0.116640,0.158776,2.708838,0.364298,1.204787
1.574246,0.374814,0.116440,0.158651,2.706327,0.365236,1.207248
1.577513,0.374721,0.116175,0.158486,2.699750,0.371839,1.206604
1.580748,0.374601,0.116018,0.158391,2.692069,0.380137,1.202350
1.584050,0.374513,0.115972,0.158383,2.688715,0.382481,1.202621
1.587690,0.374422,0.115938,0.158396,2.686067,0.383643,1.202845
1.590765,0.374413,0.115870,0.158513,2.677805,0.390379,1.200221
1.594219,0.374328,0.116141,0.158741,2.681177,0.386639,1.205628
1.597336,0.374139,0.116484,0.158879,2.685772,0.385069,1.206943
1.600728,0.373915,0.116804,0.158930,2.692250,0.383127,1.205475
1.603879,0.373816,0.117013,0.159015,2.691451,0.383714,1.210320
1.607631,0.373722,0.117225,0.159093,2.692567,0.384488,1.212089
1.610634,0.373722,0.117180,0.159103,2.691945,0.386868,1.211675
1.614069,0.373703,0.117123,0.159104,2.685752,0.389777,1.216909
1.617314,0.373666,0.117068,0.159145,2.681909,0.391340,1.218366
1.620644,0.373480,0.117129,0.159128,2.685056,0.390726,1.215625
1.623907,0.373312,0.117591,0.159369,2.691687,0.384971,1.221042
1.626866,0.373129,0.118024,0.159638,2.693049,0.382080,1.225946
1.630709,0.373046,0.118378,0.159930,2.691815,0.383853,1.228081
1.633963,0.372932,0.118766,0.160156,2.696203,0.379212,1.233857
1.637254,0.372838,0.119299,0.160449,2.700994,0.372343,1.241751
1.640585,0.372673,0.119439,0.160481,2.701612,0.368242,1.244925
1.644083,0.372490,0.119580,0.160461,2.700230,0.367813,1.247574
1.647375,0.372225,0.119756,0.160422,2.707601,0.360699,1.248523
1.650956,0.371892,0.119929,0.160322,2.709104,0.360376,1.245888
1.654089,0.371552,0.119945,0.160154,2.709262,0.361514,1.242226
1.657419,0.371146,0.120114,0.160063,2.711989,0.362587,1.237286
1.660856,0.370721,0.120299,0.159996,2.716790,0.359755,1.233295
1.677782,0.370316,0.120473,0.159951,2.712708,0.365727,1.232837
1.679295,0.369986,0.120632,0.160003,2.709358,0.368531,1.235496
1.688734,0.369659,0.120879,0.160178,2.703866,0.374477,1.240019
1.692942,0.369446,0.120978,0.160309,2.694714,0.381902,1.246073
1.696203,0.369263,0.121100,0.160438,2.685289,0.390664,1.251409
1.703968,0.369087,0.121289,0.160572,2.683542,0.392670,1.255274
1.705636,0.368883,0.121526,0.160692,2.680402,0.397100,1.258730
1.715955,0.368527,0.121714,0.160645,2.681221,0.400990,1.256734
1.717242,0.368108,0.122011,0.160699,2.680769,0.405775,1.257489
1.737051,0.367701,0.122270,0.160773,2.681095,0.410140,1.256862
1.748220,0.367278,0.122505,0.160838,2.679322,0.413520,1.258420
1.751544,0.366944,0.122718,0.160948,2.677642,0.416182,1.260715
1.754446,0.366755,0.122901,0.161117,2.675036,0.416876,1.265769
1.761921,0.366618,0.122971,0.161198,2.672888,0.418380,1.265538
1.763961,0.366436,0.123079,0.161266,2.668329,0.421463,1.269138
1.773404,0.366337,0.123246,0.161393,2.667280,0.422967,1.272580
1.775379,0.366217,0.123392,0.161472,2.663790,0.426799,1.276586
1.783232,0.366072,0.123561,0.161538,2.661800,0.429607,1.279481
1.787433,0.365879,0.123743,0.161531,2.660778,0.432498,1.282721
1.793442,0.365693,0.123911,0.161499,2.661369,0.433744,1.283385
1.797460,0.365503,0.123992,0.161395,2.660248,0.435293,1.283920
1.800816,0.365283,0.124055,0.161221,2.660911,0.435862,1.282401
1.804550,0.365034,0.124104,0.161018,2.662610,0.434943,1.280250
1.807598,0.364858,0.124144,0.160822,2.662677,0.433640,1.280450
1.810933,0.364731,0.124160,0.160666,2.662570,0.432695,1.281036
1.814636,0.364647,0.124168,0.160569,2.664226,0.430346,1.283067
1.817525,0.364653,0.124272,0.160629,2.662458,0.430453,1.285259
1.820939,0.364721,0.124321,0.160717,2.658871,0.431860,1.291211
1.824303,0.364778,0.124360,0.160826,2.656055,0.431126,1.296562
1.827382,0.364839,0.124368,0.160836,2.654228,0.430586,1.300617
1.830311,0.364847,0.124422,0.160761,2.652094,0.433164,1.299357
1.834229,0.364790,0.124389,0.160571,2.653884,0.431174,1.302436
1.837874,0.364732,0.124396,0.160368,2.655181,0.429916,1.301806
1.840906,0.364608,0.124340,0.160071,2.659017,0.429840,1.297748
1.844502,0.364495,0.124301,0.159778,2.663083,0.430378,1.293346
1.847449,0.364454,0.124076,0.159471,2.660054,0.435167,1.292448
1.850802,0.364440,0.123850,0.159204,2.655215,0.442877,1.287972
1.854284,0.364467,0.123602,0.158835,2.653201,0.445428,1.287032
1.857900,0.364361,0.123332,0.158427,2.649439,0.452012,1.281175
1.860780,0.364268,0.123082,0.157939,2.645954,0.457682,1.278047
1.864455,0.364127,0.122909,0.157494,2.649399,0.455124,1.271480
1.867698,0.363984,0.122723,0.156996,2.652675,0.452078,1.267659
1.871105,0.363817,0.122559,0.156594,2.653131,0.454503,1.260351
1.874058,0.363829,0.122455,0.156298,2.654555,0.452939,1.257792
1.877835,0.363805,0.122345,0.156090,2.653617,0.452146,1.255432
1.880687,0.363803,0.122315,0.155987,2.653146,0.452455,1.256066
1.884248,0.363810,0.122305,0.155837,2.652096,0.447241,1.262830
1.887805,0.363813,0.122286,0.155690,2.650933,0.448530,1.262456
1.891339,0.363855,0.122308,0.155533,2.649205,0.449931,1.265932
1.894001,0.363970,0.122420,0.155388,2.654495,0.443358,1.271389
1.897637,0.364108,0.122523,0.155174,2.654027,0.444138,1.274602
1.901084,0.364199,0.122612,0.155046,2.654565,0.450639,1.269703
1.903790,0.364270,0.122716,0.154849,2.658011,0.446138,1.271831
1.907790,0.364358,0.122815,0.154592,2.658805,0.446319,1.273112
1.910858,0.364402,0.122828,0.154386,2.653594,0.453222,1.272344
1.914409,0.364436,0.122863,0.154136,2.658229,0.448088,1.275831
1.917924,0.364510,0.122933,0.153833,2.659585,0.448123,1.275613
1.920688,0.364599,0.122988,0.153619,2.658064,0.452749,1.276835
1.924511,0.364675,0.123015,0.153488,2.661303,0.447846,1.280574
1.927723,0.364730,0.123025,0.153335,2.661624,0.447721,1.281032
1.931270,0.364764,0.123014,0.153233,2.656665,0.454042,1.277509
1.934433,0.364827,0.122907,0.153171,2.658203,0.451389,1.278756
1.937778,0.364896,0.122727,0.153069,2.654904,0.454386,1.277159
1.941465,0.364947,0.122580,0.152946,2.648201,0.462831,1.273647
1.943829,0.365049,0.122452,0.152830,2.650497,0.460601,1.271954
1.947618,0.365120,0.122368,0.152682,2.647289,0.464270,1.271205
1.951319,0.365117,0.122411,0.152385,2.646714,0.466873,1.268505
1.954257,0.365117,0.122557,0.152123,2.654559,0.458510,1.267428
1.960420,0.365029,0.122703,0.151823,2.660418,0.452297,1.267834
1.964162,0.364848,0.122875,0.151406,2.663374,0.452183,1.264458
1.967866,0.364693,0.122966,0.151003,2.670530,0.447945,1.259308
1.971343,0.364603,0.122969,0.150763,2.672390,0.446477,1.257968
1.974660,0.364528,0.122976,0.150520,2.671122,0.450313,1.256129
1.977704,0.364553,0.123004,0.150294,2.676478,0.446708,1.253716
1.981211,0.364628,0.123029,0.150155,2.678958,0.443682,1.254620
1.984541,0.364681,0.123056,0.149968,2.681840,0.440243,1.256731
1.987326,0.364703,0.123097,0.149769,2.683926,0.438802,1.255920
1.990367,0.364715,0.123107,0.149565,2.686981,0.435920,1.255973
1.996036,0.364796,0.123166,0.149214,2.688774,0.438343,1.258901
2.011636,0.364927,0.123309,0.148845,2.690206,0.438325,1.256517
2.021202,0.365068,0.123322,0.148594,2.693111,0.438052,1.260589
2.025608,0.365246,0.123392,0.148271,2.693831,0.437457,1.264247
2.029577,0.365458,0.123377,0.147948,2.695871,0.436831,1.265888
2.036746,0.365520,0.123264,0.147707,2.693813,0.437118,1.267036
2.046436,0.365608,0.122994,0.147541,2.690379,0.440961,1.269833
2.049475,0.365800,0.122792,0.147300,2.686371,0.441501,1.272509
2.067762,0.365920,0.122517,0.147232,2.684306,0.443538,1.274355
2.078138,0.365994,0.122321,0.147183,2.680560,0.448672,1.275137
2.081980,0.365945,0.122087,0.147217,2.677868,0.450594,1.276649
2.085686,0.365978,0.121979,0.147376,2.677725,0.452482,1.277225
2.093894,0.365944,0.121784,0.147576,2.675988,0.454525,1.278024
2.095170,0.365985,0.121673,0.147753,2.674565,0.455435,1.276832
2.104894,0.366028,0.121504,0.147946,2.670085,0.456212,1.282019
2.107698,0.366244,0.121369,0.148214,2.667282,0.459324,1.281674
2.115774,0.366286,0.121100,0.148317,2.663743,0.463928,1.284764
2.120225,0.366259,0.120983,0.148374,2.661113,0.468901,1.283022
2.129758,0.366231,0.120740,0.148383,2.660131,0.472951,1.281397
2.133053,0.366155,0.120550,0.148379,2.660521,0.476836,1.278026
2.136312,0.366096,0.120376,0.148337,2.660785,0.478416,1.275547
2.139173,0.365985,0.120286,0.148287,2.662810,0.478582,1.270945
2.142678,0.365933,0.120249,0.148254,2.665855,0.478210,1.269382
2.146219,0.365837,0.120286,0.148216,2.668873,0.475876,1.271088
2.149326,0.365789,0.120177,0.148099,2.672820,0.470548,1.267828
2.152544,0.365854,0.120043,0.148002,2.674499,0.468573,1.267374
2.156223,0.365989,0.119897,0.147915,2.675081,0.463300,1.270656
2.159546,0.365937,0.119521,0.147700,2.675378,0.462917,1.265091
2.162572,0.365836,0.119096,0.147444,2.675337,0.468347,1.255882
2.166388,0.365672,0.118767,0.147247,2.675202,0.473930,1.253054
2.176377,0.365072,0.117843,0.146788,2.675924,0.473824,1.250725
2.185786,0.365568,0.117519,0.146861,2.675469,0.475317,1.247296
2.189781,0.365809,0.117328,0.146842,2.675214,0.474970,1.246578
2.193014,0.366025,0.117140,0.146823,2.675360,0.469572,1.248701
2.195982,0.366315,0.116890,0.146811,2.673096,0.466857,1.251157
2.199471,0.366431,0.116635,0.146766,2.670939,0.468942,1.248601
2.202594,0.366623,0.116352,0.146750,2.669181,0.469130,1.249088
2.206524,0.366863,0.116168,0.146795,2.668045,0.467024,1.251494
2.209304,0.367082,0.115983,0.146770,2.665730,0.467801,1.253751
2.212569,0.367156,0.115829,0.146705,2.666387,0.466762,1.251775
2.216083,0.367217,0.115689,0.146668,2.666884,0.465585,1.251600
2.219561,0.367224,0.115558,0.146602,2.667111,0.466327,1.249350
2.222664,0.367230,0.115400,0.146518,2.666711,0.468171,1.247701
2.225971,0.367285,0.115228,0.146502,2.666597,0.467870,1.247063
2.229381,0.367351,0.115063,0.146492,2.665206,0.469606,1.247231
2.233070,0.367427,0.114897,0.146457,2.664650,0.468934,1.248774
2.236119,0.367495,0.114775,0.146431,2.664613,0.468407,1.250584
2.239654,0.367561,0.114657,0.146414,2.665194,0.467358,1.251732
2.243036,0.367620,0.114572,0.146354,2.667147,0.465965,1.251853
2.246258,0.367681,0.114479,0.146293,2.668961,0.462556,1.254233
2.249736,0.367720,0.114380,0.146223,2.671849,0.459478,1.252693
2.252686,0.367750,0.114292,0.146160,2.674485,0.457469,1.250148
2.255876,0.367784,0.114218,0.146093,2.677873,0.453706,1.248902
2.259069,0.367814,0.114117,0.146067,2.681367,0.450796,1.246258
2.263057,0.367816,0.113997,0.146069,2.683865,0.450246,1.241993
2.265892,0.367810,0.113902,0.146063,2.682956,0.453496,1.240859
2.269774,0.367755,0.113768,0.146001,2.686511,0.449377,1.239929
2.272909,0.367712,0.113709,0.145963,2.687620,0.449949,1.236867
2.276311,0.367640,0.113604,0.145894,2.685447,0.450801,1.240244
2.279638,0.367667,0.113591,0.145831,2.685387,0.450912,1.240292
2.282655,0.367643,0.113552,0.145712,2.688002,0.449282,1.239799
2.285714,0.367669,0.113552,0.145651,2.686458,0.454049,1.238196
2.289365,0.367680,0.113487,0.145578,2.687992,0.452225,1.237025
2.292827,0.367735,0.113462,0.145545,2.689607,0.453524,1.233324
2.295546,0.367709,0.113404,0.145490,2.689787,0.454238,1.232833
2.299227,0.367671,0.113308,0.145438,2.690172,0.454926,1.229213
2.302825,0.367632,0.113212,0.145387,2.689179,0.455760,1.228602
2.305704,0.367594,0.113116,0.145335,2.685726,0.460269,1.230852
2.308759,0.367617,0.113005,0.145330,2.683661,0.463462,1.228440
2.313320,0.367670,0.112883,0.145341,2.682068,0.464717,1.228913
2.316480,0.367844,0.112845,0.145437,2.678917,0.462304,1.235235
2.319676,0.368041,0.112814,0.145512,2.678608,0.460496,1.239838
2.322779,0.368228,0.112708,0.145552,2.677833,0.462144,1.240840
2.341707,0.368332,0.112409,0.145668,2.676492,0.456620,1.248390
2.343142,0.368442,0.112112,0.145780,2.675941,0.453283,1.252135
2.353411,0.368469,0.111812,0.145857,2.676745,0.450137,1.254067
2.356622,0.368499,0.111494,0.145965,2.676256,0.445888,1.255515
2.360749,0.368517,0.111264,0.146089,2.673252,0.443751,1.262019
2.363829,0.368488,0.111283,0.145984,2.675343,0.444903,1.261430
2.365985,0.368378,0.111280,0.145837,2.677701,0.446050,1.259117
2.372564,0.368219,0.111246,0.145748,2.679059,0.449643,1.256379
2.376240,0.368035,0.111215,0.145644,2.680872,0.452930,1.253755
2.385051,0.367821,0.111177,0.145516,2.686561,0.452260,1.246826
2.386148,0.367666,0.111123,0.145434,2.690210,0.454423,1.242052
2.406079,0.367508,0.111124,0.145368,2.691252,0.457159,1.241665
2.416881,0.367446,0.111140,0.145255,2.694577,0.462008,1.238050
2.420508,0.367371,0.111123,0.145162,2.695685,0.468342,1.234663
2.430643,0.367335,0.111000,0.145166,2.694694,0.474714,1.231668
2.433070,0.367291,0.110821,0.145219,2.690687,0.481640,1.229050
2.441932,0.367296,0.110562,0.145278,2.689014,0.487688,1.222903
2.444046,0.367311,0.110232,0.145353,2.681973,0.496062,1.221353
2.452622,0.367352,0.109926,0.145419,2.678275,0.501463,1.218946
2.455255,0.367404,0.109718,0.145428,2.677039,0.504184,1.217549
2.462933,0.367510,0.109552,0.145441,2.678811,0.500149,1.216034
2.466771,0.367703,0.109418,0.145481,2.678273,0.496636,1.219656
2.470222,0.367859,0.109333,0.145494,2.681484,0.489482,1.220016
2.473751,0.368092,0.109225,0.145564,2.681432,0.483102,1.222602
2.476901,0.368332,0.109095,0.145640,2.681832,0.477359,1.224896
2.480150,0.368529,0.108988,0.145742,2.679742,0.479384,1.227266
2.483382,0.368633,0.108884,0.145829,2.679865,0.482469,1.224205
2.486853,0.368736,0.108831,0.145967,2.681245,0.482485,1.222428
2.490208,0.368768,0.108774,0.146061,2.683757,0.482553,1.221913
2.493509,0.368801,0.108756,0.146136,2.682937,0.485408,1.219309
2.496747,0.368818,0.108697,0.146180,2.685112,0.482513,1.219160
2.500207,0.368843,0.108677,0.146232,2.686228,0.478790,1.221220
2.503283,0.368858,0.108611,0.146273,2.685668,0.479616,1.221804
2.507068,0.368874,0.108577,0.146318,2.686853,0.477896,1.221066
2.510390,0.368881,0.108529,0.146379,2.690071,0.474798,1.221884
2.513914,0.368953,0.108488,0.146514,2.690133,0.473863,1.223449
2.516973,0.369025,0.108428,0.146641,2.691431,0.472913,1.223842
2.520471,0.369110,0.108374,0.146724,2.691957,0.471180,1.225644
2.523570,0.369159,0.108292,0.146779,2.690483,0.473286,1.225581
2.526851,0.369207,0.108206,0.146838,2.690401,0.473899,1.225414
2.530292,0.369203,0.108119,0.146847,2.689973,0.476163,1.223698
2.533555,0.369204,0.107996,0.146897,2.688996,0.476473,1.222357
2.536970,0.369210,0.107910,0.146966,2.688133,0.476708,1.221413
2.540210,0.369189,0.107914,0.147065,2.689465,0.478485,1.220850
2.543403,0.369158,0.107911,0.147190,2.689193,0.480908,1.220969
2.547014,0.369129,0.107914,0.147307,2.688860,0.483646,1.219998
2.549840,0.369090,0.107926,0.147373,2.689657,0.487003,1.219302
2.553148,0.369054,0.107908,0.147424,2.691050,0.489357,1.218050
2.556548,0.369090,0.107822,0.147476,2.689735,0.490013,1.217671
2.560356,0.369150,0.107737,0.147521,2.689235,0.490184,1.216965
2.563202,0.369195,0.107658,0.147574,2.690268,0.488305,1.217566
2.566922,0.369298,0.107608,0.147671,2.688683,0.487842,1.218796
2.570565,0.369469,0.107534,0.147792,2.686449,0.487577,1.221206
2.573899,0.369602,0.107415,0.147875,2.684497,0.487650,1.222456
2.576548,0.369721,0.107309,0.147935,2.681399,0.489351,1.225155
2.580192,0.369829,0.107214,0.147972,2.678832,0.492747,1.225567
2.583703,0.369881,0.107115,0.147980,2.679157,0.492805,1.226307
2.587296,0.369975,0.107026,0.148004,2.678800,0.490163,1.227458
2.590386,0.370081,0.106999,0.148039,2.680721,0.486103,1.228000
2.592943,0.370194,0.107020,0.148098,2.684643,0.481723,1.228739
2.596677,0.370282,0.107052,0.148162,2.686665,0.477705,1.230835
2.599767,0.370407,0.107087,0.148249,2.689177,0.475328,1.231080
2.603615,0.370420,0.107153,0.148303,2.692667,0.475179,1.231520
2.606926,0.370485,0.107179,0.148392,2.694524,0.474087,1.233896
2.609755,0.370549,0.107125,0.148457,2.695474,0.471936,1.233863
2.613489,0.370704,0.106987,0.148502,2.695688,0.471248,1.234934
2.616531,0.370845,0.106817,0.148501,2.694119,0.470055,1.236494
2.620186,0.371051,0.106564,0.148465,2.692713,0.467527,1.236518
2.623116,0.371212,0.106316,0.148383,2.691433,0.467683,1.235298
2.626923,0.371354,0.106036,0.148306,2.689998,0.467172,1.233113
2.629287,0.371437,0.105773,0.148222,2.690620,0.463841,1.228940
2.632614,0.371515,0.105536,0.148124,2.691881,0.461092,1.225990
2.636305,0.371547,0.105391,0.148036,2.694996,0.458801,1.223668
2.643875,0.371664,0.105152,0.147861,2.694080,0.460387,1.220616
2.647003,0.371726,0.105094,0.147781,2.694751,0.461886,1.219179
2.650020,0.371784,0.105087,0.147733,2.696183,0.461869,1.219990
2.652879,0.371929,0.105071,0.147683,2.701078,0.454948,1.222614
2.670763,0.372077,0.105021,0.147601,2.700312,0.452254,1.223833
2.681329,0.372225,0.104953,0.147501,2.706681,0.442496,1.227490
2.685548,0.372376,0.104913,0.147415,2.711469,0.433858,1.229681
2.688509,0.372499,0.104820,0.147274,2.714264,0.427367,1.232754
2.691977,0.372537,0.104712,0.147135,2.714140,0.428384,1.231516
2.700663,0.372557,0.104620,0.146940,2.718383,0.426047,1.231336
2.703139,0.372596,0.104508,0.146680,2.718474,0.428285,1.229097
2.713231,0.372691,0.104338,0.146309,2.718449,0.429099,1.226478
2.734097,0.372852,0.104190,0.145950,2.718722,0.431241,1.222859
2.736740,0.373007,0.104075,0.145635,2.718296,0.432961,1.221643
2.745718,0.373215,0.103995,0.145404,2.718015,0.432160,1.221077
2.749302,0.373405,0.103982,0.145274,2.718492,0.428962,1.221794
2.752728,0.373487,0.104031,0.145183,2.719638,0.427299,1.222415
2.754941,0.373537,0.104077,0.145065,2.721154,0.425028,1.222241
2.762033,0.373510,0.104160,0.144825,2.724693,0.421866,1.219340
2.768401,0.373433,0.104268,0.144513,2.728798,0.421374,1.214747
2.771488,0.373344,0.104389,0.144192,2.732848,0.421677,1.210402
2.780670,0.373309,0.104400,0.143809,2.734675,0.424211,1.207137
2.783201,0.373261,0.104406,0.143480,2.736555,0.425708,1.203394
2.792791,0.373281,0.104359,0.143245,2.735426,0.428040,1.204374
2.794037,0.373191,0.104201,0.142853,2.735644,0.428674,1.202519
2.800398,0.373098,0.103960,0.142372,2.734453,0.432302,1.197800
2.806645,0.372999,0.103798,0.142010,2.735047,0.432591,1.195354
2.809422,0.372902,0.103639,0.141646,2.735298,0.433123,1.195502
2.812536,0.372874,0.103453,0.141284,2.735821,0.435396,1.191730
2.816134,0.372953,0.103352,0.141124,2.731628,0.440710,1.193256
2.819354,0.373085,0.103280,0.141046,2.728950,0.442183,1.198834
2.823118,0.373218,0.103202,0.140983,2.725364,0.445574,1.203472
2.826533,0.373358,0.103111,0.140944,2.721584,0.449034,1.205900
2.829957,0.373439,0.103165,0.140974,2.720202,0.448888,1.211367
2.832948,0.373468,0.103279,0.140933,2.725515,0.444296,1.213705
2.836093,0.373455,0.103388,0.140886,2.727503,0.443879,1.214576
2.839672,0.373434,0.103448,0.140802,2.730627,0.440422,1.216528
2.843223,0.373336,0.103395,0.140634,2.733409,0.439564,1.215406
2.846500,0.373223,0.103220,0.140409,2.734225,0.441332,1.211931
2.849894,0.373152,0.102975,0.140304,2.732324,0.443578,1.211018
2.853277,0.373086,0.102725,0.140209,2.731315,0.446364,1.208584
2.856507,0.373056,0.102460,0.140204,2.729284,0.448433,1.207029
2.859579,0.373104,0.102307,0.140283,2.727619,0.449352,1.208041
2.862760,0.373136,0.102156,0.140362,2.725685,0.448743,1.210593
2.866116,0.373172,0.101968,0.140398,2.725163,0.446389,1.211212
2.869556,0.373384,0.101818,0.140522,2.720892,0.444201,1.216496
2.872733,0.373615,0.101706,0.140639,2.715185,0.446164,1.222494
2.876175,0.373845,0.101629,0.140796,2.718136,0.436514,1.230889
2.879610,0.374099,0.101558,0.140933,2.714221,0.438321,1.236385
2.883135,0.374362,0.101525,0.141084,2.706775,0.443947,1.243016
2.886470,0.374446,0.101474,0.141144,2.705247,0.444609,1.248851
2.889920,0.374483,0.101455,0.141146,2.706454,0.442427,1.250241
2.893338,0.374451,0.101384,0.141087,2.699932,0.450608,1.248191
2.896477,0.374404,0.101293,0.141017,2.699885,0.448159,1.248332
2.899761,0.374344,0.101203,0.140969,2.701805,0.445569,1.243371
2.903205,0.374277,0.101148,0.140945,2.701727,0.445110,1.241098
2.906119,0.374210,0.101094,0.140922,2.700391,0.446261,1.240802
2.909938,0.374146,0.101108,0.140882,2.700388,0.446930,1.235413
2.913099,0.374126,0.101417,0.141004,2.705458,0.441508,1.238648
2.916130,0.374096,0.101736,0.141129,2.709072,0.436068,1.247283
2.919959,0.374065,0.102073,0.141258,2.715227,0.427207,1.250101
2.923403,0.374017,0.102439,0.141392,2.722307,0.417216,1.252703
2.926342,0.374011,0.102764,0.141546,2.727900,0.407317,1.261938
2.929790,0.373745,0.102485,0.141318,2.723704,0.413410,1.253712
2.933210,0.373485,0.102212,0.141072,2.723627,0.415469,1.245016
2.936363,0.373187,0.101953,0.140855,2.723148,0.415572,1.245268
2.939099,0.373141,0.101864,0.140906,2.722884,0.419715,1.237022
2.943578,0.373115,0.101783,0.140932,2.721916,0.421737,1.236709
2.946531,0.373316,0.101997,0.141269,2.728174,0.414721,1.246254
2.949820,0.373512,0.102014,0.141450,2.727292,0.413950,1.252742
2.953122,0.373452,0.101662,0.141242,2.731480,0.417935,1.240992
2.970602,0.373119,0.101022,0.140684,2.732737,0.418228,1.238940
2.981107,0.372820,0.100368,0.140125,2.735851,0.421719,1.225463
2.985599,0.372556,0.099705,0.139445,2.736793,0.422300,1.215082
2.988366,0.372280,0.099206,0.138959,2.741199,0.420710,1.206911
2.996400,0.372394,0.099036,0.138798,2.741019,0.416172,1.210592
2.997962,0.372536,0.098935,0.138728,2.742234,0.412596,1.210500
3.007840,0.372620,0.098725,0.138628,2.745946,0.401845,1.214723
3.010955,0.372659,0.098528,0.138596,2.748673,0.395222,1.212615
3.029510,0.372755,0.098362,0.138520,2.750683,0.389620,1.214266
3.042099,0.372789,0.098215,0.138449,2.753599,0.384712,1.215946
3.043311,0.372857,0.098176,0.138404,2.756368,0.380330,1.217302
3.047754,0.373224,0.098263,0.138364,2.753875,0.384040,1.222268
3.060381,0.373616,0.098392,0.138333,2.752556,0.386160,1.229968
3.073263,0.373968,0.098525,0.138307,2.757224,0.376582,1.238109
3.074184,0.374352,0.098967,0.138418,2.757575,0.374678,1.236139
3.084734,0.374722,0.099302,0.138435,2.763275,0.363284,1.244789
3.087553,0.374801,0.099620,0.138515,2.768026,0.351283,1.248233
3.090533,0.374746,0.099734,0.138391,2.771540,0.344399,1.245381
3.098232,0.374691,0.099848,0.138267,2.769441,0.349178,1.238843
3.104597,0.374583,0.099701,0.138047,2.771584,0.343699,1.244350
3.108143,0.374471,0.099585,0.137849,2.769570,0.348167,1.237723
3.111501,0.374359,0.099469,0.137652,2.768435,0.354512,1.231156
3.114723,0.374385,0.099519,0.137643,2.769436,0.352672,1.232719
3.117821,0.374500,0.099691,0.137737,2.769576,0.352651,1.232238
3.121781,0.374692,0.099812,0.137848,2.767286,0.355278,1.233375
3.124882,0.374878,0.099920,0.137989,2.765257,0.355842,1.237544
3.128303,0.374912,0.099980,0.137995,2.765426,0.355914,1.237899
3.131755,0.374929,0.100059,0.137995,2.763489,0.360781,1.234728
3.134616,0.374885,0.099954,0.137879,2.762856,0.362467,1.237487
3.137990,0.374759,0.099718,0.137633,2.759206,0.370955,1.230787
3.141105,0.374632,0.099481,0.137388,2.754549,0.380939,1.223234
3.145062,0.374769,0.099621,0.137489,2.752444,0.382110,1.226150
3.149096,0.374947,0.099772,0.137618,2.750822,0.383186,1.230763
3.151330,0.375103,0.099994,0.137747,2.748124,0.386367,1.231918
3.154733,0.375179,0.100358,0.137898,2.750739,0.382931,1.235357
3.158088,0.375285,0.100753,0.137976,2.753498,0.381543,1.235901
3.161863,0.375360,0.100879,0.137900,2.753421,0.381486,1.237828
3.165077,0.375392,0.100992,0.137802,2.752660,0.380590,1.239127
3.168344,0.375256,0.101047,0.137490,2.754774,0.379131,1.233163
3.171306,0.375207,0.101085,0.137248,2.754786,0.379544,1.230289
3.174645,0.375127,0.101093,0.137078,2.754202,0.375372,1.237611
3.178576,0.375203,0.101211,0.136978,2.753384,0.379738,1.230629
3.181937,0.375277,0.101308,0.136866,2.753325,0.380347,1.229570
3.184883,0.375513,0.101457,0.136983,2.750193,0.381802,1.234922
3.188406,0.375758,0.101512,0.137027,2.751129,0.378945,1.234371
3.191260,0.375978,0.101572,0.137055,2.748750,0.380478,1.232061
3.194686,0.375969,0.101469,0.136936,2.746610,0.381182,1.234066
3.197987,0.375875,0.101368,0.136755,2.748974,0.380248,1.227055
3.201557,0.375781,0.101266,0.136573,2.751476,0.378861,1.221111
3.204839,0.375698,0.101279,0.136417,2.748296,0.384637,1.222513
3.208099,0.375685,0.101166,0.136246,2.748669,0.389259,1.216499
3.211621,0.375664,0.101046,0.136093,2.747739,0.390928,1.213445
3.214944,0.375725,0.100931,0.136017,2.742793,0.396647,1.216343
3.218231,0.375756,0.100795,0.135897,2.738615,0.403463,1.214371
3.221501,0.375767,0.100639,0.135822,2.736763,0.408707,1.208642
3.224748,0.375767,0.100585,0.135784,2.734902,0.410122,1.210796
3.228377,0.375811,0.100517,0.135784,2.734109,0.413011,1.208513
3.231624,0.375860,0.100462,0.135783,2.733138,0.415993,1.204228
3.234774,0.375941,0.100430,0.135821,2.733573,0.414593,1.206671
3.238215,0.375916,0.100416,0.135797,2.735011,0.414301,1.204927
3.241370,0.375861,0.100425,0.135759,2.736810,0.416085,1.199063
3.245099,0.375793,0.100445,0.135687,2.739065,0.414693,1.202035
3.248332,0.375733,0.100474,0.135598,2.740090,0.417485,1.199379
3.251637,0.375664,0.100493,0.135530,2.740356,0.422905,1.193193
3.255154,0.375659,0.100510,0.135498,2.740202,0.421710,1.198183
3.257983,0.375650,0.100510,0.135467,2.740035,0.424685,1.196648
3.261722,0.375568,0.100546,0.135368,2.739897,0.429008,1.189105
3.265072,0.375479,0.100574,0.135288,2.741846,0.429877,1.184132
3.269704,0.375587,0.100817,0.135353,2.743458,0.427927,1.185512
3.275016,0.375752,0.101061,0.135404,2.745712,0.430643,1.181321
3.282558,0.375916,0.101312,0.135424,2.747523,0.430599,1.182331
3.296693,0.376110,0.101536,0.135453,2.748132,0.432504,1.184234
3.302614,0.376302,0.101734,0.135468,2.747955,0.436649,1.184026
3.312301,0.376285,0.101605,0.135209,2.747228,0.441292,1.182436
3.316729,0.376256,0.101406,0.134927,2.743481,0.448610,1.177874
3.320843,0.376151,0.101196,0.134628,2.743760,0.452031,1.173236
3.333913,0.376059,0.101021,0.134404,2.745835,0.451719,1.167254
3.336354,0.376042,0.100890,0.134200,2.747767,0.447794,1.169070
3.347295,0.376213,0.101064,0.134043,2.752349,0.445959,1.170416
3.351857,0.376383,0.101298,0.133940,2.759673,0.438831,1.175455
3.370059,0.376480,0.101423,0.133655,2.760370,0.441758,1.174077
3.372849,0.376478,0.101494,0.133303,2.763390,0.444848,1.173272
3.385317,0.376388,0.101553,0.132939,2.765372,0.450670,1.167523
3.387657,0.376122,0.101387,0.132628,2.759561,0.463802,1.159964
3.402069,0.375922,0.101150,0.132378,2.758900,0.468479,1.154732
3.404150,0.375995,0.101051,0.132594,2.760321,0.460312,1.157189
3.415308,0.376031,0.100932,0.132806,2.752972,0.459332,1.160107
3.421204,0.376102,0.100655,0.132957,2.753212,0.449587,1.164824
3.427985,0.376085,0.100571,0.133044,2.755116,0.436468,1.169974
3.431287,0.376135,0.100518,0.132923,2.755469,0.433611,1.171315
3.434628,0.376196,0.100532,0.132656,2.761757,0.429261,1.174775
3.437747,0.376242,0.100429,0.132592,2.764745,0.424973,1.176313
3.441038,0.376259,0.100521,0.132607,2.763300,0.426404,1.179349
3.444304,0.376309,0.100427,0.132687,2.768102,0.420077,1.177971
3.448048,0.376261,0.100260,0.132913,2.765567,0.417141,1.178797
3.451270,0.376211,0.100091,0.133143,2.758514,0.419678,1.179771
3.454599,0.376194,0.100065,0.133164,2.763125,0.413324,1.180800
3.457942,0.376156,0.099922,0.133104,2.762586,0.413243,1.179431
3.461015,0.376092,0.099794,0.133018,2.759495,0.418028,1.179500
3.464196,0.376042,0.099681,0.132957,2.761328,0.415568,1.179287
3.467567,0.376017,0.099670,0.132950,2.761067,0.417446,1.176651
3.470961,0.376025,0.099650,0.132956,2.756268,0.422161,1.179582
3.474823,0.376049,0.099757,0.133023,2.758789,0.419042,1.179369
3.478448,0.376053,0.099759,0.133008,2.757989,0.419566,1.180152
3.481327,0.376054,0.099762,0.132971,2.756093,0.423131,1.178986
3.484847,0.376046,0.099791,0.132942,2.758576,0.420382,1.179002
3.488003,0.376181,0.099799,0.132983,2.758003,0.420832,1.179501
3.491041,0.376331,0.099805,0.133023,2.754286,0.424893,1.182198
3.494313,0.376499,0.099928,0.133156,2.756906,0.421644,1.182801
3.498421,0.376650,0.100056,0.133283,2.756702,0.419676,1.186380
3.500946,0.376786,0.100055,0.133346,2.754027,0.421195,1.188832
3.505207,0.376744,0.100067,0.133320,2.757148,0.418252,1.186709
3.507796,0.376700,0.100112,0.133329,2.757296,0.419675,1.182719
3.511131,0.376768,0.100120,0.133349,2.753846,0.420405,1.186192
3.515115,0.376848,0.100126,0.133373,2.752945,0.420953,1.188329
3.518465,0.376910,0.100117,0.133383,2.752919,0.423420,1.183769
3.520906,0.376944,0.100133,0.133394,2.751213,0.426652,1.184140
3.524689,0.376975,0.100110,0.133384,2.753477,0.421347,1.189220
3.527875,0.376914,0.100201,0.133364,2.755000,0.424273,1.183018
3.531101,0.376854,0.100291,0.133346,2.757052,0.422100,1.181708
3.534587,0.376813,0.100395,0.133341,2.759487,0.416042,1.186661
3.537694,0.376737,0.100287,0.133219,2.759679,0.416995,1.182474
3.541723,0.376662,0.100178,0.133098,2.758495,0.421758,1.176419
3.544330,0.376674,0.100228,0.133124,2.760613,0.415913,1.180716
3.547718,0.376684,0.100278,0.133150,2.762218,0.423689,1.176122
3.551099,0.376707,0.100330,0.133101,2.763527,0.432385,1.174544
3.565006,0.377157,0.101000,0.132790,2.765499,0.439159,1.173813
3.571024,0.377144,0.100900,0.132544,2.767797,0.445632,1.173019
3.575220,0.377126,0.100879,0.132473,2.769158,0.458196,1.168061
3.578412,0.377083,0.100842,0.132351,2.770672,0.459966,1.166834
3.584622,0.377111,0.100918,0.132222,2.771508,0.460217,1.167622
3.587736,0.377178,0.100922,0.132199,2.771339,0.462824,1.166900
3.590933,0.377232,0.100889,0.132182,2.769950,0.467060,1.166579
3.594884,0.377362,0.100786,0.132201,2.768509,0.469835,1.168691
3.597726,0.377489,0.100713,0.132229,2.762241,0.476781,1.168188
3.600937,0.377593,0.100576,0.132211,2.758906,0.484035,1.163973
3.605024,0.377700,0.100513,0.132241,2.754248,0.487474,1.164463
3.607610,0.377797,0.100439,0.132295,2.754150,0.487589,1.163713
3.614598,0.377971,0.100306,0.132408,2.753475,0.485305,1.166087
3.617647,0.378107,0.100392,0.132483,2.753075,0.485338,1.165663
3.620939,0.378241,0.100484,0.132546,2.754060,0.485321,1.163736
3.624842,0.378263,0.100620,0.132566,2.758780,0.480167,1.167224
3.627590,0.378369,0.100846,0.132654,2.758912,0.479941,1.167975
3.631084,0.378487,0.101068,0.132750,2.757470,0.481775,1.167576
3.635468,0.378653,0.101165,0.132868,2.760960,0.478209,1.170533
3.652954,0.378817,0.101305,0.133029,2.755302,0.481435,1.172050
3.664451,0.379066,0.101425,0.133229,2.755314,0.482265,1.170758
3.666161,0.379163,0.101441,0.133345,2.755706,0.479659,1.172947
3.670451,0.379256,0.101304,0.133374,2.751415,0.484599,1.169748
3.673498,0.379270,0.101146,0.133352,2.747471,0.487250,1.168938
3.680058,0.379225,0.100895,0.133243,2.748675,0.486215,1.166803
3.682937,0.379215,0.100627,0.133121,2.745163,0.490073,1.162019
3.692193,0.379302,0.100412,0.133092,2.740610,0.495072,1.160491
3.703202,0.379313,0.100351,0.133168,2.748106,0.486851,1.162038
3.722910,0.379266,0.100386,0.133436,2.749001,0.483750,1.159042
3.732552,0.379273,0.100455,0.133753,2.752854,0.475986,1.160754
3.736586,0.379283,0.100522,0.134073,2.755985,0.467427,1.163719
3.740108,0.379195,0.100515,0.134289,2.760975,0.456932,1.163279
3.746989,0.379079,0.100497,0.134424,2.759309,0.454396,1.159553
3.750199,0.379012,0.100350,0.134372,2.763329,0.450094,1.156865
3.759731,0.379072,0.100152,0.134337,2.759206,0.453107,1.157889
3.762151,0.379128,0.099957,0.134297,2.754658,0.456972,1.157882
3.770508,0.379105,0.099842,0.134256,2.754543,0.457958,1.156429
3.773109,0.379128,0.099780,0.134268,2.752065,0.461462,1.157540
3.780775,0.379161,0.099787,0.134315,2.748851,0.463118,1.162038
3.783794,0.379116,0.099843,0.134365,2.752144,0.459619,1.159196
3.787176,0.379073,0.099815,0.134392,2.752822,0.459884,1.158492
3.790428,0.379120,0.099717,0.134416,2.748341,0.464550,1.159546
3.793835,0.379157,0.099588,0.134422,2.747633,0.464115,1.157522
3.797167,0.379182,0.099468,0.134411,2.748007,0.464490,1.153549
3.800445,0.379135,0.099336,0.134391,2.745873,0.468246,1.151945
3.804409,0.379059,0.099294,0.134389,2.747360,0.467822,1.147430
3.807204,0.378982,0.099290,0.134400,2.750822,0.465000,1.145349
3.811197,0.378914,0.099263,0.134480,2.752605,0.464507,1.145584
3.813848,0.378846,0.099201,0.134587,2.753831,0.464190,1.146263
3.817322,0.378789,0.099070,0.134656,2.755767,0.462075,1.145893
3.820846,0.378789,0.098884,0.134772,2.757250,0.459659,1.148151
3.823930,0.378798,0.098622,0.134860,2.757207,0.459034,1.147752
3.827353,0.378804,0.098365,0.134841,2.758194,0.457626,1.145629
3.830592,0.378831,0.098142,0.134787,2.761326,0.453279,1.143285
3.833972,0.378876,0.098012,0.134753,2.766032,0.447010,1.142476
3.837343,0.378897,0.097871,0.134696,2.770105,0.442533,1.140045
3.841021,0.378908,0.097730,0.134635,2.773757,0.437935,1.137401
3.843812,0.379037,0.097621,0.134573,2.771523,0.433725,1.139205
3.847242,0.379197,0.097396,0.134490,2.774415,0.432065,1.140201
3.851037,0.379381,0.097209,0.134363,2.772823,0.432273,1.139948
3.853966,0.379546,0.096994,0.134379,2.771550,0.426973,1.144183
3.857219,0.379799,0.096876,0.134331,2.770440,0.426577,1.143715
3.860713,0.379926,0.096872,0.134389,2.778295,0.422444,1.143497
3.863905,0.380037,0.096974,0.134486,2.780173,0.414798,1.145216
3.867236,0.380165,0.096932,0.134609,2.781666,0.412118,1.150141
3.871077,0.380296,0.096909,0.134540,2.782647,0.414344,1.150269
3.873977,0.380340,0.096768,0.134544,2.786182,0.407929,1.152154
3.877411,0.380356,0.096327,0.134461,2.780615,0.411256,1.150672
3.880744,0.380350,0.095891,0.134372,2.774052,0.417504,1.148605
3.884002,0.380310,0.095572,0.134291,2.770607,0.418837,1.143992
3.887247,0.380332,0.095370,0.134212,2.769881,0.417446,1.142263
3.890545,0.380365,0.095244,0.134140,2.766006,0.420894,1.144031
3.894307,0.380429,0.095248,0.134081,2.767889,0.417054,1.145239
3.897333,0.380487,0.095188,0.133983,2.767931,0.414902,1.145653
3.900641,0.380542,0.095113,0.133915,2.768025,0.414533,1.143163
3.903891,0.380542,0.094983,0.133874,2.766566,0.415424,1.142567
3.907196,0.380541,0.094835,0.133871,2.764868,0.415898,1.142556
3.910745,0.380547,0.094726,0.133890,2.763136,0.417843,1.142211
3.913954,0.380544,0.094565,0.133892,2.761395,0.419537,1.141361
3.917225,0.380542,0.094414,0.133873,2.762023,0.417218,1.143939
3.921205,0.380543,0.094271,0.133859,2.761657,0.417267,1.144145
3.927352,0.380555,0.094055,0.133812,2.761517,0.418086,1.141365
3.930544,0.380511,0.093799,0.133741,2.760950,0.419205,1.140351
3.933844,0.380494,0.093646,0.133843,2.759399,0.420677,1.135770
3.953502,0.380577,0.093466,0.133979,2.756481,0.425882,1.136127
3.966666,0.380657,0.093287,0.134113,2.755289,0.428380,1.135537
3.976651,0.380645,0.093138,0.134295,2.753756,0.427457,1.135280
3.979410,0.380680,0.093035,0.134498,2.752582,0.426428,1.134556
3.988907,0.380705,0.092944,0.134604,2.755109,0.422745,1.137933
3.990946,0.380636,0.092908,0.134694,2.757375,0.416857,1.136875
4.011698,0.380556,0.092910,0.134899,2.760478,0.411059,1.135591
4.014312,0.380574,0.092971,0.135102,2.763793,0.408352,1.137627
4.026251,0.380639,0.093002,0.135361,2.766012,0.406218,1.139081
4.029600,0.380703,0.093033,0.135603,2.766817,0.406882,1.141420
4.036707,0.380752,0.093037,0.135858,2.766394,0.408953,1.143280
4.039666,0.380798,0.093036,0.136024,2.763652,0.412564,1.145840
4.048973,0.380829,0.093061,0.136269,2.763777,0.412226,1.143910
4.049918,0.380822,0.093184,0.136508,2.764956,0.409558,1.143601
4.057653,0.380804,0.093286,0.136804,2.766818,0.405123,1.143707
4.065060,0.380890,0.093297,0.137090,2.764377,0.405844,1.146781
4.070691,0.380980,0.093267,0.137370,2.762289,0.406658,1.147780
4.073800,0.381021,0.093375,0.137614,2.761996,0.406336,1.150297
4.077121,0.381031,0.093421,0.137820,2.761984,0.408457,1.149769
4.080734,0.381055,0.093509,0.137974,2.760764,0.412212,1.148585
4.084025,0.381010,0.093753,0.138169,2.764259,0.413792,1.144557
4.087232,0.381020,0.093977,0.138388,2.767390,0.411809,1.143293
4.091434,0.381090,0.094028,0.138579,2.759205,0.423553,1.142621
4.094441,0.381190,0.094057,0.138747,2.757191,0.426460,1.145274
4.098109,0.381288,0.094107,0.138936,2.756436,0.427528,1.146025
4.101190,0.381365,0.094088,0.139068,2.755216,0.425469,1.148418
4.103874,0.381446,0.094161,0.139203,2.754996,0.425812,1.149759
4.107208,0.381527,0.094284,0.139260,2.762576,0.417192,1.153570
4.111690,0.381617,0.094452,0.139338,2.763514,0.416611,1.154572
4.114038,0.381707,0.094512,0.139459,2.764088,0.415708,1.159143
4.117814,0.381785,0.094569,0.139589,2.764370,0.416268,1.159819
4.121227,0.381806,0.094554,0.139688,2.764431,0.417543,1.159368
4.124688,0.381880,0.094542,0.139919,2.764312,0.416815,1.162281
4.126990,0.381948,0.094501,0.140135,2.761776,0.418502,1.164902
4.131039,0.382056,0.094505,0.140325,2.761109,0.423239,1.162583
4.133941,0.382216,0.094658,0.140592,2.762498,0.420157,1.167550
4.138109,0.382399,0.094790,0.140960,2.762120,0.418408,1.175615
4.140467,0.382526,0.094884,0.141224,2.760880,0.419292,1.178416
4.143724,0.382702,0.094955,0.141523,2.760819,0.418464,1.184404
4.147063,0.382844,0.095062,0.141755,2.757117,0.416833,1.194267
4.150387,0.382965,0.094995,0.141965,2.753108,0.422742,1.190257
4.153715,0.383056,0.094981,0.142125,2.752097,0.422783,1.189544
4.157181,0.383141,0.094988,0.142295,2.749880,0.424160,1.190448
4.160385,0.383170,0.095046,0.142477,2.748955,0.424080,1.190497
4.163619,0.383249,0.095103,0.142715,2.751263,0.421680,1.188404
4.167124,0.383310,0.095316,0.142967,2.753003,0.415545,1.198744
4.170343,0.383411,0.095534,0.143200,2.753957,0.414124,1.201496
4.173620,0.383494,0.095779,0.143436,2.756680,0.409794,1.204602
4.177172,0.383584,0.095995,0.143623,2.760469,0.405715,1.206858
4.180344,0.383626,0.096275,0.143810,2.762718,0.404153,1.205189
4.183690,0.383481,0.096258,0.143829,2.763371,0.404677,1.206199
4.187016,0.383457,0.096384,0.143938,2.763512,0.407468,1.200666
4.190319,0.383422,0.096444,0.144057,2.762521,0.410301,1.198814
4.193813,0.383387,0.096504,0.144176,2.759943,0.412907,1.198730
4.197039,0.383220,0.096458,0.144186,2.758977,0.414412,1.198225
4.200297,0.383230,0.096582,0.144284,2.758776,0.416536,1.191546
4.203698,0.383375,0.096740,0.144550,2.756870,0.413364,1.201611
4.207120,0.383531,0.097015,0.144880,2.757261,0.409588,1.207878
4.210367,0.383694,0.097367,0.145252,2.758748,0.406940,1.211900
4.213703,0.384001,0.097763,0.145723,2.757443,0.404641,1.223375
4.217302,0.384315,0.098234,0.146235,2.757107,0.404157,1.233783
4.221356,0.384355,0.098564,0.146472,2.758413,0.406907,1.235768
4.223871,0.384410,0.098843,0.146665,2.758699,0.411095,1.237619
4.227181,0.384425,0.099071,0.146844,2.758111,0.415236,1.239846
4.230872,0.384382,0.099292,0.147055,2.759225,0.417944,1.239270
4.234167,0.384337,0.099545,0.147299,2.762248,0.418490,1.237937
4.244238,0.384307,0.099863,0.147638,2.766874,0.418941,1.236183
4.254001,0.384266,0.100161,0.147941,2.771301,0.418879,1.234319
4.266262,0.384214,0.100487,0.148252,2.777228,0.418092,1.231781
4.270033,0.384212,0.100859,0.148515,2.782374,0.418620,1.229607
4.277591,0.384288,0.101158,0.148754,2.784262,0.419338,1.229326
4.278675,0.384345,0.101334,0.148867,2.784352,0.420791,1.228999
4.289663,0.384404,0.101604,0.149017,2.786142,0.422704,1.224435
4.290937,0.384530,0.101957,0.149170,2.788306,0.423013,1.218320
4.310258,0.384636,0.102284,0.149264,2.790450,0.423956,1.211045
4.320298,0.384627,0.102591,0.149293,2.792560,0.425493,1.203129
4.324259,0.384647,0.102876,0.149335,2.795554,0.424059,1.194758
4.327502,0.384748,0.103019,0.149327,2.794383,0.423953,1.191189
4.334736,0.384901,0.103006,0.149268,2.791057,0.426080,1.189632
4.336879,0.385210,0.102877,0.149166,2.782068,0.434968,1.195146
4.345304,0.385596,0.102755,0.149027,2.774537,0.443976,1.200119
4.357081,0.385955,0.102650,0.148866,2.767858,0.452619,1.204333
4.358928,0.386231,0.102537,0.148568,2.764404,0.458954,1.202798
4.364270,0.386428,0.102447,0.148278,2.762567,0.463899,1.200870
4.369800,0.386488,0.102450,0.148075,2.769001,0.458632,1.192469
4.373585,0.386573,0.102439,0.147887,2.773529,0.453002,1.185384
4.377305,0.386703,0.102401,0.147693,2.775949,0.450234,1.180635
4.380353,0.386830,0.102374,0.147612,2.774909,0.450856,1.182756
4.383019,0.387010,0.102318,0.147518,2.776479,0.448471,1.178762
4.387154,0.387189,0.102189,0.147341,2.774021,0.448643,1.176874
4.390014,0.387314,0.102053,0.147169,2.772464,0.448366,1.174736
4.393164,0.387426,0.101898,0.146894,2.769725,0.449205,1.171519
4.396471,0.387605,0.101757,0.146618,2.769502,0.446510,1.167632
4.399724,0.387789,0.101723,0.146263,2.767329,0.446174,1.171605
4.403176,0.387998,0.101765,0.145974,2.769702,0.443973,1.175760
4.406435,0.388230,0.101801,0.145646,2.769757,0.441137,1.180950
4.409760,0.388439,0.101859,0.145375,2.770708,0.438373,1.184972
4.413862,0.388591,0.101922,0.145067,2.773040,0.433448,1.187230
4.416675,0.388678,0.101875,0.144789,2.774399,0.430862,1.186064
4.420764,0.388736,0.101800,0.144491,2.772618,0.428583,1.185171
4.423863,0.388792,0.101706,0.144147,2.772498,0.428127,1.184160
4.426520,0.388836,0.101551,0.143805,2.773484,0.425636,1.183684
4.430436,0.388863,0.101353,0.143500,2.773207,0.425522,1.182479
4.434184,0.388891,0.101088,0.143223,2.771292,0.423669,1.185639
4.436607,0.388901,0.100860,0.142958,2.771563,0.424216,1.184305
4.439908,0.388944,0.100862,0.142624,2.776211,0.421348,1.184727
4.444071,0.389003,0.100963,0.142305,2.783495,0.416461,1.186432
4.447300,0.389065,0.101030,0.141943,2.788220,0.413612,1.188186
4.449977,0.389219,0.101183,0.141618,2.791714,0.412443,1.189028
4.453815,0.389388,0.101260,0.141283,2.796015,0.408850,1.195892
4.456486,0.389516,0.101156,0.141085,2.796687,0.406577,1.200029
4.459848,0.389653,0.101060,0.140868,2.793545,0.406260,1.203077
4.463186,0.389732,0.101002,0.140669,2.795339,0.404727,1.206960
4.466422,0.389755,0.100979,0.140411,2.799206,0.400269,1.208858
4.469782,0.389765,0.101028,0.140170,2.800023,0.397138,1.208711
4.473231,0.389743,0.101026,0.139987,2.802934,0.395234,1.207984
4.477374,0.389635,0.100748,0.139851,2.801061,0.394319,1.205436
4.480275,0.389636,0.100491,0.139773,2.796193,0.392602,1.204998
4.483175,0.389624,0.100216,0.139735,2.793305,0.391705,1.205680
4.486465,0.389611,0.099847,0.139662,2.790345,0.391450,1.204594
4.489615,0.389588,0.099517,0.139514,2.784865,0.390499,1.203795
4.493074,0.389647,0.099418,0.139299,2.786925,0.385047,1.207095
4.496362,0.389657,0.099345,0.139008,2.789808,0.381117,1.207156
4.499633,0.389658,0.099211,0.138698,2.791302,0.377911,1.206325
4.503017,0.389682,0.099175,0.138413,2.793015,0.371280,1.209876
4.506439,0.389747,0.099144,0.138143,2.797779,0.365636,1.210507
4.510609,0.389784,0.099138,0.137954,2.801002,0.363277,1.208944
4.513083,0.389845,0.099182,0.137821,2.807495,0.358878,1.208205
4.516296,0.389927,0.099355,0.137553,2.813047,0.355086,1.212515
4.519625,0.390027,0.099370,0.137268,2.817802,0.357155,1.206831
4.522947,0.390075,0.099333,0.137075,2.820536,0.354028,1.205427
4.526443,0.390215,0.099233,0.136982,2.821219,0.350936,1.207264
4.530036,0.390384,0.098979,0.136884,2.816253,0.351156,1.210332
4.533305,0.390569,0.098579,0.136951,2.813338,0.349645,1.207540
4.537131,0.390739,0.098097,0.136995,2.810306,0.346338,1.210842
4.558707,0.391158,0.097593,0.137065,2.808167,0.343861,1.218066
4.566616,0.391494,0.097144,0.137037,2.805702,0.346418,1.225682
4.572899,0.391745,0.096558,0.136873,2.809060,0.346245,1.222237
4.576582,0.391944,0.095910,0.136662,2.802187,0.354609,1.224650
4.583513,0.392153,0.095349,0.136394,2.794210,0.362320,1.235507
4.585433,0.392249,0.094725,0.136053,2.788678,0.370314,1.233453
4.595324,0.392338,0.094053,0.135688,2.784198,0.372866,1.230986
4.597177,0.392659,0.093472,0.135343,2.779441,0.371759,1.242407
4.616334,0.393040,0.092956,0.134996,2.781685,0.365624,1.249250
4.629356,0.393430,0.092572,0.134789,2.790954,0.343077,1.256259
4.636346,0.394326,0.091728,0.134551,2.790186,0.333666,1.267735
4.639392,0.394427,0.091197,0.134292,2.793427,0.323112,1.270127
4.647978,0.394484,0.090728,0.134095,2.793370,0.316510,1.268752
4.659712,0.394543,0.090130,0.133844,2.796954,0.303376,1.265759
4.660861,0.394490,0.089664,0.133526,2.796275,0.304749,1.257076
4.669001,0.394509,0.089339,0.133217,2.809050,0.281804,1.255733
4.678486,0.394652,0.089232,0.133208,2.815523,0.271913,1.259455
4.681708,0.394869,0.089088,0.132923,2.818688,0.260487,1.259377
4.684836,0.395062,0.089078,0.132685,2.822414,0.253534,1.262786
4.688049,0.395240,0.089074,0.132440,2.826845,0.249197,1.267357
4.691427,0.395306,0.088870,0.132272,2.819944,0.258763,1.264561
4.694888,0.395367,0.088688,0.132058,2.815859,0.257451,1.262503
4.698570,0.395354,0.088568,0.132088,2.816538,0.257114,1.264420
4.701545,0.395331,0.088456,0.132104,2.814323,0.256934,1.265473
4.704843,0.395302,0.088366,0.132039,2.810042,0.255807,1.263388
4.708320,0.395371,0.088403,0.131925,2.810628,0.254667,1.265971
4.712003,0.395445,0.088498,0.131760,2.810971,0.253003,1.271822
4.715223,0.395446,0.088589,0.131604,2.811132,0.250468,1.274312
4.718369,0.395443,0.088676,0.131458,2.811324,0.249451,1.275606
4.721879,0.395418,0.088767,0.131388,2.812895,0.248193,1.278234
4.725691,0.395440,0.088861,0.131300,2.814716,0.242728,1.282872
4.728687,0.395485,0.088888,0.131263,2.814612,0.243161,1.285185
4.731764,0.395615,0.088908,0.131219,2.812399,0.244001,1.290086
4.735128,0.395759,0.088959,0.131160,2.814992,0.236256,1.294070
4.738487,0.395901,0.089010,0.131062,2.814342,0.233467,1.298251
4.742151,0.395951,0.089067,0.130976,2.812581,0.235086,1.298760
4.744910,0.395869,0.089262,0.130908,2.817288,0.225833,1.296656
4.748714,0.395789,0.089523,0.130894,2.825802,0.214412,1.293826
4.751940,0.395748,0.089814,0.130841,2.826867,0.212429,1.295695
4.754868,0.395750,0.090114,0.130830,2.832997,0.203214,1.295318
4.758510,0.395706,0.090444,0.130806,2.839031,0.194588,1.296680
4.762013,0.395811,0.090667,0.130735,2.842839,0.190004,1.296893
4.765046,0.395903,0.090812,0.130640,2.842460,0.187886,1.300155
4.768590,0.395966,0.090892,0.130551,2.844747,0.185246,1.300748
4.771750,0.395966,0.090889,0.130408,2.837714,0.192787,1.300952
4.774941,0.396075,0.090783,0.130273,2.839994,0.192453,1.297492
4.778364,0.396130,0.090677,0.130119,2.836012,0.195814,1.302198
4.781851,0.396232,0.090558,0.129980,2.834176,0.199170,1.303471
4.785210,0.396273,0.090622,0.129990,2.834747,0.195895,1.305414
4.788601,0.396250,0.090762,0.130044,2.847620,0.180999,1.302157
4.791840,0.396161,0.090965,0.130104,2.852507,0.169623,1.301790
4.795201,0.396142,0.090826,0.130074,2.846978,0.167744,1.309788
4.798651,0.396331,0.090565,0.130032,2.844055,0.170047,1.305939
4.801737,0.396558,0.090129,0.129887,2.835954,0.177843,1.309928
4.805479,0.396912,0.089736,0.129593,2.822275,0.189221,1.323909
4.808246,0.397274,0.089381,0.129318,2.810458,0.204388,1.331936
4.812245,0.397594,0.089297,0.129154,2.812374,0.208923,1.330653
4.815127,0.397812,0.089316,0.129065,2.809896,0.205650,1.347954
4.818699,0.398039,0.089305,0.128916,2.809078,0.206568,1.358960
4.822261,0.398141,0.089177,0.128919,2.809903,0.206616,1.362823
4.825083,0.398247,0.089046,0.128848,2.807739,0.205583,1.368971
4.828500,0.398303,0.088870,0.128842,2.809748,0.204002,1.373778
4.831923,0.398169,0.088654,0.128825,2.809238,0.205959,1.370666
4.834903,0.398072,0.088446,0.128879,2.812646,0.196402,1.364674
4.838583,0.398028,0.088249,0.128930,2.812983,0.192637,1.364245
4.841755,0.397987,0.087999,0.128989,2.813304,0.189072,1.365469
4.845752,0.397946,0.087817,0.129069,2.812212,0.184306,1.365891
4.848654,0.397815,0.087740,0.129054,2.817510,0.179545,1.360171
4.852051,0.397639,0.087710,0.129039,2.820064,0.182386,1.356014
4.855079,0.397655,0.087781,0.128856,2.823294,0.180492,1.356849
4.858797,0.397730,0.087886,0.128636,-2.825100,-0.176916,-1.359249
4.875634,0.397820,0.088009,0.128346,-2.821544,-0.172239,-1.360185
4.887434,0.397997,0.087882,0.128061,-2.816054,-0.171720,-1.371749
4.891659,0.398158,0.087701,0.127756,-2.812498,-0.170060,-1.382593
4.900800,0.398146,0.087438,0.127604,2.813658,0.169770,1.386403
4.903936,0.398119,0.087208,0.127502,2.806285,0.169987,1.386644
4.906979,0.398124,0.086899,0.127361,2.803841,0.170505,1.387381
4.913978,0.398196,0.087005,0.127339,2.801934,0.169614,1.387109
4.916544,0.398332,0.087256,0.127462,2.805650,0.164878,1.393019
4.925506,0.398461,0.087531,0.127602,2.809040,0.160718,1.387490
4.926783,0.398516,0.087719,0.127696,2.814269,0.158116,1.381725
4.960018,0.398437,0.087907,0.127724,2.816447,0.158396,1.366701
4.964023,0.398291,0.087802,0.127649,2.822460,0.157537,1.352514
4.970845,0.398318,0.087859,0.127744,2.822794,0.158856,1.337213
4.972517,0.398553,0.087903,0.127874,2.818620,0.165016,1.337802
4.982509,0.398807,0.088037,0.128050,2.813139,0.170899,1.337487
4.996727,0.399166,0.088237,0.128217,2.814189,0.167160,1.341319
5.006546,0.399534,0.088513,0.128421,2.810126,0.173261,1.342161
5.010557,0.399757,0.088686,0.128485,2.804536,0.182916,1.344756
5.013332,0.399755,0.088884,0.128546,2.806486,0.185047,1.335563
5.017411,0.399749,0.089032,0.128575,2.810282,0.187794,1.322883
5.020339,0.399708,0.089207,0.128509,2.805133,0.200820,1.318426
5.024006,0.399680,0.089310,0.128396,2.808502,0.202677,1.310349
5.027592,0.399639,0.089399,0.128335,2.813193,0.204481,1.295367
5.030722,0.399682,0.089466,0.128300,2.810730,0.211060,1.293018
5.033895,0.399772,0.089560,0.128264,2.811907,0.214467,1.289604
5.037231,0.399904,0.089580,0.128263,2.814148,0.216861,1.281286
5.040586,0.400145,0.089624,0.128319,2.811320,0.220794,1.283247
5.044165,0.400592,0.089655,0.128368,2.807942,0.223534,1.291479
5.047518,0.400988,0.089751,0.128411,2.809061,0.221088,1.296025
5.050670,0.401267,0.089859,0.128451,2.809046,0.220920,1.299938
5.053478,0.401542,0.089971,0.128492,2.809410,0.220050,1.302418
5.056731,0.401675,0.090048,0.128510,2.811090,0.219071,1.303085
5.059841,0.401689,0.090082,0.128631,2.813004,0.218991,1.298567
5.063581,0.402004,0.089624,0.129433,2.804132,0.211076,1.305848
5.066668,0.402479,0.089093,0.130285,2.794086,0.203761,1.315503
5.070111,0.402876,0.088667,0.131134,2.781268,0.198205,1.334101
5.073412,0.403073,0.088561,0.131384,2.779005,0.200440,1.332501
5.077110,0.403204,0.088579,0.131533,2.779297,0.201252,1.329339
5.080134,0.403093,0.089047,0.131030,2.788902,0.210086,1.321050
5.083911,0.402920,0.089536,0.130497,2.798343,0.217452,1.308984
5.087252,0.402829,0.089915,0.129965,2.809126,0.223130,1.288400
5.090170,0.402983,0.089972,0.129985,2.810716,0.223054,1.289189
5.093524,0.403132,0.090015,0.130006,2.812065,0.222696,1.286181
5.096637,0.403197,0.090068,0.129948,2.815973,0.225049,1.273627
5.100472,0.403233,0.090132,0.129878,2.818323,0.227826,1.269142
5.103585,0.403309,0.090220,0.129834,2.820554,0.231431,1.264523
5.106949,0.403441,0.090327,0.129856,2.820670,0.233763,1.261574
5.110506,0.403586,0.090335,0.129973,2.821031,0.237829,1.260105
5.113058,0.403787,0.090364,0.130030,2.815354,0.242485,1.255490
5.117172,0.404029,0.090461,0.130030,2.813981,0.247166,1.254732
5.119752,0.404232,0.090536,0.130000,2.812070,0.251763,1.257769
5.123897,0.404409,0.090585,0.129949,2.813612,0.255169,1.251445
5.126900,0.404598,0.090810,0.129782,2.815105,0.254778,1.252515
5.130019,0.404776,0.090990,0.129711,2.820219,0.252766,1.260216
5.133643,0.404960,0.091073,0.129710,2.819359,0.252744,1.262237
5.137125,0.405147,0.091125,0.129709,2.820113,0.252261,1.260520
5.140303,0.405272,0.091193,0.129691,2.818564,0.252333,1.262059
5.144525,0.405364,0.091067,0.129736,2.816162,0.256403,1.259949
5.147364,0.405458,0.090984,0.129772,2.813697,0.259418,1.255684
5.150522,0.405504,0.090929,0.129801,2.812317,0.262631,1.252228
5.153623,0.405553,0.091102,0.129903,2.815988,0.260177,1.249041
5.157053,0.405621,0.091313,0.129965,2.820362,0.256601,1.248306
5.160484,0.405693,0.091593,0.129975,2.825042,0.252777,1.247492
5.163863,0.405766,0.091935,0.130046,2.827795,0.252288,1.245208
5.166731,0.405840,0.092161,0.130045,2.832936,0.248967,1.245704
5.170188,0.405907,0.092191,0.129968,2.831128,0.251890,1.244314
5.173444,0.405939,0.092148,0.129910,2.831404,0.255595,1.240950
5.177054,0.405953,0.092109,0.129849,2.830297,0.256535,1.236507
5.180647,0.405976,0.092229,0.129839,2.835448,0.255593,1.234626
5.185703,0.406099,0.092550,0.129977,2.834241,0.258523,1.231874
5.204715,0.406270,0.092883,0.130193,2.835143,0.261405,1.230413
5.216146,0.406388,0.093303,0.130477,2.832846,0.265534,1.233360
5.220968,0.406595,0.093709,0.130819,2.833602,0.270275,1.232897
5.226047,0.406904,0.093878,0.131201,2.829770,0.272717,1.241465
5.235019,0.407151,0.094021,0.131556,2.827523,0.278015,1.244633
5.245296,0.407349,0.094153,0.131832,2.827086,0.281183,1.249496
5.248604,0.407704,0.094688,0.132173,2.834254,0.279837,1.254078
5.266756,0.407918,0.095251,0.132442,2.840188,0.280921,1.259198
5.277146,0.407987,0.095784,0.132580,2.846414,0.282814,1.255600
5.281996,0.408013,0.096242,0.132668,2.856381,0.279034,1.254622
5.283617,0.407922,0.096441,0.132982,2.858292,0.280693,1.248405
5.287338,0.407760,0.096126,0.133236,2.852765,0.285663,1.241879
5.292298,0.407669,0.095755,0.133591,2.846625,0.289090,1.238143
5.297011,0.407781,0.095263,0.134150,2.833708,0.298095,1.232648
5.306958,0.407843,0.094705,0.134817,2.827340,0.295203,1.229599
5.317777,0.408020,0.094402,0.135265,2.826006,0.290716,1.231045
5.326797,0.408217,0.094127,0.135716,2.825718,0.284565,1.231716
5.330436,0.408450,0.093897,0.136170,2.825404,0.276752,1.234359
5.333872,0.408490,0.093795,0.136467,2.833381,0.262912,1.237032
5.337443,0.408618,0.093750,0.136707,2.833035,0.261574,1.238683
5.340637,0.408782,0.093676,0.137013,2.833732,0.257884,1.241092
5.343763,0.408911,0.093612,0.137307,2.834829,0.256699,1.241526
5.346919,0.409013,0.093511,0.137579,2.833782,0.257917,1.240999
5.350647,0.409383,0.093484,0.138050,2.831148,0.258813,1.248507
5.353855,0.409747,0.093471,0.138505,2.828940,0.259437,1.254828
5.357246,0.410069,0.093476,0.138901,2.826783,0.260266,1.261487
5.360521,0.410205,0.093301,0.139097,2.823575,0.263438,1.261894
5.363950,0.410295,0.093136,0.139284,2.822235,0.267120,1.260528
5.367296,0.410286,0.092756,0.139334,2.820303,0.269123,1.258947
5.370639,0.410233,0.092259,0.139291,2.816708,0.273581,1.251664
5.374424,0.410149,0.091750,0.139298,2.814219,0.277512,1.241844
5.376953,0.410253,0.091472,0.139481,2.813543,0.276933,1.239176
5.380867,0.410351,0.091185,0.139682,2.810694,0.277975,1.238093
5.384151,0.410307,0.090999,0.139802,2.810970,0.280177,1.229113
5.387553,0.410268,0.090931,0.140009,2.812912,0.280506,1.225826
5.390171,0.410341,0.090810,0.140299,2.812807,0.280416,1.225656
5.394203,0.410392,0.090635,0.140639,2.810594,0.283631,1.224881
5.397464,0.410492,0.090467,0.140954,2.810245,0.284003,1.224483
5.400862,0.410537,0.090269,0.141292,2.807858,0.287274,1.224390
5.404188,0.410571,0.090014,0.141628,2.805403,0.289748,1.223547
5.407458,0.410537,0.089803,0.141887,2.804145,0.292043,1.220970
5.410836,0.410526,0.089566,0.142112,2.805514,0.288691,1.221177
5.413968,0.410532,0.089252,0.142430,2.804258,0.289412,1.219072
5.416808,0.410550,0.088917,0.142767,2.802724,0.289038,1.218190
5.420445,0.410583,0.088580,0.143138,2.800490,0.290161,1.218661
5.424129,0.410634,0.088249,0.143477,2.799173,0.290780,1.218269
5.427052,0.410659,0.087923,0.143812,2.796047,0.293793,1.216397
5.430073,0.410728,0.087568,0.144114,2.795751,0.289246,1.216757
5.433958,0.410785,0.087248,0.144415,2.795713,0.286522,1.218061
5.437243,0.410917,0.086963,0.144718,2.796007,0.281973,1.219824
5.440617,0.411011,0.086716,0.145060,2.797177,0.278120,1.224072
5.444132,0.411164,0.086486,0.145422,2.799131,0.273260,1.228245
5.447438,0.411224,0.086336,0.145767,2.801624,0.268642,1.232447
5.450815,0.411233,0.085646,0.146184,2.796785,0.269668,1.233075
5.454289,0.411116,0.084780,0.146692,2.793892,0.274011,1.230490
5.457503,0.411044,0.083748,0.147086,2.785109,0.280717,1.227006
5.460746,0.410927,0.082642,0.147528,2.773923,0.291361,1.222789
5.464266,0.410861,0.081545,0.147903,2.765240,0.302192,1.217472
5.467544,0.410877,0.081060,0.148135,2.763593,0.305958,1.214893
5.470927,0.411118,0.081332,0.148213,2.770816,0.295015,1.222667
5.473881,0.411389,0.081739,0.148350,2.783361,0.281210,1.229332
5.477745,0.411559,0.081964,0.148536,2.791676,0.268800,1.234229
5.481085,0.411745,0.082158,0.148816,2.796248,0.258927,1.240995
5.484318,0.412044,0.082263,0.149194,2.797756,0.251442,1.249684
5.491489,0.412144,0.081747,0.149642,2.794393,0.249784,1.249088
5.495762,0.412163,0.081186,0.150207,2.791474,0.246139,1.248455
5.500032,0.412541,0.080200,0.150995,2.784324,0.249441,1.254481
5.513333,0.412915,0.079183,0.151870,2.772872,0.254941,1.254040
5.528161,0.413248,0.078024,0.152736,2.768094,0.257678,1.258907
5.531485,0.413646,0.076935,0.153543,2.759782,0.263597,1.264123
5.533405,0.413995,0.074988,0.154808,2.742777,0.272546,1.265432
5.544919,0.414129,0.073742,0.155717,2.733598,0.273755,1.260287
5.561057,0.414181,0.072404,0.156415,2.741631,0.266680,1.267808
5.565607,0.414154,0.070541,0.157454,2.735903,0.261375,1.260482
5.585008,0.414101,0.068627,0.158608,2.730184,0.262828,1.253233
5.595345,0.414122,0.067565,0.159255,2.732443,0.261697,1.254751
5.599512,0.414225,0.066668,0.160006,2.736306,0.255648,1.253110
5.602075,0.414597,0.065810,0.160810,2.731089,0.255005,1.251625
5.609761,0.415000,0.065722,0.161093,2.735284,0.251022,1.261977
5.620111,0.415326,0.065476,0.161293,2.744940,0.235393,1.264565
5.629381,0.415585,0.065235,0.161556,2.755654,0.223645,1.263209
5.632620,0.416115,0.064609,0.161979,2.760932,0.211991,1.277206
5.638381,0.416402,0.064101,0.162423,2.759033,0.208071,1.283327
5.642685,0.416644,0.063465,0.162904,2.759830,0.204164,1.283498
5.646205,0.416764,0.062780,0.163153,2.756406,0.206009,1.283945
5.649459,0.416953,0.062121,0.163194,2.750074,0.206760,1.285202
5.652908,0.416748,0.061668,0.162957,2.749360,0.209690,1.276437
5.656593,0.416549,0.061237,0.162653,2.754641,0.204167,1.266854
5.660474,0.416329,0.060812,0.162427,2.759533,0.202719,1.257746
5.662629,0.416284,0.060337,0.162434,2.758732,0.203958,1.254107
5.666705,0.416279,0.059861,0.162535,2.757941,0.208630,1.248015
5.669766,0.416315,0.059397,0.162651,2.758858,0.210486,1.244094
5.672831,0.416417,0.058789,0.162737,2.756192,0.214747,1.241454
5.676575,0.416558,0.058197,0.162811,2.751673,0.216769,1.241065
5.680719,0.416738,0.057890,0.162900,2.752020,0.219137,1.241879
5.683736,0.417052,0.057561,0.163023,2.750254,0.219482,1.248284
5.686202,0.417348,0.057143,0.163182,2.744664,0.221144,1.253064
5.690790,0.417477,0.056568,0.163563,2.738384,0.225991,1.253794
5.693361,0.417616,0.056005,0.163917,2.733751,0.229539,1.252600
5.696995,0.417739,0.055475,0.164203,2.725551,0.233637,1.253013
5.700297,0.417793,0.055102,0.164391,2.725307,0.232326,1.249507
5.703824,0.417896,0.054826,0.164559,2.725311,0.234928,1.248256
5.706993,0.418087,0.054856,0.164559,2.727421,0.233704,1.251013
5.709703,0.418173,0.054879,0.164516,2.730441,0.232108,1.252132
5.713621,0.418242,0.054887,0.164509,2.735141,0.229218,1.252672
5.717000,0.418170,0.054752,0.164585,2.739923,0.221845,1.252929
5.720283,0.418253,0.054517,0.164791,2.738029,0.222701,1.255092
5.723698,0.418358,0.054234,0.165015,2.736606,0.223819,1.256861
5.727040,0.418544,0.053946,0.165255,2.733151,0.226028,1.259837
5.730368,0.418686,0.053639,0.165439,2.731494,0.227155,1.262440
5.733956,0.418724,0.053209,0.165467,2.725989,0.233707,1.260690
5.736882,0.418496,0.052832,0.165444,2.730587,0.233390,1.252820
5.740446,0.418343,0.052437,0.165527,2.730014,0.233524,1.249983
5.743754,0.418207,0.052107,0.165650,2.734936,0.231053,1.247890
5.746905,0.418136,0.051869,0.165831,2.735230,0.234110,1.241901
5.750479,0.418209,0.051673,0.165990,2.738492,0.229202,1.248161
5.753474,0.418357,0.051717,0.166109,2.738413,0.225767,1.250947
5.756892,0.418419,0.051837,0.166084,2.749490,0.213768,1.249987
5.759832,0.418578,0.051922,0.166114,2.754692,0.202458,1.252517
5.763707,0.418706,0.051905,0.166157,2.760543,0.186678,1.261698
5.766763,0.418723,0.051614,0.166247,2.760480,0.186302,1.255297
5.770334,0.418710,0.051129,0.166271,2.761301,0.183450,1.256658
5.773637,0.418822,0.050581,0.166320,2.758987,0.182011,1.259443
5.776869,0.418759,0.049859,0.166480,2.752976,0.190834,1.255551
5.780458,0.418764,0.049128,0.166685,2.747995,0.198893,1.252261
5.783948,0.418844,0.048669,0.166986,2.744110,0.203575,1.254514
5.787109,0.418892,0.048092,0.167290,2.739954,0.206323,1.253618
5.789828,0.418794,0.047465,0.167596,2.732324,0.216036,1.250721
5.793691,0.418788,0.047023,0.167788,2.727653,0.220904,1.252497
5.796611,0.418814,0.046562,0.167917,2.728019,0.219063,1.251100
5.799607,0.418894,0.046183,0.168030,2.726379,0.217303,1.255200
5.803651,0.418991,0.045861,0.168133,2.727586,0.214120,1.257623
5.807018,0.419065,0.045673,0.168176,2.728248,0.213762,1.256733
5.810028,0.419108,0.045539,0.168109,2.731907,0.208905,1.259112
5.813881,0.419076,0.045474,0.168018,2.733275,0.211573,1.261047
5.817163,0.419127,0.045419,0.167885,2.736308,0.209750,1.258122
5.820308,0.419169,0.045319,0.167745,2.739803,0.208849,1.258515
5.823538,0.419191,0.045169,0.167599,2.746313,0.203869,1.257648
5.826934,0.419202,0.044967,0.167537,2.750548,0.198971,1.253777
5.830533,0.419229,0.044737,0.167470,2.752654,0.193541,1.252512
5.833633,0.419140,0.044542,0.167441,2.755480,0.191807,1.252713
5.837212,0.419076,0.044431,0.167472,2.759417,0.180678,1.251197
5.840620,0.419067,0.044341,0.167565,2.761262,0.170052,1.254680
5.845539,0.419202,0.044121,0.167647,2.759069,0.173672,1.254204
5.847977,0.419469,0.043890,0.167779,2.765149,0.165252,1.262261
5.862806,0.419883,0.043623,0.167956,2.766968,0.161911,1.268035
5.876553,0.420606,0.042641,0.168022,2.769027,0.163968,1.271395
5.879745,0.420761,0.041970,0.167946,2.768142,0.171854,1.270120
5.888594,0.420690,0.041137,0.167927,2.772214,0.161788,1.270200
5.898931,0.420414,0.040117,0.168085,2.768789,0.161621,1.263067
5.921193,0.420166,0.039278,0.168307,2.773182,0.153256,1.258578
5.931779,0.419852,0.038079,0.168344,2.766901,0.155402,1.251625
5.936125,0.419595,0.037116,0.168399,2.768821,0.147903,1.246676
5.938584,0.419454,0.036233,0.168337,2.765008,0.148387,1.247247
5.942759,0.419424,0.035534,0.168128,2.762838,0.150915,1.241746
5.945623,0.419317,0.034847,0.167902,2.761029,0.152946,1.241690
5.949795,0.419406,0.034077,0.167824,2.760538,0.150635,1.238585
5.958348,0.419480,0.033337,0.167945,2.748808,0.163687,1.235752
5.969307,0.419471,0.032505,0.168045,2.749231,0.162438,1.235846
5.971576,0.419299,0.031635,0.167993,2.746135,0.164799,1.232009
5.981958,0.419000,0.030451,0.168042,2.736969,0.175709,1.216403
5.987249,0.418594,0.029715,0.168161,2.733044,0.184163,1.209629
5.992590,0.418309,0.029004,0.168184,2.734485,0.178027,1.205814
5.995116,0.418018,0.028361,0.168289,2.725181,0.175818,1.201714
5.998790,0.417886,0.027785,0.168487,2.721416,0.180721,1.197550
6.002295,0.417964,0.027565,0.168626,2.725805,0.170789,1.204726
6.005759,0.418181,0.027516,0.168680,2.724182,0.168323,1.208970
6.008693,0.418229,0.027310,0.168819,2.724645,0.167120,1.214494
6.011807,0.418278,0.027044,0.168944,2.726376,0.174733,1.209711
6.015378,0.418279,0.026791,0.169054,2.724215,0.174189,1.212065
6.019102,0.418361,0.026719,0.168904,2.719780,0.178922,1.211390
6.021909,0.418329,0.026573,0.168837,2.724532,0.175245,1.213915
6.025213,0.418321,0.026573,0.168758,2.724004,0.156197,1.224698
6.028554,0.418344,0.026758,0.168693,2.729611,0.152434,1.224860
6.032093,0.418365,0.026917,0.168617,2.739925,0.142549,1.227222
6.036328,0.418597,0.026587,0.169382,2.743084,0.121375,1.237674
6.038730,0.418748,0.025800,0.170019,2.735838,0.113284,1.244815
6.041570,0.418949,0.025060,0.170542,2.734379,0.122448,1.237923
6.045529,0.419085,0.024511,0.171054,2.733485,0.100386,1.250798
6.048184,0.419227,0.024090,0.171360,2.728238,0.101862,1.257253
6.052490,0.418972,0.023761,0.170951,2.723763,0.116634,1.248920
6.055868,0.418653,0.023706,0.170644,2.730505,0.126025,1.235290
6.059064,0.418290,0.023522,0.170359,2.731814,0.133577,1.225614
6.065696,0.418014,0.022475,0.169849,2.729015,0.148198,1.215887
6.068949,0.418050,0.022198,0.169743,2.729740,0.142628,1.213100
6.075379,0.418429,0.022146,0.169574,2.731242,0.146555,1.206539
6.078987,0.418474,0.022119,0.169425,2.735560,0.133952,1.211310
6.082554,0.418526,0.022318,0.169478,2.738464,0.128732,1.213842
6.085189,0.418647,0.022143,0.169526,2.746003,0.123234,1.219062
6.088416,0.418758,0.021941,0.169581,2.742306,0.126725,1.219515
6.091754,0.418871,0.021552,0.169537,2.740662,0.122550,1.225826
6.095701,0.419016,0.021408,0.169579,2.726596,0.134823,1.231699
6.098814,0.419246,0.020798,0.169900,2.724733,0.135301,1.234855
6.101753,0.419287,0.020379,0.170290,2.711389,0.150430,1.230285
6.105106,0.419333,0.019970,0.170666,2.707078,0.158384,1.227453
6.108553,0.419229,0.019631,0.171006,2.703106,0.163971,1.221342
6.112293,0.419133,0.019315,0.171360,2.709306,0.158687,1.216273
6.115243,0.418990,0.019158,0.171400,2.707838,0.162901,1.214469
6.118363,0.418901,0.018974,0.171366,2.706828,0.163671,1.215141
6.122540,0.418912,0.018761,0.171385,2.706537,0.161579,1.210027
6.125115,0.418887,0.018364,0.171300,2.706087,0.162316,1.215859
6.128424,0.418884,0.017897,0.171238,2.702238,0.167081,1.211899
6.131753,0.418792,0.017483,0.171085,2.698678,0.168957,1.208720
6.135416,0.418734,0.017333,0.171055,2.703043,0.166149,1.206815
6.138433,0.418644,0.017305,0.170802,2.707429,0.162182,1.210472
6.141822,0.418745,0.017414,0.170696,2.711710,0.157625,1.208547
6.145688,0.418802,0.017515,0.170568,2.708357,0.146517,1.221079
6.148948,0.418873,0.017585,0.170503,2.713360,0.142225,1.223008
6.152388,0.418928,0.017532,0.170381,2.716328,0.138313,1.221997
6.155771,0.418996,0.017374,0.170503,2.714931,0.141594,1.222200
6.158411,0.419081,0.017180,0.170693,2.718481,0.135095,1.225643
6.162425,0.419168,0.017049,0.170869,2.725782,0.141088,1.218962
6.165774,0.419154,0.016680,0.171098,2.724220,0.144544,1.216669
6.171829,0.419156,0.016236,0.171380,2.723951,0.150003,1.213241
6.188401,0.419027,0.015659,0.171728,2.726922,0.147647,1.208599
6.191268,0.418867,0.015070,0.172018,2.722829,0.156896,1.202297
6.199651,0.418756,0.014502,0.172300,2.721778,0.161268,1.197423
6.206006,0.418749,0.014153,0.172504,2.721835,0.162086,1.198642
6.208743,0.418759,0.013881,0.172627,2.720219,0.159719,1.200274
6.212873,0.418796,0.013695,0.172650,2.717126,0.162412,1.202204
6.219008,0.418909,0.013540,0.172735,2.717009,0.163047,1.203400
6.222081,0.419040,0.013245,0.172971,2.717735,0.161020,1.207483
6.232594,0.419260,0.012897,0.173292,2.718772,0.152427,1.212089
6.253515,0.419430,0.012517,0.173672,2.719956,0.146918,1.216518
6.265252,0.419577,0.012156,0.173977,2.722505,0.140213,1.218212
6.269756,0.419641,0.011735,0.174222,2.723457,0.138350,1.217963
6.272558,0.419672,0.011387,0.174426,2.724248,0.138539,1.215617
6.281425,0.419605,0.011119,0.174510,2.724411,0.144734,1.212204
6.292663,0.419642,0.010737,0.174740,2.722370,0.149767,1.209545
6.293859,0.419717,0.010355,0.175031,2.721002,0.153930,1.211849
6.302565,0.419879,0.010096,0.175356,2.719753,0.153081,1.215840
6.305367,0.420104,0.009898,0.175571,2.719926,0.150921,1.223806
6.309077,0.420359,0.009848,0.175768,2.720730,0.149114,1.229277
6.316117,0.420476,0.009860,0.175715,2.732139,0.134535,1.235742
6.319301,0.420599,0.009897,0.175628,2.735358,0.131373,1.237535
6.322744,0.420682,0.009852,0.175548,2.738737,0.129247,1.239397
6.325906,0.420640,0.009613,0.175557,2.739163,0.129685,1.234331
6.329410,0.420569,0.009203,0.175676,2.734979,0.128283,1.233147
6.332748,0.420548,0.008818,0.175894,2.725815,0.138753,1.232037
6.336188,0.420533,0.008451,0.176122,2.723246,0.139629,1.231206
6.339225,0.420553,0.008095,0.176389,2.719614,0.138005,1.233278
6.342749,0.420612,0.007925,0.176602,2.716987,0.135437,1.237830
6.346102,0.420647,0.007718,0.176835,2.719402,0.134074,1.238832
6.349763,0.420717,0.007550,0.177075,2.718810,0.132622,1.240624
6.352855,0.420783,0.007396,0.177323,2.718269,0.129286,1.246783
6.356164,0.420663,0.007077,0.177493,2.719505,0.128957,1.243128
6.359746,0.420535,0.006691,0.177635,2.721830,0.125952,1.236485
6.362741,0.420422,0.006309,0.177683,2.721766,0.123194,1.235431
6.365634,0.420219,0.005822,0.177781,2.721221,0.121635,1.230587
6.369405,0.419954,0.005254,0.177888,2.719968,0.118414,1.222308
6.373894,0.419819,0.004895,0.177993,2.718428,0.114140,1.219920
6.375821,0.419658,0.004521,0.178170,2.716907,0.112876,1.222627
6.379536,0.419553,0.004192,0.178331,2.717295,0.111400,1.219038
6.382655,0.419472,0.003897,0.178441,2.717416,0.108789,1.217230
6.386025,0.419409,0.003554,0.178575,2.713897,0.120996,1.209930
6.389376,0.419306,0.003097,0.178746,2.716106,0.120466,1.205558
6.392451,0.419147,0.002740,0.178783,2.716333,0.119891,1.200508
6.395966,0.418540,0.002105,0.178521,2.719208,0.114018,1.189144
6.399524,0.417968,0.001561,0.178228,2.725180,0.108360,1.174504
6.402025,0.417939,0.001338,0.178408,2.729829,0.093038,1.181811
6.406001,0.417979,0.001307,0.178620,2.731987,0.085439,1.189724
6.409607,0.418110,0.001252,0.178930,2.732744,0.084442,1.192191
6.416260,0.419089,0.001578,0.180179,2.736682,0.080591,1.201202
6.419017,0.419132,0.001509,0.180311,2.730851,0.084322,1.218126
6.422280,0.419139,0.001324,0.180368,2.731481,0.085368,1.218424
6.425935,0.418967,0.000695,0.180568,2.724669,0.092824,1.212322
6.429401,0.418817,0.000133,0.180755,2.721096,0.092468,1.208165
6.432269,0.418684,-0.000389,0.180939,2.711378,0.102430,1.207698
6.435596,0.418455,-0.000932,0.181191,2.710894,0.102112,1.200889
6.438930,0.418222,-0.001541,0.181402,2.707712,0.101397,1.195271
6.442816,0.418202,-0.001706,0.181457,2.708992,0.100251,1.195128
6.446254,0.418185,-0.001866,0.181502,2.710456,0.099542,1.198220
6.449443,0.418097,-0.002058,0.181521,2.713580,0.090359,1.199186
6.452803,0.417968,-0.002394,0.181505,2.711293,0.089406,1.198996
6.456174,0.417833,-0.002714,0.181523,2.714177,0.082889,1.200104
6.459470,0.417706,-0.003068,0.181590,2.712919,0.079799,1.203746
6.462435,0.417572,-0.003458,0.181649,2.711024,0.076465,1.205886
6.466160,0.417520,-0.003808,0.181741,2.707984,0.079594,1.204266
6.469534,0.417508,-0.004090,0.181876,2.708789,0.076385,1.211171
6.472865,0.417479,-0.004398,0.182083,2.705657,0.079033,1.213812
6.476306,0.417431,-0.004667,0.182236,2.705818,0.082568,1.207714
6.479595,0.417471,-0.004887,0.182344,2.706105,0.082700,1.204614
6.483043,0.417541,-0.005130,0.182455,2.705781,0.082659,1.209270
6.485806,0.417684,-0.005316,0.182573,2.704262,0.086327,1.208413
6.489096,0.417844,-0.005435,0.182664,2.704399,0.087654,1.211523
6.493001,0.417935,-0.005668,0.182856,2.704892,0.084741,1.217979
6.495944,0.417877,-0.006060,0.183275,2.705282,0.093019,1.213621
6.499600,0.417773,-0.006444,0.183680,2.703175,0.097379,1.211574
6.505519,0.417546,-0.006895,0.183920,2.709393,0.088387,1.210459
6.507571,0.417318,-0.007449,0.184059,2.710919,0.077098,1.218040
6.525248,0.417504,-0.008442,0.184244,2.708505,0.053669,1.234609
6.535516,0.417698,-0.008925,0.184332,2.715783,0.031119,1.249927
6.538788,0.417819,-0.009141,0.184217,2.724006,0.014682,1.258555
6.546068,0.417608,-0.010172,0.184154,2.715494,0.022931,1.254640
6.556139,0.417158,-0.010904,0.184030,2.712917,0.035271,1.243389
6.567793,0.416784,-0.011657,0.183928,2.722543,0.046594,1.223199
6.570098,0.416595,-0.012621,0.184055,2.723312,0.049766,1.212753
6.591783,0.416399,-0.013656,0.184207,2.727206,0.046321,1.205510
6.601676,0.416486,-0.013917,0.184127,2.740427,0.031750,1.210905
6.605991,0.416550,-0.014297,0.184031,2.752012,0.011109,1.213122
6.608395,0.416481,-0.014843,0.183937,2.753484,0.005837,1.214985
6.611369,0.416324,-0.015435,0.184062,2.751627,0.002863,1.214526
6.620157,0.416290,-0.016001,0.184190,2.741824,0.007820,1.215294
6.621742,0.416170,-0.016781,0.184415,2.737307,0.005972,1.217303
6.632142,0.415982,-0.017711,0.184763,2.728514,0.014038,1.216317
6.633549,0.415810,-0.018496,0.185183,2.715505,0.033175,1.211459
6.641769,0.415680,-0.019201,0.185397,2.716908,0.025901,1.211878
6.645687,0.415461,-0.019781,0.185627,2.724242,0.015637,1.209479
6.648996,0.415292,-0.020204,0.185799,2.725348,0.013474,1.207265
6.652008,0.415091,-0.020453,0.185996,2.729793,0.007322,1.205982
6.655313,0.414923,-0.020701,0.186078,2.742181,-0.014544,1.208677
6.658628,0.414789,-0.020901,0.186150,2.746282,-0.011339,1.209969
6.662308,0.414683,-0.021109,0.186230,2.747619,-0.009647,1.210473
6.668909,0.414439,-0.021744,0.186423,2.750952,-0.010366,1.206838
6.672195,0.414385,-0.021915,0.186486,2.756141,-0.012356,1.207230
6.675582,0.414366,-0.022137,0.186649,2.760974,-0.014756,1.212052
6.678838,0.414315,-0.022535,0.186799,2.758235,-0.017497,1.211899
6.682218,0.414293,-0.022852,0.186819,2.753126,-0.016151,1.215105
6.685797,0.414370,-0.023278,0.186900,2.752347,-0.020180,1.213798
6.688905,0.414311,-0.023868,0.186881,2.743451,-0.016509,1.215055
6.692298,0.414022,-0.024840,0.186949,2.728885,0.000330,1.204426
6.695766,0.413660,-0.025754,0.186978,2.723790,0.009177,1.195701
6.700212,0.413340,-0.026526,0.187099,2.723770,0.017693,1.182540
6.702101,0.412935,-0.027203,0.187182,2.713287,0.030440,1.178977
6.705521,0.412695,-0.027775,0.187328,2.716136,0.031674,1.168845
6.709030,0.412692,-0.027840,0.187215,2.720248,0.024162,1.171087
6.712420,0.412928,-0.027823,0.187195,2.718360,0.019802,1.178487
6.715364,0.413298,-0.027821,0.187172,2.717777,0.011364,1.190404
6.719277,0.413704,-0.027848,0.187148,2.721416,0.002501,1.198776
6.722368,0.413997,-0.028156,0.187209,2.714419,0.002592,1.210353
6.725974,0.414215,-0.028626,0.187376,2.710226,0.000918,1.216550
6.729068,0.414170,-0.029034,0.187470,2.707891,0.001986,1.218199
6.732393,0.413943,-0.029500,0.187613,2.703339,0.006798,1.218024
6.735643,0.413685,-0.030027,0.187705,2.703598,0.006709,1.211657
6.738714,0.413421,-0.030369,0.187729,2.702510,0.007726,1.213124
6.742352,0.413070,-0.031041,0.187896,2.703486,0.011496,1.206692
6.745849,0.412693,-0.031700,0.188048,2.702936,0.013382,1.202006
6.748668,0.412514,-0.032126,0.188054,2.709299,0.006070,1.198060
6.751728,0.412343,-0.032449,0.188077,2.712930,0.002003,1.201906
6.755659,0.412157,-0.033062,0.188288,2.716307,0.002517,1.193659
6.759191,0.412012,-0.033436,0.188432,2.716260,0.002742,1.195704
6.762312,0.411983,-0.033841,0.188610,2.711559,0.004246,1.193684
6.765848,0.411848,-0.034351,0.188788,2.708519,0.006202,1.189337
6.768970,0.411764,-0.034833,0.188893,2.702990,0.003723,1.188172
6.771955,0.411780,-0.034941,0.188819,2.702937,-0.008440,1.191141
6.775489,0.411809,-0.035124,0.188638,2.696525,-0.029442,1.195831
6.779022,0.411799,-0.035341,0.188536,2.700732,-0.040367,1.199195
6.782650,0.411757,-0.035598,0.188505,2.697391,-0.044116,1.204071
6.785607,0.411707,-0.035948,0.188627,2.695267,-0.043942,1.203752
6.789250,0.411662,-0.036297,0.188751,2.692779,-0.042007,1.207151
6.792667,0.411666,-0.036441,0.188894,2.698071,-0.032131,1.207165
6.795791,0.411677,-0.036605,0.188966,2.697613,-0.031974,1.209238
6.799220,0.411663,-0.036834,0.189067,2.696585,-0.031946,1.211454
6.802060,0.411599,-0.037167,0.189113,2.693733,-0.029069,1.212871
6.805790,0.411536,-0.037590,0.189151,2.692277,-0.027631,1.207509
6.809029,0.411508,-0.037972,0.189189,2.690252,-0.028538,1.205341
6.812308,0.411521,-0.038227,0.189292,2.690757,-0.030521,1.207458
6.815658,0.411595,-0.038421,0.189364,2.695480,-0.036668,1.204166
6.818768,0.411637,-0.038460,0.189404,2.699038,-0.040266,1.206898
6.822625,0.411668,-0.038547,0.189538,2.699639,-0.041092,1.209172
6.825945,0.411704,-0.038716,0.189689,2.701645,-0.043207,1.209736
6.829153,0.411779,-0.038902,0.189789,2.699878,-0.040253,1.208752
6.832543,0.411965,-0.039037,0.189818,2.696762,-0.037330,1.216505
6.835827,0.412191,-0.039155,0.189856,2.697325,-0.037851,1.221097
6.840195,0.412284,-0.039209,0.190023,2.699775,-0.039058,1.225675
6.842713,0.412265,-0.039261,0.190198,2.701412,-0.037278,1.230676
6.857458,0.412198,-0.039418,0.190349,2.711024,-0.043724,1.235432
6.858963,0.411769,-0.039993,0.190407,2.713288,-0.042083,1.231127
6.869378,0.411335,-0.040612,0.190444,2.715887,-0.041410,1.224113
6.871591,0.411176,-0.041214,0.190354,2.717110,-0.042489,1.224046
6.874494,0.411095,-0.041871,0.190230,2.718255,-0.045821,1.221693
6.882149,0.411074,-0.042630,0.190095,2.711192,-0.042603,1.217850
6.884112,0.411322,-0.043154,0.190204,2.709667,-0.043777,1.220752
6.893071,0.411512,-0.043918,0.190351,2.704967,-0.042283,1.223876
6.895961,0.411566,-0.044621,0.190423,2.702260,-0.041121,1.222726
6.914697,0.411829,-0.045280,0.190695,2.708567,-0.048528,1.226343
6.915884,0.412079,-0.045829,0.191054,2.716278,-0.059432,1.225226
6.929204,0.412199,-0.046324,0.191292,2.722199,-0.066224,1.226717
6.932255,0.412306,-0.046879,0.191503,2.727841,-0.070945,1.220857
6.939415,0.412325,-0.047515,0.191668,2.732034,-0.076305,1.218414
6.942124,0.412110,-0.048108,0.191687,2.730348,-0.076780,1.208037
6.950498,0.411802,-0.049065,0.191386,2.720157,-0.066078,1.201894
6.952145,0.411567,-0.050033,0.191055,2.714527,-0.061253,1.194677
6.962443,0.411479,-0.050677,0.190754,2.710886,-0.061111,1.195717
6.964301,0.411306,-0.051640,0.190673,2.702943,-0.054414,1.191904
6.969838,0.410914,-0.053005,0.190714,2.689161,-0.034693,1.186022
6.976290,0.410580,-0.053969,0.191003,2.685351,-0.027778,1.179568
6.980176,0.410413,-0.054481,0.191277,2.681590,-0.024912,1.177680
6.983158,0.410241,-0.054993,0.191548,2.681355,-0.027086,1.179092
6.986747,0.410209,-0.055144,0.191673,2.683217,-0.029699,1.178784
6.989671,0.410306,-0.054990,0.191674,2.692008,-0.044075,1.183638
6.996326,0.410259,-0.055349,0.191879,2.694545,-0.051330,1.187496
6.999656,0.410065,-0.055816,0.192089,2.692006,-0.053630,1.190743
7.002972,0.409913,-0.056175,0.192268,2.692985,-0.054475,1.187013
7.006438,0.409871,-0.056394,0.192417,2.698242,-0.061331,1.188061
7.009337,0.409845,-0.056607,0.192532,2.700495,-0.066203,1.191107
7.016515,0.409880,-0.056730,0.192717,2.706199,-0.077883,1.194151
7.019856,0.409958,-0.056960,0.192855,2.712881,-0.085101,1.194728
7.023333,0.410027,-0.057211,0.193010,2.713907,-0.089037,1.198041
7.026814,0.410029,-0.057471,0.193183,2.713764,-0.092858,1.196798
7.029975,0.410011,-0.057725,0.193283,2.713906,-0.094559,1.198837
7.032938,0.409959,-0.057907,0.193324,2.715800,-0.095534,1.199799
7.036590,0.409766,-0.058120,0.193333,2.717965,-0.098518,1.194747
7.040104,0.409478,-0.058300,0.193289,2.720895,-0.095704,1.189116
7.043254,0.409255,-0.058441,0.193245,2.724327,-0.090786,1.186880
7.046890,0.409068,-0.058697,0.193222,2.716171,-0.111779,1.196154
7.050249,0.409154,-0.059235,0.193682,2.715621,-0.107080,1.194879
7.053278,0.409273,-0.059800,0.194053,2.705490,-0.121972,1.204345
7.056305,0.409498,-0.060377,0.194462,2.704484,-0.126044,1.200836
7.066624,0.409651,-0.061110,0.194762,2.702154,-0.130984,1.200585
7.069119,0.409474,-0.061211,0.194470,2.709334,-0.109073,1.184518
7.072943,0.409291,-0.061250,0.194275,2.700601,-0.101489,1.186861
7.080081,0.409067,-0.061828,0.194223,2.710568,-0.085524,1.183252
7.085933,0.409102,-0.062392,0.194591,2.709721,-0.084332,1.192683
7.089653,0.409183,-0.062594,0.194766,2.708637,-0.082846,1.200793
7.093189,0.409311,-0.062806,0.194921,2.702616,-0.077415,1.212493
7.096816,0.409398,-0.063011,0.195071,2.702477,-0.081889,1.221117
7.100156,0.409437,-0.063247,0.195183,2.701580,-0.081693,1.221478
7.102930,0.409417,-0.063476,0.195293,2.700564,-0.083488,1.223584
7.106345,0.409307,-0.063700,0.195365,2.702822,-0.087085,1.222892
7.110352,0.408997,-0.064075,0.195309,2.707749,-0.093392,1.210909
7.113752,0.408648,-0.064438,0.195188,2.715865,-0.100096,1.201039
7.116819,0.408325,-0.064814,0.195036,2.717172,-0.102572,1.195528
7.120082,0.408009,-0.065318,0.194897,2.715540,-0.102356,1.186999
7.123508,0.407783,-0.065805,0.194794,2.713429,-0.101772,1.182992
7.126496,0.407721,-0.065954,0.194821,2.716578,-0.107159,1.187523
7.130174,0.407588,-0.066258,0.194943,2.714680,-0.107521,1.186502
7.133656,0.407431,-0.066581,0.195048,2.713935,-0.110264,1.185801
7.136102,0.407387,-0.066683,0.195112,2.716160,-0.112755,1.187838
7.140989,0.407276,-0.066824,0.195164,2.716804,-0.115076,1.186285
7.178308,0.407266,-0.071636,0.195465,2.709823,-0.141873,1.221237
7.188105,0.407206,-0.071773,0.195402,2.706336,-0.138045,1.227968
7.198139,0.407128,-0.071905,0.195451,2.711557,-0.141576,1.224013
7.200369,0.407019,-0.071951,0.195426,2.719244,-0.150397,1.221421
7.219906,0.406986,-0.072070,0.195427,2.719791,-0.151140,1.224705
7.250896,0.404321,-0.081570,0.198131,2.651559,-0.079317,1.177931
7.327251,0.404042,-0.086925,0.198176,2.674526,-0.138948,1.198220
7.330521,0.405825,-0.086276,0.199326,2.668323,-0.120223,1.234529
7.498859,0.397969,-0.100973,0.200347,2.687094,-0.160266,1.159654
7.500628,0.397675,-0.101577,0.200533,2.686054,-0.162947,1.158238
7.521370,0.397498,-0.101940,0.200645,2.684715,-0.163775,1.158225
7.523509,0.397091,-0.102780,0.200881,2.676637,-0.148896,1.145345
7.539480,0.395916,-0.105924,0.201581,2.657305,-0.122715,1.134684
7.547554,0.395611,-0.107487,0.202080,2.643217,-0.134523,1.147146
7.558329,0.395444,-0.109166,0.202800,2.633241,-0.125529,1.145376
7.580124,0.395623,-0.112161,0.204542,2.617772,-0.111914,1.141026
7.670601,0.390265,-0.121115,0.204420,2.621796,-0.103625,1.120788
7.677108,0.388706,-0.122287,0.204444,2.629518,-0.129317,1.110601
7.709821,0.387906,-0.125199,0.206403,2.607099,-0.155234,1.141298
7.757094,0.385550,-0.130548,0.207104,2.610410,-0.169025,1.142535
7.768618,0.385242,-0.130093,0.207276,2.610410,-0.169025,1.142535
7.770981,0.385120,-0.129929,0.207343,2.610410,-0.169025,1.142535
7.887062,0.381497,-0.140949,0.208349,2.605610,-0.199563,1.129660
7.891034,0.381312,-0.141036,0.208218,2.609678,-0.198052,1.125264
7.893336,0.381171,-0.141219,0.208125,2.611434,-0.197338,1.123161
7.897190,0.381061,-0.141774,0.208039,2.608821,-0.189333,1.126275
7.906551,0.381015,-0.142421,0.208031,2.604787,-0.188327,1.132714
7.919049,0.380888,-0.143298,0.208194,2.634717,-0.218299,1.127286
7.942607,0.380792,-0.144410,0.208328,2.627930,-0.221828,1.140411
7.951184,0.380787,-0.145493,0.208489,2.622474,-0.226409,1.151645
7.958369,0.380460,-0.146621,0.208563,2.615866,-0.232275,1.151437
7.960937,0.380146,-0.147793,0.208554,2.614619,-0.238451,1.152919
7.969657,0.379899,-0.148657,0.208414,2.579301,-0.209649,1.164751
7.979754,0.379546,-0.149705,0.208423,2.577150,-0.206187,1.158298
7.982954,0.379044,-0.150946,0.208388,2.571930,-0.199246,1.151807
7.993444,0.378639,-0.151789,0.208389,2.575391,-0.194912,1.147364
7.999651,0.378396,-0.152282,0.208408,2.574674,-0.191848,1.144540
8.003306,0.378068,-0.153124,0.208464,2.569904,-0.186807,1.138968
8.026556,0.376780,-0.155851,0.208107,2.578357,-0.270208,1.160339
8.036606,0.376680,-0.156950,0.208189,2.572831,-0.268522,1.158937
8.039968,0.376650,-0.157762,0.208258,2.570039,-0.269046,1.158612
8.047266,0.376467,-0.159418,0.208328,2.567017,-0.277301,1.159423
8.049730,0.376358,-0.159705,0.208319,2.562491,-0.259134,1.154005
8.052919,0.376235,-0.159822,0.208289,2.560783,-0.261343,1.156273
8.056402,0.376056,-0.159836,0.208193,2.564003,-0.260562,1.155008
8.059773,0.375866,-0.159924,0.208068,2.565114,-0.258270,1.154438
8.063082,0.375791,-0.160160,0.207961,2.565870,-0.257287,1.154561
8.066726,0.375696,-0.160434,0.207837,2.569525,-0.258896,1.152095
8.069952,0.375557,-0.160716,0.207715,2.572955,-0.265024,1.149600
8.076561,0.375406,-0.161536,0.207778,2.568369,-0.267568,1.149392
8.080036,0.375403,-0.161929,0.207910,2.584443,-0.288831,1.141690
8.085939,0.375147,-0.162359,0.207887,2.588219,-0.296547,1.143537
8.090273,0.375098,-0.162582,0.207876,2.590440,-0.303840,1.144787
8.093183,0.374902,-0.162667,0.207783,2.589229,-0.309291,1.147980
8.096515,0.374686,-0.162882,0.207715,2.593580,-0.316496,1.150043
8.099610,0.374530,-0.163482,0.207666,2.579443,-0.306493,1.156912
8.103518,0.374350,-0.164057,0.207570,2.583584,-0.314955,1.145476
8.106702,0.374118,-0.164341,0.207498,2.589095,-0.330002,1.137139
8.110128,0.374078,-0.164545,0.207486,2.597060,-0.345056,1.130014
8.113679,0.374054,-0.164633,0.207475,2.605111,-0.360231,1.123648
8.116473,0.374069,-0.164533,0.207588,2.614216,-0.375948,1.118798
8.119912,0.374436,-0.165233,0.207847,2.603055,-0.373495,1.133632
8.123287,0.374782,-0.166095,0.208030,2.588938,-0.361496,1.143765
8.126832,0.374632,-0.166846,0.207906,2.598948,-0.376110,1.139656
8.130400,0.374633,-0.166813,0.207920,2.595441,-0.369532,1.134775
8.133659,0.374589,-0.166758,0.207827,2.605822,-0.385147,1.130442
8.136800,0.374326,-0.165955,0.207666,2.630854,-0.415699,1.116010
8.140122,0.373855,-0.166176,0.207284,2.638807,-0.408971,1.093726
8.143349,0.373663,-0.166658,0.207378,2.627576,-0.387697,1.092960
8.146761,0.373320,-0.167980,0.207277,2.625524,-0.373145,1.085334
8.150406,0.373066,-0.169305,0.207321,2.604707,-0.350664,1.096958
8.156813,0.372783,-0.171209,0.207642,2.583324,-0.325600,1.103469
8.159661,0.372725,-0.171624,0.207604,2.580209,-0.339106,1.119635
8.166205,0.372548,-0.172308,0.207592,2.578423,-0.344815,1.129191
8.169810,0.372466,-0.172559,0.207443,2.575969,-0.362935,1.147882
8.172747,0.372383,-0.172809,0.207294,2.578729,-0.365833,1.144559
8.176286,0.372392,-0.172954,0.207168,2.583431,-0.371495,1.146175
8.179753,0.372396,-0.173392,0.207077,2.582728,-0.374033,1.150375
8.183365,0.372385,-0.173870,0.207048,2.576385,-0.372831,1.151318
8.186735,0.372276,-0.174488,0.207214,2.572764,-0.369208,1.146252
8.189647,0.372167,-0.175155,0.207455,2.569728,-0.370640,1.149870
8.192779,0.372103,-0.175600,0.207620,2.563639,-0.369967,1.151357
8.200751,0.372013,-0.175857,0.207838,2.561844,-0.370413,1.150371
8.242055,0.373613,-0.184432,0.210232,2.470068,-0.427059,1.250761
8.243885,0.373436,-0.184259,0.209814,2.475970,-0.431082,1.246665
8.253607,0.373047,-0.183971,0.209246,2.492741,-0.433531,1.237967
8.255408,0.372407,-0.183783,0.208316,2.511655,-0.436953,1.220402
8.269515,0.371766,-0.183652,0.207441,2.530028,-0.442208,1.200687
8.288513,0.371287,-0.183779,0.206977,2.537195,-0.440577,1.191281
8.296024,0.370702,-0.184720,0.206335,2.543081,-0.437054,1.179020
8.302991,0.370571,-0.185305,0.206287,2.538319,-0.438321,1.169865
8.305388,0.370406,-0.185869,0.206250,2.534495,-0.439004,1.169820
8.317492,0.370202,-0.186535,0.206103,2.530405,-0.436225,1.169373
8.355013,0.370216,-0.189387,0.206444,2.532469,-0.466171,1.202531
8.358990,0.369990,-0.190054,0.206427,2.520749,-0.452188,1.201168
8.395742,0.368332,-0.193073,0.204173,2.542060,-0.479816,1.173786
8.398583,0.368344,-0.193236,0.204162,2.542060,-0.479816,1.173786
8.408955,0.368367,-0.193639,0.204127,2.542060,-0.479816,1.173786
8.425189,0.368099,-0.196285,0.203301,2.536098,-0.497339,1.177074
8.428646,0.368117,-0.196377,0.203243,2.538369,-0.502916,1.175723
8.431836,0.368130,-0.196411,0.203218,2.539377,-0.506976,1.177434
8.435340,0.368065,-0.196435,0.203106,2.542702,-0.506639,1.175575
8.438331,0.367989,-0.196443,0.203001,2.544085,-0.503538,1.175956
8.441641,0.367918,-0.196564,0.202967,2.543875,-0.507618,1.176589
8.445416,0.367832,-0.196789,0.202884,2.542525,-0.508004,1.176267
8.448403,0.367729,-0.197093,0.202760,2.541186,-0.507810,1.174428
8.452301,0.367701,-0.197510,0.202692,2.538234,-0.514691,1.176225
8.454568,0.367550,-0.198037,0.202527,2.535609,-0.518074,1.172510
8.458323,0.367290,-0.198325,0.202298,2.537596,-0.518190,1.166054
8.461901,0.366964,-0.198536,0.202074,2.539883,-0.515413,1.160926
8.464966,0.366610,-0.198753,0.201890,2.542436,-0.514106,1.154265
8.468102,0.366250,-0.199002,0.201680,2.544907,-0.513911,1.147093
8.471697,0.366012,-0.199141,0.201567,2.547169,-0.510684,1.142620
8.475466,0.365807,-0.199391,0.201454,2.550561,-0.523596,1.143089
8.478757,0.365790,-0.199866,0.201325,2.548055,-0.525392,1.141751
8.481711,0.365821,-0.200274,0.201178,2.543253,-0.531750,1.143431
8.484513,0.365824,-0.200825,0.201099,2.543425,-0.546203,1.149669
8.488960,0.365815,-0.201544,0.200910,2.538076,-0.558588,1.153430
8.491687,0.365871,-0.202179,0.200783,2.531550,-0.552390,1.154200
8.494764,0.365802,-0.202528,0.200654,2.531975,-0.565979,1.161006
8.498391,0.365682,-0.202869,0.200520,2.532343,-0.570115,1.159586
8.502050,0.365509,-0.203109,0.200273,2.528119,-0.564461,1.156219
8.515611,0.364505,-0.204323,0.199537,2.533136,-0.577575,1.163267
8.518873,0.364480,-0.204511,0.199498,2.537388,-0.600276,1.167250
8.528697,0.364787,-0.204587,0.199307,2.537624,-0.614811,1.171877
8.554279,0.364440,-0.205972,0.197908,2.535855,-0.620805,1.176361
8.555614,0.364074,-0.206881,0.197325,2.533968,-0.628304,1.177848
8.567438,0.363725,-0.207768,0.196808,2.528276,-0.628979,1.175140
8.570758,0.363372,-0.208645,0.196317,2.522401,-0.625080,1.173656
8.577246,0.363010,-0.209440,0.195855,2.517204,-0.623313,1.167122
8.580241,0.362862,-0.209776,0.195557,2.515255,-0.633305,1.167212
8.588874,0.362750,-0.210175,0.195270,2.514041,-0.643900,1.166838
8.590825,0.362601,-0.210755,0.195162,2.505523,-0.660099,1.174826
8.610774,0.362489,-0.211520,0.195291,2.498940,-0.674068,1.183549
8.631799,0.362289,-0.213593,0.195475,2.499087,-0.689933,1.183482
8.634356,0.361963,-0.213944,0.195040,2.503848,-0.709742,1.179391
8.643929,0.361369,-0.214106,0.194266,2.494016,-0.722800,1.188125
8.653809,0.360530,-0.214433,0.193450,2.504949,-0.732004,1.176271
8.657005,0.359735,-0.214535,0.192615,2.509324,-0.737568,1.162810
8.666553,0.359326,-0.214798,0.192291,2.510883,-0.743492,1.161160
8.669598,0.358950,-0.214937,0.191965,2.509619,-0.746919,1.163952
8.672797,0.358797,-0.215008,0.191833,2.522249,-0.755706,1.155168
8.676020,0.358745,-0.214923,0.191705,2.521881,-0.756474,1.155230
8.679637,0.358561,-0.215114,0.191555,2.522724,-0.753784,1.156121
8.682326,0.358363,-0.215334,0.191430,2.521938,-0.748405,1.155129
8.686084,0.358144,-0.215580,0.191351,2.521618,-0.743238,1.151201
8.689259,0.357843,-0.215820,0.191242,2.521256,-0.744996,1.152612
8.693034,0.357659,-0.215991,0.191154,2.521660,-0.740720,1.150102
8.696295,0.357575,-0.216015,0.191153,2.525715,-0.753553,1.150279
8.699684,0.357563,-0.216028,0.191149,2.525795,-0.763996,1.155599
8.702970,0.357508,-0.216071,0.191116,2.526086,-0.772361,1.159711
8.706311,0.357520,-0.216150,0.191096,2.527168,-0.775952,1.158004
8.709683,0.357342,-0.216567,0.190896,2.523507,-0.779528,1.159068
8.713101,0.357163,-0.216983,0.190696,2.518441,-0.775834,1.159720
8.717685,0.357044,-0.217424,0.190503,2.521309,-0.781860,1.158958
8.719854,0.356933,-0.217926,0.190380,2.513914,-0.777968,1.161016
8.722722,0.356809,-0.218391,0.190268,2.507271,-0.773028,1.164063
8.726606,0.356740,-0.218464,0.190288,2.513831,-0.784470,1.167322
8.730193,0.356660,-0.218619,0.190269,2.511759,-0.786197,1.171422
8.733252,0.356522,-0.218747,0.190239,2.503958,-0.778162,1.172292
8.736632,0.356448,-0.218513,0.190145,2.511871,-0.788063,1.172503
8.740064,0.356389,-0.218282,0.190055,2.515179,-0.796776,1.173730
8.743177,0.356395,-0.218073,0.189996,2.505122,-0.790437,1.175729
8.746988,0.356392,-0.217863,0.189973,2.509642,-0.811188,1.181003
8.750255,0.356579,-0.217369,0.189766,2.511430,-0.820478,1.184437
8.753325,0.356600,-0.217451,0.189780,2.506150,-0.835322,1.195739
8.756618,0.356525,-0.217537,0.189828,2.507499,-0.839602,1.194382
8.759522,0.356233,-0.217897,0.189673,2.508085,-0.833903,1.188148
8.763248,0.356014,-0.218124,0.189394,2.505406,-0.835544,1.189715
8.766706,0.355738,-0.218419,0.189273,2.502632,-0.844599,1.193259
8.776657,0.355769,-0.218563,0.188911,2.504987,-0.833018,1.178560
8.780025,0.355807,-0.218821,0.189149,2.498118,-0.829545,1.178271
8.783468,0.355711,-0.219294,0.189412,2.496779,-0.841935,1.183788
8.786531,0.355500,-0.219484,0.189272,2.501634,-0.836046,1.171890
8.790095,0.355376,-0.219521,0.188958,2.504786,-0.841376,1.167137
8.793426,0.355293,-0.219348,0.188512,2.502721,-0.853413,1.173276
8.796707,0.355182,-0.219011,0.188073,2.506831,-0.867305,1.172396
8.799417,0.355015,-0.218717,0.187657,2.511111,-0.880770,1.171828
8.802868,0.354925,-0.218715,0.187595,2.506797,-0.885201,1.175361
8.806597,0.354841,-0.218751,0.187581,2.507116,-0.883722,1.172528
8.809909,0.354703,-0.218810,0.187558,2.508150,-0.882707,1.168459
8.826112,0.353669,-0.223361,0.188006,2.483870,-0.836328,1.151037
8.829873,0.353647,-0.223432,0.187977,2.474676,-0.832395,1.160450
8.832437,0.353624,-0.223553,0.187922,2.472950,-0.828965,1.160059
8.836504,0.353500,-0.223647,0.187796,2.473308,-0.825677,1.160353
8.839504,0.353423,-0.223777,0.187686,2.471584,-0.824143,1.159646
8.848066,0.352885,-0.224452,0.187601,2.459047,-0.819081,1.163524
8.864748,0.352454,-0.224860,0.187641,2.465289,-0.833007,1.156128
8.878741,0.352056,-0.225348,0.187844,2.464088,-0.847873,1.160132
8.889722,0.351632,-0.225905,0.188072,2.462265,-0.866462,1.164034
8.901747,0.351169,-0.226461,0.188217,2.457482,-0.880067,1.171325
8.903767,0.350765,-0.227345,0.188059,2.449752,-0.886934,1.175968
8.924978,0.350484,-0.228153,0.187884,2.435193,-0.883980,1.184542
8.937681,0.350210,-0.228629,0.187636,2.433405,-0.888441,1.184477
8.940918,0.349952,-0.229014,0.187322,2.429763,-0.891741,1.185983
8.947494,0.349789,-0.229279,0.187011,2.431495,-0.896236,1.181930
8.950113,0.349572,-0.228972,0.186625,2.443416,-0.901755,1.172940
8.958831,0.349327,-0.228720,0.186206,2.455330,-0.905964,1.161953
8.961484,0.349132,-0.228794,0.185758,2.458648,-0.904626,1.153884
8.968741,0.348912,-0.229030,0.185257,2.452174,-0.894895,1.152988
8.971613,0.348682,-0.229171,0.184748,2.455562,-0.893912,1.145280
8.978218,0.348535,-0.229341,0.184516,2.457114,-0.900000,1.143598
8.982030,0.348423,-0.229680,0.184247,2.448966,-0.897866,1.146277
8.985631,0.348349,-0.230029,0.184010,2.441422,-0.893137,1.147756
8.988727,0.348313,-0.230219,0.183874,2.442675,-0.896057,1.143348
8.992362,0.348325,-0.230444,0.183776,2.435246,-0.895451,1.149006
8.995530,0.348334,-0.230643,0.183622,2.427085,-0.888425,1.151619
8.999031,0.348377,-0.230641,0.183561,2.428557,-0.890517,1.151149
9.001653,0.348396,-0.230591,0.183452,2.428829,-0.893498,1.152451
9.005572,0.348403,-0.230541,0.183301,2.430460,-0.898093,1.152351
9.008976,0.348401,-0.230491,0.183179,2.430980,-0.899768,1.150254
9.012344,0.348413,-0.230477,0.183130,2.429927,-0.899738,1.150874
9.015818,0.348433,-0.230430,0.183082,2.428812,-0.904025,1.152937
9.018692,0.348435,-0.230357,0.183025,2.427597,-0.906776,1.154342
9.022373,0.348472,-0.230121,0.183078,2.432169,-0.913119,1.153993
9.025571,0.348471,-0.229850,0.183098,2.436274,-0.921063,1.155041
9.028761,0.348463,-0.229555,0.183090,2.440616,-0.929284,1.155416
9.031482,0.348452,-0.229261,0.183014,2.445588,-0.934217,1.154143
9.035800,0.348401,-0.228955,0.182900,2.450519,-0.939829,1.152625
9.039375,0.348317,-0.228821,0.182704,2.450493,-0.941152,1.152885
9.042199,0.348247,-0.228713,0.182541,2.451812,-0.939547,1.150055
9.045745,0.348169,-0.228622,0.182396,2.452823,-0.939851,1.147731
9.048869,0.348068,-0.228563,0.182344,2.454243,-0.940816,1.145519
9.052251,0.348028,-0.228478,0.182359,2.454615,-0.939339,1.143137
9.055639,0.347941,-0.228265,0.182228,2.461561,-0.935455,1.138355
9.058877,0.347877,-0.228060,0.182098,2.462040,-0.935608,1.138296
9.065641,0.347816,-0.227755,0.181646,2.464733,-0.920799,1.133901
9.068813,0.347784,-0.227670,0.181405,2.460345,-0.911275,1.132964
9.075183,0.347977,-0.227979,0.181338,2.459641,-0.912517,1.132796
9.079286,0.348058,-0.228088,0.181401,2.450670,-0.915750,1.136378
9.082579,0.348139,-0.228229,0.181451,2.443469,-0.907288,1.136522
9.085707,0.348223,-0.228575,0.181440,2.437475,-0.920276,1.141083
9.088753,0.348273,-0.228667,0.181391,2.432763,-0.920936,1.142928
9.092429,0.348192,-0.228778,0.181200,2.432337,-0.908853,1.139031
9.095759,0.348182,-0.228893,0.181114,2.429184,-0.902204,1.138363
9.098900,0.348162,-0.229029,0.180994,2.431584,-0.904154,1.136835
9.119081,0.348194,-0.229058,0.180879,2.417048,-0.909884,1.136130
9.125449,0.348351,-0.228856,0.181013,2.420754,-0.908630,1.136987
9.135732,0.348954,-0.228425,0.181132,2.418522,-0.913747,1.140810
9.147854,0.349330,-0.228138,0.181114,2.417840,-0.921024,1.143481
9.157872,0.349668,-0.227901,0.181029,2.416672,-0.924104,1.145437
9.161921,0.349992,-0.227710,0.180909,2.414915,-0.926669,1.145391
9.171804,0.350329,-0.227371,0.180427,2.410385,-0.929945,1.143107
9.181404,0.350386,-0.227367,0.180228,2.414886,-0.925984,1.127600
9.183887,0.350602,-0.227479,0.180104,2.412735,-0.922459,1.120874
9.204068,0.350891,-0.227658,0.180224,2.398611,-0.920395,1.129707
9.215663,0.351155,-0.227641,0.180602,2.406981,-0.926411,1.118503
9.218327,0.351304,-0.226977,0.180469,2.418756,-0.937975,1.109849
9.236848,0.351730,-0.225649,0.180383,2.416935,-0.950382,1.114976
9.246380,0.351924,-0.225009,0.180200,2.420571,-0.962225,1.114011
9.251976,0.352080,-0.224579,0.179957,2.437377,-0.978274,1.098419
9.258132,0.352366,-0.224776,0.180216,2.430825,-0.983494,1.102787
9.260913,0.352657,-0.225011,0.180457,2.421549,-0.984479,1.107389
9.264597,0.352703,-0.224980,0.180515,2.421207,-0.987193,1.108517
9.281354,0.352985,-0.224512,0.181289,2.415721,-0.980524,1.110538
9.288597,0.352201,-0.223233,0.180290,2.430464,-0.965839,1.103661
9.328499,0.352803,-0.223586,0.182578,2.408851,-0.977758,1.115734
9.338649,0.352689,-0.223388,0.182203,2.410886,-0.980021,1.112990
9.348593,0.352662,-0.222921,0.182080,2.412248,-0.983144,1.111077
9.351669,0.352673,-0.222719,0.182133,2.418516,-0.983282,1.102273
9.355092,0.352621,-0.222536,0.182229,2.418211,-0.985372,1.102949
9.358137,0.352567,-0.222367,0.182320,2.415029,-0.994555,1.102173
9.361693,0.352368,-0.222055,0.182153,2.416772,-0.990652,1.097765
9.365186,0.352118,-0.221742,0.181947,2.418997,-0.983745,1.091599
9.368344,0.351827,-0.221464,0.181680,2.417781,-0.979497,1.088717
9.371670,0.351550,-0.221197,0.181344,2.420451,-0.969250,1.081401
9.375280,0.351242,-0.221037,0.181043,2.421209,-0.956205,1.074953
9.378763,0.351200,-0.221222,0.181061,2.412442,-0.953737,1.076703
9.382233,0.351263,-0.221578,0.181261,2.406145,-0.954144,1.079067
9.385203,0.351333,-0.221887,0.181525,2.397877,-0.953593,1.084209
9.388025,0.351468,-0.222186,0.181814,2.390795,-0.956316,1.086759
9.392261,0.351651,-0.222315,0.182010,2.385690,-0.962020,1.089885
9.395228,0.351778,-0.222325,0.182166,2.386094,-0.966989,1.089443
9.398656,0.351873,-0.222179,0.182205,2.382494,-0.971862,1.092318
9.402073,0.352028,-0.222068,0.182198,2.386048,-0.974488,1.090011
9.404826,0.352083,-0.221876,0.182184,2.383162,-0.978060,1.093694
9.408736,0.352118,-0.221780,0.182213,2.380751,-0.980506,1.096743
9.413634,0.352035,-0.221659,0.182090,2.377458,-0.980406,1.097816
9.424704,0.351953,-0.221634,0.181933,2.378286,-0.968522,1.092740
9.440852,0.351810,-0.221598,0.181770,2.375032,-0.960098,1.090391
9.447969,0.351797,-0.221492,0.181400,2.376540,-0.973539,1.093435
9.456816,0.351944,-0.220907,0.181153,2.374010,-0.977455,1.091485
9.468061,0.352123,-0.220350,0.180956,2.375660,-0.989543,1.095201
9.470751,0.352403,-0.219732,0.180806,2.373652,-1.010663,1.102117
9.489648,0.352760,-0.218991,0.180617,2.370024,-1.038024,1.113396
9.493561,0.353024,-0.218382,0.180618,2.369983,-1.039082,1.113954
9.502476,0.353153,-0.218190,0.180469,2.373047,-1.049723,1.120230
9.506042,0.353317,-0.218047,0.180384,2.373966,-1.053299,1.122024
9.508991,0.353378,-0.217957,0.180191,2.371168,-1.050120,1.126748
9.516413,0.353251,-0.217919,0.179916,2.372130,-1.037407,1.123245
9.518541,0.353117,-0.217759,0.179643,2.374586,-1.032603,1.119739
9.528667,0.352920,-0.217586,0.179330,2.379256,-1.029376,1.113269
9.530622,0.352734,-0.217344,0.179024,2.380845,-1.020739,1.105219
9.538073,0.352582,-0.217040,0.178707,2.389785,-1.020900,1.095475
9.542057,0.352569,-0.216721,0.178515,2.394004,-1.022346,1.089665
9.547140,0.352598,-0.216432,0.178286,2.398207,-1.021036,1.085381
9.552227,0.352686,-0.216155,0.178113,2.400186,-1.020310,1.084325
9.554933,0.352799,-0.215940,0.177949,2.405181,-1.022326,1.084523
9.558458,0.352892,-0.215720,0.177877,2.405995,-1.023009,1.085100
9.562024,0.352974,-0.215575,0.177774,2.406262,-1.020883,1.084391
9.565679,0.353024,-0.215579,0.177690,2.406750,-1.017884,1.082949
9.568690,0.353042,-0.215616,0.177641,2.405452,-1.011873,1.081368
9.571871,0.353054,-0.215656,0.177589,2.400514,-1.003048,1.080103
9.575125,0.353046,-0.215646,0.177550,2.399911,-0.999810,1.077987
9.578385,0.353037,-0.215600,0.177489,2.401830,-1.000990,1.077637
9.582146,0.353025,-0.215494,0.177435,2.401280,-1.000767,1.076784
9.585838,0.353014,-0.215393,0.177362,2.402039,-1.001749,1.076068
9.588956,0.352975,-0.215409,0.177295,2.403500,-1.006945,1.076534
9.592362,0.352916,-0.215491,0.177210,2.401285,-1.007597,1.077807
9.595600,0.352762,-0.215615,0.177108,2.400139,-1.005390,1.075558
9.599032,0.352605,-0.215775,0.176996,2.397656,-0.999602,1.075255
9.602369,0.352472,-0.215913,0.176862,2.394090,-0.997070,1.077372
9.604991,0.352366,-0.215944,0.176717,2.394128,-0.995088,1.076499
9.608309,0.352307,-0.215951,0.176560,2.394698,-0.991273,1.074339
9.611528,0.352458,-0.215859,0.176469,2.394802,-0.994935,1.077461
9.615176,0.352630,-0.215745,0.176407,2.396175,-1.001888,1.080518
9.618934,0.352742,-0.215847,0.176364,2.400928,-0.993454,1.078058
9.621750,0.352819,-0.215931,0.176314,2.404266,-0.986172,1.077385
9.625184,0.352900,-0.215960,0.176297,2.404627,-0.990092,1.080141
9.628369,0.352852,-0.216092,0.176279,2.400978,-0.984852,1.080064
9.635161,0.352697,-0.216221,0.176156,2.398587,-0.985161,1.080555
9.638486,0.352548,-0.216218,0.176014,2.393231,-0.990799,1.079632
9.642014,0.352369,-0.216344,0.175860,2.387961,-0.997847,1.080977
9.645133,0.352218,-0.216477,0.175714,2.386218,-0.990345,1.078691
9.648414,0.352084,-0.216638,0.175599,2.384260,-0.994243,1.079602
9.655571,0.352192,-0.216457,0.175309,2.382076,-1.000516,1.081690
9.658699,0.352236,-0.216231,0.175174,2.384091,-1.006552,1.083132
9.662085,0.352225,-0.216027,0.175097,2.381024,-1.006756,1.084915
9.665452,0.352213,-0.215723,0.175061,2.378583,-1.014742,1.090974
9.668655,0.352174,-0.215391,0.174896,2.383665,-1.019229,1.090446
9.672026,0.352063,-0.215418,0.174590,2.385156,-1.010903,1.084975
9.675322,0.352042,-0.215469,0.174310,2.382734,-1.010956,1.085463
9.678416,0.352070,-0.215478,0.173929,2.388218,-1.018536,1.085319
9.682110,0.352116,-0.215589,0.173454,2.387752,-1.018552,1.080709
9.685003,0.352130,-0.215800,0.173199,2.384105,-1.016232,1.079690
9.688562,0.352277,-0.215628,0.173115,2.382173,-1.028781,1.086386
9.691905,0.352434,-0.215398,0.173051,2.382481,-1.031273,1.088087
9.695694,0.352578,-0.215219,0.172953,2.380228,-1.030597,1.088046
9.702044,0.352819,-0.215135,0.172888,2.374965,-1.036593,1.093576
9.718158,0.353066,-0.215040,0.172797,2.369782,-1.042661,1.097988
9.727638,0.353155,-0.215086,0.172668,2.367575,-1.035134,1.098126
9.732076,0.353193,-0.215112,0.172528,2.361990,-1.034888,1.099637
9.735027,0.353260,-0.215019,0.172395,2.358542,-1.037410,1.104277
9.743614,0.353233,-0.214786,0.172211,2.362447,-1.038874,1.105807
9.745929,0.353212,-0.214562,0.172057,2.365978,-1.039965,1.107993
9.756239,0.353374,-0.214090,0.171856,2.369129,-1.063369,1.111374
9.758208,0.353578,-0.213697,0.171646,2.374876,-1.072859,1.110825
9.779124,0.353582,-0.213444,0.171441,2.378165,-1.075275,1.104730
9.797727,0.352770,-0.213395,0.170857,2.381118,-1.076363,1.098180
9.804904,0.352709,-0.213479,0.170796,2.383032,-1.091301,1.096577
9.806289,0.352810,-0.213502,0.170785,2.381302,-1.083714,1.093190
9.815493,0.352786,-0.213585,0.170646,2.380090,-1.081582,1.091750
9.818025,0.352799,-0.213594,0.170521,2.378343,-1.081983,1.092259
9.826487,0.352800,-0.213583,0.170354,2.378443,-1.082112,1.090675
9.828632,0.352553,-0.213471,0.170070,2.384116,-1.069969,1.080939
9.836585,0.352423,-0.213124,0.169723,2.385877,-1.074585,1.081514
9.839923,0.352579,-0.212657,0.169558,2.392291,-1.084030,1.081637
9.843189,0.352731,-0.212342,0.169346,2.397383,-1.086031,1.079093
9.847366,0.352742,-0.212098,0.169092,2.396182,-1.087371,1.081748
9.850046,0.352682,-0.212122,0.168834,2.394069,-1.088364,1.083770
9.853610,0.352503,-0.212313,0.168664,2.397211,-1.073187,1.074540
9.857063,0.352343,-0.212467,0.168459,2.396907,-1.067599,1.072069
9.860366,0.352216,-0.212475,0.168329,2.395835,-1.071120,1.072614
9.863932,0.352368,-0.212775,0.168532,2.394502,-1.072785,1.074814
9.866829,0.352527,-0.213011,0.168766,2.389171,-1.072097,1.081611
9.870621,0.352518,-0.213041,0.168747,2.389137,-1.074218,1.082986
9.873574,0.352487,-0.213108,0.168767,2.387241,-1.073241,1.082981
9.877069,0.352490,-0.213201,0.168752,2.381562,-1.070808,1.090232
9.880417,0.352471,-0.213195,0.168741,2.385835,-1.072204,1.086678
9.884111,0.352444,-0.213252,0.168701,2.385390,-1.073386,1.087009
9.887315,0.352583,-0.213590,0.168905,2.380233,-1.073110,1.093389
9.890553,0.352718,-0.213936,0.169125,2.374399,-1.072014,1.099465
9.893754,0.352798,-0.214248,0.169385,2.373744,-1.071975,1.099223
9.897190,0.352792,-0.214273,0.169415,2.369441,-1.071176,1.103263
9.900886,0.352829,-0.214178,0.169549,2.370696,-1.073363,1.105228
9.903882,0.352892,-0.214058,0.169629,2.371645,-1.078102,1.106644
9.907087,0.352953,-0.213906,0.169721,2.373941,-1.097441,1.114232
9.910747,0.353004,-0.213734,0.169808,2.376252,-1.103150,1.114782
9.913797,0.353038,-0.213607,0.169870,2.377426,-1.108424,1.116664
9.917071,0.353311,-0.213206,0.170040,2.379680,-1.126064,1.120895
9.920070,0.353604,-0.212808,0.170208,2.381058,-1.142124,1.126756
9.923658,0.353921,-0.212456,0.170381,2.381773,-1.144082,1.125498
9.927187,0.354255,-0.212158,0.170525,2.382831,-1.159136,1.132080
9.930467,0.354167,-0.211983,0.170445,2.385870,-1.156760,1.128712
9.933980,0.353837,-0.212107,0.170102,2.392388,-1.142286,1.115721
9.937030,0.353836,-0.212105,0.170004,2.395486,-1.144258,1.113705
9.940307,0.353829,-0.211970,0.169925,2.396328,-1.143946,1.113004
9.943875,0.353864,-0.211871,0.169779,2.404852,-1.137471,1.105045
9.947354,0.354059,-0.211477,0.169563,2.402602,-1.155368,1.114713
9.950570,0.354225,-0.211119,0.169428,2.400871,-1.155936,1.118159
9.954010,0.353992,-0.211143,0.168981,2.404245,-1.148489,1.113401
9.957223,0.353774,-0.211237,0.168424,2.402926,-1.132076,1.109256
9.960701,0.353268,-0.211271,0.167918,2.400601,-1.121963,1.103673
9.963982,0.353025,-0.211476,0.167706,2.404771,-1.106524,1.091368
9.967275,0.352876,-0.211759,0.167501,2.394046,-1.100084,1.105025
9.970677,0.352740,-0.211934,0.167399,2.387784,-1.087425,1.103953
9.973713,0.352577,-0.212149,0.167355,2.385714,-1.084651,1.102076
9.977069,0.352659,-0.212361,0.167353,2.372847,-1.085609,1.112608
9.980739,0.352750,-0.212327,0.167185,2.371889,-1.080470,1.113261
9.984184,0.352702,-0.212195,0.166979,2.380208,-1.083114,1.099029
9.987368,0.352667,-0.211951,0.166774,2.380713,-1.080883,1.095237
9.990443,0.352647,-0.211710,0.166572,2.384612,-1.084961,1.093721
9.999020,0.352656,-0.211295,0.166405,2.394446,-1.083417,1.086259
10.010017,0.352555,-0.211529,0.166758,2.385429,-1.090633,1.093212
10.019833,0.352456,-0.211744,0.167121,2.378620,-1.089267,1.097670
10.028639,0.352297,-0.212061,0.167541,2.388658,-1.099857,1.087120
10.031665,0.352180,-0.212215,0.168163,2.380533,-1.096806,1.092001
10.035656,0.352013,-0.212546,0.168689,2.375020,-1.108988,1.098381
10.038207,0.351987,-0.212496,0.168819,2.379907,-1.107248,1.096854
10.041000,0.351834,-0.212355,0.168691,2.384540,-1.113779,1.095852
10.049354,0.351734,-0.212059,0.168497,2.374424,-1.111804,1.111671
10.051076,0.351568,-0.212076,0.168046,2.382231,-1.119914,1.111397
10.061072,0.351495,-0.212241,0.167819,2.378425,-1.111798,1.116970
10.063954,0.351409,-0.212555,0.167702,2.373322,-1.115960,1.124528
10.085414,0.351322,-0.213083,0.167821,2.364343,-1.118852,1.130960
10.087755,0.351201,-0.213666,0.167950,2.355143,-1.120450,1.136646
10.096621,0.351065,-0.214197,0.168104,2.345181,-1.119272,1.138530
10.100674,0.350834,-0.214414,0.168113,2.342081,-1.121531,1.134591
10.103756,0.350631,-0.214567,0.168088,2.339030,-1.120985,1.130068
10.113470,0.350555,-0.214598,0.168086,2.338107,-1.119805,1.129135
10.116510,0.350557,-0.214552,0.168066,2.340772,-1.119084,1.126585
10.127568,0.351056,-0.214348,0.168087,2.341437,-1.130074,1.133023
10.137356,0.351635,-0.214108,0.168092,2.344856,-1.140311,1.136989
10.145844,0.352175,-0.213868,0.168081,2.347684,-1.152171,1.142376
10.149683,0.352576,-0.213664,0.168000,2.352460,-1.157547,1.144389
10.153041,0.352927,-0.213527,0.167932,2.353243,-1.163116,1.148088
10.156287,0.352823,-0.213491,0.167806,2.357114,-1.158890,1.144463
10.159576,0.352637,-0.213466,0.167695,2.360043,-1.155063,1.141072
10.163076,0.352466,-0.213439,0.167600,2.363098,-1.150014,1.137029
10.166426,0.352452,-0.213386,0.167588,2.364309,-1.150095,1.135965
10.169705,0.352413,-0.213331,0.167576,2.364901,-1.160807,1.137773
10.172551,0.352144,-0.213436,0.167594,2.366236,-1.155628,1.131694
10.175729,0.351901,-0.213548,0.167619,2.366706,-1.149614,1.126632
10.179202,0.351731,-0.213610,0.167524,2.367230,-1.144904,1.123049
10.182337,0.351669,-0.213661,0.167468,2.372166,-1.141579,1.115307
10.186427,0.351553,-0.213704,0.167413,2.375457,-1.127280,1.108366
10.189500,0.351749,-0.213717,0.167479,2.375968,-1.125207,1.106355
10.192854,0.351991,-0.213723,0.167567,2.375044,-1.124773,1.109795
10.195951,0.352208,-0.213756,0.167720,2.376743,-1.137109,1.112606
10.199347,0.352174,-0.213894,0.167726,2.374260,-1.133363,1.113665
10.202831,0.352217,-0.214041,0.167733,2.374359,-1.129048,1.108705
10.206175,0.352518,-0.213966,0.167823,2.375814,-1.139285,1.114009
10.209180,0.352774,-0.213897,0.167891,2.377379,-1.148054,1.115187
10.212838,0.352992,-0.213877,0.168040,2.376936,-1.131616,1.109919
10.216376,0.353362,-0.213770,0.168306,2.375438,-1.142860,1.116435
10.219783,0.353732,-0.213663,0.168571,2.373245,-1.158026,1.126271
10.222800,0.353580,-0.213814,0.168504,2.372644,-1.146403,1.123028
10.225986,0.353347,-0.214032,0.168347,2.374105,-1.138882,1.121103
10.229379,0.353035,-0.214237,0.168125,2.376243,-1.137200,1.120616
10.232632,0.352697,-0.214427,0.167877,2.379409,-1.124642,1.114192
10.235910,0.352759,-0.214430,0.167870,2.380867,-1.124650,1.114122
10.239304,0.352989,-0.214317,0.167980,2.381301,-1.138579,1.119045
10.242415,0.353293,-0.214145,0.168199,2.380827,-1.147130,1.121477
10.245511,0.353689,-0.213958,0.168467,2.379154,-1.163660,1.128676
10.248772,0.354085,-0.213771,0.168734,2.377024,-1.178473,1.135835
10.252432,0.354047,-0.213783,0.168730,2.379543,-1.166209,1.130769
10.256143,0.353999,-0.213842,0.168704,2.379609,-1.165306,1.130205
10.259436,0.353938,-0.213913,0.168709,2.379660,-1.162772,1.129224
10.262771,0.353865,-0.214003,0.168746,2.380051,-1.155956,1.127038
10.265556,0.353791,-0.214087,0.168791,2.379904,-1.152753,1.126448
10.269059,0.353770,-0.214151,0.168848,2.378181,-1.159937,1.129635
10.272755,0.353751,-0.214191,0.168912,2.377371,-1.156265,1.129981
10.276078,0.353755,-0.214218,0.168925,2.376606,-1.156169,1.130624
10.279315,0.353725,-0.214540,0.168823,2.369045,-1.148263,1.133799
10.282576,0.353720,-0.214878,0.168725,2.361775,-1.137092,1.136206
10.286073,0.353771,-0.214871,0.168724,2.361078,-1.137985,1.137440
10.289634,0.353823,-0.214845,0.168734,2.361450,-1.140304,1.138152
10.292809,0.353851,-0.214813,0.168737,2.362174,-1.141207,1.137969
10.295804,0.353837,-0.214612,0.168742,2.371259,-1.138369,1.132829
10.299484,0.353644,-0.214646,0.168647,2.370901,-1.137539,1.131191
10.305206,0.353410,-0.215038,0.168480,2.364537,-1.124862,1.128608
10.321725,0.353229,-0.215056,0.168472,2.365377,-1.125825,1.125120
10.324711,0.353071,-0.215070,0.168468,2.365089,-1.128068,1.124054
10.336198,0.353004,-0.214990,0.168527,2.362462,-1.142839,1.125257
10.339976,0.353063,-0.214729,0.168652,2.369109,-1.153463,1.122080
10.347336,0.353022,-0.214518,0.168732,2.374797,-1.161179,1.120483
10.348949,0.352893,-0.214685,0.168657,2.370353,-1.156401,1.122775
10.359799,0.352792,-0.214861,0.168596,2.366375,-1.150080,1.123800
10.383301,0.352726,-0.214932,0.168551,2.362793,-1.152372,1.127286
10.384893,0.352701,-0.214905,0.168526,2.358323,-1.156197,1.131090
10.396477,0.352790,-0.214822,0.168542,2.354246,-1.163556,1.136542
10.399876,0.352916,-0.214731,0.168550,2.353746,-1.166979,1.138817
10.408108,0.352962,-0.214614,0.168534,2.353001,-1.169236,1.141217
10.409919,0.352975,-0.214514,0.168535,2.352451,-1.166336,1.140986
10.412415,0.352958,-0.214449,0.168539,2.353160,-1.165718,1.140850
10.421574,0.352914,-0.214351,0.168570,2.352219,-1.162675,1.139230
10.422913,0.352829,-0.214319,0.168577,2.350019,-1.163432,1.140365
10.432168,0.352829,-0.214250,0.168635,2.347391,-1.164458,1.140618
10.436034,0.352799,-0.214273,0.168618,2.346152,-1.164726,1.142619
10.438938,0.352605,-0.214129,0.168547,2.348049,-1.154264,1.140533
10.442477,0.352397,-0.214018,0.168446,2.352098,-1.146620,1.140208
10.445723,0.352538,-0.213801,0.168505,2.353972,-1.147723,1.142114
10.449351,0.352638,-0.213651,0.168548,2.356948,-1.149980,1.144733
10.452728,0.352456,-0.213502,0.168640,2.359630,-1.145584,1.139950
10.455788,0.352406,-0.213510,0.168773,2.354543,-1.144868,1.140975
10.459194,0.352319,-0.213658,0.168799,2.354184,-1.150057,1.139324
10.462602,0.351909,-0.213611,0.168788,2.352520,-1.136332,1.132144
10.465757,0.351508,-0.213554,0.168756,2.354311,-1.130641,1.125896
10.469331,0.351405,-0.213453,0.168754,2.356097,-1.131294,1.126164
10.472295,0.351290,-0.213559,0.168698,2.357274,-1.131362,1.124570
10.475838,0.351205,-0.213541,0.168762,2.352851,-1.124158,1.124332
10.479198,0.351116,-0.213759,0.168731,2.351990,-1.126763,1.125149
10.482720,0.351049,-0.213989,0.168717,2.348899,-1.116707,1.123595
10.486061,0.350776,-0.214215,0.168604,2.342761,-1.111467,1.124641
10.489295,0.350538,-0.214291,0.168597,2.343400,-1.104231,1.121592
10.492735,0.350303,-0.214353,0.168582,2.343802,-1.098659,1.119976
10.495768,0.350085,-0.214400,0.168575,2.344769,-1.090291,1.117577
10.498621,0.349850,-0.214386,0.168574,2.348577,-1.088609,1.112534
10.502208,0.349670,-0.214311,0.168605,2.349903,-1.083101,1.110318
10.505723,0.349490,-0.214173,0.168645,2.353356,-1.082835,1.107005
10.508837,0.349291,-0.214032,0.168681,2.358156,-1.082546,1.101522
10.512233,0.349100,-0.213808,0.168763,2.363467,-1.084366,1.097252
10.515694,0.348997,-0.213664,0.168860,2.361996,-1.085447,1.101765
10.519278,0.349061,-0.213535,0.169019,2.361474,-1.082702,1.102994
10.522817,0.349126,-0.213330,0.169121,2.358908,-1.086831,1.108002
10.526134,0.349234,-0.213005,0.169228,2.360321,-1.090335,1.114317
10.529174,0.349146,-0.212717,0.169206,2.361044,-1.091975,1.115054
10.532358,0.348954,-0.212368,0.169154,2.365108,-1.096147,1.110641
10.535637,0.348764,-0.212029,0.169089,2.373181,-1.102572,1.104426
10.539441,0.348607,-0.211758,0.169019,2.379885,-1.105934,1.098523
10.542564,0.348630,-0.211483,0.168880,2.382517,-1.111318,1.096395
10.545878,0.348840,-0.211264,0.168819,2.384287,-1.117865,1.100601
10.549458,0.349044,-0.211074,0.168753,2.385818,-1.121382,1.103878
10.552926,0.349209,-0.210896,0.168687,2.387257,-1.124410,1.105483
10.555966,0.349354,-0.210743,0.168667,2.388720,-1.127105,1.108079
10.559273,0.349301,-0.210723,0.168723,2.388889,-1.127210,1.106788
10.562740,0.349328,-0.210717,0.168806,2.386467,-1.126771,1.106571
10.566043,0.349367,-0.210906,0.169018,2.386413,-1.127969,1.107646
10.569350,0.349532,-0.211137,0.169252,2.381624,-1.126956,1.112846
10.572403,0.349716,-0.211389,0.169493,2.373987,-1.125703,1.119639
10.575795,0.349916,-0.211604,0.169762,2.366775,-1.126121,1.127378
10.579411,0.350118,-0.211837,0.170035,2.362758,-1.129974,1.134174
10.582676,0.350336,-0.211819,0.170224,2.351071,-1.127798,1.144331
10.585904,0.350514,-0.211697,0.170441,2.349033,-1.134313,1.148796
10.589171,0.350781,-0.211583,0.170650,2.344547,-1.139408,1.156766
10.592006,0.351019,-0.211522,0.170831,2.339198,-1.142329,1.162601
10.595634,0.351165,-0.211433,0.170977,2.334488,-1.141096,1.165790
10.599015,0.351291,-0.211359,0.171076,2.334526,-1.145548,1.166246
10.602379,0.351380,-0.211362,0.171127,2.329064,-1.142833,1.168996
10.607250,0.351313,-0.211375,0.171241,2.326463,-1.142726,1.168879
10.609795,0.351196,-0.211340,0.171436,2.325747,-1.136733,1.166866
10.620625,0.351083,-0.211308,0.171641,2.325158,-1.131865,1.164665
10.627484,0.350964,-0.211257,0.171857,2.323105,-1.127756,1.164264
10.631242,0.350718,-0.211086,0.172094,2.327224,-1.126370,1.159088
10.637086,0.350522,-0.210887,0.172261,2.331615,-1.123623,1.152742
10.641758,0.350487,-0.210846,0.172400,2.327816,-1.125467,1.154407
10.645796,0.350420,-0.210838,0.172615,2.323202,-1.126722,1.154759
10.654411,0.350379,-0.210816,0.172856,2.323012,-1.128062,1.149217
10.657521,0.350586,-0.210849,0.173152,2.312841,-1.132040,1.155359
10.667194,0.350811,-0.210922,0.173543,2.304322,-1.132289,1.158700
10.688274,0.350902,-0.210866,0.173886,2.301739,-1.133407,1.157738
10.700702,0.351032,-0.210730,0.174166,2.300225,-1.134942,1.158337
10.704479,0.351085,-0.210653,0.174398,2.295894,-1.135799,1.162189
10.707811,0.351004,-0.210602,0.174564,2.295780,-1.131711,1.159150
10.715426,0.351047,-0.210463,0.174722,2.294151,-1.133494,1.161298
10.717394,0.351137,-0.210289,0.174875,2.293596,-1.136328,1.161514
10.728001,0.351423,-0.210000,0.175136,2.291724,-1.146314,1.164927
10.732349,0.351817,-0.209680,0.175434,2.291000,-1.154710,1.167822
10.737801,0.352255,-0.209380,0.175742,2.289745,-1.163862,1.173767
10.741076,0.352606,-0.209100,0.175982,2.294998,-1.161201,1.169624
10.758697,0.353375,-0.208562,0.176446,2.296248,-1.163502,1.169267
10.769113,0.353157,-0.208556,0.176102,2.298011,-1.153283,1.165418
10.779056,0.353034,-0.208917,0.176180,2.309438,-1.127681,1.153201
10.782343,0.353113,-0.208986,0.176553,2.309568,-1.123505,1.150350
10.785579,0.353193,-0.209024,0.176905,2.317055,-1.109423,1.144137
10.788906,0.353282,-0.209033,0.177238,2.327594,-1.091026,1.135474
10.792188,0.353560,-0.208886,0.177398,2.328302,-1.089149,1.139666
10.795773,0.353837,-0.208562,0.177497,2.323450,-1.108226,1.150177
10.798665,0.354123,-0.208183,0.177226,2.329646,-1.103105,1.148328
10.802414,0.354284,-0.207829,0.176893,2.327266,-1.117062,1.151574
10.805678,0.354458,-0.207414,0.176572,2.321415,-1.127819,1.158348
10.808136,0.354507,-0.207034,0.176423,2.330018,-1.137459,1.153229
10.812011,0.354540,-0.206616,0.176404,2.334143,-1.143138,1.151227
10.818937,0.354737,-0.205929,0.176705,2.327861,-1.146996,1.155689
10.828531,0.355160,-0.206192,0.177166,2.319268,-1.151920,1.163322
10.835693,0.355189,-0.207197,0.177268,2.319585,-1.160404,1.161302
10.839091,0.355145,-0.207619,0.177244,2.314284,-1.158998,1.163394
10.851640,0.354910,-0.207253,0.176847,2.304035,-1.154630,1.166875
10.868073,0.355468,-0.205452,0.176816,2.354132,-1.155923,1.145039
10.871972,0.355460,-0.205469,0.176784,2.352150,-1.156858,1.145884
10.878885,0.355498,-0.205560,0.176676,2.353352,-1.161269,1.144841
10.888922,0.355746,-0.205373,0.176509,2.351878,-1.165581,1.143683
10.898441,0.355917,-0.204954,0.176345,2.354051,-1.169071,1.144920
10.902445,0.355959,-0.204869,0.176331,2.354884,-1.172869,1.145269
10.912427,0.355912,-0.204980,0.176251,2.355620,-1.166512,1.140721
10.930231,0.356098,-0.205395,0.176314,2.348201,-1.161542,1.142417
10.939424,0.356252,-0.205812,0.176363,2.337984,-1.152973,1.143930
10.944797,0.356318,-0.206242,0.176330,2.331692,-1.143461,1.139566
10.947415,0.356104,-0.206391,0.175977,2.332248,-1.129174,1.123339
10.956803,0.355912,-0.206383,0.175686,2.331596,-1.122894,1.115957
10.966166,0.355579,-0.206136,0.175307,2.335667,-1.105186,1.106134
10.989480,0.355250,-0.205882,0.174922,2.342350,-1.092013,1.096229
10.998356,0.354979,-0.205605,0.174584,2.344797,-1.081112,1.089776
11.003537,0.355046,-0.205600,0.174571,2.341802,-1.077632,1.096771
11.006401,0.355110,-0.205621,0.174546,2.340288,-1.074442,1.099737
11.014812,0.355080,-0.205685,0.174474,2.340468,-1.076912,1.097711
11.018633,0.354971,-0.205728,0.174396,2.339410,-1.076475,1.098580
11.027460,0.354903,-0.205720,0.174368,2.341861,-1.076961,1.098528
11.028922,0.354796,-0.205671,0.174323,2.344008,-1.076501,1.097213
11.036309,0.354711,-0.205578,0.174242,2.348375,-1.075746,1.093935
11.039980,0.354736,-0.205361,0.174217,2.350797,-1.082454,1.096580
11.049465,0.354844,-0.205156,0.174195,2.356487,-1.082968,1.092229
11.055936,0.354849,-0.204989,0.174003,2.358583,-1.083470,1.090775
11.059482,0.354855,-0.204956,0.173921,2.360304,-1.083766,1.090259
11.062789,0.354735,-0.204972,0.173773,2.361384,-1.085017,1.089653
11.066054,0.354601,-0.204946,0.173573,2.364158,-1.078580,1.085040
11.069445,0.354186,-0.204675,0.173081,2.367412,-1.084123,1.077266
11.072630,0.353783,-0.204405,0.172594,2.371757,-1.089414,1.067860
11.076264,0.353392,-0.204176,0.172193,2.375352,-1.091356,1.058975
11.079507,0.353057,-0.203990,0.171871,2.373506,-1.087708,1.059046
11.086442,0.353580,-0.204208,0.172154,2.373349,-1.083343,1.057199
11.089721,0.354051,-0.204413,0.172409,2.371065,-1.074998,1.062330
11.093042,0.354477,-0.204560,0.172534,2.369516,-1.066880,1.065952
11.096446,0.354833,-0.204718,0.172576,2.368465,-1.059446,1.068084
11.099518,0.354769,-0.204761,0.172389,2.370774,-1.055977,1.062960
11.102778,0.354701,-0.204862,0.172238,2.370651,-1.052753,1.059191
11.105878,0.354639,-0.204973,0.172157,2.369980,-1.047353,1.056298
11.109677,0.354595,-0.205123,0.172155,2.368646,-1.042360,1.055540
11.112925,0.354579,-0.205273,0.172165,2.366568,-1.038356,1.055306
11.115842,0.354578,-0.205400,0.172175,2.366100,-1.035080,1.053678
11.119621,0.354584,-0.205497,0.172120,2.365340,-1.032851,1.054080
11.122745,0.354585,-0.205577,0.172008,2.364061,-1.033274,1.055071
11.125772,0.354564,-0.205656,0.171888,2.363289,-1.033175,1.054869
11.129611,0.354547,-0.205698,0.171787,2.361559,-1.033511,1.055886
11.132558,0.354529,-0.205816,0.171657,2.359560,-1.037156,1.058229
11.136294,0.354445,-0.205960,0.171508,2.356471,-1.037531,1.058332
11.139162,0.354346,-0.206106,0.171406,2.354599,-1.037990,1.058037
11.142919,0.354289,-0.206210,0.171284,2.351120,-1.042467,1.062029
11.145975,0.354191,-0.206262,0.171127,2.350671,-1.046205,1.062501
11.149684,0.354112,-0.206206,0.170983,2.350359,-1.048533,1.063609
11.152593,0.354115,-0.206005,0.170808,2.352947,-1.056595,1.066445
11.155925,0.354115,-0.205781,0.170629,2.355524,-1.064380,1.067970
11.159300,0.354057,-0.205527,0.170486,2.359756,-1.069396,1.066206
11.162358,0.354018,-0.205315,0.170363,2.362958,-1.076405,1.066947
11.166259,0.353963,-0.205119,0.170269,2.366031,-1.082619,1.066792
11.169401,0.353863,-0.205092,0.170276,2.366454,-1.084106,1.067208
11.172476,0.353761,-0.205116,0.170283,2.367847,-1.085810,1.065621
11.176353,0.353723,-0.205183,0.170296,2.367236,-1.085191,1.066664
11.179835,0.353706,-0.205333,0.170289,2.367450,-1.084788,1.068235
11.183096,0.353711,-0.205387,0.170294,2.371059,-1.072446,1.066754
11.186211,0.353784,-0.205454,0.170256,2.373354,-1.073010,1.065856
11.189026,0.353858,-0.205496,0.170229,2.372186,-1.071905,1.070825
11.192901,0.353926,-0.205544,0.170149,2.377369,-1.064111,1.069605
11.196164,0.354020,-0.205365,0.170092,2.378460,-1.066385,1.071024
11.199522,0.354090,-0.205274,0.170019,2.376278,-1.079807,1.074826
11.202574,0.354044,-0.205098,0.169975,2.376735,-1.083226,1.076471
11.205922,0.353977,-0.204999,0.169933,2.377927,-1.084428,1.074217
11.209617,0.353816,-0.205075,0.169968,2.376483,-1.082473,1.072697
11.212761,0.353557,-0.205315,0.169977,2.374986,-1.075727,1.067189
11.219343,0.353330,-0.205544,0.169938,2.373709,-1.071342,1.062149
11.237440,0.353121,-0.205752,0.169863,2.374959,-1.068471,1.060562
11.252124,0.352990,-0.205656,0.169796,2.376123,-1.064953,1.055196
11.259833,0.352879,-0.205635,0.169683,2.378199,-1.076062,1.053689
11.270155,0.352828,-0.205709,0.169628,2.381537,-1.063031,1.048039
11.273489,0.352871,-0.205868,0.169730,2.382222,-1.060188,1.046118
11.284459,0.352953,-0.206042,0.169851,2.384729,-1.050865,1.041870
11.293384,0.352934,-0.206530,0.170031,2.387680,-1.039571,1.039436
11.302231,0.352943,-0.206820,0.170213,2.386886,-1.024725,1.034760
11.310896,0.352943,-0.206995,0.170367,2.384985,-1.039752,1.040564
11.320139,0.352779,-0.206945,0.170198,2.385948,-1.043475,1.044026
11.334322,0.352335,-0.206226,0.169718,2.383944,-1.055988,1.039774
11.338240,0.351895,-0.206001,0.169323,2.380722,-1.073742,1.035702
11.349591,0.351442,-0.205877,0.169068,2.376420,-1.091530,1.034899
11.360215,0.350963,-0.205857,0.168905,2.374875,-1.096808,1.029433
11.361974,0.350499,-0.205967,0.168750,2.371987,-1.100704,1.023241
11.365408,0.350384,-0.206205,0.168659,2.367799,-1.100191,1.023143
11.373491,0.350269,-0.206230,0.168657,2.366631,-1.101657,1.023925
11.376964,0.350258,-0.206051,0.168486,2.369062,-1.102866,1.023401
11.379386,0.350234,-0.205861,0.168277,2.372166,-1.106050,1.022738
11.383467,0.350240,-0.205649,0.168035,2.376741,-1.111510,1.019399
11.387022,0.350256,-0.205391,0.167833,2.379812,-1.115529,1.021840
11.390020,0.350309,-0.205156,0.167646,2.382575,-1.119177,1.023892
11.393679,0.350171,-0.205080,0.167510,2.381747,-1.123740,1.022671
11.396884,0.349934,-0.205150,0.167572,2.381728,-1.132602,1.019774
11.400178,0.349782,-0.205316,0.167706,2.368221,-1.134000,1.034950
11.403214,0.349727,-0.205585,0.168015,2.363528,-1.141849,1.037218
11.409974,0.350278,-0.206672,0.169248,2.347651,-1.142688,1.053567
11.413368,0.350784,-0.207175,0.169847,2.338126,-1.134702,1.071616
11.416712,0.351243,-0.207571,0.170347,2.331691,-1.122510,1.086422
11.429981,0.352365,-0.207583,0.170451,2.334305,-1.114785,1.090372
11.433579,0.352348,-0.207526,0.170423,2.329311,-1.100683,1.099322
11.437047,0.352270,-0.207495,0.170437,2.335138,-1.089873,1.096316
11.440288,0.352183,-0.207494,0.170503,2.339242,-1.090966,1.092588
11.449820,0.351990,-0.207336,0.170571,2.341401,-1.094695,1.084093
11.453749,0.352047,-0.207178,0.170546,2.340483,-1.092297,1.082949
11.456785,0.352110,-0.206886,0.170675,2.345566,-1.094944,1.083585
11.460195,0.352303,-0.206638,0.170847,2.352303,-1.093313,1.083967
11.463403,0.352469,-0.206710,0.171051,2.351481,-1.083115,1.085452
11.466997,0.352612,-0.206777,0.171248,2.348272,-1.079510,1.100154
11.470410,0.352707,-0.206700,0.171444,2.352640,-1.069865,1.097267
11.480277,0.352507,-0.207151,0.171756,2.350569,-1.056546,1.095363
11.483844,0.352428,-0.207276,0.171916,2.346145,-1.049784,1.094323
11.486672,0.352406,-0.207259,0.172101,2.346740,-1.053676,1.097362
11.490301,0.352341,-0.207232,0.172273,2.347604,-1.048595,1.095041
11.493664,0.352333,-0.207005,0.172330,2.347992,-1.049445,1.095062
11.496742,0.352261,-0.206748,0.172352,2.348601,-1.060343,1.099100
11.500253,0.352116,-0.206471,0.172352,2.346837,-1.069635,1.101839
11.506872,0.351667,-0.206502,0.172622,2.351331,-1.064774,1.096359
11.510162,0.351483,-0.206532,0.172887,2.355403,-1.059489,1.090539
11.512783,0.351266,-0.206779,0.173204,2.357706,-1.058141,1.085305
11.516961,0.351106,-0.207082,0.173626,2.360829,-1.044125,1.076768
11.520418,0.351026,-0.207423,0.173993,2.365901,-1.031285,1.070141
11.523549,0.351070,-0.207481,0.174103,2.360255,-1.034168,1.077159
11.526912,0.351091,-0.207470,0.174193,2.360977,-1.033926,1.078109
11.530412,0.351172,-0.207258,0.174258,2.363846,-1.037081,1.081322
11.533634,0.351332,-0.207064,0.174289,2.360982,-1.044060,1.090603
11.537069,0.351491,-0.206924,0.174342,2.354381,-1.049976,1.100343
11.546245,0.351898,-0.208081,0.175395,2.351407,-1.044080,1.100651
11.549902,0.351913,-0.208624,0.175873,2.342115,-1.039616,1.107935
11.559792,0.351465,-0.209827,0.176933,2.332340,-1.035851,1.115522
11.563436,0.351372,-0.209972,0.177080,2.326012,-1.030434,1.118417
11.567009,0.351335,-0.210044,0.177186,2.325100,-1.027041,1.119000
11.570049,0.351355,-0.210064,0.177268,2.324330,-1.028629,1.121181
11.573541,0.351534,-0.210083,0.177443,2.323672,-1.029217,1.126649
11.576434,0.351731,-0.210096,0.177649,2.320701,-1.030783,1.132353
11.580534,0.351894,-0.210079,0.177803,2.320167,-1.033042,1.136199
11.583420,0.352088,-0.210031,0.177977,2.319029,-1.036360,1.141078
11.586310,0.352259,-0.209998,0.178166,2.318244,-1.037345,1.144177
11.590306,0.352328,-0.209952,0.178290,2.314266,-1.054459,1.148482
11.596554,0.352273,-0.209338,0.178162,2.314527,-1.071237,1.151866
11.600240,0.352429,-0.209253,0.178365,2.319394,-1.069990,1.151199
11.603710,0.352589,-0.209168,0.178552,2.320005,-1.081715,1.153779
11.610072,0.352757,-0.209051,0.178794,2.319491,-1.107409,1.161697
11.641102,0.353521,-0.209094,0.179888,2.323450,-1.105953,1.161253
11.645707,0.353620,-0.208966,0.180032,2.326676,-1.100817,1.161099
11.673729,0.355067,-0.208515,0.182453,2.333832,-1.137809,1.153533
11.696748,0.355309,-0.208456,0.182583,2.338906,-1.145643,1.154579
11.710036,0.355567,-0.208392,0.182718,2.341172,-1.149406,1.156472
11.718196,0.355831,-0.208334,0.182862,2.348600,-1.152002,1.153310
11.719702,0.356092,-0.208268,0.182989,2.353358,-1.152383,1.153381
11.729185,0.356292,-0.208273,0.183191,2.354598,-1.166400,1.158908
11.732192,0.356153,-0.208528,0.183294,2.349823,-1.153028,1.159512
11.739286,0.355983,-0.208803,0.183377,2.345092,-1.139422,1.158908
11.748388,0.355799,-0.209107,0.183389,2.345306,-1.141330,1.156983
11.752834,0.355681,-0.209076,0.183561,2.340024,-1.131131,1.153625
11.755978,0.355589,-0.209016,0.183626,2.340605,-1.132417,1.152732
11.759303,0.355642,-0.208746,0.183759,2.346370,-1.146158,1.149180
11.762554,0.355635,-0.208704,0.183817,2.348018,-1.152177,1.146233
11.765916,0.355650,-0.208640,0.183921,2.343166,-1.142105,1.145780
11.769331,0.355582,-0.208914,0.183882,2.347379,-1.151847,1.146863
11.772333,0.355528,-0.209183,0.183816,2.341688,-1.141311,1.146148
11.775277,0.355452,-0.209453,0.183693,2.336030,-1.132386,1.146782
11.779411,0.355433,-0.209494,0.183644,2.335522,-1.131064,1.145233
11.782890,0.355390,-0.209529,0.183589,2.340786,-1.139562,1.143512
11.789572,0.355389,-0.209202,0.183617,2.336802,-1.131745,1.142322
11.792615,0.355386,-0.209073,0.183672,2.338030,-1.135396,1.142025
11.799138,0.355392,-0.208919,0.183805,2.336729,-1.137222,1.143642
11.802612,0.355394,-0.209066,0.183811,2.334778,-1.139068,1.146464
11.809469,0.355447,-0.209252,0.183870,2.333681,-1.141869,1.148696
11.811796,0.355448,-0.208955,0.184055,2.332619,-1.140978,1.149723
11.816043,0.355451,-0.208654,0.184229,2.336361,-1.145853,1.150219
11.819183,0.355442,-0.208319,0.184405,2.343353,-1.152035,1.149327
11.821753,0.355246,-0.208176,0.184437,2.348527,-1.147545,1.143181
11.825349,0.355042,-0.208091,0.184442,2.346956,-1.136578,1.139187
11.828996,0.354871,-0.208286,0.184308,2.350188,-1.137061,1.136440
11.832352,0.354773,-0.208459,0.184118,2.349630,-1.127010,1.132030
11.835671,0.354761,-0.208655,0.183954,2.349137,-1.125813,1.132098
11.838726,0.354925,-0.208671,0.183895,2.340892,-1.121455,1.137422
11.842031,0.354812,-0.208630,0.183780,2.340394,-1.116283,1.134407
11.845617,0.354709,-0.208580,0.183643,2.339891,-1.110654,1.131512
11.849067,0.354538,-0.208548,0.183541,2.341300,-1.118087,1.135325
11.852415,0.354502,-0.208109,0.183605,2.338084,-1.105437,1.128268
11.855331,0.354472,-0.207640,0.183673,2.347904,-1.116606,1.127494
11.858896,0.354726,-0.207178,0.183821,2.350210,-1.125425,1.134250
11.862556,0.354899,-0.206716,0.183983,2.353956,-1.133973,1.137769
11.865636,0.355054,-0.206250,0.184153,2.352267,-1.131001,1.137798
11.868810,0.354963,-0.206121,0.184085,2.355605,-1.142400,1.141807
11.872080,0.354861,-0.205993,0.184053,2.356449,-1.142163,1.139516
11.875047,0.354716,-0.205900,0.183994,2.355521,-1.142649,1.138298
11.879042,0.354615,-0.205833,0.183959,2.355267,-1.144950,1.137683
11.881980,0.354508,-0.205817,0.183951,2.356055,-1.144528,1.135786
11.885906,0.354561,-0.205894,0.184027,2.352889,-1.142543,1.137529
11.888731,0.354620,-0.205976,0.184077,2.349651,-1.146879,1.140707
11.892167,0.354613,-0.206044,0.184096,2.351202,-1.144021,1.137064
11.895462,0.354634,-0.206102,0.184092,2.349774,-1.144891,1.136549
11.898940,0.354674,-0.206114,0.184064,2.348506,-1.150876,1.136667
11.902262,0.354552,-0.206038,0.184006,2.351966,-1.152835,1.132902
11.905825,0.354416,-0.205928,0.183885,2.353310,-1.152791,1.129453
11.908794,0.354355,-0.205934,0.183819,2.351512,-1.157846,1.130292
11.912497,0.354291,-0.205938,0.183761,2.351606,-1.158107,1.128272
11.915177,0.354247,-0.205843,0.183752,2.353150,-1.159959,1.127222
11.918881,0.354296,-0.205728,0.183713,2.351221,-1.167788,1.130765
11.928432,0.354353,-0.205637,0.183762,2.351657,-1.173124,1.131587
11.947332,0.354443,-0.205381,0.183807,2.353818,-1.178032,1.132328
11.948997,0.354536,-0.205080,0.183832,2.356134,-1.185894,1.134917
11.961885,0.354511,-0.204821,0.183791,2.359023,-1.186710,1.133999
11.964775,0.354418,-0.204628,0.183782,2.362525,-1.183024,1.131469
11.967887,0.354313,-0.204532,0.183729,2.363477,-1.181574,1.130856
11.974841,0.354158,-0.204558,0.183601,2.364394,-1.179418,1.127875
11.978052,0.353980,-0.204807,0.183402,2.363729,-1.163341,1.121717
11.986359,0.353909,-0.205115,0.183224,2.356155,-1.151173,1.123499
11.988071,0.353967,-0.205021,0.183231,2.357811,-1.148351,1.122848
12.000136,0.354064,-0.204818,0.183208,2.358791,-1.143577,1.123741
12.012616,0.354151,-0.204810,0.183216,2.356810,-1.140077,1.126162
12.017601,0.354182,-0.204567,0.183214,2.350355,-1.133150,1.133213
12.025763,0.354155,-0.204599,0.183139,2.356026,-1.138451,1.131469
12.030733,0.354062,-0.204677,0.182995,2.345089,-1.127426,1.133347
12.032833,0.354043,-0.204889,0.182963,2.343577,-1.124013,1.131922
12.035897,0.354021,-0.204873,0.182998,2.337929,-1.123648,1.137718
12.043916,0.354019,-0.205283,0.182997,2.336663,-1.126540,1.137280
12.046208,0.354061,-0.205398,0.183029,2.328039,-1.117824,1.139370
12.055709,0.354019,-0.205865,0.182971,2.334136,-1.119682,1.132794
12.057196,0.353731,-0.206047,0.182778,2.326408,-1.111209,1.134512
12.066437,0.353632,-0.206388,0.182624,2.330874,-1.103442,1.123519
12.069648,0.353578,-0.206332,0.182612,2.330598,-1.104281,1.123424
12.072940,0.353531,-0.206294,0.182638,2.331197,-1.104974,1.123243
12.076276,0.353358,-0.206069,0.182575,2.332067,-1.105093,1.123184
12.080079,0.353329,-0.206022,0.182601,2.339322,-1.108994,1.116067
12.083271,0.353160,-0.205804,0.182551,2.333211,-1.105698,1.122485
12.086591,0.353133,-0.205767,0.182599,2.340165,-1.109301,1.115641
12.089660,0.353087,-0.205692,0.182655,2.340039,-1.110058,1.116275
12.093086,0.353214,-0.205812,0.182773,2.333570,-1.107650,1.122897
12.096822,0.353476,-0.205501,0.182980,2.334386,-1.117516,1.128877
12.099647,0.353745,-0.205192,0.183189,2.342326,-1.131757,1.128599
12.103285,0.353847,-0.204714,0.183310,2.336165,-1.128577,1.136624
12.106580,0.353920,-0.204544,0.183289,2.345638,-1.144237,1.136347
12.110100,0.353997,-0.204276,0.183311,2.346709,-1.146633,1.137353
12.113231,0.353926,-0.204438,0.183244,2.337499,-1.134836,1.144969
12.116374,0.353922,-0.204578,0.183548,2.336612,-1.131854,1.145946
12.119979,0.353920,-0.204663,0.183851,2.339610,-1.143263,1.151236
12.123086,0.354031,-0.204433,0.184341,2.333406,-1.136877,1.156121
12.126592,0.354049,-0.204342,0.184736,2.335274,-1.147310,1.161792
12.130017,0.354140,-0.204206,0.185174,2.342793,-1.156275,1.155393
12.133946,0.354083,-0.204096,0.184932,2.338638,-1.156862,1.161794
12.136201,0.354077,-0.203927,0.184728,2.340639,-1.157212,1.156868
12.139562,0.354009,-0.203796,0.184474,2.346058,-1.161968,1.152134
12.142762,0.353968,-0.203607,0.184254,2.346559,-1.162360,1.153269
12.146345,0.353845,-0.203565,0.183946,2.349386,-1.154587,1.147576
12.150095,0.353554,-0.203688,0.183773,2.352674,-1.155601,1.142149
12.152922,0.353452,-0.203815,0.183821,2.352381,-1.144874,1.137778
12.156462,0.353301,-0.203976,0.183850,2.349963,-1.143919,1.139274
12.160031,0.353172,-0.204164,0.183933,2.351441,-1.140546,1.132554
12.162703,0.352773,-0.204505,0.183954,2.347128,-1.137227,1.133041
12.166491,0.352596,-0.204707,0.184169,2.345075,-1.125377,1.128684
12.169597,0.352237,-0.205023,0.184080,2.343850,-1.124470,1.128391
12.172698,0.351940,-0.205328,0.184028,2.341579,-1.111992,1.124694
12.176578,0.351767,-0.205771,0.183914,2.335404,-1.100563,1.127306
12.179547,0.351884,-0.205961,0.183909,2.330926,-1.099184,1.134989
12.183285,0.351892,-0.205972,0.183907,2.330268,-1.098609,1.136151
12.186344,0.351790,-0.205941,0.183954,2.330403,-1.099095,1.136178
12.189795,0.351672,-0.205882,0.183994,2.331759,-1.098228,1.134723
12.192885,0.351481,-0.205674,0.184067,2.336789,-1.100204,1.128511
12.196030,0.351285,-0.205471,0.184152,2.342434,-1.103873,1.122461
12.199689,0.351225,-0.205417,0.184212,2.343655,-1.104633,1.121164
12.203105,0.351312,-0.205448,0.184271,2.342705,-1.105184,1.123070
12.206893,0.351401,-0.205492,0.184313,2.341248,-1.106119,1.125418
12.210076,0.351456,-0.205529,0.184344,2.341115,-1.106599,1.126329
12.213142,0.351490,-0.205586,0.184427,2.339592,-1.105407,1.127820
12.216278,0.351522,-0.205654,0.184506,2.337556,-1.115195,1.133502
12.219638,0.351486,-0.205677,0.184569,2.337270,-1.113961,1.133079
12.222909,0.351433,-0.205748,0.184641,2.336840,-1.114677,1.132826
12.226200,0.351351,-0.205828,0.184699,2.335575,-1.108318,1.128043
12.229937,0.351285,-0.205892,0.184715,2.334551,-1.109161,1.127931
12.232932,0.351221,-0.205943,0.184737,2.334211,-1.100089,1.124501
12.235798,0.351120,-0.205975,0.184752,2.333898,-1.100009,1.123109
12.239794,0.351031,-0.205992,0.184746,2.333947,-1.098431,1.121006
12.243449,0.350993,-0.206025,0.184786,2.331571,-1.102014,1.126192
12.246339,0.350949,-0.206099,0.184813,2.331448,-1.102996,1.122804
12.270910,0.350933,-0.206381,0.185058,2.330656,-1.111926,1.123416
12.282837,0.350942,-0.206529,0.185273,2.327174,-1.114317,1.126693
12.286123,0.350916,-0.206656,0.185456,2.323106,-1.116377,1.130115
12.288739,0.350861,-0.206740,0.185658,2.320671,-1.120493,1.131764
12.292967,0.350746,-0.206809,0.185833,2.314030,-1.117505,1.135677
12.333060,0.349929,-0.207007,0.186201,2.311059,-1.108832,1.134414
12.346374,0.349664,-0.207015,0.186322,2.309090,-1.106567,1.133380
12.352530,0.349407,-0.207055,0.186521,2.305516,-1.103924,1.134840
12.355656,0.349209,-0.206980,0.186741,2.304261,-1.104272,1.135656
12.364064,0.349166,-0.206895,0.186897,2.306258,-1.106796,1.137366
12.365893,0.349117,-0.206679,0.187107,2.306407,-1.103522,1.135574
12.376754,0.348962,-0.206661,0.187255,2.306568,-1.104942,1.137983
12.389724,0.348691,-0.206581,0.187384,2.310990,-1.101246,1.134458
12.399332,0.348359,-0.206635,0.187459,2.312136,-1.094713,1.133203
12.403155,0.348054,-0.206698,0.187553,2.311698,-1.088214,1.131216
12.407026,0.347755,-0.206803,0.187632,2.310650,-1.085833,1.134301
12.410312,0.347564,-0.206781,0.187743,2.313678,-1.082138,1.132304
12.413736,0.347504,-0.206705,0.187756,2.308267,-1.080378,1.136065
12.417245,0.347487,-0.206598,0.187772,2.307723,-1.081183,1.136492
12.420455,0.347468,-0.206451,0.187793,2.309858,-1.084208,1.137684
12.423155,0.347466,-0.206278,0.187887,2.310119,-1.084407,1.137505
12.426305,0.347450,-0.206145,0.187968,2.308496,-1.083485,1.137695
12.430381,0.347492,-0.206091,0.188071,2.312284,-1.086663,1.137430
12.433010,0.347540,-0.206014,0.188197,2.312617,-1.085602,1.137226
12.436916,0.347558,-0.206025,0.188346,2.315028,-1.085937,1.133727
12.440036,0.347594,-0.206107,0.188516,2.313955,-1.085296,1.136729
12.443190,0.347630,-0.206186,0.188679,2.310494,-1.082814,1.139294
12.446826,0.347608,-0.206125,0.188728,2.313258,-1.083829,1.136076
12.450456,0.347588,-0.206072,0.188763,2.316867,-1.086315,1.134222
12.453747,0.347604,-0.205906,0.188776,2.315447,-1.091518,1.139174
12.456392,0.347755,-0.205664,0.188771,2.321779,-1.094889,1.134223
12.460419,0.347910,-0.205382,0.188785,2.328666,-1.104712,1.132080
12.463519,0.348081,-0.205236,0.188917,2.329324,-1.111091,1.134167
12.467150,0.348193,-0.205187,0.189182,2.329689,-1.108974,1.130826
12.469922,0.348310,-0.205204,0.189433,2.325108,-1.105507,1.133609
12.476421,0.348234,-0.205288,0.189693,2.325736,-1.115318,1.136691
12.480106,0.348185,-0.205165,0.190051,2.323909,-1.107254,1.132981
12.483000,0.347899,-0.205372,0.190154,2.323435,-1.108460,1.135584
12.486756,0.347670,-0.205535,0.190087,2.322656,-1.106116,1.137275
12.489533,0.347422,-0.205715,0.190005,2.326953,-1.099562,1.129778
12.492883,0.347282,-0.205879,0.189863,2.320251,-1.083956,1.128103
12.496855,0.347317,-0.205819,0.189728,2.323413,-1.093968,1.132567
12.499888,0.347612,-0.205427,0.189837,2.325827,-1.093635,1.130010
12.503492,0.347975,-0.204998,0.190004,2.322494,-1.099649,1.136098
12.506317,0.348350,-0.204465,0.190256,2.326215,-1.114826,1.142029
12.510324,0.348658,-0.203913,0.190489,2.332353,-1.132314,1.145484
12.513000,0.348786,-0.204016,0.190708,2.324585,-1.126621,1.148391
12.516718,0.348823,-0.204418,0.190899,2.318395,-1.132018,1.155062
12.520184,0.348578,-0.204940,0.190986,2.319216,-1.127033,1.150802
12.523846,0.348216,-0.205531,0.190990,2.310605,-1.110412,1.148453
12.526904,0.347830,-0.206102,0.190993,2.306000,-1.093684,1.143107
12.529393,0.347419,-0.206493,0.190888,2.309003,-1.087262,1.136901
12.533370,0.347239,-0.206600,0.190838,2.305577,-1.068204,1.131622
12.537016,0.347418,-0.206335,0.190884,2.306067,-1.076548,1.135308
12.539147,0.347709,-0.206082,0.190926,2.307654,-1.078304,1.136701
12.542916,0.348020,-0.205842,0.190957,2.309934,-1.088669,1.141336
12.550523,0.348665,-0.204791,0.190940,2.311755,-1.100072,1.147686
12.553831,0.348795,-0.204508,0.190958,2.312082,-1.101605,1.148714
12.556691,0.348881,-0.204234,0.191118,2.314579,-1.103434,1.150201
12.560210,0.348971,-0.203928,0.191305,2.316580,-1.116672,1.153286
12.562805,0.348977,-0.203853,0.191537,2.316060,-1.121177,1.154756
12.567154,0.349013,-0.203695,0.191739,2.317589,-1.125644,1.153886
12.570408,0.349033,-0.203522,0.191849,2.324541,-1.145777,1.156268
12.573721,0.349089,-0.203378,0.191810,2.325088,-1.148996,1.154685
12.576123,0.348798,-0.203490,0.191586,2.328118,-1.137431,1.146177
12.580004,0.348491,-0.203657,0.191364,2.329133,-1.124089,1.140306
12.583184,0.348401,-0.203868,0.191347,2.323068,-1.113618,1.141624
12.586995,0.348324,-0.204049,0.191391,2.317162,-1.100947,1.141031
12.589944,0.348285,-0.204147,0.191476,2.311876,-1.092984,1.145261
12.593516,0.348638,-0.203984,0.191760,2.311283,-1.106247,1.156071
12.600292,0.349118,-0.203205,0.192176,2.309572,-1.121656,1.165376
12.603142,0.349165,-0.202849,0.192262,2.314823,-1.130218,1.165870
12.609189,0.349231,-0.202478,0.192322,2.317234,-1.132747,1.167901
12.625957,0.349271,-0.202116,0.192344,2.320566,-1.139915,1.167979
12.641759,0.349276,-0.201951,0.192327,2.318851,-1.137609,1.166941
12.727033,0.345976,-0.199053,0.193997,2.348309,-1.064400,1.087916
12.749116,0.344679,-0.197736,0.193046,2.343094,-1.062154,1.095442
12.758957,0.345366,-0.197962,0.194024,2.342106,-1.051349,1.096889
12.763822,0.345873,-0.198221,0.194646,2.338643,-1.051972,1.098635
12.767087,0.346401,-0.198160,0.195129,2.328853,-1.045778,1.115895
12.769981,0.346615,-0.197918,0.195273,2.329045,-1.049918,1.119215
12.773745,0.346797,-0.197608,0.195396,2.328017,-1.050631,1.119386
12.777252,0.346929,-0.197260,0.195462,2.326171,-1.062713,1.124563
12.780542,0.347015,-0.196901,0.195514,2.327065,-1.066336,1.127415
12.784038,0.346932,-0.196917,0.195651,2.325910,-1.058614,1.126007
12.787245,0.346907,-0.196859,0.195716,2.325436,-1.054684,1.125144
12.790900,0.346854,-0.196849,0.195785,2.326511,-1.053267,1.127279
12.817124,0.346217,-0.196774,0.197419,2.343172,-1.020178,1.103718
12.820329,0.346206,-0.196788,0.197495,2.343384,-1.017029,1.102693
12.823681,0.346257,-0.196586,0.197493,2.344092,-1.020548,1.104805
12.827321,0.346305,-0.196304,0.197563,2.341973,-1.030215,1.108240
12.830718,0.346362,-0.195963,0.197577,2.344023,-1.030773,1.106794
12.833953,0.346425,-0.195576,0.197541,2.343074,-1.039283,1.111358
12.837543,0.346476,-0.195162,0.197526,2.344526,-1.047798,1.112714
12.840730,0.346469,-0.194958,0.197560,2.344373,-1.051226,1.110432
12.843900,0.346461,-0.194945,0.197752,2.343724,-1.048839,1.109704
12.847230,0.346485,-0.194949,0.197966,2.340259,-1.045446,1.113245
12.850559,0.346567,-0.194986,0.198202,2.337248,-1.043988,1.112723
12.853798,0.346642,-0.195050,0.198485,2.330297,-1.039779,1.117268
12.857207,0.346721,-0.195104,0.198785,2.324457,-1.036552,1.122002
12.860560,0.346789,-0.195075,0.198931,2.320755,-1.036270,1.124889
12.863269,0.346886,-0.194993,0.199095,2.318916,-1.036640,1.125573
12.866591,0.347147,-0.194674,0.199367,2.318268,-1.042531,1.131350
12.870599,0.347473,-0.194178,0.199662,2.322973,-1.057262,1.134458
12.873457,0.347878,-0.193590,0.199944,2.324832,-1.070052,1.144079
12.876838,0.348343,-0.192999,0.200254,2.329027,-1.083588,1.149275
12.880384,0.348751,-0.192412,0.200538,2.334357,-1.096811,1.154382
12.883728,0.348933,-0.192114,0.200736,2.338541,-1.101058,1.155061
12.887062,0.349079,-0.191980,0.200852,2.337141,-1.089026,1.152485
12.890603,0.348879,-0.192215,0.200772,2.341038,-1.089582,1.148791
12.893499,0.348636,-0.192406,0.200653,2.341343,-1.075067,1.143085
12.897343,0.348389,-0.192631,0.200518,2.341797,-1.060248,1.136872
12.900836,0.348172,-0.192802,0.200347,2.342769,-1.048406,1.130384
12.904092,0.348001,-0.192952,0.200194,2.345307,-1.046899,1.129023
12.907589,0.348113,-0.192839,0.200255,2.344691,-1.033356,1.124009
12.910656,0.348209,-0.192752,0.200359,2.346006,-1.032651,1.123840
12.914083,0.348347,-0.192649,0.200494,2.345857,-1.032189,1.125010
12.917231,0.348479,-0.192566,0.200627,2.343666,-1.031289,1.127785
12.920712,0.348602,-0.192552,0.200758,2.341979,-1.030204,1.131407
12.923608,0.348811,-0.192504,0.201026,2.335745,-1.024222,1.135358
12.926880,0.349021,-0.192474,0.201263,2.330532,-1.020968,1.141766
12.930590,0.349146,-0.192447,0.201458,2.326132,-1.016089,1.145422
12.933656,0.349275,-0.192427,0.201625,2.322407,-1.012675,1.147684
12.941180,0.349362,-0.192187,0.201794,2.320428,-1.009480,1.149650
12.947563,0.349438,-0.191898,0.201865,2.324911,-1.012488,1.148017
12.959711,0.349539,-0.191301,0.202038,2.328455,-1.021110,1.150924
12.962288,0.349817,-0.190608,0.202252,2.332634,-1.025927,1.149526
12.973832,0.350090,-0.189920,0.202480,2.336777,-1.031601,1.150235
12.982997,0.350397,-0.189412,0.202991,2.335828,-1.029225,1.152940
12.993698,0.350746,-0.188892,0.203536,2.335292,-1.031953,1.157881
13.029911,0.351300,-0.188444,0.204588,2.334796,-1.016789,1.152211
13.036485,0.351572,-0.187957,0.205269,2.332915,-1.020381,1.158160
13.047114,0.351820,-0.187295,0.205718,2.332203,-1.022261,1.163757
13.056261,0.351959,-0.186681,0.206104,2.335940,-1.029606,1.166343
13.064923,0.352134,-0.186007,0.206448,2.337273,-1.025014,1.168557
13.072174,0.352256,-0.185174,0.207014,2.338183,-1.034993,1.177082
13.079137,0.352002,-0.185208,0.207305,2.335070,-1.018515,1.174334
13.082535,0.351703,-0.185430,0.207364,2.333197,-1.004585,1.171656
13.085668,0.351439,-0.185671,0.207364,2.332160,-0.992437,1.165153
13.089198,0.351168,-0.185949,0.207353,2.329268,-0.983480,1.160888
13.092517,0.350925,-0.186232,0.207318,2.328001,-0.972865,1.155958
13.095850,0.350823,-0.186339,0.207401,2.330451,-0.965039,1.149397
13.098997,0.350760,-0.186433,0.207506,2.326750,-0.958709,1.147866
13.102685,0.350727,-0.186334,0.207612,2.325027,-0.957067,1.148948
13.105975,0.350710,-0.186210,0.207661,2.326069,-0.959389,1.148036
13.109161,0.350684,-0.186005,0.207707,2.326595,-0.958679,1.142118
13.112615,0.350687,-0.185748,0.207736,2.326881,-0.966555,1.145371
13.115722,0.350689,-0.185491,0.207768,2.331608,-0.971353,1.141341
13.119139,0.350642,-0.185402,0.207813,2.332254,-0.969620,1.136354
13.122221,0.350614,-0.185222,0.207970,2.334107,-0.967413,1.133344
13.125881,0.350881,-0.184736,0.208208,2.335817,-0.975980,1.138758
13.129120,0.351223,-0.184182,0.208426,2.338955,-0.989379,1.142929
13.132484,0.351598,-0.183666,0.208718,2.340025,-0.997794,1.150629
13.135669,0.351976,-0.183160,0.208995,2.340879,-1.008229,1.158707
13.139180,0.352327,-0.182711,0.209237,2.341780,-1.024008,1.164810
13.142015,0.352450,-0.182646,0.209405,2.340033,-1.024925,1.167851
13.145284,0.352616,-0.182645,0.209564,2.334923,-1.024009,1.172078
13.149133,0.352780,-0.182515,0.209624,2.334041,-1.031316,1.172413
13.152086,0.352944,-0.182385,0.209684,2.334516,-1.030655,1.171631
13.155495,0.353128,-0.182395,0.210044,2.329121,-1.029135,1.177092
13.159099,0.353329,-0.182398,0.210423,2.323458,-1.030906,1.184789
13.162461,0.353471,-0.182276,0.210809,2.323126,-1.032964,1.189043
13.165834,0.353517,-0.182235,0.211215,2.324036,-1.027208,1.189977
13.168911,0.353371,-0.182179,0.211574,2.318255,-1.030353,1.197281
13.172404,0.353283,-0.182061,0.211631,2.318951,-1.020106,1.194133
13.175797,0.353115,-0.181714,0.211644,2.322204,-1.019467,1.190105
13.178913,0.352940,-0.181467,0.211590,2.326727,-1.014226,1.184785
13.182517,0.352901,-0.181147,0.211343,2.325282,-1.007800,1.181931
13.185915,0.353015,-0.180790,0.211135,2.331872,-1.007140,1.176710
13.189023,0.353045,-0.180412,0.210903,2.338159,-1.014211,1.175093
13.192412,0.353094,-0.180150,0.210726,2.339440,-1.004779,1.169323
13.195332,0.353064,-0.179885,0.210560,2.340140,-1.005687,1.168138
13.198605,0.352963,-0.179702,0.210590,2.343410,-1.012794,1.168585
13.201996,0.352919,-0.179532,0.210606,2.344457,-1.005586,1.163354
13.205689,0.352874,-0.179363,0.210623,2.344277,-1.004232,1.161577
13.209385,0.352838,-0.179293,0.210593,2.347402,-1.012646,1.163910
13.212553,0.352860,-0.179217,0.210630,2.347216,-1.011460,1.163337
13.214983,0.352882,-0.179140,0.210666,2.346573,-1.009870,1.162624
13.218668,0.352881,-0.179112,0.210719,2.346644,-1.018990,1.168551
13.222069,0.353011,-0.178950,0.210839,2.346473,-1.011676,1.166233
13.226049,0.353127,-0.178777,0.210977,2.347040,-1.011165,1.166070
13.229255,0.353262,-0.178594,0.211087,2.348054,-1.014546,1.168048
13.232501,0.353401,-0.178412,0.211198,2.349015,-1.015073,1.169900
13.235577,0.353546,-0.178225,0.211295,2.348998,-1.011336,1.168997
13.239079,0.353572,-0.178125,0.211348,2.349654,-1.018294,1.171908
13.242484,0.353561,-0.177927,0.211393,2.347294,-1.016130,1.174265
13.245696,0.353538,-0.177761,0.211420,2.347928,-1.011974,1.171608
13.249076,0.353524,-0.177496,0.211492,2.350131,-1.013626,1.168979
13.252436,0.353512,-0.177200,0.211608,2.353201,-1.016759,1.166058
13.259122,0.353456,-0.176900,0.211854,2.355088,-1.016563,1.162966
13.276429,0.353220,-0.176675,0.212152,2.358645,-1.011427,1.150004
13.289408,0.352974,-0.176461,0.212472,2.359318,-1.003646,1.140781
13.292708,0.352968,-0.176121,0.212912,2.356526,-0.999054,1.143223
13.301730,0.353041,-0.175646,0.213272,2.357428,-0.992429,1.142017
13.312556,0.353164,-0.175074,0.213548,2.361108,-0.989716,1.142053
13.315239,0.353504,-0.174498,0.213805,2.365643,-0.987396,1.143738
13.348465,0.353785,-0.173667,0.214407,2.352282,-0.998296,1.164021
13.351730,0.353662,-0.173652,0.214667,2.358192,-0.992548,1.156999
13.355359,0.353517,-0.173768,0.214823,2.355135,-0.980140,1.155066
13.358774,0.353356,-0.173937,0.214955,2.348985,-0.966791,1.150495
13.361935,0.353233,-0.173989,0.214992,2.342836,-0.960278,1.151895
13.365117,0.353185,-0.174105,0.215147,2.355533,-0.955486,1.136725
13.371518,0.353154,-0.174040,0.215342,2.347149,-0.949136,1.139371
13.375461,0.353189,-0.173983,0.215534,2.346067,-0.951671,1.134082
13.385146,0.353213,-0.173643,0.215678,2.345792,-0.953364,1.136161
13.402922,0.353349,-0.173298,0.215817,2.348480,-0.952790,1.135129
13.416891,0.353526,-0.172731,0.215889,2.349768,-0.940876,1.134366
13.419214,0.353693,-0.172216,0.215956,2.354288,-0.946190,1.134389
13.430729,0.353819,-0.171706,0.216083,2.357232,-0.944594,1.139552
13.433775,0.353994,-0.171480,0.216252,2.359022,-0.947263,1.140353
13.440280,0.354247,-0.171544,0.216497,2.356719,-0.951679,1.142034
13.443636,0.354370,-0.171683,0.216596,2.352003,-0.955028,1.147161
13.447254,0.354448,-0.171821,0.216667,2.350631,-0.951675,1.145880
13.450480,0.354507,-0.171947,0.216715,2.347977,-0.958632,1.145270
13.453169,0.354461,-0.171925,0.216701,2.343505,-0.963140,1.150819
13.457031,0.354480,-0.171948,0.216959,2.343735,-0.966671,1.151152
13.460316,0.354519,-0.171907,0.217205,2.342929,-0.972408,1.151996
13.463662,0.354599,-0.171853,0.217473,2.339367,-0.979275,1.158478
13.466387,0.354676,-0.171822,0.217729,2.336535,-0.982249,1.164474
13.470232,0.354802,-0.171804,0.218041,2.338689,-0.982341,1.158662
13.473358,0.354789,-0.171731,0.217823,2.335039,-0.984038,1.164971
13.476735,0.354779,-0.171612,0.217638,2.337384,-0.981389,1.159837
13.480013,0.354754,-0.171493,0.217447,2.345134,-0.986366,1.152170
13.483227,0.354818,-0.171226,0.217361,2.345316,-0.985225,1.153333
13.487123,0.354877,-0.171009,0.217253,2.350448,-0.991739,1.154995
13.490331,0.354976,-0.170791,0.217387,2.358020,-0.996065,1.147611
13.493624,0.354964,-0.170798,0.217475,2.354865,-0.995559,1.152238
13.496912,0.354949,-0.170825,0.217554,2.349475,-0.986645,1.151828
13.499972,0.354858,-0.170889,0.217579,2.355056,-0.989676,1.142403
13.503267,0.354865,-0.170983,0.217712,2.345503,-0.983005,1.147947
13.506543,0.354867,-0.171119,0.217824,2.339893,-0.976927,1.150441
13.510494,0.354969,-0.171128,0.217933,2.342913,-0.978409,1.146812
13.513719,0.355066,-0.171114,0.218028,2.343070,-0.979729,1.151018
13.516648,0.355111,-0.171162,0.218076,2.339720,-0.974924,1.154081
13.520350,0.355062,-0.171119,0.218061,2.344417,-0.974097,1.147452
13.523557,0.355015,-0.171029,0.218067,2.345360,-0.973287,1.147281
13.526748,0.354940,-0.170706,0.218083,2.351623,-0.975730,1.143463
13.530299,0.354872,-0.170405,0.218113,2.357170,-0.977782,1.137897
13.533591,0.355022,-0.170291,0.218443,2.355446,-0.974576,1.141630
13.537177,0.355186,-0.170098,0.218795,2.357948,-0.979263,1.146003
13.540327,0.355350,-0.169907,0.219145,2.360479,-0.982979,1.148824
13.543340,0.355525,-0.169946,0.219481,2.353492,-0.977595,1.155961
13.546679,0.355659,-0.169903,0.219872,2.351324,-0.983886,1.163238
13.549919,0.355613,-0.169699,0.219968,2.356686,-0.994821,1.162430
13.552786,0.355489,-0.169644,0.219968,2.352504,-0.991199,1.163341
13.557342,0.355359,-0.169575,0.219789,2.355705,-0.993193,1.159463
13.560517,0.355261,-0.169493,0.219577,2.362345,-0.993994,1.154101
13.563599,0.355198,-0.169512,0.219318,2.361003,-0.982359,1.152163
13.566552,0.355066,-0.169513,0.219038,2.363464,-0.972201,1.146600
13.570227,0.354991,-0.169481,0.218828,2.371123,-0.969636,1.139370
13.573704,0.354930,-0.169410,0.218883,2.368940,-0.964890,1.143028
13.576823,0.354869,-0.169345,0.219011,2.370498,-0.965575,1.141380
13.580479,0.354813,-0.169285,0.219121,2.376229,-0.968216,1.136594
13.583745,0.354858,-0.169371,0.219572,2.368352,-0.963209,1.143061
13.586894,0.354922,-0.169355,0.220045,2.366606,-0.966204,1.147731
13.589510,0.354983,-0.169393,0.220430,2.367785,-0.967126,1.146301
13.593509,0.355209,-0.169454,0.220835,2.358535,-0.964821,1.156505
13.596695,0.355482,-0.169387,0.221275,2.355828,-0.968924,1.165205
13.599859,0.355701,-0.169187,0.221388,2.361001,-0.980298,1.168920
13.603620,0.355884,-0.169144,0.221472,2.354767,-0.975144,1.172995
13.606751,0.356017,-0.169089,0.221546,2.353546,-0.975170,1.176247
13.610326,0.355967,-0.169024,0.221572,2.359380,-0.979528,1.174941
13.613142,0.355858,-0.169296,0.221610,2.351197,-0.970950,1.176942
13.617172,0.355769,-0.169574,0.221654,2.344693,-0.961690,1.177297
13.620305,0.355663,-0.169766,0.221671,2.348764,-0.966951,1.177944
13.623486,0.355603,-0.169953,0.221726,2.342276,-0.960441,1.180088
13.626818,0.355544,-0.170139,0.221781,2.335101,-0.953831,1.182058
13.630761,0.355504,-0.170055,0.221820,2.335763,-0.954970,1.181896
13.633970,0.355468,-0.169950,0.221867,2.335598,-0.956039,1.182440
13.637238,0.355477,-0.169845,0.221935,2.329885,-0.951718,1.183975
13.640615,0.355457,-0.169755,0.221989,2.329501,-0.951798,1.184624
13.643823,0.355359,-0.169647,0.222041,2.330594,-0.951584,1.182607
13.646848,0.355203,-0.169575,0.222089,2.332039,-0.952071,1.181732
13.649488,0.354989,-0.169464,0.222132,2.334268,-0.945263,1.174924
13.653413,0.354702,-0.169238,0.222101,2.339803,-0.944798,1.170974
13.664690,0.354487,-0.168883,0.222041,2.341680,-0.941554,1.170963
13.685324,0.354199,-0.168542,0.222014,2.345242,-0.936486,1.168735
13.700310,0.353935,-0.168231,0.222041,2.344883,-0.924936,1.163088
13.703382,0.353752,-0.167950,0.222202,2.344689,-0.925971,1.167760
13.713870,0.354225,-0.168230,0.223281,2.327067,-0.929592,1.186774
13.715919,0.354658,-0.168630,0.224386,2.312232,-0.943962,1.204962
13.725102,0.354644,-0.168357,0.224607,2.312225,-0.949152,1.207152
13.747954,0.354711,-0.167833,0.224777,2.316649,-0.958435,1.213707
13.759804,0.354782,-0.167243,0.224796,2.318239,-0.965462,1.216973
13.761796,0.354215,-0.166231,0.223961,2.336728,-0.959610,1.201422
13.765274,0.353602,-0.165181,0.223059,2.355617,-0.951486,1.183024
13.775151,0.353545,-0.164763,0.223073,2.360343,-0.954556,1.183939
13.785181,0.353438,-0.164547,0.223077,2.359982,-0.960250,1.183733
13.795827,0.353301,-0.164427,0.223095,2.361757,-0.963125,1.183439
13.798818,0.353104,-0.164292,0.223097,2.362491,-0.970335,1.183978
13.802058,0.352975,-0.164020,0.223161,2.363759,-0.962860,1.176544
13.809571,0.352750,-0.163839,0.223098,2.363797,-0.968015,1.179170
13.813444,0.352653,-0.163658,0.223088,2.365485,-0.964933,1.178900
13.817029,0.352591,-0.163590,0.223245,2.363324,-0.967764,1.182922
13.820059,0.352642,-0.163540,0.223410,2.362281,-0.963023,1.184316
13.823138,0.352612,-0.163685,0.223542,2.359847,-0.970869,1.193646
13.829603,0.352678,-0.163866,0.223866,2.356037,-0.966356,1.193499
13.833063,0.352602,-0.163813,0.223842,2.353760,-0.967848,1.195307
13.839343,0.352381,-0.163334,0.223754,2.362682,-0.962374,1.189348
13.843045,0.352296,-0.162899,0.223671,2.365340,-0.964019,1.188449
13.846429,0.352210,-0.162510,0.223598,2.368908,-0.965593,1.188325
13.849573,0.352140,-0.162233,0.223534,2.371971,-0.965689,1.187748
13.853091,0.352073,-0.161807,0.223435,2.377348,-0.965784,1.186833
