t_sec,shoulder_joint,upperArm_joint,foreArm_joint,wrist1_joint,wrist2_joint,wrist3_joint,hand_gesture_id,hand_rog,hand_pose_name
0.001225,-0.056108492,-0.992613466,1.898521879,-2.538331130,2.036471296,1.646731839,2,1,five_open
0.025467,-0.056108492,-0.992613466,1.898521879,-2.538331130,2.036471296,1.646731839,2,1,five_open
0.049710,-0.056108492,-0.992613466,1.898521879,-2.538331130,2.036471296,1.646731839,2,1,five_open
0.073952,-0.056108492,-0.992613466,1.898521879,-2.538331130,2.036471296,1.646731839,2,1,five_open
0.098195,-0.056108492,-0.992613466,1.898521879,-2.538331130,2.036471296,1.646731839,2,1,five_open
0.122437,-0.056108492,-0.992613466,1.898521879,-2.538331130,2.036471296,1.646731839,2,1,five_open
0.146680,-0.056108492,-0.992613466,1.898521879,-2.538331130,2.036471296,1.646731839,2,1,five_open
0.170922,-0.056108492,-0.992613466,1.898521879,-2.538331130,2.036471296,1.646731839,2,1,five_open
0.195164,-0.056108492,-0.992613466,1.898521879,-2.538331130,2.036471296,1.646731839,2,1,five_open
0.219407,-0.056108492,-0.992613466,1.898521879,-2.538331130,2.036471296,1.646731839,2,1,five_open
0.243649,-0.056108492,-0.992613466,1.898521879,-2.538331130,2.036471296,1.646731839,2,1,five_open
0.267892,-0.056108492,-0.992613466,1.898521879,-2.538331130,2.036471296,1.646731839,2,1,five_open
0.292134,-0.056108492,-0.992613466,1.898521879,-2.538331130,2.036471296,1.646731839,2,1,five_open
0.316377,-0.056108492,-0.992613466,1.898521879,-2.538331130,2.036471296,1.646731839,2,1,five_open
0.340619,-0.056108492,-0.992613466,1.898521879,-2.538331130,2.036471296,1.646731839,2,1,five_open
0.364861,-0.056108492,-0.992613466,1.898521879,-2.538331130,2.036471296,1.646731839,2,1,five_open
0.389104,-0.056108492,-0.992613466,1.898521879,-2.538331130,2.036471296,1.646731839,2,1,five_open
0.413346,-0.056108492,-0.992613466,1.898521879,-2.538331130,2.036471296,1.646731839,2,1,five_open
0.437589,-0.056108492,-0.992613466,1.898521879,-2.538331130,2.036471296,1.646731839,2,1,five_open
0.461831,-0.055931990,-0.993425840,1.898980771,-2.537343117,2.035650333,1.645678885,2,1,five_open
0.486073,-0.055705266,-0.994469363,1.899570234,-2.536073977,2.034595776,1.644326327,2,1,five_open
0.510316,-0.055478542,-0.995512887,1.900159697,-2.534804838,2.033541219,1.642973768,2,1,five_open
0.534558,-0.055251819,-0.996556411,1.900749160,-2.533535699,2.032486662,1.641621210,2,1,five_open
0.558801,-0.055025095,-0.997599935,1.901338623,-2.532266560,2.031432106,1.640268652,2,1,five_open
0.583043,-0.054798371,-0.998643459,1.901928086,-2.530997420,2.030377549,1.638916094,2,1,five_open
0.607286,-0.054571647,-0.999686982,1.902517549,-2.529728281,2.029322992,1.637563536,2,1,five_open
0.631528,-0.054344924,-1.000730506,1.903107012,-2.528459142,2.028268435,1.636210977,2,1,five_open
0.655770,-0.054118200,-1.001774030,1.903696475,-2.527190002,2.027213878,1.634858419,2,1,five_open
0.680013,-0.053316795,-1.003697599,1.905419441,-2.525932905,2.024283595,1.633603298,2,1,five_open
0.704255,-0.052550782,-1.005024886,1.906961843,-2.525666777,2.021713698,1.633425055,2,1,five_open
0.728498,-0.051834990,-1.006121023,1.908373674,-2.525681775,2.019377395,1.633546417,2,1,five_open
0.752740,-0.051119198,-1.007217160,1.909785505,-2.525696774,2.017041091,1.633667779,2,1,five_open
0.776983,-0.050403406,-1.008313298,1.911197336,-2.525711772,2.014704788,1.633789140,2,1,five_open
0.801225,-0.049687614,-1.009409435,1.912609167,-2.525726771,2.012368484,1.633910502,2,1,five_open
0.825467,-0.048971823,-1.010505572,1.914020998,-2.525741769,2.010032181,1.634031864,2,1,five_open
0.849710,-0.048256031,-1.011601709,1.915432829,-2.525756767,2.007695878,1.634153225,2,1,five_open
0.873952,-0.047540239,-1.012697846,1.916844659,-2.525771766,2.005359574,1.634274587,2,1,five_open
0.898195,-0.047675815,-1.014743266,1.918190593,-2.525538033,2.006462972,1.633919273,2,1,five_open
0.922437,-0.048386073,-1.015908642,1.918403024,-2.525292258,2.009442096,1.633466521,2,1,five_open
0.946680,-0.049237441,-1.016857925,1.918337127,-2.525043527,2.012881798,1.632989845,2,1,five_open
0.970922,-0.050088809,-1.017807208,1.918271230,-2.524794796,2.016321499,1.632513169,2,1,five_open
0.995164,-0.050940178,-1.018756492,1.918205334,-2.524546065,2.019761201,1.632036493,2,1,five_open
1.019407,-0.051791546,-1.019705775,1.918139437,-2.524297333,2.023200903,1.631559816,2,1,five_open
1.043649,-0.052642914,-1.020655058,1.918073540,-2.524048602,2.026640604,1.631083140,2,1,five_open
1.067892,-0.053494282,-1.021604341,1.918007643,-2.523799871,2.030080306,1.630606464,2,1,five_open
1.092134,-0.054345651,-1.022553625,1.917941746,-2.523551139,2.033520007,1.630129787,2,1,five_open
1.116377,-0.055197019,-1.023502908,1.917875849,-2.523302408,2.036959709,1.629653111,2,1,five_open
1.140619,-0.055197019,-1.023502908,1.917875849,-2.523302408,2.036959709,1.629653111,2,1,five_open
1.164861,-0.055197019,-1.023502908,1.917875849,-2.523302408,2.036959709,1.629653111,2,1,five_open
1.189104,-0.055197019,-1.023502908,1.917875849,-2.523302408,2.036959709,1.629653111,2,1,five_open
1.213346,-0.055057333,-1.024029793,1.918303118,-2.523009637,2.036495058,1.629344026,2,1,five_open
1.237589,-0.054784843,-1.025057602,1.919136604,-2.522438521,2.035588651,1.628741085,2,1,five_open
1.261831,-0.054512352,-1.026085410,1.919970090,-2.521867404,2.034682244,1.628138144,2,1,five_open
1.286073,-0.054239862,-1.027113219,1.920803576,-2.521296288,2.033775836,1.627535203,2,1,five_open
1.310316,-0.053967372,-1.028141028,1.921637062,-2.520725171,2.032869429,1.626932262,2,1,five_open
1.334558,-0.053694882,-1.029168837,1.922470548,-2.520154055,2.031963022,1.626329321,2,1,five_open
1.358801,-0.053422392,-1.030196646,1.923304034,-2.519582939,2.031056614,1.625726380,2,1,five_open
1.383043,-0.053149902,-1.031224454,1.924137519,-2.519011822,2.030150207,1.625123439,2,1,five_open
1.407286,-0.052877412,-1.032252263,1.924971005,-2.518440706,2.029243800,1.624520498,2,1,five_open
1.431528,-0.052604922,-1.033280072,1.925804491,-2.517869589,2.028337392,1.623917557,2,1,five_open
1.455770,-0.052472118,-1.033780996,1.926210708,-2.517591244,2.027895636,1.623623701,2,1,five_open
1.480013,-0.052472118,-1.033780996,1.926210708,-2.517591244,2.027895636,1.623623701,2,1,five_open
1.504255,-0.052472118,-1.033780996,1.926210708,-2.517591244,2.027895636,1.623623701,2,1,five_open
1.528498,-0.052472118,-1.033780996,1.926210708,-2.517591244,2.027895636,1.623623701,2,1,five_open
1.552740,-0.052472118,-1.033780996,1.926210708,-2.517591244,2.027895636,1.623623701,2,1,five_open
1.576983,-0.052472118,-1.033780996,1.926210708,-2.517591244,2.027895636,1.623623701,2,1,five_open
1.601225,-0.052472118,-1.033780996,1.926210708,-2.517591244,2.027895636,1.623623701,2,1,five_open
1.625467,-0.052472118,-1.033780996,1.926210708,-2.517591244,2.027895636,1.623623701,2,1,five_open
1.649710,-0.052472118,-1.033780996,1.926210708,-2.517591244,2.027895636,1.623623701,2,1,five_open
1.673952,-0.052472118,-1.033780996,1.926210708,-2.517591244,2.027895636,1.623623701,2,1,five_open
1.698195,-0.052472118,-1.033780996,1.926210708,-2.517591244,2.027895636,1.623623701,2,1,five_open
1.722437,-0.052472118,-1.033780996,1.926210708,-2.517591244,2.027895636,1.623623701,2,1,five_open
1.746680,-0.052472118,-1.033780996,1.926210708,-2.517591244,2.027895636,1.623623701,2,1,five_open
1.770922,-0.052897011,-1.034572332,1.926918275,-2.516986174,2.028260422,1.623371898,2,1,five_open
1.795164,-0.053321905,-1.035363667,1.927625841,-2.516381103,2.028625208,1.623120095,2,1,five_open
1.819407,-0.053746798,-1.036155003,1.928333408,-2.515776033,2.028989993,1.622868292,2,1,five_open
1.843649,-0.054171691,-1.036946339,1.929040974,-2.515170962,2.029354779,1.622616489,2,1,five_open
1.867892,-0.054596584,-1.037737674,1.929748541,-2.514565892,2.029719565,1.622364686,2,1,five_open
1.892134,-0.055021478,-1.038529010,1.930456107,-2.513960822,2.030084351,1.622112883,2,1,five_open
1.916377,-0.055446371,-1.039320346,1.931163674,-2.513355751,2.030449137,1.621861080,2,1,five_open
1.940619,-0.055871264,-1.040111682,1.931871240,-2.512750681,2.030813922,1.621609277,2,1,five_open
1.964861,-0.056296158,-1.040903017,1.932578807,-2.512145610,2.031178708,1.621357474,2,1,five_open
1.989104,-0.056721051,-1.041694353,1.933286373,-2.511540540,2.031543494,1.621105671,2,1,five_open
2.013346,-0.056721051,-1.041694353,1.933286373,-2.511540540,2.031543494,1.621105671,2,1,five_open
2.037589,-0.056721051,-1.041694353,1.933286373,-2.511540540,2.031543494,1.621105671,2,1,five_open
2.061831,-0.056721051,-1.041694353,1.933286373,-2.511540540,2.031543494,1.621105671,2,1,five_open
2.086073,-0.056721051,-1.041694353,1.933286373,-2.511540540,2.031543494,1.621105671,2,1,five_open
2.110316,-0.056721051,-1.041694353,1.933286373,-2.511540540,2.031543494,1.621105671,2,1,five_open
2.134558,-0.056721051,-1.041694353,1.933286373,-2.511540540,2.031543494,1.621105671,2,1,five_open
2.158801,-0.056721051,-1.041694353,1.933286373,-2.511540540,2.031543494,1.621105671,2,1,five_open
2.183043,-0.056721051,-1.041694353,1.933286373,-2.511540540,2.031543494,1.621105671,2,1,five_open
2.207286,-0.056716337,-1.041723309,1.933277005,-2.511500502,2.031508874,1.621115324,2,1,five_open
2.231528,-0.056593033,-1.042480709,1.933031965,-2.510453224,2.030603301,1.621367832,2,1,five_open
2.255770,-0.056373656,-1.043828242,1.932596002,-2.508589954,2.028992149,1.621817081,2,1,five_open
2.280013,-0.056154278,-1.045175774,1.932160038,-2.506726685,2.027380996,1.622266331,2,1,five_open
2.304255,-0.055934901,-1.046523306,1.931724075,-2.504863415,2.025769844,1.622715580,2,1,five_open
2.328498,-0.055715524,-1.047870838,1.931288112,-2.503000146,2.024158692,1.623164830,2,1,five_open
2.352740,-0.055496147,-1.049218370,1.930852148,-2.501136877,2.022547539,1.623614079,2,1,five_open
2.376983,-0.055276770,-1.050565903,1.930416185,-2.499273607,2.020936387,1.624063329,2,1,five_open
2.401225,-0.055057392,-1.051913435,1.929980221,-2.497410338,2.019325234,1.624512578,2,1,five_open
2.425467,-0.054838015,-1.053260967,1.929544258,-2.495547068,2.017714082,1.624961828,2,1,five_open
2.449710,-0.054623352,-1.054579543,1.929117663,-2.493723837,2.016137550,1.625401424,2,1,five_open
2.473952,-0.054527279,-1.055169675,1.928926739,-2.492907846,2.015431970,1.625598166,2,1,five_open
2.498195,-0.054527279,-1.055169675,1.928926739,-2.492907846,2.015431970,1.625598166,2,1,five_open
2.522437,-0.054527279,-1.055169675,1.928926739,-2.492907846,2.015431970,1.625598166,2,1,five_open
2.546680,-0.054527279,-1.055169675,1.928926739,-2.492907846,2.015431970,1.625598166,2,1,five_open
2.570922,-0.054527279,-1.055169675,1.928926739,-2.492907846,2.015431970,1.625598166,2,1,five_open
2.595164,-0.054527279,-1.055169675,1.928926739,-2.492907846,2.015431970,1.625598166,2,1,five_open
2.619407,-0.054527279,-1.055169675,1.928926739,-2.492907846,2.015431970,1.625598166,2,1,five_open
2.643649,-0.054527279,-1.055169675,1.928926739,-2.492907846,2.015431970,1.625598166,2,1,five_open
2.667892,-0.054527279,-1.055169675,1.928926739,-2.492907846,2.015431970,1.625598166,2,1,five_open
2.692134,-0.054527279,-1.055169675,1.928926739,-2.492907846,2.015431970,1.625598166,2,1,five_open
2.716377,-0.054478256,-1.055198115,1.929066455,-2.492831388,2.015334026,1.625484087,2,1,five_open
2.740619,-0.053900258,-1.055533430,1.930713754,-2.491929923,2.014179230,1.624139058,2,1,five_open
2.764861,-0.053322261,-1.055868745,1.932361054,-2.491028457,2.013024435,1.622794029,2,1,five_open
2.789104,-0.052744263,-1.056204060,1.934008354,-2.490126991,2.011869639,1.621449000,2,1,five_open
2.813346,-0.052166265,-1.056539375,1.935655653,-2.489225526,2.010714843,1.620103971,2,1,five_open
2.837589,-0.051588268,-1.056874690,1.937302953,-2.488324060,2.009560048,1.618758941,2,1,five_open
2.861831,-0.051010270,-1.057210005,1.938950253,-2.487422595,2.008405252,1.617413912,2,1,five_open
2.886073,-0.050432272,-1.057545320,1.940597552,-2.486521129,2.007250456,1.616068883,2,1,five_open
2.910316,-0.049854275,-1.057880636,1.942244852,-2.485619663,2.006095660,1.614723854,2,1,five_open
2.934558,-0.049276277,-1.058215951,1.943892152,-2.484718198,2.004940865,1.613378825,2,1,five_open
2.958801,-0.048747302,-1.058522826,1.945399736,-2.483893190,2.003884013,1.612147874,2,1,five_open
2.983043,-0.048747302,-1.058522826,1.945399736,-2.483893190,2.003884013,1.612147874,2,1,five_open
3.007286,-0.048747302,-1.058522826,1.945399736,-2.483893190,2.003884013,1.612147874,2,1,five_open
3.031528,-0.048747302,-1.058522826,1.945399736,-2.483893190,2.003884013,1.612147874,2,1,five_open
3.055770,-0.048747302,-1.058522826,1.945399736,-2.483893190,2.003884013,1.612147874,2,1,five_open
3.080013,-0.048747302,-1.058522826,1.945399736,-2.483893190,2.003884013,1.612147874,2,1,five_open
3.104255,-0.048747302,-1.058522826,1.945399736,-2.483893190,2.003884013,1.612147874,2,1,five_open
3.128498,-0.048747302,-1.058522826,1.945399736,-2.483893190,2.003884013,1.612147874,2,1,five_open
3.152740,-0.048747302,-1.058522826,1.945399736,-2.483893190,2.003884013,1.612147874,2,1,five_open
3.176983,-0.048692795,-1.058542537,1.945452934,-2.483819081,2.003877047,1.612129445,2,1,five_open
3.201225,-0.048086321,-1.058761853,1.946044847,-2.482994502,2.003799545,1.611924396,2,1,five_open
3.225467,-0.047156048,-1.059098261,1.946952784,-2.481729678,2.003680664,1.611609871,2,1,five_open
3.249710,-0.046225776,-1.059434670,1.947860721,-2.480464854,2.003561783,1.611295347,2,1,five_open
3.273952,-0.045295503,-1.059771078,1.948768658,-2.479200030,2.003442902,1.610980822,2,1,five_open
3.298195,-0.044365231,-1.060107487,1.949676594,-2.477935207,2.003324021,1.610666297,2,1,five_open
3.322437,-0.043434958,-1.060443896,1.950584531,-2.476670383,2.003205140,1.610351772,2,1,five_open
3.346680,-0.042504686,-1.060780304,1.951492468,-2.475405559,2.003086258,1.610037247,2,1,five_open
3.370922,-0.041574413,-1.061116713,1.952400405,-2.474140735,2.002967377,1.609722722,2,1,five_open
3.395164,-0.040644141,-1.061453121,1.953308342,-2.472875911,2.002848496,1.609408197,2,1,five_open
3.419407,-0.039768375,-1.061769819,1.954163080,-2.471685197,2.002736581,1.609112101,2,1,five_open
3.443649,-0.039444577,-1.061886912,1.954479104,-2.471244952,2.002695202,1.609002625,2,1,five_open
3.467892,-0.039444577,-1.061886912,1.954479104,-2.471244952,2.002695202,1.609002625,2,1,five_open
3.492134,-0.039444577,-1.061886912,1.954479104,-2.471244952,2.002695202,1.609002625,2,1,five_open
3.516377,-0.039444577,-1.061886912,1.954479104,-2.471244952,2.002695202,1.609002625,2,1,five_open
3.540619,-0.039444577,-1.061886912,1.954479104,-2.471244952,2.002695202,1.609002625,2,1,five_open
3.564861,-0.039444577,-1.061886912,1.954479104,-2.471244952,2.002695202,1.609002625,2,1,five_open
3.589104,-0.039444577,-1.061886912,1.954479104,-2.471244952,2.002695202,1.609002625,2,1,five_open
3.613346,-0.039444577,-1.061886912,1.954479104,-2.471244952,2.002695202,1.609002625,2,1,five_open
3.637589,-0.039444577,-1.061886912,1.954479104,-2.471244952,2.002695202,1.609002625,2,1,five_open
3.661831,-0.039444577,-1.061886912,1.954479104,-2.471244952,2.002695202,1.609002625,2,1,five_open
3.686073,-0.039444577,-1.061886912,1.954479104,-2.471244952,2.002695202,1.609002625,5,4,two_grasp_b
3.710316,-0.039444577,-1.061886912,1.954479104,-2.471244952,2.002695202,1.609002625,5,4,two_grasp_b
3.734558,-0.039444577,-1.061886912,1.954479104,-2.471244952,2.002695202,1.609002625,5,4,two_grasp_b
3.758801,-0.039444577,-1.061886912,1.954479104,-2.471244952,2.002695202,1.609002625,5,4,two_grasp_b
3.783043,-0.039444577,-1.061886912,1.954479104,-2.471244952,2.002695202,1.609002625,5,4,two_grasp_b
3.807286,-0.039444577,-1.061886912,1.954479104,-2.471244952,2.002695202,1.609002625,5,4,two_grasp_b
3.831528,-0.039444577,-1.061886912,1.954479104,-2.471244952,2.002695202,1.609002625,5,4,two_grasp_b
3.855770,-0.039444577,-1.061886912,1.954479104,-2.471244952,2.002695202,1.609002625,5,4,two_grasp_b
3.880013,-0.039444577,-1.061886912,1.954479104,-2.471244952,2.002695202,1.609002625,5,4,two_grasp_b
3.904255,-0.039444577,-1.061886912,1.954479104,-2.471244952,2.002695202,1.609002625,5,4,two_grasp_b
3.928498,-0.039346883,-1.061962792,1.954395015,-2.471223560,2.003670981,1.609248791,5,4,two_grasp_b
3.952740,-0.038968812,-1.062256444,1.954069593,-2.471140774,2.007447218,1.610201446,5,4,two_grasp_b
3.976983,-0.038590740,-1.062550096,1.953744171,-2.471057989,2.011223455,1.611154101,5,4,two_grasp_b
4.001225,-0.038212669,-1.062843748,1.953418748,-2.470975203,2.014999692,1.612106757,5,4,two_grasp_b
4.025467,-0.037834597,-1.063137400,1.953093326,-2.470892417,2.018775929,1.613059412,5,4,two_grasp_b
4.049710,-0.037456526,-1.063431052,1.952767904,-2.470809631,2.022552166,1.614012067,5,4,two_grasp_b
4.073952,-0.037078454,-1.063724704,1.952442482,-2.470726845,2.026328404,1.614964722,5,4,two_grasp_b
4.098195,-0.036700383,-1.064018356,1.952117060,-2.470644060,2.030104641,1.615917377,5,4,two_grasp_b
4.122437,-0.036322311,-1.064312008,1.951791637,-2.470561274,2.033880878,1.616870033,5,4,two_grasp_b
4.146680,-0.035944240,-1.064605660,1.951466215,-2.470478488,2.037657115,1.617822688,5,4,two_grasp_b
4.170922,-0.035663862,-1.064823432,1.951224882,-2.470417094,2.040457573,1.618529177,5,4,two_grasp_b
4.195164,-0.035663862,-1.064823432,1.951224882,-2.470417094,2.040457573,1.618529177,5,4,two_grasp_b
4.219407,-0.035663862,-1.064823432,1.951224882,-2.470417094,2.040457573,1.618529177,5,4,two_grasp_b
4.243649,-0.035663862,-1.064823432,1.951224882,-2.470417094,2.040457573,1.618529177,5,4,two_grasp_b
4.267892,-0.036390787,-1.065925434,1.949715280,-2.470755854,2.042602625,1.619682190,5,4,two_grasp_b
4.292134,-0.037117712,-1.067027436,1.948205678,-2.471094614,2.044747677,1.620835202,5,4,two_grasp_b
4.316377,-0.037844636,-1.068129438,1.946696075,-2.471433373,2.046892729,1.621988214,5,4,two_grasp_b
4.340619,-0.038571561,-1.069231440,1.945186473,-2.471772133,2.049037781,1.623141227,5,4,two_grasp_b
4.364861,-0.039298486,-1.070333442,1.943676871,-2.472110893,2.051182832,1.624294239,5,4,two_grasp_b
4.389104,-0.040025411,-1.071435443,1.942167269,-2.472449653,2.053327884,1.625447252,5,4,two_grasp_b
4.413346,-0.040752336,-1.072537445,1.940657667,-2.472788413,2.055472936,1.626600264,5,4,two_grasp_b
4.437589,-0.041479260,-1.073639447,1.939148064,-2.473127172,2.057617988,1.627753277,5,4,two_grasp_b
4.461831,-0.042206185,-1.074741449,1.937638462,-2.473465932,2.059763040,1.628906289,5,4,two_grasp_b
4.486073,-0.042933110,-1.075843451,1.936128860,-2.473804692,2.061908092,1.630059302,5,4,two_grasp_b
4.510316,-0.042933110,-1.075843451,1.936128860,-2.473804692,2.061908092,1.630059302,5,4,two_grasp_b
4.534558,-0.042933110,-1.075843451,1.936128860,-2.473804692,2.061908092,1.630059302,5,4,two_grasp_b
4.558801,-0.042933110,-1.075843451,1.936128860,-2.473804692,2.061908092,1.630059302,5,4,two_grasp_b
4.583043,-0.042933110,-1.075843451,1.936128860,-2.473804692,2.061908092,1.630059302,5,4,two_grasp_b
4.607286,-0.042933110,-1.075843451,1.936128860,-2.473804692,2.061908092,1.630059302,5,4,two_grasp_b
4.631528,-0.042933110,-1.075843451,1.936128860,-2.473804692,2.061908092,1.630059302,5,4,two_grasp_b
4.655770,-0.042933110,-1.075843451,1.936128860,-2.473804692,2.061908092,1.630059302,5,4,two_grasp_b
4.680013,-0.040134718,-1.077944651,1.938658243,-2.475308155,2.049557992,1.630272514,5,4,two_grasp_b
4.704255,-0.037336326,-1.080045851,1.941187627,-2.476811618,2.037207893,1.630485725,5,4,two_grasp_b
4.728498,-0.034537934,-1.082147050,1.943717011,-2.478315081,2.024857793,1.630698937,5,4,two_grasp_b
4.752740,-0.031739542,-1.084248250,1.946246394,-2.479818544,2.012507693,1.630912149,5,4,two_grasp_b
4.776983,-0.028941150,-1.086349450,1.948775778,-2.481322007,2.000157594,1.631125361,5,4,two_grasp_b
4.801225,-0.026142759,-1.088450650,1.951305161,-2.482825470,1.987807494,1.631338572,5,4,two_grasp_b
4.825467,-0.023344367,-1.090551850,1.953834545,-2.484328933,1.975457394,1.631551784,5,4,two_grasp_b
4.849710,-0.020545975,-1.092653049,1.956363928,-2.485832396,1.963107294,1.631764996,5,4,two_grasp_b
4.873952,-0.017747583,-1.094754249,1.958893312,-2.487335859,1.950757195,1.631978207,5,4,two_grasp_b
4.898195,-0.014949191,-1.096855449,1.961422695,-2.488839322,1.938407095,1.632191419,5,4,two_grasp_b
4.922437,-0.014949191,-1.096855449,1.961422695,-2.488839322,1.938407095,1.632191419,5,4,two_grasp_b
4.946680,-0.014949191,-1.096855449,1.961422695,-2.488839322,1.938407095,1.632191419,5,4,two_grasp_b
4.970922,-0.014949191,-1.096855449,1.961422695,-2.488839322,1.938407095,1.632191419,5,4,two_grasp_b
4.995164,-0.014949191,-1.096855449,1.961422695,-2.488839322,1.938407095,1.632191419,5,4,two_grasp_b
5.019407,-0.014949191,-1.096855449,1.961422695,-2.488839322,1.938407095,1.632191419,5,4,two_grasp_b
5.043649,-0.015835468,-1.097001647,1.961689124,-2.489362075,1.940519109,1.633966648,5,4,two_grasp_b
5.067892,-0.017721537,-1.097312767,1.962256106,-2.490474536,1.945013645,1.637744479,5,4,two_grasp_b
5.092134,-0.019607605,-1.097623888,1.962823088,-2.491586997,1.949508180,1.641522310,5,4,two_grasp_b
5.116377,-0.021493674,-1.097935009,1.963390070,-2.492699458,1.954002716,1.645300140,5,4,two_grasp_b
5.140619,-0.024482179,-1.098258478,1.963274417,-2.493919293,1.961931183,1.649558866,5,4,two_grasp_b
5.164861,-0.030201765,-1.098612537,1.961467666,-2.495405127,1.978366571,1.655008920,5,4,two_grasp_b
5.189104,-0.035921350,-1.098966597,1.959660916,-2.496890961,1.994801959,1.660458973,5,4,two_grasp_b
5.213346,-0.041640936,-1.099320657,1.957854165,-2.498376796,2.011237347,1.665909027,5,4,two_grasp_b
5.237589,-0.047360522,-1.099674717,1.956047414,-2.499862630,2.027672735,1.671359081,5,4,two_grasp_b
5.261831,-0.053080107,-1.100028777,1.954240664,-2.501348465,2.044108123,1.676809135,5,4,two_grasp_b
5.286073,-0.057913416,-1.100236639,1.952167484,-2.502311546,2.058431497,1.680483959,5,4,two_grasp_b
5.310316,-0.061746933,-1.100279579,1.949793751,-2.502684919,2.070372350,1.682156182,5,4,two_grasp_b
5.334558,-0.065580450,-1.100322518,1.947420019,-2.503058293,2.082313202,1.683828405,5,4,two_grasp_b
5.358801,-0.069413967,-1.100365457,1.945046286,-2.503431667,2.094254055,1.685500628,5,4,two_grasp_b
5.383043,-0.072145047,-1.100396048,1.943355188,-2.503697666,2.102760975,1.686691956,5,4,two_grasp_b
5.407286,-0.072145047,-1.100396048,1.943355188,-2.503697666,2.102760975,1.686691956,5,4,two_grasp_b
5.431528,-0.072145047,-1.100396048,1.943355188,-2.503697666,2.102760975,1.686691956,5,4,two_grasp_b
5.455770,-0.072145047,-1.100396048,1.943355188,-2.503697666,2.102760975,1.686691956,5,4,two_grasp_b
5.480013,-0.072145047,-1.100396048,1.943355188,-2.503697666,2.102760975,1.686691956,5,4,two_grasp_b
5.504255,-0.072145047,-1.100396048,1.943355188,-2.503697666,2.102760975,1.686691956,5,4,two_grasp_b
5.528498,-0.072145047,-1.100396048,1.943355188,-2.503697666,2.102760975,1.686691956,5,4,two_grasp_b
5.552740,-0.072145047,-1.100396048,1.943355188,-2.503697666,2.102760975,1.686691956,5,4,two_grasp_b
5.576983,-0.072145047,-1.100396048,1.943355188,-2.503697666,2.102760975,1.686691956,5,4,two_grasp_b
5.601225,-0.073385582,-1.100693252,1.942311989,-2.504290916,2.105260787,1.691424013,5,4,two_grasp_b
5.625467,-0.075170969,-1.101120990,1.940810610,-2.505144726,2.108858537,1.698234427,5,4,two_grasp_b
5.649710,-0.076956356,-1.101548729,1.939309230,-2.505998536,2.112456286,1.705044841,5,4,two_grasp_b
5.673952,-0.078741743,-1.101976467,1.937807850,-2.506852346,2.116054036,1.711855255,5,4,two_grasp_b
5.698195,-0.080527131,-1.102404205,1.936306471,-2.507706156,2.119651785,1.718665669,5,4,two_grasp_b
5.722437,-0.082312518,-1.102831943,1.934805091,-2.508559966,2.123249535,1.725476083,5,4,two_grasp_b
5.746680,-0.087098519,-1.103009906,1.930121055,-2.509174843,2.136605854,1.735072523,5,4,two_grasp_b
5.770922,-0.091884519,-1.103187868,1.925437019,-2.509789720,2.149962172,1.744668964,5,4,two_grasp_b
5.795164,-0.096670520,-1.103365831,1.920752983,-2.510404597,2.163318491,1.754265404,5,4,two_grasp_b
5.819407,-0.101456521,-1.103543793,1.916068947,-2.511019475,2.176674809,1.763861845,5,4,two_grasp_b
5.843649,-0.105001987,-1.103424552,1.912428110,-2.511041102,2.187531316,1.768726228,5,4,two_grasp_b
5.867892,-0.108002600,-1.103174776,1.909245454,-2.510802169,2.197289885,1.771512255,5,4,two_grasp_b
5.892134,-0.111003214,-1.102925000,1.906062798,-2.510563236,2.207048454,1.774298281,5,4,two_grasp_b
5.916377,-0.114003827,-1.102675224,1.902880141,-2.510324304,2.216807023,1.777084308,5,4,two_grasp_b
5.940619,-0.117004441,-1.102425448,1.899697485,-2.510085371,2.226565592,1.779870334,5,4,two_grasp_b
5.964861,-0.120005054,-1.102175672,1.896514829,-2.509846438,2.236324161,1.782656361,5,4,two_grasp_b
5.989104,-0.120005054,-1.102175672,1.896514829,-2.509846438,2.236324161,1.782656361,5,4,two_grasp_b
6.013346,-0.120005054,-1.102175672,1.896514829,-2.509846438,2.236324161,1.782656361,5,4,two_grasp_b
6.037589,-0.120005054,-1.102175672,1.896514829,-2.509846438,2.236324161,1.782656361,5,4,two_grasp_b
6.061831,-0.119754290,-1.103090672,1.895886708,-2.510763306,2.233091962,1.786034194,5,4,two_grasp_b
6.086073,-0.119442814,-1.104227206,1.895106512,-2.511902160,2.229077209,1.790229842,5,4,two_grasp_b
6.110316,-0.119131337,-1.105363739,1.894326315,-2.513041014,2.225062455,1.794425491,5,4,two_grasp_b
6.134558,-0.118819861,-1.106500273,1.893546118,-2.514179867,2.221047701,1.798621139,5,4,two_grasp_b
6.158801,-0.118508384,-1.107636806,1.892765922,-2.515318721,2.217032947,1.802816787,5,4,two_grasp_b
6.183043,-0.118196908,-1.108773339,1.891985725,-2.516457574,2.213018193,1.807012436,5,4,two_grasp_b
6.207286,-0.119450223,-1.110443540,1.889322699,-2.518563190,2.215199111,1.813048392,5,4,two_grasp_b
6.231528,-0.120950496,-1.112197964,1.886362522,-2.520821381,2.218357838,1.819374788,5,4,two_grasp_b
6.255770,-0.122450768,-1.113952388,1.883402345,-2.523079572,2.221516565,1.825701184,5,4,two_grasp_b
6.280013,-0.123951041,-1.115706812,1.880442169,-2.525337763,2.224675292,1.832027580,5,4,two_grasp_b
6.304255,-0.125702077,-1.116546236,1.878110112,-2.526679085,2.231066218,1.834976143,5,4,two_grasp_b
6.328498,-0.127513826,-1.117164127,1.875930132,-2.527798423,2.238239699,1.837106891,5,4,two_grasp_b
6.352740,-0.129325575,-1.117782018,1.873750152,-2.528917760,2.245413180,1.839237638,5,4,two_grasp_b
6.376983,-0.131137324,-1.118399908,1.871570172,-2.530037098,2.252586661,1.841368386,5,4,two_grasp_b
6.401225,-0.132949074,-1.119017799,1.869390192,-2.531156435,2.259760141,1.843499134,5,4,two_grasp_b
6.425467,-0.135430803,-1.119947096,1.866574838,-2.533002787,2.269174014,1.847051287,5,4,two_grasp_b
6.449710,-0.137131829,-1.120707168,1.864898727,-2.534733214,2.275014182,1.850426626,5,4,two_grasp_b
6.473952,-0.138585897,-1.121383017,1.863519766,-2.536311066,2.279876541,1.853511526,5,4,two_grasp_b
6.498195,-0.140039966,-1.122058866,1.862140806,-2.537888917,2.284738900,1.856596426,5,4,two_grasp_b
6.522437,-0.141494034,-1.122734715,1.860761845,-2.539466769,2.289601259,1.859681326,5,4,two_grasp_b
6.546680,-0.142948103,-1.123410564,1.859382884,-2.541044620,2.294463618,1.862766226,5,4,two_grasp_b
6.570922,-0.144402172,-1.124086412,1.858003924,-2.542622472,2.299325978,1.865851125,5,4,two_grasp_b
6.595164,-0.145856240,-1.124762261,1.856624963,-2.544200323,2.304188337,1.868936025,5,4,two_grasp_b
6.619407,-0.147406608,-1.125488692,1.855057126,-2.545819513,2.309447947,1.872303250,5,4,two_grasp_b
6.643649,-0.149558847,-1.126531261,1.852308811,-2.547697068,2.317190379,1.877435005,5,4,two_grasp_b
6.667892,-0.151536521,-1.127522646,1.849224189,-2.549060276,2.324736092,1.882597782,5,4,two_grasp_b
6.692134,-0.152730107,-1.128149587,1.846883154,-2.549572646,2.329659837,1.886097066,5,4,two_grasp_b
6.716377,-0.153923692,-1.128776528,1.844542120,-2.550085017,2.334583583,1.889596350,5,4,two_grasp_b
6.740619,-0.155117278,-1.129403469,1.842201085,-2.550597387,2.339507328,1.893095633,5,4,two_grasp_b
6.764861,-0.156310863,-1.130030411,1.839860051,-2.551109758,2.344431073,1.896594917,6,5,two_open_b
6.789104,-0.157504449,-1.130657352,1.837519016,-2.551622128,2.349354819,1.900094201,6,5,two_open_b
6.813346,-0.158698034,-1.131284293,1.835177981,-2.552134499,2.354278564,1.903593485,6,5,two_open_b
6.837589,-0.159891620,-1.131911235,1.832836947,-2.552646869,2.359202310,1.907092768,6,5,two_open_b
6.861831,-0.160988906,-1.132487594,1.830684789,-2.553117901,2.363728804,1.910309727,6,5,two_open_b
6.886073,-0.161484321,-1.132747815,1.829713108,-2.553330568,2.365772476,1.911762156,6,5,two_open_b
6.910316,-0.161484321,-1.132747815,1.829713108,-2.553330568,2.365772476,1.911762156,6,5,two_open_b
6.934558,-0.162406061,-1.132763924,1.827646140,-2.553626588,2.371988448,1.914168853,6,5,two_open_b
6.958801,-0.164003898,-1.132791848,1.824063052,-2.554139739,2.382763835,1.918340862,6,5,two_open_b
6.983043,-0.165601734,-1.132819773,1.820479963,-2.554652890,2.393539222,1.922512871,6,5,two_open_b
7.007286,-0.167199571,-1.132847697,1.816896875,-2.555166041,2.404314609,1.926684881,6,5,two_open_b
7.031528,-0.168797407,-1.132875622,1.813313786,-2.555679192,2.415089996,1.930856890,6,5,two_open_b
7.055770,-0.170395244,-1.132903546,1.809730698,-2.556192343,2.425865383,1.935028899,6,5,two_open_b
7.080013,-0.171993080,-1.132931471,1.806147609,-2.556705494,2.436640770,1.939200908,6,5,two_open_b
7.104255,-0.173590917,-1.132959395,1.802564521,-2.557218644,2.447416157,1.943372917,6,5,two_open_b
7.128498,-0.175188753,-1.132987320,1.798981432,-2.557731795,2.458191545,1.947544927,6,5,two_open_b
7.152740,-0.177586726,-1.132876649,1.792920971,-2.558066736,2.471206062,1.954259873,6,5,two_open_b
7.176983,-0.179062958,-1.132749869,1.788927477,-2.558105656,2.478004609,1.958568123,6,5,two_open_b
7.201225,-0.179863094,-1.132611274,1.786450104,-2.557927445,2.480243739,1.961111061,6,5,two_open_b
7.225467,-0.180663230,-1.132472678,1.783972731,-2.557749235,2.482482870,1.963653999,6,5,two_open_b
7.249710,-0.181463366,-1.132334083,1.781495359,-2.557571024,2.484722001,1.966196936,6,5,two_open_b
7.273952,-0.182263501,-1.132195487,1.779017986,-2.557392813,2.486961132,1.968739874,6,5,two_open_b
7.298195,-0.183063637,-1.132056891,1.776540613,-2.557214603,2.489200263,1.971282812,6,5,two_open_b
7.322437,-0.183863773,-1.131918296,1.774063240,-2.557036392,2.491439393,1.973825750,6,5,two_open_b
7.346680,-0.184663909,-1.131779700,1.771585867,-2.556858182,2.493678524,1.976368687,6,5,two_open_b
7.370922,-0.186482726,-1.131886812,1.767816843,-2.557046766,2.496291848,1.980708321,6,5,two_open_b
7.395164,-0.187501406,-1.132132519,1.766525191,-2.557413560,2.496666041,1.982505017,6,5,two_open_b
7.419407,-0.188520087,-1.132378227,1.765233540,-2.557780355,2.497040234,1.984301714,6,5,two_open_b
7.443649,-0.189538767,-1.132623934,1.763941888,-2.558147150,2.497414427,1.986098410,6,5,two_open_b
7.467892,-0.190557448,-1.132869641,1.762650237,-2.558513945,2.497788619,1.987895106,6,5,two_open_b
7.492134,-0.191576129,-1.133115348,1.761358586,-2.558880739,2.498162812,1.989691802,6,5,two_open_b
7.516377,-0.192594809,-1.133361055,1.760066934,-2.559247534,2.498537005,1.991488498,6,5,two_open_b
7.540619,-0.193613490,-1.133606763,1.758775283,-2.559614329,2.498911198,1.993285195,6,5,two_open_b
7.564861,-0.194632170,-1.133852470,1.757483631,-2.559981123,2.499285391,1.995081891,6,5,two_open_b
7.589104,-0.195650851,-1.134098177,1.756191980,-2.560347918,2.499659584,1.996878587,6,5,two_open_b
7.613346,-0.195650851,-1.134098177,1.756191980,-2.560347918,2.499659584,1.996878587,6,5,two_open_b
7.637589,-0.195650851,-1.134098177,1.756191980,-2.560347918,2.499659584,1.996878587,6,5,two_open_b
7.661831,-0.195804069,-1.134117505,1.756015764,-2.560343961,2.499771388,1.997219075,6,5,two_open_b
7.686073,-0.196810278,-1.134244437,1.754858529,-2.560317973,2.500505619,1.999455113,6,5,two_open_b
7.710316,-0.197998174,-1.134394288,1.753492337,-2.560287292,2.501372427,2.002094903,6,5,two_open_b
7.734558,-0.199186070,-1.134544139,1.752126144,-2.560256612,2.502239235,2.004734692,6,5,two_open_b
7.758801,-0.200373966,-1.134693990,1.750759952,-2.560225932,2.503106043,2.007374482,6,5,two_open_b
7.783043,-0.201561861,-1.134843841,1.749393759,-2.560195251,2.503972851,2.010014272,6,5,two_open_b
7.807286,-0.202840628,-1.135548935,1.747257024,-2.560004883,2.503795855,2.013291585,6,5,two_open_b
7.831528,-0.204215520,-1.136841388,1.744305179,-2.559645590,2.502514681,2.017243293,6,5,two_open_b
7.855770,-0.205590412,-1.138133841,1.741353333,-2.559286298,2.501233507,2.021195002,6,5,two_open_b
7.880013,-0.206965304,-1.139426294,1.738401488,-2.558927005,2.499952334,2.025146710,6,5,two_open_b
7.904255,-0.208186978,-1.140699418,1.735625859,-2.558571670,2.498559356,2.028757931,6,5,two_open_b
7.928498,-0.208555661,-1.141864939,1.733831249,-2.558238365,2.496543951,2.030473602,6,5,two_open_b
7.952740,-0.208742657,-1.143007541,1.732245596,-2.557909753,2.494395970,2.031785521,6,5,two_open_b
7.976983,-0.208929653,-1.144150143,1.730659944,-2.557581141,2.492247988,2.033097439,6,5,two_open_b
8.001225,-0.209116650,-1.145292744,1.729074291,-2.557252529,2.490100006,2.034409358,6,5,two_open_b
8.025467,-0.209303646,-1.146435346,1.727488639,-2.556923917,2.487952024,2.035721277,6,5,two_open_b
8.049710,-0.209399772,-1.147022704,1.726673529,-2.556754993,2.486847847,2.036395673,6,5,two_open_b
8.073952,-0.209399772,-1.147022704,1.726673529,-2.556754993,2.486847847,2.036395673,6,5,two_open_b
8.098195,-0.209399772,-1.147022704,1.726673529,-2.556754993,2.486847847,2.036395673,6,5,two_open_b
8.122437,-0.209399772,-1.147022704,1.726673529,-2.556754993,2.486847847,2.036395673,6,5,two_open_b
8.146680,-0.209399772,-1.147022704,1.726673529,-2.556754993,2.486847847,2.036395673,6,5,two_open_b
8.170922,-0.209399772,-1.147022704,1.726673529,-2.556754993,2.486847847,2.036395673,6,5,two_open_b
8.195164,-0.209399772,-1.147022704,1.726673529,-2.556754993,2.486847847,2.036395673,6,5,two_open_b
8.219407,-0.209399772,-1.147022704,1.726673529,-2.556754993,2.486847847,2.036395673,6,5,two_open_b
8.243649,-0.209399772,-1.147022704,1.726673529,-2.556754993,2.486847847,2.036395673,6,5,two_open_b
8.267892,-0.209399772,-1.147022704,1.726673529,-2.556754993,2.486847847,2.036395673,6,5,two_open_b
8.292134,-0.209399772,-1.147022704,1.726673529,-2.556754993,2.486847847,2.036395673,6,5,two_open_b
8.316377,-0.209399772,-1.147022704,1.726673529,-2.556754993,2.486847847,2.036395673,6,5,two_open_b
8.340619,-0.209432179,-1.147479058,1.726110276,-2.556435203,2.484510125,2.037511745,6,5,two_open_b
8.364861,-0.209503696,-1.148486144,1.724867285,-2.555729489,2.479351220,2.039974701,6,5,two_open_b
8.389104,-0.209575212,-1.149493231,1.723624293,-2.555023775,2.474192316,2.042437657,6,5,two_open_b
8.413346,-0.209646729,-1.150500317,1.722381302,-2.554318061,2.469033411,2.044900613,6,5,two_open_b
8.437589,-0.209718246,-1.151507403,1.721138311,-2.553612347,2.463874507,2.047363570,6,5,two_open_b
8.461831,-0.209789762,-1.152514489,1.719895320,-2.552906632,2.458715602,2.049826526,6,5,two_open_b
8.486073,-0.209861279,-1.153521575,1.718652328,-2.552200918,2.453556697,2.052289482,6,5,two_open_b
8.510316,-0.209932795,-1.154528662,1.717409337,-2.551495204,2.448397793,2.054752439,6,5,two_open_b
8.534558,-0.210004312,-1.155535748,1.716166346,-2.550789490,2.443238888,2.057215395,6,5,two_open_b
8.558801,-0.210075829,-1.156542834,1.714923354,-2.550083776,2.438079984,2.059678351,6,5,two_open_b
8.583043,-0.210114938,-1.157093566,1.714243616,-2.549697851,2.435258801,2.061025236,6,5,two_open_b
8.607286,-0.210114938,-1.157093566,1.714243616,-2.549697851,2.435258801,2.061025236,6,5,two_open_b
8.631528,-0.210114938,-1.157093566,1.714243616,-2.549697851,2.435258801,2.061025236,6,5,two_open_b
8.655770,-0.210114938,-1.157093566,1.714243616,-2.549697851,2.435258801,2.061025236,6,5,two_open_b
8.680013,-0.210114938,-1.157093566,1.714243616,-2.549697851,2.435258801,2.061025236,6,5,two_open_b
8.704255,-0.210114938,-1.157093566,1.714243616,-2.549697851,2.435258801,2.061025236,6,5,two_open_b
8.728498,-0.210114938,-1.157093566,1.714243616,-2.549697851,2.435258801,2.061025236,6,5,two_open_b
8.752740,-0.210288090,-1.157518496,1.713476574,-2.548727058,2.434441922,2.062325654,6,5,two_open_b
8.776983,-0.210740581,-1.158628951,1.711472089,-2.546190118,2.432307200,2.065723989,6,5,two_open_b
8.801225,-0.211193072,-1.159739405,1.709467604,-2.543653179,2.430172478,2.069122324,6,5,two_open_b
8.825467,-0.211645564,-1.160849860,1.707463120,-2.541116240,2.428037756,2.072520659,6,5,two_open_b
8.849710,-0.212098055,-1.161960314,1.705458635,-2.538579300,2.425903034,2.075918994,6,5,two_open_b
8.873952,-0.212550546,-1.163070769,1.703454151,-2.536042361,2.423768313,2.079317329,6,5,two_open_b
8.898195,-0.213003038,-1.164181224,1.701449666,-2.533505421,2.421633591,2.082715664,6,5,two_open_b
8.922437,-0.213455529,-1.165291678,1.699445181,-2.530968482,2.419498869,2.086113999,6,5,two_open_b
8.946680,-0.213908020,-1.166402133,1.697440697,-2.528431543,2.417364147,2.089512334,6,5,two_open_b
8.970922,-0.214360511,-1.167512587,1.695436212,-2.525894603,2.415229425,2.092910669,6,5,two_open_b
8.995164,-0.214639851,-1.168198112,1.694198770,-2.524328457,2.413911583,2.095008586,6,5,two_open_b
9.019407,-0.214989279,-1.168953387,1.693419769,-2.523962843,2.411748365,2.095370185,6,5,two_open_b
9.043649,-0.215454959,-1.169959937,1.692381599,-2.523475591,2.408865460,2.095852086,6,5,two_open_b
9.067892,-0.215920639,-1.170966487,1.691343429,-2.522988339,2.405982554,2.096333987,6,5,two_open_b
9.092134,-0.216386320,-1.171973038,1.690305259,-2.522501087,2.403099649,2.096815888,6,5,two_open_b
9.116377,-0.216852000,-1.172979588,1.689267089,-2.522013835,2.400216744,2.097297789,6,5,two_open_b
9.140619,-0.217317680,-1.173986138,1.688228920,-2.521526583,2.397333838,2.097779690,6,5,two_open_b
9.164861,-0.217783360,-1.174992688,1.687190750,-2.521039331,2.394450933,2.098261591,6,5,two_open_b
9.189104,-0.218249040,-1.175999238,1.686152580,-2.520552079,2.391568027,2.098743492,6,5,two_open_b
9.213346,-0.218714721,-1.177005788,1.685114410,-2.520064827,2.388685122,2.099225393,6,5,two_open_b
9.237589,-0.219337692,-1.178228532,1.683648535,-2.519243566,2.385354265,2.100067358,6,5,two_open_b
9.261831,-0.220132574,-1.179412569,1.681544042,-2.517680856,2.382701900,2.101741150,6,5,two_open_b
9.286073,-0.220811204,-1.180345332,1.679698718,-2.516239782,2.380769223,2.103294640,6,5,two_open_b
9.310316,-0.221489834,-1.181278094,1.677853393,-2.514798709,2.378836546,2.104848130,6,5,two_open_b
9.334558,-0.222168463,-1.182210857,1.676008069,-2.513357636,2.376903869,2.106401620,6,5,two_open_b
9.358801,-0.222900575,-1.183157654,1.673992604,-2.511706032,2.375068158,2.108155463,6,5,two_open_b
9.383043,-0.224887758,-1.184433807,1.667984442,-2.505113900,2.375507958,2.114611001,6,5,two_open_b
9.407286,-0.226874941,-1.185709959,1.661976280,-2.498521767,2.375947758,2.121066540,6,5,two_open_b
9.431528,-0.228862124,-1.186986112,1.655968118,-2.491929635,2.376387558,2.127522078,6,5,two_open_b
9.455770,-0.230849307,-1.188262265,1.649959956,-2.485337502,2.376827358,2.133977617,6,5,two_open_b
9.480013,-0.233185219,-1.189666887,1.642908783,-2.477083006,2.377702930,2.142088565,6,5,two_open_b
9.504255,-0.235630890,-1.190784796,1.635440985,-2.467445746,2.380048036,2.151519743,6,5,two_open_b
9.528498,-0.238076561,-1.191902704,1.627973187,-2.457808485,2.382393142,2.160950920,6,5,two_open_b
9.552740,-0.240522232,-1.193020613,1.620505389,-2.448171224,2.384738248,2.170382098,6,5,two_open_b
9.576983,-0.242967902,-1.194138522,1.613037591,-2.438533963,2.387083354,2.179813276,6,5,two_open_b
9.601225,-0.245360091,-1.195242396,1.605739933,-2.429107232,2.389331494,2.189044101,6,5,two_open_b
9.625467,-0.246889722,-1.197013563,1.601095823,-2.421928330,2.385799949,2.196399613,6,5,two_open_b
9.649710,-0.248419353,-1.198784730,1.596451714,-2.414749428,2.382268405,2.203755124,6,5,two_open_b
9.673952,-0.249948984,-1.200555898,1.591807604,-2.407570525,2.378736860,2.211110636,6,5,two_open_b
9.698195,-0.251478615,-1.202327065,1.587163495,-2.400391623,2.375205316,2.218466148,6,5,two_open_b
9.722437,-0.253004076,-1.204608053,1.583307398,-2.393263638,2.370164989,2.225231817,6,5,two_open_b
9.746680,-0.253898441,-1.206459186,1.581285544,-2.388625482,2.365139854,2.229483831,6,5,two_open_b
9.770922,-0.254792805,-1.208310319,1.579263690,-2.383987326,2.360114718,2.233735845,6,5,two_open_b
9.795164,-0.255687170,-1.210161452,1.577241837,-2.379349171,2.355089583,2.237987859,6,5,two_open_b
9.819407,-0.257182209,-1.212658143,1.574834182,-2.373058386,2.348722737,2.243243568,6,5,two_open_b
9.843649,-0.258725806,-1.215207020,1.572395340,-2.366634004,2.342247428,2.248580414,6,5,two_open_b
9.867892,-0.259876889,-1.216759249,1.571295647,-2.362902323,2.339276292,2.251090879,6,5,two_open_b
9.892134,-0.261027972,-1.218311478,1.570195953,-2.359170642,2.336305156,2.253601343,6,5,two_open_b
9.916377,-0.262179056,-1.219863706,1.569096260,-2.355438961,2.333334021,2.256111807,6,5,two_open_b
9.940619,-0.263377574,-1.222737263,1.567308940,-2.349760570,2.324940583,2.258573678,6,5,two_open_b
9.964861,-0.264074241,-1.224756335,1.566204325,-2.346027635,2.318068107,2.259609917,6,5,two_open_b
9.989104,-0.264770909,-1.226775407,1.565099710,-2.342294699,2.311195631,2.260646156,6,5,two_open_b
10.013346,-0.265467576,-1.228794479,1.563995095,-2.338561763,2.304323156,2.261682395,6,5,two_open_b
10.037589,-0.266164243,-1.230813551,1.562890480,-2.334828827,2.297450680,2.262718635,6,5,two_open_b
10.061831,-0.266316138,-1.232809078,1.562228323,-2.332843377,2.290273438,2.262046654,6,5,two_open_b
10.086073,-0.266503655,-1.235689065,1.561682669,-2.331134361,2.280725346,2.260232643,6,5,two_open_b
10.110316,-0.266691172,-1.238569052,1.561137015,-2.329425344,2.271177254,2.258418632,6,5,two_open_b
10.134558,-0.266878689,-1.241449039,1.560591361,-2.327716328,2.261629162,2.256604621,6,5,two_open_b
10.158801,-0.267066206,-1.244329026,1.560045707,-2.326007312,2.252081070,2.254790610,6,5,two_open_b
10.183043,-0.267206288,-1.245887685,1.560187680,-2.326245006,2.247955280,2.253025192,6,5,two_open_b
10.207286,-0.267472980,-1.248008623,1.560220539,-2.325799000,2.242254751,2.251122684,6,5,two_open_b
10.231528,-0.267866553,-1.250693051,1.560144051,-2.324667822,2.234976091,2.249082790,6,5,two_open_b
10.255770,-0.268260127,-1.253377479,1.560067562,-2.323536644,2.227697432,2.247042896,6,5,two_open_b
10.280013,-0.268653700,-1.256061906,1.559991074,-2.322405466,2.220418772,2.245003002,6,5,two_open_b
10.304255,-0.268991371,-1.258124320,1.559857928,-2.321179432,2.214786590,2.243667633,6,5,two_open_b
10.328498,-0.269244862,-1.259250089,1.559639468,-2.319810560,2.211633720,2.243393156,6,5,two_open_b
10.352740,-0.269595417,-1.261296505,1.560278605,-2.318578845,2.207859242,2.242869830,6,5,two_open_b
10.376983,-0.269945971,-1.263342920,1.560917742,-2.317347130,2.204084764,2.242346503,6,5,two_open_b
10.401225,-0.270296526,-1.265389336,1.561556879,-2.316115414,2.200310286,2.241823176,6,5,two_open_b
10.425467,-0.270647080,-1.267435752,1.562196017,-2.314883699,2.196535808,2.241299849,6,5,two_open_b
10.449710,-0.270871025,-1.268919889,1.562944267,-2.314335683,2.194336069,2.240913613,6,5,two_open_b
10.473952,-0.270965060,-1.269925058,1.563819976,-2.314243908,2.193615163,2.240651483,6,5,two_open_b
10.498195,-0.271037154,-1.271542672,1.564826916,-2.312493301,2.192174749,2.240293127,6,5,two_open_b
10.522437,-0.271109248,-1.273160285,1.565833855,-2.310742693,2.190734335,2.239934771,5,4,two_grasp_b
10.546680,-0.271181342,-1.274777899,1.566840795,-2.308992086,2.189293922,2.239576415,5,4,two_grasp_b
10.570922,-0.271253436,-1.276395513,1.567847735,-2.307241479,2.187853508,2.239218059,5,4,two_grasp_b
10.595164,-0.271228466,-1.277092480,1.567997076,-2.305353715,2.187034702,2.239108553,5,4,two_grasp_b
10.619407,-0.271203497,-1.277789446,1.568146418,-2.303465952,2.186215896,2.238999048,5,4,two_grasp_b
10.643649,-0.271178528,-1.278486413,1.568295759,-2.301578188,2.185397091,2.238889542,5,4,two_grasp_b
10.667892,-0.271153559,-1.279183379,1.568445101,-2.299690425,2.184578285,2.238780037,5,4,two_grasp_b
10.692134,-0.271128590,-1.279880346,1.568594442,-2.297802661,2.183759479,2.238670532,5,4,two_grasp_b
10.716377,-0.271106649,-1.280492790,1.568725673,-2.296143829,2.183039971,2.238574306,5,4,two_grasp_b
10.740619,-0.271106649,-1.280492790,1.568725673,-2.296143829,2.183039971,2.238574306,5,4,two_grasp_b
10.764861,-0.271106649,-1.280492790,1.568725673,-2.296143829,2.183039971,2.238574306,5,4,two_grasp_b
10.789104,-0.271106649,-1.280492790,1.568725673,-2.296143829,2.183039971,2.238574306,5,4,two_grasp_b
10.813346,-0.271106649,-1.280492790,1.568725673,-2.296143829,2.183039971,2.238574306,5,4,two_grasp_b
10.837589,-0.271106649,-1.280492790,1.568725673,-2.296143829,2.183039971,2.238574306,5,4,two_grasp_b
10.861831,-0.271106649,-1.280492790,1.568725673,-2.296143829,2.183039971,2.238574306,5,4,two_grasp_b
10.886073,-0.271106649,-1.280492790,1.568725673,-2.296143829,2.183039971,2.238574306,5,4,two_grasp_b
10.910316,-0.271106649,-1.280492790,1.568725673,-2.296143829,2.183039971,2.238574306,5,4,two_grasp_b
10.934558,-0.271106649,-1.280492790,1.568725673,-2.296143829,2.183039971,2.238574306,5,4,two_grasp_b
10.958801,-0.271106649,-1.280492790,1.568725673,-2.296143829,2.183039971,2.238574306,5,4,two_grasp_b
10.983043,-0.271106649,-1.280492790,1.568725673,-2.296143829,2.183039971,2.238574306,5,4,two_grasp_b
11.007286,-0.271106649,-1.280492790,1.568725673,-2.296143829,2.183039971,2.238574306,5,4,two_grasp_b
11.031528,-0.271106649,-1.280492790,1.568725673,-2.296143829,2.183039971,2.238574306,5,4,two_grasp_b
11.055770,-0.271106649,-1.280492790,1.568725673,-2.296143829,2.183039971,2.238574306,5,4,two_grasp_b
11.080013,-0.270641899,-1.280830563,1.567778441,-2.295195358,2.181760191,2.240332555,5,4,two_grasp_b
11.104255,-0.269456368,-1.281692187,1.565362150,-2.292775906,2.178495601,2.244817670,5,4,two_grasp_b
11.128498,-0.268270837,-1.282553811,1.562945859,-2.290356453,2.175231012,2.249302785,5,4,two_grasp_b
11.152740,-0.267085307,-1.283415434,1.560529568,-2.287937001,2.171966422,2.253787900,5,4,two_grasp_b
11.176983,-0.265899776,-1.284277058,1.558113276,-2.285517549,2.168701833,2.258273015,5,4,two_grasp_b
11.201225,-0.264714245,-1.285138682,1.555696985,-2.283098096,2.165437243,2.262758130,5,4,two_grasp_b
11.225467,-0.263528715,-1.286000306,1.553280694,-2.280678644,2.162172654,2.267243245,5,4,two_grasp_b
11.249710,-0.262343184,-1.286861930,1.550864402,-2.278259191,2.158908064,2.271728360,5,4,two_grasp_b
11.273952,-0.261157653,-1.287723554,1.548448111,-2.275839739,2.155643475,2.276213474,5,4,two_grasp_b
11.298195,-0.259972122,-1.288585178,1.546031820,-2.273420287,2.152378885,2.280698589,5,4,two_grasp_b
11.322437,-0.259251342,-1.289109029,1.544562760,-2.271949305,2.150394076,2.283425455,5,4,two_grasp_b
11.346680,-0.259251342,-1.289109029,1.544562760,-2.271949305,2.150394076,2.283425455,5,4,two_grasp_b
11.370922,-0.259251342,-1.289109029,1.544562760,-2.271949305,2.150394076,2.283425455,5,4,two_grasp_b
11.395164,-0.259251342,-1.289109029,1.544562760,-2.271949305,2.150394076,2.283425455,5,4,two_grasp_b
11.419407,-0.258816770,-1.289022192,1.543950095,-2.273417960,2.152981331,2.283543403,5,4,two_grasp_b
11.443649,-0.258382199,-1.288935356,1.543337430,-2.274886614,2.155568585,2.283661350,5,4,two_grasp_b
11.467892,-0.257947627,-1.288848519,1.542724765,-2.276355269,2.158155840,2.283779298,5,4,two_grasp_b
11.492134,-0.257513055,-1.288761682,1.542112100,-2.277823923,2.160743094,2.283897245,5,4,two_grasp_b
11.516377,-0.257078484,-1.288674845,1.541499435,-2.279292578,2.163330349,2.284015193,5,4,two_grasp_b
11.540619,-0.256643912,-1.288588009,1.540886770,-2.280761233,2.165917604,2.284133140,5,4,two_grasp_b
11.564861,-0.256209340,-1.288501172,1.540274105,-2.282229887,2.168504858,2.284251088,5,4,two_grasp_b
11.589104,-0.255774768,-1.288414335,1.539661440,-2.283698542,2.171092113,2.284369035,5,4,two_grasp_b
11.613346,-0.255340197,-1.288327499,1.539048775,-2.285167196,2.173679367,2.284486983,5,4,two_grasp_b
11.637589,-0.254905625,-1.288240662,1.538436110,-2.286635851,2.176266622,2.284604930,5,4,two_grasp_b
11.661831,-0.254905625,-1.288240662,1.538436110,-2.286635851,2.176266622,2.284604930,5,4,two_grasp_b
11.686073,-0.254905625,-1.288240662,1.538436110,-2.286635851,2.176266622,2.284604930,5,4,two_grasp_b
11.710316,-0.254093743,-1.288593608,1.538910260,-2.287513685,2.174477512,2.283425679,5,4,two_grasp_b
11.734558,-0.252241036,-1.289399027,1.539992267,-2.289516896,2.170394777,2.280734637,5,4,two_grasp_b
11.758801,-0.250388329,-1.290204447,1.541074274,-2.291520107,2.166312041,2.278043595,5,4,two_grasp_b
11.783043,-0.248535621,-1.291009867,1.542156281,-2.293523317,2.162229306,2.275352553,5,4,two_grasp_b
11.807286,-0.246682914,-1.291815286,1.543238288,-2.295526528,2.158146571,2.272661511,5,4,two_grasp_b
11.831528,-0.244830206,-1.292620706,1.544320295,-2.297529739,2.154063836,2.269970469,5,4,two_grasp_b
11.855770,-0.242977499,-1.293426125,1.545402302,-2.299532949,2.149981101,2.267279427,5,4,two_grasp_b
11.880013,-0.241124792,-1.294231545,1.546484309,-2.301536160,2.145898365,2.264588385,5,4,two_grasp_b
11.904255,-0.239272084,-1.295036965,1.547566316,-2.303539371,2.141815630,2.261897343,5,4,two_grasp_b
11.928498,-0.237419377,-1.295842384,1.548648323,-2.305542582,2.137732895,2.259206301,5,4,two_grasp_b
11.952740,-0.236378551,-1.296294858,1.549256180,-2.306667958,2.135439270,2.257694510,5,4,two_grasp_b
11.976983,-0.236378551,-1.296294858,1.549256180,-2.306667958,2.135439270,2.257694510,5,4,two_grasp_b
12.001225,-0.236378551,-1.296294858,1.549256180,-2.306667958,2.135439270,2.257694510,5,4,two_grasp_b
12.025467,-0.236378551,-1.296294858,1.549256180,-2.306667958,2.135439270,2.257694510,5,4,two_grasp_b
12.049710,-0.236378551,-1.296294858,1.549256180,-2.306667958,2.135439270,2.257694510,5,4,two_grasp_b
12.073952,-0.236378551,-1.296294858,1.549256180,-2.306667958,2.135439270,2.257694510,5,4,two_grasp_b
12.098195,-0.235921249,-1.296377362,1.549501552,-2.307259687,2.135181632,2.256708234,5,4,two_grasp_b
12.122437,-0.234666029,-1.296603821,1.550175058,-2.308883884,2.134474457,2.254001070,5,4,two_grasp_b
12.146680,-0.233410810,-1.296830281,1.550848564,-2.310508081,2.133767282,2.251293906,5,4,two_grasp_b
12.170922,-0.232155590,-1.297056740,1.551522070,-2.312132279,2.133060107,2.248586742,5,4,two_grasp_b
12.195164,-0.230900371,-1.297283199,1.552195576,-2.313756476,2.132352932,2.245879578,5,4,two_grasp_b
12.219407,-0.229645151,-1.297509659,1.552869082,-2.315380674,2.131645757,2.243172413,5,4,two_grasp_b
12.243649,-0.228389932,-1.297736118,1.553542587,-2.317004871,2.130938582,2.240465249,5,4,two_grasp_b
12.267892,-0.227134712,-1.297962578,1.554216093,-2.318629068,2.130231407,2.237758085,5,4,two_grasp_b
12.292134,-0.225778060,-1.298102552,1.554753081,-2.319980404,2.129719899,2.235156028,5,4,two_grasp_b
12.316377,-0.223711095,-1.297636889,1.554334057,-2.319420942,2.130578609,2.233290016,5,4,two_grasp_b
12.340619,-0.222101433,-1.297088721,1.553669660,-2.318269752,2.131694956,2.232410280,5,4,two_grasp_b
12.364861,-0.221289687,-1.296396599,1.552577130,-2.316086092,2.133260841,2.233251432,5,4,two_grasp_b
12.389104,-0.220477942,-1.295704476,1.551484599,-2.313902433,2.134826725,2.234092585,5,4,two_grasp_b
12.413346,-0.219666196,-1.295012353,1.550392069,-2.311718774,2.136392609,2.234933737,5,4,two_grasp_b
12.437589,-0.218854451,-1.294320230,1.549299539,-2.309535115,2.137958494,2.235774890,5,4,two_grasp_b
12.461831,-0.218042706,-1.293628107,1.548207009,-2.307351455,2.139524378,2.236616042,5,4,two_grasp_b
12.486073,-0.217230960,-1.292935985,1.547114478,-2.305167796,2.141090262,2.237457194,5,4,two_grasp_b
12.510316,-0.216419215,-1.292243862,1.546021948,-2.302984137,2.142656147,2.238298347,5,4,two_grasp_b
12.534558,-0.215708902,-1.291638224,1.545065936,-2.301073339,2.144026364,2.239034392,5,4,two_grasp_b
12.558801,-0.214809945,-1.291811012,1.545500034,-2.301680540,2.142114703,2.237761573,5,4,two_grasp_b
12.583043,-0.213082927,-1.292142960,1.546333996,-2.302847057,2.138442142,2.235316315,5,4,two_grasp_b
12.607286,-0.211355910,-1.292474908,1.547167958,-2.304013573,2.134769582,2.232871056,5,4,two_grasp_b
12.631528,-0.209628892,-1.292806856,1.548001920,-2.305180089,2.131097021,2.230425798,5,4,two_grasp_b
12.655770,-0.207901874,-1.293138805,1.548835882,-2.306346605,2.127424460,2.227980540,5,4,two_grasp_b
12.680013,-0.206174856,-1.293470753,1.549669844,-2.307513121,2.123751900,2.225535282,5,4,two_grasp_b
12.704255,-0.204447838,-1.293802701,1.550503806,-2.308679638,2.120079339,2.223090024,5,4,two_grasp_b
12.728498,-0.202720821,-1.294134650,1.551337768,-2.309846154,2.116406779,2.220644765,5,4,two_grasp_b
12.752740,-0.200993803,-1.294466598,1.552171730,-2.311012670,2.112734218,2.218199507,5,4,two_grasp_b
12.776983,-0.199266785,-1.294798546,1.553005691,-2.312179186,2.109061657,2.215754249,5,4,two_grasp_b
12.801225,-0.198438724,-1.294957707,1.553405555,-2.312738501,2.107300758,2.214581810,5,4,two_grasp_b
12.825467,-0.198438724,-1.294957707,1.553405555,-2.312738501,2.107300758,2.214581810,5,4,two_grasp_b
12.849710,-0.198438724,-1.294957707,1.553405555,-2.312738501,2.107300758,2.214581810,5,4,two_grasp_b
12.873952,-0.198438724,-1.294957707,1.553405555,-2.312738501,2.107300758,2.214581810,5,4,two_grasp_b
12.898195,-0.198438724,-1.294957707,1.553405555,-2.312738501,2.107300758,2.214581810,5,4,two_grasp_b
12.922437,-0.198438724,-1.294957707,1.553405555,-2.312738501,2.107300758,2.214581810,5,4,two_grasp_b
12.946680,-0.198438724,-1.294957707,1.553405555,-2.312738501,2.107300758,2.214581810,5,4,two_grasp_b
12.970922,-0.198438724,-1.294957707,1.553405555,-2.312738501,2.107300758,2.214581810,5,4,two_grasp_b
12.995164,-0.198438724,-1.294957707,1.553405555,-2.312738501,2.107300758,2.214581810,6,5,two_open_b
13.019407,-0.198438724,-1.294957707,1.553405555,-2.312738501,2.107300758,2.214581810,6,5,two_open_b
13.043649,-0.198438724,-1.294957707,1.553405555,-2.312738501,2.107300758,2.214581810,6,5,two_open_b
13.067892,-0.198438724,-1.294957707,1.553405555,-2.312738501,2.107300758,2.214581810,6,5,two_open_b
13.092134,-0.198438724,-1.294957707,1.553405555,-2.312738501,2.107300758,2.214581810,6,5,two_open_b
13.116377,-0.198438724,-1.294957707,1.553405555,-2.312738501,2.107300758,2.214581810,6,5,two_open_b
13.140619,-0.198438724,-1.294957707,1.553405555,-2.312738501,2.107300758,2.214581810,6,5,two_open_b
13.164861,-0.198438724,-1.294957707,1.553405555,-2.312738501,2.107300758,2.214581810,6,5,two_open_b
13.189104,-0.198438724,-1.294957707,1.553405555,-2.312738501,2.107300758,2.214581810,6,5,two_open_b
13.213346,-0.197221227,-1.294992694,1.556203551,-2.313007614,2.102536593,2.209466323,6,5,two_open_b
13.237589,-0.196003731,-1.295027682,1.559001546,-2.313276727,2.097772429,2.204350836,6,5,two_open_b
13.261831,-0.194786234,-1.295062669,1.561799542,-2.313545840,2.093008264,2.199235348,6,5,two_open_b
13.286073,-0.193568738,-1.295097657,1.564597537,-2.313814953,2.088244100,2.194119861,6,5,two_open_b
13.310316,-0.192351241,-1.295132644,1.567395533,-2.314084066,2.083479935,2.189004374,6,5,two_open_b
13.334558,-0.191133744,-1.295167631,1.570193529,-2.314353180,2.078715770,2.183888887,6,5,two_open_b
13.358801,-0.189916248,-1.295202619,1.572991524,-2.314622293,2.073951606,2.178773400,6,5,two_open_b
13.383043,-0.188698751,-1.295237606,1.575789520,-2.314891406,2.069187441,2.173657912,6,5,two_open_b
13.407286,-0.187481255,-1.295272594,1.578587515,-2.315160519,2.064423277,2.168542425,6,5,two_open_b
13.431528,-0.186300511,-1.295312411,1.581458974,-2.315446004,2.059649406,2.163367443,6,5,two_open_b
13.455770,-0.187012337,-1.295405950,1.582881807,-2.315763103,2.059461429,2.162215137,6,5,two_open_b
13.480013,-0.187724163,-1.295499490,1.584304641,-2.316080203,2.059273451,2.161062831,6,5,two_open_b
13.504255,-0.188435990,-1.295593030,1.585727474,-2.316397302,2.059085474,2.159910525,6,5,two_open_b
13.528498,-0.189147816,-1.295686569,1.587150308,-2.316714401,2.058897496,2.158758219,6,5,two_open_b
13.552740,-0.189859643,-1.295780109,1.588573141,-2.317031500,2.058709519,2.157605913,6,5,two_open_b
13.576983,-0.190571469,-1.295873649,1.589995975,-2.317348599,2.058521541,2.156453607,6,5,two_open_b
13.601225,-0.191283295,-1.295967188,1.591418808,-2.317665699,2.058333564,2.155301301,6,5,two_open_b
13.625467,-0.191995122,-1.296060728,1.592841642,-2.317982798,2.058145586,2.154148995,6,5,two_open_b
13.649710,-0.192706948,-1.296154268,1.594264475,-2.318299897,2.057957609,2.152996689,6,5,two_open_b
13.673952,-0.193382022,-1.296242978,1.595613846,-2.318600624,2.057779337,2.151903878,6,5,two_open_b
13.698195,-0.193382022,-1.296242978,1.595613846,-2.318600624,2.057779337,2.151903878,6,5,two_open_b
13.722437,-0.193382022,-1.296242978,1.595613846,-2.318600624,2.057779337,2.151903878,6,5,two_open_b
13.746680,-0.193382022,-1.296242978,1.595613846,-2.318600624,2.057779337,2.151903878,6,5,two_open_b
13.770922,-0.193382022,-1.296242978,1.595613846,-2.318600624,2.057779337,2.151903878,6,5,two_open_b
13.795164,-0.193382022,-1.296242978,1.595613846,-2.318600624,2.057779337,2.151903878,6,5,two_open_b
13.819407,-0.193382022,-1.296242978,1.595613846,-2.318600624,2.057779337,2.151903878,6,5,two_open_b
13.843649,-0.193382022,-1.296242978,1.595613846,-2.318600624,2.057779337,2.151903878,6,5,two_open_b
13.867892,-0.193382022,-1.296242978,1.595613846,-2.318600624,2.057779337,2.151903878,6,5,two_open_b
13.892134,-0.193382022,-1.296242978,1.595613846,-2.318600624,2.057779337,2.151903878,6,5,two_open_b
13.916377,-0.193382022,-1.296242978,1.595613846,-2.318600624,2.057779337,2.151903878,6,5,two_open_b
13.940619,-0.193382022,-1.296242978,1.595613846,-2.318600624,2.057779337,2.151903878,6,5,two_open_b
13.964861,-0.193382022,-1.296242978,1.595613846,-2.318600624,2.057779337,2.151903878,6,5,two_open_b
13.989104,-0.193382022,-1.296242978,1.595613846,-2.318600624,2.057779337,2.151903878,6,5,two_open_b
14.013346,-0.193382022,-1.296242978,1.595613846,-2.318600624,2.057779337,2.151903878,6,5,two_open_b
14.037589,-0.193382022,-1.296242978,1.595613846,-2.318600624,2.057779337,2.151903878,6,5,two_open_b
14.061831,-0.193382022,-1.296242978,1.595613846,-2.318600624,2.057779337,2.151903878,6,5,two_open_b
14.086073,-0.193382022,-1.296242978,1.595613846,-2.318600624,2.057779337,2.151903878,6,5,two_open_b
14.110316,-0.193382022,-1.296242978,1.595613846,-2.318600624,2.057779337,2.151903878,6,5,two_open_b
14.134558,-0.193401451,-1.296077259,1.595688396,-2.318305773,2.057631931,2.151936207,6,5,two_open_b
14.158801,-0.193541373,-1.294883770,1.596225301,-2.316182288,2.056570332,2.152169041,6,5,two_open_b
14.183043,-0.193681296,-1.293690281,1.596762205,-2.314058803,2.055508732,2.152401874,6,5,two_open_b
14.207286,-0.193821218,-1.292496792,1.597299109,-2.311935318,2.054447133,2.152634707,6,5,two_open_b
14.231528,-0.193961141,-1.291303303,1.597836013,-2.309811833,2.053385534,2.152867541,6,5,two_open_b
14.255770,-0.194101063,-1.290109814,1.598372917,-2.307688348,2.052323934,2.153100374,6,5,two_open_b
14.280013,-0.194240986,-1.288916325,1.598909821,-2.305564863,2.051262335,2.153333207,6,5,two_open_b
14.304255,-0.194380908,-1.287722836,1.599446725,-2.303441378,2.050200735,2.153566041,6,5,two_open_b
14.328498,-0.194587885,-1.286236860,1.602596782,-2.302230830,2.049579115,2.153659011,6,5,two_open_b
14.352740,-0.194794862,-1.284750884,1.605746838,-2.301020283,2.048957495,2.153751981,6,5,two_open_b
14.376983,-0.194982411,-1.283430626,1.608822345,-2.300104587,2.048483280,2.153812622,6,5,two_open_b
14.401225,-0.195049465,-1.283138139,1.611435497,-2.301017524,2.048923259,2.153672759,6,5,two_open_b
14.425467,-0.195116520,-1.282845652,1.614048649,-2.301930462,2.049363238,2.153532895,6,5,two_open_b
14.449710,-0.195183575,-1.282553165,1.616661802,-2.302843400,2.049803217,2.153393032,6,5,two_open_b
14.473952,-0.195307561,-1.281430768,1.620273163,-2.302925210,2.052409106,2.153494644,6,5,two_open_b
14.498195,-0.195451644,-1.280015409,1.624236897,-2.302713627,2.055779575,2.153681498,6,5,two_open_b
14.522437,-0.195595728,-1.278600049,1.628200632,-2.302502044,2.059150044,2.153868351,6,5,two_open_b
14.546680,-0.195739811,-1.277184689,1.632164366,-2.302290461,2.062520513,2.154055205,6,5,two_open_b
14.570922,-0.195816840,-1.276061817,1.633514948,-2.301165940,2.065451003,2.154381921,6,5,two_open_b
14.595164,-0.195893869,-1.274938944,1.634865530,-2.300041420,2.068381493,2.154708638,6,5,two_open_b
14.619407,-0.195970897,-1.273816072,1.636216112,-2.298916899,2.071311983,2.155035355,6,5,two_open_b
14.643649,-0.195942117,-1.272301658,1.638064497,-2.297401975,2.074503344,2.155568130,6,5,two_open_b
14.667892,-0.195681913,-1.269930875,1.641001665,-2.295033170,2.078265277,2.156551592,6,5,two_open_b
14.692134,-0.195421709,-1.267560092,1.643938833,-2.292664365,2.082027211,2.157535055,6,5,two_open_b
14.716377,-0.195104574,-1.266019218,1.645877793,-2.291126687,2.083623233,2.158277042,6,5,two_open_b
14.740619,-0.194720849,-1.264515620,1.647612225,-2.289565058,2.084642653,2.159135627,6,5,two_open_b
14.764861,-0.194223346,-1.262386298,1.649708472,-2.287226810,2.086122092,2.160488158,6,5,two_open_b
14.789104,-0.193612064,-1.259631251,1.652166534,-2.284111945,2.088061553,2.162334637,6,5,two_open_b
14.813346,-0.192994283,-1.256840459,1.654645264,-2.280952715,2.090027292,2.164209332,6,5,two_open_b
14.837589,-0.192376502,-1.254049668,1.657123994,-2.277793486,2.091993032,2.166084028,6,5,two_open_b
14.861831,-0.191589392,-1.249907831,1.660357857,-2.273323279,2.095190850,2.169193335,6,5,two_open_b
14.886073,-0.190880095,-1.245934156,1.663218768,-2.269026721,2.098331505,2.172300712,6,5,two_open_b
14.910316,-0.190402222,-1.242816851,1.664990896,-2.265584045,2.100901589,2.174957401,6,5,two_open_b
14.934558,-0.189924348,-1.239699546,1.666763024,-2.262141368,2.103471673,2.177614091,6,5,two_open_b
14.958801,-0.189077457,-1.235227090,1.669338328,-2.257295907,2.105863529,2.181486992,6,5,two_open_b
14.983043,-0.188277059,-1.231010320,1.671765785,-2.252767791,2.108067408,2.185158054,6,5,two_open_b
15.007286,-0.187590438,-1.227419275,1.673831428,-2.249016293,2.109811267,2.188335169,6,5,two_open_b
15.031528,-0.186801872,-1.223513028,1.675981400,-2.245065943,2.111495667,2.191685910,6,5,two_open_b
15.055770,-0.185881032,-1.219037237,1.678397702,-2.240532448,2.113411466,2.195437877,6,5,two_open_b
15.080013,-0.184960192,-1.214561446,1.680814005,-2.235998952,2.115327265,2.199189845,6,5,two_open_b
15.104255,-0.184208681,-1.211436700,1.682475175,-2.232776435,2.116010985,2.201707200,6,5,two_open_b
15.128498,-0.183905582,-1.206692960,1.684602934,-2.228447862,2.120271625,2.206069486,6,5,two_open_b
15.152740,-0.183602483,-1.201949220,1.686730693,-2.224119290,2.124532266,2.210431772,6,5,two_open_b
15.176983,-0.183299383,-1.197205481,1.688858452,-2.219790718,2.128792906,2.214794057,6,5,two_open_b
15.201225,-0.183283953,-1.193176757,1.690341358,-2.216386690,2.133490962,2.218384614,6,5,two_open_b
15.225467,-0.183150487,-1.188219208,1.692053987,-2.212288743,2.138565095,2.222620106,6,5,two_open_b
15.249710,-0.183017022,-1.183261660,1.693766615,-2.208190797,2.143639227,2.226855599,6,5,two_open_b
15.273952,-0.183099281,-1.179245037,1.695033100,-2.205068319,2.148312798,2.230423518,6,5,two_open_b
15.298195,-0.182724150,-1.174685639,1.697072150,-2.202844197,2.151943732,2.233956836,6,5,two_open_b
15.322437,-0.182349019,-1.170126242,1.699111199,-2.200620074,2.155574667,2.237490154,6,5,two_open_b
15.346680,-0.181973888,-1.165566844,1.701150248,-2.198395952,2.159205601,2.241023473,6,5,two_open_b
15.370922,-0.180909091,-1.161334763,1.703014752,-2.196818405,2.159873943,2.243581149,6,5,two_open_b
15.395164,-0.179844295,-1.157102681,1.704879256,-2.195240858,2.160542285,2.246138826,6,5,two_open_b
15.419407,-0.178779498,-1.152870600,1.706743760,-2.193663311,2.161210628,2.248696502,6,5,two_open_b
15.443649,-0.177796050,-1.149278655,1.708449941,-2.192564006,2.161619782,2.250809696,6,5,two_open_b
15.467892,-0.176975994,-1.145840830,1.709978456,-2.191877370,2.162496691,2.252397015,6,5,two_open_b
15.492134,-0.176213922,-1.141412610,1.711573521,-2.190831183,2.164452370,2.254136542,6,5,two_open_b
15.516377,-0.175445452,-1.136921236,1.713180471,-2.189766389,2.166449403,2.255899837,6,5,two_open_b
15.540619,-0.175173952,-1.132598787,1.713912134,-2.188142278,2.169872558,2.257636768,6,5,two_open_b
15.564861,-0.174856737,-1.127825077,1.714728724,-2.186385219,2.173591208,2.259543522,6,5,two_open_b
15.589104,-0.174539521,-1.123051368,1.715545315,-2.184628159,2.177309859,2.261450277,6,5,two_open_b
15.613346,-0.174491555,-1.119792714,1.715945011,-2.183547331,2.180210472,2.262283615,6,5,two_open_b
15.637589,-0.174443590,-1.116534060,1.716344707,-2.182466504,2.183111086,2.263116952,6,5,two_open_b
15.661831,-0.173932014,-1.111711033,1.717322772,-2.181587300,2.185626500,2.264406055,6,5,two_open_b
15.686073,-0.173420437,-1.106888005,1.718300837,-2.180708095,2.188141914,2.265695157,6,5,two_open_b
15.710316,-0.172863505,-1.102839681,1.719226846,-2.180110139,2.189813497,2.266865199,6,5,two_open_b
15.734558,-0.172009530,-1.098387785,1.720373926,-2.179917776,2.191263761,2.268194525,6,5,two_open_b
15.758801,-0.171161953,-1.093999044,1.721509120,-2.179744019,2.192672670,2.269500085,6,5,two_open_b
15.783043,-0.170413570,-1.090589441,1.722460038,-2.179858734,2.193440417,2.270437165,6,5,two_open_b
15.807286,-0.169396161,-1.086030067,1.723140623,-2.178726619,2.195141252,2.272312701,6,5,two_open_b
15.831528,-0.168378753,-1.081470693,1.723821207,-2.177594505,2.196842087,2.274188237,6,5,two_open_b
15.855770,-0.167351596,-1.076887497,1.724503077,-2.176446165,2.198548692,2.276066568,6,5,two_open_b
15.880013,-0.165772016,-1.070954377,1.725257780,-2.174378411,2.200582259,2.278103224,6,5,two_open_b
15.904255,-0.164656047,-1.066585631,1.725434114,-2.172109034,2.203001025,2.279684116,6,5,two_open_b
15.928498,-0.163414917,-1.061961235,1.725654657,-2.169824696,2.205446668,2.281352793,6,5,two_open_b
15.952740,-0.161702085,-1.056373349,1.726041815,-2.167483973,2.207993602,2.283352317,6,5,two_open_b
15.976983,-0.160228311,-1.052179430,1.726141351,-2.165097208,2.209683086,2.285040348,6,5,two_open_b
16.001225,-0.157765756,-1.047255315,1.727015365,-2.164113324,2.209458046,2.284640118,6,5,two_open_b
16.025467,-0.155303202,-1.042331200,1.727889379,-2.163129439,2.209233006,2.284239888,6,5,two_open_b
16.049710,-0.153010747,-1.038482229,1.728658915,-2.162884068,2.208363235,2.283462764,6,5,two_open_b
16.073952,-0.150453801,-1.033671610,1.728898364,-2.161466073,2.208561104,2.284023059,6,5,two_open_b
16.098195,-0.147906603,-1.028884814,1.729136529,-2.160064302,2.208753203,2.284580560,6,5,two_open_b
16.122437,-0.145551226,-1.025090316,1.729337172,-2.159562544,2.208292471,2.285066539,6,5,two_open_b
16.146680,-0.142613123,-1.020717904,1.729594878,-2.159029432,2.207305141,2.285692794,6,5,two_open_b
16.170922,-0.139800180,-1.016601142,1.729808375,-2.158511282,2.206290935,2.286231262,6,5,two_open_b
16.195164,-0.137458939,-1.013447870,1.729855257,-2.158049517,2.205175437,2.286438884,6,5,two_open_b
16.219407,-0.135117699,-1.010294598,1.729902140,-2.157587751,2.204059939,2.286646507,6,5,two_open_b
16.243649,-0.132793451,-1.007773173,1.730465244,-2.159749268,2.203898806,2.285685832,6,5,two_open_b
16.267892,-0.130469204,-1.005251749,1.731028348,-2.161910785,2.203737673,2.284725157,6,5,two_open_b
16.292134,-0.127489475,-1.002134186,1.731145987,-2.163437505,2.203655614,2.284519300,6,5,two_open_b
16.316377,-0.124774238,-0.999978271,1.731793712,-2.166136850,2.202505916,2.282976025,6,5,two_open_b
16.340619,-0.122059000,-0.997822356,1.732441437,-2.168836195,2.201356217,2.281432749,6,5,two_open_b
16.364861,-0.118473288,-0.995482496,1.732759594,-2.171648759,2.198697649,2.279054868,6,5,two_open_b
16.389104,-0.115470302,-0.993720552,1.733020688,-2.174492676,2.196565678,2.276536712,6,5,two_open_b
16.413346,-0.112467316,-0.991958607,1.733281781,-2.177336593,2.194433707,2.274018556,6,5,two_open_b
16.437589,-0.109464330,-0.990196662,1.733542875,-2.180180510,2.192301737,2.271500400,6,5,two_open_b
16.461831,-0.106461344,-0.988434718,1.733803969,-2.183024427,2.190169766,2.268982244,6,5,two_open_b
16.486073,-0.103343551,-0.986641316,1.732858112,-2.182717962,2.188765455,2.269222757,6,5,two_open_b
16.510316,-0.099981718,-0.984818761,1.731931064,-2.182608189,2.187308925,2.269351447,6,5,two_open_b
16.534558,-0.097420007,-0.984118233,1.731739365,-2.183774479,2.185189468,2.267993935,6,5,two_open_b
16.558801,-0.094681051,-0.983521535,1.731741937,-2.185477285,2.182792771,2.266150431,6,5,two_open_b
16.583043,-0.090437943,-0.983805975,1.733393140,-2.191733128,2.178043337,2.260182668,6,5,two_open_b
16.607286,-0.087425913,-0.984631985,1.735338600,-2.197895153,2.175128643,2.254962707,6,5,two_open_b
16.631528,-0.084413882,-0.985457994,1.737284059,-2.204057179,2.172213949,2.249742746,6,5,two_open_b
16.655770,-0.081401851,-0.986284003,1.739229519,-2.210219204,2.169299255,2.244522784,6,5,two_open_b
16.680013,-0.078389820,-0.987110012,1.741174979,-2.216381230,2.166384561,2.239302823,6,5,two_open_b
16.704255,-0.075236827,-0.987543972,1.742427493,-2.221150013,2.165618019,2.235550532,6,5,two_open_b
16.728498,-0.072938057,-0.987461463,1.742453971,-2.222746317,2.168625112,2.234715523,6,5,two_open_b
16.752740,-0.070883327,-0.987408108,1.742461639,-2.224145928,2.171684423,2.233992336,6,5,two_open_b
16.776983,-0.068828598,-0.987354752,1.742469308,-2.225545540,2.174743734,2.233269148,6,5,two_open_b
16.801225,-0.066951113,-0.987197566,1.742282706,-2.226408634,2.178080285,2.233031952,6,5,two_open_b
16.825467,-0.066254490,-0.986133251,1.740445503,-2.222334270,2.185795961,2.238034848,6,5,two_open_b
16.849710,-0.065281193,-0.985046694,1.738606615,-2.217930916,2.195245833,2.243992680,6,5,two_open_b
16.873952,-0.064307896,-0.983960136,1.736767726,-2.213527562,2.204695704,2.249950513,6,5,two_open_b
16.898195,-0.063334599,-0.982873578,1.734928838,-2.209124208,2.214145576,2.255908346,6,5,two_open_b
16.922437,-0.062361303,-0.981787020,1.733089950,-2.204720854,2.223595447,2.261866178,6,5,two_open_b
16.946680,-0.059851289,-0.981682589,1.732170067,-2.201242272,2.228857987,2.267066733,6,5,two_open_b
16.970922,-0.057573645,-0.982224432,1.732392473,-2.200060389,2.230579392,2.269847897,6,5,two_open_b
16.995164,-0.055296002,-0.982766276,1.732614879,-2.198878505,2.232300798,2.272629060,6,5,two_open_b
17.019407,-0.053018358,-0.983308119,1.732837285,-2.197696622,2.234022203,2.275410224,6,5,two_open_b
17.043649,-0.050740714,-0.983849963,1.733059691,-2.196514739,2.235743608,2.278191387,6,5,two_open_b
17.067892,-0.047841094,-0.985071067,1.732539889,-2.195509858,2.235665627,2.279141048,6,5,two_open_b
17.092134,-0.045218147,-0.986314414,1.732021771,-2.194833969,2.233853451,2.279135772,6,5,two_open_b
17.116377,-0.042595200,-0.987557761,1.731503654,-2.194158079,2.232041275,2.279130497,6,5,two_open_b
17.140619,-0.037845742,-0.989925106,1.732412323,-2.196761098,2.225531765,2.275472277,6,5,two_open_b
17.164861,-0.033096284,-0.992292452,1.733320992,-2.199364118,2.219022254,2.271814057,6,5,two_open_b
17.189104,-0.028098182,-0.994839407,1.735544282,-2.205039026,2.208586624,2.264385314,6,5,two_open_b
17.213346,-0.022291464,-0.997709457,1.738414305,-2.211806776,2.195646930,2.255672016,6,5,two_open_b
17.237589,-0.016484746,-1.000579506,1.741284328,-2.218574525,2.182707237,2.246958718,6,5,two_open_b
17.261831,-0.010678029,-1.003449555,1.744154352,-2.225342274,2.169767544,2.238245420,6,5,two_open_b
17.286073,-0.004871311,-1.006319604,1.747024375,-2.232110023,2.156827851,2.229532122,6,5,two_open_b
17.310316,-0.000762842,-1.008371532,1.748523801,-2.236617604,2.150170376,2.225030904,6,5,two_open_b
17.334558,0.002939343,-1.010334511,1.748882161,-2.239793753,2.147025070,2.222416238,6,5,two_open_b
17.358801,0.006641527,-1.012297490,1.749240520,-2.242969902,2.143879763,2.219801573,6,5,two_open_b
17.383043,0.008217201,-1.013136471,1.748172094,-2.242867142,2.145431792,2.220839852,6,5,two_open_b
17.407286,0.009792874,-1.013975452,1.747103667,-2.242764382,2.146983820,2.221878130,6,5,two_open_b
17.431528,0.009442224,-1.014044745,1.744494560,-2.240058203,2.154501147,2.225976539,6,5,two_open_b
17.455770,0.008282958,-1.013790945,1.741238719,-2.236259184,2.164522537,2.231359503,6,5,two_open_b
17.480013,0.007193062,-1.013293795,1.736082874,-2.229025362,2.177543663,2.240726191,6,5,two_open_b
17.504255,0.006156615,-1.012609142,1.729463060,-2.219144997,2.192876109,2.253162371,6,5,two_open_b
17.528498,0.005120167,-1.011924488,1.722843247,-2.209264633,2.208208556,2.265598551,6,5,two_open_b
17.552740,0.004836701,-1.011404687,1.718338209,-2.201851856,2.217031782,2.274538320,6,5,two_open_b
17.576983,0.004959520,-1.010973834,1.714974238,-2.195770510,2.222342838,2.281591536,6,5,two_open_b
17.601225,0.005082338,-1.010542981,1.711610266,-2.189689165,2.227653895,2.288644753,6,5,two_open_b
17.625467,0.005205156,-1.010112127,1.708246294,-2.183607820,2.232964952,2.295697969,6,5,two_open_b
17.649710,0.005409606,-1.009758802,1.704842177,-2.177481131,2.238189784,2.302898539,6,5,two_open_b
17.673952,0.006437570,-1.010187591,1.701033065,-2.170897007,2.242544763,2.311585652,6,5,two_open_b
17.698195,0.007656899,-1.010798125,1.697129843,-2.164206587,2.246697610,2.320618200,6,5,two_open_b
17.722437,0.008806859,-1.011652009,1.695126625,-2.160950969,2.247850721,2.325667023,6,5,two_open_b
17.746680,0.009903370,-1.012693395,1.694587374,-2.160341894,2.246692511,2.327646354,6,5,two_open_b
17.770922,0.010648162,-1.014805102,1.693510369,-2.160675536,2.248242339,2.329329722,5,4,two_grasp_b
17.795164,0.011392954,-1.016916808,1.692433364,-2.161009178,2.249792167,2.331013090,5,4,two_grasp_b
17.819407,0.012137746,-1.019028515,1.691356359,-2.161342820,2.251341994,2.332696458,5,4,two_grasp_b
17.843649,0.012882538,-1.021140221,1.690279354,-2.161676463,2.252891822,2.334379826,5,4,two_grasp_b
17.867892,0.013627330,-1.023251927,1.689202349,-2.162010105,2.254441650,2.336063194,5,4,two_grasp_b
17.892134,0.014290491,-1.025286107,1.688165489,-2.162389090,2.256077702,2.337599208,5,4,two_grasp_b
17.916377,0.014130137,-1.026538170,1.687533623,-2.163225511,2.258583608,2.337648680,5,4,two_grasp_b
17.940619,0.014275820,-1.028032635,1.686477402,-2.163734504,2.259977319,2.338284450,5,4,two_grasp_b
17.964861,0.015235262,-1.030221010,1.684572958,-2.163533915,2.259220768,2.340444554,5,4,two_grasp_b
17.989104,0.016194704,-1.032409385,1.682668515,-2.163333326,2.258464217,2.342604658,5,4,two_grasp_b
18.013346,0.017505864,-1.033527440,1.681301826,-2.162190019,2.254999628,2.345060725,5,4,two_grasp_b
18.037589,0.018817025,-1.034645495,1.679935137,-2.161046713,2.251535039,2.347516793,5,4,two_grasp_b
18.061831,0.020045664,-1.036434086,1.678177421,-2.160329825,2.248056019,2.349603210,5,4,two_grasp_b
18.086073,0.021169451,-1.039074671,1.675922859,-2.160154750,2.244558663,2.351219944,5,4,two_grasp_b
18.110316,0.022293238,-1.041715255,1.673668298,-2.159979676,2.241061307,2.352836678,5,4,two_grasp_b
18.134558,0.023417025,-1.044355840,1.671413736,-2.159804602,2.237563950,2.354453412,5,4,two_grasp_b
18.158801,0.024540812,-1.046996425,1.669159174,-2.159629527,2.234066594,2.356070145,5,4,two_grasp_b
18.183043,0.025167196,-1.049212864,1.667423080,-2.159888178,2.231883564,2.356755145,5,4,two_grasp_b
18.207286,0.025476309,-1.052611949,1.665209936,-2.161030804,2.228804028,2.355075699,5,4,two_grasp_b
18.231528,0.025785422,-1.056011034,1.662996792,-2.162173431,2.225724492,2.353396252,5,4,two_grasp_b
18.255770,0.026094534,-1.059410119,1.660783647,-2.163316058,2.222644955,2.351716805,5,4,two_grasp_b
18.280013,0.026403647,-1.062809204,1.658570503,-2.164458684,2.219565419,2.350037359,5,4,two_grasp_b
18.304255,0.026311622,-1.066804939,1.656130051,-2.166598583,2.217554175,2.347249808,5,4,two_grasp_b
18.328498,0.026176895,-1.070335276,1.653997801,-2.168631012,2.215882782,2.344481105,5,4,two_grasp_b
18.352740,0.026042167,-1.073865614,1.651865551,-2.170663440,2.214211389,2.341712401,5,4,two_grasp_b
18.376983,0.025907439,-1.077395951,1.649733302,-2.172695868,2.212539996,2.338943697,5,4,two_grasp_b
18.401225,0.025777895,-1.080988752,1.647590823,-2.174739852,2.210848771,2.336185421,5,4,two_grasp_b
18.425467,0.025690837,-1.085093552,1.645364501,-2.176878555,2.208994986,2.333512618,5,4,two_grasp_b
18.449710,0.025149780,-1.087833794,1.644379607,-2.178937581,2.210025412,2.331765401,5,4,two_grasp_b
18.473952,0.024634809,-1.090888403,1.643343233,-2.181054765,2.210956026,2.330070665,5,4,two_grasp_b
18.498195,0.024119838,-1.093943011,1.642306860,-2.183171949,2.211886640,2.328375928,5,4,two_grasp_b
18.522437,0.023604867,-1.096997620,1.641270486,-2.185289133,2.212817255,2.326681191,5,4,two_grasp_b
18.546680,0.023573554,-1.098785043,1.640852448,-2.185982626,2.212694008,2.326464208,5,4,two_grasp_b
18.570922,0.023689797,-1.100185869,1.640623053,-2.186241777,2.212249246,2.326698062,5,4,two_grasp_b
18.595164,0.023806040,-1.101586696,1.640393658,-2.186500927,2.211804485,2.326931916,5,4,two_grasp_b
18.619407,0.024294945,-1.103923337,1.639612621,-2.185529439,2.210850594,2.328353514,5,4,two_grasp_b
18.643649,0.024890071,-1.106477267,1.638676906,-2.184178507,2.209764337,2.330119749,5,4,two_grasp_b
18.667892,0.025442710,-1.108519200,1.637825034,-2.182732856,2.208840638,2.331800512,5,4,two_grasp_b
18.692134,0.025952862,-1.110049135,1.637057005,-2.181192487,2.208079498,2.333395801,5,4,two_grasp_b
18.716377,0.026436928,-1.111264702,1.636340455,-2.179593960,2.207418169,2.334938610,5,4,two_grasp_b
18.740619,0.026920994,-1.112480270,1.635623906,-2.177995434,2.206756841,2.336481419,5,4,two_grasp_b
18.764861,0.027151629,-1.114214856,1.634883697,-2.175539305,2.209625929,2.339129849,5,4,two_grasp_b
18.789104,0.027382264,-1.115949441,1.634143488,-2.173083177,2.212495018,2.341778278,5,4,two_grasp_b
18.813346,0.027612899,-1.117684027,1.633403279,-2.170627049,2.215364106,2.344426708,5,4,two_grasp_b
18.837589,0.027843534,-1.119418612,1.632663069,-2.168170920,2.218233194,2.347075138,5,4,two_grasp_b
18.861831,0.027701507,-1.120217383,1.632474502,-2.166945431,2.221611412,2.348535824,5,4,two_grasp_b
18.886073,0.027540492,-1.121001740,1.632478038,-2.165850434,2.225522519,2.350166252,5,4,two_grasp_b
18.910316,0.027556335,-1.122293876,1.632533621,-2.164301135,2.230162151,2.352801002,5,4,two_grasp_b
18.934558,0.027572177,-1.123586013,1.632589203,-2.162751837,2.234801784,2.355435753,5,4,two_grasp_b
18.958801,0.027588020,-1.124878150,1.632644786,-2.161202538,2.239441416,2.358070503,5,4,two_grasp_b
18.983043,0.027603863,-1.126170286,1.632700369,-2.159653239,2.244081049,2.360705254,5,4,two_grasp_b
19.007286,0.027873136,-1.126943406,1.632779611,-2.158961541,2.245190264,2.362234384,5,4,two_grasp_b
19.031528,0.028142410,-1.127716525,1.632858854,-2.158269844,2.246299480,2.363763514,5,4,two_grasp_b
19.055770,0.028411684,-1.128489644,1.632938096,-2.157578147,2.247408695,2.365292644,5,4,two_grasp_b
19.080013,0.028680957,-1.129262763,1.633017339,-2.156886450,2.248517911,2.366821774,5,4,two_grasp_b
19.104255,0.029490672,-1.130583202,1.632974462,-2.154605902,2.249670638,2.369454221,5,4,two_grasp_b
19.128498,0.030311180,-1.131742826,1.632881067,-2.152259320,2.250450986,2.371772567,5,4,two_grasp_b
19.152740,0.030954831,-1.132394670,1.632735626,-2.150367040,2.250502807,2.373086590,5,4,two_grasp_b
19.176983,0.031598483,-1.133046514,1.632590185,-2.148474759,2.250554629,2.374400613,5,4,two_grasp_b
19.201225,0.032242134,-1.133698358,1.632444745,-2.146582479,2.250606451,2.375714637,5,4,two_grasp_b
19.225467,0.032885785,-1.134350202,1.632299304,-2.144690199,2.250658273,2.377028660,5,4,two_grasp_b
19.249710,0.033529437,-1.135002046,1.632153863,-2.142797919,2.250710094,2.378342683,5,4,two_grasp_b
19.273952,0.034173088,-1.135653890,1.632008422,-2.140905639,2.250761916,2.379656707,5,4,two_grasp_b
19.298195,0.034816739,-1.136305734,1.631862981,-2.139013358,2.250813738,2.380970730,5,4,two_grasp_b
19.322437,0.035460390,-1.136957578,1.631717541,-2.137121078,2.250865559,2.382284753,5,4,two_grasp_b
19.346680,0.035563601,-1.137062102,1.631694219,-2.136817648,2.250873869,2.382495459,5,4,two_grasp_b
19.370922,0.035563601,-1.137062102,1.631694219,-2.136817648,2.250873869,2.382495459,5,4,two_grasp_b
19.395164,0.035563601,-1.137062102,1.631694219,-2.136817648,2.250873869,2.382495459,5,4,two_grasp_b
19.419407,0.035563601,-1.137062102,1.631694219,-2.136817648,2.250873869,2.382495459,5,4,two_grasp_b
19.443649,0.035563601,-1.137062102,1.631694219,-2.136817648,2.250873869,2.382495459,5,4,two_grasp_b
19.467892,0.035563601,-1.137062102,1.631694219,-2.136817648,2.250873869,2.382495459,5,4,two_grasp_b
19.492134,0.035563601,-1.137062102,1.631694219,-2.136817648,2.250873869,2.382495459,5,4,two_grasp_b
19.516377,0.035563601,-1.137062102,1.631694219,-2.136817648,2.250873869,2.382495459,5,4,two_grasp_b
19.540619,0.036388343,-1.138858856,1.631625427,-2.138832872,2.248794583,2.381008697,5,4,two_grasp_b
19.564861,0.037213086,-1.140655609,1.631556635,-2.140848095,2.246715297,2.379521936,5,4,two_grasp_b
19.589104,0.038037828,-1.142452363,1.631487843,-2.142863318,2.244636011,2.378035174,5,4,two_grasp_b
19.613346,0.038862570,-1.144249116,1.631419051,-2.144878542,2.242556725,2.376548413,5,4,two_grasp_b
19.637589,0.039687313,-1.146045870,1.631350259,-2.146893765,2.240477439,2.375061651,5,4,two_grasp_b
19.661831,0.040512055,-1.147842624,1.631281468,-2.148908989,2.238398154,2.373574889,5,4,two_grasp_b
19.686073,0.041336797,-1.149639377,1.631212676,-2.150924212,2.236318868,2.372088128,5,4,two_grasp_b
19.710316,0.042161539,-1.151436131,1.631143884,-2.152939436,2.234239582,2.370601366,5,4,two_grasp_b
19.734558,0.042986282,-1.153232884,1.631075092,-2.154954659,2.232160296,2.369114605,5,4,two_grasp_b
19.758801,0.043811024,-1.155029638,1.631006300,-2.156969883,2.230081010,2.367627843,5,4,two_grasp_b
19.783043,0.043811024,-1.155029638,1.631006300,-2.156969883,2.230081010,2.367627843,5,4,two_grasp_b
19.807286,0.043811024,-1.155029638,1.631006300,-2.156969883,2.230081010,2.367627843,5,4,two_grasp_b
19.831528,0.043811024,-1.155029638,1.631006300,-2.156969883,2.230081010,2.367627843,5,4,two_grasp_b
19.855770,0.043811024,-1.155029638,1.631006300,-2.156969883,2.230081010,2.367627843,5,4,two_grasp_b
19.880013,0.043811024,-1.155029638,1.631006300,-2.156969883,2.230081010,2.367627843,5,4,two_grasp_b
19.904255,0.043811024,-1.155029638,1.631006300,-2.156969883,2.230081010,2.367627843,5,4,two_grasp_b
19.928498,0.043811024,-1.155029638,1.631006300,-2.156969883,2.230081010,2.367627843,5,4,two_grasp_b
19.952740,0.043811024,-1.155029638,1.631006300,-2.156969883,2.230081010,2.367627843,5,4,two_grasp_b
19.976983,0.043811024,-1.155029638,1.631006300,-2.156969883,2.230081010,2.367627843,5,4,two_grasp_b
20.001225,0.043811024,-1.155029638,1.631006300,-2.156969883,2.230081010,2.367627843,5,4,two_grasp_b
20.025467,0.043811024,-1.155029638,1.631006300,-2.156969883,2.230081010,2.367627843,5,4,two_grasp_b
20.049710,0.043811024,-1.155029638,1.631006300,-2.156969883,2.230081010,2.367627843,5,4,two_grasp_b
20.073952,0.043811024,-1.155029638,1.631006300,-2.156969883,2.230081010,2.367627843,5,4,two_grasp_b
20.098195,0.043811024,-1.155029638,1.631006300,-2.156969883,2.230081010,2.367627843,5,4,two_grasp_b
20.122437,0.043811024,-1.155029638,1.631006300,-2.156969883,2.230081010,2.367627843,5,4,two_grasp_b
20.146680,0.043811024,-1.155029638,1.631006300,-2.156969883,2.230081010,2.367627843,5,4,two_grasp_b
20.170922,0.043811024,-1.155029638,1.631006300,-2.156969883,2.230081010,2.367627843,5,4,two_grasp_b
20.195164,0.043811024,-1.155029638,1.631006300,-2.156969883,2.230081010,2.367627843,5,4,two_grasp_b
20.219407,0.044079962,-1.154456384,1.630798773,-2.155893318,2.233135933,2.368687398,5,4,two_grasp_b
20.243649,0.044482181,-1.153599033,1.630488398,-2.154283222,2.237704839,2.370272056,5,4,two_grasp_b
20.267892,0.044884401,-1.152741682,1.630178023,-2.152673125,2.242273744,2.371856714,5,4,two_grasp_b
20.292134,0.045286621,-1.151884331,1.629867647,-2.151063029,2.246842650,2.373441372,5,4,two_grasp_b
20.316377,0.045688840,-1.151026980,1.629557272,-2.149452932,2.251411555,2.375026030,5,4,two_grasp_b
20.340619,0.046091060,-1.150169629,1.629246897,-2.147842836,2.255980460,2.376610688,5,4,two_grasp_b
20.364861,0.046493280,-1.149312278,1.628936522,-2.146232739,2.260549366,2.378195346,5,4,two_grasp_b
20.389104,0.046895499,-1.148454927,1.628626147,-2.144622643,2.265118271,2.379780004,5,4,two_grasp_b
20.413346,0.047297719,-1.147597576,1.628315772,-2.143012546,2.269687177,2.381364662,5,4,two_grasp_b
20.437589,0.047699939,-1.146740225,1.628005397,-2.141402450,2.274256082,2.382949320,5,4,two_grasp_b
20.461831,0.047833221,-1.146456128,1.627902549,-2.140868918,2.275770064,2.383474423,5,4,two_grasp_b
20.486073,0.047833221,-1.146456128,1.627902549,-2.140868918,2.275770064,2.383474423,5,4,two_grasp_b
20.510316,0.047833221,-1.146456128,1.627902549,-2.140868918,2.275770064,2.383474423,5,4,two_grasp_b
20.534558,0.047833221,-1.146456128,1.627902549,-2.140868918,2.275770064,2.383474423,5,4,two_grasp_b
20.558801,0.047833221,-1.146456128,1.627902549,-2.140868918,2.275770064,2.383474423,5,4,two_grasp_b
20.583043,0.048688127,-1.146977804,1.628757502,-2.142318542,2.275124108,2.381688780,5,4,two_grasp_b
20.607286,0.049983484,-1.147768250,1.630052930,-2.144515017,2.274145354,2.378983169,5,4,two_grasp_b
20.631528,0.051278840,-1.148558695,1.631348358,-2.146711491,2.273166600,2.376277558,5,4,two_grasp_b
20.655770,0.052574197,-1.149349141,1.632643785,-2.148907966,2.272187846,2.373571947,5,4,two_grasp_b
20.680013,0.053869553,-1.150139586,1.633939213,-2.151104440,2.271209093,2.370866336,5,4,two_grasp_b
20.704255,0.055164909,-1.150930032,1.635234640,-2.153300914,2.270230339,2.368160725,5,4,two_grasp_b
20.728498,0.056460266,-1.151720477,1.636530068,-2.155497389,2.269251585,2.365455114,5,4,two_grasp_b
20.752740,0.057755622,-1.152510923,1.637825496,-2.157693863,2.268272831,2.362749503,5,4,two_grasp_b
20.776983,0.059050979,-1.153301368,1.639120923,-2.159890338,2.267294077,2.360043892,5,4,two_grasp_b
20.801225,0.060346335,-1.154091814,1.640416351,-2.162086812,2.266315323,2.357338281,5,4,two_grasp_b
20.825467,0.060786785,-1.154360583,1.640856825,-2.162833662,2.265982525,2.356418313,5,4,two_grasp_b
20.849710,0.060786785,-1.154360583,1.640856825,-2.162833662,2.265982525,2.356418313,5,4,two_grasp_b
20.873952,0.060786785,-1.154360583,1.640856825,-2.162833662,2.265982525,2.356418313,5,4,two_grasp_b
20.898195,0.060786785,-1.154360583,1.640856825,-2.162833662,2.265982525,2.356418313,5,4,two_grasp_b
20.922437,0.060786785,-1.154360583,1.640856825,-2.162833662,2.265982525,2.356418313,5,4,two_grasp_b
20.946680,0.060786785,-1.154360583,1.640856825,-2.162833662,2.265982525,2.356418313,5,4,two_grasp_b
20.970922,0.060786785,-1.154360583,1.640856825,-2.162833662,2.265982525,2.356418313,5,4,two_grasp_b
20.995164,0.060786785,-1.154360583,1.640856825,-2.162833662,2.265982525,2.356418313,5,4,two_grasp_b
21.019407,0.060786785,-1.154360583,1.640856825,-2.162833662,2.265982525,2.356418313,5,4,two_grasp_b
21.043649,0.060786785,-1.154360583,1.640856825,-2.162833662,2.265982525,2.356418313,5,4,two_grasp_b
21.067892,0.060786785,-1.154360583,1.640856825,-2.162833662,2.265982525,2.356418313,5,4,two_grasp_b
21.092134,0.060786785,-1.154360583,1.640856825,-2.162833662,2.265982525,2.356418313,5,4,two_grasp_b
21.116377,0.060786785,-1.154360583,1.640856825,-2.162833662,2.265982525,2.356418313,6,5,two_open_b
21.140619,0.060786785,-1.154360583,1.640856825,-2.162833662,2.265982525,2.356418313,6,5,two_open_b
21.164861,0.060786785,-1.154360583,1.640856825,-2.162833662,2.265982525,2.356418313,6,5,two_open_b
21.189104,0.060786785,-1.154360583,1.640856825,-2.162833662,2.265982525,2.356418313,6,5,two_open_b
21.213346,0.060786785,-1.154360583,1.640856825,-2.162833662,2.265982525,2.356418313,6,5,two_open_b
21.237589,0.060786785,-1.154360583,1.640856825,-2.162833662,2.265982525,2.356418313,6,5,two_open_b
21.261831,0.060786785,-1.154360583,1.640856825,-2.162833662,2.265982525,2.356418313,6,5,two_open_b
21.286073,0.060786785,-1.154360583,1.640856825,-2.162833662,2.265982525,2.356418313,6,5,two_open_b
21.310316,0.060786785,-1.154360583,1.640856825,-2.162833662,2.265982525,2.356418313,6,5,two_open_b
21.334558,0.060786785,-1.154360583,1.640856825,-2.162833662,2.265982525,2.356418313,6,5,two_open_b
21.358801,0.060786785,-1.154360583,1.640856825,-2.162833662,2.265982525,2.356418313,6,5,two_open_b
21.383043,0.060786785,-1.154360583,1.640856825,-2.162833662,2.265982525,2.356418313,6,5,two_open_b
21.407286,0.060786785,-1.154360583,1.640856825,-2.162833662,2.265982525,2.356418313,6,5,two_open_b
21.431528,0.060786785,-1.154360583,1.640856825,-2.162833662,2.265982525,2.356418313,6,5,two_open_b
21.455770,0.060786785,-1.154360583,1.640856825,-2.162833662,2.265982525,2.356418313,6,5,two_open_b
21.480013,0.060786785,-1.154360583,1.640856825,-2.162833662,2.265982525,2.356418313,6,5,two_open_b
21.504255,0.060786785,-1.154360583,1.640856825,-2.162833662,2.265982525,2.356418313,6,5,two_open_b
21.528498,0.060786785,-1.154360583,1.640856825,-2.162833662,2.265982525,2.356418313,6,5,two_open_b
21.552740,0.060645476,-1.153959346,1.641096073,-2.162600245,2.267254804,2.356695719,6,5,two_open_b
21.576983,0.060117943,-1.152461458,1.641989225,-2.161728858,2.272004444,2.357731325,6,5,two_open_b
21.601225,0.059431769,-1.150513120,1.643150969,-2.160595425,2.278182410,2.359078362,6,5,two_open_b
21.625467,0.058745594,-1.148564783,1.644312714,-2.159461993,2.284360375,2.360425399,6,5,two_open_b
21.649710,0.058059420,-1.146616446,1.645474458,-2.158328560,2.290538341,2.361772435,6,5,two_open_b
21.673952,0.057373246,-1.144668108,1.646636202,-2.157195127,2.296716306,2.363119472,6,5,two_open_b
21.698195,0.056687072,-1.142719771,1.647797946,-2.156061695,2.302894272,2.364466508,6,5,two_open_b
21.722437,0.056000898,-1.140771433,1.648959690,-2.154928262,2.309072238,2.365813545,6,5,two_open_b
21.746680,0.055314724,-1.138823096,1.650121435,-2.153794829,2.315250203,2.367160582,6,5,two_open_b
21.770922,0.054628550,-1.136874759,1.651283179,-2.152661397,2.321428169,2.368507618,6,5,two_open_b
21.795164,0.054083685,-1.135327658,1.652205675,-2.151761381,2.326333855,2.369577248,6,5,two_open_b
21.819407,0.053925044,-1.134877209,1.652474267,-2.151499335,2.327762181,2.369888679,6,5,two_open_b
21.843649,0.053925044,-1.134877209,1.652474267,-2.151499335,2.327762181,2.369888679,6,5,two_open_b
21.867892,0.053925044,-1.134877209,1.652474267,-2.151499335,2.327762181,2.369888679,6,5,two_open_b
21.892134,0.053925044,-1.134877209,1.652474267,-2.151499335,2.327762181,2.369888679,6,5,two_open_b
21.916377,0.053925044,-1.134877209,1.652474267,-2.151499335,2.327762181,2.369888679,6,5,two_open_b
21.940619,0.053925044,-1.134877209,1.652474267,-2.151499335,2.327762181,2.369888679,6,5,two_open_b
21.964861,0.053925044,-1.134877209,1.652474267,-2.151499335,2.327762181,2.369888679,6,5,two_open_b
21.989104,0.053925044,-1.134877209,1.652474267,-2.151499335,2.327762181,2.369888679,6,5,two_open_b
22.013346,0.053925044,-1.134877209,1.652474267,-2.151499335,2.327762181,2.369888679,6,5,two_open_b
22.037589,0.053925044,-1.134877209,1.652474267,-2.151499335,2.327762181,2.369888679,6,5,two_open_b
22.061831,0.053925044,-1.134877209,1.652474267,-2.151499335,2.327762181,2.369888679,6,5,two_open_b
22.086073,0.053925044,-1.134877209,1.652474267,-2.151499335,2.327762181,2.369888679,6,5,two_open_b
22.110316,0.053925044,-1.134877209,1.652474267,-2.151499335,2.327762181,2.369888679,6,5,two_open_b
22.134558,0.053925044,-1.134877209,1.652474267,-2.151499335,2.327762181,2.369888679,6,5,two_open_b
22.158801,0.053925044,-1.134877209,1.652474267,-2.151499335,2.327762181,2.369888679,6,5,two_open_b
22.183043,0.053925044,-1.134877209,1.652474267,-2.151499335,2.327762181,2.369888679,6,5,two_open_b
22.207286,0.053925044,-1.134877209,1.652474267,-2.151499335,2.327762181,2.369888679,6,5,two_open_b
22.231528,0.053925044,-1.134877209,1.652474267,-2.151499335,2.327762181,2.369888679,6,5,two_open_b
22.255770,0.053925044,-1.134877209,1.652474267,-2.151499335,2.327762181,2.369888679,6,5,two_open_b
22.280013,0.053925044,-1.134877209,1.652474267,-2.151499335,2.327762181,2.369888679,6,5,two_open_b
22.304255,0.053925044,-1.134877209,1.652474267,-2.151499335,2.327762181,2.369888679,6,5,two_open_b
22.328498,0.053925044,-1.134877209,1.652474267,-2.151499335,2.327762181,2.369888679,6,5,two_open_b
22.352740,0.053925044,-1.134877209,1.652474267,-2.151499335,2.327762181,2.369888679,6,5,two_open_b
22.376983,0.053925044,-1.134877209,1.652474267,-2.151499335,2.327762181,2.369888679,6,5,two_open_b
22.401225,0.053925044,-1.134877209,1.652474267,-2.151499335,2.327762181,2.369888679,6,5,two_open_b
22.425467,0.053925044,-1.134877209,1.652474267,-2.151499335,2.327762181,2.369888679,6,5,two_open_b
22.449710,0.053925044,-1.134877209,1.652474267,-2.151499335,2.327762181,2.369888679,6,5,two_open_b
22.473952,0.053925044,-1.134877209,1.652474267,-2.151499335,2.327762181,2.369888679,6,5,two_open_b
22.498195,0.053925044,-1.134877209,1.652474267,-2.151499335,2.327762181,2.369888679,6,5,two_open_b
22.522437,0.053925044,-1.134877209,1.652474267,-2.151499335,2.327762181,2.369888679,6,5,two_open_b
22.546680,0.053925044,-1.134877209,1.652474267,-2.151499335,2.327762181,2.369888679,6,5,two_open_b
22.570922,0.053925044,-1.134877209,1.652474267,-2.151499335,2.327762181,2.369888679,6,5,two_open_b
22.595164,0.053925044,-1.134877209,1.652474267,-2.151499335,2.327762181,2.369888679,6,5,two_open_b
22.619407,0.053925044,-1.134877209,1.652474267,-2.151499335,2.327762181,2.369888679,6,5,two_open_b
22.643649,0.053402223,-1.134231568,1.653930773,-2.150535565,2.327415372,2.369138836,6,5,two_open_b
22.667892,0.052879402,-1.133585927,1.655387279,-2.149571796,2.327068562,2.368388993,6,5,two_open_b
22.692134,0.052356581,-1.132940287,1.656843785,-2.148608026,2.326721753,2.367639151,6,5,two_open_b
22.716377,0.051833760,-1.132294646,1.658300291,-2.147644257,2.326374944,2.366889308,6,5,two_open_b
22.740619,0.051310938,-1.131649005,1.659756798,-2.146680487,2.326028135,2.366139465,6,5,two_open_b
22.764861,0.050788117,-1.131003364,1.661213304,-2.145716717,2.325681325,2.365389622,6,5,two_open_b
22.789104,0.050265296,-1.130357723,1.662669810,-2.144752948,2.325334516,2.364639779,6,5,two_open_b
22.813346,0.049742475,-1.129712083,1.664126316,-2.143789178,2.324987707,2.363889937,6,5,two_open_b
22.837589,0.049219654,-1.129066442,1.665582822,-2.142825409,2.324640897,2.363140094,6,5,two_open_b
22.861831,0.048696833,-1.128420801,1.667039328,-2.141861639,2.324294088,2.362390251,6,5,two_open_b
22.886073,0.048696833,-1.128420801,1.667039328,-2.141861639,2.324294088,2.362390251,6,5,two_open_b
22.910316,0.048696833,-1.128420801,1.667039328,-2.141861639,2.324294088,2.362390251,6,5,two_open_b
22.934558,0.048696833,-1.128420801,1.667039328,-2.141861639,2.324294088,2.362390251,6,5,two_open_b
22.958801,0.048696833,-1.128420801,1.667039328,-2.141861639,2.324294088,2.362390251,6,5,two_open_b
22.983043,0.048712733,-1.127890150,1.667395785,-2.140790751,2.323417489,2.363092291,6,5,two_open_b
23.007286,0.048749063,-1.126677648,1.668210266,-2.138343846,2.321414521,2.364696404,6,5,two_open_b
23.031528,0.048785393,-1.125465146,1.669024746,-2.135896941,2.319411553,2.366300516,6,5,two_open_b
23.055770,0.048821723,-1.124252644,1.669839227,-2.133450036,2.317408585,2.367904629,6,5,two_open_b
23.080013,0.048858053,-1.123040142,1.670653707,-2.131003130,2.315405616,2.369508742,6,5,two_open_b
23.104255,0.048894383,-1.121827640,1.671468188,-2.128556225,2.313402648,2.371112855,6,5,two_open_b
23.128498,0.048930713,-1.120615138,1.672282668,-2.126109320,2.311399680,2.372716968,6,5,two_open_b
23.152740,0.048967043,-1.119402636,1.673097149,-2.123662415,2.309396712,2.374321080,6,5,two_open_b
23.176983,0.049003373,-1.118190134,1.673911629,-2.121215510,2.307393744,2.375925193,6,5,two_open_b
23.201225,0.049039703,-1.116977633,1.674726110,-2.118768604,2.305390775,2.377529306,6,5,two_open_b
23.225467,0.049060133,-1.116295782,1.675184133,-2.117392587,2.304264406,2.378431379,6,5,two_open_b
23.249710,0.049060133,-1.116295782,1.675184133,-2.117392587,2.304264406,2.378431379,6,5,two_open_b
23.273952,0.049060133,-1.116295782,1.675184133,-2.117392587,2.304264406,2.378431379,6,5,two_open_b
23.298195,0.049060133,-1.116295782,1.675184133,-2.117392587,2.304264406,2.378431379,6,5,two_open_b
23.322437,0.047226686,-1.114795588,1.675765307,-2.116760388,2.309352638,2.379306334,6,5,two_open_b
23.346680,0.045393239,-1.113295395,1.676346480,-2.116128189,2.314440869,2.380181290,6,5,two_open_b
23.370922,0.043559792,-1.111795201,1.676927653,-2.115495990,2.319529101,2.381056245,6,5,two_open_b
23.395164,0.041726345,-1.110295008,1.677508827,-2.114863791,2.324617332,2.381931200,6,5,two_open_b
23.419407,0.039892898,-1.108794814,1.678090000,-2.114231591,2.329705564,2.382806156,6,5,two_open_b
23.443649,0.038059451,-1.107294621,1.678671174,-2.113599392,2.334793796,2.383681111,6,5,two_open_b
23.467892,0.036226004,-1.105794428,1.679252347,-2.112967193,2.339882027,2.384556066,6,5,two_open_b
23.492134,0.034392557,-1.104294234,1.679833521,-2.112334994,2.344970259,2.385431021,6,5,two_open_b
23.516377,0.032559110,-1.102794041,1.680414694,-2.111702795,2.350058490,2.386305977,6,5,two_open_b
23.540619,0.030173213,-1.100858306,1.681101880,-2.110642558,2.356516303,2.387969711,6,5,two_open_b
23.564861,0.028336322,-1.099410134,1.681454369,-2.109219336,2.361070149,2.390592394,6,5,two_open_b
23.589104,0.026499431,-1.097961963,1.681806857,-2.107796113,2.365623994,2.393215077,6,5,two_open_b
23.613346,0.024662540,-1.096513792,1.682159346,-2.106372891,2.370177839,2.395837760,6,5,two_open_b
23.637589,0.022825649,-1.095065621,1.682511834,-2.104949669,2.374731685,2.398460443,6,5,two_open_b
23.661831,0.020399924,-1.093352890,1.683279650,-2.104180596,2.380325045,2.400900202,6,5,two_open_b
23.686073,0.016834161,-1.091127947,1.684851576,-2.104678016,2.387931003,2.402985800,6,5,two_open_b
23.710316,0.013268397,-1.088903005,1.686423502,-2.105175435,2.395536960,2.405071399,6,5,two_open_b
23.734558,0.009702634,-1.086678062,1.687995429,-2.105672855,2.403142917,2.407156998,6,5,two_open_b
23.758801,0.006136871,-1.084453120,1.689567355,-2.106170275,2.410748874,2.409242596,6,5,two_open_b
23.783043,0.003123558,-1.082663719,1.691033269,-2.107095733,2.416985250,2.410539416,6,5,two_open_b
23.807286,0.001394685,-1.081886947,1.692252707,-2.109016375,2.420037361,2.410002332,6,5,two_open_b
23.831528,-0.000404026,-1.080474227,1.693798482,-2.108561923,2.418017438,2.410716528,6,5,two_open_b
23.855770,-0.002202737,-1.079061506,1.695344257,-2.108107472,2.415997514,2.411430724,6,5,two_open_b
23.880013,-0.004001449,-1.077648785,1.696890032,-2.107653021,2.413977590,2.412144921,6,5,two_open_b
23.904255,-0.005211325,-1.076500624,1.698020480,-2.106544421,2.410918151,2.413042042,6,5,two_open_b
23.928498,-0.006402713,-1.074815112,1.698987019,-2.103430819,2.406636736,2.415453215,6,5,two_open_b
23.952740,-0.007594101,-1.073129601,1.699953557,-2.100317217,2.402355321,2.417864388,6,5,two_open_b
23.976983,-0.008785489,-1.071444089,1.700920095,-2.097203615,2.398073907,2.420275561,6,5,two_open_b
24.001225,-0.010225753,-1.069401257,1.701705990,-2.093181817,2.394119481,2.423523974,6,5,two_open_b
24.025467,-0.012764565,-1.065781196,1.701694524,-2.085151204,2.391608400,2.430467999,6,5,two_open_b
24.049710,-0.015303378,-1.062161135,1.701683057,-2.077120591,2.389097318,2.437412023,6,5,two_open_b
24.073952,-0.017772351,-1.059177024,1.701345253,-2.071465071,2.391658272,2.443104767,6,5,two_open_b
24.098195,-0.021072616,-1.055730797,1.701570695,-2.065833216,2.394093473,2.449082615,6,5,two_open_b
24.122437,-0.024563378,-1.052178673,1.701925210,-2.060206783,2.396499856,2.455125797,6,5,two_open_b
24.146680,-0.028054140,-1.048626550,1.702279725,-2.054580351,2.398906239,2.461168979,6,5,two_open_b
24.170922,-0.030423353,-1.046123988,1.701994040,-2.049692427,2.400522002,2.466052269,6,5,two_open_b
24.195164,-0.033190737,-1.044026876,1.703075608,-2.048275414,2.398244397,2.467446353,6,5,two_open_b
24.219407,-0.035958122,-1.041929764,1.704157177,-2.046858401,2.395966792,2.468840437,6,5,two_open_b
24.243649,-0.038476631,-1.040189974,1.705419388,-2.046349584,2.393362198,2.469397281,6,5,two_open_b
24.267892,-0.039896591,-1.040027411,1.707478961,-2.049849582,2.389314260,2.466258514,6,5,two_open_b
24.292134,-0.042729178,-1.038604448,1.709482671,-2.050929554,2.386992257,2.465572707,6,5,two_open_b
24.316377,-0.045561766,-1.037181485,1.711486380,-2.052009526,2.384670253,2.464886901,6,5,two_open_b
24.340619,-0.047563061,-1.036220637,1.712926843,-2.053065833,2.382474003,2.463915989,6,5,two_open_b
24.364861,-0.049448728,-1.036330745,1.716536370,-2.060102706,2.375690288,2.455980345,6,5,two_open_b
24.389104,-0.051334395,-1.036440853,1.720145897,-2.067139580,2.368906573,2.448044701,6,5,two_open_b
24.413346,-0.053220062,-1.036550962,1.723755424,-2.074176453,2.362122857,2.440109056,6,5,two_open_b
24.437589,-0.054707557,-1.036255620,1.725997696,-2.077742416,2.359232510,2.435662618,6,5,two_open_b
24.461831,-0.057441105,-1.034462107,1.728331331,-2.078040637,2.357762933,2.434805047,6,5,two_open_b
24.486073,-0.060174653,-1.032668594,1.730664965,-2.078338858,2.356293357,2.433947477,6,5,two_open_b
24.510316,-0.063481628,-1.030608765,1.733303302,-2.078333895,2.354470097,2.433622453,6,5,two_open_b
24.534558,-0.065857235,-1.029585827,1.736253229,-2.080494508,2.350624067,2.431291416,6,5,two_open_b
24.558801,-0.068232841,-1.028562889,1.739203156,-2.082655121,2.346778038,2.428960379,6,5,two_open_b
24.583043,-0.070608447,-1.027539950,1.742153082,-2.084815734,2.342932009,2.426629341,6,5,two_open_b
24.607286,-0.073808166,-1.025502051,1.743950119,-2.083228738,2.342679437,2.428854420,6,5,two_open_b
24.631528,-0.077007885,-1.023464151,1.745747155,-2.081641741,2.342426865,2.431079498,6,5,two_open_b
24.655770,-0.081741411,-1.020647771,1.747152634,-2.078179374,2.345792845,2.436109495,6,5,two_open_b
24.680013,-0.086899328,-1.017615993,1.748449772,-2.074198108,2.350160046,2.441915588,6,5,two_open_b
24.704255,-0.090811192,-1.016082386,1.749655550,-2.073484583,2.353106477,2.444132813,6,5,two_open_b
24.728498,-0.094723056,-1.014548778,1.750861327,-2.072771058,2.356052907,2.446350038,6,5,two_open_b
24.752740,-0.098926332,-1.014193813,1.752957435,-2.075608680,2.356581493,2.445039454,6,5,two_open_b
24.776983,-0.102648351,-1.014062356,1.754797816,-2.078700752,2.357406914,2.443281922,6,5,two_open_b
24.801225,-0.106370371,-1.013930900,1.756638198,-2.081792825,2.358232335,2.441524390,6,5,two_open_b
24.825467,-0.111001133,-1.013165337,1.758098961,-2.082408970,2.359569251,2.442418438,6,5,two_open_b
24.849710,-0.115102364,-1.012191879,1.758260144,-2.079780148,2.362136942,2.446733768,6,5,two_open_b
24.873952,-0.119203596,-1.011218422,1.758421326,-2.077151325,2.364704633,2.451049099,6,5,two_open_b
24.898195,-0.121771020,-1.011023444,1.758974066,-2.076397874,2.363653772,2.452559512,6,5,two_open_b
24.922437,-0.125039983,-1.011169296,1.760490320,-2.077391331,2.360393265,2.451816187,6,5,two_open_b
24.946680,-0.128308946,-1.011315148,1.762006575,-2.078384787,2.357132758,2.451072862,6,5,two_open_b
24.970922,-0.131577909,-1.011461000,1.763522829,-2.079378244,2.353872251,2.450329538,6,5,two_open_b
24.995164,-0.135463803,-1.010413911,1.763749168,-2.075732071,2.354953993,2.454691342,6,5,two_open_b
25.019407,-0.139349698,-1.009366821,1.763975508,-2.072085898,2.356035734,2.459053146,6,5,two_open_b
25.043649,-0.144442526,-1.007928530,1.764100360,-2.067148009,2.359469318,2.465552779,6,5,two_open_b
25.067892,-0.149137071,-1.006958891,1.764561908,-2.064139729,2.363386093,2.470305005,6,5,two_open_b
25.092134,-0.153462167,-1.006247049,1.765177790,-2.062138038,2.367094918,2.473979231,6,5,two_open_b
25.116377,-0.157787262,-1.005535207,1.765793673,-2.060136346,2.370803744,2.477653457,6,5,two_open_b
25.140619,-0.162132472,-1.004850327,1.766437544,-2.058197657,2.374475383,2.481279634,6,5,two_open_b
25.164861,-0.166268354,-1.005268615,1.767501620,-2.057901797,2.377660978,2.484194003,6,5,two_open_b
25.189104,-0.170404235,-1.005686903,1.768565696,-2.057605937,2.380846573,2.487108371,6,5,two_open_b
25.213346,-0.175651048,-1.006494930,1.769967963,-2.057745725,2.384777252,2.490148074,6,5,two_open_b
25.237589,-0.179625455,-1.007657024,1.771528845,-2.059359282,2.387277629,2.491101532,6,5,two_open_b
25.261831,-0.183599862,-1.008819117,1.773089728,-2.060972839,2.389778006,2.492054990,6,5,two_open_b
25.286073,-0.186979894,-1.010208682,1.774510266,-2.063051453,2.391325784,2.492233065,6,5,two_open_b
25.310316,-0.190967268,-1.011464924,1.775532431,-2.064167894,2.394432224,2.493993168,6,5,two_open_b
25.334558,-0.194954641,-1.012721166,1.776554597,-2.065284334,2.397538664,2.495753271,6,5,two_open_b
25.358801,-0.200323070,-1.013214768,1.776672722,-2.061831268,2.402647408,2.502849035,6,5,two_open_b
25.383043,-0.205824547,-1.013596828,1.776662598,-2.057808427,2.408015401,2.510584590,6,5,two_open_b
25.407286,-0.210409424,-1.012750289,1.775377095,-2.050914747,2.415077863,2.520509595,6,5,two_open_b
25.431528,-0.214994300,-1.011903751,1.774091592,-2.044021067,2.422140324,2.530434599,6,5,two_open_b
25.455770,-0.218468245,-1.010667473,1.772467898,-2.036691740,2.428457701,2.540234269,6,5,two_open_b
25.480013,-0.222500087,-1.009159000,1.770228319,-2.027395482,2.435101305,2.551764550,6,5,two_open_b
25.504255,-0.227500914,-1.007399528,1.767291421,-2.015718852,2.442334239,2.565510271,6,5,two_open_b
25.528498,-0.231889183,-1.005803788,1.764596354,-2.004868880,2.448167930,2.577893547,6,5,two_open_b
25.552740,-0.236429598,-1.002930049,1.760992327,-1.989509177,2.454827400,2.594302651,6,5,two_open_b
25.576983,-0.242009152,-0.998766107,1.756283448,-1.969225039,2.464251856,2.616040251,6,5,two_open_b
25.601225,-0.246207652,-0.995364806,1.752478608,-1.953510407,2.471674007,2.632442190,6,5,two_open_b
25.625467,-0.250482788,-0.991705808,1.748653114,-1.936949954,2.479267836,2.649549880,6,5,two_open_b
25.649710,-0.255941333,-0.986284189,1.744204940,-1.913424031,2.488889317,2.673339286,6,5,two_open_b
25.673952,-0.261399877,-0.980862570,1.739756766,-1.889898107,2.498510797,2.697128693,6,5,two_open_b
25.698195,-0.266858422,-0.975440951,1.735308591,-1.866372184,2.508132278,2.720918100,6,5,two_open_b
25.722437,-0.271549704,-0.970218077,1.731412568,-1.844731089,2.517287114,2.742953275,6,5,two_open_b
25.746680,-0.276483253,-0.965460982,1.728185204,-1.824700524,2.526089270,2.764595235,6,5,two_open_b
25.770922,-0.281416801,-0.960703886,1.724957840,-1.804669958,2.534891426,2.786237195,6,5,two_open_b
25.795164,-0.285080402,-0.957523566,1.723080733,-1.790657616,2.540314454,2.801367125,6,5,two_open_b
25.819407,-0.287704864,-0.955633448,1.722308478,-1.781569709,2.542972497,2.811168560,6,5,two_open_b
25.843649,-0.290329326,-0.953743331,1.721536223,-1.772481802,2.545630540,2.820969996,6,5,two_open_b
25.867892,-0.293903195,-0.953927005,1.719949901,-1.768419825,2.548142862,2.827110114,6,5,two_open_b
25.892134,-0.296293656,-0.955873301,1.718986259,-1.771323318,2.548627532,2.826568516,6,5,two_open_b
25.916377,-0.298684117,-0.957819598,1.718022618,-1.774226811,2.549112202,2.826026918,6,5,two_open_b
25.940619,-0.301074578,-0.959765894,1.717058976,-1.777130305,2.549596873,2.825485319,6,5,two_open_b
25.964861,-0.303465039,-0.961712190,1.716095334,-1.780033798,2.550081543,2.824943721,6,5,two_open_b
25.989104,-0.304716598,-0.964836026,1.713995902,-1.783445949,2.549581616,2.823366203,5,4,two_grasp_b
26.013346,-0.305968156,-0.967959863,1.711896470,-1.786858100,2.549081689,2.821788684,5,4,two_grasp_b
26.037589,-0.307219714,-0.971083699,1.709797038,-1.790270251,2.548581762,2.820211165,6,5,two_open_b
26.061831,-0.308471272,-0.974207536,1.707697606,-1.793682402,2.548081835,2.818633647,6,5,two_open_b
26.086073,-0.309722830,-0.977331372,1.705598175,-1.797094553,2.547581909,2.817056128,5,4,two_grasp_b
26.110316,-0.309795179,-0.978723692,1.704433725,-1.796833367,2.546833962,2.817842433,5,4,two_grasp_b
26.134558,-0.309595737,-0.980864195,1.702590673,-1.795262773,2.546965021,2.820616297,5,4,two_grasp_b
26.158801,-0.309396295,-0.983004697,1.700747622,-1.793692179,2.547096079,2.823390160,5,4,two_grasp_b
26.183043,-0.309196853,-0.985145200,1.698904570,-1.792121585,2.547227138,2.826164024,5,4,two_grasp_b
26.207286,-0.308966753,-0.987361633,1.697074953,-1.790738057,2.547348384,2.828765505,5,4,two_grasp_b
26.231528,-0.308296031,-0.989097830,1.696571153,-1.791862757,2.548099720,2.828510018,5,4,two_grasp_b
26.255770,-0.307257037,-0.991746110,1.696228722,-1.795234500,2.548733199,2.826183867,5,4,two_grasp_b
26.280013,-0.305922551,-0.995126223,1.696015768,-1.800409214,2.549272112,2.822196268,5,4,two_grasp_b
26.304255,-0.304588065,-0.998506337,1.695802815,-1.805583928,2.549811025,2.818208669,5,4,two_grasp_b
26.328498,-0.302812327,-1.003398946,1.696033471,-1.815557272,2.549574324,2.809765638,5,4,two_grasp_b
26.352740,-0.300178894,-1.011231507,1.697126404,-1.834858068,2.547830005,2.792662255,5,4,two_grasp_b
26.376983,-0.297817252,-1.018315884,1.698897939,-1.855468272,2.545206682,2.773571313,5,4,two_grasp_b
26.401225,-0.295455610,-1.025400262,1.700669474,-1.876078476,2.542583358,2.754480371,5,4,two_grasp_b
26.425467,-0.293012096,-1.029161737,1.700794260,-1.883673025,2.543623349,2.747526451,5,4,two_grasp_b
26.449710,-0.290592814,-1.032586456,1.700776353,-1.890058871,2.544960696,2.741697584,5,4,two_grasp_b
26.473952,-0.288541804,-1.035099092,1.700597078,-1.894197674,2.546415900,2.737939380,5,4,two_grasp_b
26.498195,-0.286859067,-1.036699645,1.700256435,-1.896089434,2.547988960,2.736251840,5,4,two_grasp_b
26.522437,-0.284688827,-1.036500892,1.700227990,-1.891535758,2.548854018,2.739744709,5,4,two_grasp_b
26.546680,-0.281793439,-1.035518277,1.700616093,-1.883415252,2.548888263,2.745843250,5,4,two_grasp_b
26.570922,-0.278463372,-1.037046229,1.701245790,-1.883971738,2.546569857,2.743686604,5,4,two_grasp_b
26.595164,-0.275011730,-1.038198195,1.703186047,-1.884737672,2.543576006,2.740782916,5,4,two_grasp_b
26.619407,-0.271560087,-1.039350161,1.705126304,-1.885503606,2.540582156,2.737879229,5,4,two_grasp_b
26.643649,-0.268411419,-1.038280345,1.705938206,-1.878973859,2.540805063,2.742002852,5,4,two_grasp_b
26.667892,-0.265596518,-1.038686229,1.707458734,-1.879394094,2.540039087,2.739832001,5,4,two_grasp_b
26.692134,-0.262788044,-1.039352938,1.709108521,-1.880835966,2.538985568,2.736708480,5,4,two_grasp_b
26.716377,-0.258824480,-1.038928852,1.711921393,-1.879158510,2.536338217,2.735225574,5,4,two_grasp_b
26.740619,-0.254860917,-1.038504766,1.714734264,-1.877481054,2.533690866,2.733742669,5,4,two_grasp_b
26.764861,-0.251680347,-1.039148153,1.717105460,-1.880446062,2.531846084,2.728740804,5,4,two_grasp_b
26.789104,-0.249224926,-1.040575401,1.719060108,-1.886977902,2.530832114,2.721133266,5,4,two_grasp_b
26.813346,-0.246591642,-1.040589730,1.721616959,-1.890576257,2.533485175,2.715898805,5,4,two_grasp_b
26.837589,-0.244937629,-1.038040095,1.722000975,-1.884637713,2.538321299,2.720071738,5,4,two_grasp_b
26.861831,-0.243195330,-1.035484323,1.722391018,-1.878617650,2.543017659,2.724220481,5,4,two_grasp_b
26.886073,-0.239591353,-1.035041993,1.724015836,-1.878454025,2.542029714,2.720914853,5,4,two_grasp_b
26.910316,-0.235735482,-1.036446865,1.726578776,-1.884356073,2.538367337,2.711766676,5,4,two_grasp_b
26.934558,-0.231879610,-1.037851738,1.729141715,-1.890258121,2.534704960,2.702618500,5,4,two_grasp_b
26.958801,-0.229119100,-1.040295841,1.730476373,-1.899039093,2.532868040,2.692109748,5,4,two_grasp_b
26.983043,-0.226044026,-1.042468374,1.731467665,-1.906553944,2.532251006,2.683075867,5,4,two_grasp_b
27.007286,-0.222654390,-1.044369336,1.732115592,-1.912802676,2.532853858,2.675516856,5,4,two_grasp_b
27.031528,-0.219240650,-1.046249490,1.732737208,-1.918954390,2.533550184,2.668070857,5,4,two_grasp_b
27.055770,-0.216880703,-1.045519499,1.732071416,-1.914563966,2.533707744,2.670962400,5,4,two_grasp_b
27.080013,-0.213183172,-1.044784370,1.730772618,-1.906962236,2.533363198,2.675927966,5,4,two_grasp_b
27.104255,-0.209573926,-1.044055377,1.729467792,-1.899442024,2.533158415,2.680917721,5,4,two_grasp_b
27.128498,-0.207523383,-1.043434724,1.728056547,-1.893361056,2.535421179,2.686334538,5,4,two_grasp_b
27.152740,-0.204268145,-1.045659598,1.727883140,-1.896795802,2.537569890,2.682918716,5,4,two_grasp_b
27.176983,-0.201012908,-1.047884473,1.727709734,-1.900230547,2.539718602,2.679502895,5,4,two_grasp_b
27.201225,-0.197817398,-1.050160911,1.727601523,-1.903905698,2.541635687,2.675807032,5,4,two_grasp_b
27.225467,-0.194936452,-1.052708920,1.727836679,-1.908846968,2.542332887,2.670636299,5,4,two_grasp_b
27.249710,-0.191472351,-1.054274686,1.727779137,-1.909225823,2.546262816,2.668949961,5,4,two_grasp_b
27.273952,-0.188032353,-1.055861261,1.727747906,-1.909701695,2.550099272,2.667150611,5,4,two_grasp_b
27.298195,-0.183988485,-1.059066547,1.728205710,-1.915148314,2.552674872,2.660435413,5,4,two_grasp_b
27.322437,-0.180237772,-1.065076632,1.730142334,-1.932403446,2.553571854,2.643143939,5,4,two_grasp_b
27.346680,-0.176487060,-1.071086716,1.732078959,-1.949658578,2.554468836,2.625852465,5,4,two_grasp_b
27.370922,-0.172736347,-1.077096800,1.734015584,-1.966913709,2.555365817,2.608560991,5,4,two_grasp_b
27.395164,-0.169724808,-1.080033854,1.734785439,-1.973802367,2.556346697,2.600666376,5,4,two_grasp_b
27.419407,-0.165642142,-1.082447441,1.735718817,-1.978733492,2.557258190,2.594069988,5,4,two_grasp_b
27.443649,-0.161559476,-1.084861029,1.736652195,-1.983664618,2.558169684,2.587473601,5,4,two_grasp_b
27.467892,-0.157476810,-1.087274616,1.737585573,-1.988595743,2.559081178,2.580877214,5,4,two_grasp_b
27.492134,-0.152517177,-1.093486642,1.740322914,-2.007300126,2.550847671,2.560797217,5,4,two_grasp_b
27.516377,-0.147557544,-1.099698669,1.743060255,-2.026004509,2.542614165,2.540717220,5,4,two_grasp_b
27.540619,-0.143201782,-1.104291984,1.745308560,-2.039738145,2.535641514,2.525553071,5,4,two_grasp_b
27.564861,-0.139890450,-1.106085640,1.746711051,-2.044874574,2.530849588,2.518891176,5,4,two_grasp_b
27.589104,-0.136483447,-1.107878827,1.748102541,-2.050074386,2.526084580,2.512121612,5,4,two_grasp_b
27.613346,-0.131970117,-1.109666589,1.749366815,-2.056007144,2.521630840,2.504106987,5,4,two_grasp_b
27.637589,-0.127922308,-1.111681854,1.750560021,-2.062790662,2.517207256,2.495528141,5,4,two_grasp_b
27.661831,-0.124945625,-1.114220586,1.751589704,-2.071531711,2.512853057,2.485651068,5,4,two_grasp_b
27.686073,-0.121968943,-1.116759318,1.752619387,-2.080272761,2.508498858,2.475773994,5,4,two_grasp_b
27.710316,-0.118081182,-1.120043577,1.753542621,-2.091547527,2.505490771,2.463513479,5,4,two_grasp_b
27.734558,-0.115968105,-1.120783210,1.753297955,-2.094877572,2.507175069,2.459777308,5,4,two_grasp_b
27.758801,-0.113855028,-1.121522844,1.753053289,-2.098207617,2.508859367,2.456041138,5,4,two_grasp_b
27.783043,-0.110059896,-1.123238190,1.752795147,-2.103570027,2.507092814,2.448750509,5,4,two_grasp_b
27.807286,-0.106264763,-1.124953536,1.752537004,-2.108932437,2.505326261,2.441459880,5,4,two_grasp_b
27.831528,-0.102565302,-1.126669351,1.752289863,-2.114231465,2.503532790,2.434276919,5,4,two_grasp_b
27.855770,-0.100546296,-1.126924273,1.750551682,-2.114761802,2.506542400,2.433041273,5,4,two_grasp_b
27.880013,-0.099329001,-1.125131634,1.746553775,-2.109656637,2.516693668,2.438371836,5,4,two_grasp_b
27.904255,-0.096694542,-1.126212287,1.744972071,-2.114622161,2.520882588,2.433292528,5,4,two_grasp_b
27.928498,-0.094060082,-1.127292939,1.743390367,-2.119587685,2.525071507,2.428213219,5,4,two_grasp_b
27.952740,-0.092336702,-1.127628064,1.741915112,-2.122019493,2.527914315,2.425517353,5,4,two_grasp_b
27.976983,-0.090341166,-1.128198905,1.740828773,-2.125872894,2.530622481,2.421602596,5,4,two_grasp_b
28.001225,-0.087326095,-1.129652778,1.741199372,-2.135051819,2.532826255,2.413121682,5,4,two_grasp_b
28.025467,-0.085993079,-1.130130938,1.741583447,-2.142198379,2.538480880,2.408195227,5,4,two_grasp_b
28.049710,-0.083477670,-1.130387417,1.741537022,-2.148010460,2.542134575,2.404231995,5,4,two_grasp_b
28.073952,-0.080425928,-1.130543340,1.741295321,-2.153217221,2.544880647,2.400705683,5,4,two_grasp_b
28.098195,-0.076800056,-1.132165582,1.742671876,-2.162459728,2.542512369,2.392477117,5,4,two_grasp_b
28.122437,-0.072321796,-1.135684656,1.746074068,-2.176873100,2.533347542,2.378107420,5,4,two_grasp_b
28.146680,-0.069065690,-1.135750437,1.746159281,-2.179427867,2.531473039,2.375783300,5,4,two_grasp_b
28.170922,-0.065614574,-1.135236215,1.745343720,-2.180194716,2.530926512,2.375094885,5,4,two_grasp_b
28.195164,-0.062049182,-1.134382113,1.744000305,-2.179913846,2.531158180,2.375364993,5,4,two_grasp_b
28.219407,-0.058755945,-1.133292294,1.742267975,-2.178211381,2.531524490,2.376853991,5,4,two_grasp_b
28.243649,-0.056367306,-1.131365642,1.739026671,-2.171345733,2.532333886,2.382747519,5,4,two_grasp_b
28.267892,-0.053138941,-1.129776516,1.735405210,-2.165666133,2.532695388,2.387460208,5,4,two_grasp_b
28.292134,-0.050913371,-1.128481261,1.732132944,-2.161574678,2.534962028,2.390957122,5,4,two_grasp_b
28.316377,-0.049224136,-1.127286560,1.729055952,-2.158088543,2.538136291,2.394017116,5,4,two_grasp_b
28.340619,-0.047534901,-1.126091859,1.725978961,-2.154602409,2.541310554,2.397077110,5,4,two_grasp_b
28.364861,-0.046668864,-1.121764135,1.718731729,-2.139762450,2.552501263,2.412346522,5,4,two_grasp_b
28.389104,-0.045997837,-1.118016413,1.712385272,-2.126710409,2.562363996,2.425980229,5,4,two_grasp_b
28.413346,-0.044526006,-1.118523358,1.708893944,-2.128884235,2.565633981,2.424810491,5,4,two_grasp_b
28.437589,-0.043168450,-1.119370185,1.705930470,-2.132105780,2.568125772,2.422682230,5,4,two_grasp_b
28.461831,-0.040528294,-1.121880699,1.705638376,-2.144192236,2.566117093,2.411914999,5,4,two_grasp_b
28.486073,-0.037985021,-1.124368432,1.705435917,-2.156241132,2.564106373,2.401187796,5,4,two_grasp_b
28.510316,-0.036281476,-1.126518639,1.705613616,-2.167103979,2.562543546,2.391641432,5,4,two_grasp_b
28.534558,-0.034912581,-1.128190552,1.705274113,-2.176326965,2.562185714,2.383835667,5,4,two_grasp_b
28.558801,-0.034663887,-1.126928510,1.700610633,-2.175535268,2.569841410,2.386780428,5,4,two_grasp_b
28.583043,-0.034415192,-1.125666468,1.695947154,-2.174743571,2.577497105,2.389725188,5,4,two_grasp_b
28.607286,-0.031898287,-1.130660444,1.698694510,-2.196837310,2.567275003,2.368251628,5,4,two_grasp_b
28.631528,-0.029381382,-1.135654420,1.701441866,-2.218931050,2.557052901,2.346778069,5,4,two_grasp_b
28.655770,-0.027860291,-1.136973731,1.702234868,-2.227586840,2.552095570,2.338472249,5,4,two_grasp_b
28.680013,-0.026339200,-1.138293042,1.703027870,-2.236242630,2.547138239,2.330166430,5,4,two_grasp_b
28.704255,-0.026100710,-1.137948665,1.701149493,-2.236033510,2.546681378,2.330499580,5,4,two_grasp_b
28.728498,-0.027455836,-1.134259371,1.694739572,-2.224357277,2.554666793,2.343893988,5,4,two_grasp_b
28.752740,-0.028810961,-1.130570076,1.688329651,-2.212681045,2.562652208,2.357288397,5,4,two_grasp_b
28.776983,-0.029771773,-1.127951054,1.683205804,-2.204820125,2.567517783,2.366787546,5,4,two_grasp_b
28.801225,-0.028681001,-1.130851423,1.685082457,-2.216429860,2.556542892,2.356165465,5,4,two_grasp_b
28.825467,-0.027590230,-1.133751792,1.686959111,-2.228039595,2.545568002,2.345543385,5,4,two_grasp_b
28.849710,-0.027995149,-1.133679895,1.685829259,-2.228582353,2.544109355,2.346705128,5,4,two_grasp_b
28.873952,-0.028400068,-1.133607998,1.684699406,-2.229125110,2.542650707,2.347866871,5,4,two_grasp_b
28.898195,-0.028804987,-1.133536101,1.683569554,-2.229667868,2.541192060,2.349028613,5,4,two_grasp_b
28.922437,-0.029209906,-1.133464204,1.682439702,-2.230210625,2.539733413,2.350190356,5,4,two_grasp_b
28.946680,-0.029614825,-1.133392307,1.681309849,-2.230753383,2.538274766,2.351352099,5,4,two_grasp_b
28.970922,-0.028444182,-1.136641910,1.684673939,-2.242638472,2.528437189,2.339574182,5,4,two_grasp_b
28.995164,-0.027273540,-1.139891513,1.688038028,-2.254523562,2.518599613,2.327796266,5,4,two_grasp_b
29.019407,-0.027626994,-1.141586494,1.689245992,-2.259154629,2.511830997,2.322799958,5,4,two_grasp_b
29.043649,-0.028911832,-1.140696037,1.687777430,-2.254329724,2.512889319,2.327174355,5,4,two_grasp_b
29.067892,-0.030196669,-1.139805581,1.686308869,-2.249504818,2.513947641,2.331548751,5,4,two_grasp_b
29.092134,-0.031481507,-1.138915124,1.684840307,-2.244679913,2.515005963,2.335923147,5,4,two_grasp_b
29.116377,-0.032766344,-1.138024668,1.683371746,-2.239855008,2.516064284,2.340297543,5,4,two_grasp_b
29.140619,-0.034051181,-1.137134212,1.681903184,-2.235030103,2.517122606,2.344671940,5,4,two_grasp_b
29.164861,-0.035336019,-1.136243755,1.680434623,-2.230205198,2.518180928,2.349046336,5,4,two_grasp_b
29.189104,-0.036696461,-1.135367682,1.678898938,-2.225355662,2.519355441,2.353502630,5,4,two_grasp_b
29.213346,-0.039518654,-1.134769688,1.676065478,-2.220029927,2.522776403,2.359542355,5,4,two_grasp_b
29.237589,-0.042340847,-1.134171695,1.673232019,-2.214704192,2.526197365,2.365582079,5,4,two_grasp_b
29.261831,-0.043878202,-1.134464158,1.671867121,-2.214203362,2.528560005,2.367247407,5,4,two_grasp_b
29.286073,-0.045415558,-1.134756622,1.670502223,-2.213702532,2.530922645,2.368912735,5,4,two_grasp_b
29.310316,-0.046952914,-1.135049085,1.669137325,-2.213201703,2.533285285,2.370578063,5,4,two_grasp_b
29.334558,-0.048490269,-1.135341548,1.667772427,-2.212700873,2.535647925,2.372243391,5,4,two_grasp_b
29.358801,-0.050027625,-1.135634011,1.666407529,-2.212200043,2.538010565,2.373908719,5,4,two_grasp_b
29.383043,-0.051564980,-1.135926474,1.665042631,-2.211699213,2.540373205,2.375574047,5,4,two_grasp_b
29.407286,-0.054069936,-1.137481484,1.663628974,-2.215799890,2.541740352,2.373310193,5,4,two_grasp_b
29.431528,-0.056499288,-1.139022110,1.662282439,-2.219925197,2.542991308,2.370964441,5,4,two_grasp_b
29.455770,-0.057466888,-1.140284657,1.662233680,-2.224526703,2.541995815,2.367035260,5,4,two_grasp_b
29.480013,-0.058434488,-1.141547203,1.662184920,-2.229128210,2.541000322,2.363106078,5,4,two_grasp_b
29.504255,-0.059402089,-1.142809749,1.662136160,-2.233729717,2.540004829,2.359176896,5,4,two_grasp_b
29.528498,-0.060369689,-1.144072295,1.662087400,-2.238331224,2.539009337,2.355247714,5,4,two_grasp_b
29.552740,-0.061337289,-1.145334841,1.662038640,-2.242932731,2.538013844,2.351318532,5,4,two_grasp_b
29.576983,-0.062304889,-1.146597388,1.661989881,-2.247534237,2.537018351,2.347389351,5,4,two_grasp_b
29.601225,-0.063765557,-1.148135477,1.660863551,-2.251646352,2.536373275,2.345091324,5,4,two_grasp_b
29.625467,-0.065711028,-1.149944491,1.658677715,-2.255277277,2.536072743,2.344397109,5,4,two_grasp_b
29.649710,-0.066688898,-1.150490959,1.656540638,-2.254306696,2.536767704,2.347632076,5,4,two_grasp_b
29.673952,-0.067666769,-1.151037427,1.654403562,-2.253336115,2.537462664,2.350867043,5,4,two_grasp_b
29.698195,-0.068644639,-1.151583895,1.652266485,-2.252365534,2.538157625,2.354102010,5,4,two_grasp_b
29.722437,-0.069622509,-1.152130362,1.650129409,-2.251394953,2.538852585,2.357336977,5,4,two_grasp_b
29.746680,-0.070600380,-1.152676830,1.647992332,-2.250424371,2.539547546,2.360571944,5,4,two_grasp_b
29.770922,-0.071578250,-1.153223298,1.645855256,-2.249453790,2.540242507,2.363806911,5,4,two_grasp_b
29.795164,-0.072556120,-1.153769766,1.643718179,-2.248483209,2.540937467,2.367041878,5,4,two_grasp_b
29.819407,-0.073533990,-1.154316234,1.641581103,-2.247512628,2.541632428,2.370276845,5,4,two_grasp_b
29.843649,-0.074118307,-1.155464972,1.640628999,-2.249168962,2.540842688,2.369884187,5,4,two_grasp_b
29.867892,-0.074451029,-1.158399905,1.640988098,-2.256315680,2.537050260,2.363209073,5,4,two_grasp_b
29.892134,-0.074783750,-1.161334839,1.641347197,-2.263462398,2.533257832,2.356533959,5,4,two_grasp_b
29.916377,-0.075116472,-1.164269772,1.641706296,-2.270609117,2.529465404,2.349858845,5,4,two_grasp_b
29.940619,-0.075449194,-1.167204705,1.642065395,-2.277755835,2.525672976,2.343183731,5,4,two_grasp_b
29.964861,-0.075781915,-1.170139639,1.642424494,-2.284902553,2.521880548,2.336508617,5,4,two_grasp_b
29.989104,-0.076114637,-1.173074572,1.642783593,-2.292049271,2.518088120,2.329833503,5,4,two_grasp_b
30.013346,-0.076447358,-1.176009506,1.643142692,-2.299195989,2.514295692,2.323158389,5,4,two_grasp_b
30.037589,-0.076780080,-1.178944439,1.643501791,-2.306342708,2.510503264,2.316483275,5,4,two_grasp_b
30.061831,-0.077112802,-1.181879372,1.643860890,-2.313489426,2.506710836,2.309808161,5,4,two_grasp_b
30.086073,-0.077346009,-1.183936492,1.644112586,-2.318498621,2.504052691,2.305129517,5,4,two_grasp_b
30.110316,-0.077346009,-1.183936492,1.644112586,-2.318498621,2.504052691,2.305129517,5,4,two_grasp_b
30.134558,-0.077502178,-1.183923499,1.643460923,-2.317191839,2.504001083,2.306794173,5,4,two_grasp_b
30.158801,-0.078388176,-1.183849786,1.639763824,-2.309778033,2.503708293,2.316238314,5,4,two_grasp_b
30.183043,-0.079274174,-1.183776074,1.636066725,-2.302364227,2.503415503,2.325682454,5,4,two_grasp_b
30.207286,-0.080160171,-1.183702361,1.632369626,-2.294950421,2.503122713,2.335126595,5,4,two_grasp_b
30.231528,-0.081046169,-1.183628648,1.628672526,-2.287536615,2.502829923,2.344570735,5,4,two_grasp_b
30.255770,-0.081932167,-1.183554936,1.624975427,-2.280122810,2.502537133,2.354014876,5,4,two_grasp_b
30.280013,-0.082818165,-1.183481223,1.621278328,-2.272709004,2.502244343,2.363459017,5,4,two_grasp_b
30.304255,-0.083704163,-1.183407510,1.617581229,-2.265295198,2.501951553,2.372903157,5,4,two_grasp_b
30.328498,-0.084590160,-1.183333798,1.613884130,-2.257881392,2.501658763,2.382347298,5,4,two_grasp_b
30.352740,-0.085601030,-1.183256674,1.610084987,-2.250345035,2.501668090,2.392095014,5,4,two_grasp_b
30.376983,-0.087935362,-1.183152126,1.605728361,-2.242663324,2.505308874,2.403775204,5,4,two_grasp_b
30.401225,-0.089539865,-1.183108297,1.604417171,-2.241088635,2.509190840,2.407675909,5,4,two_grasp_b
30.425467,-0.091144369,-1.183064469,1.603105981,-2.239513947,2.513072806,2.411576615,5,4,two_grasp_b
30.449710,-0.092748872,-1.183020640,1.601794792,-2.237939259,2.516954773,2.415477321,5,4,two_grasp_b
30.473952,-0.094353376,-1.182976812,1.600483602,-2.236364571,2.520836739,2.419378026,5,4,two_grasp_b
30.498195,-0.095957879,-1.182932984,1.599172412,-2.234789883,2.524718705,2.423278732,5,4,two_grasp_b
30.522437,-0.097562382,-1.182889155,1.597861222,-2.233215194,2.528600671,2.427179437,5,4,two_grasp_b
30.546680,-0.099166886,-1.182845327,1.596550032,-2.231640506,2.532482637,2.431080143,5,4,two_grasp_b
30.570922,-0.101074807,-1.182468158,1.591767569,-2.220901145,2.533434933,2.445641901,5,4,two_grasp_b
30.595164,-0.102880914,-1.182069070,1.586823363,-2.209587901,2.533862483,2.460710229,5,4,two_grasp_b
30.619407,-0.103207389,-1.181710398,1.583088303,-2.199726794,2.530710183,2.472181427,5,4,two_grasp_b
30.643649,-0.103533865,-1.181351727,1.579353243,-2.189865687,2.527557883,2.483652625,5,4,two_grasp_b
30.667892,-0.103860340,-1.180993056,1.575618183,-2.180004580,2.524405583,2.495123823,5,4,two_grasp_b
30.692134,-0.104186815,-1.180634385,1.571883123,-2.170143473,2.521253283,2.506595021,5,4,two_grasp_b
30.716377,-0.104513290,-1.180275714,1.568148063,-2.160282366,2.518100984,2.518066219,5,4,two_grasp_b
30.740619,-0.104839765,-1.179917042,1.564413002,-2.150421259,2.514948684,2.529537417,5,4,two_grasp_b
30.764861,-0.105166241,-1.179558371,1.560677942,-2.140560152,2.511796384,2.541008615,5,4,two_grasp_b
30.789104,-0.105492716,-1.179199700,1.556942882,-2.130699045,2.508644084,2.552479813,6,5,two_open_b
30.813346,-0.105515773,-1.179174369,1.556679096,-2.130002611,2.508421455,2.553289959,6,5,two_open_b
30.837589,-0.105515773,-1.179174369,1.556679096,-2.130002611,2.508421455,2.553289959,6,5,two_open_b
30.861831,-0.105515773,-1.179174369,1.556679096,-2.130002611,2.508421455,2.553289959,6,5,two_open_b
30.886073,-0.105515773,-1.179174369,1.556679096,-2.130002611,2.508421455,2.553289959,6,5,two_open_b
30.910316,-0.105515773,-1.179174369,1.556679096,-2.130002611,2.508421455,2.553289959,6,5,two_open_b
30.934558,-0.105159346,-1.180320389,1.554836577,-2.128851501,2.503537853,2.557176774,6,5,two_open_b
30.958801,-0.104717343,-1.181741560,1.552551680,-2.127424017,2.497481727,2.561996790,6,5,two_open_b
30.983043,-0.104275340,-1.183162732,1.550266782,-2.125996533,2.491425601,2.566816806,6,5,two_open_b
31.007286,-0.103833337,-1.184583904,1.547981885,-2.124569049,2.485369475,2.571636822,6,5,two_open_b
31.031528,-0.103391334,-1.186005076,1.545696988,-2.123141564,2.479313350,2.576456838,6,5,two_open_b
31.055770,-0.102949331,-1.187426248,1.543412091,-2.121714080,2.473257224,2.581276854,6,5,two_open_b
31.080013,-0.102507328,-1.188847420,1.541127194,-2.120286596,2.467201098,2.586096870,6,5,two_open_b
31.104255,-0.102065325,-1.190268592,1.538842297,-2.118859112,2.461144973,2.590916886,6,5,two_open_b
31.128498,-0.101855463,-1.192346752,1.534728903,-2.118025083,2.453339071,2.599773989,6,5,two_open_b
31.152740,-0.101645601,-1.194424912,1.530615509,-2.117191054,2.445533168,2.608631091,6,5,two_open_b
31.176983,-0.101792167,-1.195357053,1.528344635,-2.117508134,2.442610869,2.613601379,6,5,two_open_b
31.201225,-0.102024308,-1.196014041,1.526516138,-2.118101589,2.440861092,2.617638465,6,5,two_open_b
31.225467,-0.102256449,-1.196671029,1.524687641,-2.118695044,2.439111316,2.621675552,6,5,two_open_b
31.249710,-0.102488590,-1.197328017,1.522859145,-2.119288500,2.437361540,2.625712639,6,5,two_open_b
31.273952,-0.102720731,-1.197985005,1.521030648,-2.119881955,2.435611763,2.629749725,6,5,two_open_b
31.298195,-0.103411650,-1.199288117,1.517096363,-2.119768071,2.432328941,2.636688590,6,5,two_open_b
31.322437,-0.104102569,-1.200591229,1.513162078,-2.119654188,2.429046119,2.643627455,6,5,two_open_b
31.346680,-0.104793487,-1.201894341,1.509227792,-2.119540305,2.425763297,2.650566320,6,5,two_open_b
31.370922,-0.105252265,-1.202540464,1.507122004,-2.118832966,2.424230251,2.653468098,6,5,two_open_b
31.395164,-0.105711042,-1.203186588,1.505016215,-2.118125628,2.422697205,2.656369876,6,5,two_open_b
31.419407,-0.106596024,-1.204494144,1.500737257,-2.116869795,2.420447194,2.658920626,6,5,two_open_b
31.443649,-0.107481007,-1.205801700,1.496458300,-2.115613963,2.418197183,2.661471376,6,5,two_open_b
31.467892,-0.108365989,-1.207109255,1.492179342,-2.114358131,2.415947171,2.664022126,6,5,two_open_b
31.492134,-0.109250971,-1.208416811,1.487900385,-2.113102298,2.413697160,2.666572876,6,5,two_open_b
31.516377,-0.110135954,-1.209724367,1.483621427,-2.111846466,2.411447149,2.669123626,6,5,two_open_b
31.540619,-0.110562158,-1.210385799,1.481448258,-2.111297972,2.410730184,2.668772598,6,5,two_open_b
31.564861,-0.110988363,-1.211047231,1.479275089,-2.110749478,2.410013218,2.668421569,6,5,two_open_b
31.589104,-0.111414568,-1.211708664,1.477101920,-2.110200985,2.409296253,2.668070541,6,5,two_open_b
31.613346,-0.111840773,-1.212370096,1.474928751,-2.109652491,2.408579287,2.667719512,6,5,two_open_b
31.637589,-0.112266978,-1.213031528,1.472755582,-2.109103997,2.407862322,2.667368484,6,5,two_open_b
31.661831,-0.112266978,-1.213031528,1.472755582,-2.109103997,2.407862322,2.667368484,6,5,two_open_b
31.686073,-0.112266978,-1.213031528,1.472755582,-2.109103997,2.407862322,2.667368484,6,5,two_open_b
31.710316,-0.112266978,-1.213031528,1.472755582,-2.109103997,2.407862322,2.667368484,6,5,two_open_b
31.734558,-0.112266978,-1.213031528,1.472755582,-2.109103997,2.407862322,2.667368484,6,5,two_open_b
31.758801,-0.112266978,-1.213031528,1.472755582,-2.109103997,2.407862322,2.667368484,6,5,two_open_b
31.783043,-0.112266978,-1.213031528,1.472755582,-2.109103997,2.407862322,2.667368484,6,5,two_open_b
31.807286,-0.112266978,-1.213031528,1.472755582,-2.109103997,2.407862322,2.667368484,6,5,two_open_b
31.831528,-0.112663871,-1.214218863,1.473423126,-2.110334313,2.404492180,2.668227568,6,5,two_open_b
31.855770,-0.113060763,-1.215406197,1.474090671,-2.111564629,2.401122038,2.669086653,6,5,two_open_b
31.880013,-0.113457656,-1.216593532,1.474758215,-2.112794945,2.397751897,2.669945737,6,5,two_open_b
31.904255,-0.113854548,-1.217780867,1.475425759,-2.114025261,2.394381755,2.670804821,6,5,two_open_b
31.928498,-0.114251441,-1.218968201,1.476093304,-2.115255576,2.391011613,2.671663905,6,5,two_open_b
31.952740,-0.114648334,-1.220155536,1.476760848,-2.116485892,2.387641471,2.672522990,6,5,two_open_b
31.976983,-0.115045226,-1.221342871,1.477428392,-2.117716208,2.384271329,2.673382074,6,5,two_open_b
32.001225,-0.115442119,-1.222530206,1.478095936,-2.118946524,2.380901188,2.674241158,6,5,two_open_b
32.025467,-0.115839011,-1.223717540,1.478763481,-2.120176840,2.377531046,2.675100243,6,5,two_open_b
32.049710,-0.116235904,-1.224904875,1.479431025,-2.121407156,2.374160904,2.675959327,6,5,two_open_b
32.073952,-0.116235904,-1.224904875,1.479431025,-2.121407156,2.374160904,2.675959327,6,5,two_open_b
32.098195,-0.116235904,-1.224904875,1.479431025,-2.121407156,2.374160904,2.675959327,6,5,two_open_b
32.122437,-0.116235904,-1.224904875,1.479431025,-2.121407156,2.374160904,2.675959327,6,5,two_open_b
32.146680,-0.116235904,-1.224904875,1.479431025,-2.121407156,2.374160904,2.675959327,6,5,two_open_b
32.170922,-0.116235904,-1.224904875,1.479431025,-2.121407156,2.374160904,2.675959327,6,5,two_open_b
32.195164,-0.116235904,-1.224904875,1.479431025,-2.121407156,2.374160904,2.675959327,6,5,two_open_b
32.219407,-0.116235904,-1.224904875,1.479431025,-2.121407156,2.374160904,2.675959327,6,5,two_open_b
32.243649,-0.116235904,-1.224904875,1.479431025,-2.121407156,2.374160904,2.675959327,6,5,two_open_b
32.267892,-0.116235904,-1.224904875,1.479431025,-2.121407156,2.374160904,2.675959327,6,5,two_open_b
32.292134,-0.116235904,-1.224904875,1.479431025,-2.121407156,2.374160904,2.675959327,6,5,two_open_b
32.316377,-0.116235904,-1.224904875,1.479431025,-2.121407156,2.374160904,2.675959327,6,5,two_open_b
32.340619,-0.116235904,-1.224904875,1.479431025,-2.121407156,2.374160904,2.675959327,6,5,two_open_b
32.364861,-0.116235904,-1.224904875,1.479431025,-2.121407156,2.374160904,2.675959327,6,5,two_open_b
32.389104,-0.116235904,-1.224904875,1.479431025,-2.121407156,2.374160904,2.675959327,6,5,two_open_b
32.413346,-0.116235904,-1.224904875,1.479431025,-2.121407156,2.374160904,2.675959327,6,5,two_open_b
32.437589,-0.116235904,-1.224904875,1.479431025,-2.121407156,2.374160904,2.675959327,6,5,two_open_b
32.461831,-0.116235904,-1.224904875,1.479431025,-2.121407156,2.374160904,2.675959327,6,5,two_open_b
32.486073,-0.116235904,-1.224904875,1.479431025,-2.121407156,2.374160904,2.675959327,6,5,two_open_b
32.510316,-0.116235904,-1.224904875,1.479431025,-2.121407156,2.374160904,2.675959327,6,5,two_open_b
32.534558,-0.116235904,-1.224904875,1.479431025,-2.121407156,2.374160904,2.675959327,6,5,two_open_b
32.558801,-0.116235904,-1.224904875,1.479431025,-2.121407156,2.374160904,2.675959327,6,5,two_open_b
32.583043,-0.116235904,-1.224904875,1.479431025,-2.121407156,2.374160904,2.675959327,6,5,two_open_b
32.607286,-0.116235904,-1.224904875,1.479431025,-2.121407156,2.374160904,2.675959327,6,5,two_open_b
32.631528,-0.116235904,-1.224904875,1.479431025,-2.121407156,2.374160904,2.675959327,6,5,two_open_b
32.655770,-0.116235904,-1.224904875,1.479431025,-2.121407156,2.374160904,2.675959327,6,5,two_open_b
32.680013,-0.116235904,-1.224904875,1.479431025,-2.121407156,2.374160904,2.675959327,6,5,two_open_b
32.704255,-0.116235904,-1.224904875,1.479431025,-2.121407156,2.374160904,2.675959327,6,5,two_open_b
32.728498,-0.116235904,-1.224904875,1.479431025,-2.121407156,2.374160904,2.675959327,6,5,two_open_b
32.752740,-0.116235904,-1.224904875,1.479431025,-2.121407156,2.374160904,2.675959327,6,5,two_open_b
32.776983,-0.116235904,-1.224904875,1.479431025,-2.121407156,2.374160904,2.675959327,6,5,two_open_b
32.801225,-0.116235904,-1.224904875,1.479431025,-2.121407156,2.374160904,2.675959327,6,5,two_open_b
32.825467,-0.116235904,-1.224904875,1.479431025,-2.121407156,2.374160904,2.675959327,6,5,two_open_b
32.849710,-0.116235904,-1.224904875,1.479431025,-2.121407156,2.374160904,2.675959327,6,5,two_open_b
32.873952,-0.116235904,-1.224904875,1.479431025,-2.121407156,2.374160904,2.675959327,6,5,two_open_b
32.898195,-0.116235904,-1.224904875,1.479431025,-2.121407156,2.374160904,2.675959327,6,5,two_open_b
32.922437,-0.116235904,-1.224904875,1.479431025,-2.121407156,2.374160904,2.675959327,6,5,two_open_b
32.946680,-0.116235904,-1.224904875,1.479431025,-2.121407156,2.374160904,2.675959327,6,5,two_open_b
32.970922,-0.116235904,-1.224904875,1.479431025,-2.121407156,2.374160904,2.675959327,6,5,two_open_b
32.995164,-0.115953116,-1.225839935,1.478363257,-2.123489120,2.371476265,2.676524305,6,5,two_open_b
33.019407,-0.115559182,-1.227142511,1.476875815,-2.126389378,2.367736457,2.677311342,6,5,two_open_b
33.043649,-0.115165248,-1.228445087,1.475388372,-2.129289636,2.363996649,2.678098379,6,5,two_open_b
33.067892,-0.114771313,-1.229747663,1.473900930,-2.132189894,2.360256841,2.678885416,6,5,two_open_b
33.092134,-0.114377379,-1.231050239,1.472413487,-2.135090152,2.356517033,2.679672453,6,5,two_open_b
33.116377,-0.113983444,-1.232352815,1.470926045,-2.137990409,2.352777226,2.680459490,6,5,two_open_b
33.140619,-0.113589510,-1.233655391,1.469438602,-2.140890667,2.349037418,2.681246527,6,5,two_open_b
33.164861,-0.113195576,-1.234957967,1.467951160,-2.143790925,2.345297610,2.682033564,6,5,two_open_b
33.189104,-0.112801641,-1.236260543,1.466463717,-2.146691183,2.341557802,2.682820601,6,5,two_open_b
33.213346,-0.111545926,-1.237725173,1.465139756,-2.150727305,2.339417435,2.682991288,6,5,two_open_b
33.237589,-0.110572998,-1.238254743,1.464883562,-2.152681463,2.339961706,2.682596996,6,5,two_open_b
33.261831,-0.109711218,-1.238416797,1.465047044,-2.153817326,2.341561147,2.681980645,6,5,two_open_b
33.286073,-0.108849437,-1.238578851,1.465210525,-2.154953190,2.343160587,2.681364294,6,5,two_open_b
33.310316,-0.107987656,-1.238740906,1.465374006,-2.156089054,2.344760028,2.680747944,6,5,two_open_b
33.334558,-0.107125875,-1.238902960,1.465537487,-2.157224918,2.346359469,2.680131593,6,5,two_open_b
33.358801,-0.106264094,-1.239065014,1.465700968,-2.158360782,2.347958909,2.679515242,6,5,two_open_b
33.383043,-0.105402314,-1.239227068,1.465864450,-2.159496645,2.349558350,2.678898891,6,5,two_open_b
33.407286,-0.104540533,-1.239389123,1.466027931,-2.160632509,2.351157790,2.678282541,6,5,two_open_b
33.431528,-0.103678752,-1.239551177,1.466191412,-2.161768373,2.352757231,2.677666190,6,5,two_open_b
33.455770,-0.103678752,-1.239551177,1.466191412,-2.161768373,2.352757231,2.677666190,6,5,two_open_b
33.480013,-0.103678752,-1.239551177,1.466191412,-2.161768373,2.352757231,2.677666190,6,5,two_open_b
33.504255,-0.103678752,-1.239551177,1.466191412,-2.161768373,2.352757231,2.677666190,6,5,two_open_b
33.528498,-0.103678752,-1.239551177,1.466191412,-2.161768373,2.352757231,2.677666190,6,5,two_open_b
33.552740,-0.103678752,-1.239551177,1.466191412,-2.161768373,2.352757231,2.677666190,6,5,two_open_b
33.576983,-0.103678752,-1.239551177,1.466191412,-2.161768373,2.352757231,2.677666190,6,5,two_open_b
33.601225,-0.103678752,-1.239551177,1.466191412,-2.161768373,2.352757231,2.677666190,6,5,two_open_b
33.625467,-0.103678752,-1.239551177,1.466191412,-2.161768373,2.352757231,2.677666190,6,5,two_open_b
33.649710,-0.103678752,-1.239551177,1.466191412,-2.161768373,2.352757231,2.677666190,6,5,two_open_b
33.673952,-0.103678752,-1.239551177,1.466191412,-2.161768373,2.352757231,2.677666190,6,5,two_open_b
33.698195,-0.103678752,-1.239551177,1.466191412,-2.161768373,2.352757231,2.677666190,6,5,two_open_b
33.722437,-0.103678752,-1.239551177,1.466191412,-2.161768373,2.352757231,2.677666190,6,5,two_open_b
33.746680,-0.103678752,-1.239551177,1.466191412,-2.161768373,2.352757231,2.677666190,6,5,two_open_b
33.770922,-0.103678752,-1.239551177,1.466191412,-2.161768373,2.352757231,2.677666190,6,5,two_open_b
33.795164,-0.103678752,-1.239551177,1.466191412,-2.161768373,2.352757231,2.677666190,6,5,two_open_b
33.819407,-0.103678752,-1.239551177,1.466191412,-2.161768373,2.352757231,2.677666190,6,5,two_open_b
33.843649,-0.103678752,-1.239551177,1.466191412,-2.161768373,2.352757231,2.677666190,6,5,two_open_b
33.867892,-0.103678752,-1.239551177,1.466191412,-2.161768373,2.352757231,2.677666190,6,5,two_open_b
33.892134,-0.103678752,-1.239551177,1.466191412,-2.161768373,2.352757231,2.677666190,6,5,two_open_b
33.916377,-0.103678752,-1.239551177,1.466191412,-2.161768373,2.352757231,2.677666190,6,5,two_open_b
33.940619,-0.103678752,-1.239551177,1.466191412,-2.161768373,2.352757231,2.677666190,6,5,two_open_b
33.964861,-0.103678752,-1.239551177,1.466191412,-2.161768373,2.352757231,2.677666190,6,5,two_open_b
33.989104,-0.103678752,-1.239551177,1.466191412,-2.161768373,2.352757231,2.677666190,6,5,two_open_b
34.013346,-0.103678752,-1.239551177,1.466191412,-2.161768373,2.352757231,2.677666190,6,5,two_open_b
34.037589,-0.103678752,-1.239551177,1.466191412,-2.161768373,2.352757231,2.677666190,6,5,two_open_b
34.061831,-0.103678752,-1.239551177,1.466191412,-2.161768373,2.352757231,2.677666190,6,5,two_open_b
34.086073,-0.103678752,-1.239551177,1.466191412,-2.161768373,2.352757231,2.677666190,6,5,two_open_b
34.110316,-0.103678752,-1.239551177,1.466191412,-2.161768373,2.352757231,2.677666190,6,5,two_open_b
34.134558,-0.103678752,-1.239551177,1.466191412,-2.161768373,2.352757231,2.677666190,6,5,two_open_b
34.158801,-0.103678752,-1.239551177,1.466191412,-2.161768373,2.352757231,2.677666190,6,5,two_open_b
34.183043,-0.103678752,-1.239551177,1.466191412,-2.161768373,2.352757231,2.677666190,6,5,two_open_b
34.207286,-0.103678752,-1.239551177,1.466191412,-2.161768373,2.352757231,2.677666190,6,5,two_open_b
34.231528,-0.103678752,-1.239551177,1.466191412,-2.161768373,2.352757231,2.677666190,6,5,two_open_b
34.255770,-0.103678752,-1.239551177,1.466191412,-2.161768373,2.352757231,2.677666190,6,5,two_open_b
34.280013,-0.103678752,-1.239551177,1.466191412,-2.161768373,2.352757231,2.677666190,6,5,two_open_b
34.304255,-0.103678752,-1.239551177,1.466191412,-2.161768373,2.352757231,2.677666190,6,5,two_open_b
34.328498,-0.103678752,-1.239551177,1.466191412,-2.161768373,2.352757231,2.677666190,6,5,two_open_b
34.352740,-0.103678752,-1.239551177,1.466191412,-2.161768373,2.352757231,2.677666190,6,5,two_open_b
34.376983,-0.103678752,-1.239551177,1.466191412,-2.161768373,2.352757231,2.677666190,6,5,two_open_b
34.401225,-0.103678752,-1.239551177,1.466191412,-2.161768373,2.352757231,2.677666190,6,5,two_open_b
34.425467,-0.103678752,-1.239551177,1.466191412,-2.161768373,2.352757231,2.677666190,6,5,two_open_b
34.449710,-0.103678752,-1.239551177,1.466191412,-2.161768373,2.352757231,2.677666190,6,5,two_open_b
34.473952,-0.103678752,-1.239551177,1.466191412,-2.161768373,2.352757231,2.677666190,6,5,two_open_b
34.498195,-0.103678752,-1.239551177,1.466191412,-2.161768373,2.352757231,2.677666190,6,5,two_open_b
34.522437,-0.103678752,-1.239551177,1.466191412,-2.161768373,2.352757231,2.677666190,6,5,two_open_b
34.546680,-0.103678752,-1.239551177,1.466191412,-2.161768373,2.352757231,2.677666190,6,5,two_open_b
34.570922,-0.103678752,-1.239551177,1.466191412,-2.161768373,2.352757231,2.677666190,6,5,two_open_b
34.595164,-0.103678752,-1.239551177,1.466191412,-2.161768373,2.352757231,2.677666190,6,5,two_open_b
34.619407,-0.103678752,-1.239551177,1.466191412,-2.161768373,2.352757231,2.677666190,6,5,two_open_b
34.643649,-0.103678752,-1.239551177,1.466191412,-2.161768373,2.352757231,2.677666190,6,5,two_open_b
34.667892,-0.103962532,-1.239392575,1.467632877,-2.162317984,2.350128253,2.672505063,6,5,two_open_b
34.692134,-0.104276794,-1.239216937,1.469229180,-2.162926632,2.347216881,2.666789548,6,5,two_open_b
34.716377,-0.104591056,-1.239041299,1.470825482,-2.163535279,2.344305508,2.661074034,6,5,two_open_b
34.740619,-0.104905318,-1.238865661,1.472421784,-2.164143927,2.341394136,2.655358519,6,5,two_open_b
34.764861,-0.105219580,-1.238690022,1.474018086,-2.164752575,2.338482763,2.649643004,6,5,two_open_b
34.789104,-0.105533843,-1.238514384,1.475614388,-2.165361223,2.335571391,2.643927489,6,5,two_open_b
34.813346,-0.105848105,-1.238338746,1.477210690,-2.165969871,2.332660018,2.638211974,6,5,two_open_b
34.837589,-0.106162367,-1.238163108,1.478806992,-2.166578518,2.329748646,2.632496459,6,5,two_open_b
34.861831,-0.106476629,-1.237987470,1.480403294,-2.167187166,2.326837273,2.626780944,6,5,two_open_b
34.886073,-0.106790891,-1.237811831,1.481999596,-2.167795814,2.323925901,2.621065429,6,5,two_open_b
34.910316,-0.106821374,-1.237794795,1.482154433,-2.167854851,2.323643506,2.620511041,6,5,two_open_b
34.934558,-0.106821374,-1.237794795,1.482154433,-2.167854851,2.323643506,2.620511041,6,5,two_open_b
34.958801,-0.106821374,-1.237794795,1.482154433,-2.167854851,2.323643506,2.620511041,6,5,two_open_b
34.983043,-0.107797034,-1.235442445,1.481391815,-2.162447645,2.326605879,2.622094306,6,5,two_open_b
35.007286,-0.108772694,-1.233090095,1.480629196,-2.157040439,2.329568251,2.623677571,6,5,two_open_b
35.031528,-0.109748354,-1.230737745,1.479866578,-2.151633234,2.332530624,2.625260835,6,5,two_open_b
35.055770,-0.110724014,-1.228385395,1.479103960,-2.146226028,2.335492997,2.626844100,6,5,two_open_b
35.080013,-0.111699673,-1.226033045,1.478341341,-2.140818822,2.338455370,2.628427365,6,5,two_open_b
35.104255,-0.112984460,-1.223662249,1.479914926,-2.138000805,2.341797878,2.629806662,6,5,two_open_b
35.128498,-0.114319745,-1.221288439,1.481870144,-2.135605749,2.345202485,2.631152640,6,5,two_open_b
35.152740,-0.115655030,-1.218914629,1.483825361,-2.133210692,2.348607091,2.632498617,6,5,two_open_b
35.176983,-0.116990314,-1.216540819,1.485780579,-2.130815635,2.352011698,2.633844595,6,5,two_open_b
35.201225,-0.118325599,-1.214167009,1.487735796,-2.128420578,2.355416304,2.635190572,6,5,two_open_b
35.225467,-0.118685223,-1.214145549,1.490453632,-2.131432728,2.355858538,2.634953285,6,5,two_open_b
35.249710,-0.119044848,-1.214124089,1.493171468,-2.134444877,2.356300771,2.634715998,6,5,two_open_b
35.273952,-0.119428818,-1.213973713,1.495945541,-2.137325028,2.356860358,2.634507206,6,5,two_open_b
35.298195,-0.119931181,-1.213196387,1.498993107,-2.139563247,2.357990657,2.634436993,6,5,two_open_b
35.322437,-0.120551938,-1.211792112,1.502314165,-2.141159533,2.359691670,2.634505358,6,5,two_open_b
35.346680,-0.120952067,-1.209937638,1.503503457,-2.139686786,2.361439154,2.634881279,6,5,two_open_b
35.370922,-0.121301699,-1.208086178,1.504311116,-2.137791078,2.363124540,2.635290520,6,5,two_open_b
35.395164,-0.121651331,-1.206234718,1.505118774,-2.135895370,2.364809927,2.635699760,6,5,two_open_b
35.419407,-0.122000962,-1.204383258,1.505926433,-2.133999662,2.366495313,2.636109000,6,5,two_open_b
35.443649,-0.122414368,-1.201441944,1.507445965,-2.130742293,2.368333961,2.637871436,6,5,two_open_b
35.467892,-0.122869857,-1.197781456,1.509435249,-2.126586389,2.370273743,2.640526819,6,5,two_open_b
35.492134,-0.123325347,-1.194120968,1.511424533,-2.122430485,2.372213525,2.643182203,6,5,two_open_b
35.516377,-0.123756491,-1.190589397,1.513357580,-2.118406578,2.374035955,2.645809091,6,5,two_open_b
35.540619,-0.124069242,-1.187684775,1.515017134,-2.115024605,2.375287671,2.648297400,6,5,two_open_b
35.564861,-0.124263599,-1.185407102,1.516403195,-2.112284564,2.375968674,2.650647131,6,5,two_open_b
35.589104,-0.123940683,-1.181273158,1.516472238,-2.101327722,2.372876761,2.645625559,6,5,two_open_b
35.613346,-0.123617766,-1.177139214,1.516541280,-2.090370880,2.369784847,2.640603986,6,5,two_open_b
35.637589,-0.123294850,-1.173005270,1.516610323,-2.079414038,2.366692934,2.635582414,6,5,two_open_b
35.661831,-0.122971934,-1.168871326,1.516679366,-2.068457196,2.363601020,2.630560842,6,5,two_open_b
35.686073,-0.122938123,-1.164227160,1.517653487,-2.058158664,2.361989159,2.624837313,6,5,two_open_b
35.710316,-0.122862227,-1.160302167,1.518157856,-2.048758666,2.360276164,2.618220836,6,5,two_open_b
35.734558,-0.122786332,-1.156377174,1.518662225,-2.039358669,2.358563168,2.611604359,6,5,two_open_b
35.758801,-0.123797342,-1.153344064,1.521517056,-2.040928191,2.362938897,2.609633951,6,5,two_open_b
35.783043,-0.124808351,-1.150310954,1.524371887,-2.042497714,2.367314627,2.607663543,6,5,two_open_b
35.807286,-0.125819360,-1.147277844,1.527226718,-2.044067237,2.371690356,2.605693135,6,5,two_open_b
35.831528,-0.126658646,-1.144960129,1.531614848,-2.050413642,2.376702493,2.613697650,6,5,two_open_b
35.855770,-0.127497933,-1.142642413,1.536002977,-2.056760048,2.381714630,2.621702164,6,5,two_open_b
35.880013,-0.128337219,-1.140324698,1.540391107,-2.063106454,2.386726767,2.629706679,6,5,two_open_b
35.904255,-0.129176506,-1.138006983,1.544779237,-2.069452860,2.391738904,2.637711193,6,5,two_open_b
35.928498,-0.129724167,-1.135774948,1.548571399,-2.075863244,2.395521862,2.645759372,6,5,two_open_b
35.952740,-0.130271828,-1.133542913,1.552363562,-2.082273629,2.399304821,2.653807551,6,5,two_open_b
35.976983,-0.130819490,-1.131310878,1.556155725,-2.088684014,2.403087779,2.661855729,6,5,two_open_b
36.001225,-0.130280247,-1.128186960,1.557597426,-2.084124879,2.400782012,2.665257839,6,5,two_open_b
36.025467,-0.129247301,-1.124603292,1.559615241,-2.080576335,2.396770673,2.666759783,6,5,two_open_b
36.049710,-0.128021004,-1.120839570,1.561858682,-2.077423574,2.392091372,2.667517554,6,5,two_open_b
36.073952,-0.127395203,-1.118685370,1.563681408,-2.078190576,2.390121972,2.665568118,6,5,two_open_b
36.098195,-0.126769403,-1.116531169,1.565504133,-2.078957578,2.388152572,2.663618682,6,5,two_open_b
36.122437,-0.126143602,-1.114376969,1.567326859,-2.079724579,2.386183172,2.661669246,6,5,two_open_b
36.146680,-0.125455292,-1.110350580,1.569295337,-2.078689189,2.385437632,2.660700514,6,5,two_open_b
36.170922,-0.124705728,-1.107838589,1.570242830,-2.078293171,2.384287957,2.659036879,6,5,two_open_b
36.195164,-0.123956164,-1.105326597,1.571190323,-2.077897153,2.383138281,2.657373244,6,5,two_open_b
36.219407,-0.122411085,-1.100966160,1.571237322,-2.072039284,2.379344504,2.647889661,6,5,two_open_b
36.243649,-0.120748394,-1.096332444,1.571151189,-2.065373921,2.375159815,2.637249959,6,5,two_open_b
36.267892,-0.119579407,-1.092158478,1.570488942,-2.057697967,2.372680700,2.628510423,6,5,two_open_b
36.292134,-0.118603770,-1.088164566,1.569601068,-2.049626231,2.370869546,2.620515059,6,5,two_open_b
36.316377,-0.117519116,-1.083668489,1.569152672,-2.041459880,2.369312847,2.613098573,6,5,two_open_b
36.340619,-0.116212195,-1.078148596,1.569600284,-2.033100628,2.368274932,2.606862306,6,5,two_open_b
36.364861,-0.115147687,-1.073433422,1.571984505,-2.032863735,2.369862043,2.607619934,6,5,two_open_b
36.389104,-0.114145689,-1.070590436,1.574222973,-2.034429233,2.370225295,2.607396858,6,5,two_open_b
36.413346,-0.113143691,-1.067747450,1.576461441,-2.035994731,2.370588547,2.607173783,6,5,two_open_b
36.437589,-0.111768656,-1.063869164,1.579306549,-2.038017502,2.370898512,2.606092177,6,5,two_open_b
36.461831,-0.111115503,-1.061634964,1.583171898,-2.045592385,2.373842060,2.612661052,6,5,two_open_b
36.486073,-0.110427528,-1.059489248,1.587355662,-2.054062879,2.376930285,2.620284243,6,5,two_open_b
36.510316,-0.109425420,-1.056962707,1.591921255,-2.062714963,2.379511073,2.627697638,6,5,two_open_b
36.534558,-0.108109179,-1.054055342,1.596868678,-2.071548639,2.381584423,2.634901237,6,5,two_open_b
36.558801,-0.106799824,-1.051526326,1.601500766,-2.080535968,2.383238337,2.641457747,6,5,two_open_b
36.583043,-0.105712736,-1.050021126,1.605236845,-2.089716198,2.384373468,2.646834039,6,5,two_open_b
36.607286,-0.103456012,-1.046668493,1.608157622,-2.091790565,2.381666348,2.644589384,6,5,two_open_b
36.631528,-0.101199289,-1.043315861,1.611078399,-2.093864932,2.378959228,2.642344729,6,5,two_open_b
36.655770,-0.098130381,-1.039376551,1.614200166,-2.096753292,2.374642228,2.637265923,6,5,two_open_b
36.680013,-0.095434509,-1.036472541,1.616715291,-2.099184379,2.370378515,2.633045647,6,5,two_open_b
36.704255,-0.092812272,-1.033772890,1.619110671,-2.101525204,2.366125320,2.628994837,6,5,two_open_b
36.728498,-0.089958851,-1.030696266,1.621522672,-2.104052314,2.362085582,2.624306537,6,5,two_open_b
36.752740,-0.087089316,-1.027516852,1.623726657,-2.106634060,2.358525064,2.619191591,6,5,two_open_b
36.776983,-0.084533914,-1.024718264,1.625548812,-2.109034215,2.355471984,2.614286441,6,5,two_open_b
36.801225,-0.081559470,-1.020763179,1.627436635,-2.110489767,2.353605904,2.610337890,6,5,two_open_b
36.825467,-0.078509638,-1.016622895,1.629351914,-2.111817222,2.351887660,2.606517845,6,5,two_open_b
36.849710,-0.076387027,-1.013525325,1.630145887,-2.112128181,2.351386641,2.603324851,6,5,two_open_b
36.873952,-0.073243840,-1.009972052,1.631760178,-2.113775339,2.349637581,2.597707372,6,5,two_open_b
36.898195,-0.070912837,-1.007005457,1.633173479,-2.114608505,2.349498401,2.594924045,6,5,two_open_b
36.922437,-0.068581835,-1.004038861,1.634586781,-2.115441671,2.349359221,2.592140717,6,5,two_open_b
36.946680,-0.065023228,-1.000625120,1.636794634,-2.117790389,2.347922872,2.586971726,6,5,two_open_b
36.970922,-0.061848238,-0.997773147,1.638800583,-2.119864706,2.346519300,2.582542030,6,5,two_open_b
36.995164,-0.058957435,-0.995402711,1.640659572,-2.121753036,2.345050461,2.578722554,6,5,two_open_b
37.019407,-0.054700784,-0.992970665,1.643314856,-2.125131130,2.340809520,2.574125496,6,5,two_open_b
37.043649,-0.050965306,-0.991818931,1.645780331,-2.129394786,2.335546558,2.568640050,6,5,two_open_b
37.067892,-0.046783413,-0.990895355,1.648420203,-2.134411744,2.328901672,2.562216243,6,5,two_open_b
37.092134,-0.041389810,-0.990071536,1.651528808,-2.140880522,2.319391041,2.553911830,6,5,two_open_b
37.116377,-0.037016784,-0.989703419,1.653817096,-2.146013101,2.311128450,2.548031902,6,5,two_open_b
37.140619,-0.031011198,-0.989319170,1.656432610,-2.151755333,2.299986258,2.540058518,6,5,two_open_b
37.164861,-0.025005611,-0.988934922,1.659048124,-2.157497565,2.288844065,2.532085134,6,5,two_open_b
37.189104,-0.018928355,-0.988965587,1.661061958,-2.162623414,2.277719718,2.523585454,6,5,two_open_b
37.213346,-0.012851100,-0.988996253,1.663075792,-2.167749264,2.266595371,2.515085774,6,5,two_open_b
37.237589,-0.006633198,-0.988989872,1.665042846,-2.172759993,2.255589507,2.506623723,6,5,two_open_b
37.261831,-0.000673377,-0.988812974,1.666095377,-2.175896010,2.247504070,2.499006932,6,5,two_open_b
37.286073,0.005286445,-0.988636076,1.667147909,-2.179032027,2.239418633,2.491390140,6,5,two_open_b
37.310316,0.010724463,-0.988416220,1.667998588,-2.181542840,2.232567284,2.484583203,6,5,two_open_b
37.334558,0.016037181,-0.988183601,1.668588935,-2.183233722,2.228663606,2.478507118,6,5,two_open_b
37.358801,0.021509677,-0.987963777,1.669209933,-2.185017536,2.224771977,2.472261939,6,5,two_open_b
37.383043,0.025593841,-0.987791671,1.669554711,-2.186159108,2.223765385,2.468198721,6,5,two_open_b
37.407286,0.030908553,-0.987778717,1.670156490,-2.187136478,2.222786177,2.464581431,6,5,two_open_b
37.431528,0.034923994,-0.987797996,1.670565399,-2.187214677,2.223086291,2.463876101,6,5,two_open_b
37.455770,0.038939434,-0.987817274,1.670974308,-2.187292876,2.223386406,2.463170770,6,5,two_open_b
37.480013,0.043333817,-0.987999620,1.671357845,-2.187081988,2.223533398,2.462293437,6,5,two_open_b
37.504255,0.047208577,-0.988542966,1.671812507,-2.186888003,2.223398845,2.461181442,6,5,two_open_b
37.528498,0.051671483,-0.989215184,1.672220069,-2.186325973,2.223131072,2.459902464,6,5,two_open_b
37.552740,0.056189822,-0.989899549,1.672623192,-2.185729254,2.222850742,2.458607748,6,5,two_open_b
37.576983,0.060907853,-0.990854396,1.672773391,-2.184268588,2.222094037,2.458019832,6,5,two_open_b
37.601225,0.065466105,-0.991796449,1.672892940,-2.182714989,2.221325283,2.457601010,6,5,two_open_b
37.625467,0.070337350,-0.992890770,1.672862384,-2.181040821,2.222115063,2.457339317,6,5,two_open_b
37.649710,0.074349833,-0.993283662,1.671105587,-2.175227340,2.223607970,2.452430397,6,5,two_open_b
37.673952,0.078490048,-0.993188675,1.668207662,-2.166029917,2.225209897,2.444098332,6,5,two_open_b
37.698195,0.082630262,-0.993093688,1.665309737,-2.156832494,2.226811823,2.435766268,6,5,two_open_b
37.722437,0.087153498,-0.994145250,1.664075386,-2.153669334,2.231941652,2.434665311,6,5,two_open_b
37.746680,0.091105828,-0.995242010,1.663115748,-2.151744634,2.237271168,2.434600321,6,5,two_open_b
37.770922,0.095149303,-0.994132805,1.653851862,-2.141053706,2.243358512,2.423104435,6,5,two_open_b
37.795164,0.099202420,-0.992478168,1.642561557,-2.128038009,2.249490202,2.408739888,6,5,two_open_b
37.819407,0.102642000,-0.992677216,1.637036924,-2.122424034,2.256525082,2.404377396,6,5,two_open_b
37.843649,0.106104747,-0.993544527,1.634110171,-2.119465415,2.263962255,2.403986889,6,5,two_open_b
37.867892,0.109010274,-0.994227983,1.631282514,-2.116659955,2.269835461,2.403350747,6,5,two_open_b
37.892134,0.110696919,-0.996280571,1.631611435,-2.123353729,2.281081806,2.405854184,6,5,two_open_b
37.916377,0.111878527,-0.999189329,1.633833045,-2.135745683,2.294937775,2.411307861,6,5,two_open_b
37.940619,0.113060135,-1.002098087,1.636054655,-2.148137636,2.308793743,2.416761539,6,5,two_open_b
37.964861,0.113293073,-1.003736353,1.636657990,-2.154849295,2.319249934,2.415144704,6,5,two_open_b
37.989104,0.114350298,-1.006126958,1.637098341,-2.163269974,2.330484164,2.410718189,6,5,two_open_b
38.013346,0.114728233,-1.010594655,1.645890041,-2.180824928,2.341093787,2.417889552,6,5,two_open_b
38.037589,0.117826521,-1.015829646,1.654884409,-2.193932634,2.341163750,2.431760576,6,5,two_open_b
38.061831,0.120252241,-1.018853476,1.658157627,-2.199870678,2.340724972,2.436072497,6,5,two_open_b
38.086073,0.121161418,-1.022226136,1.660036874,-2.209755466,2.348130942,2.432182259,6,5,two_open_b
38.110316,0.121780711,-1.025796228,1.662149817,-2.220921809,2.357137771,2.427470888,6,5,two_open_b
38.134558,0.123247096,-1.028539465,1.662575422,-2.226892432,2.360040949,2.423821238,6,5,two_open_b
38.158801,0.125090788,-1.030914411,1.662249465,-2.230548819,2.360225485,2.420644492,6,5,two_open_b
38.183043,0.128175999,-1.034492806,1.662238566,-2.237267439,2.358717106,2.412609394,6,5,two_open_b
38.207286,0.131261209,-1.038071201,1.662227667,-2.243986060,2.357208727,2.404574296,6,5,two_open_b
38.231528,0.133504892,-1.040723185,1.662152138,-2.248125245,2.354855841,2.398479896,6,5,two_open_b
38.255770,0.135748576,-1.043375169,1.662076609,-2.252264429,2.352502955,2.392385496,6,5,two_open_b
38.280013,0.135206832,-1.045793145,1.663829270,-2.263210318,2.360657940,2.382475836,6,5,two_open_b
38.304255,0.136159825,-1.049476891,1.665118343,-2.274067349,2.366163990,2.372469036,6,5,two_open_b
38.328498,0.138606196,-1.052143543,1.665203506,-2.278322281,2.363423000,2.366692410,6,5,two_open_b
38.352740,0.141342452,-1.054612764,1.665054975,-2.281295657,2.359081150,2.361736918,6,5,two_open_b
38.376983,0.144124242,-1.057087428,1.664820772,-2.284045611,2.354603791,2.356926440,6,5,two_open_b
38.401225,0.147844887,-1.059674316,1.662820145,-2.282188932,2.347332433,2.355105944,6,5,two_open_b
38.425467,0.151262867,-1.061169980,1.658738036,-2.272663385,2.338959990,2.361133781,6,5,two_open_b
38.449710,0.154910866,-1.062693139,1.654223154,-2.262009213,2.329903017,2.367894163,6,5,two_open_b
38.473952,0.158558866,-1.064216297,1.649708271,-2.251355041,2.320846045,2.374654545,6,5,two_open_b
38.498195,0.162206865,-1.065739456,1.645193389,-2.240700869,2.311789072,2.381414928,6,5,two_open_b
38.522437,0.165854864,-1.067262615,1.640678506,-2.230046697,2.302732099,2.388175310,6,5,two_open_b
38.546680,0.168008127,-1.067520002,1.636627212,-2.219481382,2.296324061,2.395032833,6,5,two_open_b
38.570922,0.169727669,-1.070372846,1.634980390,-2.218924806,2.292705309,2.394371658,6,5,two_open_b
38.595164,0.171447211,-1.073225690,1.633333569,-2.218368229,2.289086557,2.393710483,6,5,two_open_b
38.619407,0.173121219,-1.076073091,1.631772419,-2.218035075,2.285603314,2.392904294,6,5,two_open_b
38.643649,0.173856372,-1.078808267,1.631977694,-2.222308554,2.284914070,2.389108123,6,5,two_open_b
38.667892,0.172384547,-1.081948466,1.632219035,-2.230746439,2.292174872,2.382655449,6,5,two_open_b
38.692134,0.170682703,-1.085061169,1.632893150,-2.240312951,2.300120204,2.375470229,6,5,two_open_b
38.716377,0.168980858,-1.088173872,1.633567266,-2.249879462,2.308065536,2.368285009,6,5,two_open_b
38.740619,0.167279014,-1.091286576,1.634241381,-2.259445973,2.316010867,2.361099789,6,5,two_open_b
38.764861,0.165577169,-1.094399279,1.634915496,-2.269012484,2.323956199,2.353914570,6,5,two_open_b
38.789104,0.163875325,-1.097511982,1.635589611,-2.278578995,2.331901531,2.346729350,6,5,two_open_b
38.813346,0.162607200,-1.098029229,1.633859253,-2.278136768,2.337057577,2.347062829,6,5,two_open_b
38.837589,0.163572181,-1.099312850,1.628123673,-2.266644478,2.332346254,2.355849705,6,5,two_open_b
38.861831,0.164537162,-1.100596471,1.622388094,-2.255152187,2.327634932,2.364636581,6,5,two_open_b
38.886073,0.165502142,-1.101880092,1.616652514,-2.243659897,2.322923609,2.373423457,6,5,two_open_b
38.910316,0.167735247,-1.102646466,1.612647292,-2.232609833,2.313056241,2.381876855,6,5,two_open_b
38.934558,0.169968353,-1.103412840,1.608642069,-2.221559770,2.303188873,2.390330253,6,5,two_open_b
38.958801,0.169450161,-1.104917383,1.606278495,-2.218640156,2.306503812,2.394455152,6,5,two_open_b
38.983043,0.168931969,-1.106421926,1.603914920,-2.215720541,2.309818751,2.398580052,6,5,two_open_b
39.007286,0.168413777,-1.107926469,1.601551345,-2.212800927,2.313133690,2.402704952,6,5,two_open_b
39.031528,0.167895585,-1.109431012,1.599187771,-2.209881313,2.316448629,2.406829852,6,5,two_open_b
39.055770,0.167377392,-1.110935555,1.596824196,-2.206961698,2.319763568,2.410954752,6,5,two_open_b
39.080013,0.166594419,-1.111583925,1.596277498,-2.209340724,2.325566493,2.409103830,6,5,two_open_b
39.104255,0.165811446,-1.112232295,1.595730799,-2.211719749,2.331369418,2.407252908,6,5,two_open_b
39.128498,0.165028473,-1.112880665,1.595184100,-2.214098774,2.337172343,2.405401986,6,5,two_open_b
39.152740,0.164245500,-1.113529035,1.594637402,-2.216477799,2.342975268,2.403551064,6,5,two_open_b
39.176983,0.163462527,-1.114177405,1.594090703,-2.218856824,2.348778192,2.401700143,6,5,two_open_b
39.201225,0.165430850,-1.114087605,1.591902358,-2.213105400,2.341398810,2.404177718,6,5,two_open_b
39.225467,0.167399174,-1.113997806,1.589714012,-2.207353976,2.334019428,2.406655294,6,5,two_open_b
39.249710,0.169367498,-1.113908006,1.587525666,-2.201602552,2.326640046,2.409132870,6,5,two_open_b
39.273952,0.171335822,-1.113818206,1.585337320,-2.195851128,2.319260663,2.411610446,6,5,two_open_b
39.298195,0.173304146,-1.113728407,1.583148974,-2.190099704,2.311881281,2.414088022,6,5,two_open_b
39.322437,0.173304146,-1.113728407,1.583148974,-2.190099704,2.311881281,2.414088022,6,5,two_open_b
39.346680,0.173304146,-1.113728407,1.583148974,-2.190099704,2.311881281,2.414088022,6,5,two_open_b
39.370922,0.174818739,-1.115120391,1.586253205,-2.198120664,2.309092694,2.407548397,6,5,two_open_b
39.395164,0.176333331,-1.116512375,1.589357436,-2.206141624,2.306304107,2.401008772,6,5,two_open_b
39.419407,0.177847924,-1.117904360,1.592461668,-2.214162585,2.303515520,2.394469148,6,5,two_open_b
39.443649,0.179362516,-1.119296344,1.595565899,-2.222183545,2.300726933,2.387929523,6,5,two_open_b
39.467892,0.180877109,-1.120688328,1.598670130,-2.230204505,2.297938346,2.381389898,6,5,two_open_b
39.492134,0.182391701,-1.122080312,1.601774361,-2.238225465,2.295149760,2.374850273,6,5,two_open_b
39.516377,0.183906294,-1.123472296,1.604878592,-2.246246425,2.292361173,2.368310648,6,5,two_open_b
39.540619,0.185420886,-1.124864281,1.607982824,-2.254267386,2.289572586,2.361771024,6,5,two_open_b
39.564861,0.186935479,-1.126256265,1.611087055,-2.262288346,2.286783999,2.355231399,6,5,two_open_b
39.589104,0.188450071,-1.127648249,1.614191286,-2.270309306,2.283995412,2.348691774,6,5,two_open_b
39.613346,0.188450071,-1.127648249,1.614191286,-2.270309306,2.283995412,2.348691774,6,5,two_open_b
39.637589,0.188450071,-1.127648249,1.614191286,-2.270309306,2.283995412,2.348691774,6,5,two_open_b
39.661831,0.189640313,-1.127851592,1.611059469,-2.263510082,2.282181740,2.353860973,6,5,two_open_b
39.686073,0.190830554,-1.128054935,1.607927652,-2.256710858,2.280368067,2.359030171,6,5,two_open_b
39.710316,0.192020796,-1.128258279,1.604795834,-2.249911634,2.278554395,2.364199370,6,5,two_open_b
39.734558,0.193211037,-1.128461622,1.601664017,-2.243112410,2.276740723,2.369368568,6,5,two_open_b
39.758801,0.194401278,-1.128664965,1.598532200,-2.236313186,2.274927050,2.374537767,6,5,two_open_b
39.783043,0.195591520,-1.128868308,1.595400383,-2.229513962,2.273113378,2.379706966,6,5,two_open_b
39.807286,0.196781761,-1.129071651,1.592268566,-2.222714738,2.271299706,2.384876164,6,5,two_open_b
39.831528,0.197972003,-1.129274995,1.589136748,-2.215915514,2.269486034,2.390045363,6,5,two_open_b
39.855770,0.199162245,-1.129478338,1.586004931,-2.209116290,2.267672361,2.395214561,6,5,two_open_b
39.880013,0.200352486,-1.129681681,1.582873114,-2.202317066,2.265858689,2.400383760,6,5,two_open_b
39.904255,0.200352486,-1.129681681,1.582873114,-2.202317066,2.265858689,2.400383760,6,5,two_open_b
39.928498,0.200352486,-1.129681681,1.582873114,-2.202317066,2.265858689,2.400383760,6,5,two_open_b
39.952740,0.200352486,-1.129681681,1.582873114,-2.202317066,2.265858689,2.400383760,6,5,two_open_b
39.976983,0.200229234,-1.129891178,1.583157441,-2.203000517,2.266301103,2.399717398,6,5,two_open_b
40.001225,0.199496580,-1.131136507,1.584847585,-2.207063209,2.268930975,2.395756293,6,5,two_open_b
40.025467,0.198739092,-1.132424046,1.586595017,-2.211263604,2.271649986,2.391660928,6,5,two_open_b
40.049710,0.197981604,-1.133711585,1.588342449,-2.215464000,2.274368997,2.387565562,6,5,two_open_b
40.073952,0.197224116,-1.134999124,1.590089880,-2.219664395,2.277088008,2.383470196,6,5,two_open_b
40.098195,0.196466628,-1.136286663,1.591837312,-2.223864791,2.279807019,2.379374830,6,5,two_open_b
40.122437,0.195709140,-1.137574202,1.593584744,-2.228065186,2.282526030,2.375279465,6,5,two_open_b
40.146680,0.194951652,-1.138861742,1.595332175,-2.232265582,2.285245041,2.371184099,6,5,two_open_b
40.170922,0.194194164,-1.140149281,1.597079607,-2.236465977,2.287964052,2.367088733,6,5,two_open_b
40.195164,0.193436676,-1.141436820,1.598827039,-2.240666373,2.290683063,2.362993368,6,5,two_open_b
40.219407,0.192802440,-1.142514862,1.600290144,-2.244183317,2.292959661,2.359564364,6,5,two_open_b
40.243649,0.194080858,-1.143787401,1.602010935,-2.243463466,2.288205995,2.358499387,6,5,two_open_b
40.267892,0.195384109,-1.145017731,1.603674438,-2.242605911,2.283363191,2.357568672,6,5,two_open_b
40.292134,0.196687361,-1.146248060,1.605337942,-2.241748356,2.278520386,2.356637956,6,5,two_open_b
40.316377,0.197990612,-1.147478390,1.607001446,-2.240890801,2.273677582,2.355707240,6,5,two_open_b
40.340619,0.199293863,-1.148708719,1.608664949,-2.240033246,2.268834777,2.354776525,6,5,two_open_b
40.364861,0.200597114,-1.149939048,1.610328453,-2.239175691,2.263991972,2.353845809,6,5,two_open_b
40.389104,0.202403020,-1.151540378,1.610592581,-2.233710411,2.259636351,2.355183299,6,5,two_open_b
40.413346,0.204208926,-1.153141707,1.610856709,-2.228245131,2.255280729,2.356520789,6,5,two_open_b
40.437589,0.203727393,-1.155493017,1.613692376,-2.230544567,2.261504009,2.354618367,6,5,two_open_b
40.461831,0.203245860,-1.157844326,1.616528044,-2.232844002,2.267727289,2.352715944,6,5,two_open_b
40.486073,0.201461076,-1.158965307,1.617700207,-2.236000993,2.278793374,2.351744237,6,5,two_open_b
40.510316,0.199676292,-1.160086287,1.618872371,-2.239157983,2.289859459,2.350772530,6,5,two_open_b
40.534558,0.197891508,-1.161207267,1.620044534,-2.242314974,2.300925544,2.349800824,6,5,two_open_b
40.558801,0.196106723,-1.162328247,1.621216698,-2.245471964,2.311991628,2.348829117,6,5,two_open_b
40.583043,0.196516946,-1.162287944,1.619998084,-2.237073360,2.316229271,2.354322654,6,5,two_open_b
40.607286,0.196927168,-1.162247640,1.618779471,-2.228674755,2.320466915,2.359816192,6,5,two_open_b
40.631528,0.196834735,-1.161836336,1.618960233,-2.224883875,2.324217375,2.363041523,6,5,two_open_b
40.655770,0.196742302,-1.161425033,1.619140995,-2.221092996,2.327967835,2.366266855,6,5,two_open_b
40.680013,0.198937308,-1.160263749,1.616750219,-2.209537400,2.321139394,2.372732099,6,5,two_open_b
40.704255,0.201132315,-1.159102465,1.614359442,-2.197981805,2.314310952,2.379197343,6,5,two_open_b
40.728498,0.203327321,-1.157941181,1.611968665,-2.186426210,2.307482510,2.385662588,6,5,two_open_b
40.752740,0.205522327,-1.156779898,1.609577888,-2.174870615,2.300654068,2.392127832,6,5,two_open_b
40.776983,0.207717334,-1.155618614,1.607187111,-2.163315020,2.293825627,2.398593077,6,5,two_open_b
40.801225,0.209912340,-1.154457330,1.604796334,-2.151759425,2.286997185,2.405058321,6,5,two_open_b
40.825467,0.209912340,-1.154457330,1.604796334,-2.151759425,2.286997185,2.405058321,6,5,two_open_b
40.849710,0.209912340,-1.154457330,1.604796334,-2.151759425,2.286997185,2.405058321,6,5,two_open_b
40.873952,0.209912340,-1.154457330,1.604796334,-2.151759425,2.286997185,2.405058321,6,5,two_open_b
40.898195,0.209912340,-1.154457330,1.604796334,-2.151759425,2.286997185,2.405058321,6,5,two_open_b
40.922437,0.209912340,-1.154457330,1.604796334,-2.151759425,2.286997185,2.405058321,6,5,two_open_b
40.946680,0.209912340,-1.154457330,1.604796334,-2.151759425,2.286997185,2.405058321,6,5,two_open_b
40.970922,0.209912340,-1.154457330,1.604796334,-2.151759425,2.286997185,2.405058321,6,5,two_open_b
40.995164,0.209912340,-1.154457330,1.604796334,-2.151759425,2.286997185,2.405058321,6,5,two_open_b
41.019407,0.209912340,-1.154457330,1.604796334,-2.151759425,2.286997185,2.405058321,6,5,two_open_b
41.043649,0.209912340,-1.154457330,1.604796334,-2.151759425,2.286997185,2.405058321,6,5,two_open_b
41.067892,0.209912340,-1.154457330,1.604796334,-2.151759425,2.286997185,2.405058321,6,5,two_open_b
41.092134,0.209912340,-1.154457330,1.604796334,-2.151759425,2.286997185,2.405058321,6,5,two_open_b
41.116377,0.209912340,-1.154457330,1.604796334,-2.151759425,2.286997185,2.405058321,6,5,two_open_b
41.140619,0.209912340,-1.154457330,1.604796334,-2.151759425,2.286997185,2.405058321,6,5,two_open_b
41.164861,0.209912340,-1.154457330,1.604796334,-2.151759425,2.286997185,2.405058321,6,5,two_open_b
41.189104,0.209912340,-1.154457330,1.604796334,-2.151759425,2.286997185,2.405058321,6,5,two_open_b
41.213346,0.209912340,-1.154457330,1.604796334,-2.151759425,2.286997185,2.405058321,6,5,two_open_b
41.237589,0.209912340,-1.154457330,1.604796334,-2.151759425,2.286997185,2.405058321,6,5,two_open_b
41.261831,0.210109855,-1.153563552,1.605977251,-2.153814408,2.286498946,2.401127454,6,5,two_open_b
41.286073,0.210307370,-1.152669774,1.607158167,-2.155869391,2.286000707,2.397196588,6,5,two_open_b
41.310316,0.210504885,-1.151775996,1.608339084,-2.157924374,2.285502469,2.393265721,6,5,two_open_b
41.334558,0.210702400,-1.150882218,1.609520000,-2.159979357,2.285004230,2.389334854,6,5,two_open_b
41.358801,0.210899916,-1.149988440,1.610700917,-2.162034340,2.284505991,2.385403988,6,5,two_open_b
41.383043,0.211097431,-1.149094661,1.611881834,-2.164089323,2.284007752,2.381473121,6,5,two_open_b
41.407286,0.211294946,-1.148200883,1.613062750,-2.166144306,2.283509513,2.377542254,5,4,two_grasp_b
41.431528,0.211492461,-1.147307105,1.614243667,-2.168199289,2.283011275,2.373611387,5,4,two_grasp_b
41.455770,0.212191628,-1.145404929,1.616130933,-2.170672431,2.281733060,2.369572922,5,4,two_grasp_b
41.480013,0.212890796,-1.143502754,1.618018200,-2.173145574,2.280454846,2.365534457,5,4,two_grasp_b
41.504255,0.213392448,-1.142494356,1.618724550,-2.173563733,2.279674871,2.365426858,5,4,two_grasp_b
41.528498,0.213894101,-1.141485958,1.619430900,-2.173981892,2.278894895,2.365319260,5,4,two_grasp_b
41.552740,0.214395753,-1.140477561,1.620137250,-2.174400052,2.278114920,2.365211661,5,4,two_grasp_b
41.576983,0.214897406,-1.139469163,1.620843599,-2.174818211,2.277334945,2.365104063,5,4,two_grasp_b
41.601225,0.215399058,-1.138460765,1.621549949,-2.175236370,2.276554969,2.364996464,5,4,two_grasp_b
41.625467,0.216803182,-1.136366879,1.622654117,-2.173996655,2.273299584,2.364656227,5,4,two_grasp_b
41.649710,0.218207306,-1.134272994,1.623758284,-2.172756940,2.270044198,2.364315990,5,4,two_grasp_b
41.673952,0.219611429,-1.132179108,1.624862451,-2.171517225,2.266788813,2.363975753,5,4,two_grasp_b
41.698195,0.220513900,-1.131093620,1.625260269,-2.169859351,2.264313403,2.363743115,5,4,two_grasp_b
41.722437,0.221416371,-1.130008132,1.625658086,-2.168201476,2.261837993,2.363510476,5,4,two_grasp_b
41.746680,0.222318842,-1.128922645,1.626055904,-2.166543602,2.259362583,2.363277838,5,4,two_grasp_b
41.770922,0.223221313,-1.127837157,1.626453721,-2.164885728,2.256887173,2.363045199,5,4,two_grasp_b
41.795164,0.224123784,-1.126751669,1.626851539,-2.163227854,2.254411763,2.362812561,5,4,two_grasp_b
41.819407,0.225026255,-1.125666181,1.627249356,-2.161569979,2.251936353,2.362579922,5,4,two_grasp_b
41.843649,0.225928726,-1.124580693,1.627647174,-2.159912105,2.249460943,2.362347284,5,4,two_grasp_b
41.867892,0.225928726,-1.124580693,1.627647174,-2.159912105,2.249460943,2.362347284,5,4,two_grasp_b
41.892134,0.225928726,-1.124580693,1.627647174,-2.159912105,2.249460943,2.362347284,5,4,two_grasp_b
41.916377,0.225928726,-1.124580693,1.627647174,-2.159912105,2.249460943,2.362347284,5,4,two_grasp_b
41.940619,0.225928726,-1.124580693,1.627647174,-2.159912105,2.249460943,2.362347284,5,4,two_grasp_b
41.964861,0.225928726,-1.124580693,1.627647174,-2.159912105,2.249460943,2.362347284,5,4,two_grasp_b
41.989104,0.225928726,-1.124580693,1.627647174,-2.159912105,2.249460943,2.362347284,5,4,two_grasp_b
42.013346,0.225928726,-1.124580693,1.627647174,-2.159912105,2.249460943,2.362347284,5,4,two_grasp_b
42.037589,0.225928726,-1.124580693,1.627647174,-2.159912105,2.249460943,2.362347284,5,4,two_grasp_b
42.061831,0.226146069,-1.123902949,1.629578555,-2.162436187,2.248242978,2.358409189,5,4,two_grasp_b
42.086073,0.226363413,-1.123225206,1.631509937,-2.164960270,2.247025013,2.354471095,5,4,two_grasp_b
42.110316,0.226580756,-1.122547462,1.633441318,-2.167484352,2.245807049,2.350533000,5,4,two_grasp_b
42.134558,0.226798099,-1.121869718,1.635372700,-2.170008435,2.244589084,2.346594905,5,4,two_grasp_b
42.158801,0.227015442,-1.121191975,1.637304081,-2.172532517,2.243371119,2.342656811,5,4,two_grasp_b
42.183043,0.227232786,-1.120514231,1.639235462,-2.175056599,2.242153154,2.338718716,5,4,two_grasp_b
42.207286,0.227450129,-1.119836487,1.641166844,-2.177580682,2.240935189,2.334780621,5,4,two_grasp_b
42.231528,0.227667472,-1.119158743,1.643098225,-2.180104764,2.239717225,2.330842526,5,4,two_grasp_b
42.255770,0.227884816,-1.118481000,1.645029607,-2.182628847,2.238499260,2.326904432,5,4,two_grasp_b
42.280013,0.228102159,-1.117803256,1.646960988,-2.185152929,2.237281295,2.322966337,5,4,two_grasp_b
42.304255,0.228102159,-1.117803256,1.646960988,-2.185152929,2.237281295,2.322966337,5,4,two_grasp_b
42.328498,0.228102159,-1.117803256,1.646960988,-2.185152929,2.237281295,2.322966337,5,4,two_grasp_b
42.352740,0.228102159,-1.117803256,1.646960988,-2.185152929,2.237281295,2.322966337,5,4,two_grasp_b
42.376983,0.227675817,-1.116644364,1.648566849,-2.185153040,2.238418767,2.321327380,5,4,two_grasp_b
42.401225,0.227249474,-1.115485472,1.650172710,-2.185153151,2.239556240,2.319688423,5,4,two_grasp_b
42.425467,0.226823132,-1.114326579,1.651778571,-2.185153263,2.240693712,2.318049467,5,4,two_grasp_b
42.449710,0.226396790,-1.113167687,1.653384432,-2.185153374,2.241831185,2.316410510,5,4,two_grasp_b
42.473952,0.225970447,-1.112008795,1.654990293,-2.185153485,2.242968657,2.314771553,5,4,two_grasp_b
42.498195,0.225544105,-1.110849903,1.656596154,-2.185153596,2.244106129,2.313132596,5,4,two_grasp_b
42.522437,0.222588824,-1.109866751,1.661557108,-2.194677674,2.255696951,2.304220512,5,4,two_grasp_b
42.546680,0.219633543,-1.108883598,1.666518063,-2.204201752,2.267287772,2.295308428,5,4,two_grasp_b
42.570922,0.216678262,-1.107900446,1.671479017,-2.213725830,2.278878593,2.286396344,5,4,two_grasp_b
42.595164,0.213722980,-1.106917294,1.676439971,-2.223249907,2.290469414,2.277484260,5,4,two_grasp_b
42.619407,0.211194041,-1.107093034,1.679795064,-2.232773874,2.300922763,2.270211132,5,4,two_grasp_b
42.643649,0.209120695,-1.106864538,1.682961435,-2.240592012,2.309492062,2.263217577,5,4,two_grasp_b
42.667892,0.207630413,-1.106118704,1.685886279,-2.246227040,2.315650162,2.256581817,5,4,two_grasp_b
42.692134,0.206650896,-1.104919681,1.688599545,-2.249949663,2.319696052,2.250259486,5,4,two_grasp_b
42.716377,0.205671379,-1.103720658,1.691312812,-2.253672285,2.323741943,2.243937154,5,4,two_grasp_b
42.740619,0.204691862,-1.102521636,1.694026079,-2.257394908,2.327787833,2.237614823,5,4,two_grasp_b
42.764861,0.206265052,-1.101120698,1.693387268,-2.251516905,2.321276108,2.238540299,5,4,two_grasp_b
42.789104,0.208661392,-1.098813283,1.692852927,-2.242984064,2.311153397,2.238588899,5,4,two_grasp_b
42.813346,0.211282144,-1.096258739,1.692347066,-2.233727447,2.300046242,2.238398440,5,4,two_grasp_b
42.837589,0.213902896,-1.093704196,1.691841206,-2.224470830,2.288939086,2.238207982,5,4,two_grasp_b
42.861831,0.216523647,-1.091149652,1.691335345,-2.215214214,2.277831931,2.238017524,5,4,two_grasp_b
42.886073,0.218674961,-1.088660963,1.691635941,-2.207572427,2.268461873,2.237324109,5,4,two_grasp_b
42.910316,0.220212515,-1.085939451,1.693547525,-2.201912016,2.261177232,2.235777677,5,4,two_grasp_b
42.934558,0.221239305,-1.083671127,1.695670687,-2.198164011,2.256004800,2.233917817,5,4,two_grasp_b
42.958801,0.222266094,-1.081402804,1.697793848,-2.194416005,2.250832369,2.232057956,5,4,two_grasp_b
42.983043,0.223292884,-1.079134480,1.699917010,-2.190668000,2.245659937,2.230198096,5,4,two_grasp_b
43.007286,0.224470621,-1.076228892,1.704074845,-2.187683593,2.238149054,2.225635414,5,4,two_grasp_b
43.031528,0.224825208,-1.074229782,1.708128212,-2.187354025,2.234249157,2.221949607,5,4,two_grasp_b
43.055770,0.224955384,-1.072477800,1.712153097,-2.187748233,2.231333704,2.218502859,5,4,two_grasp_b
43.080013,0.224958637,-1.070363131,1.718392254,-2.188633147,2.228104101,2.214146071,5,4,two_grasp_b
43.104255,0.224961891,-1.068248463,1.724631411,-2.189518062,2.224874498,2.209789282,5,4,two_grasp_b
43.128498,0.224978990,-1.066472176,1.730252834,-2.190493974,2.221791847,2.205655877,5,4,two_grasp_b
43.152740,0.225026784,-1.065446050,1.734504796,-2.191671622,2.219034978,2.202017695,5,4,two_grasp_b
43.176983,0.225074578,-1.064419924,1.738756757,-2.192849269,2.216278110,2.198379512,5,4,two_grasp_b
43.201225,0.225122372,-1.063393799,1.743008719,-2.194026917,2.213521241,2.194741330,5,4,two_grasp_b
43.225467,0.225170166,-1.062367673,1.747260680,-2.195204564,2.210764372,2.191103147,5,4,two_grasp_b
43.249710,0.225043244,-1.062004986,1.749474951,-2.195695271,2.210450222,2.190193107,5,4,two_grasp_b
43.273952,0.226528428,-1.062605648,1.755791818,-2.199505936,2.201185640,2.180270822,5,4,two_grasp_b
43.298195,0.228013612,-1.063206309,1.762108686,-2.203316601,2.191921058,2.170348538,5,4,two_grasp_b
43.322437,0.229625719,-1.064169658,1.766211282,-2.206636559,2.182970626,2.161336295,5,4,two_grasp_b
43.346680,0.231237825,-1.065133006,1.770313879,-2.209956517,2.174020194,2.152324051,5,4,two_grasp_b
43.370922,0.233175676,-1.065618204,1.775891371,-2.212624251,2.165715049,2.141898762,5,4,two_grasp_b
43.395164,0.235169082,-1.066021855,1.781720400,-2.215180751,2.157519955,2.131232483,5,4,two_grasp_b
43.419407,0.237162488,-1.066425507,1.787549430,-2.217737251,2.149324860,2.120566205,5,4,two_grasp_b
43.443649,0.239155893,-1.066829158,1.793378459,-2.220293751,2.141129765,2.109899927,5,4,two_grasp_b
43.467892,0.241311742,-1.067187854,1.801670276,-2.223736284,2.133853628,2.097074455,5,4,two_grasp_b
43.492134,0.243467591,-1.067546549,1.809962093,-2.227178817,2.126577490,2.084248983,5,4,two_grasp_b
43.516377,0.244011334,-1.066941896,1.814151313,-2.227301392,2.128251784,2.080435755,5,4,two_grasp_b
43.540619,0.244555077,-1.066337244,1.818340534,-2.227423967,2.129926078,2.076622527,5,4,two_grasp_b
43.564861,0.245098819,-1.065732591,1.822529754,-2.227546542,2.131600372,2.072809298,5,4,two_grasp_b
43.589104,0.246603642,-1.065302473,1.828779532,-2.228350316,2.130445715,2.066048008,5,4,two_grasp_b
43.613346,0.248350727,-1.065453658,1.834772220,-2.230208908,2.126973837,2.058957435,5,4,two_grasp_b
43.637589,0.250042257,-1.065686389,1.840513371,-2.232178734,2.123391909,2.052107850,5,4,two_grasp_b
43.661831,0.252092094,-1.065679930,1.846857391,-2.233624039,2.119899694,2.044890562,5,4,two_grasp_b
43.686073,0.254718060,-1.065288875,1.854170775,-2.234225956,2.116551731,2.037082039,5,4,two_grasp_b
43.710316,0.257181583,-1.064942776,1.859021372,-2.233941839,2.112284811,2.031432709,5,4,two_grasp_b
43.734558,0.259645105,-1.064596677,1.863871968,-2.233657722,2.108017891,2.025783379,5,4,two_grasp_b
43.758801,0.262108627,-1.064250578,1.868722565,-2.233373605,2.103750971,2.020134048,5,4,two_grasp_b
43.783043,0.265455195,-1.063797433,1.875265752,-2.232961139,2.099049767,2.012774191,5,4,two_grasp_b
43.807286,0.269405457,-1.063182314,1.883088703,-2.232395795,2.094505785,2.004186183,5,4,two_grasp_b
43.831528,0.272858663,-1.062129555,1.890026184,-2.230930076,2.093620468,1.997510530,5,4,two_grasp_b
43.855770,0.275743864,-1.060973644,1.895745859,-2.229061762,2.094407084,1.992577206,5,4,two_grasp_b
43.880013,0.278629064,-1.059817734,1.901465534,-2.227193449,2.095193700,1.987643882,5,4,two_grasp_b
43.904255,0.283076606,-1.059074368,1.908751949,-2.226968162,2.090611631,1.979835456,5,4,two_grasp_b
43.928498,0.288330134,-1.058840346,1.916630270,-2.228391148,2.082086515,1.970284716,5,4,two_grasp_b
43.952740,0.295728290,-1.058314130,1.926252107,-2.229811494,2.069097736,1.958150931,5,4,two_grasp_b
43.976983,0.303126445,-1.057787914,1.935873945,-2.231231841,2.056108956,1.946017147,5,4,two_grasp_b
44.001225,0.310524600,-1.057261698,1.945495782,-2.232652187,2.043120176,1.933883362,5,4,two_grasp_b
44.025467,0.317039710,-1.056842527,1.953425029,-2.234200883,2.030565681,1.923460104,5,4,two_grasp_b
44.049710,0.322740906,-1.055746653,1.960207886,-2.233955883,2.022691371,1.912796912,5,4,two_grasp_b
44.073952,0.327978076,-1.054913884,1.965815655,-2.233930060,2.013987348,1.903169426,5,4,two_grasp_b
44.098195,0.333215246,-1.054081114,1.971423425,-2.233904237,2.005283324,1.893541941,5,4,two_grasp_b
44.122437,0.338452416,-1.053248345,1.977031194,-2.233878414,1.996579300,1.883914455,5,4,two_grasp_b
44.146680,0.346964093,-1.053509605,1.985945878,-2.236004970,1.976323579,1.870641986,5,4,two_grasp_b
44.170922,0.354093655,-1.053646118,1.993299293,-2.237326641,1.959866652,1.859703066,5,4,two_grasp_b
44.195164,0.359078590,-1.054074826,1.998909190,-2.238650951,1.947873389,1.851347192,5,4,two_grasp_b
44.219407,0.364108969,-1.054437483,2.004533686,-2.239837919,1.936001850,1.842908470,5,4,two_grasp_b
44.243649,0.369755365,-1.053904787,2.010356071,-2.239163123,1.925780350,1.833346709,5,4,two_grasp_b
44.267892,0.375401761,-1.053372090,2.016178456,-2.238488328,1.915558851,1.823784947,5,4,two_grasp_b
44.292134,0.381258376,-1.053678072,2.021867467,-2.239760106,1.900499944,1.815691272,5,4,two_grasp_b
44.316377,0.387114992,-1.053984054,2.027556479,-2.241031884,1.885441037,1.807597596,5,4,two_grasp_b
44.340619,0.392971608,-1.054290035,2.033245490,-2.242303663,1.870382131,1.799503920,5,4,two_grasp_b
44.364861,0.398810093,-1.054559094,2.038959677,-2.243512761,1.855391162,1.791221753,5,4,two_grasp_b
44.389104,0.399258211,-1.053163207,2.039468409,-2.240776094,1.857962369,1.787797860,5,4,two_grasp_b
44.413346,0.399511118,-1.051369761,2.040248210,-2.237364546,1.861265081,1.782344451,5,4,two_grasp_b
44.437589,0.399677472,-1.049400047,2.041148197,-2.233653772,1.864892123,1.775991205,5,4,two_grasp_b
44.461831,0.399798382,-1.047496383,2.042033585,-2.230080341,1.868397441,1.769720807,5,4,two_grasp_b
44.486073,0.399303276,-1.046488073,2.042721084,-2.228368673,1.870252720,1.764573448,5,4,two_grasp_b
44.510316,0.398808170,-1.045479763,2.043408583,-2.226657005,1.872107999,1.759426089,5,4,two_grasp_b
44.534558,0.396138840,-1.043899054,2.045508046,-2.226250867,1.879115410,1.751488232,5,4,two_grasp_b
44.558801,0.393469511,-1.042318344,2.047607509,-2.225844729,1.886122820,1.743550375,5,4,two_grasp_b
44.583043,0.390800182,-1.040737635,2.049706971,-2.225438591,1.893130231,1.735612517,5,4,two_grasp_b
44.607286,0.388148983,-1.039193848,2.051781258,-2.225095133,1.900069703,1.727863151,5,4,two_grasp_b
44.631528,0.385692996,-1.038047621,2.053584476,-2.225426556,1.906277671,1.722143300,5,4,two_grasp_b
44.655770,0.382884250,-1.037618246,2.056868994,-2.228637308,1.911170749,1.716228390,5,4,two_grasp_b
44.680013,0.379770991,-1.037593005,2.061283921,-2.233720510,1.915323159,1.709625725,5,4,two_grasp_b
44.704255,0.376657733,-1.037567764,2.065698848,-2.238803713,1.919475568,1.703023061,5,4,two_grasp_b
44.728498,0.373286420,-1.037569166,2.070693442,-2.244593932,1.922793719,1.695407648,5,4,two_grasp_b
44.752740,0.369457564,-1.037617806,2.076715816,-2.251637728,1.924632687,1.685996583,5,4,two_grasp_b
44.776983,0.367739045,-1.038245442,2.081469730,-2.257551024,1.921112993,1.679125297,5,4,two_grasp_b
44.801225,0.366020527,-1.038873077,2.086223644,-2.263464321,1.917593299,1.672254012,5,4,two_grasp_b
44.825467,0.363907023,-1.039589090,2.091439758,-2.270121860,1.913287540,1.664689339,5,4,two_grasp_b
44.849710,0.360845313,-1.040517264,2.097765434,-2.278566033,1.907094747,1.655460112,5,4,two_grasp_b
44.873952,0.357783603,-1.041445437,2.104091111,-2.287010207,1.900901955,1.646230886,5,4,two_grasp_b
44.898195,0.355269863,-1.042054317,2.108664419,-2.293249933,1.895292547,1.639226235,5,4,two_grasp_b
44.922437,0.353147189,-1.042435332,2.111987132,-2.297916434,1.890099477,1.633809174,5,4,two_grasp_b
44.946680,0.350857828,-1.042912299,2.115933834,-2.303347932,1.881519441,1.627775050,5,4,two_grasp_b
44.970922,0.348734535,-1.043415575,2.119645221,-2.308494581,1.871904550,1.622413145,5,4,two_grasp_b
44.995164,0.347068785,-1.043871613,2.122328829,-2.312387653,1.863768841,1.618846892,5,4,two_grasp_b
45.019407,0.345472479,-1.044297249,2.124768807,-2.315953379,1.855627774,1.615523696,5,4,two_grasp_b
45.043649,0.344027330,-1.044075467,2.124485805,-2.315376793,1.841724261,1.611992134,5,4,two_grasp_b
45.067892,0.342977168,-1.043765308,2.123740602,-2.314055965,1.828606812,1.609153959,5,4,two_grasp_b
45.092134,0.342445778,-1.044410192,2.127030148,-2.317747575,1.814407130,1.607055342,5,4,two_grasp_b
45.116377,0.341376966,-1.044648839,2.128123388,-2.319078200,1.800319434,1.605239481,5,4,two_grasp_b
45.140619,0.339691740,-1.044421540,2.126697503,-2.317700815,1.786360185,1.603747937,5,4,two_grasp_b
45.164861,0.334263527,-1.043678561,2.120773928,-2.313246434,1.780654689,1.602113804,5,4,two_grasp_b
45.189104,0.329001999,-1.042839629,2.114226364,-2.308027056,1.778336157,1.601096734,5,4,two_grasp_b
45.213346,0.323587549,-1.041933811,2.107254568,-2.302441683,1.778150004,1.600353190,5,4,two_grasp_b
45.237589,0.316049372,-1.040907159,2.099590089,-2.297343413,1.780246741,1.599028624,5,4,two_grasp_b
45.261831,0.308505636,-1.039904312,2.092025736,-2.292397458,1.782555366,1.597711721,5,4,two_grasp_b
45.286073,0.299385945,-1.039788636,2.086716971,-2.292069195,1.790159096,1.595790089,5,4,two_grasp_b
45.310316,0.290266254,-1.039672959,2.081408205,-2.291740933,1.797762826,1.593868456,5,4,two_grasp_b
45.334558,0.281575996,-1.038390080,2.070955130,-2.284613597,1.808335823,1.592871820,5,4,two_grasp_b
45.358801,0.271773106,-1.037854889,2.062530591,-2.280752103,1.817723435,1.590913989,5,4,two_grasp_b
45.383043,0.262586631,-1.037785645,2.056625178,-2.279598618,1.826982599,1.588631842,5,4,two_grasp_b
45.407286,0.257087514,-1.038246289,2.055190966,-2.281528281,1.827912425,1.586477337,5,4,two_grasp_b
45.431528,0.250972010,-1.038864363,2.053463243,-2.283526096,1.828004737,1.584157212,5,4,two_grasp_b
45.455770,0.244610693,-1.039621704,2.051581731,-2.285521996,1.827167019,1.581772237,6,5,two_open_b
45.480013,0.239892086,-1.040636777,2.050327719,-2.287367007,1.823811251,1.579762936,6,5,two_open_b
45.504255,0.233954736,-1.041998706,2.048908559,-2.290063874,1.819859662,1.577233352,6,5,two_open_b
45.528498,0.228889771,-1.043221187,2.047830516,-2.292592058,1.816514706,1.575249693,6,5,two_open_b
45.552740,0.222981429,-1.044596804,2.046559683,-2.295588484,1.813382408,1.572858140,6,5,two_open_b
45.576983,0.216229710,-1.046125557,2.045096061,-2.299053149,1.810462769,1.570058692,6,5,two_open_b
45.601225,0.211087142,-1.047320285,2.043790857,-2.301635668,1.808626843,1.567917898,6,5,two_open_b
45.625467,0.205944575,-1.048515013,2.042485652,-2.304218187,1.806790917,1.565777105,6,5,two_open_b
45.649710,0.200857636,-1.049695532,2.041206937,-2.306794555,1.805030577,1.563651258,6,5,two_open_b
45.673952,0.195496280,-1.050802737,2.039818876,-2.309539065,1.804168395,1.561228548,6,5,two_open_b
45.698195,0.189281033,-1.051911574,2.038056401,-2.312585990,1.804064517,1.558239603,6,5,two_open_b
45.722437,0.183288302,-1.052907923,2.036242204,-2.315365272,1.804213398,1.555321797,6,5,two_open_b
45.746680,0.176856092,-1.053664761,2.033392969,-2.317260318,1.804237519,1.552316453,6,5,two_open_b
45.770922,0.170976293,-1.054321295,2.030670012,-2.318848667,1.804122350,1.549578279,6,5,two_open_b
45.795164,0.164731582,-1.055088997,2.027909767,-2.320874123,1.803054946,1.547013316,6,5,two_open_b
45.819407,0.159330248,-1.055703562,2.025342311,-2.322431338,1.801774884,1.544856247,6,5,two_open_b
45.843649,0.153373288,-1.056510952,2.022189050,-2.323765511,1.798604753,1.542974538,6,5,two_open_b
45.867892,0.147196764,-1.057392047,2.018816731,-2.325025946,1.794742748,1.541186899,6,5,two_open_b
45.892134,0.141020240,-1.058273142,2.015444413,-2.326286382,1.790880742,1.539399259,6,5,two_open_b
45.916377,0.133959454,-1.059437036,2.011756482,-2.328030441,1.787197369,1.537983770,6,5,two_open_b
45.940619,0.128243280,-1.060473965,2.008676636,-2.329417828,1.783422458,1.537266369,6,5,two_open_b
45.964861,0.121341305,-1.061553522,2.004980315,-2.331204345,1.780233153,1.536346772,6,5,two_open_b
45.989104,0.116011759,-1.062529716,2.002440615,-2.333051025,1.777800260,1.536015014,6,5,two_open_b
46.013346,0.110682213,-1.063505911,1.999900914,-2.334897704,1.775367366,1.535683257,6,5,two_open_b
46.037589,0.104551980,-1.064338775,1.996593550,-2.336232518,1.776011693,1.535827689,6,5,two_open_b
46.061831,0.098421747,-1.065171638,1.993286185,-2.337567332,1.776656020,1.535972122,6,5,two_open_b
46.086073,0.091660429,-1.065979312,1.990163576,-2.339621678,1.778572054,1.536570254,6,5,two_open_b
46.110316,0.085091358,-1.066717175,1.987250892,-2.341761313,1.781166434,1.537090099,6,5,two_open_b
46.134558,0.078522287,-1.067455038,1.984338208,-2.343900949,1.783760813,1.537609944,6,5,two_open_b
46.158801,0.072140813,-1.068086193,1.981400521,-2.345813534,1.787111880,1.539168040,6,5,two_open_b
46.183043,0.065759340,-1.068717349,1.978462834,-2.347726119,1.790462946,1.540726136,6,5,two_open_b
46.207286,0.059112043,-1.069511909,1.975589263,-2.349918229,1.794519169,1.543368634,6,5,two_open_b
46.231528,0.052484187,-1.070311428,1.972733288,-2.352111550,1.798590326,1.546060138,6,5,two_open_b
46.255770,0.045856330,-1.071110947,1.969877313,-2.354304871,1.802661483,1.548751642,6,5,two_open_b
46.280013,0.039464098,-1.072022374,1.966881848,-2.356817036,1.806080992,1.551448435,6,5,two_open_b
46.304255,0.033071866,-1.072933800,1.963886383,-2.359329201,1.809500500,1.554145227,6,5,two_open_b
46.328498,0.026669188,-1.074003657,1.960123061,-2.361583403,1.813414481,1.556375209,6,5,two_open_b
46.352740,0.020263660,-1.075077744,1.956340162,-2.363832417,1.817339224,1.558595315,6,5,two_open_b
46.376983,0.012919341,-1.076385698,1.951738122,-2.366376573,1.821313285,1.560289807,6,5,two_open_b
46.401225,0.006862518,-1.077508174,1.947617811,-2.368522166,1.824307141,1.560868432,6,5,two_open_b
46.425467,0.000367806,-1.078891702,1.943088780,-2.370801996,1.826202397,1.561345315,6,5,two_open_b
46.449710,-0.004799129,-1.080272732,1.938872133,-2.372451811,1.825830034,1.560985362,6,5,two_open_b
46.473952,-0.010304983,-1.081807883,1.934223993,-2.374195014,1.824651026,1.560436930,6,5,two_open_b
46.498195,-0.016363800,-1.083565518,1.928951684,-2.376105197,1.822440678,1.559670933,6,5,two_open_b
46.522437,-0.021191167,-1.085238549,1.924413852,-2.377612363,1.818364034,1.558161230,6,5,two_open_b
46.546680,-0.026704532,-1.087099285,1.919366171,-2.379511087,1.814059144,1.556022481,6,5,two_open_b
46.570922,-0.030979836,-1.088626529,1.915496747,-2.381148576,1.809867829,1.553641268,6,5,two_open_b
46.595164,-0.035840389,-1.090319966,1.910973761,-2.382916430,1.805181117,1.550620827,6,5,two_open_b
46.619407,-0.040391988,-1.091957938,1.906571654,-2.384529078,1.799935245,1.547477836,6,5,two_open_b
46.643649,-0.045310636,-1.093856697,1.901896448,-2.386568882,1.793640257,1.543563560,6,5,two_open_b
46.667892,-0.050038980,-1.095618939,1.897431440,-2.388668006,1.788060306,1.539402401,6,5,two_open_b
46.692134,-0.054694102,-1.097295406,1.892990847,-2.390792259,1.782730580,1.534838087,6,5,two_open_b
46.716377,-0.059768539,-1.099188036,1.888120874,-2.393173815,1.776265402,1.529120856,6,5,two_open_b
46.740619,-0.064290015,-1.100858181,1.883875071,-2.395388391,1.770831564,1.523621190,6,5,two_open_b
46.764861,-0.068269589,-1.102380049,1.880032022,-2.397293657,1.765578026,1.518618435,6,5,two_open_b
46.789104,-0.071563165,-1.103714213,1.876698823,-2.398807365,1.760552734,1.514244725,6,5,two_open_b
46.813346,-0.075776232,-1.105312142,1.872466129,-2.400807864,1.752634412,1.508378051,6,5,two_open_b
46.837589,-0.079743911,-1.106851712,1.868630735,-2.402968701,1.743968773,1.502549989,6,5,two_open_b
46.861831,-0.083459132,-1.108331143,1.865202966,-2.405292575,1.734542742,1.496763564,6,5,two_open_b
46.886073,-0.086826551,-1.109549243,1.862196930,-2.407626480,1.724298222,1.490722223,6,5,two_open_b
46.910316,-0.090228428,-1.110708351,1.859289480,-2.410236426,1.712801082,1.483974429,6,5,two_open_b
46.934558,-0.093321178,-1.111725292,1.856714495,-2.412704033,1.702012975,1.477718625,6,5,two_open_b
46.958801,-0.096039663,-1.112379177,1.854561017,-2.415442404,1.689686849,1.470576618,6,5,two_open_b
46.983043,-0.098758148,-1.113033062,1.852407539,-2.418180776,1.677360723,1.463434612,6,5,two_open_b
47.007286,-0.101476632,-1.113686947,1.850254061,-2.420919148,1.665034596,1.456292605,6,5,two_open_b
47.031528,-0.104501951,-1.114566197,1.847304222,-2.423928014,1.648049545,1.447165298,6,5,two_open_b
47.055770,-0.106607778,-1.115181682,1.845253878,-2.426450088,1.633957525,1.439530954,6,5,two_open_b
47.080013,-0.108880560,-1.115724363,1.842192083,-2.428252953,1.617426957,1.430569646,6,5,two_open_b
47.104255,-0.110775962,-1.116148780,1.839420924,-2.429752846,1.602166621,1.422214865,6,5,two_open_b
47.128498,-0.112341273,-1.116523339,1.836704317,-2.430709627,1.588210143,1.414891881,6,5,two_open_b
47.152740,-0.113508785,-1.117091365,1.833464139,-2.431073111,1.570054876,1.406895237,6,5,two_open_b
47.176983,-0.114676298,-1.117659391,1.830223960,-2.431436594,1.551899609,1.398898594,6,5,two_open_b
47.201225,-0.115730906,-1.118528966,1.826827004,-2.431856537,1.533358882,1.391606460,6,5,two_open_b
47.225467,-0.116785514,-1.119398542,1.823430048,-2.432276480,1.514818156,1.384314327,6,5,two_open_b
47.249710,-0.117840123,-1.120268118,1.820033092,-2.432696422,1.496277429,1.377022193,6,5,two_open_b
47.273952,-0.118989335,-1.121321619,1.816645528,-2.433574475,1.478898216,1.369897418,6,5,two_open_b
47.298195,-0.120138546,-1.122375120,1.813257965,-2.434452528,1.461519003,1.362772643,6,5,two_open_b
47.322437,-0.120750777,-1.123385466,1.811166823,-2.435752723,1.447823820,1.357569541,6,5,two_open_b
47.346680,-0.121363008,-1.124395813,1.809075682,-2.437052918,1.434128637,1.352366439,6,5,two_open_b
47.370922,-0.122517953,-1.125861925,1.806495287,-2.440120872,1.417903477,1.345923427,6,5,two_open_b
47.395164,-0.123788653,-1.127069025,1.804538398,-2.443312527,1.407513290,1.341209154,6,5,two_open_b
47.419407,-0.125059354,-1.128276125,1.802581508,-2.446504182,1.397123103,1.336494881,6,5,two_open_b
47.443649,-0.125992634,-1.129165506,1.801246730,-2.448988928,1.390547726,1.333274675,6,5,two_open_b
47.467892,-0.126925915,-1.130054887,1.799911951,-2.451473675,1.383972350,1.330054469,6,5,two_open_b
47.492134,-0.128914312,-1.131350341,1.796596427,-2.454649256,1.376886854,1.325987667,6,5,two_open_b
47.516377,-0.130519221,-1.132243412,1.794034173,-2.457107985,1.373290091,1.323724405,6,5,two_open_b
47.540619,-0.132399135,-1.133203884,1.791055353,-2.459910891,1.369803574,1.321006673,6,5,two_open_b
47.564861,-0.134921670,-1.134321858,1.787103113,-2.463518057,1.366574677,1.317226950,6,5,two_open_b
47.589104,-0.137444204,-1.135439832,1.783150873,-2.467125223,1.363345781,1.313447227,6,5,two_open_b
47.613346,-0.139434896,-1.136077715,1.779746445,-2.468976247,1.363194850,1.311069767,6,5,two_open_b
47.637589,-0.141425588,-1.136715598,1.776342016,-2.470827271,1.363043919,1.308692308,6,5,two_open_b
47.661831,-0.143416279,-1.137353481,1.772937587,-2.472678295,1.362892989,1.306314848,6,5,two_open_b
47.686073,-0.146152108,-1.138114094,1.767721814,-2.475417472,1.362269587,1.302762032,6,5,two_open_b
47.710316,-0.148887936,-1.138874707,1.762506041,-2.478156649,1.361646185,1.299209215,6,5,two_open_b
47.734558,-0.150568649,-1.139229247,1.759271014,-2.480204991,1.361532903,1.296502994,6,5,two_open_b
47.758801,-0.152501178,-1.139643417,1.754824697,-2.482819087,1.359679495,1.292980632,6,5,two_open_b
47.783043,-0.154227904,-1.140007256,1.750475576,-2.485237152,1.357267225,1.289699684,6,5,two_open_b
47.807286,-0.155312009,-1.140213593,1.747099874,-2.486850957,1.354597336,1.287480727,6,5,two_open_b
47.831528,-0.156537819,-1.140474153,1.743248621,-2.488966275,1.351377104,1.284852392,6,5,two_open_b
47.855770,-0.158047111,-1.140843189,1.738446030,-2.492084870,1.347055913,1.281405095,6,5,two_open_b
47.880013,-0.159621283,-1.141237051,1.733425701,-2.495433090,1.342482739,1.277770359,6,5,two_open_b
47.904255,-0.161195456,-1.141630913,1.728405372,-2.498781311,1.337909566,1.274135622,6,5,two_open_b
47.928498,-0.162031239,-1.141901416,1.724227907,-2.503286289,1.331183170,1.270570840,6,5,two_open_b
47.952740,-0.162867023,-1.142171918,1.720050442,-2.507791267,1.324456774,1.267006058,6,5,two_open_b
47.976983,-0.163702806,-1.142442421,1.715872977,-2.512296245,1.317730377,1.263441276,6,5,two_open_b
48.001225,-0.164296585,-1.142656560,1.712901786,-2.516284612,1.312819937,1.260679361,6,5,two_open_b
48.025467,-0.165807049,-1.143214959,1.708875255,-2.522287269,1.310742707,1.257147720,6,5,two_open_b
48.049710,-0.167317512,-1.143773357,1.704848725,-2.528289926,1.308665478,1.253616079,6,5,two_open_b
48.073952,-0.168686270,-1.144277532,1.701297745,-2.533791070,1.307138591,1.250493817,6,5,two_open_b
48.098195,-0.169771548,-1.144673233,1.698698103,-2.538288937,1.306712663,1.248190515,6,5,two_open_b
48.122437,-0.171613468,-1.145799392,1.695801392,-2.545953630,1.309578177,1.244478236,6,5,two_open_b
48.146680,-0.173494889,-1.146961868,1.692879928,-2.553781634,1.312589837,1.240689197,6,5,two_open_b
48.170922,-0.175369563,-1.148124973,1.690926943,-2.559564728,1.318227192,1.238005561,6,5,two_open_b
48.195164,-0.177244237,-1.149288079,1.688973959,-2.565347822,1.323864546,1.235321924,6,5,two_open_b
48.219407,-0.179118912,-1.150451185,1.687020975,-2.571130916,1.329501900,1.232638288,6,5,two_open_b
48.243649,-0.181275119,-1.152446123,1.683149800,-2.577625559,1.335819091,1.228278197,6,5,two_open_b
48.267892,-0.182445440,-1.154079733,1.680653337,-2.581957766,1.339751684,1.224900889,6,5,two_open_b
48.292134,-0.183615762,-1.155713343,1.678156874,-2.586289972,1.343684277,1.221523581,6,5,two_open_b
48.316377,-0.184786084,-1.157346952,1.675660411,-2.590622179,1.347616871,1.218146273,6,5,two_open_b
48.340619,-0.185956405,-1.158980562,1.673163948,-2.594954386,1.351549464,1.214768965,6,5,two_open_b
48.364861,-0.186305202,-1.159858886,1.671182292,-2.595890142,1.352442597,1.212988074,6,5,two_open_b
48.389104,-0.186476657,-1.161632902,1.668692355,-2.597084877,1.350862990,1.212150737,6,5,two_open_b
48.413346,-0.186595691,-1.163761354,1.665999708,-2.598440206,1.348398597,1.211643033,6,5,two_open_b
48.437589,-0.186714725,-1.165889806,1.663307061,-2.599795535,1.345934204,1.211135330,6,5,two_open_b
48.461831,-0.186833760,-1.168018258,1.660614414,-2.601150864,1.343469811,1.210627627,6,5,two_open_b
48.486073,-0.186195031,-1.169842342,1.661609253,-2.603926230,1.337552155,1.212410522,6,5,two_open_b
48.510316,-0.185444881,-1.171800001,1.663034054,-2.607246315,1.330962128,1.214339123,6,5,two_open_b
48.534558,-0.184694732,-1.173757660,1.664458855,-2.610566401,1.324372101,1.216267725,6,5,two_open_b
48.558801,-0.183944582,-1.175715320,1.665883656,-2.613886486,1.317782075,1.218196327,6,5,two_open_b
48.583043,-0.183194432,-1.177672979,1.667308457,-2.617206571,1.311192048,1.220124928,6,5,two_open_b
48.607286,-0.182444283,-1.179630638,1.668733257,-2.620526656,1.304602021,1.222053530,6,5,two_open_b
48.631528,-0.181831974,-1.180656289,1.670691094,-2.623424451,1.300338588,1.223115339,6,5,two_open_b
48.655770,-0.181272086,-1.181327504,1.672851639,-2.626161651,1.296959942,1.223847514,6,5,two_open_b
48.680013,-0.180712198,-1.181998719,1.675012185,-2.628898851,1.293581295,1.224579689,6,5,two_open_b
48.704255,-0.180152310,-1.182669934,1.677172730,-2.631636052,1.290202648,1.225311864,6,5,two_open_b
48.728498,-0.180040889,-1.182803510,1.677602692,-2.632180771,1.289530277,1.225457571,6,5,two_open_b
48.752740,-0.180040889,-1.182803510,1.677602692,-2.632180771,1.289530277,1.225457571,6,5,two_open_b
48.776983,-0.180040889,-1.182803510,1.677602692,-2.632180771,1.289530277,1.225457571,6,5,two_open_b
48.801225,-0.180040889,-1.182803510,1.677602692,-2.632180771,1.289530277,1.225457571,6,5,two_open_b
48.825467,-0.180040889,-1.182803510,1.677602692,-2.632180771,1.289530277,1.225457571,6,5,two_open_b
48.849710,-0.180040889,-1.182803510,1.677602692,-2.632180771,1.289530277,1.225457571,6,5,two_open_b
48.873952,-0.180040889,-1.182803510,1.677602692,-2.632180771,1.289530277,1.225457571,6,5,two_open_b
48.898195,-0.180040889,-1.182803510,1.677602692,-2.632180771,1.289530277,1.225457571,6,5,two_open_b
48.922437,-0.180040889,-1.182803510,1.677602692,-2.632180771,1.289530277,1.225457571,6,5,two_open_b
48.946680,-0.180040889,-1.182803510,1.677602692,-2.632180771,1.289530277,1.225457571,6,5,two_open_b
48.970922,-0.180040889,-1.182803510,1.677602692,-2.632180771,1.289530277,1.225457571,6,5,two_open_b
48.995164,-0.180040889,-1.182803510,1.677602692,-2.632180771,1.289530277,1.225457571,6,5,two_open_b
49.019407,-0.180040889,-1.182803510,1.677602692,-2.632180771,1.289530277,1.225457571,6,5,two_open_b
49.043649,-0.180040889,-1.182803510,1.677602692,-2.632180771,1.289530277,1.225457571,6,5,two_open_b
49.067892,-0.180040889,-1.182803510,1.677602692,-2.632180771,1.289530277,1.225457571,6,5,two_open_b
49.092134,-0.180040889,-1.182803510,1.677602692,-2.632180771,1.289530277,1.225457571,5,4,two_grasp_b
49.116377,-0.180040889,-1.182803510,1.677602692,-2.632180771,1.289530277,1.225457571,5,4,two_grasp_b
49.140619,-0.179983652,-1.183144448,1.676715917,-2.630051917,1.289361284,1.225343774,5,4,two_grasp_b
49.164861,-0.179791660,-1.184288058,1.673741401,-2.622911087,1.288794429,1.224962062,5,4,two_grasp_b
49.189104,-0.179599668,-1.185431667,1.670766885,-2.615770257,1.288227575,1.224580351,5,4,two_grasp_b
49.213346,-0.179407676,-1.186575277,1.667792369,-2.608629427,1.287660720,1.224198640,5,4,two_grasp_b
49.237589,-0.179215684,-1.187718887,1.664817854,-2.601488597,1.287093865,1.223816928,5,4,two_grasp_b
49.261831,-0.179023692,-1.188862497,1.661843338,-2.594347767,1.286527010,1.223435217,5,4,two_grasp_b
49.286073,-0.178831700,-1.190006107,1.658868822,-2.587206937,1.285960156,1.223053506,5,4,two_grasp_b
49.310316,-0.178639708,-1.191149717,1.655894306,-2.580066107,1.285393301,1.222671795,5,4,two_grasp_b
49.334558,-0.178447716,-1.192293327,1.652919790,-2.572925277,1.284826446,1.222290083,5,4,two_grasp_b
49.358801,-0.176353531,-1.192921420,1.651863672,-2.564732720,1.279421054,1.222712556,5,4,two_grasp_b
49.383043,-0.174316583,-1.193208576,1.651694330,-2.558669017,1.274184654,1.223248827,5,4,two_grasp_b
49.407286,-0.172414391,-1.192693060,1.653612728,-2.557617291,1.269346116,1.224053011,5,4,two_grasp_b
49.431528,-0.170512198,-1.192177543,1.655531127,-2.556565564,1.264507578,1.224857195,5,4,two_grasp_b
49.455770,-0.167875804,-1.191414436,1.658176114,-2.554709761,1.258570909,1.225067660,5,4,two_grasp_b
49.480013,-0.164598630,-1.190435243,1.661455239,-2.552152191,1.251675833,1.224759949,5,4,two_grasp_b
49.504255,-0.161321455,-1.189456050,1.664734363,-2.549594621,1.244780758,1.224452239,5,4,two_grasp_b
49.528498,-0.158044281,-1.188476857,1.668013488,-2.547037051,1.237885683,1.224144528,5,4,two_grasp_b
49.552740,-0.154767106,-1.187497663,1.671292613,-2.544479480,1.230990608,1.223836818,5,4,two_grasp_b
49.576983,-0.151489932,-1.186518470,1.674571738,-2.541921910,1.224095532,1.223529107,5,4,two_grasp_b
49.601225,-0.150114950,-1.186054793,1.675932464,-2.540416067,1.222038995,1.222417212,5,4,two_grasp_b
49.625467,-0.147795792,-1.185279291,1.678030566,-2.537909405,1.218442125,1.221090400,5,4,two_grasp_b
49.649710,-0.144854130,-1.184298200,1.680614824,-2.534742897,1.213829703,1.219621892,5,4,two_grasp_b
49.673952,-0.141912469,-1.183317108,1.683199083,-2.531576389,1.209217281,1.218153383,5,4,two_grasp_b
49.698195,-0.139598336,-1.182555670,1.685082132,-2.529034654,1.205568026,1.217166126,5,4,two_grasp_b
49.722437,-0.137202397,-1.181821073,1.686502961,-2.525980094,1.201962944,1.215935191,5,4,two_grasp_b
49.746680,-0.134297035,-1.180953058,1.688044992,-2.522069247,1.197713326,1.214167150,5,4,two_grasp_b
49.770922,-0.131391672,-1.180085043,1.689587023,-2.518158400,1.193463708,1.212399110,5,4,two_grasp_b
49.795164,-0.128198165,-1.179143277,1.691323814,-2.513981532,1.188841067,1.210458226,5,4,two_grasp_b
49.819407,-0.123834234,-1.177901937,1.693851703,-2.508724107,1.182703232,1.207815265,5,4,two_grasp_b
49.843649,-0.119470304,-1.176660596,1.696379593,-2.503466681,1.176565398,1.205172304,5,4,two_grasp_b
49.867892,-0.116050550,-1.175731081,1.698170107,-2.499210073,1.171967896,1.202744261,5,4,two_grasp_b
49.892134,-0.111927707,-1.174901478,1.701109898,-2.495742394,1.166914388,1.200599062,5,4,two_grasp_b
49.916377,-0.107804863,-1.174071876,1.704049689,-2.492274715,1.161860880,1.198453863,5,4,two_grasp_b
49.940619,-0.103788692,-1.173270210,1.706964101,-2.488986340,1.156942335,1.196421133,5,4,two_grasp_b
49.964861,-0.100495107,-1.172657790,1.709706595,-2.486912557,1.152938025,1.195150255,5,4,two_grasp_b
49.989104,-0.096329164,-1.171533100,1.713983329,-2.485741344,1.148175573,1.194572543,5,4,two_grasp_b
50.013346,-0.092163220,-1.170408410,1.718260063,-2.484570131,1.143413121,1.193994830,5,4,two_grasp_b
50.037589,-0.088285421,-1.169357471,1.722342037,-2.483664939,1.139023691,1.193589961,5,4,two_grasp_b
50.061831,-0.085578046,-1.168606106,1.725632912,-2.483840305,1.136149456,1.193887169,5,4,two_grasp_b
50.086073,-0.081880411,-1.167609972,1.729346913,-2.482913279,1.134460577,1.192660170,5,4,two_grasp_b
50.110316,-0.078182776,-1.166613837,1.733060913,-2.481986254,1.132771698,1.191433171,5,4,two_grasp_b
50.134558,-0.075810733,-1.165723379,1.735139480,-2.480930146,1.132554377,1.190065024,5,4,two_grasp_b
50.158801,-0.073438690,-1.164832922,1.737218047,-2.479874037,1.132337056,1.188696877,5,4,two_grasp_b
50.183043,-0.071066647,-1.163942464,1.739296614,-2.478817929,1.132119735,1.187328730,5,4,two_grasp_b
50.207286,-0.067417973,-1.162737172,1.741697069,-2.476728530,1.131670525,1.185992368,5,4,two_grasp_b
50.231528,-0.065151081,-1.162177568,1.742442083,-2.474592846,1.132623992,1.184499946,5,4,two_grasp_b
50.255770,-0.062884189,-1.161617964,1.743187097,-2.472457163,1.133577459,1.183007524,5,4,two_grasp_b
50.280013,-0.060617297,-1.161058360,1.743932111,-2.470321479,1.134530926,1.181515102,5,4,two_grasp_b
50.304255,-0.058350405,-1.160498756,1.744677125,-2.468185796,1.135484393,1.180022681,5,4,two_grasp_b
50.328498,-0.055594759,-1.159978670,1.745083199,-2.465173006,1.133420926,1.179613469,5,4,two_grasp_b
50.352740,-0.052839113,-1.159458584,1.745489274,-2.462160215,1.131357459,1.179204258,5,4,two_grasp_b
50.376983,-0.050083467,-1.158938499,1.745895348,-2.459147425,1.129293992,1.178795046,5,4,two_grasp_b
50.401225,-0.047170078,-1.158375911,1.746357908,-2.455966973,1.127273607,1.178301701,5,4,two_grasp_b
50.425467,-0.043753321,-1.157677697,1.747000716,-2.452251504,1.125390699,1.177539878,5,4,two_grasp_b
50.449710,-0.041109829,-1.157158691,1.747501884,-2.449034307,1.123877157,1.176477793,5,4,two_grasp_b
50.473952,-0.038429464,-1.156629751,1.748016254,-2.445777920,1.122373685,1.175396043,5,4,two_grasp_b
50.498195,-0.035749100,-1.156100810,1.748530625,-2.442521534,1.120870213,1.174314292,5,4,two_grasp_b
50.522437,-0.033068735,-1.155571869,1.749044996,-2.439265147,1.119366741,1.173232542,5,4,two_grasp_b
50.546680,-0.028879504,-1.154650863,1.750501777,-2.435373494,1.116444209,1.171756457,5,4,two_grasp_b
50.570922,-0.026169287,-1.153935109,1.751874373,-2.433461340,1.115353254,1.170721369,5,4,two_grasp_b
50.595164,-0.023459070,-1.153219354,1.753246968,-2.431549185,1.114262299,1.169686281,5,4,two_grasp_b
50.619407,-0.020748853,-1.152503600,1.754619564,-2.429637031,1.113171344,1.168651193,5,4,two_grasp_b
50.643649,-0.018196379,-1.151830348,1.755935674,-2.427892538,1.112037307,1.167700239,5,4,two_grasp_b
50.667892,-0.016147273,-1.151292721,1.757071536,-2.426683063,1.110765794,1.167017762,5,4,two_grasp_b
50.692134,-0.014125004,-1.150803462,1.758268626,-2.425626041,1.108839948,1.165963794,5,4,two_grasp_b
50.716377,-0.010756976,-1.150070958,1.760153144,-2.423498215,1.105404400,1.163072660,5,4,two_grasp_b
50.740619,-0.007388949,-1.149338453,1.762037663,-2.421370389,1.101968852,1.160181526,5,4,two_grasp_b
50.764861,-0.003066868,-1.148396345,1.764811204,-2.419084459,1.097344076,1.156576960,5,4,two_grasp_b
50.789104,0.000322924,-1.147719628,1.767179613,-2.417338245,1.093419656,1.152935570,5,4,two_grasp_b
50.813346,0.003712716,-1.147042911,1.769548021,-2.415592032,1.089495236,1.149294179,5,4,two_grasp_b
50.837589,0.007102508,-1.146366194,1.771916429,-2.413845818,1.085570816,1.145652789,5,4,two_grasp_b
50.861831,0.010492299,-1.145689478,1.774284837,-2.412099605,1.081646396,1.142011399,5,4,two_grasp_b
50.886073,0.014519437,-1.144916934,1.776628717,-2.409344221,1.077657885,1.137538555,5,4,two_grasp_b
50.910316,0.019209511,-1.144044716,1.778947084,-2.405539148,1.073602709,1.132200872,5,4,two_grasp_b
50.934558,0.023423054,-1.143259757,1.781023974,-2.402116640,1.070064389,1.127503157,5,4,two_grasp_b
50.958801,0.026253967,-1.142727978,1.782400232,-2.399804126,1.068025702,1.124662274,5,4,two_grasp_b
50.983043,0.029084879,-1.142196199,1.783776490,-2.397491612,1.065987014,1.121821392,5,4,two_grasp_b
51.007286,0.031697491,-1.141665251,1.784816535,-2.395142724,1.064791876,1.119613359,5,4,two_grasp_b
51.031528,0.034374239,-1.141079172,1.785800708,-2.392720027,1.064014415,1.117766312,5,4,two_grasp_b
51.055770,0.037050988,-1.140493093,1.786784881,-2.390297330,1.063236954,1.115919265,5,4,two_grasp_b
51.080013,0.039727737,-1.139907014,1.787769054,-2.387874634,1.062459493,1.114072218,5,4,two_grasp_b
51.104255,0.042404486,-1.139320935,1.788753226,-2.385451937,1.061682032,1.112225171,5,4,two_grasp_b
51.128498,0.044443890,-1.138830683,1.789761928,-2.384038410,1.060968662,1.111209578,5,4,two_grasp_b
51.152740,0.047491869,-1.138158822,1.791383725,-2.383289686,1.058301752,1.111876443,5,4,two_grasp_b
51.176983,0.050539848,-1.137486960,1.793005522,-2.382540961,1.055634843,1.112543307,5,4,two_grasp_b
51.201225,0.053587827,-1.136815099,1.794627319,-2.381792237,1.052967933,1.113210171,5,4,two_grasp_b
51.225467,0.056635807,-1.136143238,1.796249116,-2.381043513,1.050301024,1.113877036,5,4,two_grasp_b
51.249710,0.058948034,-1.135680149,1.797318103,-2.380489268,1.047979793,1.114624482,5,4,two_grasp_b
51.273952,0.060619547,-1.135398865,1.797905686,-2.380104381,1.045959588,1.115442101,5,4,two_grasp_b
51.298195,0.062708927,-1.135018684,1.798720694,-2.379477166,1.043569200,1.116042141,5,4,two_grasp_b
51.322437,0.065855851,-1.134388211,1.800111272,-2.378236666,1.040241943,1.116091529,5,4,two_grasp_b
51.346680,0.069002776,-1.133757739,1.801501850,-2.376996166,1.036914686,1.116140916,5,4,two_grasp_b
51.370922,0.072149701,-1.133127266,1.802892429,-2.375755665,1.033587429,1.116190304,5,4,two_grasp_b
51.395164,0.073625113,-1.132778078,1.803695424,-2.374900052,1.032280377,1.115422072,5,4,two_grasp_b
51.419407,0.075100525,-1.132428889,1.804498420,-2.374044439,1.030973324,1.114653841,5,4,two_grasp_b
51.443649,0.076575937,-1.132079700,1.805301415,-2.373188826,1.029666271,1.113885609,5,4,two_grasp_b
51.467892,0.078051350,-1.131730512,1.806104411,-2.372333212,1.028359218,1.113117378,5,4,two_grasp_b
51.492134,0.079526762,-1.131381323,1.806907406,-2.371477599,1.027052166,1.112349146,5,4,two_grasp_b
51.516377,0.081002174,-1.131032134,1.807710402,-2.370621986,1.025745113,1.111580914,5,4,two_grasp_b
51.540619,0.082322879,-1.130662444,1.808305713,-2.369670116,1.024344084,1.110460677,5,4,two_grasp_b
51.564861,0.084127735,-1.129843555,1.808441107,-2.367347967,1.021160680,1.106554232,5,4,two_grasp_b
51.589104,0.085932591,-1.129024667,1.808576500,-2.365025818,1.017977276,1.102647786,5,4,two_grasp_b
51.613346,0.087737447,-1.128205779,1.808711893,-2.362703669,1.014793872,1.098741341,5,4,two_grasp_b
51.637589,0.089542303,-1.127386890,1.808847287,-2.360381520,1.011610469,1.094834895,5,4,two_grasp_b
51.661831,0.091347159,-1.126568002,1.808982680,-2.358059371,1.008427065,1.090928450,5,4,two_grasp_b
51.686073,0.093152015,-1.125749113,1.809118074,-2.355737222,1.005243661,1.087022004,5,4,two_grasp_b
51.710316,0.094956871,-1.124930225,1.809253467,-2.353415073,1.002060257,1.083115559,5,4,two_grasp_b
51.734558,0.096761727,-1.124111337,1.809388860,-2.351092925,0.998876853,1.079209113,5,4,two_grasp_b
51.758801,0.098566583,-1.123292448,1.809524254,-2.348770776,0.995693449,1.075302668,5,4,two_grasp_b
51.783043,0.101288747,-1.122145941,1.810035323,-2.345678860,0.992063118,1.069000162,5,4,two_grasp_b
51.807286,0.102744387,-1.121594721,1.810522912,-2.344312149,0.990939653,1.065343215,5,4,two_grasp_b
51.831528,0.104200026,-1.121043501,1.811010502,-2.342945438,0.989816187,1.061686269,5,4,two_grasp_b
51.855770,0.105655665,-1.120492281,1.811498091,-2.341578727,0.988692722,1.058029322,5,4,two_grasp_b
51.880013,0.107111305,-1.119941061,1.811985681,-2.340212016,0.987569257,1.054372375,5,4,two_grasp_b
51.904255,0.108566944,-1.119389841,1.812473270,-2.338845305,0.986445791,1.050715428,5,4,two_grasp_b
51.928498,0.110022584,-1.118838621,1.812960860,-2.337478594,0.985322326,1.047058481,5,4,two_grasp_b
51.952740,0.111478223,-1.118287401,1.813448449,-2.336111883,0.984198860,1.043401535,5,4,two_grasp_b
51.976983,0.112933862,-1.117736181,1.813936039,-2.334745172,0.983075395,1.039744588,5,4,two_grasp_b
52.001225,0.114389502,-1.117184961,1.814423628,-2.333378461,0.981951930,1.036087641,5,4,two_grasp_b
52.025467,0.115066465,-1.117060102,1.814383092,-2.332859895,0.980809531,1.034961247,5,4,two_grasp_b
52.049710,0.116876203,-1.116967057,1.813785350,-2.331687887,0.976620568,1.033001525,5,4,two_grasp_b
52.073952,0.118806849,-1.116867796,1.813147673,-2.330437577,0.972151743,1.030910875,5,4,two_grasp_b
52.098195,0.120737494,-1.116768535,1.812509996,-2.329187268,0.967682919,1.028820224,5,4,two_grasp_b
52.122437,0.122668139,-1.116669275,1.811872319,-2.327936958,0.963214094,1.026729574,5,4,two_grasp_b
52.146680,0.124598785,-1.116570014,1.811234642,-2.326686648,0.958745269,1.024638924,5,4,two_grasp_b
52.170922,0.126529430,-1.116470753,1.810596965,-2.325436339,0.954276444,1.022548273,5,4,two_grasp_b
52.195164,0.128460075,-1.116371492,1.809959289,-2.324186029,0.949807619,1.020457623,5,4,two_grasp_b
52.219407,0.130390721,-1.116272231,1.809321612,-2.322935720,0.945338795,1.018366973,5,4,two_grasp_b
52.243649,0.132321366,-1.116172971,1.808683935,-2.321685410,0.940869970,1.016276322,5,4,two_grasp_b
52.267892,0.133850219,-1.116094367,1.808178967,-2.320695306,0.937331166,1.014620764,5,4,two_grasp_b
52.292134,0.133971126,-1.116088151,1.808139032,-2.320617005,0.937051304,1.014489836,5,4,two_grasp_b
52.316377,0.133971126,-1.116088151,1.808139032,-2.320617005,0.937051304,1.014489836,5,4,two_grasp_b
52.340619,0.133971126,-1.116088151,1.808139032,-2.320617005,0.937051304,1.014489836,5,4,two_grasp_b
52.364861,0.133971126,-1.116088151,1.808139032,-2.320617005,0.937051304,1.014489836,5,4,two_grasp_b
52.389104,0.133971126,-1.116088151,1.808139032,-2.320617005,0.937051304,1.014489836,5,4,two_grasp_b
52.413346,0.133971126,-1.116088151,1.808139032,-2.320617005,0.937051304,1.014489836,5,4,two_grasp_b
52.437589,0.133971126,-1.116088151,1.808139032,-2.320617005,0.937051304,1.014489836,5,4,two_grasp_b
52.461831,0.133971126,-1.116088151,1.808139032,-2.320617005,0.937051304,1.014489836,5,4,two_grasp_b
52.486073,0.133971126,-1.116088151,1.808139032,-2.320617005,0.937051304,1.014489836,6,5,two_open_b
52.510316,0.133971126,-1.116088151,1.808139032,-2.320617005,0.937051304,1.014489836,6,5,two_open_b
52.534558,0.133971126,-1.116088151,1.808139032,-2.320617005,0.937051304,1.014489836,6,5,two_open_b
52.558801,0.133971126,-1.116088151,1.808139032,-2.320617005,0.937051304,1.014489836,6,5,two_open_b
52.583043,0.133971126,-1.116088151,1.808139032,-2.320617005,0.937051304,1.014489836,6,5,two_open_b
52.607286,0.133971126,-1.116088151,1.808139032,-2.320617005,0.937051304,1.014489836,6,5,two_open_b
52.631528,0.133971126,-1.116088151,1.808139032,-2.320617005,0.937051304,1.014489836,6,5,two_open_b
52.655770,0.134206960,-1.116297596,1.806724551,-2.317817818,0.936141835,1.011259819,6,5,two_open_b
52.680013,0.134690748,-1.116727248,1.803822903,-2.312075604,0.934276164,1.004633807,6,5,two_open_b
52.704255,0.135282891,-1.117253131,1.800271364,-2.305047287,0.931992631,0.996523745,6,5,two_open_b
52.728498,0.135875035,-1.117779014,1.796719825,-2.298018970,0.929709099,0.988413682,6,5,two_open_b
52.752740,0.136467178,-1.118304897,1.793168286,-2.290990654,0.927425566,0.980303620,6,5,two_open_b
52.776983,0.137059321,-1.118830780,1.789616747,-2.283962337,0.925142034,0.972193557,6,5,two_open_b
52.801225,0.137651464,-1.119356663,1.786065207,-2.276934020,0.922858501,0.964083495,6,5,two_open_b
52.825467,0.138243607,-1.119882546,1.782513668,-2.269905703,0.920574969,0.955973432,6,5,two_open_b
52.849710,0.138835751,-1.120408429,1.778962129,-2.262877386,0.918291436,0.947863370,6,5,two_open_b
52.873952,0.139427894,-1.120934312,1.775410590,-2.255849069,0.916007904,0.939753307,6,5,two_open_b
52.898195,0.139784202,-1.121250750,1.773273532,-2.251619939,0.914633840,0.934873261,6,5,two_open_b
52.922437,0.139892558,-1.121346981,1.772623640,-2.250333836,0.914215979,0.933389211,6,5,two_open_b
52.946680,0.140550112,-1.121539061,1.772241367,-2.246225783,0.912149544,0.930752455,6,5,two_open_b
52.970922,0.141207666,-1.121731141,1.771859094,-2.242117730,0.910083108,0.928115699,6,5,two_open_b
52.995164,0.141865220,-1.121923222,1.771476821,-2.238009678,0.908016673,0.925478942,6,5,two_open_b
53.019407,0.142522774,-1.122115302,1.771094548,-2.233901625,0.905950238,0.922842186,6,5,two_open_b
53.043649,0.143180328,-1.122307382,1.770712275,-2.229793572,0.903883802,0.920205430,6,5,two_open_b
53.067892,0.143837882,-1.122499462,1.770330001,-2.225685519,0.901817367,0.917568674,6,5,two_open_b
53.092134,0.144495436,-1.122691542,1.769947728,-2.221577466,0.899750932,0.914931918,6,5,two_open_b
53.116377,0.145152990,-1.122883623,1.769565455,-2.217469414,0.897684497,0.912295161,6,5,two_open_b
53.140619,0.145810544,-1.123075703,1.769183182,-2.213361361,0.895618061,0.909658405,6,5,two_open_b
53.164861,0.146468098,-1.123267783,1.768800909,-2.209253308,0.893551626,0.907021649,6,5,two_open_b
53.189104,0.146468098,-1.123267783,1.768800909,-2.209253308,0.893551626,0.907021649,6,5,two_open_b
53.213346,0.146468098,-1.123267783,1.768800909,-2.209253308,0.893551626,0.907021649,6,5,two_open_b
53.237589,0.146468098,-1.123267783,1.768800909,-2.209253308,0.893551626,0.907021649,6,5,two_open_b
53.261831,0.146213786,-1.123529528,1.768265998,-2.206364698,0.891929839,0.906006958,6,5,two_open_b
53.286073,0.145959473,-1.123791272,1.767731087,-2.203476088,0.890308051,0.904992268,6,5,two_open_b
53.310316,0.145705161,-1.124053017,1.767196177,-2.200587479,0.888686264,0.903977577,6,5,two_open_b
53.334558,0.145450849,-1.124314761,1.766661266,-2.197698869,0.887064477,0.902962886,6,5,two_open_b
53.358801,0.145196537,-1.124576506,1.766126355,-2.194810259,0.885442690,0.901948196,6,5,two_open_b
53.383043,0.144942224,-1.124838251,1.765591444,-2.191921649,0.883820902,0.900933505,6,5,two_open_b
53.407286,0.144687912,-1.125099995,1.765056533,-2.189033039,0.882199115,0.899918814,6,5,two_open_b
53.431528,0.144433600,-1.125361740,1.764521623,-2.186144430,0.880577328,0.898904123,6,5,two_open_b
53.455770,0.144179287,-1.125623484,1.763986712,-2.183255820,0.878955540,0.897889433,6,5,two_open_b
53.480013,0.143924975,-1.125885229,1.763451801,-2.180367210,0.877333753,0.896874742,6,5,two_open_b
53.504255,0.143924975,-1.125885229,1.763451801,-2.180367210,0.877333753,0.896874742,6,5,two_open_b
53.528498,0.143924975,-1.125885229,1.763451801,-2.180367210,0.877333753,0.896874742,6,5,two_open_b
53.552740,0.143924975,-1.125885229,1.763451801,-2.180367210,0.877333753,0.896874742,6,5,two_open_b
53.576983,0.142218495,-1.126002753,1.760307389,-2.173602325,0.880688345,0.893312075,6,5,two_open_b
53.601225,0.140512015,-1.126120276,1.757162976,-2.166837439,0.884042938,0.889749408,6,5,two_open_b
53.625467,0.138805535,-1.126237800,1.754018564,-2.160072554,0.887397530,0.886186741,6,5,two_open_b
53.649710,0.137099055,-1.126355323,1.750874151,-2.153307669,0.890752122,0.882624074,6,5,two_open_b
53.673952,0.135392576,-1.126472847,1.747729739,-2.146542784,0.894106715,0.879061407,6,5,two_open_b
53.698195,0.133686096,-1.126590371,1.744585327,-2.139777898,0.897461307,0.875498739,6,5,two_open_b
53.722437,0.131979616,-1.126707894,1.741440914,-2.133013013,0.900815899,0.871936072,6,5,two_open_b
53.746680,0.130273136,-1.126825418,1.738296502,-2.126248128,0.904170491,0.868373405,6,5,two_open_b
53.770922,0.128566656,-1.126942941,1.735152089,-2.119483242,0.907525084,0.864810738,6,5,two_open_b
53.795164,0.126860176,-1.127060465,1.732007677,-2.112718357,0.910879676,0.861248071,6,5,two_open_b
53.819407,0.126860176,-1.127060465,1.732007677,-2.112718357,0.910879676,0.861248071,6,5,two_open_b
53.843649,0.126860176,-1.127060465,1.732007677,-2.112718357,0.910879676,0.861248071,6,5,two_open_b
53.867892,0.126860176,-1.127060465,1.732007677,-2.112718357,0.910879676,0.861248071,6,5,two_open_b
53.892134,0.126860176,-1.127060465,1.732007677,-2.112718357,0.910879676,0.861248071,6,5,two_open_b
53.916377,0.126860176,-1.127060465,1.732007677,-2.112718357,0.910879676,0.861248071,6,5,two_open_b
53.940619,0.126860176,-1.127060465,1.732007677,-2.112718357,0.910879676,0.861248071,6,5,two_open_b
53.964861,0.126860176,-1.127060465,1.732007677,-2.112718357,0.910879676,0.861248071,6,5,two_open_b
53.989104,0.126860176,-1.127060465,1.732007677,-2.112718357,0.910879676,0.861248071,6,5,two_open_b
54.013346,0.126860176,-1.127060465,1.732007677,-2.112718357,0.910879676,0.861248071,6,5,two_open_b
54.037589,0.126860176,-1.127060465,1.732007677,-2.112718357,0.910879676,0.861248071,6,5,two_open_b
54.061831,0.126860176,-1.127060465,1.732007677,-2.112718357,0.910879676,0.861248071,6,5,two_open_b
54.086073,0.126860176,-1.127060465,1.732007677,-2.112718357,0.910879676,0.861248071,6,5,two_open_b
54.110316,0.126860176,-1.127060465,1.732007677,-2.112718357,0.910879676,0.861248071,6,5,two_open_b
54.134558,0.126860176,-1.127060465,1.732007677,-2.112718357,0.910879676,0.861248071,6,5,two_open_b
54.158801,0.126860176,-1.127060465,1.732007677,-2.112718357,0.910879676,0.861248071,6,5,two_open_b
54.183043,0.126860176,-1.127060465,1.732007677,-2.112718357,0.910879676,0.861248071,6,5,two_open_b
54.207286,0.126860176,-1.127060465,1.732007677,-2.112718357,0.910879676,0.861248071,6,5,two_open_b
54.231528,0.126860176,-1.127060465,1.732007677,-2.112718357,0.910879676,0.861248071,6,5,two_open_b
54.255770,0.126860176,-1.127060465,1.732007677,-2.112718357,0.910879676,0.861248071,6,5,two_open_b
54.280013,0.126860176,-1.127060465,1.732007677,-2.112718357,0.910879676,0.861248071,6,5,two_open_b
54.304255,0.126860176,-1.127060465,1.732007677,-2.112718357,0.910879676,0.861248071,6,5,two_open_b
54.328498,0.126860176,-1.127060465,1.732007677,-2.112718357,0.910879676,0.861248071,6,5,two_open_b
54.352740,0.126860176,-1.127060465,1.732007677,-2.112718357,0.910879676,0.861248071,6,5,two_open_b
54.376983,0.126860176,-1.127060465,1.732007677,-2.112718357,0.910879676,0.861248071,6,5,two_open_b
54.401225,0.126860176,-1.127060465,1.732007677,-2.112718357,0.910879676,0.861248071,6,5,two_open_b
54.425467,0.126860176,-1.127060465,1.732007677,-2.112718357,0.910879676,0.861248071,6,5,two_open_b
54.449710,0.126860176,-1.127060465,1.732007677,-2.112718357,0.910879676,0.861248071,6,5,two_open_b
54.473952,0.126860176,-1.127060465,1.732007677,-2.112718357,0.910879676,0.861248071,6,5,two_open_b
54.498195,0.126860176,-1.127060465,1.732007677,-2.112718357,0.910879676,0.861248071,6,5,two_open_b
54.522437,0.126860176,-1.127060465,1.732007677,-2.112718357,0.910879676,0.861248071,6,5,two_open_b
54.546680,0.126860176,-1.127060465,1.732007677,-2.112718357,0.910879676,0.861248071,6,5,two_open_b
54.570922,0.126860176,-1.127060465,1.732007677,-2.112718357,0.910879676,0.861248071,6,5,two_open_b
54.595164,0.126860176,-1.127060465,1.732007677,-2.112718357,0.910879676,0.861248071,6,5,two_open_b
54.619407,0.126977392,-1.127159905,1.731852914,-2.111706656,0.910225138,0.860995158,6,5,two_open_b
54.643649,0.127337144,-1.127465102,1.731377923,-2.108601599,0.908216268,0.860218933,6,5,two_open_b
54.667892,0.127696897,-1.127770299,1.730902933,-2.105496543,0.906207398,0.859442708,6,5,two_open_b
54.692134,0.128056649,-1.128075496,1.730427943,-2.102391486,0.904198528,0.858666482,6,5,two_open_b
54.716377,0.128416401,-1.128380693,1.729952952,-2.099286430,0.902189658,0.857890257,6,5,two_open_b
54.740619,0.128776154,-1.128685890,1.729477962,-2.096181373,0.900180787,0.857114032,6,5,two_open_b
54.764861,0.129135906,-1.128991087,1.729002971,-2.093076317,0.898171917,0.856337807,6,5,two_open_b
54.789104,0.129495659,-1.129296284,1.728527981,-2.089971260,0.896163047,0.855561581,6,5,two_open_b
54.813346,0.129855411,-1.129601481,1.728052991,-2.086866204,0.894154177,0.854785356,6,5,two_open_b
54.837589,0.130215163,-1.129906678,1.727578000,-2.083761147,0.892145307,0.854009131,6,5,two_open_b
54.861831,0.130457700,-1.130112435,1.727257773,-2.081667792,0.890790974,0.853485818,6,5,two_open_b
54.886073,0.130457700,-1.130112435,1.727257773,-2.081667792,0.890790974,0.853485818,6,5,two_open_b
54.910316,0.130457700,-1.130112435,1.727257773,-2.081667792,0.890790974,0.853485818,6,5,two_open_b
54.934558,0.130457700,-1.130112435,1.727257773,-2.081667792,0.890790974,0.853485818,6,5,two_open_b
54.958801,0.130457700,-1.130112435,1.727257773,-2.081667792,0.890790974,0.853485818,6,5,two_open_b
54.983043,0.130457700,-1.130112435,1.727257773,-2.081667792,0.890790974,0.853485818,6,5,two_open_b
55.007286,0.130457700,-1.130112435,1.727257773,-2.081667792,0.890790974,0.853485818,6,5,two_open_b
55.031528,0.130457700,-1.130112435,1.727257773,-2.081667792,0.890790974,0.853485818,6,5,two_open_b
55.055770,0.130457700,-1.130112435,1.727257773,-2.081667792,0.890790974,0.853485818,6,5,two_open_b
55.080013,0.130457700,-1.130112435,1.727257773,-2.081667792,0.890790974,0.853485818,6,5,two_open_b
55.104255,0.130457700,-1.130112435,1.727257773,-2.081667792,0.890790974,0.853485818,6,5,two_open_b
55.128498,0.130457700,-1.130112435,1.727257773,-2.081667792,0.890790974,0.853485818,6,5,two_open_b
55.152740,0.130457700,-1.130112435,1.727257773,-2.081667792,0.890790974,0.853485818,6,5,two_open_b
55.176983,0.130457700,-1.130112435,1.727257773,-2.081667792,0.890790974,0.853485818,6,5,two_open_b
55.201225,0.130457700,-1.130112435,1.727257773,-2.081667792,0.890790974,0.853485818,6,5,two_open_b
55.225467,0.130457700,-1.130112435,1.727257773,-2.081667792,0.890790974,0.853485818,6,5,two_open_b
55.249710,0.130457700,-1.130112435,1.727257773,-2.081667792,0.890790974,0.853485818,6,5,two_open_b
55.273952,0.130457700,-1.130112435,1.727257773,-2.081667792,0.890790974,0.853485818,6,5,two_open_b
55.298195,0.130457700,-1.130112435,1.727257773,-2.081667792,0.890790974,0.853485818,6,5,two_open_b
55.322437,0.130457700,-1.130112435,1.727257773,-2.081667792,0.890790974,0.853485818,6,5,two_open_b
55.346680,0.130457700,-1.130112435,1.727257773,-2.081667792,0.890790974,0.853485818,6,5,two_open_b
55.370922,0.130457700,-1.130112435,1.727257773,-2.081667792,0.890790974,0.853485818,6,5,two_open_b
55.395164,0.130457700,-1.130112435,1.727257773,-2.081667792,0.890790974,0.853485818,6,5,two_open_b
55.419407,0.130457700,-1.130112435,1.727257773,-2.081667792,0.890790974,0.853485818,6,5,two_open_b
55.443649,0.130457700,-1.130112435,1.727257773,-2.081667792,0.890790974,0.853485818,6,5,two_open_b
55.467892,0.130457700,-1.130112435,1.727257773,-2.081667792,0.890790974,0.853485818,6,5,two_open_b
55.492134,0.130457700,-1.130112435,1.727257773,-2.081667792,0.890790974,0.853485818,6,5,two_open_b
55.516377,0.130457700,-1.130112435,1.727257773,-2.081667792,0.890790974,0.853485818,6,5,two_open_b
55.540619,0.130457700,-1.130112435,1.727257773,-2.081667792,0.890790974,0.853485818,6,5,two_open_b
55.564861,0.130457700,-1.130112435,1.727257773,-2.081667792,0.890790974,0.853485818,6,5,two_open_b
55.589104,0.130457700,-1.130112435,1.727257773,-2.081667792,0.890790974,0.853485818,6,5,two_open_b
55.613346,0.130457700,-1.130112435,1.727257773,-2.081667792,0.890790974,0.853485818,6,5,two_open_b
55.637589,0.130457700,-1.130112435,1.727257773,-2.081667792,0.890790974,0.853485818,6,5,two_open_b
55.661831,0.130457700,-1.130112435,1.727257773,-2.081667792,0.890790974,0.853485818,6,5,two_open_b
55.686073,0.130457700,-1.130112435,1.727257773,-2.081667792,0.890790974,0.853485818,6,5,two_open_b
55.710316,0.130457700,-1.130112435,1.727257773,-2.081667792,0.890790974,0.853485818,6,5,two_open_b
55.734558,0.130457700,-1.130112435,1.727257773,-2.081667792,0.890790974,0.853485818,6,5,two_open_b
55.758801,0.130457700,-1.130112435,1.727257773,-2.081667792,0.890790974,0.853485818,6,5,two_open_b
55.783043,0.130457700,-1.130112435,1.727257773,-2.081667792,0.890790974,0.853485818,6,5,two_open_b
55.807286,0.130457700,-1.130112435,1.727257773,-2.081667792,0.890790974,0.853485818,6,5,two_open_b
55.831528,0.130457700,-1.130112435,1.727257773,-2.081667792,0.890790974,0.853485818,6,5,two_open_b
55.855770,0.130457700,-1.130112435,1.727257773,-2.081667792,0.890790974,0.853485818,6,5,two_open_b
55.880013,0.131586137,-1.129913887,1.729496618,-2.084918499,0.890765674,0.857271898,6,5,two_open_b
55.904255,0.132714574,-1.129715340,1.731735463,-2.088169206,0.890740375,0.861057978,6,5,two_open_b
55.928498,0.133843012,-1.129516792,1.733974307,-2.091419914,0.890715075,0.864844058,6,5,two_open_b
55.952740,0.134971449,-1.129318245,1.736213152,-2.094670621,0.890689776,0.868630138,6,5,two_open_b
55.976983,0.136099886,-1.129119697,1.738451997,-2.097921328,0.890664476,0.872416217,6,5,two_open_b
56.001225,0.137228323,-1.128921149,1.740690842,-2.101172035,0.890639176,0.876202297,6,5,two_open_b
56.025467,0.138356760,-1.128722602,1.742929687,-2.104422742,0.890613877,0.879988377,6,5,two_open_b
56.049710,0.140201013,-1.127187792,1.745883677,-2.106311068,0.890047035,0.882829933,6,5,two_open_b
56.073952,0.142136829,-1.125482053,1.748929146,-2.108025125,0.889410922,0.885550669,6,5,two_open_b
56.098195,0.144072645,-1.123776315,1.751974615,-2.109739181,0.888774808,0.888271405,6,5,two_open_b
56.122437,0.144880024,-1.122269124,1.752781239,-2.108202530,0.888163994,0.887206061,6,5,two_open_b
56.146680,0.145687403,-1.120761932,1.753587863,-2.106665878,0.887553180,0.886140717,6,5,two_open_b
56.170922,0.146494782,-1.119254741,1.754394487,-2.105129227,0.886942366,0.885075373,6,5,two_open_b
56.195164,0.147463010,-1.116616892,1.755742156,-2.102561730,0.888212093,0.884885198,6,5,two_open_b
56.219407,0.148431239,-1.113979043,1.757089824,-2.099994233,0.889481819,0.884695023,6,5,two_open_b
56.243649,0.149399467,-1.111341193,1.758437493,-2.097426736,0.890751546,0.884504848,6,5,two_open_b
56.267892,0.150367695,-1.108703344,1.759785162,-2.094859239,0.892021272,0.884314674,6,5,two_open_b
56.292134,0.150621988,-1.107396483,1.760421063,-2.093654690,0.893836434,0.885068382,6,5,two_open_b
56.316377,0.151199616,-1.105096645,1.761711039,-2.092749619,0.896580211,0.885801374,6,5,two_open_b
56.340619,0.151777243,-1.102796806,1.763001016,-2.091844548,0.899323988,0.886534366,6,5,two_open_b
56.364861,0.152354870,-1.100496967,1.764290992,-2.090939477,0.902067765,0.887267358,6,5,two_open_b
56.389104,0.152932498,-1.098197128,1.765580968,-2.090034406,0.904811542,0.888000349,6,5,two_open_b
56.413346,0.154045225,-1.094343148,1.767489570,-2.087610963,0.907582950,0.887329141,6,5,two_open_b
56.437589,0.154997103,-1.091619826,1.768857127,-2.086218365,0.908473817,0.885782764,6,5,two_open_b
56.461831,0.155948981,-1.088896504,1.770224684,-2.084825767,0.909364685,0.884236386,6,5,two_open_b
56.486073,0.156900858,-1.086173182,1.771592241,-2.083433169,0.910255552,0.882690008,6,5,two_open_b
56.510316,0.157930005,-1.083262735,1.773154961,-2.082173862,0.911564799,0.880931773,6,5,two_open_b
56.534558,0.159101668,-1.080007876,1.775079009,-2.081163069,0.913651990,0.878778276,6,5,two_open_b
56.558801,0.160002826,-1.077567238,1.776622210,-2.080276150,0.915661674,0.876370413,6,5,two_open_b
56.583043,0.160911710,-1.075107893,1.778184923,-2.079402556,0.917713186,0.873941368,6,5,two_open_b
56.607286,0.161913616,-1.072522747,1.779829499,-2.078534198,0.919779926,0.871366444,6,5,two_open_b
56.631528,0.163619915,-1.068984997,1.782093981,-2.077705475,0.921961974,0.867686858,6,5,two_open_b
56.655770,0.164791114,-1.067001388,1.783739838,-2.078395124,0.924116392,0.865411473,6,5,two_open_b
56.680013,0.165962313,-1.065017779,1.785385694,-2.079084774,0.926270810,0.863136087,6,5,two_open_b
56.704255,0.167301177,-1.062858158,1.787165793,-2.079655543,0.928391292,0.860506491,6,5,two_open_b
56.728498,0.169525017,-1.059769499,1.789654461,-2.079598831,0.930332652,0.856007280,6,5,two_open_b
56.752740,0.171671587,-1.056867966,1.791947965,-2.079408829,0.931855631,0.851719926,6,5,two_open_b
56.776983,0.173673763,-1.054316118,1.793876763,-2.078969745,0.932596774,0.847828476,6,5,two_open_b
56.801225,0.175531544,-1.052113955,1.795440855,-2.078281580,0.932556081,0.844332928,6,5,two_open_b
56.825467,0.177381600,-1.049930501,1.796985435,-2.077580088,0.932473559,0.840858561,6,5,two_open_b
56.849710,0.179138634,-1.047872846,1.798448152,-2.076873362,0.932375810,0.837530074,6,5,two_open_b
56.873952,0.181213697,-1.046115812,1.800346889,-2.076057744,0.931628953,0.834292991,6,5,two_open_b
56.898195,0.184132015,-1.043821046,1.803116516,-2.075185006,0.930441837,0.830220209,6,5,two_open_b
56.922437,0.187050333,-1.041526280,1.805886143,-2.074312268,0.929254721,0.826147428,6,5,two_open_b
56.946680,0.189996080,-1.039249921,1.808671089,-2.073396966,0.928057974,0.822172217,6,5,two_open_b
56.970922,0.193262527,-1.036928598,1.811671760,-2.072111419,0.926771099,0.818480584,6,5,two_open_b
56.995164,0.196528975,-1.034607276,1.814672431,-2.070825872,0.925484225,0.814788951,6,5,two_open_b
57.019407,0.199795422,-1.032285953,1.817673102,-2.069540325,0.924197350,0.811097317,6,5,two_open_b
57.043649,0.204122087,-1.029031842,1.821266841,-2.066060402,0.923868437,0.804555488,6,5,two_open_b
57.067892,0.208448752,-1.025777732,1.824860581,-2.062580478,0.923539524,0.798013659,6,5,two_open_b
57.092134,0.213977675,-1.022081034,1.829591940,-2.058881746,0.921526553,0.790760202,6,5,two_open_b
57.116377,0.219156239,-1.018788913,1.833903302,-2.055129955,0.919105992,0.784122202,6,5,two_open_b
57.140619,0.223491547,-1.016034525,1.837343775,-2.051435285,0.917125689,0.778319900,6,5,two_open_b
57.164861,0.227826856,-1.013280136,1.840784248,-2.047740614,0.915145385,0.772517597,6,5,two_open_b
57.189104,0.233354352,-1.010089075,1.845202274,-2.042897172,0.913552711,0.766546926,6,5,two_open_b
57.213346,0.237676173,-1.007872015,1.848696006,-2.039051455,0.912229285,0.762162293,6,5,two_open_b
57.237589,0.243584518,-1.004976226,1.853136638,-2.034316079,0.909217799,0.756628977,6,5,two_open_b
57.261831,0.249740285,-1.001974589,1.857724939,-2.029441958,0.905943058,0.750916523,6,5,two_open_b
57.286073,0.254835834,-0.999905739,1.861720173,-2.026762214,0.901710356,0.748054263,6,5,two_open_b
57.310316,0.261239608,-0.997938173,1.866876019,-2.024028869,0.898242492,0.744560283,6,5,two_open_b
57.334558,0.266441125,-0.996413194,1.870894245,-2.021514332,0.896458685,0.741777931,6,5,two_open_b
57.358801,0.270970578,-0.995135623,1.874276541,-2.019122110,0.895616268,0.739393380,6,5,two_open_b
57.383043,0.277007398,-0.993082269,1.878104828,-2.014956289,0.894529118,0.735865561,6,5,two_open_b
57.407286,0.283044218,-0.991028914,1.881933115,-2.010790467,0.893441967,0.732337741,6,5,two_open_b
57.431528,0.287910709,-0.989531843,1.884740192,-2.007811464,0.891989313,0.729032738,6,5,two_open_b
57.455770,0.294185268,-0.987788172,1.888234607,-2.004031586,0.890397485,0.724415468,6,5,two_open_b
57.480013,0.299199056,-0.986703259,1.890987099,-2.001175294,0.890437390,0.720912765,6,5,two_open_b
57.504255,0.304738269,-0.985676812,1.894078220,-1.998538235,0.890606919,0.717508261,6,5,two_open_b
57.528498,0.311050327,-0.984602982,1.897655641,-1.995981664,0.890642816,0.714022817,6,5,two_open_b
57.552740,0.316155693,-0.983421643,1.900136337,-1.993489270,0.889896319,0.711158461,6,5,two_open_b
57.576983,0.321512622,-0.982213476,1.902741834,-1.991016001,0.889177545,0.708350744,6,5,two_open_b
57.601225,0.328300285,-0.980852727,1.906057126,-1.988651505,0.888616441,0.705865160,6,5,two_open_b
57.625467,0.333580581,-0.980267762,1.908926426,-1.988060609,0.888300071,0.704522844,6,5,two_open_b
57.649710,0.340769534,-0.979454818,1.912662729,-1.987368952,0.888378815,0.704597315,6,5,two_open_b
57.673952,0.347741533,-0.978679871,1.916293128,-1.986800692,0.888479003,0.704873978,6,5,two_open_b
57.698195,0.353643917,-0.978112643,1.919409225,-1.986957381,0.888797775,0.706463116,6,5,two_open_b
57.722437,0.359963786,-0.977480011,1.922700333,-1.986913410,0.889347255,0.708086831,6,5,two_open_b
57.746680,0.366028010,-0.976835350,1.925769563,-1.986672924,0.890151717,0.709791807,6,5,two_open_b
57.770922,0.371957475,-0.976135458,1.928650960,-1.986201940,0.891239555,0.711513024,6,5,two_open_b
57.795164,0.378632209,-0.975305616,1.931864561,-1.985521304,0.892543673,0.713159016,6,5,two_open_b
57.819407,0.386126966,-0.974638847,1.935615668,-1.985625434,0.895706042,0.716065431,6,5,two_open_b
57.843649,0.392192266,-0.974124822,1.938657771,-1.985621749,0.898712987,0.718651284,6,5,two_open_b
57.867892,0.398257566,-0.973610797,1.941699873,-1.985618064,0.901719933,0.721237136,6,5,two_open_b
57.892134,0.403511787,-0.974247294,1.945196743,-1.988521912,0.907055652,0.725054390,6,5,two_open_b
57.916377,0.408766008,-0.974883790,1.948693613,-1.991425759,0.912391371,0.728871643,6,5,two_open_b
57.940619,0.414023379,-0.975801453,1.952353356,-1.995251188,0.919065860,0.733553857,6,5,two_open_b
57.964861,0.419045424,-0.977164740,1.956132559,-2.000500716,0.927674592,0.739521992,6,5,two_open_b
57.989104,0.423550267,-0.978587438,1.959647339,-2.005866270,0.936161975,0.745489807,6,5,two_open_b
58.013346,0.428083202,-0.980644746,1.963519808,-2.013073823,0.947896671,0.754059424,6,5,two_open_b
58.037589,0.431769336,-0.982838231,1.966996186,-2.020480453,0.959432642,0.762714901,6,5,two_open_b
58.061831,0.434771649,-0.984969725,1.970155988,-2.027717554,0.970253116,0.771482028,6,5,two_open_b
58.086073,0.438304335,-0.987202864,1.973789019,-2.035823443,0.982676130,0.782206431,6,5,two_open_b
58.110316,0.441837020,-0.989436003,1.977422050,-2.043929333,0.995099144,0.792930835,6,5,two_open_b
58.134558,0.444592935,-0.990770239,1.980166049,-2.049565729,1.007707479,0.802180658,6,5,two_open_b
58.158801,0.447465533,-0.992113074,1.983067443,-2.055324799,1.021373947,0.811857344,6,5,two_open_b
58.183043,0.449996528,-0.993213621,1.985632929,-2.060238215,1.033622234,0.820668860,6,5,two_open_b
58.207286,0.452019611,-0.993953921,1.987698968,-2.063894266,1.043761896,0.828193994,6,5,two_open_b
58.231528,0.455020885,-0.994865888,1.990858137,-2.068598424,1.056443559,0.837854799,6,5,two_open_b
58.255770,0.457355980,-0.995245857,1.993361151,-2.071610594,1.065728164,0.844978500,6,5,two_open_b
58.280013,0.459691074,-0.995625826,1.995864166,-2.074622763,1.075012770,0.852102200,6,5,two_open_b
58.304255,0.461638403,-0.995931540,1.998021448,-2.077000569,1.083126900,0.857797187,6,5,two_open_b
58.328498,0.463254682,-0.996080324,2.000022519,-2.078802684,1.094417606,0.862607497,6,5,two_open_b
58.352740,0.464870961,-0.996229109,2.002023590,-2.080604799,1.105708312,0.867417807,6,5,two_open_b
58.376983,0.466166434,-0.996354252,2.003591923,-2.082069636,1.114089809,0.871054510,6,5,two_open_b
58.401225,0.467345224,-0.996470797,2.005002861,-2.083411799,1.121413174,0.874264351,6,5,two_open_b
58.425467,0.468524014,-0.996587342,2.006413799,-2.084753962,1.128736539,0.877474192,6,5,two_open_b
58.449710,0.469702803,-0.996703887,2.007824737,-2.086096125,1.136059904,0.880684033,6,5,two_open_b
58.473952,0.470791048,-0.996559663,2.008480103,-2.086633814,1.140684810,0.883180533,6,5,two_open_b
58.498195,0.472584426,-0.996344657,2.009403623,-2.087365043,1.145185427,0.886806914,6,5,two_open_b
58.522437,0.474377804,-0.996129652,2.010327142,-2.088096272,1.149686044,0.890433294,6,5,two_open_b
58.546680,0.476171182,-0.995914646,2.011250661,-2.088827500,1.154186661,0.894059674,6,5,two_open_b
58.570922,0.477763960,-0.995754763,2.011856372,-2.089264674,1.153905914,0.896611884,6,5,two_open_b
58.595164,0.479356738,-0.995594879,2.012462084,-2.089701847,1.153625168,0.899164095,6,5,two_open_b
58.619407,0.480949517,-0.995434995,2.013067795,-2.090139020,1.153344421,0.901716305,6,5,two_open_b
58.643649,0.482542295,-0.995275111,2.013673507,-2.090576194,1.153063674,0.904268516,6,5,two_open_b
58.667892,0.484533552,-0.995388068,2.013445254,-2.091950900,1.154738101,0.908730780,6,5,two_open_b
58.692134,0.486524809,-0.995501025,2.013217001,-2.093325606,1.156412528,0.913193044,6,5,two_open_b
58.716377,0.487628420,-0.995703085,2.012651189,-2.094456677,1.158243413,0.916232977,6,5,two_open_b
58.740619,0.488026899,-0.995975926,2.011817224,-2.095394210,1.160198586,0.918143030,6,5,two_open_b
58.764861,0.488425377,-0.996248767,2.010983260,-2.096331742,1.162153760,0.920053084,6,5,two_open_b
58.789104,0.488823855,-0.996521607,2.010149296,-2.097269275,1.164108934,0.921963138,6,5,two_open_b
58.813346,0.489222334,-0.996794448,2.009315331,-2.098206807,1.166064107,0.923873191,6,5,two_open_b
58.837589,0.489620812,-0.997067289,2.008481367,-2.099144340,1.168019281,0.925783245,6,5,two_open_b
58.861831,0.490019291,-0.997340130,2.007647402,-2.100081873,1.169974454,0.927693298,6,5,two_open_b
58.886073,0.490073656,-0.998080554,2.005386945,-2.102659848,1.173185178,0.928532343,6,5,two_open_b
58.910316,0.489729543,-0.998548137,2.003960452,-2.104300291,1.174440728,0.927461335,6,5,two_open_b
58.934558,0.489385430,-0.999015719,2.002533959,-2.105940734,1.175696279,0.926390326,6,5,two_open_b
58.958801,0.489041317,-0.999483302,2.001107466,-2.107581177,1.176951829,0.925319317,6,5,two_open_b
58.983043,0.488697204,-0.999950885,1.999680973,-2.109221621,1.178207379,0.924248309,6,5,two_open_b
59.007286,0.488353090,-1.000418468,1.998254479,-2.110862064,1.179462929,0.923177300,6,5,two_open_b
59.031528,0.488008977,-1.000886051,1.996827986,-2.112502507,1.180718479,0.922106291,6,5,two_open_b
59.055770,0.487664864,-1.001353633,1.995401493,-2.114142950,1.181974030,0.921035282,6,5,two_open_b
59.080013,0.487320751,-1.001821216,1.993975000,-2.115783393,1.183229580,0.919964274,6,5,two_open_b
59.104255,0.486976638,-1.002288799,1.992548507,-2.117423836,1.184485130,0.918893265,6,5,two_open_b
59.128498,0.486976638,-1.002288799,1.992548507,-2.117423836,1.184485130,0.918893265,6,5,two_open_b
59.152740,0.486976638,-1.002288799,1.992548507,-2.117423836,1.184485130,0.918893265,6,5,two_open_b
59.176983,0.486976638,-1.002288799,1.992548507,-2.117423836,1.184485130,0.918893265,6,5,two_open_b
59.201225,0.486976638,-1.002288799,1.992548507,-2.117423836,1.184485130,0.918893265,6,5,two_open_b
59.225467,0.488967366,-1.002024088,1.990743122,-2.115056651,1.177868568,0.913980154,6,5,two_open_b
59.249710,0.490958093,-1.001759378,1.988937736,-2.112689467,1.171252005,0.909067043,6,5,two_open_b
59.273952,0.492948821,-1.001494667,1.987132351,-2.110322282,1.164635443,0.904153933,6,5,two_open_b
59.298195,0.494939548,-1.001229957,1.985326965,-2.107955097,1.158018880,0.899240822,6,5,two_open_b
59.322437,0.496930276,-1.000965246,1.983521580,-2.105587913,1.151402318,0.894327711,6,5,two_open_b
59.346680,0.498921003,-1.000700536,1.981716195,-2.103220728,1.144785756,0.889414600,6,5,two_open_b
59.370922,0.500911731,-1.000435825,1.979910809,-2.100853543,1.138169193,0.884501489,6,5,two_open_b
59.395164,0.502902458,-1.000171115,1.978105424,-2.098486358,1.131552631,0.879588379,6,5,two_open_b
59.419407,0.504893186,-0.999906404,1.976300038,-2.096119174,1.124936068,0.874675268,6,5,two_open_b
59.443649,0.506883913,-0.999641694,1.974494653,-2.093751989,1.118319506,0.869762157,6,5,two_open_b
59.467892,0.507459836,-0.999848446,1.974608335,-2.093612145,1.117137005,0.869535614,6,5,two_open_b
59.492134,0.508679158,-1.000286173,1.974849019,-2.093316071,1.114633460,0.869055986,6,5,two_open_b
59.516377,0.510541879,-1.000954876,1.975216703,-2.092863769,1.110808869,0.868323273,6,5,two_open_b
59.540619,0.512517034,-1.001663941,1.975606582,-2.092384166,1.106753426,0.867546333,6,5,two_open_b
59.564861,0.514492189,-1.002373007,1.975996460,-2.091904563,1.102697982,0.866769393,5,4,two_grasp_b
59.589104,0.516467344,-1.003082073,1.976386338,-2.091424960,1.098642539,0.865992453,5,4,two_grasp_b
59.613346,0.518442500,-1.003791138,1.976776217,-2.090945357,1.094587095,0.865215513,5,4,two_grasp_b
59.637589,0.520417655,-1.004500204,1.977166095,-2.090465754,1.090531652,0.864438573,5,4,two_grasp_b
59.661831,0.522392810,-1.005209269,1.977555973,-2.089986151,1.086476209,0.863661633,5,4,two_grasp_b
59.686073,0.524367965,-1.005918335,1.977945851,-2.089506548,1.082420765,0.862884693,5,4,two_grasp_b
59.710316,0.526702501,-1.006980382,1.977232011,-2.087672636,1.076979746,0.860865317,5,4,two_grasp_b
59.734558,0.528489392,-1.007868758,1.976289810,-2.085841983,1.072596854,0.858948633,5,4,two_grasp_b
59.758801,0.529632885,-1.008526159,1.975220608,-2.084167559,1.069535007,0.857285035,5,4,two_grasp_b
59.783043,0.530663943,-1.009143197,1.974129212,-2.082520436,1.066704013,0.855665663,5,4,two_grasp_b
59.807286,0.531695002,-1.009760235,1.973037816,-2.080873313,1.063873019,0.854046291,5,4,two_grasp_b
59.831528,0.532726060,-1.010377273,1.971946420,-2.079226190,1.061042025,0.852426920,5,4,two_grasp_b
59.855770,0.533757119,-1.010994311,1.970855024,-2.077579067,1.058211030,0.850807548,5,4,two_grasp_b
59.880013,0.534788177,-1.011611349,1.969763628,-2.075931943,1.055380036,0.849188176,5,4,two_grasp_b
59.904255,0.535819236,-1.012228387,1.968672232,-2.074284820,1.052549042,0.847568805,5,4,two_grasp_b
59.928498,0.538216089,-1.014161937,1.968276829,-2.074257519,1.046514282,0.847629201,5,4,two_grasp_b
59.952740,0.539677638,-1.015535755,1.968871462,-2.075724371,1.043047598,0.849158576,5,4,two_grasp_b
59.976983,0.541043432,-1.016852267,1.969567455,-2.077344194,1.039843833,0.850838344,5,4,two_grasp_b
60.001225,0.542409226,-1.018168779,1.970263447,-2.078964016,1.036640067,0.852518112,5,4,two_grasp_b
60.025467,0.543775020,-1.019485292,1.970959440,-2.080583838,1.033436301,0.854197879,5,4,two_grasp_b
60.049710,0.545140815,-1.020801804,1.971655433,-2.082203660,1.030232535,0.855877647,5,4,two_grasp_b
60.073952,0.546506609,-1.022118316,1.972351425,-2.083823482,1.027028769,0.857557415,5,4,two_grasp_b
60.098195,0.547872403,-1.023434828,1.973047418,-2.085443305,1.023825004,0.859237183,5,4,two_grasp_b
60.122437,0.549238197,-1.024751341,1.973743410,-2.087063127,1.020621238,0.860916951,5,4,two_grasp_b
60.146680,0.550603991,-1.026067853,1.974439403,-2.088682949,1.017417472,0.862596719,5,4,two_grasp_b
60.170922,0.550603991,-1.026067853,1.974439403,-2.088682949,1.017417472,0.862596719,5,4,two_grasp_b
60.195164,0.550603991,-1.026067853,1.974439403,-2.088682949,1.017417472,0.862596719,5,4,two_grasp_b
60.219407,0.550603991,-1.026067853,1.974439403,-2.088682949,1.017417472,0.862596719,5,4,two_grasp_b
60.243649,0.550603991,-1.026067853,1.974439403,-2.088682949,1.017417472,0.862596719,5,4,two_grasp_b
60.267892,0.551018750,-1.025703001,1.975364918,-2.087601112,1.020404644,0.864309146,5,4,two_grasp_b
60.292134,0.551475841,-1.025300911,1.976384893,-2.086408860,1.023696693,0.866196347,5,4,two_grasp_b
60.316377,0.551932931,-1.024898822,1.977404868,-2.085216607,1.026988743,0.868083548,5,4,two_grasp_b
60.340619,0.552390022,-1.024496732,1.978424843,-2.084024355,1.030280793,0.869970749,5,4,two_grasp_b
60.364861,0.552847112,-1.024094642,1.979444818,-2.082832103,1.033572843,0.871857951,5,4,two_grasp_b
60.389104,0.553304203,-1.023692552,1.980464793,-2.081639851,1.036864892,0.873745152,5,4,two_grasp_b
60.413346,0.553761293,-1.023290463,1.981484768,-2.080447599,1.040156942,0.875632353,5,4,two_grasp_b
60.437589,0.554218384,-1.022888373,1.982504743,-2.079255346,1.043448992,0.877519554,5,4,two_grasp_b
60.461831,0.554675474,-1.022486283,1.983524718,-2.078063094,1.046741041,0.879406755,5,4,two_grasp_b
60.486073,0.555132565,-1.022084194,1.984544693,-2.076870842,1.050033091,0.881293957,5,4,two_grasp_b
60.510316,0.555174896,-1.022046956,1.984639153,-2.076760427,1.050337969,0.881468731,5,4,two_grasp_b
60.534558,0.555174896,-1.022046956,1.984639153,-2.076760427,1.050337969,0.881468731,5,4,two_grasp_b
60.558801,0.555174896,-1.022046956,1.984639153,-2.076760427,1.050337969,0.881468731,5,4,two_grasp_b
60.583043,0.555174896,-1.022046956,1.984639153,-2.076760427,1.050337969,0.881468731,5,4,two_grasp_b
60.607286,0.555174896,-1.022046956,1.984639153,-2.076760427,1.050337969,0.881468731,5,4,two_grasp_b
60.631528,0.555174896,-1.022046956,1.984639153,-2.076760427,1.050337969,0.881468731,5,4,two_grasp_b
60.655770,0.555174896,-1.022046956,1.984639153,-2.076760427,1.050337969,0.881468731,5,4,two_grasp_b
60.680013,0.555174896,-1.022046956,1.984639153,-2.076760427,1.050337969,0.881468731,5,4,two_grasp_b
60.704255,0.555174896,-1.022046956,1.984639153,-2.076760427,1.050337969,0.881468731,5,4,two_grasp_b
60.728498,0.555174896,-1.022046956,1.984639153,-2.076760427,1.050337969,0.881468731,5,4,two_grasp_b
60.752740,0.555748117,-1.021621201,1.985038823,-2.077122297,1.053052261,0.884749299,5,4,two_grasp_b
60.776983,0.556321339,-1.021195446,1.985438492,-2.077484168,1.055766553,0.888029867,5,4,two_grasp_b
60.801225,0.556894560,-1.020769691,1.985838162,-2.077846039,1.058480845,0.891310435,5,4,two_grasp_b
60.825467,0.557467782,-1.020343936,1.986237831,-2.078207909,1.061195137,0.894591003,6,5,two_open_b
60.849710,0.558041003,-1.019918181,1.986637501,-2.078569780,1.063909428,0.897871570,6,5,two_open_b
60.873952,0.558614224,-1.019492426,1.987037170,-2.078931650,1.066623720,0.901152138,6,5,two_open_b
60.898195,0.559187446,-1.019066671,1.987436839,-2.079293521,1.069338012,0.904432706,6,5,two_open_b
60.922437,0.559880619,-1.019125021,1.987059622,-2.081397660,1.074848578,0.909280584,6,5,two_open_b
60.946680,0.560573793,-1.019183371,1.986682405,-2.083501800,1.080359143,0.914128462,6,5,two_open_b
60.970922,0.561266966,-1.019241722,1.986305188,-2.085605939,1.085869708,0.918976340,6,5,two_open_b
60.995164,0.561386918,-1.019725827,1.985528301,-2.087348208,1.088665982,0.920543650,6,5,two_open_b
61.019407,0.561506870,-1.020209932,1.984751415,-2.089090477,1.091462255,0.922110959,6,5,two_open_b
61.043649,0.561626822,-1.020694037,1.983974528,-2.090832746,1.094258529,0.923678269,6,5,two_open_b
61.067892,0.563095861,-1.021968029,1.983015681,-2.094208721,1.094909923,0.926176087,6,5,two_open_b
61.092134,0.564564900,-1.023242021,1.982056834,-2.097584695,1.095561318,0.928673904,6,5,two_open_b
61.116377,0.566033938,-1.024516014,1.981097987,-2.100960670,1.096212712,0.931171721,6,5,two_open_b
61.140619,0.567502977,-1.025790006,1.980139139,-2.104336645,1.096864106,0.933669538,6,5,two_open_b
61.164861,0.568852064,-1.026579893,1.979957179,-2.105970351,1.094719227,0.934600045,6,5,two_open_b
61.189104,0.570201151,-1.027369779,1.979775219,-2.107604056,1.092574348,0.935530553,6,5,two_open_b
61.213346,0.571891494,-1.028408692,1.979501841,-2.109587875,1.090245855,0.936750416,6,5,two_open_b
61.237589,0.574191087,-1.029892195,1.979065255,-2.112196755,1.087589555,0.938486872,6,5,two_open_b
61.261831,0.576741006,-1.031558368,1.978561610,-2.115062458,1.084798566,0.940435582,6,5,two_open_b
61.286073,0.579290925,-1.033224541,1.978057966,-2.117928160,1.082007578,0.942384292,6,5,two_open_b
61.310316,0.580491757,-1.034100827,1.977736282,-2.119160157,1.081361468,0.943402495,6,5,two_open_b
61.334558,0.581692589,-1.034977114,1.977414598,-2.120392154,1.080715359,0.944420698,6,5,two_open_b
61.358801,0.582893421,-1.035853400,1.977092914,-2.121624151,1.080069250,0.945438901,6,5,two_open_b
61.383043,0.584094253,-1.036729686,1.976771229,-2.122856148,1.079423141,0.946457104,6,5,two_open_b
61.407286,0.586658102,-1.038640242,1.977056096,-2.124169125,1.077742771,0.946929970,6,5,two_open_b
61.431528,0.589221950,-1.040550798,1.977340962,-2.125482101,1.076062401,0.947402835,6,5,two_open_b
61.455770,0.591444543,-1.042212328,1.977717245,-2.126444964,1.074565645,0.947586344,6,5,two_open_b
61.480013,0.593057885,-1.043429268,1.978256737,-2.126782765,1.073396696,0.947253261,6,5,two_open_b
61.504255,0.594420901,-1.044463538,1.978863287,-2.126863745,1.072362436,0.946707923,6,5,two_open_b
61.528498,0.595783917,-1.045497807,1.979469837,-2.126944724,1.071328176,0.946162586,6,5,two_open_b
61.552740,0.597146934,-1.046532077,1.980076387,-2.127025703,1.070293915,0.945617248,6,5,two_open_b
61.576983,0.598558107,-1.048183964,1.981512922,-2.126772834,1.071048430,0.944596401,6,5,two_open_b
61.601225,0.599997827,-1.050201983,1.983441484,-2.126322056,1.072863356,0.943293664,6,5,two_open_b
61.625467,0.601437548,-1.052220003,1.985370045,-2.125871278,1.074678283,0.941990928,6,5,two_open_b
61.649710,0.601514252,-1.053203753,1.986692057,-2.125339520,1.077527470,0.941233529,6,5,two_open_b
61.673952,0.601590956,-1.054187503,1.988014068,-2.124807763,1.080376656,0.940476130,6,5,two_open_b
61.698195,0.601667660,-1.055171254,1.989336080,-2.124276005,1.083225843,0.939718731,6,5,two_open_b
61.722437,0.601744365,-1.056155004,1.990658091,-2.123744248,1.086075030,0.938961332,6,5,two_open_b
61.746680,0.601821069,-1.057138754,1.991980102,-2.123212491,1.088924217,0.938203934,6,5,two_open_b
61.770922,0.601897773,-1.058122504,1.993302114,-2.122680733,1.091773404,0.937446535,6,5,two_open_b
61.795164,0.601974477,-1.059106254,1.994624125,-2.122148976,1.094622590,0.936689136,6,5,two_open_b
61.819407,0.602003025,-1.059472387,1.995116152,-2.121951066,1.095683002,0.936407247,6,5,two_open_b
61.843649,0.602003025,-1.059472387,1.995116152,-2.121951066,1.095683002,0.936407247,6,5,two_open_b
61.867892,0.602003025,-1.059472387,1.995116152,-2.121951066,1.095683002,0.936407247,6,5,two_open_b
61.892134,0.602003025,-1.059472387,1.995116152,-2.121951066,1.095683002,0.936407247,6,5,two_open_b
61.916377,0.602003025,-1.059472387,1.995116152,-2.121951066,1.095683002,0.936407247,6,5,two_open_b
61.940619,0.602003025,-1.059472387,1.995116152,-2.121951066,1.095683002,0.936407247,6,5,two_open_b
61.964861,0.602003025,-1.059472387,1.995116152,-2.121951066,1.095683002,0.936407247,6,5,two_open_b
61.989104,0.602003025,-1.059472387,1.995116152,-2.121951066,1.095683002,0.936407247,6,5,two_open_b
62.013346,0.598781493,-1.061544209,1.996162814,-2.126076152,1.103757496,0.938346786,6,5,two_open_b
62.037589,0.595559962,-1.063616030,1.997209476,-2.130201238,1.111831991,0.940286324,6,5,two_open_b
62.061831,0.592338430,-1.065687852,1.998256138,-2.134326324,1.119906485,0.942225863,6,5,two_open_b
62.086073,0.589116899,-1.067759674,1.999302800,-2.138451410,1.127980979,0.944165401,6,5,two_open_b
62.110316,0.585895367,-1.069831495,2.000349462,-2.142576496,1.136055474,0.946104940,6,5,two_open_b
62.134558,0.582673835,-1.071903317,2.001396124,-2.146701583,1.144129968,0.948044478,6,5,two_open_b
62.158801,0.579452304,-1.073975139,2.002442786,-2.150826669,1.152204462,0.949984017,6,5,two_open_b
62.183043,0.576135594,-1.076073676,2.003483765,-2.155044669,1.160317901,0.952006004,6,5,two_open_b
62.207286,0.571165476,-1.078636300,2.004426012,-2.160876742,1.169107880,0.955460266,6,5,two_open_b
62.231528,0.566195357,-1.081198924,2.005368260,-2.166708816,1.177897859,0.958914528,6,5,two_open_b
62.255770,0.564446770,-1.081689726,2.005263846,-2.168415804,1.178613343,0.960429251,6,5,two_open_b
62.280013,0.562698184,-1.082180528,2.005159431,-2.170122791,1.179328828,0.961943975,6,5,two_open_b
62.304255,0.560949597,-1.082671331,2.005055017,-2.171829779,1.180044312,0.963458698,6,5,two_open_b
62.328498,0.559201010,-1.083162133,2.004950603,-2.173536767,1.180759797,0.964973422,6,5,two_open_b
62.352740,0.557452423,-1.083652935,2.004846188,-2.175243754,1.181475281,0.966488145,6,5,two_open_b
62.376983,0.555703836,-1.084143738,2.004741774,-2.176950742,1.182190766,0.968002869,6,5,two_open_b
62.401225,0.553955250,-1.084634540,2.004637360,-2.178657729,1.182906250,0.969517592,6,5,two_open_b
62.425467,0.550593738,-1.085133760,2.004978451,-2.181827172,1.184792381,0.971245887,6,5,two_open_b
62.449710,0.548847736,-1.085169672,2.005428032,-2.183417051,1.186028809,0.971548475,5,4,two_grasp_b
62.473952,0.547101734,-1.085205584,2.005877613,-2.185006930,1.187265237,0.971851063,5,4,two_grasp_b
62.498195,0.545355733,-1.085241497,2.006327194,-2.186596809,1.188501665,0.972153651,5,4,two_grasp_b
62.522437,0.543609731,-1.085277409,2.006776775,-2.188186688,1.189738093,0.972456239,5,4,two_grasp_b
62.546680,0.541863729,-1.085313321,2.007226356,-2.189776567,1.190974522,0.972758827,5,4,two_grasp_b
62.570922,0.540117728,-1.085349234,2.007675937,-2.191366446,1.192210950,0.973061415,5,4,two_grasp_b
62.595164,0.538371726,-1.085385146,2.008125518,-2.192956325,1.193447378,0.973364003,5,4,two_grasp_b
62.619407,0.536625724,-1.085421058,2.008575099,-2.194546204,1.194683806,0.973666591,5,4,two_grasp_b
62.643649,0.534879722,-1.085456970,2.009024679,-2.196136083,1.195920234,0.973969179,5,4,two_grasp_b
62.667892,0.534522812,-1.085097349,2.009267585,-2.193756566,1.194328408,0.974352519,5,4,two_grasp_b
62.692134,0.534203800,-1.084736948,2.009500731,-2.191342540,1.192709744,0.974729292,5,4,two_grasp_b
62.716377,0.533884787,-1.084376546,2.009733878,-2.188928514,1.191091079,0.975106064,5,4,two_grasp_b
62.740619,0.533565775,-1.084016145,2.009967024,-2.186514487,1.189472415,0.975482837,5,4,two_grasp_b
62.764861,0.533246763,-1.083655744,2.010200171,-2.184100461,1.187853751,0.975859609,5,4,two_grasp_b
62.789104,0.532927751,-1.083295343,2.010433318,-2.181686434,1.186235087,0.976236381,5,4,two_grasp_b
62.813346,0.532608739,-1.082934942,2.010666464,-2.179272408,1.184616423,0.976613154,5,4,two_grasp_b
62.837589,0.532289726,-1.082574540,2.010899611,-2.176858381,1.182997758,0.976989926,5,4,two_grasp_b
62.861831,0.531970714,-1.082214139,2.011132757,-2.174444355,1.181379094,0.977366699,5,4,two_grasp_b
62.886073,0.531651702,-1.081853738,2.011365904,-2.172030328,1.179760430,0.977743471,5,4,two_grasp_b
62.910316,0.531499021,-1.081681039,2.011318738,-2.171794401,1.180173380,0.977715256,5,4,two_grasp_b
62.934558,0.530667755,-1.080740786,2.011061947,-2.170509912,1.182421665,0.977561638,5,4,two_grasp_b
62.958801,0.529506020,-1.079426735,2.010703067,-2.168714772,1.185563758,0.977346950,5,4,two_grasp_b
62.983043,0.528344284,-1.078112683,2.010344188,-2.166919633,1.188705851,0.977132262,5,4,two_grasp_b
63.007286,0.527182549,-1.076798632,2.009985309,-2.165124493,1.191847944,0.976917574,5,4,two_grasp_b
63.031528,0.526020813,-1.075484581,2.009626429,-2.163329354,1.194990036,0.976702886,5,4,two_grasp_b
63.055770,0.524859077,-1.074170530,2.009267550,-2.161534214,1.198132129,0.976488198,5,4,two_grasp_b
63.080013,0.522385641,-1.071685781,2.009322723,-2.159668496,1.202833093,0.975303000,5,4,two_grasp_b
63.104255,0.519912205,-1.069201032,2.009377895,-2.157802777,1.207534057,0.974117802,5,4,two_grasp_b
63.128498,0.517438769,-1.066716283,2.009433067,-2.155937059,1.212235021,0.972932604,5,4,two_grasp_b
63.152740,0.515118014,-1.064404234,2.009535406,-2.154307267,1.216523035,0.971775621,5,4,two_grasp_b
63.176983,0.513475843,-1.062859737,2.009847369,-2.153726038,1.218975715,0.970744041,5,4,two_grasp_b
63.201225,0.510969692,-1.060727507,2.010504445,-2.153143760,1.219653059,0.967945202,5,4,two_grasp_b
63.225467,0.508463541,-1.058595276,2.011161520,-2.152561483,1.220330403,0.965146364,5,4,two_grasp_b
63.249710,0.505957390,-1.056463046,2.011818595,-2.151979205,1.221007748,0.962347525,5,4,two_grasp_b
63.273952,0.502651347,-1.054035360,2.012345667,-2.151203756,1.222044034,0.958779900,5,4,two_grasp_b
63.298195,0.498595290,-1.051330643,2.012750844,-2.150247181,1.223416880,0.954491427,5,4,two_grasp_b
63.322437,0.495850934,-1.049796623,2.012741968,-2.149361185,1.223230855,0.951173464,5,4,two_grasp_b
63.346680,0.492361295,-1.048110087,2.013421790,-2.148808511,1.220795983,0.946575144,5,4,two_grasp_b
63.370922,0.488871656,-1.046423550,2.014101611,-2.148255838,1.218361111,0.941976823,5,4,two_grasp_b
63.395164,0.485382017,-1.044737013,2.014781433,-2.147703164,1.215926238,0.937378503,5,4,two_grasp_b
63.419407,0.480462315,-1.042776202,2.015309437,-2.146608027,1.213090392,0.932075216,5,4,two_grasp_b
63.443649,0.476737063,-1.041776924,2.015594418,-2.146024589,1.211136072,0.928600258,5,4,two_grasp_b
63.467892,0.471900531,-1.040474492,2.015528396,-2.144317073,1.208118355,0.924395267,5,4,two_grasp_b
63.492134,0.467063999,-1.039172059,2.015462375,-2.142609557,1.205100637,0.920190277,5,4,two_grasp_b
63.516377,0.461893751,-1.037984447,2.014882675,-2.139522259,1.200384901,0.915976274,5,4,two_grasp_b
63.540619,0.457388688,-1.037060349,2.014376704,-2.136498382,1.195232401,0.912424916,5,4,two_grasp_b
63.564861,0.452192841,-1.036316721,2.013771573,-2.133283823,1.189102902,0.908564998,5,4,two_grasp_b
63.589104,0.447421922,-1.035809303,2.012431759,-2.129647511,1.184769162,0.905842342,5,4,two_grasp_b
63.613346,0.442026819,-1.035500775,2.010734690,-2.125690051,1.180347545,0.902795518,5,4,two_grasp_b
63.637589,0.435855777,-1.035439492,2.008593508,-2.121333365,1.175816687,0.899345710,5,4,two_grasp_b
63.661831,0.430863796,-1.035873936,2.006523754,-2.117370255,1.171133384,0.896439189,5,4,two_grasp_b
63.686073,0.425340790,-1.036776891,2.004283926,-2.113092156,1.165279255,0.893190614,5,4,two_grasp_b
63.710316,0.420929062,-1.037983001,2.002395101,-2.109938134,1.160488523,0.890672072,5,4,two_grasp_b
63.734558,0.415992621,-1.039717622,1.999851598,-2.106065637,1.152957502,0.887759013,5,4,two_grasp_b
63.758801,0.411783208,-1.041973443,1.997461672,-2.103439249,1.145936299,0.885483763,5,4,two_grasp_b
63.783043,0.407134461,-1.044681836,1.994488073,-2.100509197,1.137946220,0.883086242,5,4,two_grasp_b
63.807286,0.403176499,-1.047209759,1.991613635,-2.097769828,1.130933142,0.880997281,5,4,two_grasp_b
63.831528,0.399538891,-1.049653989,1.988785183,-2.095118890,1.124373152,0.879051415,5,4,two_grasp_b
63.855770,0.395757020,-1.053069454,1.985684026,-2.093118800,1.116154518,0.877455002,5,4,two_grasp_b
63.880013,0.392656299,-1.056448966,1.982929106,-2.091582583,1.107728486,0.876289342,5,4,two_grasp_b
63.904255,0.389312179,-1.060709101,1.979744072,-2.090532440,1.098204326,0.875430212,5,4,two_grasp_b
63.928498,0.386275840,-1.064976035,1.976425760,-2.089801405,1.089372674,0.874899559,5,4,two_grasp_b
63.952740,0.382890341,-1.069986368,1.972632997,-2.089076814,1.079792921,0.874347672,5,4,two_grasp_b
63.976983,0.379962167,-1.074611665,1.969403343,-2.089071941,1.072809074,0.874186202,5,4,two_grasp_b
64.001225,0.377440573,-1.078896397,1.966663791,-2.089393914,1.066654486,0.874164722,5,4,two_grasp_b
64.025467,0.375443141,-1.082742075,1.964556080,-2.090137254,1.061568976,0.874323717,5,4,two_grasp_b
64.049710,0.373271708,-1.086891500,1.962208508,-2.090809758,1.056307397,0.874416292,5,4,two_grasp_b
64.073952,0.370722935,-1.091699633,1.959340772,-2.091328649,1.050663992,0.874364828,5,4,two_grasp_b
64.098195,0.368586588,-1.095959132,1.956612222,-2.091372903,1.046406853,0.874152181,5,4,two_grasp_b
64.122437,0.366199212,-1.100719030,1.953504832,-2.091179631,1.041945741,0.873658761,5,4,two_grasp_b
64.146680,0.364086266,-1.104829557,1.950604710,-2.090539203,1.038805019,0.872859560,5,4,two_grasp_b
64.170922,0.362196565,-1.108464772,1.948007941,-2.089894655,1.036142615,0.872073934,5,4,two_grasp_b
64.195164,0.360656025,-1.111356588,1.945885623,-2.089243665,1.034228312,0.871309543,5,4,two_grasp_b
64.219407,0.359148123,-1.114324397,1.943730478,-2.088455259,1.032099239,0.870529090,5,4,two_grasp_b
64.243649,0.357513900,-1.118090003,1.941123137,-2.087171848,1.028664597,0.869675350,5,4,two_grasp_b
64.267892,0.355879677,-1.121855609,1.938515797,-2.085888437,1.025229955,0.868821610,5,4,two_grasp_b
64.292134,0.354419456,-1.125317469,1.936148317,-2.084675861,1.021971382,0.868034290,5,4,two_grasp_b
64.316377,0.353336575,-1.128120620,1.934301000,-2.083616900,1.019094636,0.867391008,5,4,two_grasp_b
64.340619,0.352609715,-1.130302280,1.932944459,-2.082702874,1.016578142,0.866883627,5,4,two_grasp_b
64.364861,0.352228672,-1.131772249,1.932064632,-2.081961728,1.014582261,0.866629247,5,4,two_grasp_b
64.389104,0.351768205,-1.133675122,1.931783587,-2.080817148,1.012247223,0.866167461,5,4,two_grasp_b
64.413346,0.351290761,-1.135628210,1.931519301,-2.079643458,1.009874176,0.865684790,5,4,two_grasp_b
64.437589,0.350813318,-1.137581298,1.931255014,-2.078469767,1.007501130,0.865202119,5,4,two_grasp_b
64.461831,0.350370625,-1.139314918,1.931115123,-2.077432249,1.005487237,0.864739609,5,4,two_grasp_b
64.486073,0.350054253,-1.140250740,1.931427427,-2.076889736,1.004778913,0.864350385,5,4,two_grasp_b
64.510316,0.349737880,-1.141186562,1.931739732,-2.076347223,1.004070589,0.863961162,5,4,two_grasp_b
64.534558,0.349421508,-1.142122384,1.932052036,-2.075804710,1.003362266,0.863571938,5,4,two_grasp_b
64.558801,0.349105136,-1.143058206,1.932364341,-2.075262197,1.002653942,0.863182714,5,4,two_grasp_b
64.583043,0.348788764,-1.143994028,1.932676646,-2.074719684,1.001945618,0.862793491,5,4,two_grasp_b
64.607286,0.348472392,-1.144929850,1.932988950,-2.074177171,1.001237295,0.862404267,5,4,two_grasp_b
64.631528,0.348455416,-1.144980065,1.933005708,-2.074148061,1.001199287,0.862383382,5,4,two_grasp_b
64.655770,0.348445512,-1.144866625,1.933122362,-2.073872331,1.001066451,0.862224709,5,4,two_grasp_b
64.680013,0.348361909,-1.143909037,1.934107082,-2.071544798,0.999945136,0.860885295,5,4,two_grasp_b
64.704255,0.348278306,-1.142951448,1.935091802,-2.069217265,0.998823822,0.859545880,5,4,two_grasp_b
64.728498,0.348194704,-1.141993860,1.936076521,-2.066889732,0.997702507,0.858206466,5,4,two_grasp_b
64.752740,0.348111101,-1.141036272,1.937061241,-2.064562199,0.996581193,0.856867052,5,4,two_grasp_b
64.776983,0.348027498,-1.140078684,1.938045960,-2.062234666,0.995459878,0.855527638,5,4,two_grasp_b
64.801225,0.347943895,-1.139121096,1.939030680,-2.059907133,0.994338563,0.854188224,5,4,two_grasp_b
64.825467,0.347860292,-1.138163507,1.940015400,-2.057579600,0.993217249,0.852848809,5,4,two_grasp_b
64.849710,0.347776690,-1.137205919,1.941000119,-2.055252067,0.992095934,0.851509395,5,4,two_grasp_b
64.873952,0.347693087,-1.136248331,1.941984839,-2.052924534,0.990974620,0.850169981,5,4,two_grasp_b
64.898195,0.347619388,-1.135404183,1.942852904,-2.050872731,0.989986141,0.848989240,5,4,two_grasp_b
64.922437,0.347619388,-1.135404183,1.942852904,-2.050872731,0.989986141,0.848989240,5,4,two_grasp_b
64.946680,0.347619388,-1.135404183,1.942852904,-2.050872731,0.989986141,0.848989240,5,4,two_grasp_b
64.970922,0.347619388,-1.135404183,1.942852904,-2.050872731,0.989986141,0.848989240,5,4,two_grasp_b
64.995164,0.347619388,-1.135404183,1.942852904,-2.050872731,0.989986141,0.848989240,5,4,two_grasp_b
65.019407,0.347619388,-1.135404183,1.942852904,-2.050872731,0.989986141,0.848989240,5,4,two_grasp_b
65.043649,0.347619388,-1.135404183,1.942852904,-2.050872731,0.989986141,0.848989240,5,4,two_grasp_b
65.067892,0.347619388,-1.135404183,1.942852904,-2.050872731,0.989986141,0.848989240,5,4,two_grasp_b
65.092134,0.347619388,-1.135404183,1.942852904,-2.050872731,0.989986141,0.848989240,5,4,two_grasp_b
65.116377,0.347619388,-1.135404183,1.942852904,-2.050872731,0.989986141,0.848989240,5,4,two_grasp_b
65.140619,0.347619388,-1.135404183,1.942852904,-2.050872731,0.989986141,0.848989240,5,4,two_grasp_b
65.164861,0.347619388,-1.135404183,1.942852904,-2.050872731,0.989986141,0.848989240,5,4,two_grasp_b
65.189104,0.347619388,-1.135404183,1.942852904,-2.050872731,0.989986141,0.848989240,5,4,two_grasp_b
65.213346,0.348397376,-1.135094713,1.941275591,-2.050248539,0.988407795,0.847390299,5,4,two_grasp_b
65.237589,0.349175364,-1.134785243,1.939698278,-2.049624347,0.986829449,0.845791359,5,4,two_grasp_b
65.261831,0.349953353,-1.134475773,1.938120965,-2.049000155,0.985251103,0.844192418,5,4,two_grasp_b
65.286073,0.350731341,-1.134166303,1.936543652,-2.048375963,0.983672757,0.842593477,5,4,two_grasp_b
65.310316,0.351509329,-1.133856833,1.934966339,-2.047751771,0.982094412,0.840994537,5,4,two_grasp_b
65.334558,0.352287317,-1.133547363,1.933389026,-2.047127579,0.980516066,0.839395596,5,4,two_grasp_b
65.358801,0.353065305,-1.133237893,1.931811713,-2.046503387,0.978937720,0.837796655,5,4,two_grasp_b
65.383043,0.353843294,-1.132928423,1.930234400,-2.045879195,0.977359374,0.836197714,5,4,two_grasp_b
65.407286,0.354621282,-1.132618953,1.928657087,-2.045255003,0.975781028,0.834598774,5,4,two_grasp_b
65.431528,0.355399270,-1.132309483,1.927079774,-2.044630811,0.974202682,0.832999833,5,4,two_grasp_b
65.455770,0.356341612,-1.131930921,1.925764626,-2.043517604,0.973999859,0.830977269,5,4,two_grasp_b
65.480013,0.357283955,-1.131552359,1.924449478,-2.042404397,0.973797036,0.828954705,5,4,two_grasp_b
65.504255,0.358226297,-1.131173796,1.923134330,-2.041291190,0.973594213,0.826932140,5,4,two_grasp_b
65.528498,0.359168640,-1.130795234,1.921819182,-2.040177983,0.973391390,0.824909576,5,4,two_grasp_b
65.552740,0.360110982,-1.130416672,1.920504034,-2.039064777,0.973188567,0.822887012,5,4,two_grasp_b
65.576983,0.361053324,-1.130038110,1.919188885,-2.037951570,0.972985744,0.820864448,5,4,two_grasp_b
65.601225,0.361995667,-1.129659548,1.917873737,-2.036838363,0.972782921,0.818841884,5,4,two_grasp_b
65.625467,0.362938009,-1.129280985,1.916558589,-2.035725156,0.972580098,0.816819319,5,4,two_grasp_b
65.649710,0.363880352,-1.128902423,1.915243441,-2.034611949,0.972377275,0.814796755,5,4,two_grasp_b
65.673952,0.365245442,-1.128290203,1.914511199,-2.033757414,0.972234406,0.812496984,5,4,two_grasp_b
65.698195,0.366389227,-1.127658018,1.916088308,-2.034457276,0.972396616,0.811746975,5,4,two_grasp_b
65.722437,0.367533013,-1.127025833,1.917665417,-2.035157139,0.972558827,0.810996965,5,4,two_grasp_b
65.746680,0.368676798,-1.126393648,1.919242526,-2.035857001,0.972721037,0.810246955,5,4,two_grasp_b
65.770922,0.369820583,-1.125761462,1.920819635,-2.036556863,0.972883248,0.809496946,5,4,two_grasp_b
65.795164,0.370964369,-1.125129277,1.922396744,-2.037256725,0.973045458,0.808746936,5,4,two_grasp_b
65.819407,0.372108154,-1.124497092,1.923973854,-2.037956588,0.973207669,0.807996926,5,4,two_grasp_b
65.843649,0.373732130,-1.123145423,1.926333306,-2.038345779,0.973858437,0.807715629,5,4,two_grasp_b
65.867892,0.375714535,-1.121256710,1.929276722,-2.038503078,0.974873878,0.807784192,5,4,two_grasp_b
65.892134,0.377696939,-1.119367997,1.932220138,-2.038660376,0.975889319,0.807852756,5,4,two_grasp_b
65.916377,0.379256596,-1.117712942,1.934580648,-2.038559002,0.976844806,0.808198526,5,4,two_grasp_b
65.940619,0.380095215,-1.116456414,1.935946955,-2.038016438,0.977698037,0.809017099,5,4,two_grasp_b
65.964861,0.380831112,-1.114036609,1.938452510,-2.037717920,0.981502168,0.810439804,5,4,two_grasp_b
65.989104,0.381567009,-1.111616804,1.940958065,-2.037419402,0.985306299,0.811862510,5,4,two_grasp_b
66.013346,0.382302906,-1.109196999,1.943463620,-2.037120884,0.989110431,0.813285216,5,4,two_grasp_b
66.037589,0.383038803,-1.106777194,1.945969175,-2.036822365,0.992914562,0.814707922,5,4,two_grasp_b
66.061831,0.383427216,-1.104015243,1.950132031,-2.039144927,0.999964582,0.817462751,5,4,two_grasp_b
66.086073,0.383335439,-1.101972776,1.953512543,-2.041778159,1.006526046,0.819748867,5,4,two_grasp_b
66.110316,0.382885233,-1.100467353,1.956309091,-2.044643285,1.012722835,0.821685123,5,4,two_grasp_b
66.134558,0.381971957,-1.098682055,1.959368572,-2.048330229,1.021463365,0.825019157,5,4,two_grasp_b
66.158801,0.380599677,-1.096619340,1.962688677,-2.052831775,1.032725298,0.829738695,5,4,two_grasp_b
66.183043,0.379227397,-1.094556624,1.966008781,-2.057333320,1.043987231,0.834458233,5,4,two_grasp_b
66.207286,0.377609894,-1.093021108,1.968622022,-2.061988083,1.054324445,0.839383533,5,4,two_grasp_b
66.231528,0.375805001,-1.091143022,1.971468132,-2.066856799,1.065752891,0.844745015,5,4,two_grasp_b
66.255770,0.374000107,-1.089264936,1.974314241,-2.071725515,1.077181338,0.850106496,5,4,two_grasp_b
66.280013,0.371893755,-1.086464808,1.977889879,-2.077210300,1.090615365,0.856259335,5,4,two_grasp_b
66.304255,0.370077090,-1.083830049,1.979948085,-2.080192119,1.101188018,0.861231771,5,4,two_grasp_b
66.328498,0.368260425,-1.081195290,1.982006290,-2.083173938,1.111760672,0.866204207,5,4,two_grasp_b
66.352740,0.365923181,-1.077555360,1.985065628,-2.087396835,1.125512558,0.872783123,5,4,two_grasp_b
66.376983,0.364049007,-1.074195305,1.987862034,-2.090797913,1.136720704,0.877964261,5,4,two_grasp_b
66.401225,0.362633838,-1.071112668,1.990397816,-2.093384390,1.145407447,0.881759895,5,4,two_grasp_b
66.425467,0.360418525,-1.067229958,1.993986323,-2.097532788,1.157659716,0.886286455,5,4,two_grasp_b
66.449710,0.358551158,-1.063983326,1.997142446,-2.101283923,1.167885804,0.890003121,5,4,two_grasp_b
66.473952,0.356782967,-1.061011192,2.000172956,-2.104972355,1.177434552,0.893387124,5,4,two_grasp_b
66.498195,0.354134270,-1.057359601,2.004274038,-2.110170495,1.191114569,0.897804399,5,4,two_grasp_b
66.522437,0.351787031,-1.054630051,2.007645591,-2.114752567,1.202789006,0.901430317,5,4,two_grasp_b
66.546680,0.347921095,-1.051128257,2.011567376,-2.120561698,1.220144136,0.906043651,5,4,two_grasp_b
66.570922,0.344055160,-1.047626463,2.015489160,-2.126370830,1.237499266,0.910656985,5,4,two_grasp_b
66.595164,0.340709804,-1.045129841,2.018409811,-2.130938885,1.251675164,0.913663839,5,4,two_grasp_b
66.619407,0.337364448,-1.042633218,2.021330463,-2.135506939,1.265851062,0.916670693,5,4,two_grasp_b
66.643649,0.334019092,-1.040136595,2.024251114,-2.140074993,1.280026960,0.919677547,5,4,two_grasp_b
66.667892,0.330002186,-1.037856252,2.027193067,-2.144362764,1.295554906,0.922606979,5,4,two_grasp_b
66.692134,0.325339299,-1.035319661,2.030606450,-2.149213093,1.313241364,0.925823259,5,4,two_grasp_b
66.716377,0.319322037,-1.032540320,2.034761254,-2.155119731,1.334943975,0.929850973,5,4,two_grasp_b
66.740619,0.313145488,-1.030216402,2.038457198,-2.160387052,1.355708427,0.933504899,5,4,two_grasp_b
66.764861,0.306740453,-1.027910733,2.042314760,-2.165896252,1.377104994,0.937332881,5,4,two_grasp_b
66.789104,0.301213976,-1.026609833,2.045975902,-2.170799121,1.394367207,0.940553398,5,4,two_grasp_b
66.813346,0.294989564,-1.025364679,2.050130722,-2.176440835,1.413560278,0.944305585,5,4,two_grasp_b
66.837589,0.288067219,-1.024175272,2.054779219,-2.182821393,1.434684205,0.948589444,5,4,two_grasp_b
66.861831,0.280551279,-1.023033278,2.059847590,-2.189830339,1.457450325,0.953325489,6,5,two_open_b
66.886073,0.273035340,-1.021891284,2.064915960,-2.196839285,1.480216446,0.958061534,6,5,two_open_b
66.910316,0.264378286,-1.021518032,2.070197833,-2.204941302,1.505055717,0.963458002,6,5,two_open_b
66.934558,0.255214943,-1.021482593,2.075576086,-2.213528027,1.530819449,0.969147076,6,5,two_open_b
66.958801,0.247494187,-1.021757976,2.080105662,-2.220907193,1.552153133,0.973921197,6,5,two_open_b
66.983043,0.236123987,-1.022640694,2.085127347,-2.230621525,1.581401336,0.979467444,6,5,two_open_b
67.007286,0.224982274,-1.023505161,2.089987415,-2.240093977,1.610017425,0.984839635,6,5,two_open_b
67.031528,0.214538495,-1.024313881,2.094353805,-2.248827585,1.636702657,0.989680155,6,5,two_open_b
67.055770,0.203006213,-1.025217845,2.098257064,-2.257321714,1.664144223,0.995160828,6,5,two_open_b
67.080013,0.190854990,-1.026177365,2.101689162,-2.265445107,1.691635799,1.000973642,6,5,two_open_b
67.104255,0.177716337,-1.027306087,2.104866324,-2.273357866,1.719272188,1.007470619,6,5,two_open_b
67.128498,0.163989675,-1.028515370,2.108104829,-2.281425994,1.747573193,1.014390223,6,5,two_open_b
67.152740,0.151654603,-1.029665840,2.109806680,-2.287190401,1.770495898,1.021156634,6,5,two_open_b
67.176983,0.139346450,-1.030850981,2.110711152,-2.291972955,1.791821483,1.028413209,6,5,two_open_b
67.201225,0.126091782,-1.032261795,2.111420200,-2.296845087,1.814458692,1.036524768,6,5,two_open_b
67.225467,0.116128954,-1.033622485,2.110736911,-2.298643914,1.827924704,1.044466982,6,5,two_open_b
67.249710,0.105519813,-1.035192085,2.110050082,-2.300706586,1.842221861,1.052675042,6,5,two_open_b
67.273952,0.093318676,-1.037276271,2.109354533,-2.303419161,1.858566291,1.061537933,6,5,two_open_b
67.298195,0.082832616,-1.039222101,2.108618709,-2.305659937,1.872355702,1.069248733,6,5,two_open_b
67.322437,0.070940559,-1.041538701,2.107489180,-2.308584468,1.889207393,1.076848624,6,5,two_open_b
67.346680,0.060629526,-1.043638686,2.106194714,-2.311091247,1.904272079,1.083312165,6,5,two_open_b
67.370922,0.048262852,-1.046014126,2.104030103,-2.313961346,1.923198115,1.090423175,6,5,two_open_b
67.395164,0.035944264,-1.048631894,2.101997989,-2.317271968,1.942030316,1.096886677,6,5,two_open_b
67.419407,0.024035716,-1.051358096,2.100124330,-2.320829065,1.960302620,1.102593500,6,5,two_open_b
67.443649,0.011116907,-1.054473477,2.097926429,-2.325002303,1.980436118,1.108980008,6,5,two_open_b
67.467892,-0.000404503,-1.057255683,2.096017043,-2.329043292,1.998633185,1.114104252,6,5,two_open_b
67.492134,-0.013281606,-1.060235968,2.093729332,-2.333691391,2.019031141,1.120175849,6,5,two_open_b
67.516377,-0.026002982,-1.062846517,2.091156847,-2.338095322,2.039476190,1.126458265,6,5,two_open_b
67.540619,-0.039590223,-1.065538954,2.088402575,-2.342736444,2.061155732,1.133285823,6,5,two_open_b
67.564861,-0.050950334,-1.067818617,2.085920760,-2.346545922,2.078570984,1.139571308,6,5,two_open_b
67.589104,-0.063424474,-1.070254010,2.083217080,-2.350850279,2.097736479,1.146330570,6,5,two_open_b
67.613346,-0.074368993,-1.072489114,2.081100336,-2.355130823,2.114126252,1.152493514,6,5,two_open_b
67.637589,-0.084438661,-1.074397449,2.079040816,-2.359032361,2.129466061,1.158270084,6,5,two_open_b
67.661831,-0.094223728,-1.076154026,2.076936632,-2.362789685,2.144523651,1.163922825,6,5,two_open_b
67.686073,-0.104849515,-1.077769306,2.074600121,-2.366930354,2.160589531,1.169269180,6,5,two_open_b
67.710316,-0.115475303,-1.079384586,2.072263611,-2.371071023,2.176655411,1.174615535,6,5,two_open_b
67.734558,-0.126412228,-1.080902978,2.069330772,-2.375026871,2.193367547,1.179848964,6,5,two_open_b
67.758801,-0.136271556,-1.082355279,2.066558734,-2.378686450,2.208439526,1.184388401,6,5,two_open_b
67.783043,-0.146014414,-1.083893290,2.063674569,-2.382331763,2.223184224,1.188755774,6,5,two_open_b
67.807286,-0.156082285,-1.085542232,2.060585488,-2.386007349,2.238189446,1.193305128,6,5,two_open_b
67.831528,-0.165856885,-1.087215676,2.057414630,-2.389438551,2.252483807,1.197773514,6,5,two_open_b
67.855770,-0.174541464,-1.088738663,2.054456755,-2.392382201,2.265058326,1.201779614,6,5,two_open_b
67.880013,-0.185472698,-1.090661621,2.050545467,-2.396093596,2.280433304,1.206983119,6,5,two_open_b
67.904255,-0.195973222,-1.092511668,2.046749957,-2.399637316,2.295164549,1.211997515,6,5,two_open_b
67.928498,-0.205384165,-1.094319283,2.042827795,-2.402503909,2.307472399,1.216830638,6,5,two_open_b
67.952740,-0.215233717,-1.096237613,2.038679990,-2.405476291,2.320231646,1.221932642,6,5,two_open_b
67.976983,-0.224214202,-1.098657237,2.034645218,-2.407916582,2.329786100,1.227502022,6,5,two_open_b
68.001225,-0.232836017,-1.100998099,2.030743139,-2.410247407,2.338886344,1.232899744,6,5,two_open_b
68.025467,-0.241008294,-1.103388485,2.026933519,-2.412540587,2.347228038,1.238104937,6,5,two_open_b
68.049710,-0.249349238,-1.106211014,2.022864658,-2.415150587,2.355278865,1.243451142,6,5,two_open_b
68.073952,-0.256869426,-1.108853311,2.019099443,-2.417510094,2.362290310,1.248404537,6,5,two_open_b
68.098195,-0.266073628,-1.112218824,2.014480540,-2.421646027,2.372865772,1.252797278,6,5,two_open_b
68.122437,-0.272732894,-1.115142670,2.010874455,-2.424881712,2.380172147,1.255865759,6,5,two_open_b
68.146680,-0.280399717,-1.119031902,2.006489962,-2.429418444,2.388966493,1.258487917,6,5,two_open_b
68.170922,-0.286358623,-1.122490011,2.002984112,-2.433543237,2.396003125,1.260063066,6,5,two_open_b
68.195164,-0.291878922,-1.125837404,1.999703906,-2.437562241,2.402588359,1.261369333,6,5,two_open_b
68.219407,-0.297479162,-1.128905911,1.996412645,-2.442592840,2.411181962,1.261031824,6,5,two_open_b
68.243649,-0.303079402,-1.131974417,1.993121385,-2.447623439,2.419775565,1.260694316,6,5,two_open_b
68.267892,-0.308308424,-1.134813170,1.990041310,-2.452441191,2.428088336,1.260156525,6,5,two_open_b
68.292134,-0.312548022,-1.137039549,1.987524120,-2.456691629,2.435652591,1.259084912,6,5,two_open_b
68.316377,-0.317554571,-1.140248662,1.983290478,-2.459376677,2.443708387,1.263118306,6,5,two_open_b
68.340619,-0.320853100,-1.142729288,1.979919404,-2.460277973,2.448169764,1.267700864,6,5,two_open_b
68.364861,-0.324151628,-1.145209913,1.976548330,-2.461179268,2.452631141,1.272283421,6,5,two_open_b
68.389104,-0.326442599,-1.146725153,1.973955665,-2.460779517,2.455604548,1.277312302,6,5,two_open_b
68.413346,-0.328733570,-1.148240394,1.971363000,-2.460379766,2.458577954,1.282341182,6,5,two_open_b
68.437589,-0.331024541,-1.149755634,1.968770335,-2.459980015,2.461551360,1.287370063,6,5,two_open_b
68.461831,-0.331878902,-1.150897800,1.966845971,-2.458254779,2.462566618,1.293021754,6,5,two_open_b
68.486073,-0.333154764,-1.152808768,1.963919033,-2.455758748,2.466107295,1.301309616,6,5,two_open_b
68.510316,-0.334430625,-1.154719736,1.960992094,-2.453262717,2.469647971,1.309597478,6,5,two_open_b
68.534558,-0.335706487,-1.156630704,1.958065156,-2.450766685,2.473188647,1.317885340,6,5,two_open_b
68.558801,-0.336215397,-1.157558938,1.956854670,-2.449836043,2.476237782,1.321068196,6,5,two_open_b
68.583043,-0.336724307,-1.158487173,1.955644183,-2.448905401,2.479286917,1.324251052,6,5,two_open_b
68.607286,-0.337233218,-1.159415408,1.954433697,-2.447974759,2.482336052,1.327433908,6,5,two_open_b
68.631528,-0.337742128,-1.160343643,1.953223211,-2.447044116,2.485385187,1.330616764,6,5,two_open_b
68.655770,-0.338251038,-1.161271878,1.952012725,-2.446113474,2.488434322,1.333799620,6,5,two_open_b
68.680013,-0.338133823,-1.162558349,1.950904282,-2.444900966,2.494582115,1.337942092,6,5,two_open_b
68.704255,-0.337929198,-1.163685386,1.950003752,-2.443848305,2.500206192,1.341537879,6,5,two_open_b
68.728498,-0.337303072,-1.164043622,1.950105795,-2.443566440,2.503304851,1.342497495,6,5,two_open_b
68.752740,-0.336676947,-1.164401858,1.950207839,-2.443284574,2.506403509,1.343457111,6,5,two_open_b
68.776983,-0.336050821,-1.164760094,1.950309883,-2.443002708,2.509502168,1.344416728,6,5,two_open_b
68.801225,-0.335424696,-1.165118329,1.950411927,-2.442720843,2.512600826,1.345376344,6,5,two_open_b
68.825467,-0.334073449,-1.165284502,1.950260745,-2.441934463,2.517090262,1.346812681,6,5,two_open_b
68.849710,-0.332296042,-1.165337798,1.949960741,-2.440851575,2.522397071,1.348529191,6,5,two_open_b
68.873952,-0.330518634,-1.165391093,1.949660737,-2.439768687,2.527703880,1.350245702,6,5,two_open_b
68.898195,-0.328741227,-1.165444389,1.949360733,-2.438685799,2.533010689,1.351962213,6,5,two_open_b
68.922437,-0.327589945,-1.165139449,1.948958685,-2.437884777,2.535218840,1.352719107,6,5,two_open_b
68.946680,-0.325793499,-1.165133415,1.948865369,-2.437399205,2.537204262,1.353398501,6,5,two_open_b
68.970922,-0.323207734,-1.165493075,1.949149768,-2.437299567,2.538917190,1.353983077,6,5,two_open_b
68.995164,-0.320621969,-1.165852735,1.949434166,-2.437199928,2.540630118,1.354567654,6,5,two_open_b
69.019407,-0.318036205,-1.166212394,1.949718565,-2.437100290,2.542343046,1.355152230,6,5,two_open_b
69.043649,-0.315450440,-1.166572054,1.950002963,-2.437000652,2.544055974,1.355736806,6,5,two_open_b
69.067892,-0.312179672,-1.167417780,1.950518283,-2.436637585,2.544379923,1.356418887,6,5,two_open_b
69.092134,-0.309335064,-1.168376383,1.951182426,-2.436571027,2.543886499,1.356820795,6,5,two_open_b
69.116377,-0.306490456,-1.169334986,1.951846569,-2.436504468,2.543393075,1.357222703,6,5,two_open_b
69.140619,-0.303645848,-1.170293589,1.952510712,-2.436437910,2.542899650,1.357624610,6,5,two_open_b
69.164861,-0.300412567,-1.171532433,1.953778205,-2.437488126,2.543431085,1.356340509,6,5,two_open_b
69.189104,-0.297373660,-1.172797399,1.955436739,-2.439518143,2.545373895,1.353178450,6,5,two_open_b
69.213346,-0.295124072,-1.173696671,1.956717559,-2.441162227,2.547589198,1.350111210,6,5,two_open_b
69.237589,-0.292874485,-1.174595944,1.957998379,-2.442806310,2.549804502,1.347043969,6,5,two_open_b
69.261831,-0.290624897,-1.175495216,1.959279199,-2.444450393,2.552019806,1.343976728,6,5,two_open_b
69.286073,-0.287909994,-1.176544136,1.960857992,-2.446080830,2.554175513,1.340620111,6,5,two_open_b
69.310316,-0.285712583,-1.177586129,1.963030702,-2.448453028,2.556215096,1.336134143,6,5,two_open_b
69.334558,-0.283515171,-1.178628122,1.965203412,-2.450825227,2.558254679,1.331648175,6,5,two_open_b
69.358801,-0.281317759,-1.179670115,1.967376122,-2.453197426,2.560294261,1.327162207,6,5,two_open_b
69.383043,-0.278907953,-1.180842228,1.969848859,-2.455673426,2.562029438,1.322496169,6,5,two_open_b
69.407286,-0.275812989,-1.182391968,1.973235135,-2.457557457,2.561200727,1.318605736,6,5,two_open_b
69.431528,-0.273168813,-1.183616680,1.975921637,-2.458146237,2.559183370,1.316670761,6,5,two_open_b
69.455770,-0.270524638,-1.184841392,1.978608140,-2.458735016,2.557166013,1.314735786,6,5,two_open_b
69.480013,-0.267094158,-1.186318710,1.981959298,-2.458914411,2.554676705,1.312561979,6,5,two_open_b
69.504255,-0.263195449,-1.187946449,1.985706245,-2.458850026,2.551906359,1.310245951,6,5,two_open_b
69.528498,-0.259762056,-1.189424541,1.989155220,-2.458799287,2.549195610,1.308219301,6,5,two_open_b
69.552740,-0.257162387,-1.190624241,1.992101797,-2.458771778,2.546573669,1.306689859,6,5,two_open_b
69.576983,-0.254096577,-1.191892664,1.995596075,-2.458720920,2.543749810,1.304702134,6,5,two_open_b
69.601225,-0.250564624,-1.193229808,1.999638053,-2.458646713,2.540724033,1.302256126,6,5,two_open_b
69.625467,-0.246894759,-1.194488477,2.003791602,-2.458451157,2.537850921,1.299645788,6,5,two_open_b
69.649710,-0.244298727,-1.195089278,2.006428262,-2.457730796,2.536516837,1.297945854,6,5,two_open_b
69.673952,-0.240315235,-1.196200253,2.010739997,-2.456689090,2.533124726,1.295458693,6,5,two_open_b
69.698195,-0.236331744,-1.197311228,2.015051732,-2.455647384,2.529732614,1.292971532,6,5,two_open_b
69.722437,-0.233134558,-1.198169598,2.018698810,-2.455015063,2.526812454,1.290723204,6,5,two_open_b
69.746680,-0.230179112,-1.198948983,2.022194892,-2.454585657,2.523831970,1.288420898,6,5,two_open_b
69.770922,-0.226498616,-1.199957058,2.026474624,-2.454025429,2.519758689,1.285490506,6,5,two_open_b
69.795164,-0.222151978,-1.201185139,2.031468791,-2.453337332,2.514618130,1.281989945,6,5,two_open_b
69.819407,-0.218100370,-1.202398469,2.036100199,-2.452641709,2.509421589,1.278799439,6,5,two_open_b
69.843649,-0.214514905,-1.203543076,2.040183905,-2.451969436,2.504426967,1.276067217,6,5,two_open_b
69.867892,-0.211245504,-1.204645519,2.043895966,-2.451312824,2.499545767,1.273653386,6,5,two_open_b
69.892134,-0.206150477,-1.206253372,2.049738001,-2.450555700,2.492621697,1.269852963,6,5,two_open_b
69.916377,-0.202442910,-1.207351051,2.053904962,-2.450119921,2.487755654,1.266839766,6,5,two_open_b
69.940619,-0.198735342,-1.208448730,2.058071923,-2.449684142,2.482889611,1.263826570,6,5,two_open_b
69.964861,-0.193390191,-1.209843798,2.063912221,-2.448534620,2.475496277,1.260213215,6,5,two_open_b
69.989104,-0.188186401,-1.211182889,2.069594713,-2.447388861,2.468312928,1.256764861,6,5,two_open_b
70.013346,-0.183707662,-1.212293289,2.074493554,-2.446373923,2.462222376,1.253944591,6,5,two_open_b
70.037589,-0.178079353,-1.213477282,2.079979632,-2.443863332,2.454446873,1.251874729,6,5,two_open_b
70.061831,-0.172622157,-1.214607304,2.085280768,-2.441383615,2.446929270,1.249953094,6,5,two_open_b
70.086073,-0.167164960,-1.215737326,2.090581904,-2.438903898,2.439411667,1.248031460,6,5,two_open_b
70.110316,-0.161415914,-1.216563397,2.095869626,-2.435760597,2.435463520,1.246151440,6,5,two_open_b
70.134558,-0.157411912,-1.216811291,2.099033931,-2.432553366,2.434430818,1.245661869,6,5,two_open_b
70.158801,-0.153407911,-1.217059185,2.102198236,-2.429346135,2.433398116,1.245172297,6,5,two_open_b
70.183043,-0.147789113,-1.217267023,2.106479446,-2.424235823,2.430725291,1.246007402,6,5,two_open_b
70.207286,-0.143807897,-1.217177471,2.109087318,-2.419839255,2.430579757,1.247442665,6,5,two_open_b
70.231528,-0.139911809,-1.217072460,2.111608205,-2.415479789,2.430565600,1.248909127,6,5,two_open_b
70.255770,-0.134505372,-1.217971101,2.116783558,-2.412246008,2.428044812,1.249736312,6,5,two_open_b
70.280013,-0.130973556,-1.218567459,2.120588025,-2.410638702,2.428301770,1.250441175,6,5,two_open_b
70.304255,-0.127441739,-1.219163817,2.124392491,-2.409031396,2.428558728,1.251146038,6,5,two_open_b
70.328498,-0.121790082,-1.220227419,2.129688735,-2.405976312,2.425510400,1.250368890,6,5,two_open_b
70.352740,-0.116464516,-1.221585492,2.134958441,-2.403586696,2.418930935,1.249576137,6,5,two_open_b
70.376983,-0.111219531,-1.223016331,2.140221590,-2.401361524,2.411478896,1.248779526,6,5,two_open_b
70.401225,-0.105646975,-1.224456242,2.145515931,-2.398585215,2.404368639,1.248006418,6,5,two_open_b
70.425467,-0.101225482,-1.225949051,2.149737526,-2.396931754,2.399382359,1.245941904,6,5,two_open_b
70.449710,-0.096340254,-1.227454701,2.154003280,-2.394498062,2.394879933,1.243910662,6,5,two_open_b
70.473952,-0.090991292,-1.228973194,2.158313192,-2.391284137,2.390861360,1.241912691,6,5,two_open_b
70.498195,-0.086688943,-1.229500876,2.160012796,-2.386164295,2.389833273,1.240587267,6,5,two_open_b
70.522437,-0.081937989,-1.230040981,2.161755119,-2.380289676,2.389273253,1.239294028,6,5,two_open_b
70.546680,-0.076471826,-1.230850302,2.163960133,-2.374046235,2.387830578,1.237855000,6,5,two_open_b
70.570922,-0.072368167,-1.231477454,2.165163315,-2.368860028,2.388758542,1.237743606,6,5,two_open_b
70.595164,-0.067507172,-1.232389679,2.166856443,-2.363283275,2.388751861,1.237477835,6,5,two_open_b
70.619407,-0.061888840,-1.233586978,2.169039516,-2.357315977,2.387810533,1.237057688,6,5,two_open_b
70.643649,-0.055840742,-1.235060279,2.171681342,-2.351509271,2.385592778,1.236459661,6,5,two_open_b
70.667892,-0.049499042,-1.236805812,2.174768954,-2.346092251,2.381956524,1.235673988,6,5,two_open_b
70.692134,-0.042908122,-1.238804156,2.178266739,-2.341090358,2.376966233,1.234697160,6,5,two_open_b
70.716377,-0.036433607,-1.240895325,2.181881316,-2.336713165,2.371152950,1.233500291,6,5,two_open_b
70.740619,-0.030075495,-1.243079319,2.185612685,-2.332960674,2.364516673,1.232083382,6,5,two_open_b
70.764861,-0.023818657,-1.245356557,2.189462286,-2.329807428,2.357073190,1.230447519,6,5,two_open_b
70.789104,-0.017929698,-1.247470245,2.193010146,-2.326867473,2.350173223,1.228770675,6,5,two_open_b
70.813346,-0.012450744,-1.249404526,2.196229011,-2.324162531,2.343868763,1.227061438,6,5,two_open_b
70.837589,-0.007381797,-1.251159401,2.199118881,-2.321692604,2.338159810,1.225319809,6,5,two_open_b
70.861831,-0.002870427,-1.252689973,2.201611373,-2.319523771,2.333190455,1.223625141,6,5,two_open_b
70.886073,0.000883606,-1.253935472,2.203613919,-2.317745484,2.329155746,1.222084849,6,5,two_open_b
70.910316,0.003880303,-1.254895898,2.205126521,-2.316357742,2.326055683,1.220698934,6,5,two_open_b
70.934558,0.006164046,-1.255590670,2.206184790,-2.315335106,2.323825801,1.219470903,6,5,two_open_b
70.958801,0.009899901,-1.256051250,2.207695675,-2.312429156,2.321459079,1.219300497,6,5,two_open_b
70.983043,0.013288426,-1.256406163,2.209045609,-2.309678738,2.319431495,1.219316860,6,5,two_open_b
71.007286,0.016329620,-1.256655409,2.210234593,-2.307083851,2.317743050,1.219519993,6,5,two_open_b
71.031528,0.019023483,-1.256798989,2.211262626,-2.304644495,2.316393745,1.219909895,6,5,two_open_b
71.055770,0.021370015,-1.256836901,2.212129708,-2.302360670,2.315383578,1.220486566,6,5,two_open_b
71.080013,0.025174114,-1.256217449,2.213422512,-2.297633543,2.312428523,1.223087500,6,5,two_open_b
71.104255,0.028781898,-1.255290094,2.214517150,-2.292888083,2.309502956,1.226449500,6,5,two_open_b
71.128498,0.032393124,-1.254115608,2.215506191,-2.288034841,2.306411832,1.230465150,6,5,two_open_b
71.152740,0.036007795,-1.252693991,2.216389634,-2.283073816,2.303155149,1.235134450,6,5,two_open_b
71.176983,0.039625908,-1.251025243,2.217167479,-2.278005008,2.299732907,1.240457401,6,5,two_open_b
71.201225,0.041448022,-1.249237890,2.217226160,-2.274867261,2.296621088,1.245563146,6,5,two_open_b
71.225467,0.043273579,-1.247203406,2.217179243,-2.271621732,2.293343710,1.251322541,6,5,two_open_b
71.249710,0.045102580,-1.244921792,2.217026729,-2.268268420,2.289900774,1.257735587,6,5,two_open_b
71.273952,0.046935024,-1.242393046,2.216768616,-2.264807325,2.286292279,1.264802282,6,5,two_open_b
71.298195,0.048770911,-1.239617170,2.216404905,-2.261238448,2.282518226,1.272522628,6,5,two_open_b
71.322437,0.048805344,-1.237145861,2.215348926,-2.260160621,2.280862643,1.279059132,6,5,two_open_b
71.346680,0.048839777,-1.234674552,2.214292946,-2.259082794,2.279207060,1.285595636,6,5,two_open_b
71.370922,0.048874210,-1.232203243,2.213236966,-2.258004967,2.277551477,1.292132139,6,5,two_open_b
71.395164,0.048908643,-1.229731934,2.212180986,-2.256927141,2.275895894,1.298668643,6,5,two_open_b
71.419407,0.048943076,-1.227260625,2.211125006,-2.255849314,2.274240310,1.305205146,6,5,two_open_b
71.443649,0.048977509,-1.224789316,2.210069026,-2.254771487,2.272584727,1.311741650,6,5,two_open_b
71.467892,0.049011942,-1.222318007,2.209013047,-2.253693660,2.270929144,1.318278153,6,5,two_open_b
71.492134,0.049046375,-1.219846698,2.207957067,-2.252615833,2.269273561,1.324814657,6,5,two_open_b
71.516377,0.049080808,-1.217375389,2.206901087,-2.251538006,2.267617978,1.331351160,6,5,two_open_b
71.540619,0.049115241,-1.214904080,2.205845107,-2.250460179,2.265962394,1.337887664,6,5,two_open_b
71.564861,0.049149674,-1.212432771,2.204789127,-2.249382352,2.264306811,1.344424167,6,5,two_open_b
71.589104,0.049184106,-1.209961462,2.203733147,-2.248304526,2.262651228,1.350960671,6,5,two_open_b
71.613346,0.049218539,-1.207490153,2.202677168,-2.247226699,2.260995645,1.357497174,6,5,two_open_b
71.637589,0.049252972,-1.205018844,2.201621188,-2.246148872,2.259340062,1.364033678,6,5,two_open_b
71.661831,0.049287405,-1.202547535,2.200565208,-2.245071045,2.257684478,1.370570181,6,5,two_open_b
71.686073,0.049321838,-1.200076226,2.199509228,-2.243993218,2.256028895,1.377106685,6,5,two_open_b
71.710316,0.049356271,-1.197604918,2.198453248,-2.242915391,2.254373312,1.383643188,6,5,two_open_b
71.734558,0.049390704,-1.195133609,2.197397268,-2.241837564,2.252717729,1.390179692,6,5,two_open_b
71.758801,0.049425137,-1.192662300,2.196341289,-2.240759737,2.251062146,1.396716195,6,5,two_open_b
71.783043,0.049459570,-1.190190991,2.195285309,-2.239681910,2.249406562,1.403252699,6,5,two_open_b
71.807286,0.049494003,-1.187719682,2.194229329,-2.238604084,2.247750979,1.409789202,6,5,two_open_b
71.831528,0.049528436,-1.185248373,2.193173349,-2.237526257,2.246095396,1.416325706,6,5,two_open_b
71.855770,0.049562869,-1.182777064,2.192117369,-2.236448430,2.244439813,1.422862209,6,5,two_open_b
71.880013,0.049597302,-1.180305755,2.191061389,-2.235370603,2.242784229,1.429398713,6,5,two_open_b
71.904255,0.049631735,-1.177834446,2.190005410,-2.234292776,2.241128646,1.435935216,6,5,two_open_b
71.928498,0.049666168,-1.175363137,2.188949430,-2.233214949,2.239473063,1.442471720,6,5,two_open_b
71.952740,0.049700601,-1.172891828,2.187893450,-2.232137122,2.237817480,1.449008223,6,5,two_open_b
71.976983,0.049735034,-1.170420519,2.186837470,-2.231059295,2.236161897,1.455544727,6,5,two_open_b
72.001225,0.049769467,-1.167949210,2.185781490,-2.229981469,2.234506313,1.462081230,6,5,two_open_b
72.025467,0.049803900,-1.165477901,2.184725510,-2.228903642,2.232850730,1.468617734,6,5,two_open_b
72.049710,0.049838333,-1.163006592,2.183669531,-2.227825815,2.231195147,1.475154237,6,5,two_open_b
72.073952,0.049872766,-1.160535283,2.182613551,-2.226747988,2.229539564,1.481690741,6,5,two_open_b
72.098195,0.049907199,-1.158063974,2.181557571,-2.225670161,2.227883981,1.488227244,6,5,two_open_b
72.122437,0.049941632,-1.155592665,2.180501591,-2.224592334,2.226228397,1.494763748,6,5,two_open_b
72.146680,0.049976065,-1.153121356,2.179445611,-2.223514507,2.224572814,1.501300251,6,5,two_open_b
72.170922,0.050010498,-1.150650047,2.178389631,-2.222436680,2.222917231,1.507836755,6,5,two_open_b
72.195164,0.050044931,-1.148178739,2.177333652,-2.221358854,2.221261648,1.514373258,6,5,two_open_b
72.219407,0.050079363,-1.145707430,2.176277672,-2.220281027,2.219606065,1.520909762,6,5,two_open_b
72.243649,0.050113796,-1.143236121,2.175221692,-2.219203200,2.217950481,1.527446265,6,5,two_open_b
72.267892,0.050148229,-1.140764812,2.174165712,-2.218125373,2.216294898,1.533982769,6,5,two_open_b
72.292134,0.050182662,-1.138293503,2.173109732,-2.217047546,2.214639315,1.540519273,6,5,two_open_b
72.316377,0.050217095,-1.135822194,2.172053752,-2.215969719,2.212983732,1.547055776,6,5,two_open_b
72.340619,0.050251528,-1.133350885,2.170997773,-2.214891892,2.211328149,1.553592280,6,5,two_open_b
72.364861,0.050285961,-1.130879576,2.169941793,-2.213814065,2.209672565,1.560128783,6,5,two_open_b
72.389104,0.050320394,-1.128408267,2.168885813,-2.212736239,2.208016982,1.566665287,6,5,two_open_b
72.413346,0.050354827,-1.125936958,2.167829833,-2.211658412,2.206361399,1.573201790,6,5,two_open_b
72.437589,0.050389260,-1.123465649,2.166773853,-2.210580585,2.204705816,1.579738294,6,5,two_open_b
72.461831,0.050423693,-1.120994340,2.165717873,-2.209502758,2.203050233,1.586274797,6,5,two_open_b
72.486073,0.050458126,-1.118523031,2.164661894,-2.208424931,2.201394649,1.592811301,6,5,two_open_b
72.510316,0.050492559,-1.116051722,2.163605914,-2.207347104,2.199739066,1.599347804,6,5,two_open_b
72.534558,0.050526992,-1.113580413,2.162549934,-2.206269277,2.198083483,1.605884308,6,5,two_open_b
72.558801,0.050561425,-1.111109104,2.161493954,-2.205191450,2.196427900,1.612420811,6,5,two_open_b
72.583043,0.050595858,-1.108637795,2.160437974,-2.204113624,2.194772317,1.618957315,6,5,two_open_b
72.607286,0.050630291,-1.106166486,2.159381994,-2.203035797,2.193116733,1.625493818,6,5,two_open_b
72.631528,0.050664724,-1.103695177,2.158326015,-2.201957970,2.191461150,1.632030322,6,5,two_open_b
72.655770,0.050699157,-1.101223869,2.157270035,-2.200880143,2.189805567,1.638566825,6,5,two_open_b
72.680013,0.050733590,-1.098752560,2.156214055,-2.199802316,2.188149984,1.645103329,6,5,two_open_b
72.704255,0.050768023,-1.096281251,2.155158075,-2.198724489,2.186494401,1.651639832,6,5,two_open_b
72.728498,0.050802456,-1.093809942,2.154102095,-2.197646662,2.184838817,1.658176336,6,5,two_open_b
72.752740,0.050836889,-1.091338633,2.153046115,-2.196568835,2.183183234,1.664712839,6,5,two_open_b
72.776983,0.050871322,-1.088867324,2.151990136,-2.195491008,2.181527651,1.671249343,6,5,two_open_b
72.801225,0.050905755,-1.086396015,2.150934156,-2.194413182,2.179872068,1.677785846,6,5,two_open_b
72.825467,0.050940188,-1.083924706,2.149878176,-2.193335355,2.178216485,1.684322350,6,5,two_open_b
72.849710,0.050974620,-1.081453397,2.148822196,-2.192257528,2.176560901,1.690858853,6,5,two_open_b
72.873952,0.051009053,-1.078982088,2.147766216,-2.191179701,2.174905318,1.697395357,6,5,two_open_b
72.898195,0.051043486,-1.076510779,2.146710236,-2.190101874,2.173249735,1.703931860,6,5,two_open_b
72.922437,0.051077919,-1.074039470,2.145654257,-2.189024047,2.171594152,1.710468364,6,5,two_open_b
72.946680,0.051112352,-1.071568161,2.144598277,-2.187946220,2.169938568,1.717004867,6,5,two_open_b
72.970922,0.051146785,-1.069096852,2.143542297,-2.186868393,2.168282985,1.723541371,6,5,two_open_b
72.995164,0.051181218,-1.066625543,2.142486317,-2.185790567,2.166627402,1.730077874,6,5,two_open_b
73.019407,0.051215651,-1.064154234,2.141430337,-2.184712740,2.164971819,1.736614378,6,5,two_open_b
73.043649,0.051250084,-1.061682925,2.140374357,-2.183634913,2.163316236,1.743150881,6,5,two_open_b
73.067892,0.051284517,-1.059211616,2.139318378,-2.182557086,2.161660652,1.749687385,6,5,two_open_b
73.092134,0.051318950,-1.056740307,2.138262398,-2.181479259,2.160005069,1.756223888,6,5,two_open_b
73.116377,0.051353383,-1.054268999,2.137206418,-2.180401432,2.158349486,1.762760392,6,5,two_open_b
73.140619,0.051387816,-1.051797690,2.136150438,-2.179323605,2.156693903,1.769296895,6,5,two_open_b
73.164861,0.051422249,-1.049326381,2.135094458,-2.178245778,2.155038320,1.775833399,6,5,two_open_b
73.189104,0.051456682,-1.046855072,2.134038478,-2.177167952,2.153382736,1.782369902,6,5,two_open_b
73.213346,0.051491115,-1.044383763,2.132982499,-2.176090125,2.151727153,1.788906406,6,5,two_open_b
73.237589,0.051525548,-1.041912454,2.131926519,-2.175012298,2.150071570,1.795442910,6,5,two_open_b
73.261831,0.051559981,-1.039441145,2.130870539,-2.173934471,2.148415987,1.801979413,6,5,two_open_b
73.286073,0.051594414,-1.036969836,2.129814559,-2.172856644,2.146760404,1.808515917,6,5,two_open_b
73.310316,0.051628847,-1.034498527,2.128758579,-2.171778817,2.145104820,1.815052420,6,5,two_open_b
73.334558,0.051663280,-1.032027218,2.127702599,-2.170700990,2.143449237,1.821588924,6,5,two_open_b
73.358801,0.051697713,-1.029555909,2.126646620,-2.169623163,2.141793654,1.828125427,6,5,two_open_b
73.383043,0.051732146,-1.027084600,2.125590640,-2.168545337,2.140138071,1.834661931,6,5,two_open_b
73.407286,0.051766470,-1.024621107,2.124537999,-2.167470918,2.138487723,1.841177762,6,5,two_open_b
73.431528,0.051797350,-1.022404744,2.123590957,-2.166504283,2.137002934,1.847039944,6,5,two_open_b
73.455770,0.051824788,-1.020435512,2.122749513,-2.165645430,2.135683703,1.852248475,6,5,two_open_b
73.480013,0.051870265,-1.018757898,2.121973208,-2.164913418,2.134448713,1.856758978,6,5,two_open_b
73.504255,0.052134627,-1.017787812,2.120883784,-2.164486431,2.132537691,1.860156553,6,5,two_open_b
73.528498,0.052617874,-1.017525254,2.119481240,-2.164364468,2.129950639,1.862441199,6,5,two_open_b
73.552740,0.053320006,-1.017970226,2.117765578,-2.164547530,2.126687556,1.863612918,6,5,two_open_b
73.576983,0.054173297,-1.018982478,2.115864347,-2.164975531,2.123004812,1.863811615,6,5,two_open_b
73.601225,0.055023144,-1.020241860,2.114068715,-2.165511315,2.119487626,1.863356663,6,5,two_open_b
73.625467,0.057067610,-1.024467798,2.112879903,-2.169625152,2.110510343,1.859312985,6,5,two_open_b
73.649710,0.059108742,-1.028933052,2.111793349,-2.173843363,2.101693382,1.854636328,6,5,two_open_b
73.673952,0.061149873,-1.033398306,2.110706795,-2.178061574,2.092876422,1.849959672,6,5,two_open_b
73.698195,0.063023042,-1.038763137,2.110571005,-2.184367187,2.084047954,1.844799137,6,5,two_open_b
73.722437,0.064542480,-1.045862933,2.112356374,-2.194782821,2.075278043,1.838725824,6,5,two_open_b
73.746680,0.065839590,-1.052502331,2.114560460,-2.205001212,2.067349720,1.833111788,6,5,two_open_b
73.770922,0.066914372,-1.058681332,2.117183264,-2.215022362,2.060262986,1.827957030,6,5,two_open_b
73.795164,0.067766825,-1.064399934,2.120224784,-2.224846271,2.054017841,1.823261550,6,5,two_open_b
73.819407,0.071141283,-1.069451855,2.118238821,-2.225204990,2.040144890,1.825769938,6,5,two_open_b
73.843649,0.074515740,-1.074503777,2.116252858,-2.225563710,2.026271939,1.828278325,6,5,two_open_b
73.867892,0.076692136,-1.076836273,2.113765673,-2.222452159,2.018024643,1.833721788,6,5,two_open_b
73.892134,0.078868531,-1.079168770,2.111278487,-2.219340608,2.009777347,1.839165250,6,5,two_open_b
73.916377,0.081044927,-1.081501266,2.108791302,-2.216229057,2.001530051,1.844608712,6,5,two_open_b
73.940619,0.083389286,-1.082934185,2.105353353,-2.211030104,1.993294263,1.850536052,6,5,two_open_b
73.964861,0.086065892,-1.082587653,2.100034704,-2.201702072,1.985081236,1.857420549,6,5,two_open_b
73.989104,0.088742498,-1.082241121,2.094716054,-2.192374040,1.976868210,1.864305046,6,5,two_open_b
74.013346,0.093429571,-1.082445091,2.087191890,-2.180319131,1.962230845,1.873826366,6,5,two_open_b
74.037589,0.098116644,-1.082649061,2.079667725,-2.168264221,1.947593481,1.883347686,6,5,two_open_b
74.061831,0.100127112,-1.083199562,2.077462210,-2.165537344,1.941169143,1.885984508,6,5,two_open_b
74.086073,0.102137579,-1.083750063,2.075256695,-2.162810466,1.934744805,1.888621331,6,5,two_open_b
74.110316,0.104148046,-1.084300565,2.073051180,-2.160083588,1.928320467,1.891258154,6,5,two_open_b
74.134558,0.106158513,-1.084851066,2.070845665,-2.157356710,1.921896130,1.893894977,6,5,two_open_b
74.158801,0.108168980,-1.085401567,2.068640150,-2.154629832,1.915471792,1.896531800,6,5,two_open_b
74.183043,0.110179448,-1.085952068,2.066434635,-2.151902955,1.909047454,1.899168622,6,5,two_open_b
74.207286,0.112189915,-1.086502570,2.064229120,-2.149176077,1.902623116,1.901805445,6,5,two_open_b
74.231528,0.114923687,-1.086735046,2.061272828,-2.147724029,1.895685837,1.906438981,6,5,two_open_b
74.255770,0.115646992,-1.086417021,2.060522051,-2.148998860,1.895172897,1.908435693,6,5,two_open_b
74.280013,0.116370297,-1.086098997,2.059771274,-2.150273690,1.894659956,1.910432406,6,5,two_open_b
74.304255,0.117093602,-1.085780972,2.059020497,-2.151548520,1.894147015,1.912429118,6,5,two_open_b
74.328498,0.117816907,-1.085462947,2.058269719,-2.152823351,1.893634075,1.914425831,6,5,two_open_b
74.352740,0.118540212,-1.085144922,2.057518942,-2.154098181,1.893121134,1.916422544,6,5,two_open_b
74.376983,0.119263517,-1.084826897,2.056768165,-2.155373011,1.892608193,1.918419256,6,5,two_open_b
74.401225,0.116289898,-1.084118193,2.052045040,-2.156060886,1.901999675,1.925608709,6,5,two_open_b
74.425467,0.113316280,-1.083409489,2.047321915,-2.156748760,1.911391158,1.932798162,6,5,two_open_b
74.449710,0.110342661,-1.082700785,2.042598790,-2.157436635,1.920782640,1.939987615,6,5,two_open_b
74.473952,0.106645737,-1.082310105,2.038626442,-2.156849679,1.930687063,1.945180356,6,5,two_open_b
74.498195,0.102948813,-1.081919426,2.034654094,-2.156262724,1.940591486,1.950373096,6,5,two_open_b
74.522437,0.099251890,-1.081528747,2.030681746,-2.155675768,1.950495909,1.955565836,6,5,two_open_b
74.546680,0.095539565,-1.081573465,2.025768806,-2.154956356,1.959414776,1.961293768,6,5,two_open_b
74.570922,0.091814461,-1.081979432,2.020075456,-2.154127045,1.967515926,1.967465749,6,5,two_open_b
74.595164,0.088089357,-1.082385400,2.014382106,-2.153297734,1.975617077,1.973637729,6,5,two_open_b
74.619407,0.084364253,-1.082791368,2.008688756,-2.152468423,1.983718227,1.979809710,6,5,two_open_b
74.643649,0.084336072,-1.083588015,2.006967754,-2.152226068,1.981914954,1.980788950,6,5,two_open_b
74.667892,0.084307892,-1.084384662,2.005246752,-2.151983712,1.980111682,1.981768190,6,5,two_open_b
74.692134,0.084279712,-1.085181310,2.003525749,-2.151741357,1.978308409,1.982747431,6,5,two_open_b
74.716377,0.084251531,-1.085977957,2.001804747,-2.151499002,1.976505136,1.983726671,6,5,two_open_b
74.740619,0.084223351,-1.086774604,2.000083745,-2.151256646,1.974701864,1.984705911,6,5,two_open_b
74.764861,0.084195171,-1.087571251,1.998362743,-2.151014291,1.972898591,1.985685151,6,5,two_open_b
74.789104,0.084182392,-1.087932501,1.997582333,-2.150904392,1.972080874,1.986129200,6,5,two_open_b
74.813346,0.083624343,-1.088609428,1.997428849,-2.151535391,1.974575099,1.986361074,6,5,two_open_b
74.837589,0.082620322,-1.089827331,1.997152707,-2.152670662,1.979062618,1.986778252,6,5,two_open_b
74.861831,0.081616302,-1.091045233,1.996876564,-2.153805932,1.983550136,1.987195431,6,5,two_open_b
74.886073,0.080612281,-1.092263136,1.996600422,-2.154941203,1.988037654,1.987612609,6,5,two_open_b
74.910316,0.079608260,-1.093481039,1.996324280,-2.156076474,1.992525172,1.988029788,6,5,two_open_b
74.934558,0.078604239,-1.094698941,1.996048137,-2.157211744,1.997012691,1.988446967,6,5,two_open_b
74.958801,0.077600218,-1.095916844,1.995771995,-2.158347015,2.001500209,1.988864145,6,5,two_open_b
74.983043,0.076596198,-1.097134746,1.995495852,-2.159482285,2.005987727,1.989281324,6,5,two_open_b
75.007286,0.075338893,-1.099391889,1.995806241,-2.161007380,2.010040234,1.990898876,6,5,two_open_b
75.031528,0.073993637,-1.102009901,1.996320299,-2.162667838,2.013941687,1.992933250,6,5,two_open_b
75.055770,0.073206430,-1.103950986,1.996987841,-2.163697297,2.015348914,1.994735750,6,5,two_open_b
75.080013,0.072865194,-1.105351095,1.997778041,-2.164222485,2.014762848,1.996352945,6,5,two_open_b
75.104255,0.072523959,-1.106751205,1.998568241,-2.164747672,2.014176782,1.997970141,6,5,two_open_b
75.128498,0.072182724,-1.108151314,1.999358442,-2.165272860,2.013590716,1.999587336,6,5,two_open_b
75.152740,0.071339167,-1.109998475,1.999817092,-2.165878166,2.014467798,2.001771173,6,5,two_open_b
75.176983,0.069783098,-1.112479750,1.999805460,-2.166597114,2.017420263,2.004758755,6,5,two_open_b
75.201225,0.068227030,-1.114961025,1.999793828,-2.167316062,2.020372728,2.007746337,6,5,two_open_b
75.225467,0.066670961,-1.117442301,1.999782196,-2.168035010,2.023325194,2.010733920,6,5,two_open_b
75.249710,0.065368176,-1.118884336,1.999184033,-2.168364134,2.026712670,2.012521128,6,5,two_open_b
75.273952,0.064153343,-1.119965502,1.998382201,-2.168557895,2.030251202,2.013891515,6,5,two_open_b
75.298195,0.062938509,-1.121046668,1.997580368,-2.168751656,2.033789733,2.015261902,6,5,two_open_b
75.322437,0.061723676,-1.122127834,1.996778536,-2.168945416,2.037328264,2.016632289,6,5,two_open_b
75.346680,0.060508842,-1.123209000,1.995976704,-2.169139177,2.040866796,2.018002676,6,5,two_open_b
75.370922,0.059294009,-1.124290165,1.995174872,-2.169332937,2.044405327,2.019373063,6,5,two_open_b
75.395164,0.058581497,-1.124924280,1.994704589,-2.169446580,2.046480711,2.020176809,6,5,two_open_b
75.419407,0.058581497,-1.124924280,1.994704589,-2.169446580,2.046480711,2.020176809,6,5,two_open_b
75.443649,0.058581497,-1.124924280,1.994704589,-2.169446580,2.046480711,2.020176809,6,5,two_open_b
75.467892,0.058567556,-1.125340567,1.994827917,-2.170032853,2.046116987,2.020305483,6,5,two_open_b
75.492134,0.058496032,-1.127476261,1.995460630,-2.173040635,2.044250959,2.020965628,6,5,two_open_b
75.516377,0.058424509,-1.129611955,1.996093343,-2.176048418,2.042384930,2.021625772,6,5,two_open_b
75.540619,0.058352986,-1.131747649,1.996726057,-2.179056200,2.040518901,2.022285917,6,5,two_open_b
75.564861,0.058281463,-1.133883343,1.997358770,-2.182063983,2.038652873,2.022946061,6,5,two_open_b
75.589104,0.058209939,-1.136019037,1.997991484,-2.185071765,2.036786844,2.023606206,6,5,two_open_b
75.613346,0.058138416,-1.138154731,1.998624197,-2.188079548,2.034920816,2.024266350,6,5,two_open_b
75.637589,0.058066893,-1.140290425,1.999256910,-2.191087330,2.033054787,2.024926495,6,5,two_open_b
75.661831,0.056682307,-1.142935469,1.997593083,-2.192218863,2.033169888,2.028793612,6,5,two_open_b
75.686073,0.055297721,-1.145580513,1.995929255,-2.193350395,2.033284990,2.032660729,6,5,two_open_b
75.710316,0.053927077,-1.147809270,1.994142100,-2.193895654,2.033763815,2.036399171,6,5,two_open_b
75.734558,0.052614014,-1.148318620,1.991845559,-2.192019404,2.035744945,2.039606144,6,5,two_open_b
75.758801,0.051300952,-1.148827970,1.989549018,-2.190143154,2.037726075,2.042813116,6,5,two_open_b
75.783043,0.049987890,-1.149337319,1.987252478,-2.188266903,2.039707205,2.046020088,6,5,two_open_b
75.807286,0.048674827,-1.149846669,1.984955937,-2.186390653,2.041688335,2.049227061,6,5,two_open_b
75.831528,0.047361765,-1.150356019,1.982659396,-2.184514403,2.043669465,2.052434033,6,5,two_open_b
75.855770,0.046048702,-1.150865368,1.980362855,-2.182638152,2.045650595,2.055641006,6,5,two_open_b
75.880013,0.044735640,-1.151374718,1.978066314,-2.180761902,2.047631725,2.058847978,6,5,two_open_b
75.904255,0.044735640,-1.151374718,1.978066314,-2.180761902,2.047631725,2.058847978,6,5,two_open_b
75.928498,0.044735640,-1.151374718,1.978066314,-2.180761902,2.047631725,2.058847978,6,5,two_open_b
75.952740,0.044735640,-1.151374718,1.978066314,-2.180761902,2.047631725,2.058847978,6,5,two_open_b
75.976983,0.044735640,-1.151374718,1.978066314,-2.180761902,2.047631725,2.058847978,6,5,two_open_b
76.001225,0.044735640,-1.151374718,1.978066314,-2.180761902,2.047631725,2.058847978,6,5,two_open_b
76.025467,0.044735640,-1.151374718,1.978066314,-2.180761902,2.047631725,2.058847978,6,5,two_open_b
76.049710,0.044735640,-1.151374718,1.978066314,-2.180761902,2.047631725,2.058847978,6,5,two_open_b
76.073952,0.044735640,-1.151374718,1.978066314,-2.180761902,2.047631725,2.058847978,6,5,two_open_b
76.098195,0.044735640,-1.151374718,1.978066314,-2.180761902,2.047631725,2.058847978,6,5,two_open_b
76.122437,0.044735640,-1.151374718,1.978066314,-2.180761902,2.047631725,2.058847978,6,5,two_open_b
76.146680,0.044735640,-1.151374718,1.978066314,-2.180761902,2.047631725,2.058847978,6,5,two_open_b
76.170922,0.044735640,-1.151374718,1.978066314,-2.180761902,2.047631725,2.058847978,6,5,two_open_b
76.195164,0.044735640,-1.151374718,1.978066314,-2.180761902,2.047631725,2.058847978,6,5,two_open_b
76.219407,0.044735640,-1.151374718,1.978066314,-2.180761902,2.047631725,2.058847978,6,5,two_open_b
76.243649,0.044735640,-1.151374718,1.978066314,-2.180761902,2.047631725,2.058847978,6,5,two_open_b
76.267892,0.044735640,-1.151374718,1.978066314,-2.180761902,2.047631725,2.058847978,6,5,two_open_b
76.292134,0.044735640,-1.151374718,1.978066314,-2.180761902,2.047631725,2.058847978,6,5,two_open_b
76.316377,0.044735640,-1.151374718,1.978066314,-2.180761902,2.047631725,2.058847978,6,5,two_open_b
76.340619,0.044735640,-1.151374718,1.978066314,-2.180761902,2.047631725,2.058847978,6,5,two_open_b
76.364861,0.044735640,-1.151374718,1.978066314,-2.180761902,2.047631725,2.058847978,6,5,two_open_b
76.389104,0.044735640,-1.151374718,1.978066314,-2.180761902,2.047631725,2.058847978,6,5,two_open_b
76.413346,0.044735640,-1.151374718,1.978066314,-2.180761902,2.047631725,2.058847978,6,5,two_open_b
76.437589,0.044735640,-1.151374718,1.978066314,-2.180761902,2.047631725,2.058847978,6,5,two_open_b
76.461831,0.044735640,-1.151374718,1.978066314,-2.180761902,2.047631725,2.058847978,6,5,two_open_b
76.486073,0.043170611,-1.149054115,1.977449087,-2.180373156,2.058387835,2.061676930,6,5,two_open_b
76.510316,0.041605583,-1.146733513,1.976831860,-2.179984409,2.069143946,2.064505881,6,5,two_open_b
76.534558,0.040040555,-1.144412910,1.976214633,-2.179595663,2.079900056,2.067334833,6,5,two_open_b
76.558801,0.038475526,-1.142092308,1.975597406,-2.179206917,2.090656167,2.070163784,6,5,two_open_b
76.583043,0.036910498,-1.139771705,1.974980179,-2.178818171,2.101412277,2.072992736,6,5,two_open_b
76.607286,0.035345469,-1.137451102,1.974362951,-2.178429424,2.112168387,2.075821688,6,5,two_open_b
76.631528,0.033780441,-1.135130500,1.973745724,-2.178040678,2.122924498,2.078650639,6,5,two_open_b
76.655770,0.032215412,-1.132809897,1.973128497,-2.177651932,2.133680608,2.081479591,6,5,two_open_b
76.680013,0.030650383,-1.130489295,1.972511270,-2.177263185,2.144436719,2.084308542,6,5,two_open_b
76.704255,0.029085355,-1.128168692,1.971894043,-2.176874439,2.155192829,2.087137494,6,5,two_open_b
76.728498,0.029085355,-1.128168692,1.971894043,-2.176874439,2.155192829,2.087137494,6,5,two_open_b
76.752740,0.029085355,-1.128168692,1.971894043,-2.176874439,2.155192829,2.087137494,6,5,two_open_b
76.776983,0.029085355,-1.128168692,1.971894043,-2.176874439,2.155192829,2.087137494,6,5,two_open_b
76.801225,0.029085355,-1.128168692,1.971894043,-2.176874439,2.155192829,2.087137494,6,5,two_open_b
76.825467,0.029085355,-1.128168692,1.971894043,-2.176874439,2.155192829,2.087137494,6,5,two_open_b
76.849710,0.029085355,-1.128168692,1.971894043,-2.176874439,2.155192829,2.087137494,6,5,two_open_b
76.873952,0.029085355,-1.128168692,1.971894043,-2.176874439,2.155192829,2.087137494,6,5,two_open_b
76.898195,0.029085355,-1.128168692,1.971894043,-2.176874439,2.155192829,2.087137494,6,5,two_open_b
76.922437,0.029085355,-1.128168692,1.971894043,-2.176874439,2.155192829,2.087137494,6,5,two_open_b
76.946680,0.029085355,-1.128168692,1.971894043,-2.176874439,2.155192829,2.087137494,6,5,two_open_b
76.970922,0.029085355,-1.128168692,1.971894043,-2.176874439,2.155192829,2.087137494,6,5,two_open_b
76.995164,0.029085355,-1.128168692,1.971894043,-2.176874439,2.155192829,2.087137494,6,5,two_open_b
77.019407,0.030028017,-1.129647354,1.971694955,-2.176046530,2.154003791,2.088890341,6,5,two_open_b
77.043649,0.030970679,-1.131126016,1.971495868,-2.175218621,2.152814753,2.090643189,6,5,two_open_b
77.067892,0.031913341,-1.132604679,1.971296780,-2.174390711,2.151625716,2.092396036,6,5,two_open_b
77.092134,0.032856003,-1.134083341,1.971097692,-2.173562802,2.150436678,2.094148883,6,5,two_open_b
77.116377,0.033798666,-1.135562003,1.970898604,-2.172734893,2.149247640,2.095901730,6,5,two_open_b
77.140619,0.034741328,-1.137040665,1.970699517,-2.171906984,2.148058602,2.097654578,6,5,two_open_b
77.164861,0.035683990,-1.138519327,1.970500429,-2.171079075,2.146869564,2.099407425,6,5,two_open_b
77.189104,0.036626652,-1.139997990,1.970301341,-2.170251165,2.145680527,2.101160272,6,5,two_open_b
77.213346,0.038360761,-1.142391677,1.969599516,-2.169159362,2.145371539,2.103051333,6,5,two_open_b
77.237589,0.040094869,-1.144785364,1.968897690,-2.168067559,2.145062551,2.104942393,6,5,two_open_b
77.261831,0.040886316,-1.145700389,1.968394952,-2.167803665,2.145942601,2.105080606,6,5,two_open_b
77.286073,0.041677763,-1.146615414,1.967892214,-2.167539771,2.146822651,2.105218819,6,5,two_open_b
77.310316,0.042469209,-1.147530440,1.967389476,-2.167275877,2.147702701,2.105357032,6,5,two_open_b
77.334558,0.043260656,-1.148445465,1.966886738,-2.167011983,2.148582751,2.105495245,6,5,two_open_b
77.358801,0.044052103,-1.149360490,1.966384000,-2.166748089,2.149462801,2.105633458,6,5,two_open_b
77.383043,0.044843550,-1.150275515,1.965881262,-2.166484195,2.150342851,2.105771671,6,5,two_open_b
77.407286,0.045634996,-1.151190540,1.965378524,-2.166220301,2.151222901,2.105909884,6,5,two_open_b
77.431528,0.046426443,-1.152105565,1.964875786,-2.165956407,2.152102951,2.106048097,6,5,two_open_b
77.455770,0.046426443,-1.152105565,1.964875786,-2.165956407,2.152102951,2.106048097,6,5,two_open_b
77.480013,0.046426443,-1.152105565,1.964875786,-2.165956407,2.152102951,2.106048097,6,5,two_open_b
77.504255,0.046426443,-1.152105565,1.964875786,-2.165956407,2.152102951,2.106048097,6,5,two_open_b
77.528498,0.046426443,-1.152105565,1.964875786,-2.165956407,2.152102951,2.106048097,6,5,two_open_b
77.552740,0.046426443,-1.152105565,1.964875786,-2.165956407,2.152102951,2.106048097,6,5,two_open_b
77.576983,0.046426443,-1.152105565,1.964875786,-2.165956407,2.152102951,2.106048097,6,5,two_open_b
77.601225,0.046426443,-1.152105565,1.964875786,-2.165956407,2.152102951,2.106048097,6,5,two_open_b
77.625467,0.046426443,-1.152105565,1.964875786,-2.165956407,2.152102951,2.106048097,6,5,two_open_b
77.649710,0.046426443,-1.152105565,1.964875786,-2.165956407,2.152102951,2.106048097,6,5,two_open_b
77.673952,0.046426443,-1.152105565,1.964875786,-2.165956407,2.152102951,2.106048097,6,5,two_open_b
77.698195,0.046426443,-1.152105565,1.964875786,-2.165956407,2.152102951,2.106048097,6,5,two_open_b
77.722437,0.046426443,-1.152105565,1.964875786,-2.165956407,2.152102951,2.106048097,6,5,two_open_b
77.746680,0.046426443,-1.152105565,1.964875786,-2.165956407,2.152102951,2.106048097,6,5,two_open_b
77.770922,0.046426443,-1.152105565,1.964875786,-2.165956407,2.152102951,2.106048097,6,5,two_open_b
77.795164,0.046426443,-1.152105565,1.964875786,-2.165956407,2.152102951,2.106048097,6,5,two_open_b
77.819407,0.046426443,-1.152105565,1.964875786,-2.165956407,2.152102951,2.106048097,6,5,two_open_b
77.843649,0.046426443,-1.152105565,1.964875786,-2.165956407,2.152102951,2.106048097,6,5,two_open_b
77.867892,0.046426443,-1.152105565,1.964875786,-2.165956407,2.152102951,2.106048097,6,5,two_open_b
77.892134,0.046426443,-1.152105565,1.964875786,-2.165956407,2.152102951,2.106048097,6,5,two_open_b
77.916377,0.046426443,-1.152105565,1.964875786,-2.165956407,2.152102951,2.106048097,6,5,two_open_b
77.940619,0.046426443,-1.152105565,1.964875786,-2.165956407,2.152102951,2.106048097,6,5,two_open_b
77.964861,0.046426443,-1.152105565,1.964875786,-2.165956407,2.152102951,2.106048097,6,5,two_open_b
77.989104,0.046426443,-1.152105565,1.964875786,-2.165956407,2.152102951,2.106048097,6,5,two_open_b
78.013346,0.046426443,-1.152105565,1.964875786,-2.165956407,2.152102951,2.106048097,6,5,two_open_b
78.037589,0.046426443,-1.152105565,1.964875786,-2.165956407,2.152102951,2.106048097,6,5,two_open_b
78.061831,0.046426443,-1.152105565,1.964875786,-2.165956407,2.152102951,2.106048097,6,5,two_open_b
78.086073,0.046426443,-1.152105565,1.964875786,-2.165956407,2.152102951,2.106048097,6,5,two_open_b
78.110316,0.046426443,-1.152105565,1.964875786,-2.165956407,2.152102951,2.106048097,6,5,two_open_b
78.134558,0.046426443,-1.152105565,1.964875786,-2.165956407,2.152102951,2.106048097,6,5,two_open_b
78.158801,0.046426443,-1.152105565,1.964875786,-2.165956407,2.152102951,2.106048097,6,5,two_open_b
78.183043,0.046426443,-1.152105565,1.964875786,-2.165956407,2.152102951,2.106048097,6,5,two_open_b
78.207286,0.046509122,-1.152232389,1.964738097,-2.165888837,2.152005413,2.106051512,6,5,two_open_b
78.231528,0.047040536,-1.153047537,1.963853112,-2.165454538,2.151378495,2.106073461,6,5,two_open_b
78.255770,0.047800355,-1.154213043,1.962587755,-2.164833574,2.150482122,2.106104845,6,5,two_open_b
78.280013,0.048560174,-1.155378548,1.961322397,-2.164212609,2.149585750,2.106136228,6,5,two_open_b
78.304255,0.049319993,-1.156544054,1.960057039,-2.163591645,2.148689377,2.106167612,6,5,two_open_b
78.328498,0.050079812,-1.157709560,1.958791681,-2.162970681,2.147793005,2.106198995,6,5,two_open_b
78.352740,0.050839631,-1.158875065,1.957526323,-2.162349717,2.146896632,2.106230379,6,5,two_open_b
78.376983,0.051599450,-1.160040571,1.956260966,-2.161728752,2.146000260,2.106261762,6,5,two_open_b
78.401225,0.052359269,-1.161206076,1.954995608,-2.161107788,2.145103887,2.106293146,6,5,two_open_b
78.425467,0.053865520,-1.164078701,1.952859322,-2.159944282,2.141010325,2.105432497,6,5,two_open_b
78.449710,0.055307486,-1.166866572,1.950839262,-2.158834975,2.136935511,2.104546450,6,5,two_open_b
78.473952,0.056300717,-1.168966117,1.949566498,-2.158092398,2.133390077,2.103641869,6,5,two_open_b
78.498195,0.057065543,-1.170715306,1.948674107,-2.157536486,2.130114098,2.102727853,6,5,two_open_b
78.522437,0.057830369,-1.172464494,1.947781716,-2.156980575,2.126838119,2.101813838,6,5,two_open_b
78.546680,0.059164292,-1.176085560,1.947012938,-2.157954551,2.121995989,2.099466322,6,5,two_open_b
78.570922,0.060498216,-1.179706625,1.946244161,-2.158928527,2.117153859,2.097118807,6,5,two_open_b
78.595164,0.061832139,-1.183327691,1.945475383,-2.159902503,2.112311729,2.094771291,6,5,two_open_b
78.619407,0.063166063,-1.186948756,1.944706606,-2.160876480,2.107469599,2.092423775,6,5,two_open_b
78.643649,0.064216809,-1.191378433,1.943578231,-2.162096545,2.103836772,2.089416207,6,5,two_open_b
78.667892,0.064350154,-1.194589194,1.943103676,-2.164007730,2.104131257,2.086902162,6,5,two_open_b
78.692134,0.064465104,-1.197757886,1.942650584,-2.165932285,2.104504532,2.084410099,6,5,two_open_b
78.716377,0.064580055,-1.200926578,1.942197491,-2.167856840,2.104877807,2.081918036,6,5,two_open_b
78.740619,0.064695005,-1.204095270,1.941744399,-2.169781395,2.105251082,2.079425973,6,5,two_open_b
78.764861,0.064881558,-1.208541668,1.941033699,-2.171907416,2.106920214,2.077000146,6,5,two_open_b
78.789104,0.064499014,-1.211116189,1.940199385,-2.172503550,2.110155496,2.076007819,6,5,two_open_b
78.813346,0.064116470,-1.213690709,1.939365071,-2.173099683,2.113390779,2.075015492,6,5,two_open_b
78.837589,0.063733925,-1.216265230,1.938530758,-2.173695816,2.116626061,2.074023165,6,5,two_open_b
78.861831,0.063351381,-1.218839751,1.937696444,-2.174291949,2.119861343,2.073030838,6,5,two_open_b
78.886073,0.063252014,-1.220605660,1.937221727,-2.174641993,2.121887323,2.072698564,6,5,two_open_b
78.910316,0.063323617,-1.221883366,1.936964119,-2.174843460,2.123183180,2.072764800,6,5,two_open_b
78.934558,0.063395220,-1.223161071,1.936706512,-2.175044926,2.124479037,2.072831035,6,5,two_open_b
78.958801,0.063466823,-1.224438776,1.936448904,-2.175246393,2.125774893,2.072897271,6,5,two_open_b
78.983043,0.063538426,-1.225716482,1.936191296,-2.175447859,2.127070750,2.072963507,6,5,two_open_b
79.007286,0.063538426,-1.225716482,1.936191296,-2.175447859,2.127070750,2.072963507,6,5,two_open_b
79.031528,0.063538426,-1.225716482,1.936191296,-2.175447859,2.127070750,2.072963507,6,5,two_open_b
79.055770,0.064371480,-1.226214944,1.936670571,-2.172127595,2.124977637,2.074381904,6,5,two_open_b
79.080013,0.065204533,-1.226713406,1.937149845,-2.168807332,2.122884525,2.075800302,6,5,two_open_b
79.104255,0.066037587,-1.227211869,1.937629120,-2.165487068,2.120791413,2.077218699,6,5,two_open_b
79.128498,0.066870640,-1.227710331,1.938108394,-2.162166805,2.118698300,2.078637096,6,5,two_open_b
79.152740,0.067703694,-1.228208793,1.938587669,-2.158846541,2.116605188,2.080055493,6,5,two_open_b
79.176983,0.068536748,-1.228707255,1.939066944,-2.155526277,2.114512075,2.081473891,6,5,two_open_b
79.201225,0.069369801,-1.229205717,1.939546218,-2.152206014,2.112418963,2.082892288,6,5,two_open_b
79.225467,0.070202855,-1.229704180,1.940025493,-2.148885750,2.110325850,2.084310685,6,5,two_open_b
79.249710,0.071035908,-1.230202642,1.940504767,-2.145565487,2.108232738,2.085729083,6,5,two_open_b
79.273952,0.071868962,-1.230701104,1.940984042,-2.142245223,2.106139625,2.087147480,6,5,two_open_b
79.298195,0.071868962,-1.230701104,1.940984042,-2.142245223,2.106139625,2.087147480,6,5,two_open_b
79.322437,0.072163603,-1.229565384,1.942001278,-2.140804013,2.107790666,2.087646880,6,5,two_open_b
79.346680,0.072458244,-1.228429663,1.943018513,-2.139362803,2.109441707,2.088146279,6,5,two_open_b
79.370922,0.072752885,-1.227293943,1.944035749,-2.137921592,2.111092749,2.088645679,6,5,two_open_b
79.395164,0.073047526,-1.226158222,1.945052984,-2.136480382,2.112743790,2.089145079,6,5,two_open_b
79.419407,0.073342167,-1.225022502,1.946070220,-2.135039172,2.114394831,2.089644479,6,5,two_open_b
79.443649,0.073636809,-1.223886781,1.947087455,-2.133597962,2.116045872,2.090143878,6,5,two_open_b
79.467892,0.073931450,-1.222751061,1.948104691,-2.132156752,2.117696913,2.090643278,6,5,two_open_b
79.492134,0.074226091,-1.221615340,1.949121926,-2.130715541,2.119347955,2.091142678,6,5,two_open_b
79.516377,0.074520732,-1.220479620,1.950139162,-2.129274331,2.120998996,2.091642077,6,5,two_open_b
79.540619,0.074815373,-1.219343899,1.951156397,-2.127833121,2.122650037,2.092141477,6,5,two_open_b
79.564861,0.074815373,-1.219343899,1.951156397,-2.127833121,2.122650037,2.092141477,6,5,two_open_b
79.589104,0.074815373,-1.219343899,1.951156397,-2.127833121,2.122650037,2.092141477,6,5,two_open_b
79.613346,0.074815373,-1.219343899,1.951156397,-2.127833121,2.122650037,2.092141477,6,5,two_open_b
79.637589,0.075565455,-1.218242935,1.951610157,-2.128317186,2.123551101,2.090875002,6,5,two_open_b
79.661831,0.076315537,-1.217141971,1.952063916,-2.128801251,2.124452164,2.089608526,6,5,two_open_b
79.686073,0.077065619,-1.216041006,1.952517676,-2.129285316,2.125353228,2.088342051,6,5,two_open_b
79.710316,0.077815701,-1.214940042,1.952971435,-2.129769381,2.126254291,2.087075575,6,5,two_open_b
79.734558,0.078565783,-1.213839078,1.953425195,-2.130253447,2.127155355,2.085809100,6,5,two_open_b
79.758801,0.079315865,-1.212738114,1.953878954,-2.130737512,2.128056418,2.084542624,6,5,two_open_b
79.783043,0.080065947,-1.211637150,1.954332714,-2.131221577,2.128957482,2.083276148,6,5,two_open_b
79.807286,0.080816029,-1.210536185,1.954786473,-2.131705642,2.129858545,2.082009673,6,5,two_open_b
79.831528,0.081566111,-1.209435221,1.955240233,-2.132189707,2.130759609,2.080743197,6,5,two_open_b
79.855770,0.082316193,-1.208334257,1.955693992,-2.132673772,2.131660672,2.079476722,6,5,two_open_b
79.880013,0.082316193,-1.208334257,1.955693992,-2.132673772,2.131660672,2.079476722,6,5,two_open_b
79.904255,0.082316193,-1.208334257,1.955693992,-2.132673772,2.131660672,2.079476722,6,5,two_open_b
79.928498,0.082316193,-1.208334257,1.955693992,-2.132673772,2.131660672,2.079476722,6,5,two_open_b
79.952740,0.082316193,-1.208334257,1.955693992,-2.132673772,2.131660672,2.079476722,6,5,two_open_b
79.976983,0.082316193,-1.208334257,1.955693992,-2.132673772,2.131660672,2.079476722,6,5,two_open_b
80.001225,0.082316193,-1.208334257,1.955693992,-2.132673772,2.131660672,2.079476722,6,5,two_open_b
80.025467,0.082316193,-1.208334257,1.955693992,-2.132673772,2.131660672,2.079476722,6,5,two_open_b
80.049710,0.082676821,-1.208087295,1.955747033,-2.132991412,2.131169075,2.079002571,6,5,two_open_b
80.073952,0.083759224,-1.207346052,1.955906233,-2.133944789,2.129693576,2.077579433,6,5,two_open_b
80.098195,0.084841627,-1.206604809,1.956065434,-2.134898167,2.128218078,2.076156296,6,5,two_open_b
80.122437,0.085924030,-1.205863566,1.956224634,-2.135851544,2.126742579,2.074733158,6,5,two_open_b
80.146680,0.087006433,-1.205122323,1.956383834,-2.136804922,2.125267080,2.073310021,6,5,two_open_b
80.170922,0.088088836,-1.204381080,1.956543034,-2.137758299,2.123791581,2.071886884,6,5,two_open_b
80.195164,0.089171239,-1.203639837,1.956702234,-2.138711676,2.122316082,2.070463746,6,5,two_open_b
80.219407,0.090253643,-1.202898594,1.956861435,-2.139665054,2.120840584,2.069040609,6,5,two_open_b
80.243649,0.091336046,-1.202157351,1.957020635,-2.140618431,2.119365085,2.067617471,6,5,two_open_b
80.267892,0.092418449,-1.201416109,1.957179835,-2.141571809,2.117889586,2.066194334,6,5,two_open_b
80.292134,0.093140224,-1.200921828,1.957285994,-2.142207546,2.116905684,2.065245348,6,5,two_open_b
80.316377,0.093140224,-1.200921828,1.957285994,-2.142207546,2.116905684,2.065245348,6,5,two_open_b
80.340619,0.093140224,-1.200921828,1.957285994,-2.142207546,2.116905684,2.065245348,6,5,two_open_b
80.364861,0.093140224,-1.200921828,1.957285994,-2.142207546,2.116905684,2.065245348,6,5,two_open_b
80.389104,0.093140224,-1.200921828,1.957285994,-2.142207546,2.116905684,2.065245348,6,5,two_open_b
80.413346,0.091661362,-1.199596196,1.958304577,-2.143473391,2.120146700,2.064076981,6,5,two_open_b
80.437589,0.090182501,-1.198270563,1.959323159,-2.144739237,2.123387716,2.062908614,6,5,two_open_b
80.461831,0.088703639,-1.196944931,1.960341742,-2.146005082,2.126628732,2.061740247,6,5,two_open_b
80.486073,0.087224778,-1.195619299,1.961360325,-2.147270927,2.129869748,2.060571880,6,5,two_open_b
80.510316,0.085745916,-1.194293666,1.962378907,-2.148536772,2.133110763,2.059403513,6,5,two_open_b
80.534558,0.084267054,-1.192968034,1.963397490,-2.149802618,2.136351779,2.058235146,6,5,two_open_b
80.558801,0.082681286,-1.191517835,1.964470627,-2.150994345,2.139687525,2.057033337,6,5,two_open_b
80.583043,0.080140153,-1.188954458,1.966031277,-2.151523721,2.143869816,2.055532674,6,5,two_open_b
80.607286,0.077599020,-1.186391080,1.967591927,-2.152053098,2.148052107,2.054032010,6,5,two_open_b
80.631528,0.075057887,-1.183827702,1.969152577,-2.152582474,2.152234398,2.052531347,6,5,two_open_b
80.655770,0.073995616,-1.182589957,1.969694645,-2.151846005,2.153175673,2.052199051,6,5,two_open_b
80.680013,0.072615785,-1.180967429,1.970255203,-2.150894217,2.154727849,2.051913674,6,5,two_open_b
80.704255,0.070056193,-1.177915400,1.970884452,-2.149142501,2.158549575,2.051802606,6,5,two_open_b
80.728498,0.067496601,-1.174863371,1.971513702,-2.147390785,2.162371300,2.051691538,6,5,two_open_b
80.752740,0.064937009,-1.171811342,1.972142951,-2.145639069,2.166193026,2.051580471,6,5,two_open_b
80.776983,0.062819279,-1.168736899,1.973611225,-2.144344520,2.168220913,2.050845184,6,5,two_open_b
80.801225,0.061423860,-1.165755805,1.976193501,-2.143760810,2.167655688,2.049273953,6,5,two_open_b
80.825467,0.061599212,-1.163856673,1.979456820,-2.144476172,2.163745535,2.047132190,6,5,two_open_b
80.849710,0.061878722,-1.161952257,1.982917917,-2.145299299,2.159412530,2.044843284,6,5,two_open_b
80.873952,0.062158231,-1.160047842,1.986379014,-2.146122426,2.155079526,2.042554378,6,5,two_open_b
80.898195,0.063364177,-1.158154153,1.991129419,-2.147645324,2.147657003,2.039066002,6,5,two_open_b
80.922437,0.066753076,-1.156666846,1.998457370,-2.150792539,2.133402790,2.033115560,6,5,two_open_b
80.946680,0.071321735,-1.156609040,2.005716630,-2.154739682,2.116879028,2.026990809,6,5,two_open_b
80.970922,0.075890395,-1.156551234,2.012975889,-2.158686825,2.100355265,2.020866057,6,5,two_open_b
80.995164,0.080459054,-1.156493428,2.020235149,-2.162633967,2.083831503,2.014741306,6,5,two_open_b
81.019407,0.084585852,-1.156458036,2.026655384,-2.166123944,2.069101579,2.009240774,6,5,two_open_b
81.043649,0.086817847,-1.155068978,2.034271796,-2.171175098,2.061021146,2.002961674,6,5,two_open_b
81.067892,0.088434435,-1.153711138,2.040719650,-2.175589531,2.055439096,1.997551960,6,5,two_open_b
81.092134,0.089236091,-1.151790229,2.047346022,-2.180397176,2.052310518,1.991982349,6,5,two_open_b
81.116377,0.088692224,-1.148793410,2.054684735,-2.186153185,2.053025972,1.985831500,6,5,two_open_b
81.140619,0.087221921,-1.145785863,2.060734141,-2.191209424,2.056830946,1.980880120,6,5,two_open_b
81.164861,0.079471282,-1.139344578,2.059622228,-2.190837637,2.081929591,1.983940415,6,5,two_open_b
81.189104,0.071720642,-1.132903293,2.058510314,-2.190465851,2.107028236,1.987000710,6,5,two_open_b
81.213346,0.063970002,-1.126462008,2.057398400,-2.190094064,2.132126882,1.990061004,6,5,two_open_b
81.237589,0.053875471,-1.115520090,2.052711161,-2.183860819,2.167503347,2.000795287,6,5,two_open_b
81.261831,0.043780941,-1.104578172,2.048023922,-2.177627573,2.202879812,2.011529570,6,5,two_open_b
81.286073,0.034965809,-1.095021137,2.040971951,-2.169196429,2.234105169,2.023911807,6,5,two_open_b
81.310316,0.026887254,-1.083309431,2.033635318,-2.157646983,2.264496833,2.041281501,6,5,two_open_b
81.334558,0.019519476,-1.072166077,2.025922389,-2.145596561,2.292857875,2.058958235,6,5,two_open_b
81.358801,0.013497219,-1.062098634,2.017497119,-2.132597774,2.317374885,2.077216208,6,5,two_open_b
81.383043,0.007459983,-1.049456636,2.008473305,-2.117603115,2.343829334,2.096640433,6,5,two_open_b
81.407286,0.005837691,-1.040226777,2.004014774,-2.106627482,2.355210898,2.110468131,6,5,two_open_b
81.431528,0.004349942,-1.030630730,1.999286763,-2.094747498,2.366374030,2.124199151,6,5,two_open_b
81.455770,0.003707402,-1.018734243,1.992865845,-2.077186273,2.376164941,2.137322834,6,5,two_open_b
81.480013,0.005408752,-1.011338388,1.990020253,-2.065486508,2.375678032,2.142772529,6,5,two_open_b
81.504255,0.007110102,-1.003942534,1.987174661,-2.053786742,2.375191123,2.148222224,6,5,two_open_b
81.528498,0.008635021,-0.995031569,1.984969045,-2.045637142,2.379703736,2.158253836,6,5,two_open_b
81.552740,0.009423363,-0.988275276,1.983048090,-2.040605844,2.385050042,2.163297990,6,5,two_open_b
81.576983,0.010211704,-0.981518982,1.981127136,-2.035574545,2.390396348,2.168342145,6,5,two_open_b
81.601225,0.011865356,-0.973122866,1.978394592,-2.029569850,2.396563329,2.175576577,6,5,two_open_b
81.625467,0.013533986,-0.967301305,1.976260591,-2.025561027,2.400792873,2.181644757,6,5,two_open_b
81.649710,0.015202617,-0.961479743,1.974126591,-2.021552205,2.405022416,2.187712937,6,5,two_open_b
81.673952,0.017431118,-0.954700488,1.971574832,-2.018581206,2.410619724,2.194275815,6,5,two_open_b
81.698195,0.018814410,-0.950221673,1.970715979,-2.021291448,2.417589253,2.201446032,6,5,two_open_b
81.722437,0.021331970,-0.945319723,1.969482040,-2.025129750,2.424205999,2.208442692,6,5,two_open_b
81.746680,0.024100870,-0.940324013,1.968164986,-2.029218016,2.430744573,2.215400895,6,5,two_open_b
81.770922,0.027046202,-0.936843414,1.966207956,-2.029756116,2.432283625,2.217777180,6,5,two_open_b
81.795164,0.029991533,-0.933362814,1.964250926,-2.030294216,2.433822677,2.220153466,6,5,two_open_b
81.819407,0.033887591,-0.929107843,1.961511821,-2.029983586,2.434916528,2.224069505,6,5,two_open_b
81.843649,0.037179961,-0.926279601,1.959369094,-2.030412796,2.435067192,2.226218978,6,5,two_open_b
81.867892,0.041597303,-0.922557280,1.956181240,-2.029718939,2.434736399,2.230116076,6,5,two_open_b
81.892134,0.046094116,-0.918771799,1.952919554,-2.028945746,2.434371595,2.234136631,6,5,two_open_b
81.916377,0.052353128,-0.918538133,1.951324787,-2.034518525,2.426012495,2.229600997,6,5,two_open_b
81.940619,0.058612141,-0.918304467,1.949730021,-2.040091304,2.417653395,2.225065362,6,5,two_open_b
81.964861,0.063736885,-0.918493935,1.948510341,-2.044536023,2.409647078,2.220703283,6,5,two_open_b
81.989104,0.069581997,-0.919099890,1.947572695,-2.050058416,2.399615238,2.214502747,6,5,two_open_b
82.013346,0.076981570,-0.920222118,1.946953263,-2.057704657,2.386218077,2.205299673,6,5,two_open_b
82.037589,0.084381142,-0.921344346,1.946333831,-2.065350898,2.372820917,2.196096599,6,5,two_open_b
82.061831,0.091384090,-0.923012603,1.945972059,-2.073753336,2.359546995,2.185149049,6,5,two_open_b
82.086073,0.098859511,-0.924591435,1.945130735,-2.082266734,2.345969037,2.173506563,6,5,two_open_b
82.110316,0.105930597,-0.926395002,1.943639506,-2.090312064,2.332593030,2.161237643,6,5,two_open_b
82.134558,0.113228452,-0.927977285,1.941501787,-2.097760562,2.319132254,2.149321725,6,5,two_open_b
82.158801,0.118069696,-0.927331636,1.938384388,-2.098729615,2.312516443,2.145563976,6,5,two_open_b
82.183043,0.123955884,-0.927291235,1.934608407,-2.102088843,2.303735021,2.139637824,6,5,two_open_b
82.207286,0.129968891,-0.927324289,1.930752497,-2.105738153,2.294690771,2.133448507,6,5,two_open_b
82.231528,0.135468394,-0.927135014,1.926141280,-2.108602948,2.287372545,2.128919530,6,5,two_open_b
82.255770,0.139851767,-0.926525510,1.920679592,-2.109863462,2.283058347,2.127185910,6,5,two_open_b
82.280013,0.144235140,-0.925916006,1.915217903,-2.111123976,2.278744150,2.125452289,6,5,two_open_b
82.304255,0.148412235,-0.925414033,1.908685939,-2.112615852,2.276524243,2.123411433,6,5,two_open_b
82.328498,0.151855233,-0.925214577,1.902848740,-2.114230320,2.274730884,2.121641801,6,5,two_open_b
82.352740,0.154827165,-0.925838770,1.897900496,-2.117814079,2.273925222,2.118625506,6,5,two_open_b
82.376983,0.157709805,-0.926881545,1.892971848,-2.122402733,2.273853968,2.115023679,6,5,two_open_b
82.401225,0.160592445,-0.927924320,1.888043201,-2.126991388,2.273782713,2.111421852,6,5,two_open_b
82.425467,0.163141755,-0.929042926,1.882540006,-2.130066843,2.275201524,2.109034964,6,5,two_open_b
82.449710,0.165564245,-0.930088077,1.877116739,-2.132852217,2.276883161,2.106911243,6,5,two_open_b
82.473952,0.167929966,-0.931676864,1.871886365,-2.136441957,2.278105116,2.104305810,6,5,two_open_b
82.498195,0.170248179,-0.933796617,1.866834360,-2.140823998,2.278873142,2.101227732,6,5,two_open_b
82.522437,0.172566392,-0.935916370,1.861782356,-2.145206040,2.279641168,2.098149654,6,5,two_open_b
82.546680,0.174859455,-0.938623081,1.857184912,-2.149770381,2.278702010,2.095490966,6,5,two_open_b
82.570922,0.177296337,-0.941537557,1.852079301,-2.154477851,2.277791886,2.092791018,6,5,two_open_b
82.595164,0.179483649,-0.944297729,1.847779769,-2.158807169,2.276173572,2.090216543,6,5,two_open_b
82.619407,0.181843089,-0.947490599,1.842617414,-2.161856167,2.274710946,2.089495406,6,5,two_open_b
82.643649,0.184249747,-0.950752260,1.837265309,-2.164789680,2.273341925,2.088985951,6,5,two_open_b
82.667892,0.185944791,-0.953332841,1.833146334,-2.166846218,2.272648452,2.089429959,6,5,two_open_b
82.692134,0.187639834,-0.955913423,1.829027358,-2.168902755,2.271954979,2.089873966,6,5,two_open_b
82.716377,0.189352892,-0.958369045,1.823826517,-2.168980591,2.271925640,2.091340483,6,5,two_open_b
82.740619,0.190792205,-0.960342545,1.818576127,-2.167570371,2.272663170,2.093577325,6,5,two_open_b
82.764861,0.192231519,-0.962316046,1.813325737,-2.166160151,2.273400701,2.095814167,6,5,two_open_b
82.789104,0.193348159,-0.963823400,1.809215477,-2.164428804,2.274073088,2.098143577,6,5,two_open_b
82.813346,0.194430657,-0.965497377,1.805216685,-2.162572377,2.274539529,2.100686508,6,5,two_open_b
82.837589,0.195776076,-0.968068843,1.800266925,-2.160759216,2.274581877,2.103642386,6,5,two_open_b
82.861831,0.196732418,-0.970073474,1.796880711,-2.159897647,2.273852909,2.104853999,6,5,two_open_b
82.886073,0.197641542,-0.972009313,1.793684248,-2.159151562,2.273030335,2.105853930,6,5,two_open_b
82.910316,0.198431794,-0.974398973,1.787462966,-2.154813998,2.274208058,2.110031772,6,5,two_open_b
82.934558,0.199222046,-0.976788633,1.781241684,-2.150476434,2.275385782,2.114209613,6,5,two_open_b
82.958801,0.199592851,-0.978659218,1.776465764,-2.146770084,2.276736725,2.118063232,6,5,two_open_b
82.983043,0.199846578,-0.980384917,1.772093280,-2.143239920,2.278136019,2.121826352,6,5,two_open_b
83.007286,0.200100304,-0.982110615,1.767720796,-2.139709756,2.279535313,2.125589473,6,5,two_open_b
83.031528,0.200354031,-0.983836314,1.763348312,-2.136179592,2.280934607,2.129352593,6,5,two_open_b
83.055770,0.200491157,-0.985533513,1.758401270,-2.131497433,2.282903688,2.134101394,6,5,two_open_b
83.080013,0.200357425,-0.986729838,1.753291505,-2.125471762,2.285747356,2.139765007,6,5,two_open_b
83.104255,0.200223692,-0.987926163,1.748181739,-2.119446092,2.288591024,2.145428621,6,5,two_open_b
83.128498,0.200089960,-0.989122487,1.743071973,-2.113420421,2.291434692,2.151092234,6,5,two_open_b
83.152740,0.200075098,-0.989864992,1.740987025,-2.110986229,2.292278062,2.153577936,6,5,two_open_b
83.176983,0.200006196,-0.991084276,1.738509233,-2.108766436,2.293501203,2.156513747,6,5,two_open_b
83.201225,0.199828318,-0.993265010,1.735239250,-2.106978989,2.295490172,2.160357223,6,5,two_open_b
83.225467,0.199650440,-0.995445744,1.731969266,-2.105191543,2.297479140,2.164200700,6,5,two_open_b
83.249710,0.199472562,-0.997626478,1.728699283,-2.103404096,2.299468109,2.168044176,6,5,two_open_b
83.273952,0.199294683,-0.999807212,1.725429299,-2.101616650,2.301457077,2.171887653,6,5,two_open_b
83.298195,0.199123728,-1.001642056,1.723130570,-2.100963150,2.303053169,2.174573187,6,5,two_open_b
83.322437,0.198738372,-1.003450018,1.719653039,-2.099086647,2.305931142,2.179379591,6,5,two_open_b
83.346680,0.198353016,-1.005257979,1.716175507,-2.097210145,2.308809114,2.184185996,6,5,two_open_b
83.370922,0.197967660,-1.007065940,1.712697975,-2.095333642,2.311687087,2.188992400,6,5,two_open_b
83.395164,0.197582304,-1.008873901,1.709220443,-2.093457139,2.314565059,2.193798805,6,5,two_open_b
83.419407,0.197250989,-1.010205083,1.706135756,-2.091366237,2.317063261,2.198155101,6,5,two_open_b
83.443649,0.197028649,-1.010574814,1.703843259,-2.088842989,2.318795635,2.201603731,6,5,two_open_b
83.467892,0.196406375,-1.011926540,1.699841410,-2.084534624,2.319376050,2.206992157,6,5,two_open_b
83.492134,0.195784100,-1.013278266,1.695839561,-2.080226259,2.319956465,2.212380584,6,5,two_open_b
83.516377,0.195161825,-1.014629992,1.691837712,-2.075917894,2.320536879,2.217769010,6,5,two_open_b
83.540619,0.194539550,-1.015981718,1.687835863,-2.071609529,2.321117294,2.223157436,6,5,two_open_b
83.564861,0.194139615,-1.016963713,1.686126509,-2.069824413,2.319965334,2.225097232,6,5,two_open_b
83.589104,0.193739680,-1.017945708,1.684417156,-2.068039296,2.318813375,2.227037028,6,5,two_open_b
83.613346,0.193339744,-1.018927702,1.682707803,-2.066254179,2.317661415,2.228976824,6,5,two_open_b
83.637589,0.192907022,-1.019978519,1.680917315,-2.064309645,2.316431076,2.231075708,6,5,two_open_b
83.661831,0.192091400,-1.021833069,1.678179304,-2.060503386,2.314285383,2.235032470,6,5,two_open_b
83.686073,0.191275778,-1.023687618,1.675441293,-2.056697127,2.312139691,2.238989232,6,5,two_open_b
83.710316,0.190860091,-1.024560173,1.674412635,-2.054675985,2.311145958,2.241006199,6,5,two_open_b
83.734558,0.190444405,-1.025432727,1.673383976,-2.052654843,2.310152225,2.243023165,6,5,two_open_b
83.758801,0.190028718,-1.026305282,1.672355318,-2.050633700,2.309158492,2.245040131,6,5,two_open_b
83.783043,0.189613032,-1.027177837,1.671326660,-2.048612558,2.308164759,2.247057098,6,5,two_open_b
83.807286,0.188912963,-1.027923897,1.670387245,-2.045997905,2.308337999,2.250125528,6,5,two_open_b
83.831528,0.187782908,-1.028478699,1.669582767,-2.042485862,2.310275705,2.254783772,6,5,two_open_b
83.855770,0.186222866,-1.028842241,1.668913224,-2.038076430,2.313977877,2.261031831,6,5,two_open_b
83.880013,0.184607464,-1.029097753,1.668352479,-2.033642450,2.318120144,2.267446714,6,5,two_open_b
83.904255,0.183374962,-1.028549532,1.668739256,-2.031070195,2.323177764,2.272003719,6,5,two_open_b
83.928498,0.182142459,-1.028001312,1.669126033,-2.028497940,2.328235384,2.276560724,6,5,two_open_b
83.952740,0.180909957,-1.027453091,1.669512811,-2.025925685,2.333293005,2.281117729,6,5,two_open_b
83.976983,0.179677454,-1.026904871,1.669899588,-2.023353430,2.338350625,2.285674734,6,5,two_open_b
84.001225,0.178444952,-1.026356650,1.670286366,-2.020781175,2.343408245,2.290231738,6,5,two_open_b
84.025467,0.177212449,-1.025808430,1.670673143,-2.018208920,2.348465865,2.294788743,6,5,two_open_b
84.049710,0.176264329,-1.025386703,1.670970677,-2.016230176,2.352356511,2.298294284,6,5,two_open_b
84.073952,0.175746195,-1.025156236,1.671133275,-2.015148822,2.354482693,2.300210011,6,5,two_open_b
84.098195,0.175691366,-1.024887541,1.671224744,-2.013305038,2.354166657,2.302186893,6,5,two_open_b
84.122437,0.175816658,-1.024024549,1.671464691,-2.007063248,2.351617956,2.308395407,6,5,two_open_b
84.146680,0.175961139,-1.023029392,1.671741386,-1.999865543,2.348678928,2.315554739,6,5,two_open_b
84.170922,0.176105620,-1.022034235,1.672018080,-1.992667839,2.345739900,2.322714071,6,5,two_open_b
84.195164,0.174228002,-1.018625548,1.670945013,-1.976110894,2.350442321,2.338251794,6,5,two_open_b
84.219407,0.172350385,-1.015216861,1.669871947,-1.959553948,2.355144743,2.353789517,6,5,two_open_b
84.243649,0.170472767,-1.011808174,1.668798880,-1.942997003,2.359847164,2.369327239,6,5,two_open_b
84.267892,0.169260067,-1.010213890,1.668153098,-1.931538094,2.360907296,2.379798515,6,5,two_open_b
84.292134,0.168985220,-1.011178786,1.668109995,-1.927269867,2.356830050,2.383123666,6,5,two_open_b
84.316377,0.168710373,-1.012143683,1.668066892,-1.923001640,2.352752803,2.386448818,6,5,two_open_b
84.340619,0.168402208,-1.013338066,1.667959982,-1.920393232,2.349353308,2.388122999,6,5,two_open_b
84.364861,0.168002068,-1.015165955,1.667676931,-1.922366795,2.347824763,2.385239636,6,5,two_open_b
84.389104,0.167582740,-1.017126008,1.667357134,-1.925296272,2.346686545,2.381405456,6,5,two_open_b
84.413346,0.167163412,-1.019086062,1.667037336,-1.928225749,2.345548326,2.377571275,6,5,two_open_b
84.437589,0.168766183,-1.023459645,1.668067300,-1.940514467,2.336768658,2.365358704,6,5,two_open_b
84.461831,0.170368953,-1.027833228,1.669097263,-1.952803185,2.327988991,2.353146132,6,5,two_open_b
84.486073,0.171971724,-1.032206812,1.670127227,-1.965091904,2.319209323,2.340933560,6,5,two_open_b
84.510316,0.172909577,-1.034765992,1.670729905,-1.972282585,2.314071945,2.333787436,6,5,two_open_b
84.534558,0.172909577,-1.034765992,1.670729905,-1.972282585,2.314071945,2.333787436,6,5,two_open_b
84.558801,0.172909577,-1.034765992,1.670729905,-1.972282585,2.314071945,2.333787436,6,5,two_open_b
84.583043,0.172992499,-1.036409492,1.670329597,-1.972578984,2.312375857,2.335544333,6,5,two_open_b
84.607286,0.173075422,-1.038052992,1.669929289,-1.972875383,2.310679768,2.337301229,6,5,two_open_b
84.631528,0.172063808,-1.038596957,1.668511078,-1.968952122,2.313169925,2.343402426,6,5,two_open_b
84.655770,0.169841358,-1.037924555,1.665966807,-1.960360846,2.320291132,2.354309521,6,5,two_open_b
84.680013,0.167618909,-1.037252153,1.663422536,-1.951769570,2.327412339,2.365216616,6,5,two_open_b
84.704255,0.165396460,-1.036579752,1.660878265,-1.943178294,2.334533546,2.376123712,6,5,two_open_b
84.728498,0.163174011,-1.035907350,1.658333994,-1.934587018,2.341654753,2.387030807,6,5,two_open_b
84.752740,0.160951562,-1.035234949,1.655789723,-1.925995741,2.348775960,2.397937902,6,5,two_open_b
84.776983,0.158729113,-1.034562547,1.653245452,-1.917404465,2.355897167,2.408844997,6,5,two_open_b
84.801225,0.156506664,-1.033890145,1.650701181,-1.908813189,2.363018374,2.419752092,6,5,two_open_b
84.825467,0.153445338,-1.030367297,1.648459052,-1.892329882,2.372668578,2.436711105,6,5,two_open_b
84.849710,0.150384012,-1.026844449,1.646216924,-1.875846575,2.382318781,2.453670118,6,5,two_open_b
84.873952,0.148417223,-1.024421137,1.644992699,-1.863582929,2.387782740,2.466284830,6,5,two_open_b
84.898195,0.147661269,-1.023214190,1.644894534,-1.855987297,2.388615648,2.474093644,6,5,two_open_b
84.922437,0.146905314,-1.022007244,1.644796369,-1.848391666,2.389448556,2.481902458,6,5,two_open_b
84.946680,0.146149360,-1.020800297,1.644698204,-1.840796035,2.390281464,2.489711272,6,5,two_open_b
84.970922,0.145393406,-1.019593351,1.644600039,-1.833200403,2.391114372,2.497520086,6,5,two_open_b
84.995164,0.144637452,-1.018386404,1.644501873,-1.825604772,2.391947281,2.505328900,6,5,two_open_b
85.019407,0.143881497,-1.017179458,1.644403708,-1.818009140,2.392780189,2.513137714,6,5,two_open_b
85.043649,0.143125543,-1.015972511,1.644305543,-1.810413509,2.393613097,2.520946528,6,5,two_open_b
85.067892,0.143125543,-1.015972511,1.644305543,-1.810413509,2.393613097,2.520946528,6,5,two_open_b
85.092134,0.143125543,-1.015972511,1.644305543,-1.810413509,2.393613097,2.520946528,6,5,two_open_b
85.116377,0.144526240,-1.021674523,1.644481723,-1.823259480,2.385527301,2.509323490,6,5,two_open_b
85.140619,0.145926937,-1.027376534,1.644657904,-1.836105451,2.377441506,2.497700452,6,5,two_open_b
85.164861,0.147327634,-1.033078546,1.644834085,-1.848951422,2.369355710,2.486077413,6,5,two_open_b
85.189104,0.148666616,-1.038621298,1.644920234,-1.861007978,2.361738201,2.475145397,6,5,two_open_b
85.213346,0.149471277,-1.042785175,1.644226899,-1.866229775,2.358175111,2.470196250,6,5,two_open_b
85.237589,0.150180161,-1.046701889,1.643393841,-1.870226441,2.355338777,2.466319533,6,5,two_open_b
85.261831,0.150889045,-1.050618604,1.642560783,-1.874223107,2.352502443,2.462442817,6,5,two_open_b
85.286073,0.151597928,-1.054535318,1.641727724,-1.878219774,2.349666108,2.458566100,6,5,two_open_b
85.310316,0.152306812,-1.058452032,1.640894666,-1.882216440,2.346829774,2.454689383,6,5,two_open_b
85.334558,0.153015696,-1.062368746,1.640061608,-1.886213106,2.343993440,2.450812666,6,5,two_open_b
85.358801,0.153809699,-1.063962211,1.639060564,-1.883539346,2.344810494,2.452681482,6,5,two_open_b
85.383043,0.154603702,-1.065555676,1.638059519,-1.880865586,2.345627549,2.454550298,6,5,two_open_b
85.407286,0.155397705,-1.067149142,1.637058475,-1.878191826,2.346444604,2.456419114,6,5,two_open_b
85.431528,0.156253422,-1.068901867,1.636147461,-1.876307481,2.346793373,2.457596908,6,5,two_open_b
85.455770,0.157643461,-1.072033466,1.636015933,-1.881257894,2.343087721,2.452791833,6,5,two_open_b
85.480013,0.159790107,-1.076433042,1.635609934,-1.887220852,2.337902117,2.446090951,6,5,two_open_b
85.504255,0.162048312,-1.081004950,1.635134013,-1.893147920,2.332589361,2.439251069,6,5,two_open_b
85.528498,0.164306517,-1.085576859,1.634658091,-1.899074989,2.327276604,2.432411187,6,5,two_open_b
85.552740,0.166564723,-1.090148767,1.634182169,-1.905002058,2.321963847,2.425571305,6,5,two_open_b
85.576983,0.168822928,-1.094720675,1.633706248,-1.910929126,2.316651090,2.418731422,6,5,two_open_b
85.601225,0.169595317,-1.095913821,1.633222132,-1.910680650,2.315770740,2.417769046,6,5,two_open_b
85.625467,0.170367706,-1.097106966,1.632738016,-1.910432174,2.314890389,2.416806669,6,5,two_open_b
85.649710,0.171140095,-1.098300112,1.632253900,-1.910183698,2.314010039,2.415844292,6,5,two_open_b
85.673952,0.171912484,-1.099493257,1.631769784,-1.909935223,2.313129689,2.414881915,6,5,two_open_b
85.698195,0.172684873,-1.100686403,1.631285668,-1.909686747,2.312249338,2.413919538,6,5,two_open_b
85.722437,0.172796433,-1.100858735,1.631215745,-1.909650858,2.312122185,2.413780537,6,5,two_open_b
85.746680,0.172734554,-1.101632547,1.631057839,-1.910924284,2.311415648,2.412902522,6,5,two_open_b
85.770922,0.172527371,-1.104223434,1.630529137,-1.915187986,2.309050009,2.409962740,6,5,two_open_b
85.795164,0.172320188,-1.106814321,1.630000436,-1.919451688,2.306684371,2.407022958,6,5,two_open_b
85.819407,0.172113004,-1.109405208,1.629471734,-1.923715390,2.304318733,2.404083176,6,5,two_open_b
85.843649,0.171905821,-1.111996095,1.628943032,-1.927979092,2.301953094,2.401143395,6,5,two_open_b
85.867892,0.171698638,-1.114586982,1.628414330,-1.932242794,2.299587456,2.398203613,6,5,two_open_b
85.892134,0.171491454,-1.117177869,1.627885628,-1.936506496,2.297221818,2.395263831,6,5,two_open_b
85.916377,0.171284271,-1.119768756,1.627356926,-1.940770198,2.294856180,2.392324049,6,5,two_open_b
85.940619,0.171077088,-1.122359643,1.626828224,-1.945033900,2.292490541,2.389384267,6,5,two_open_b
85.964861,0.170869905,-1.124950531,1.626299522,-1.949297602,2.290124903,2.386444485,6,5,two_open_b
85.989104,0.170724600,-1.126767606,1.625928726,-1.952287878,2.288465802,2.384382718,6,5,two_open_b
86.013346,0.170724600,-1.126767606,1.625928726,-1.952287878,2.288465802,2.384382718,6,5,two_open_b
86.037589,0.170724600,-1.126767606,1.625928726,-1.952287878,2.288465802,2.384382718,6,5,two_open_b
86.061831,0.170724600,-1.126767606,1.625928726,-1.952287878,2.288465802,2.384382718,6,5,two_open_b
86.086073,0.170724600,-1.126767606,1.625928726,-1.952287878,2.288465802,2.384382718,6,5,two_open_b
86.110316,0.170724600,-1.126767606,1.625928726,-1.952287878,2.288465802,2.384382718,6,5,two_open_b
86.134558,0.170724600,-1.126767606,1.625928726,-1.952287878,2.288465802,2.384382718,6,5,two_open_b
86.158801,0.170724600,-1.126767606,1.625928726,-1.952287878,2.288465802,2.384382718,6,5,two_open_b
86.183043,0.170724600,-1.126767606,1.625928726,-1.952287878,2.288465802,2.384382718,6,5,two_open_b
86.207286,0.170724600,-1.126767606,1.625928726,-1.952287878,2.288465802,2.384382718,6,5,two_open_b
86.231528,0.170724600,-1.126767606,1.625928726,-1.952287878,2.288465802,2.384382718,6,5,two_open_b
86.255770,0.170724600,-1.126767606,1.625928726,-1.952287878,2.288465802,2.384382718,6,5,two_open_b
86.280013,0.170724600,-1.126767606,1.625928726,-1.952287878,2.288465802,2.384382718,6,5,two_open_b
86.304255,0.170724600,-1.126767606,1.625928726,-1.952287878,2.288465802,2.384382718,6,5,two_open_b
86.328498,0.170724600,-1.126767606,1.625928726,-1.952287878,2.288465802,2.384382718,6,5,two_open_b
86.352740,0.170724600,-1.126767606,1.625928726,-1.952287878,2.288465802,2.384382718,6,5,two_open_b
86.376983,0.170724600,-1.126767606,1.625928726,-1.952287878,2.288465802,2.384382718,6,5,two_open_b
86.401225,0.170724600,-1.126767606,1.625928726,-1.952287878,2.288465802,2.384382718,6,5,two_open_b
86.425467,0.170561625,-1.125582978,1.626695833,-1.950130975,2.288903351,2.384994726,6,5,two_open_b
86.449710,0.170307894,-1.123738666,1.627890120,-1.946772957,2.289584558,2.385947543,6,5,two_open_b
86.473952,0.170054164,-1.121894354,1.629084406,-1.943414938,2.290265764,2.386900360,6,5,two_open_b
86.498195,0.169800433,-1.120050042,1.630278693,-1.940056920,2.290946971,2.387853177,6,5,two_open_b
86.522437,0.169546702,-1.118205730,1.631472979,-1.936698901,2.291628178,2.388805994,6,5,two_open_b
86.546680,0.169292971,-1.116361418,1.632667266,-1.933340882,2.292309385,2.389758811,6,5,two_open_b
86.570922,0.169039240,-1.114517106,1.633861552,-1.929982864,2.292990592,2.390711628,6,5,two_open_b
86.595164,0.168785510,-1.112672794,1.635055839,-1.926624845,2.293671798,2.391664446,6,5,two_open_b
86.619407,0.168531779,-1.110828482,1.636250125,-1.923266827,2.294353005,2.392617263,6,5,two_open_b
86.643649,0.168278048,-1.108984170,1.637444412,-1.919908808,2.295034212,2.393570080,6,5,two_open_b
86.667892,0.168187292,-1.108324486,1.637871591,-1.918707692,2.295277870,2.393910889,6,5,two_open_b
86.692134,0.168187292,-1.108324486,1.637871591,-1.918707692,2.295277870,2.393910889,6,5,two_open_b
86.716377,0.168187292,-1.108324486,1.637871591,-1.918707692,2.295277870,2.393910889,6,5,two_open_b
86.740619,0.168187292,-1.108324486,1.637871591,-1.918707692,2.295277870,2.393910889,6,5,two_open_b
86.764861,0.168187292,-1.108324486,1.637871591,-1.918707692,2.295277870,2.393910889,6,5,two_open_b
86.789104,0.168187292,-1.108324486,1.637871591,-1.918707692,2.295277870,2.393910889,6,5,two_open_b
86.813346,0.168187292,-1.108324486,1.637871591,-1.918707692,2.295277870,2.393910889,6,5,two_open_b
86.837589,0.168456328,-1.107508005,1.639715904,-1.918139364,2.295568088,2.394868992,6,5,two_open_b
86.861831,0.168725365,-1.106691523,1.641560216,-1.917571037,2.295858305,2.395827095,6,5,two_open_b
86.886073,0.168994402,-1.105875042,1.643404529,-1.917002710,2.296148523,2.396785198,6,5,two_open_b
86.910316,0.169263438,-1.105058560,1.645248842,-1.916434382,2.296438741,2.397743301,6,5,two_open_b
86.934558,0.169532475,-1.104242079,1.647093155,-1.915866054,2.296728958,2.398701404,6,5,two_open_b
86.958801,0.169801511,-1.103425597,1.648937467,-1.915297727,2.297019176,2.399659507,6,5,two_open_b
86.983043,0.170070548,-1.102609116,1.650781780,-1.914729400,2.297309394,2.400617610,6,5,two_open_b
87.007286,0.170339584,-1.101792634,1.652626093,-1.914161072,2.297599612,2.401575713,6,5,two_open_b
87.031528,0.170608621,-1.100976153,1.654470405,-1.913592744,2.297889829,2.402533816,6,5,two_open_b
87.055770,0.170877657,-1.100159671,1.656314718,-1.913024417,2.298180047,2.403491919,6,5,two_open_b
87.080013,0.170877657,-1.100159671,1.656314718,-1.913024417,2.298180047,2.403491919,6,5,two_open_b
87.104255,0.170877657,-1.100159671,1.656314718,-1.913024417,2.298180047,2.403491919,6,5,two_open_b
87.128498,0.169712775,-1.099475422,1.657011335,-1.910799893,2.300021477,2.405172376,6,5,two_open_b
87.152740,0.168547892,-1.098791173,1.657707952,-1.908575369,2.301862907,2.406852833,6,5,two_open_b
87.176983,0.167383010,-1.098106924,1.658404569,-1.906350845,2.303704337,2.408533290,6,5,two_open_b
87.201225,0.166218127,-1.097422675,1.659101186,-1.904126321,2.305545767,2.410213747,6,5,two_open_b
87.225467,0.165053245,-1.096738426,1.659797803,-1.901901797,2.307387197,2.411894204,6,5,two_open_b
87.249710,0.163888363,-1.096054178,1.660494420,-1.899677274,2.309228626,2.413574661,6,5,two_open_b
87.273952,0.162723480,-1.095369929,1.661191037,-1.897452750,2.311070056,2.415255118,6,5,two_open_b
87.298195,0.161558598,-1.094685680,1.661887654,-1.895228226,2.312911486,2.416935575,6,5,two_open_b
87.322437,0.159878559,-1.093585200,1.663070543,-1.891695934,2.315476802,2.418950514,6,5,two_open_b
87.346680,0.157694062,-1.092077134,1.664729604,-1.886883036,2.318750970,2.421292988,6,5,two_open_b
87.370922,0.156674449,-1.091253317,1.665692047,-1.884294662,2.320183707,2.421955005,6,5,two_open_b
87.395164,0.155654835,-1.090429500,1.666654491,-1.881706288,2.321616445,2.422617021,6,5,two_open_b
87.419407,0.154635221,-1.089605683,1.667616935,-1.879117915,2.323049182,2.423279038,6,5,two_open_b
87.443649,0.153615607,-1.088781866,1.668579378,-1.876529541,2.324481919,2.423941055,6,5,two_open_b
87.467892,0.152595993,-1.087958049,1.669541822,-1.873941167,2.325914657,2.424603072,6,5,two_open_b
87.492134,0.151606686,-1.087234729,1.671189643,-1.871472261,2.326599034,2.424429668,6,5,two_open_b
87.516377,0.150664594,-1.086667976,1.673905243,-1.869189478,2.326117510,2.422954725,6,5,two_open_b
87.540619,0.149722502,-1.086101224,1.676620843,-1.866906695,2.325635985,2.421479782,6,5,two_open_b
87.564861,0.149295566,-1.085950703,1.678850171,-1.865931680,2.324430574,2.419670357,6,5,two_open_b
87.589104,0.149373088,-1.086207767,1.680603328,-1.866237271,2.322516312,2.417533398,6,5,two_open_b
87.613346,0.149450610,-1.086464832,1.682356484,-1.866542862,2.320602050,2.415396438,6,5,two_open_b
87.637589,0.149420523,-1.086853594,1.685432126,-1.866172155,2.318497360,2.411973279,6,5,two_open_b
87.661831,0.149377863,-1.087257743,1.688662292,-1.865722426,2.316370420,2.408399835,6,5,two_open_b
87.686073,0.149335202,-1.087661893,1.691892459,-1.865272698,2.314243480,2.404826392,6,5,two_open_b
87.710316,0.149292542,-1.088066042,1.695122625,-1.864822969,2.312116540,2.401252949,6,5,two_open_b
87.734558,0.149219575,-1.088369695,1.697667414,-1.864253773,2.310737960,2.398514926,6,5,two_open_b
87.758801,0.149324241,-1.088849371,1.700955273,-1.864139519,2.310274729,2.395802847,6,5,two_open_b
87.783043,0.148767610,-1.088141994,1.703893321,-1.860618021,2.312778600,2.396239251,6,5,two_open_b
87.807286,0.146544936,-1.084443999,1.705950066,-1.848512435,2.322757680,2.404607832,6,5,two_open_b
87.831528,0.145756667,-1.083265719,1.709482757,-1.844152512,2.325739157,2.404971470,6,5,two_open_b
87.855770,0.144968398,-1.082087438,1.713015449,-1.839792590,2.328720633,2.405335109,6,5,two_open_b
87.880013,0.144287737,-1.080777460,1.715225655,-1.836108966,2.331892538,2.406984947,6,5,two_open_b
87.904255,0.143619650,-1.079452095,1.717281337,-1.832504363,2.335086693,2.408785069,6,5,two_open_b
87.928498,0.143850235,-1.078314699,1.720998974,-1.829017371,2.336102985,2.408901382,6,5,two_open_b
87.952740,0.144080820,-1.077177304,1.724716611,-1.825530380,2.337119277,2.409017695,6,5,two_open_b
87.976983,0.144311405,-1.076039908,1.728434248,-1.822043389,2.338135568,2.409134008,6,5,two_open_b
88.001225,0.144317143,-1.074569922,1.730341036,-1.817915332,2.339402413,2.410525916,6,5,two_open_b
88.025467,0.144984176,-1.074286988,1.732597636,-1.817194519,2.337702156,2.408769341,6,5,two_open_b
88.049710,0.147579179,-1.077201302,1.736466642,-1.825561956,2.328130453,2.397969699,6,5,two_open_b
88.073952,0.149171155,-1.077936208,1.740063785,-1.827014051,2.324903775,2.393345431,6,5,two_open_b
88.098195,0.150763131,-1.078671114,1.743660927,-1.828466147,2.321677098,2.388721162,6,5,two_open_b
88.122437,0.152355107,-1.079406020,1.747258070,-1.829918242,2.318450420,2.384096893,6,5,two_open_b
88.146680,0.153947083,-1.080140926,1.750855213,-1.831370337,2.315223743,2.379472625,6,5,two_open_b
88.170922,0.154663136,-1.080631903,1.752967206,-1.832549088,2.314329407,2.376317205,6,5,two_open_b
88.195164,0.155573626,-1.080644596,1.756590361,-1.832396787,2.314755401,2.371324516,6,5,two_open_b
88.219407,0.156503852,-1.080608742,1.760366899,-1.832109384,2.315315408,2.366145344,6,5,two_open_b
88.243649,0.157434078,-1.080572889,1.764143437,-1.831821982,2.315875415,2.360966172,6,5,two_open_b
88.267892,0.158364304,-1.080537035,1.767919975,-1.831534579,2.316435422,2.355787000,6,5,two_open_b
88.292134,0.159032603,-1.080294552,1.770965410,-1.830743016,2.317391666,2.351718718,6,5,two_open_b
88.316377,0.159654683,-1.079852831,1.773796396,-1.829785844,2.318591911,2.347741983,6,5,two_open_b
88.340619,0.160669855,-1.079555085,1.777637404,-1.829507079,2.319375162,2.341991420,6,5,two_open_b
88.364861,0.161685027,-1.079257339,1.781478412,-1.829228314,2.320158414,2.336240858,6,5,two_open_b
88.389104,0.162700200,-1.078959593,1.785319420,-1.828949549,2.320941666,2.330490295,6,5,two_open_b
88.413346,0.163692623,-1.078717806,1.788983622,-1.828826517,2.321570439,2.324954693,6,5,two_open_b
88.437589,0.164490608,-1.078954304,1.791136662,-1.830034537,2.320878882,2.321256360,6,5,two_open_b
88.461831,0.165268858,-1.079239348,1.793136319,-1.831377658,2.320053312,2.317744509,6,5,two_open_b
88.486073,0.166047108,-1.079524392,1.795135976,-1.832720779,2.319227742,2.314232659,6,5,two_open_b
88.510316,0.166825358,-1.079809435,1.797135633,-1.834063900,2.318402172,2.310720809,6,5,two_open_b
88.534558,0.167603609,-1.080094479,1.799135291,-1.835407021,2.317576603,2.307208959,6,5,two_open_b
88.558801,0.167996701,-1.080238454,1.800145313,-1.836085429,2.317159609,2.305435131,6,5,two_open_b
88.583043,0.167996701,-1.080238454,1.800145313,-1.836085429,2.317159609,2.305435131,6,5,two_open_b
88.607286,0.169608073,-1.083069561,1.802084835,-1.842514059,2.313727573,2.296976551,6,5,two_open_b
88.631528,0.170468352,-1.084872806,1.803468767,-1.846424459,2.313881821,2.291332631,6,5,two_open_b
88.655770,0.169373847,-1.084000949,1.803406727,-1.843780943,2.323369687,2.293014109,6,5,two_open_b
88.680013,0.168279343,-1.083129092,1.803344687,-1.841137428,2.332857553,2.294695587,6,5,two_open_b
88.704255,0.169945143,-1.086382630,1.804556907,-1.848763010,2.331148198,2.284422736,6,5,two_open_b
88.728498,0.171610943,-1.089636167,1.805769127,-1.856388592,2.329438843,2.274149885,6,5,two_open_b
88.752740,0.173276743,-1.092889705,1.806981348,-1.864014173,2.327729489,2.263877034,6,5,two_open_b
88.776983,0.173276799,-1.093074899,1.807039314,-1.864767380,2.335652293,2.260995770,6,5,two_open_b
88.801225,0.172763965,-1.092315335,1.806741880,-1.863404549,2.346540887,2.260390412,6,5,two_open_b
88.825467,0.173606676,-1.093672518,1.807185321,-1.867560205,2.351278986,2.253899570,6,5,two_open_b
88.849710,0.174069886,-1.094122216,1.806362519,-1.870302231,2.353859776,2.250518795,6,5,two_open_b
88.873952,0.175284188,-1.095599776,1.806095307,-1.875562487,2.352854283,2.244323361,6,5,two_open_b
88.898195,0.178453274,-1.099752438,1.807274067,-1.887376658,2.342515171,2.230802528,6,5,two_open_b
88.922437,0.181622360,-1.103905100,1.808452827,-1.899190829,2.332176060,2.217281695,6,5,two_open_b
88.946680,0.182031142,-1.103932367,1.808357326,-1.900735903,2.333034169,2.215715191,6,5,two_open_b
88.970922,0.182439923,-1.103959634,1.808261826,-1.902280977,2.333892278,2.214148688,6,5,two_open_b
88.995164,0.182848705,-1.103986902,1.808166325,-1.903826051,2.334750387,2.212582184,6,5,two_open_b
89.019407,0.184923230,-1.107082513,1.809225079,-1.912243500,2.325976337,2.203624093,6,5,two_open_b
89.043649,0.187510646,-1.111122882,1.810639232,-1.922776987,2.314236498,2.192390096,6,5,two_open_b
89.067892,0.188742516,-1.113046504,1.811312512,-1.927791987,2.308647153,2.187041583,6,5,two_open_b
89.092134,0.189782607,-1.113161115,1.812004068,-1.929499159,2.306596601,2.186015144,6,5,two_open_b
89.116377,0.191280465,-1.113326168,1.812999992,-1.931957695,2.303643556,2.184536946,6,5,two_open_b
89.140619,0.192778323,-1.113491221,1.813995917,-1.934416231,2.300690511,2.183058748,6,5,two_open_b
89.164861,0.194276181,-1.113656274,1.814991842,-1.936874767,2.297737466,2.181580550,6,5,two_open_b
89.189104,0.195774039,-1.113821327,1.815987767,-1.939333303,2.294784421,2.180102352,6,5,two_open_b
89.213346,0.197271896,-1.113986381,1.816983691,-1.941791839,2.291831376,2.178624154,6,5,two_open_b
89.237589,0.198769754,-1.114151434,1.817979616,-1.944250375,2.288878330,2.177145956,6,5,two_open_b
89.261831,0.200267612,-1.114316487,1.818975541,-1.946708911,2.285925285,2.175667758,6,5,two_open_b
89.286073,0.201765470,-1.114481540,1.819971465,-1.949167447,2.282972240,2.174189560,6,5,two_open_b
89.310316,0.203263328,-1.114646593,1.820967390,-1.951625983,2.280019195,2.172711362,6,5,two_open_b
89.334558,0.203721095,-1.114697036,1.821271759,-1.952377347,2.279116702,2.172259603,6,5,two_open_b
89.358801,0.203721095,-1.114697036,1.821271759,-1.952377347,2.279116702,2.172259603,6,5,two_open_b
89.383043,0.203721095,-1.114697036,1.821271759,-1.952377347,2.279116702,2.172259603,6,5,two_open_b
89.407286,0.203721095,-1.114697036,1.821271759,-1.952377347,2.279116702,2.172259603,6,5,two_open_b
89.431528,0.203721095,-1.114697036,1.821271759,-1.952377347,2.279116702,2.172259603,6,5,two_open_b
89.455770,0.203721095,-1.114697036,1.821271759,-1.952377347,2.279116702,2.172259603,6,5,two_open_b
89.480013,0.203721095,-1.114697036,1.821271759,-1.952377347,2.279116702,2.172259603,6,5,two_open_b
89.504255,0.203721095,-1.114697036,1.821271759,-1.952377347,2.279116702,2.172259603,6,5,two_open_b
89.528498,0.203721095,-1.114697036,1.821271759,-1.952377347,2.279116702,2.172259603,6,5,two_open_b
89.552740,0.203721095,-1.114697036,1.821271759,-1.952377347,2.279116702,2.172259603,6,5,two_open_b
89.576983,0.203721095,-1.114697036,1.821271759,-1.952377347,2.279116702,2.172259603,6,5,two_open_b
89.601225,0.203721095,-1.114697036,1.821271759,-1.952377347,2.279116702,2.172259603,6,5,two_open_b
89.625467,0.203721095,-1.114697036,1.821271759,-1.952377347,2.279116702,2.172259603,6,5,two_open_b
89.649710,0.203721095,-1.114697036,1.821271759,-1.952377347,2.279116702,2.172259603,6,5,two_open_b
89.673952,0.203721095,-1.114697036,1.821271759,-1.952377347,2.279116702,2.172259603,6,5,two_open_b
89.698195,0.203721095,-1.114697036,1.821271759,-1.952377347,2.279116702,2.172259603,6,5,two_open_b
89.722437,0.203721095,-1.114697036,1.821271759,-1.952377347,2.279116702,2.172259603,6,5,two_open_b
89.746680,0.203721095,-1.114697036,1.821271759,-1.952377347,2.279116702,2.172259603,6,5,two_open_b
89.770922,0.203721095,-1.114697036,1.821271759,-1.952377347,2.279116702,2.172259603,6,5,two_open_b
89.795164,0.203721095,-1.114697036,1.821271759,-1.952377347,2.279116702,2.172259603,6,5,two_open_b
89.819407,0.203721095,-1.114697036,1.821271759,-1.952377347,2.279116702,2.172259603,6,5,two_open_b
89.843649,0.204111092,-1.115168132,1.821839141,-1.954485958,2.277979301,2.170477201,6,5,two_open_b
89.867892,0.205746576,-1.117143710,1.824218503,-1.963328592,2.273209514,2.163002552,6,5,two_open_b
89.892134,0.207382061,-1.119119288,1.826597865,-1.972171226,2.268439728,2.155527903,6,5,two_open_b
89.916377,0.209017545,-1.121094866,1.828977227,-1.981013860,2.263669942,2.148053254,6,5,two_open_b
89.940619,0.210653030,-1.123070444,1.831356589,-1.989856495,2.258900156,2.140578605,6,5,two_open_b
89.964861,0.212288514,-1.125046022,1.833735951,-1.998699129,2.254130369,2.133103955,6,5,two_open_b
89.989104,0.214041791,-1.126789776,1.836312222,-2.007483940,2.249460323,2.125722655,6,5,two_open_b
90.013346,0.216322073,-1.127496342,1.839769467,-2.016010049,2.245236517,2.118759003,6,5,two_open_b
90.037589,0.218602354,-1.128202908,1.843226713,-2.024536157,2.241012710,2.111795350,6,5,two_open_b
90.061831,0.220882636,-1.128909474,1.846683958,-2.033062266,2.236788904,2.104831697,6,5,two_open_b
90.086073,0.222772921,-1.129144944,1.849573821,-2.039479764,2.233702498,2.099650446,6,5,two_open_b
90.110316,0.223417718,-1.127875932,1.850651705,-2.039163239,2.234248478,2.100161442,6,5,two_open_b
90.134558,0.224062515,-1.126606920,1.851729588,-2.038846713,2.234794458,2.100672439,6,5,two_open_b
90.158801,0.224707312,-1.125337907,1.852807471,-2.038530188,2.235340438,2.101183435,6,5,two_open_b
90.183043,0.225352109,-1.124068895,1.853885354,-2.038213663,2.235886417,2.101694431,6,5,two_open_b
90.207286,0.225996906,-1.122799883,1.854963237,-2.037897137,2.236432397,2.102205428,6,5,two_open_b
90.231528,0.226523911,-1.121762695,1.855844212,-2.037638435,2.236878637,2.102623075,6,5,two_open_b
90.255770,0.226523911,-1.121762695,1.855844212,-2.037638435,2.236878637,2.102623075,6,5,two_open_b
90.280013,0.226523911,-1.121762695,1.855844212,-2.037638435,2.236878637,2.102623075,6,5,two_open_b
90.304255,0.226523911,-1.121762695,1.855844212,-2.037638435,2.236878637,2.102623075,6,5,two_open_b
90.328498,0.226523911,-1.121762695,1.855844212,-2.037638435,2.236878637,2.102623075,6,5,two_open_b
90.352740,0.226523911,-1.121762695,1.855844212,-2.037638435,2.236878637,2.102623075,6,5,two_open_b
90.376983,0.226523911,-1.121762695,1.855844212,-2.037638435,2.236878637,2.102623075,6,5,two_open_b
90.401225,0.226523911,-1.121762695,1.855844212,-2.037638435,2.236878637,2.102623075,6,5,two_open_b
90.425467,0.226523911,-1.121762695,1.855844212,-2.037638435,2.236878637,2.102623075,6,5,two_open_b
90.449710,0.226523911,-1.121762695,1.855844212,-2.037638435,2.236878637,2.102623075,6,5,two_open_b
90.473952,0.226788162,-1.121667902,1.856379097,-2.038714133,2.236620241,2.101847603,6,5,two_open_b
90.498195,0.227626881,-1.121367034,1.858076798,-2.042128350,2.235800102,2.099386290,6,5,two_open_b
90.522437,0.228465600,-1.121066166,1.859774499,-2.045542566,2.234979964,2.096924977,6,5,two_open_b
90.546680,0.229304319,-1.120765298,1.861472200,-2.048956782,2.234159826,2.094463664,6,5,two_open_b
90.570922,0.230143038,-1.120464430,1.863169901,-2.052370998,2.233339688,2.092002351,6,5,two_open_b
90.595164,0.230981757,-1.120163562,1.864867602,-2.055785215,2.232519550,2.089541038,6,5,two_open_b
90.619407,0.231820476,-1.119862694,1.866565303,-2.059199431,2.231699411,2.087079725,6,5,two_open_b
90.643649,0.232659195,-1.119561826,1.868263004,-2.062613647,2.230879273,2.084618412,6,5,two_open_b
90.667892,0.233497914,-1.119260958,1.869960704,-2.066027864,2.230059135,2.082157099,6,5,two_open_b
90.692134,0.234336633,-1.118960090,1.871658405,-2.069442080,2.229238997,2.079695786,6,5,two_open_b
90.716377,0.234911101,-1.118754015,1.872821221,-2.071780598,2.228677255,2.078009945,6,5,two_open_b
90.740619,0.234911101,-1.118754015,1.872821221,-2.071780598,2.228677255,2.078009945,6,5,two_open_b
90.764861,0.234911101,-1.118754015,1.872821221,-2.071780598,2.228677255,2.078009945,6,5,two_open_b
90.789104,0.234911101,-1.118754015,1.872821221,-2.071780598,2.228677255,2.078009945,6,5,two_open_b
90.813346,0.234911101,-1.118754015,1.872821221,-2.071780598,2.228677255,2.078009945,6,5,two_open_b
90.837589,0.234911101,-1.118754015,1.872821221,-2.071780598,2.228677255,2.078009945,6,5,two_open_b
90.861831,0.234911101,-1.118754015,1.872821221,-2.071780598,2.228677255,2.078009945,6,5,two_open_b
90.886073,0.234911101,-1.118754015,1.872821221,-2.071780598,2.228677255,2.078009945,6,5,two_open_b
90.910316,0.234911101,-1.118754015,1.872821221,-2.071780598,2.228677255,2.078009945,6,5,two_open_b
90.934558,0.234911101,-1.118754015,1.872821221,-2.071780598,2.228677255,2.078009945,6,5,two_open_b
90.958801,0.234911101,-1.118754015,1.872821221,-2.071780598,2.228677255,2.078009945,6,5,two_open_b
90.983043,0.234911101,-1.118754015,1.872821221,-2.071780598,2.228677255,2.078009945,6,5,two_open_b
91.007286,0.234911101,-1.118754015,1.872821221,-2.071780598,2.228677255,2.078009945,6,5,two_open_b
91.031528,0.235267274,-1.120717698,1.872916015,-2.074589858,2.222888606,2.076354076,6,5,two_open_b
91.055770,0.235717185,-1.123198192,1.873035758,-2.078138470,2.215576476,2.074262408,6,5,two_open_b
91.080013,0.236167097,-1.125678685,1.873155500,-2.081687083,2.208264346,2.072170740,6,5,two_open_b
91.104255,0.236617008,-1.128159179,1.873275242,-2.085235695,2.200952216,2.070079072,6,5,two_open_b
91.128498,0.237066920,-1.130639672,1.873394985,-2.088784308,2.193640086,2.067987404,6,5,two_open_b
91.152740,0.237516831,-1.133120166,1.873514727,-2.092332920,2.186327957,2.065895736,6,5,two_open_b
91.176983,0.237966743,-1.135600659,1.873634470,-2.095881533,2.179015827,2.063804068,6,5,two_open_b
91.201225,0.238416654,-1.138081153,1.873754212,-2.099430145,2.171703697,2.061712400,6,5,two_open_b
91.225467,0.238866566,-1.140561646,1.873873954,-2.102978758,2.164391567,2.059620732,6,5,two_open_b
91.249710,0.239316477,-1.143042140,1.873993697,-2.106527370,2.157079437,2.057529064,6,5,two_open_b
91.273952,0.239410216,-1.143558950,1.874018645,-2.107266723,2.155555957,2.057093266,6,5,two_open_b
91.298195,0.239410216,-1.143558950,1.874018645,-2.107266723,2.155555957,2.057093266,6,5,two_open_b
91.322437,0.239410216,-1.143558950,1.874018645,-2.107266723,2.155555957,2.057093266,6,5,two_open_b
91.346680,0.239410216,-1.143558950,1.874018645,-2.107266723,2.155555957,2.057093266,6,5,two_open_b
91.370922,0.239410216,-1.143558950,1.874018645,-2.107266723,2.155555957,2.057093266,6,5,two_open_b
91.395164,0.239410216,-1.143558950,1.874018645,-2.107266723,2.155555957,2.057093266,6,5,two_open_b
91.419407,0.239410216,-1.143558950,1.874018645,-2.107266723,2.155555957,2.057093266,6,5,two_open_b
91.443649,0.238607423,-1.143279552,1.873194748,-2.106583410,2.157724242,2.058966238,6,5,two_open_b
91.467892,0.235653146,-1.142251370,1.870162809,-2.104068817,2.165703532,2.065858774,6,5,two_open_b
91.492134,0.232698869,-1.141223187,1.867130869,-2.101554224,2.173682822,2.072751310,6,5,two_open_b
91.516377,0.229744591,-1.140195004,1.864098929,-2.099039631,2.181662112,2.079643846,6,5,two_open_b
91.540619,0.226790314,-1.139166821,1.861066989,-2.096525038,2.189641401,2.086536382,6,5,two_open_b
91.564861,0.223836037,-1.138138638,1.858035049,-2.094010445,2.197620691,2.093428918,6,5,two_open_b
91.589104,0.220881759,-1.137110456,1.855003110,-2.091495852,2.205599981,2.100321454,6,5,two_open_b
91.613346,0.217927482,-1.136082273,1.851971170,-2.088981259,2.213579271,2.107213990,6,5,two_open_b
91.637589,0.214973205,-1.135054090,1.848939230,-2.086466667,2.221558561,2.114106527,6,5,two_open_b
91.661831,0.212018928,-1.134025907,1.845907290,-2.083952074,2.229537850,2.120999063,6,5,two_open_b
91.686073,0.209867443,-1.133277122,1.843699247,-2.082120794,2.235348855,2.126018627,6,5,two_open_b
91.710316,0.209867443,-1.133277122,1.843699247,-2.082120794,2.235348855,2.126018627,6,5,two_open_b
91.734558,0.209867443,-1.133277122,1.843699247,-2.082120794,2.235348855,2.126018627,6,5,two_open_b
91.758801,0.209867443,-1.133277122,1.843699247,-2.082120794,2.235348855,2.126018627,6,5,two_open_b
91.783043,0.209867443,-1.133277122,1.843699247,-2.082120794,2.235348855,2.126018627,6,5,two_open_b
91.807286,0.209867443,-1.133277122,1.843699247,-2.082120794,2.235348855,2.126018627,6,5,two_open_b
91.831528,0.209867443,-1.133277122,1.843699247,-2.082120794,2.235348855,2.126018627,6,5,two_open_b
91.855770,0.209867443,-1.133277122,1.843699247,-2.082120794,2.235348855,2.126018627,6,5,two_open_b
91.880013,0.209867443,-1.133277122,1.843699247,-2.082120794,2.235348855,2.126018627,6,5,two_open_b
91.904255,0.209867443,-1.133277122,1.843699247,-2.082120794,2.235348855,2.126018627,6,5,two_open_b
91.928498,0.209867443,-1.133277122,1.843699247,-2.082120794,2.235348855,2.126018627,6,5,two_open_b
91.952740,0.209867443,-1.133277122,1.843699247,-2.082120794,2.235348855,2.126018627,6,5,two_open_b
91.976983,0.209867443,-1.133277122,1.843699247,-2.082120794,2.235348855,2.126018627,6,5,two_open_b
92.001225,0.210641406,-1.133746464,1.844587294,-2.083904130,2.232801191,2.124074624,6,5,two_open_b
92.025467,0.213296895,-1.135356790,1.847634206,-2.090022803,2.224060087,2.117404697,6,5,two_open_b
92.049710,0.215952383,-1.136967116,1.850681119,-2.096141476,2.215318984,2.110734771,6,5,two_open_b
92.073952,0.218607871,-1.138577442,1.853728031,-2.102260150,2.206577880,2.104064844,6,5,two_open_b
92.098195,0.221263360,-1.140187767,1.856774943,-2.108378823,2.197836776,2.097394918,6,5,two_open_b
92.122437,0.223918848,-1.141798093,1.859821856,-2.114497496,2.189095672,2.090724991,6,5,two_open_b
92.146680,0.226574337,-1.143408419,1.862868768,-2.120616170,2.180354568,2.084055064,6,5,two_open_b
92.170922,0.229229825,-1.145018745,1.865915681,-2.126734843,2.171613465,2.077385138,6,5,two_open_b
92.195164,0.231885313,-1.146629071,1.868962593,-2.132853516,2.162872361,2.070715211,6,5,two_open_b
92.219407,0.234540802,-1.148239396,1.872009505,-2.138972189,2.154131257,2.064045285,6,5,two_open_b
92.243649,0.236422327,-1.149380380,1.874168371,-2.143307527,2.147937817,2.059319361,6,5,two_open_b
92.267892,0.236422327,-1.149380380,1.874168371,-2.143307527,2.147937817,2.059319361,6,5,two_open_b
92.292134,0.236422327,-1.149380380,1.874168371,-2.143307527,2.147937817,2.059319361,6,5,two_open_b
92.316377,0.236422327,-1.149380380,1.874168371,-2.143307527,2.147937817,2.059319361,6,5,two_open_b
92.340619,0.236422327,-1.149380380,1.874168371,-2.143307527,2.147937817,2.059319361,6,5,two_open_b
92.364861,0.236422327,-1.149380380,1.874168371,-2.143307527,2.147937817,2.059319361,6,5,two_open_b
92.389104,0.236422327,-1.149380380,1.874168371,-2.143307527,2.147937817,2.059319361,6,5,two_open_b
92.413346,0.236422327,-1.149380380,1.874168371,-2.143307527,2.147937817,2.059319361,6,5,two_open_b
92.437589,0.236422327,-1.149380380,1.874168371,-2.143307527,2.147937817,2.059319361,6,5,two_open_b
92.461831,0.236422327,-1.149380380,1.874168371,-2.143307527,2.147937817,2.059319361,6,5,two_open_b
92.486073,0.236422327,-1.149380380,1.874168371,-2.143307527,2.147937817,2.059319361,6,5,two_open_b
92.510316,0.232762884,-1.147283679,1.869969381,-2.137172535,2.162186960,2.066665080,6,5,two_open_b
92.534558,0.229103441,-1.145186978,1.865770390,-2.131037543,2.176436103,2.074010799,6,5,two_open_b
92.558801,0.225443998,-1.143090276,1.861571400,-2.124902551,2.190685246,2.081356518,6,5,two_open_b
92.583043,0.221784555,-1.140993575,1.857372409,-2.118767559,2.204934389,2.088702237,6,5,two_open_b
92.607286,0.218125113,-1.138896874,1.853173419,-2.112632568,2.219183532,2.096047956,6,5,two_open_b
92.631528,0.214465670,-1.136800173,1.848974428,-2.106497576,2.233432675,2.103393675,6,5,two_open_b
92.655770,0.210806227,-1.134703472,1.844775438,-2.100362584,2.247681818,2.110739394,6,5,two_open_b
92.680013,0.207146784,-1.132606770,1.840576447,-2.094227592,2.261930961,2.118085113,6,5,two_open_b
92.704255,0.203487341,-1.130510069,1.836377457,-2.088092600,2.276180104,2.125430832,6,5,two_open_b
92.728498,0.199827898,-1.128413368,1.832178466,-2.081957608,2.290429247,2.132776551,6,5,two_open_b
92.752740,0.199827898,-1.128413368,1.832178466,-2.081957608,2.290429247,2.132776551,6,5,two_open_b
92.776983,0.199827898,-1.128413368,1.832178466,-2.081957608,2.290429247,2.132776551,6,5,two_open_b
92.801225,0.199827898,-1.128413368,1.832178466,-2.081957608,2.290429247,2.132776551,6,5,two_open_b
92.825467,0.199827898,-1.128413368,1.832178466,-2.081957608,2.290429247,2.132776551,6,5,two_open_b
92.849710,0.199827898,-1.128413368,1.832178466,-2.081957608,2.290429247,2.132776551,6,5,two_open_b
92.873952,0.199827898,-1.128413368,1.832178466,-2.081957608,2.290429247,2.132776551,6,5,two_open_b
92.898195,0.199827898,-1.128413368,1.832178466,-2.081957608,2.290429247,2.132776551,6,5,two_open_b
92.922437,0.199827898,-1.128413368,1.832178466,-2.081957608,2.290429247,2.132776551,6,5,two_open_b
92.946680,0.199827898,-1.128413368,1.832178466,-2.081957608,2.290429247,2.132776551,6,5,two_open_b
92.970922,0.199827898,-1.128413368,1.832178466,-2.081957608,2.290429247,2.132776551,6,5,two_open_b
92.995164,0.199827898,-1.128413368,1.832178466,-2.081957608,2.290429247,2.132776551,6,5,two_open_b
93.019407,0.199827898,-1.128413368,1.832178466,-2.081957608,2.290429247,2.132776551,6,5,two_open_b
93.043649,0.199827898,-1.128413368,1.832178466,-2.081957608,2.290429247,2.132776551,6,5,two_open_b
93.067892,0.199827898,-1.128413368,1.832178466,-2.081957608,2.290429247,2.132776551,6,5,two_open_b
93.092134,0.199827898,-1.128413368,1.832178466,-2.081957608,2.290429247,2.132776551,6,5,two_open_b
93.116377,0.199827898,-1.128413368,1.832178466,-2.081957608,2.290429247,2.132776551,6,5,two_open_b
93.140619,0.199827898,-1.128413368,1.832178466,-2.081957608,2.290429247,2.132776551,6,5,two_open_b
93.164861,0.199827898,-1.128413368,1.832178466,-2.081957608,2.290429247,2.132776551,6,5,two_open_b
93.189104,0.199827898,-1.128413368,1.832178466,-2.081957608,2.290429247,2.132776551,6,5,two_open_b
93.213346,0.201707769,-1.128982606,1.833321722,-2.083377351,2.284796229,2.130610716,6,5,two_open_b
93.237589,0.204616658,-1.129863438,1.835090781,-2.085574242,2.276079770,2.127259331,6,5,two_open_b
93.261831,0.207525547,-1.130744271,1.836859840,-2.087771133,2.267363311,2.123907947,6,5,two_open_b
93.286073,0.210434436,-1.131625103,1.838628900,-2.089968025,2.258646852,2.120556562,6,5,two_open_b
93.310316,0.213343324,-1.132505935,1.840397959,-2.092164916,2.249930393,2.117205177,6,5,two_open_b
93.334558,0.216252213,-1.133386767,1.842167018,-2.094361808,2.241213934,2.113853792,6,5,two_open_b
93.358801,0.219161102,-1.134267599,1.843936078,-2.096558699,2.232497474,2.110502407,6,5,two_open_b
93.383043,0.222069990,-1.135148431,1.845705137,-2.098755590,2.223781015,2.107151023,6,5,two_open_b
93.407286,0.224978879,-1.136029263,1.847474196,-2.100952482,2.215064556,2.103799638,6,5,two_open_b
93.431528,0.227887768,-1.136910095,1.849243256,-2.103149373,2.206348097,2.100448253,6,5,two_open_b
93.455770,0.228916785,-1.137221689,1.849869059,-2.103926522,2.203264656,2.099262703,6,5,two_open_b
93.480013,0.228916785,-1.137221689,1.849869059,-2.103926522,2.203264656,2.099262703,6,5,two_open_b
93.504255,0.228916785,-1.137221689,1.849869059,-2.103926522,2.203264656,2.099262703,6,5,two_open_b
93.528498,0.228916785,-1.137221689,1.849869059,-2.103926522,2.203264656,2.099262703,6,5,two_open_b
93.552740,0.228916785,-1.137221689,1.849869059,-2.103926522,2.203264656,2.099262703,6,5,two_open_b
93.576983,0.228916785,-1.137221689,1.849869059,-2.103926522,2.203264656,2.099262703,6,5,two_open_b
93.601225,0.228916785,-1.137221689,1.849869059,-2.103926522,2.203264656,2.099262703,6,5,two_open_b
93.625467,0.228916785,-1.137221689,1.849869059,-2.103926522,2.203264656,2.099262703,6,5,two_open_b
93.649710,0.228916785,-1.137221689,1.849869059,-2.103926522,2.203264656,2.099262703,6,5,two_open_b
93.673952,0.228916785,-1.137221689,1.849869059,-2.103926522,2.203264656,2.099262703,6,5,two_open_b
93.698195,0.228916785,-1.137221689,1.849869059,-2.103926522,2.203264656,2.099262703,6,5,two_open_b
93.722437,0.228916785,-1.137221689,1.849869059,-2.103926522,2.203264656,2.099262703,6,5,two_open_b
93.746680,0.228916785,-1.137221689,1.849869059,-2.103926522,2.203264656,2.099262703,6,5,two_open_b
93.770922,0.228916785,-1.137221689,1.849869059,-2.103926522,2.203264656,2.099262703,6,5,two_open_b
93.795164,0.228916785,-1.137221689,1.849869059,-2.103926522,2.203264656,2.099262703,6,5,two_open_b
93.819407,0.228916785,-1.137221689,1.849869059,-2.103926522,2.203264656,2.099262703,6,5,two_open_b
93.843649,0.228916785,-1.137221689,1.849869059,-2.103926522,2.203264656,2.099262703,6,5,two_open_b
93.867892,0.228916785,-1.137221689,1.849869059,-2.103926522,2.203264656,2.099262703,6,5,two_open_b
93.892134,0.228916785,-1.137221689,1.849869059,-2.103926522,2.203264656,2.099262703,6,5,two_open_b
93.916377,0.228916785,-1.137221689,1.849869059,-2.103926522,2.203264656,2.099262703,6,5,two_open_b
93.940619,0.228916785,-1.137221689,1.849869059,-2.103926522,2.203264656,2.099262703,6,5,two_open_b
93.964861,0.228916785,-1.137221689,1.849869059,-2.103926522,2.203264656,2.099262703,6,5,two_open_b
93.989104,0.228916785,-1.137221689,1.849869059,-2.103926522,2.203264656,2.099262703,6,5,two_open_b
94.013346,0.228916785,-1.137221689,1.849869059,-2.103926522,2.203264656,2.099262703,6,5,two_open_b
94.037589,0.228916785,-1.137221689,1.849869059,-2.103926522,2.203264656,2.099262703,6,5,two_open_b
94.061831,0.228916785,-1.137221689,1.849869059,-2.103926522,2.203264656,2.099262703,6,5,two_open_b
94.086073,0.228916785,-1.137221689,1.849869059,-2.103926522,2.203264656,2.099262703,6,5,two_open_b
94.110316,0.228916785,-1.137221689,1.849869059,-2.103926522,2.203264656,2.099262703,6,5,two_open_b
94.134558,0.228916785,-1.137221689,1.849869059,-2.103926522,2.203264656,2.099262703,6,5,two_open_b
94.158801,0.228916785,-1.137221689,1.849869059,-2.103926522,2.203264656,2.099262703,6,5,two_open_b
94.183043,0.228916785,-1.137221689,1.849869059,-2.103926522,2.203264656,2.099262703,6,5,two_open_b
94.207286,0.228916785,-1.137221689,1.849869059,-2.103926522,2.203264656,2.099262703,6,5,two_open_b
94.231528,0.228916785,-1.137221689,1.849869059,-2.103926522,2.203264656,2.099262703,6,5,two_open_b
94.255770,0.228916785,-1.137221689,1.849869059,-2.103926522,2.203264656,2.099262703,6,5,two_open_b
94.280013,0.228916785,-1.137221689,1.849869059,-2.103926522,2.203264656,2.099262703,6,5,two_open_b
94.304255,0.228916785,-1.137221689,1.849869059,-2.103926522,2.203264656,2.099262703,6,5,two_open_b
94.328498,0.230730975,-1.138144679,1.853272305,-2.109302801,2.198864382,2.091520391,6,5,two_open_b
94.352740,0.232545165,-1.139067669,1.856675551,-2.114679079,2.194464108,2.083778079,6,5,two_open_b
94.376983,0.234359355,-1.139990660,1.860078797,-2.120055358,2.190063834,2.076035767,6,5,two_open_b
94.401225,0.236173545,-1.140913650,1.863482043,-2.125431637,2.185663560,2.068293455,6,5,two_open_b
94.425467,0.237987734,-1.141836640,1.866885288,-2.130807915,2.181263285,2.060551144,6,5,two_open_b
94.449710,0.239801924,-1.142759630,1.870288534,-2.136184194,2.176863011,2.052808832,6,5,two_open_b
94.473952,0.241616114,-1.143682620,1.873691780,-2.141560473,2.172462737,2.045066520,6,5,two_open_b
94.498195,0.243430304,-1.144605611,1.877095026,-2.146936752,2.168062463,2.037324208,6,5,two_open_b
94.522437,0.245244494,-1.145528601,1.880498272,-2.152313030,2.163662189,2.029581896,6,5,two_open_b
94.546680,0.247058684,-1.146451591,1.883901518,-2.157689309,2.159261915,2.021839584,6,5,two_open_b
94.570922,0.247058684,-1.146451591,1.883901518,-2.157689309,2.159261915,2.021839584,6,5,two_open_b
94.595164,0.247058684,-1.146451591,1.883901518,-2.157689309,2.159261915,2.021839584,6,5,two_open_b
94.619407,0.247058684,-1.146451591,1.883901518,-2.157689309,2.159261915,2.021839584,6,5,two_open_b
94.643649,0.247058684,-1.146451591,1.883901518,-2.157689309,2.159261915,2.021839584,6,5,two_open_b
94.667892,0.247058684,-1.146451591,1.883901518,-2.157689309,2.159261915,2.021839584,6,5,two_open_b
94.692134,0.247058684,-1.146451591,1.883901518,-2.157689309,2.159261915,2.021839584,6,5,two_open_b
94.716377,0.247058684,-1.146451591,1.883901518,-2.157689309,2.159261915,2.021839584,6,5,two_open_b
94.740619,0.247058684,-1.146451591,1.883901518,-2.157689309,2.159261915,2.021839584,6,5,two_open_b
94.764861,0.247058684,-1.146451591,1.883901518,-2.157689309,2.159261915,2.021839584,6,5,two_open_b
94.789104,0.247058684,-1.146451591,1.883901518,-2.157689309,2.159261915,2.021839584,6,5,two_open_b
94.813346,0.247058684,-1.146451591,1.883901518,-2.157689309,2.159261915,2.021839584,6,5,two_open_b
94.837589,0.247058684,-1.146451591,1.883901518,-2.157689309,2.159261915,2.021839584,6,5,two_open_b
94.861831,0.246349998,-1.146061689,1.883195280,-2.156724495,2.162280983,2.022872365,6,5,two_open_b
94.886073,0.242460587,-1.143921825,1.879319305,-2.151429398,2.178850239,2.028540478,6,5,two_open_b
94.910316,0.238571176,-1.141781962,1.875443330,-2.146134302,2.195419496,2.034208591,6,5,two_open_b
94.934558,0.234681765,-1.139642098,1.871567355,-2.140839205,2.211988752,2.039876704,6,5,two_open_b
94.958801,0.230917410,-1.137559309,1.867800732,-2.135657957,2.228031086,2.045350675,6,5,two_open_b
94.983043,0.227966428,-1.135847732,1.864745344,-2.131217185,2.240646279,2.049561933,6,5,two_open_b
95.007286,0.225828818,-1.134507367,1.862401190,-2.127516890,2.249834330,2.052510478,6,5,two_open_b
95.031528,0.224504581,-1.133538215,1.860768271,-2.124557070,2.255595240,2.054196310,6,5,two_open_b
95.055770,0.223353796,-1.132648225,1.859287022,-2.121755158,2.260625313,2.055612868,6,5,two_open_b
95.080013,0.222203011,-1.131758234,1.857805774,-2.118953245,2.265655385,2.057029426,6,5,two_open_b
95.104255,0.221760911,-1.131258146,1.857030763,-2.117116147,2.267666390,2.057413203,6,5,two_open_b
95.128498,0.224499537,-1.132508019,1.859425489,-2.119609331,2.256127206,2.053161649,6,5,two_open_b
95.152740,0.227238163,-1.133757891,1.861820216,-2.122102515,2.244588021,2.048910094,6,5,two_open_b
95.176983,0.229976789,-1.135007764,1.864214942,-2.124595699,2.233048837,2.044658539,6,5,two_open_b
95.201225,0.232590359,-1.136200563,1.866500316,-2.126975034,2.222036576,2.040601127,6,5,two_open_b
95.225467,0.234390556,-1.137022149,1.868074456,-2.128613893,2.214451456,2.037806427,6,5,two_open_b
95.249710,0.235377380,-1.137472523,1.868937361,-2.129512276,2.210293477,2.036274441,6,5,two_open_b
95.273952,0.235550832,-1.137551684,1.869089032,-2.129670183,2.209562639,2.036005167,6,5,two_open_b
95.298195,0.235550832,-1.137551684,1.869089032,-2.129670183,2.209562639,2.036005167,6,5,two_open_b
95.322437,0.235550832,-1.137551684,1.869089032,-2.129670183,2.209562639,2.036005167,6,5,two_open_b
95.346680,0.235550832,-1.137551684,1.869089032,-2.129670183,2.209562639,2.036005167,6,5,two_open_b
95.370922,0.235550832,-1.137551684,1.869089032,-2.129670183,2.209562639,2.036005167,6,5,two_open_b
95.395164,0.235550832,-1.137551684,1.869089032,-2.129670183,2.209562639,2.036005167,6,5,two_open_b
95.419407,0.235317732,-1.137260198,1.870005914,-2.130115087,2.210112970,2.035146254,6,5,two_open_b
95.443649,0.234796474,-1.136608377,1.872056248,-2.131109982,2.211343620,2.033225550,6,5,two_open_b
95.467892,0.234275215,-1.135956556,1.874106582,-2.132104878,2.212574271,2.031304846,6,5,two_open_b
95.492134,0.233753957,-1.135304735,1.876156916,-2.133099773,2.213804922,2.029384142,6,5,two_open_b
95.516377,0.233232699,-1.134652914,1.878207250,-2.134094669,2.215035573,2.027463439,6,5,two_open_b
95.540619,0.232711440,-1.134001093,1.880257584,-2.135089564,2.216266224,2.025542735,6,5,two_open_b
95.564861,0.232190182,-1.133349272,1.882307917,-2.136084459,2.217496874,2.023622031,6,5,two_open_b
95.589104,0.231668923,-1.132697451,1.884358251,-2.137079355,2.218727525,2.021701327,6,5,two_open_b
95.613346,0.230473639,-1.131354413,1.886040930,-2.136920044,2.222282791,2.020390626,6,5,two_open_b
95.637589,0.227040025,-1.127715957,1.886502685,-2.132927808,2.233557714,2.021105642,6,5,two_open_b
95.661831,0.223839511,-1.124368987,1.886047559,-2.128490668,2.244282306,2.022679570,6,5,two_open_b
95.686073,0.220927156,-1.121382353,1.884458981,-2.123503537,2.254326579,2.025315290,6,5,two_open_b
95.710316,0.218014801,-1.118395718,1.882870403,-2.118516405,2.264370851,2.027951009,6,5,two_open_b
95.734558,0.215102445,-1.115409083,1.881281824,-2.113529274,2.274415123,2.030586729,6,5,two_open_b
95.758801,0.213647737,-1.113144830,1.881857838,-2.110242399,2.276526650,2.029354880,6,5,two_open_b
95.783043,0.212760123,-1.111161617,1.883275982,-2.107617005,2.275551959,2.026618363,6,5,two_open_b
95.807286,0.211872509,-1.109178405,1.884694126,-2.104991612,2.274577267,2.023881845,6,5,two_open_b
95.831528,0.211486066,-1.107174802,1.886625383,-2.102551109,2.271809450,2.020415450,6,5,two_open_b
95.855770,0.213709165,-1.105783668,1.890905932,-2.101978854,2.259791992,2.013520275,6,5,two_open_b
95.880013,0.218170592,-1.106687951,1.896407403,-2.105239525,2.240054876,2.004599383,6,5,two_open_b
95.904255,0.222632020,-1.107592235,1.901908874,-2.108500197,2.220317761,1.995678491,6,5,two_open_b
95.928498,0.227093447,-1.108496518,1.907410345,-2.111760868,2.200580645,1.986757600,6,5,two_open_b
95.952740,0.231554875,-1.109400801,1.912911816,-2.115021539,2.180843529,1.977836708,6,5,two_open_b
95.976983,0.236016303,-1.110305084,1.918413287,-2.118282210,2.161106414,1.968915816,6,5,two_open_b
96.001225,0.239020083,-1.110486986,1.921750166,-2.119842624,2.149302044,1.963862493,6,5,two_open_b
96.025467,0.241351656,-1.108412611,1.924978814,-2.119337603,2.142278168,1.959848710,6,5,two_open_b
96.049710,0.243683229,-1.106338235,1.928207462,-2.118832581,2.135254291,1.955834928,6,5,two_open_b
96.073952,0.245513631,-1.104284250,1.930922997,-2.118142669,2.130023541,1.952551023,6,5,two_open_b
96.098195,0.245408518,-1.102309013,1.931656897,-2.116738715,2.131717817,1.952085896,6,5,two_open_b
96.122437,0.244148937,-1.098522768,1.932383875,-2.114034053,2.136822036,1.952312428,6,5,two_open_b
96.146680,0.242699020,-1.094437943,1.933109713,-2.111114944,2.142488451,1.952652994,6,5,two_open_b
96.170922,0.241249103,-1.090353119,1.933835550,-2.108195835,2.148154866,1.952993559,6,5,two_open_b
96.195164,0.241306925,-1.086183981,1.936349423,-2.106900970,2.147075280,1.949772402,6,5,two_open_b
96.219407,0.241364746,-1.082014844,1.938863296,-2.105606105,2.145995695,1.946551245,6,5,two_open_b
96.243649,0.241422568,-1.077845706,1.941377169,-2.104311240,2.144916109,1.943330088,6,5,two_open_b
96.267892,0.241585503,-1.075651806,1.943157142,-2.104420329,2.142142248,1.940574058,6,5,two_open_b
96.292134,0.237201949,-1.069977369,1.942545898,-2.101399393,2.155394358,1.943124632,6,5,two_open_b
96.316377,0.232818396,-1.064302933,1.941934653,-2.098378458,2.168646468,1.945675205,6,5,two_open_b
96.340619,0.228434842,-1.058628497,1.941323409,-2.095357522,2.181898579,1.948225778,6,5,two_open_b
96.364861,0.225656318,-1.053736625,1.941201922,-2.093025570,2.188499432,1.949992380,6,5,two_open_b
96.389104,0.223068130,-1.049143333,1.941081577,-2.090908066,2.194538090,1.951644948,6,5,two_open_b
96.413346,0.220479942,-1.044550042,1.940961232,-2.088790561,2.200576747,1.953297515,6,5,two_open_b
96.437589,0.216384015,-1.040041063,1.939052851,-2.085048813,2.213361406,1.958511806,6,5,two_open_b
96.461831,0.212783588,-1.035136606,1.937649370,-2.082047225,2.220620855,1.960819764,6,5,two_open_b
96.486073,0.209183160,-1.030232150,1.936245890,-2.079045637,2.227880304,1.963127722,6,5,two_open_b
96.510316,0.205582733,-1.025327693,1.934842409,-2.076044049,2.235139753,1.965435679,6,5,two_open_b
96.534558,0.208357728,-1.024572943,1.937246535,-2.078723458,2.216542651,1.957207601,6,5,two_open_b
96.558801,0.211132724,-1.023818194,1.939650661,-2.081402866,2.197945549,1.948979523,6,5,two_open_b
96.583043,0.213907719,-1.023063444,1.942054787,-2.084082274,2.179348447,1.940751445,6,5,two_open_b
96.607286,0.215572603,-1.023122324,1.943547605,-2.087425678,2.164984596,1.932856756,6,5,two_open_b
96.631528,0.216528579,-1.022950314,1.944579887,-2.090825267,2.151686916,1.925221183,6,5,two_open_b
96.655770,0.216775648,-1.022547414,1.945151632,-2.094281041,2.139455406,1.917844728,6,5,two_open_b
96.680013,0.216915583,-1.022109621,1.945653780,-2.097745305,2.127385021,1.910507432,6,5,two_open_b
96.704255,0.216560020,-1.022067305,1.945651027,-2.100469409,2.120839846,1.906076469,6,5,two_open_b
96.728498,0.216041043,-1.022767400,1.945709207,-2.105159494,2.111677391,1.899191937,6,5,two_open_b
96.752740,0.215388570,-1.024073995,1.945817167,-2.111455654,2.100376794,1.890303004,6,5,two_open_b
96.776983,0.212907163,-1.024711418,1.944508737,-2.115200842,2.098906778,1.886643504,6,5,two_open_b
96.801225,0.210389546,-1.025627545,1.943035144,-2.119493293,2.096705671,1.882423223,6,5,two_open_b
96.825467,0.207832150,-1.026849856,1.941380103,-2.124386966,2.093701388,1.877586868,6,5,two_open_b
96.849710,0.205894525,-1.028593165,1.939972086,-2.129829588,2.088901992,1.871893363,6,5,two_open_b
96.873952,0.204634446,-1.030808751,1.938881555,-2.135690013,2.082403223,1.865455043,6,5,two_open_b
96.898195,0.204083275,-1.033255227,1.938251560,-2.141494254,2.074838283,1.858757606,6,5,two_open_b
96.922437,0.203465273,-1.036372357,1.937313382,-2.148365198,2.066157605,1.851439872,6,5,two_open_b
96.946680,0.202596580,-1.040405655,1.935830798,-2.156785560,2.056101272,1.843284684,6,5,two_open_b
96.970922,0.201891299,-1.043696543,1.934287280,-2.163239942,2.048662219,1.837583066,6,5,two_open_b
96.995164,0.199759957,-1.046644531,1.931229576,-2.168446165,2.048385796,1.835308377,6,5,two_open_b
97.019407,0.196575362,-1.049770542,1.927182876,-2.173894109,2.051502686,1.833994399,6,5,two_open_b
97.043649,0.193426975,-1.052617849,1.923301340,-2.178794791,2.055350666,1.833241203,6,5,two_open_b
97.067892,0.190318368,-1.055158973,1.919601252,-2.183094250,2.060001821,1.833104080,6,5,two_open_b
97.092134,0.187249540,-1.057393913,1.916082612,-2.186792487,2.065456152,1.833583032,6,5,two_open_b
97.116377,0.183772971,-1.060595671,1.911358020,-2.191637365,2.072059287,1.836264889,6,5,two_open_b
97.140619,0.178838970,-1.063439277,1.905309004,-2.195775205,2.083867549,1.840196713,6,5,two_open_b
97.164861,0.171121794,-1.064920429,1.896950505,-2.197403264,2.107191665,1.847245867,6,5,two_open_b
97.189104,0.163655311,-1.065485413,1.889136411,-2.197481906,2.131891435,1.855132475,6,5,two_open_b
97.213346,0.156188827,-1.066050396,1.881322318,-2.197560547,2.156591205,1.863019082,6,5,two_open_b
97.237589,0.150281900,-1.066351780,1.874972633,-2.197281272,2.176266486,1.869483161,6,5,two_open_b
97.261831,0.145428228,-1.066475140,1.869611943,-2.196760277,2.192548454,1.874986529,6,5,two_open_b
97.286073,0.140574555,-1.066598500,1.864251253,-2.196239281,2.208830423,1.880489896,6,5,two_open_b
97.310316,0.139700312,-1.069818450,1.862309343,-2.200228581,2.210351845,1.883481933,6,5,two_open_b
97.334558,0.138995106,-1.073169935,1.860512656,-2.204409469,2.211246271,1.886367294,6,5,two_open_b
97.358801,0.138729003,-1.075313215,1.860064970,-2.206969728,2.211625095,1.887535447,6,5,two_open_b
97.383043,0.139920331,-1.077814646,1.860941707,-2.210237026,2.206798792,1.887453634,6,5,two_open_b
97.407286,0.144068797,-1.081042771,1.864505710,-2.214938909,2.191411249,1.884835627,6,5,two_open_b
97.431528,0.148217264,-1.084270897,1.868069713,-2.219640792,2.176023706,1.882217620,6,5,two_open_b
97.455770,0.152365731,-1.087499022,1.871633716,-2.224342675,2.160636163,1.879599614,6,5,two_open_b
97.480013,0.154043932,-1.090394367,1.872130294,-2.226490929,2.158170895,1.880537768,6,5,two_open_b
97.504255,0.155722133,-1.093289712,1.872626871,-2.228639184,2.155705628,1.881475922,6,5,two_open_b
97.528498,0.157400334,-1.096185057,1.873123448,-2.230787438,2.153240360,1.882414076,6,5,two_open_b
97.552740,0.155099106,-1.095983814,1.870201244,-2.228425398,2.165535639,1.885863560,6,5,two_open_b
97.576983,0.152628840,-1.095651034,1.867133819,-2.225871769,2.178457915,1.889419721,6,5,two_open_b
97.601225,0.150158574,-1.095318253,1.864066393,-2.223318140,2.191380191,1.892975882,6,5,two_open_b
97.625467,0.151619321,-1.097293586,1.863624681,-2.224054487,2.190471569,1.891946186,6,5,two_open_b
97.649710,0.153080068,-1.099268919,1.863182969,-2.224790833,2.189562947,1.890916490,6,5,two_open_b
97.673952,0.154540814,-1.101244251,1.862741258,-2.225527179,2.188654325,1.889886795,6,5,two_open_b
97.698195,0.156001561,-1.103219584,1.862299546,-2.226263525,2.187745703,1.888857099,6,5,two_open_b
97.722437,0.159932574,-1.105527697,1.864925260,-2.229553500,2.173914805,1.884271243,6,5,two_open_b
97.746680,0.163863586,-1.107835809,1.867550975,-2.232843474,2.160083907,1.879685387,6,5,two_open_b
97.770922,0.167837718,-1.110225051,1.870173457,-2.236214485,2.146279048,1.875055341,6,5,two_open_b
97.795164,0.172399507,-1.113719967,1.872751892,-2.240689905,2.132829049,1.869823048,6,5,two_open_b
97.819407,0.177123417,-1.117519912,1.875318175,-2.245470003,2.119476948,1.864424611,6,5,two_open_b
97.843649,0.181847327,-1.121319857,1.877884459,-2.250250102,2.106124846,1.859026173,6,5,two_open_b
97.867892,0.182640224,-1.122811689,1.877825028,-2.251740226,2.106603642,1.858213592,6,5,two_open_b
97.892134,0.185692776,-1.125829519,1.879158135,-2.255192763,2.100401260,1.854868507,6,5,two_open_b
97.916377,0.189367551,-1.129267552,1.880874694,-2.259185675,2.092359132,1.850826065,6,5,two_open_b
97.940619,0.193042327,-1.132705585,1.882591253,-2.263178587,2.084317004,1.846783623,6,5,two_open_b
97.964861,0.196717102,-1.136143618,1.884307812,-2.267171499,2.076274877,1.842741181,6,5,two_open_b
97.989104,0.200391878,-1.139581650,1.886024371,-2.271164411,2.068232749,1.838698739,6,5,two_open_b
98.013346,0.204023534,-1.142938554,1.887744162,-2.275076286,2.060164583,1.834700487,6,5,two_open_b
98.037589,0.207067533,-1.145189783,1.889508001,-2.277883753,2.051741557,1.831304481,6,5,two_open_b
98.061831,0.209949411,-1.147135984,1.891283991,-2.280386541,2.043220633,1.828074621,6,5,two_open_b
98.086073,0.212831290,-1.149082185,1.893059981,-2.282889329,2.034699709,1.824844760,6,5,two_open_b
98.110316,0.215713168,-1.151028386,1.894835971,-2.285392117,2.026178785,1.821614899,6,5,two_open_b
98.134558,0.216335392,-1.151448588,1.895219423,-2.285932492,2.024339040,1.820917543,6,5,two_open_b
98.158801,0.216335392,-1.151448588,1.895219423,-2.285932492,2.024339040,1.820917543,6,5,two_open_b
98.183043,0.216335392,-1.151448588,1.895219423,-2.285932492,2.024339040,1.820917543,6,5,two_open_b
98.207286,0.216335392,-1.151448588,1.895219423,-2.285932492,2.024339040,1.820917543,6,5,two_open_b
98.231528,0.214861654,-1.151043515,1.894653523,-2.285171944,2.029791039,1.821451266,6,5,two_open_b
98.255770,0.211379176,-1.150086319,1.893316287,-2.283374750,2.042674236,1.822712466,6,5,two_open_b
98.280013,0.207896698,-1.149129123,1.891979051,-2.281577557,2.055557434,1.823973665,6,5,two_open_b
98.304255,0.207940351,-1.148479398,1.893602363,-2.280157747,2.055509947,1.822917517,6,5,two_open_b
98.328498,0.207984004,-1.147829673,1.895225675,-2.278737938,2.055462461,1.821861369,6,5,two_open_b
98.352740,0.208027657,-1.147179948,1.896848988,-2.277318129,2.055414974,1.820805221,6,5,two_open_b
98.376983,0.208071311,-1.146530223,1.898472300,-2.275898320,2.055367487,1.819749074,6,5,two_open_b
98.401225,0.208114964,-1.145880498,1.900095612,-2.274478511,2.055320000,1.818692926,6,5,two_open_b
98.425467,0.208158617,-1.145230773,1.901718924,-2.273058701,2.055272514,1.817636778,6,5,two_open_b
98.449710,0.208202270,-1.144581049,1.903342236,-2.271638892,2.055225027,1.816580630,6,5,two_open_b
98.473952,0.209719661,-1.144336396,1.905531449,-2.270979631,2.049725542,1.814990759,6,5,two_open_b
98.498195,0.213245792,-1.144643868,1.908491997,-2.271357016,2.036794857,1.812673412,6,5,two_open_b
98.522437,0.216371014,-1.144682575,1.911224208,-2.271166783,2.025544569,1.810783473,6,5,two_open_b
98.546680,0.213964303,-1.143069154,1.909853471,-2.267759308,2.035632198,1.813349261,6,5,two_open_b
98.570922,0.210755774,-1.140918205,1.908026060,-2.263216600,2.049080619,1.816769866,6,5,two_open_b
98.595164,0.207547245,-1.138767256,1.906198649,-2.258673891,2.062529040,1.820190472,6,5,two_open_b
98.619407,0.204097720,-1.135568242,1.904996906,-2.253010650,2.076372216,1.824325424,6,5,two_open_b
98.643649,0.200523990,-1.131829073,1.904117621,-2.246769905,2.090418842,1.828828538,6,5,two_open_b
98.667892,0.196950260,-1.128089905,1.903238336,-2.240529161,2.104465467,1.833331652,6,5,two_open_b
98.692134,0.193376530,-1.124350737,1.902359052,-2.234288417,2.118512093,1.837834765,6,5,two_open_b
98.716377,0.189802800,-1.120611568,1.901479767,-2.228047673,2.132558718,1.842337879,6,5,two_open_b
98.740619,0.186229070,-1.116872400,1.900600482,-2.221806929,2.146605344,1.846840993,6,5,two_open_b
98.764861,0.183410394,-1.112911157,1.900980982,-2.215995584,2.157250704,1.850620123,6,5,two_open_b
98.789104,0.182858033,-1.109933504,1.903262629,-2.212922425,2.158222935,1.852042707,6,5,two_open_b
98.813346,0.183297861,-1.107282982,1.906479237,-2.210964852,2.154875667,1.852217414,6,5,two_open_b
98.837589,0.184360030,-1.103944648,1.911259423,-2.208943054,2.148394272,1.851107158,6,5,two_open_b
98.861831,0.185663195,-1.101654379,1.915413942,-2.208041788,2.141518122,1.849282556,6,5,two_open_b
98.886073,0.187090564,-1.099904264,1.919246002,-2.207718026,2.134438521,1.847089792,6,5,two_open_b
98.910316,0.187326796,-1.097407390,1.923006598,-2.206979091,2.130679210,1.845429594,6,5,two_open_b
98.934558,0.186177596,-1.094041949,1.926684074,-2.205757263,2.130781779,1.844388831,6,5,two_open_b
98.958801,0.185028397,-1.090676507,1.930361550,-2.204535434,2.130884347,1.843348068,6,5,two_open_b
98.983043,0.183879197,-1.087311065,1.934039026,-2.203313606,2.130986915,1.842307305,6,5,two_open_b
99.007286,0.181801962,-1.083941919,1.937735014,-2.201731712,2.130812508,1.841411792,6,5,two_open_b
99.031528,0.179464214,-1.080933839,1.940672256,-2.200251492,2.131903996,1.840734444,6,5,two_open_b
99.055770,0.176936096,-1.078136157,1.943131210,-2.198790918,2.133954192,1.840450157,6,5,two_open_b
99.080013,0.173785636,-1.076026287,1.944026586,-2.197394570,2.139138515,1.841450832,6,5,two_open_b
99.104255,0.170945668,-1.073385883,1.946556124,-2.195828900,2.140450430,1.840774421,6,5,two_open_b
99.128498,0.168105699,-1.070745480,1.949085662,-2.194263229,2.141762345,1.840098010,6,5,two_open_b
99.152740,0.166456869,-1.068851836,1.951686663,-2.193112731,2.139753971,1.838889034,6,5,two_open_b
99.176983,0.166193470,-1.067826759,1.954370785,-2.192445127,2.133883718,1.837060622,6,5,two_open_b
99.201225,0.165930070,-1.066801682,1.957054907,-2.191777522,2.128013464,1.835232210,6,5,two_open_b
99.225467,0.165666671,-1.065776606,1.959739029,-2.191109918,2.122143211,1.833403799,6,5,two_open_b
99.249710,0.167419743,-1.066100979,1.964188261,-2.191388731,2.107407271,1.828778752,6,5,two_open_b
99.273952,0.169172815,-1.066425352,1.968637493,-2.191667544,2.092671331,1.824153705,6,5,two_open_b
99.298195,0.170925887,-1.066749725,1.973086725,-2.191946357,2.077935391,1.819528658,6,5,two_open_b
99.322437,0.172678959,-1.067074098,1.977535957,-2.192225170,2.063199451,1.814903611,6,5,two_open_b
99.346680,0.172738468,-1.067819827,1.980750929,-2.192649356,2.054841448,1.812459179,6,5,two_open_b
99.370922,0.172309514,-1.068526998,1.984107134,-2.193065084,2.047368325,1.810192580,6,5,two_open_b
99.395164,0.171880561,-1.069234169,1.987463339,-2.193480812,2.039895202,1.807925981,6,5,two_open_b
99.419407,0.171451608,-1.069941340,1.990819545,-2.193896540,2.032422079,1.805659381,6,5,two_open_b
99.443649,0.171007983,-1.070690132,1.994206268,-2.194312668,2.024855332,1.803385834,6,5,two_open_b
99.467892,0.170390989,-1.071930764,1.997953625,-2.194733527,2.016182252,1.801030179,6,5,two_open_b
99.492134,0.168158043,-1.072808330,1.999246543,-2.194710980,2.017266371,1.801540380,6,5,two_open_b
99.516377,0.165757861,-1.074160335,2.000887337,-2.194692996,2.017283294,1.801971379,6,5,two_open_b
99.540619,0.163357678,-1.075512341,2.002528130,-2.194675012,2.017300216,1.802402378,6,5,two_open_b
99.564861,0.160957495,-1.076864346,2.004168924,-2.194657028,2.017317138,1.802833377,6,5,two_open_b
99.589104,0.159466811,-1.079148344,2.005362879,-2.194582309,2.014028305,1.802547629,6,5,two_open_b
99.613346,0.158248134,-1.081846981,2.006394148,-2.194479170,2.009488835,1.801986595,6,5,two_open_b
99.637589,0.157029456,-1.084545619,2.007425416,-2.194376031,2.004949364,1.801425561,6,5,two_open_b
99.661831,0.155810778,-1.087244256,2.008456684,-2.194272892,2.000409894,1.800864527,6,5,two_open_b
99.686073,0.154606771,-1.089901272,2.009457434,-2.194169353,1.995964046,1.800310442,6,5,two_open_b
99.710316,0.153576135,-1.092066448,2.010097551,-2.194061084,1.992624533,1.799838463,6,5,two_open_b
99.734558,0.152666853,-1.094239477,2.010204293,-2.194013780,1.989708394,1.799500272,6,5,two_open_b
99.758801,0.151809413,-1.097046642,2.009579928,-2.194107661,1.986344292,1.799355943,6,5,two_open_b
99.783043,0.150924162,-1.100120975,2.008863204,-2.194236667,1.982615037,1.799239246,6,5,two_open_b
99.807286,0.150038912,-1.103195308,2.008146479,-2.194365673,1.978885782,1.799122549,6,5,two_open_b
99.831528,0.149627235,-1.105446826,2.007476692,-2.194575364,1.975956753,1.799219068,6,5,two_open_b
99.855770,0.149174011,-1.108498978,2.006218405,-2.195001479,1.971747170,1.799875376,6,5,two_open_b
99.880013,0.148652053,-1.111864621,2.004797621,-2.195475427,1.967098991,1.800654855,6,5,two_open_b
99.904255,0.148130094,-1.115230264,2.003376836,-2.195949376,1.962450812,1.801434333,6,5,two_open_b
99.928498,0.147608135,-1.118595906,2.001956051,-2.196423325,1.957802633,1.802213812,6,5,two_open_b
99.952740,0.147086177,-1.121961549,2.000535267,-2.196897273,1.953154453,1.802993291,6,5,two_open_b
99.976983,0.146616233,-1.124827500,1.999287224,-2.197305526,1.949189232,1.803721087,6,5,two_open_b
100.001225,0.146261685,-1.126584874,1.998422414,-2.197568031,1.946739171,1.804334225,6,5,two_open_b
100.025467,0.145934947,-1.128075081,1.997649963,-2.197795412,1.944654263,1.804919731,6,5,two_open_b
100.049710,0.145608209,-1.129565287,1.996877512,-2.198022792,1.942569354,1.805505236,6,5,two_open_b
100.073952,0.145281472,-1.131055494,1.996105061,-2.198250172,1.940484446,1.806090741,6,5,two_open_b
100.098195,0.145212737,-1.131368984,1.995942563,-2.198298005,1.940045850,1.806213912,6,5,two_open_b
100.122437,0.145212737,-1.131368984,1.995942563,-2.198298005,1.940045850,1.806213912,6,5,two_open_b
100.146680,0.145212737,-1.131368984,1.995942563,-2.198298005,1.940045850,1.806213912,6,5,two_open_b
100.170922,0.145212737,-1.131368984,1.995942563,-2.198298005,1.940045850,1.806213912,6,5,two_open_b
100.195164,0.145804818,-1.132970660,1.995903513,-2.198997149,1.938081416,1.805683309,6,5,two_open_b
100.219407,0.146438480,-1.134684820,1.995861721,-2.199745394,1.935979020,1.805115442,6,5,two_open_b
100.243649,0.147072142,-1.136398981,1.995819929,-2.200493639,1.933876624,1.804547574,6,5,two_open_b
100.267892,0.147705804,-1.138113142,1.995778137,-2.201241884,1.931774229,1.803979707,6,5,two_open_b
100.292134,0.148339466,-1.139827303,1.995736345,-2.201990128,1.929671833,1.803411840,6,5,two_open_b
100.316377,0.148973128,-1.141541463,1.995694553,-2.202738373,1.927569437,1.802843973,6,5,two_open_b
100.340619,0.149606790,-1.143255624,1.995652761,-2.203486618,1.925467041,1.802276106,6,5,two_open_b
100.364861,0.150240452,-1.144969785,1.995610969,-2.204234863,1.923364646,1.801708238,6,5,two_open_b
100.389104,0.150874114,-1.146683945,1.995569177,-2.204983108,1.921262250,1.801140371,6,5,two_open_b
100.413346,0.151507776,-1.148398106,1.995527384,-2.205731352,1.919159854,1.800572504,6,5,two_open_b
100.437589,0.151549358,-1.148510591,1.995524642,-2.205780453,1.919021893,1.800535240,6,5,two_open_b
100.461831,0.151549358,-1.148510591,1.995524642,-2.205780453,1.919021893,1.800535240,6,5,two_open_b
100.486073,0.151549358,-1.148510591,1.995524642,-2.205780453,1.919021893,1.800535240,6,5,two_open_b
100.510316,0.151549358,-1.148510591,1.995524642,-2.205780453,1.919021893,1.800535240,6,5,two_open_b
100.534558,0.151549358,-1.148510591,1.995524642,-2.205780453,1.919021893,1.800535240,6,5,two_open_b
100.558801,0.151549358,-1.148510591,1.995524642,-2.205780453,1.919021893,1.800535240,6,5,two_open_b
100.583043,0.151549358,-1.148510591,1.995524642,-2.205780453,1.919021893,1.800535240,6,5,two_open_b
100.607286,0.151549358,-1.148510591,1.995524642,-2.205780453,1.919021893,1.800535240,6,5,two_open_b
100.631528,0.151549358,-1.148510591,1.995524642,-2.205780453,1.919021893,1.800535240,6,5,two_open_b
100.655770,0.151549358,-1.148510591,1.995524642,-2.205780453,1.919021893,1.800535240,6,5,two_open_b
100.680013,0.151549358,-1.148510591,1.995524642,-2.205780453,1.919021893,1.800535240,6,5,two_open_b
100.704255,0.151549358,-1.148510591,1.995524642,-2.205780453,1.919021893,1.800535240,6,5,two_open_b
100.728498,0.151549358,-1.148510591,1.995524642,-2.205780453,1.919021893,1.800535240,6,5,two_open_b
100.752740,0.149981332,-1.148091606,1.994883707,-2.205399541,1.925747046,1.800467860,6,5,two_open_b
100.776983,0.145474616,-1.146887387,1.993041574,-2.204304750,1.945076035,1.800274199,6,5,two_open_b
100.801225,0.140967900,-1.145683168,1.991199441,-2.203209959,1.964405025,1.800080539,6,5,two_open_b
100.825467,0.137858752,-1.144143707,1.989759952,-2.201091359,1.979658764,1.800498800,6,5,two_open_b
100.849710,0.135915971,-1.142324463,1.988656496,-2.198118321,1.991511431,1.801427750,6,5,two_open_b
100.873952,0.133973189,-1.140505219,1.987553040,-2.195145284,2.003364098,1.802356700,6,5,two_open_b
100.898195,0.132030408,-1.138685974,1.986449584,-2.192172246,2.015216765,1.803285650,6,5,two_open_b
100.922437,0.130087626,-1.136866730,1.985346129,-2.189199208,2.027069432,1.804214600,6,5,two_open_b
100.946680,0.128327965,-1.134643300,1.984914186,-2.186725739,2.039594956,1.804597920,6,5,two_open_b
100.970922,0.126823998,-1.131855496,1.985419892,-2.184949827,2.053060004,1.804219366,6,5,two_open_b
100.995164,0.126888057,-1.129486678,1.986566532,-2.183554826,2.059799899,1.803908193,6,5,two_open_b
101.019407,0.129890806,-1.127903093,1.988914371,-2.182873705,2.053935957,1.803723299,6,5,two_open_b
101.043649,0.132893556,-1.126319508,1.991262210,-2.182192584,2.048072016,1.803538405,6,5,two_open_b
101.067892,0.135021969,-1.123970737,1.993453260,-2.181781553,2.045852454,1.803773397,6,5,two_open_b
101.092134,0.136164765,-1.121521612,1.995393206,-2.181964592,2.046885123,1.803854131,6,5,two_open_b
101.116377,0.137307560,-1.119072487,1.997333153,-2.182147630,2.047917793,1.803934865,6,5,two_open_b
101.140619,0.138450355,-1.116623362,1.999273099,-2.182330669,2.048950462,1.804015598,6,5,two_open_b
101.164861,0.139593151,-1.114174237,2.001213045,-2.182513708,2.049983131,1.804096332,6,5,two_open_b
101.189104,0.140552826,-1.112129298,2.002481478,-2.182197179,2.050342944,1.804722695,6,5,two_open_b
101.213346,0.141256806,-1.110648732,2.002812262,-2.181183092,2.049763232,1.806110933,6,5,two_open_b
101.237589,0.142462832,-1.107393213,2.002508453,-2.179240195,2.048512941,1.808426380,6,5,two_open_b
101.261831,0.143668859,-1.104137694,2.002204643,-2.177297298,2.047262651,1.810741828,6,5,two_open_b
101.286073,0.144874885,-1.100882175,2.001900833,-2.175354401,2.046012360,1.813057276,6,5,two_open_b
101.310316,0.145557678,-1.098727085,2.001351168,-2.174165223,2.045192940,1.814340917,6,5,two_open_b
101.334558,0.146305892,-1.096975807,2.000701907,-2.173432361,2.043703064,1.814806860,6,5,two_open_b
101.358801,0.148136166,-1.095328595,1.999988178,-2.173560808,2.038611884,1.813245256,6,5,two_open_b
101.383043,0.150405215,-1.093723583,1.999248307,-2.174038517,2.032060374,1.810861482,6,5,two_open_b
101.407286,0.152674264,-1.092118570,1.998508436,-2.174516226,2.025508864,1.808477708,6,5,two_open_b
101.431528,0.155026430,-1.090614491,1.997691459,-2.175332096,2.018719698,1.805662454,6,5,two_open_b
101.455770,0.157579480,-1.089354359,1.996688120,-2.176965275,2.011356132,1.801804350,6,5,two_open_b
101.480013,0.159831370,-1.090113127,1.996133016,-2.180344573,2.004088748,1.795976186,6,5,two_open_b
101.504255,0.162284145,-1.091115842,1.995391550,-2.184541180,1.996246965,1.789105170,6,5,two_open_b
101.528498,0.164791360,-1.092184667,1.994599581,-2.188959278,1.988249520,1.781951543,6,5,two_open_b
101.552740,0.167298575,-1.093253492,1.993807612,-2.193377375,1.980252076,1.774797915,6,5,two_open_b
101.576983,0.169791580,-1.095113575,1.992524707,-2.199385660,1.972426568,1.766479381,6,5,two_open_b
101.601225,0.171283106,-1.097152694,1.991130629,-2.205153124,1.967977478,1.759623474,6,5,two_open_b
101.625467,0.172335857,-1.099149614,1.989762692,-2.210571328,1.964988717,1.753589737,6,5,two_open_b
101.649710,0.173388608,-1.101146533,1.988394756,-2.215989531,1.961999956,1.747556001,6,5,two_open_b
101.673952,0.175440431,-1.104114557,1.987131785,-2.222531552,1.954388656,1.741403343,6,5,two_open_b
101.698195,0.177819831,-1.107362140,1.986068781,-2.228970190,1.944978388,1.736024760,6,5,two_open_b
101.722437,0.179998346,-1.110365775,1.985192137,-2.234591519,1.936142518,1.731689027,6,5,two_open_b
101.746680,0.181975976,-1.113125463,1.984501854,-2.239395538,1.927881046,1.728396145,6,5,two_open_b
101.770922,0.182175159,-1.116905918,1.982915869,-2.245727576,1.924341344,1.725697387,6,5,two_open_b
101.795164,0.182374343,-1.120686373,1.981329884,-2.252059614,1.920801641,1.722998629,6,5,two_open_b
101.819407,0.182341567,-1.123651895,1.980249501,-2.256605516,1.917909299,1.721926045,6,5,two_open_b
101.843649,0.182228210,-1.126334314,1.979344760,-2.260530929,1.915241844,1.721418380,6,5,two_open_b
101.867892,0.182114854,-1.129016734,1.978440019,-2.264456343,1.912574388,1.720910715,6,5,two_open_b
101.892134,0.182001497,-1.131699154,1.977535278,-2.268381756,1.909906933,1.720403051,6,5,two_open_b
101.916377,0.180805952,-1.133309536,1.976602677,-2.270845190,1.912099675,1.720445786,6,5,two_open_b
101.940619,0.179081945,-1.134396413,1.975656472,-2.272594698,1.916665782,1.720757298,6,5,two_open_b
101.964861,0.177357938,-1.135483290,1.974710266,-2.274344206,1.921231890,1.721068809,6,5,two_open_b
101.989104,0.175633931,-1.136570167,1.973764061,-2.276093715,1.925797997,1.721380321,6,5,two_open_b
102.013346,0.175633931,-1.136570167,1.973764061,-2.276093715,1.925797997,1.721380321,6,5,two_open_b
102.037589,0.176243992,-1.137202379,1.973885136,-2.275570313,1.922172646,1.721715005,6,5,two_open_b
102.061831,0.178076368,-1.139101288,1.974248797,-2.273998225,1.911283565,1.722720262,6,5,two_open_b
102.086073,0.179908743,-1.141000196,1.974612458,-2.272426137,1.900394484,1.723725518,6,5,two_open_b
102.110316,0.181741119,-1.142899105,1.974976118,-2.270854049,1.889505403,1.724730774,6,5,two_open_b
102.134558,0.183573494,-1.144798013,1.975339779,-2.269281961,1.878616322,1.725736031,6,5,two_open_b
102.158801,0.185405870,-1.146696922,1.975703440,-2.267709873,1.867727241,1.726741287,6,5,two_open_b
102.183043,0.187238245,-1.148595830,1.976067100,-2.266137785,1.856838160,1.727746543,6,5,two_open_b
102.207286,0.189070621,-1.150494739,1.976430761,-2.264565697,1.845949079,1.728751800,6,5,two_open_b
102.231528,0.190902996,-1.152393647,1.976794422,-2.262993609,1.835059998,1.729757056,6,5,two_open_b
102.255770,0.192735372,-1.154292556,1.977158082,-2.261421521,1.824170917,1.730762312,6,5,two_open_b
102.280013,0.193957686,-1.155559252,1.977400668,-2.260372835,1.816907187,1.731432884,6,5,two_open_b
102.304255,0.190696950,-1.155579248,1.975319713,-2.260078826,1.831505208,1.731544613,6,5,two_open_b
102.328498,0.186695812,-1.155603784,1.972766244,-2.259718057,1.849417943,1.731681712,6,5,two_open_b
102.352740,0.182694673,-1.155628321,1.970212776,-2.259357289,1.867330677,1.731818811,6,5,two_open_b
102.376983,0.178693535,-1.155652857,1.967659307,-2.258996520,1.885243412,1.731955910,6,5,two_open_b
102.401225,0.174692397,-1.155677393,1.965105838,-2.258635752,1.903156146,1.732093009,6,5,two_open_b
102.425467,0.170691258,-1.155701929,1.962552369,-2.258274983,1.921068881,1.732230108,6,5,two_open_b
102.449710,0.166690120,-1.155726466,1.959998900,-2.257914215,1.938981616,1.732367206,6,5,two_open_b
102.473952,0.162688982,-1.155751002,1.957445432,-2.257553446,1.956894350,1.732504305,6,5,two_open_b
102.498195,0.156021312,-1.154378908,1.953541116,-2.258534899,1.987368259,1.732635521,6,5,two_open_b
102.522437,0.148402567,-1.152508677,1.949154992,-2.259995083,2.022322372,1.732764639,6,5,two_open_b
102.546680,0.144044558,-1.150618449,1.946849823,-2.261749275,2.042678465,1.732782028,6,5,two_open_b
102.570922,0.140426952,-1.148723682,1.945017167,-2.263570228,2.059719844,1.732774047,6,5,two_open_b
102.595164,0.136809346,-1.146828914,1.943184512,-2.265391180,2.076761223,1.732766066,6,5,two_open_b
102.619407,0.133191740,-1.144934146,1.941351857,-2.267212132,2.093802602,1.732758085,6,5,two_open_b
102.643649,0.129574133,-1.143039378,1.939519202,-2.269033084,2.110843981,1.732750104,6,5,two_open_b
102.667892,0.125956527,-1.141144611,1.937686547,-2.270854036,2.127885361,1.732742122,6,5,two_open_b
102.692134,0.122338921,-1.139249843,1.935853892,-2.272674989,2.144926740,1.732734141,6,5,two_open_b
102.716377,0.118276449,-1.136174338,1.934081116,-2.277564857,2.170008170,1.731031816,6,5,two_open_b
102.740619,0.116880510,-1.134495463,1.933659188,-2.281112505,2.182528426,1.729335374,6,5,two_open_b
102.764861,0.116435645,-1.133314726,1.933719067,-2.284181422,2.190568476,1.727641030,6,5,two_open_b
102.789104,0.115990780,-1.132133989,1.933778947,-2.287250338,2.198608527,1.725946686,6,5,two_open_b
102.813346,0.115545916,-1.130953252,1.933838826,-2.290319255,2.206648578,1.724252342,6,5,two_open_b
102.837589,0.115101051,-1.129772514,1.933898705,-2.293388172,2.214688629,1.722557997,6,5,two_open_b
102.861831,0.114656186,-1.128591777,1.933958585,-2.296457088,2.222728680,1.720863653,6,5,two_open_b
102.886073,0.114211321,-1.127411040,1.934018464,-2.299526005,2.230768730,1.719169309,6,5,two_open_b
102.910316,0.113766456,-1.126230302,1.934078344,-2.302594921,2.238808781,1.717474965,6,5,two_open_b
102.934558,0.113321591,-1.125049565,1.934138223,-2.305663838,2.246848832,1.715780621,6,5,two_open_b
102.958801,0.113321591,-1.125049565,1.934138223,-2.305663838,2.246848832,1.715780621,6,5,two_open_b
102.983043,0.113321591,-1.125049565,1.934138223,-2.305663838,2.246848832,1.715780621,6,5,two_open_b
103.007286,0.113321591,-1.125049565,1.934138223,-2.305663838,2.246848832,1.715780621,6,5,two_open_b
103.031528,0.113321591,-1.125049565,1.934138223,-2.305663838,2.246848832,1.715780621,6,5,two_open_b
103.055770,0.113321591,-1.125049565,1.934138223,-2.305663838,2.246848832,1.715780621,6,5,two_open_b
103.080013,0.113321591,-1.125049565,1.934138223,-2.305663838,2.246848832,1.715780621,6,5,two_open_b
103.104255,0.113321591,-1.125049565,1.934138223,-2.305663838,2.246848832,1.715780621,6,5,two_open_b
103.128498,0.113321591,-1.125049565,1.934138223,-2.305663838,2.246848832,1.715780621,6,5,two_open_b
103.152740,0.113321591,-1.125049565,1.934138223,-2.305663838,2.246848832,1.715780621,6,5,two_open_b
103.176983,0.113321591,-1.125049565,1.934138223,-2.305663838,2.246848832,1.715780621,6,5,two_open_b
103.201225,0.113321591,-1.125049565,1.934138223,-2.305663838,2.246848832,1.715780621,6,5,two_open_b
103.225467,0.113321591,-1.125049565,1.934138223,-2.305663838,2.246848832,1.715780621,6,5,two_open_b
103.249710,0.113321591,-1.125049565,1.934138223,-2.305663838,2.246848832,1.715780621,6,5,two_open_b
103.273952,0.113321591,-1.125049565,1.934138223,-2.305663838,2.246848832,1.715780621,6,5,two_open_b
103.298195,0.113321591,-1.125049565,1.934138223,-2.305663838,2.246848832,1.715780621,6,5,two_open_b
103.322437,0.113321591,-1.125049565,1.934138223,-2.305663838,2.246848832,1.715780621,6,5,two_open_b
103.346680,0.113321591,-1.125049565,1.934138223,-2.305663838,2.246848832,1.715780621,6,5,two_open_b
103.370922,0.113321591,-1.125049565,1.934138223,-2.305663838,2.246848832,1.715780621,6,5,two_open_b
103.395164,0.113321591,-1.125049565,1.934138223,-2.305663838,2.246848832,1.715780621,6,5,two_open_b
103.419407,0.113366183,-1.125034183,1.934142552,-2.305721455,2.246860638,1.715710319,6,5,two_open_b
103.443649,0.114377545,-1.124685312,1.934240735,-2.307028225,2.247128406,1.714115866,6,5,two_open_b
103.467892,0.115536822,-1.124285418,1.934353278,-2.308526115,2.247435336,1.712288218,6,5,two_open_b
103.492134,0.116696100,-1.123885523,1.934465821,-2.310024005,2.247742265,1.710460569,6,5,two_open_b
103.516377,0.117855377,-1.123485629,1.934578364,-2.311521896,2.248049195,1.708632921,6,5,two_open_b
103.540619,0.119014655,-1.123085735,1.934690907,-2.313019786,2.248356125,1.706805272,6,5,two_open_b
103.564861,0.120173932,-1.122685840,1.934803450,-2.314517676,2.248663054,1.704977624,6,5,two_open_b
103.589104,0.121333209,-1.122285946,1.934915993,-2.316015566,2.248969984,1.703149975,6,5,two_open_b
103.613346,0.122492487,-1.121886051,1.935028536,-2.317513456,2.249276914,1.701322327,6,5,two_open_b
103.637589,0.123651764,-1.121486157,1.935141078,-2.319011347,2.249583843,1.699494678,6,5,two_open_b
103.661831,0.124766449,-1.121101645,1.935249292,-2.320451620,2.249878967,1.697737331,6,5,two_open_b
103.686073,0.124914365,-1.121050621,1.935263652,-2.320642740,2.249918129,1.697504136,6,5,two_open_b
103.710316,0.124914365,-1.121050621,1.935263652,-2.320642740,2.249918129,1.697504136,6,5,two_open_b
103.734558,0.124566651,-1.119846610,1.936765332,-2.326091655,2.255656904,1.693326708,6,5,two_open_b
103.758801,0.124218937,-1.118642599,1.938267012,-2.331540570,2.261395678,1.689149279,6,5,two_open_b
103.783043,0.123871223,-1.117438587,1.939768692,-2.336989486,2.267134453,1.684971851,6,5,two_open_b
103.807286,0.123523509,-1.116234576,1.941270372,-2.342438401,2.272873227,1.680794422,6,5,two_open_b
103.831528,0.123175796,-1.115030565,1.942772051,-2.347887316,2.278612002,1.676616994,6,5,two_open_b
103.855770,0.122828082,-1.113826554,1.944273731,-2.353336231,2.284350777,1.672439566,6,5,two_open_b
103.880013,0.122480368,-1.112622543,1.945775411,-2.358785146,2.290089551,1.668262137,6,5,two_open_b
103.904255,0.122132654,-1.111418531,1.947277091,-2.364234062,2.295828326,1.664084709,6,5,two_open_b
103.928498,0.121784940,-1.110214520,1.948778771,-2.369682977,2.301567100,1.659907280,6,5,two_open_b
103.952740,0.121437226,-1.109010509,1.950280451,-2.375131892,2.307305875,1.655729852,6,5,two_open_b
103.976983,0.121437226,-1.109010509,1.950280451,-2.375131892,2.307305875,1.655729852,6,5,two_open_b
104.001225,0.121437226,-1.109010509,1.950280451,-2.375131892,2.307305875,1.655729852,6,5,two_open_b
104.025467,0.121437226,-1.109010509,1.950280451,-2.375131892,2.307305875,1.655729852,6,5,two_open_b
104.049710,0.121437226,-1.109010509,1.950280451,-2.375131892,2.307305875,1.655729852,6,5,two_open_b
104.073952,0.121454235,-1.108989550,1.950308177,-2.375112823,2.307226070,1.655696544,6,5,two_open_b
104.098195,0.121720003,-1.108662060,1.950741401,-2.374814866,2.305979098,1.655176100,6,5,two_open_b
104.122437,0.122234529,-1.108028038,1.951580123,-2.374238022,2.303564960,1.654168519,6,5,two_open_b
104.146680,0.122977603,-1.107112391,1.952791397,-2.373404949,2.300078487,1.652713381,6,5,two_open_b
104.170922,0.123720676,-1.106196745,1.954002670,-2.372571877,2.296592015,1.651258243,6,5,two_open_b
104.195164,0.124463750,-1.105281098,1.955213944,-2.371738804,2.293105542,1.649803105,6,5,two_open_b
104.219407,0.125206823,-1.104365451,1.956425217,-2.370905731,2.289619069,1.648347968,6,5,two_open_b
104.243649,0.125949897,-1.103449804,1.957636491,-2.370072659,2.286132596,1.646892830,6,5,two_open_b
104.267892,0.126692971,-1.102534157,1.958847764,-2.369239586,2.282646124,1.645437692,6,5,two_open_b
104.292134,0.127417421,-1.101620091,1.960112879,-2.368274196,2.279028420,1.644085093,6,5,two_open_b
104.316377,0.127871482,-1.100748497,1.962082811,-2.365527642,2.273705064,1.644160877,6,5,two_open_b
104.340619,0.128021643,-1.100188116,1.963806664,-2.362668199,2.269160314,1.645027402,6,5,two_open_b
104.364861,0.127923044,-1.099934267,1.965125019,-2.360087644,2.265782731,1.646381063,6,5,two_open_b
104.389104,0.127595899,-1.099962042,1.966070822,-2.357763317,2.263477483,1.648182280,6,5,two_open_b
104.413346,0.127268754,-1.099989818,1.967016625,-2.355438991,2.261172234,1.649983498,6,5,two_open_b
104.437589,0.126941609,-1.100017594,1.967962429,-2.353114664,2.258866985,1.651784716,6,5,two_open_b
104.461831,0.126614463,-1.100045369,1.968908232,-2.350790337,2.256561737,1.653585934,6,5,two_open_b
104.486073,0.126287318,-1.100073145,1.969854036,-2.348466010,2.254256488,1.655387151,6,5,two_open_b
104.510316,0.125960173,-1.100100921,1.970799839,-2.346141683,2.251951240,1.657188369,6,5,two_open_b
104.534558,0.125651651,-1.100127115,1.971691801,-2.343949674,2.249777222,1.658887049,6,5,two_open_b
104.558801,0.125596509,-1.100131797,1.971851220,-2.343557898,2.249388662,1.659190652,6,5,two_open_b
104.583043,0.125596509,-1.100131797,1.971851220,-2.343557898,2.249388662,1.659190652,6,5,two_open_b
104.607286,0.125502306,-1.100178894,1.971897317,-2.343407813,2.249267131,1.659224691,6,5,two_open_b
104.631528,0.124676272,-1.100591869,1.972301529,-2.342091772,2.248201470,1.659523164,6,5,two_open_b
104.655770,0.123850239,-1.101004844,1.972705741,-2.340775731,2.247135809,1.659821637,6,5,two_open_b
104.680013,0.123024205,-1.101417819,1.973109953,-2.339459690,2.246070147,1.660120111,6,5,two_open_b
104.704255,0.122198172,-1.101830794,1.973514165,-2.338143649,2.245004486,1.660418584,6,5,two_open_b
104.728498,0.121372138,-1.102243769,1.973918377,-2.336827608,2.243938825,1.660717057,6,5,two_open_b
104.752740,0.120546104,-1.102656744,1.974322589,-2.335511567,2.242873163,1.661015530,6,5,two_open_b
104.776983,0.119720071,-1.103069719,1.974726801,-2.334195526,2.241807502,1.661314004,6,5,two_open_b
104.801225,0.118894037,-1.103482694,1.975131013,-2.332879485,2.240741841,1.661612477,6,5,two_open_b
104.825467,0.118068004,-1.103895669,1.975535224,-2.331563443,2.239676180,1.661910950,6,5,two_open_b
104.849710,0.117336173,-1.104261547,1.975893339,-2.330397487,2.238732049,1.662175385,6,5,two_open_b
104.873952,0.117336173,-1.104261547,1.975893339,-2.330397487,2.238732049,1.662175385,6,5,two_open_b
104.898195,0.117336173,-1.104261547,1.975893339,-2.330397487,2.238732049,1.662175385,6,5,two_open_b
104.922437,0.117336173,-1.104261547,1.975893339,-2.330397487,2.238732049,1.662175385,6,5,two_open_b
104.946680,0.117336173,-1.104261547,1.975893339,-2.330397487,2.238732049,1.662175385,6,5,two_open_b
104.970922,0.117336173,-1.104261547,1.975893339,-2.330397487,2.238732049,1.662175385,6,5,two_open_b
104.995164,0.117336173,-1.104261547,1.975893339,-2.330397487,2.238732049,1.662175385,6,5,two_open_b
105.019407,0.117336173,-1.104261547,1.975893339,-2.330397487,2.238732049,1.662175385,6,5,two_open_b
105.043649,0.117336173,-1.104261547,1.975893339,-2.330397487,2.238732049,1.662175385,6,5,two_open_b
105.067892,0.117336173,-1.104261547,1.975893339,-2.330397487,2.238732049,1.662175385,6,5,two_open_b
105.092134,0.117336173,-1.104261547,1.975893339,-2.330397487,2.238732049,1.662175385,6,5,two_open_b
105.116377,0.117336173,-1.104261547,1.975893339,-2.330397487,2.238732049,1.662175385,6,5,two_open_b
105.140619,0.117336173,-1.104261547,1.975893339,-2.330397487,2.238732049,1.662175385,6,5,two_open_b
105.164861,0.117336173,-1.104261547,1.975893339,-2.330397487,2.238732049,1.662175385,6,5,two_open_b
105.189104,0.117336173,-1.104261547,1.975893339,-2.330397487,2.238732049,1.662175385,6,5,two_open_b
105.213346,0.117336173,-1.104261547,1.975893339,-2.330397487,2.238732049,1.662175385,6,5,two_open_b
105.237589,0.117336173,-1.104261547,1.975893339,-2.330397487,2.238732049,1.662175385,6,5,two_open_b
105.261831,0.117336173,-1.104261547,1.975893339,-2.330397487,2.238732049,1.662175385,6,5,two_open_b
105.286073,0.117336173,-1.104261547,1.975893339,-2.330397487,2.238732049,1.662175385,6,5,two_open_b
105.310316,0.117336173,-1.104261547,1.975893339,-2.330397487,2.238732049,1.662175385,6,5,two_open_b
105.334558,0.117336173,-1.104261547,1.975893339,-2.330397487,2.238732049,1.662175385,6,5,two_open_b
105.358801,0.117336173,-1.104261547,1.975893339,-2.330397487,2.238732049,1.662175385,6,5,two_open_b
105.383043,0.117336173,-1.104261547,1.975893339,-2.330397487,2.238732049,1.662175385,6,5,two_open_b
105.407286,0.120367775,-1.105941101,1.978896258,-2.334837819,2.228477876,1.658052275,6,5,two_open_b
105.431528,0.125096525,-1.108051120,1.983005398,-2.339531737,2.212492189,1.653563652,6,5,two_open_b
105.455770,0.133008548,-1.110586304,1.988758387,-2.343027548,2.185762836,1.649846115,6,5,two_open_b
105.480013,0.140920571,-1.113121487,1.994511376,-2.346523359,2.159033483,1.646128577,6,5,two_open_b
105.504255,0.148832595,-1.115656670,2.000264365,-2.350019170,2.132304130,1.642411040,6,5,two_open_b
105.528498,0.156744618,-1.118191853,2.006017354,-2.353514981,2.105574777,1.638693503,6,5,two_open_b
105.552740,0.164656641,-1.120727036,2.011770343,-2.357010792,2.078845424,1.634975965,6,5,two_open_b
105.576983,0.172568664,-1.123262220,2.017523332,-2.360506603,2.052116071,1.631258428,6,5,two_open_b
105.601225,0.180480688,-1.125797403,2.023276321,-2.364002414,2.025386718,1.627540891,6,5,two_open_b
105.625467,0.188392711,-1.128332586,2.029029310,-2.367498225,1.998657365,1.623823354,6,5,two_open_b
105.649710,0.193273132,-1.129188215,2.031779380,-2.366553704,1.982182185,1.624228927,6,5,two_open_b
105.673952,0.196456406,-1.129613379,2.033423229,-2.365355598,1.971438519,1.625000012,6,5,two_open_b
105.698195,0.196456406,-1.129613379,2.033423229,-2.365355598,1.971438519,1.625000012,6,5,two_open_b
105.722437,0.196456406,-1.129613379,2.033423229,-2.365355598,1.971438519,1.625000012,6,5,two_open_b
105.746680,0.196456406,-1.129613379,2.033423229,-2.365355598,1.971438519,1.625000012,6,5,two_open_b
105.770922,0.196456406,-1.129613379,2.033423229,-2.365355598,1.971438519,1.625000012,6,5,two_open_b
105.795164,0.196456406,-1.129613379,2.033423229,-2.365355598,1.971438519,1.625000012,6,5,two_open_b
105.819407,0.196456406,-1.129613379,2.033423229,-2.365355598,1.971438519,1.625000012,6,5,two_open_b
105.843649,0.196456406,-1.129613379,2.033423229,-2.365355598,1.971438519,1.625000012,6,5,two_open_b
105.867892,0.196456406,-1.129613379,2.033423229,-2.365355598,1.971438519,1.625000012,6,5,two_open_b
105.892134,0.196456406,-1.129613379,2.033423229,-2.365355598,1.971438519,1.625000012,6,5,two_open_b
105.916377,0.196456406,-1.129613379,2.033423229,-2.365355598,1.971438519,1.625000012,6,5,two_open_b
105.940619,0.196456406,-1.129613379,2.033423229,-2.365355598,1.971438519,1.625000012,6,5,two_open_b
105.964861,0.196456406,-1.129613379,2.033423229,-2.365355598,1.971438519,1.625000012,6,5,two_open_b
105.989104,0.196456406,-1.129613379,2.033423229,-2.365355598,1.971438519,1.625000012,6,5,two_open_b
106.013346,0.196456406,-1.129613379,2.033423229,-2.365355598,1.971438519,1.625000012,6,5,two_open_b
106.037589,0.196456406,-1.129613379,2.033423229,-2.365355598,1.971438519,1.625000012,6,5,two_open_b
106.061831,0.196456406,-1.129613379,2.033423229,-2.365355598,1.971438519,1.625000012,6,5,two_open_b
106.086073,0.196456406,-1.129613379,2.033423229,-2.365355598,1.971438519,1.625000012,6,5,two_open_b
106.110316,0.196456406,-1.129613379,2.033423229,-2.365355598,1.971438519,1.625000012,6,5,two_open_b
106.134558,0.196456406,-1.129613379,2.033423229,-2.365355598,1.971438519,1.625000012,6,5,two_open_b
106.158801,0.196456406,-1.129613379,2.033423229,-2.365355598,1.971438519,1.625000012,6,5,two_open_b
106.183043,0.196456406,-1.129613379,2.033423229,-2.365355598,1.971438519,1.625000012,6,5,two_open_b
106.207286,0.196456406,-1.129613379,2.033423229,-2.365355598,1.971438519,1.625000012,6,5,two_open_b
106.231528,0.196456406,-1.129613379,2.033423229,-2.365355598,1.971438519,1.625000012,6,5,two_open_b
106.255770,0.196456406,-1.129613379,2.033423229,-2.365355598,1.971438519,1.625000012,6,5,two_open_b
106.280013,0.196456406,-1.129613379,2.033423229,-2.365355598,1.971438519,1.625000012,6,5,two_open_b
106.304255,0.196456406,-1.129613379,2.033423229,-2.365355598,1.971438519,1.625000012,6,5,two_open_b
106.328498,0.196456406,-1.129613379,2.033423229,-2.365355598,1.971438519,1.625000012,6,5,two_open_b
106.352740,0.196456406,-1.129613379,2.033423229,-2.365355598,1.971438519,1.625000012,6,5,two_open_b
106.376983,0.201038553,-1.130411216,2.035633569,-2.364657389,1.952973787,1.623687622,6,5,two_open_b
106.401225,0.205620699,-1.131209053,2.037843909,-2.363959181,1.934509055,1.622375231,6,5,two_open_b
106.425467,0.210202846,-1.132006891,2.040054249,-2.363260972,1.916044324,1.621062841,6,5,two_open_b
106.449710,0.214784992,-1.132804728,2.042264589,-2.362562764,1.897579592,1.619750451,6,5,two_open_b
106.473952,0.219367139,-1.133602565,2.044474929,-2.361864555,1.879114860,1.618438060,6,5,two_open_b
106.498195,0.223949286,-1.134400402,2.046685270,-2.361166346,1.860650128,1.617125670,6,5,two_open_b
106.522437,0.228531432,-1.135198239,2.048895610,-2.360468138,1.842185396,1.615813280,6,5,two_open_b
106.546680,0.233113579,-1.135996077,2.051105950,-2.359769929,1.823720665,1.614500890,6,5,two_open_b
106.570922,0.237695725,-1.136793914,2.053316290,-2.359071721,1.805255933,1.613188499,6,5,two_open_b
106.595164,0.242277872,-1.137591751,2.055526630,-2.358373512,1.786791201,1.611876109,6,5,two_open_b
106.619407,0.242277872,-1.137591751,2.055526630,-2.358373512,1.786791201,1.611876109,6,5,two_open_b
106.643649,0.242277872,-1.137591751,2.055526630,-2.358373512,1.786791201,1.611876109,6,5,two_open_b
106.667892,0.242277872,-1.137591751,2.055526630,-2.358373512,1.786791201,1.611876109,6,5,two_open_b
106.692134,0.242277872,-1.137591751,2.055526630,-2.358373512,1.786791201,1.611876109,6,5,two_open_b
106.716377,0.242277872,-1.137591751,2.055526630,-2.358373512,1.786791201,1.611876109,6,5,two_open_b
106.740619,0.242277872,-1.137591751,2.055526630,-2.358373512,1.786791201,1.611876109,6,5,two_open_b
106.764861,0.242277872,-1.137591751,2.055526630,-2.358373512,1.786791201,1.611876109,6,5,two_open_b
106.789104,0.242277872,-1.137591751,2.055526630,-2.358373512,1.786791201,1.611876109,6,5,two_open_b
106.813346,0.242277872,-1.137591751,2.055526630,-2.358373512,1.786791201,1.611876109,6,5,two_open_b
106.837589,0.242396567,-1.136598686,2.055578343,-2.358189384,1.783088678,1.611967134,6,5,two_open_b
106.861831,0.242515262,-1.135605620,2.055630055,-2.358005255,1.779386155,1.612058160,6,5,two_open_b
106.886073,0.242633956,-1.134612555,2.055681768,-2.357821127,1.775683632,1.612149185,6,5,two_open_b
106.910316,0.242752651,-1.133619490,2.055733480,-2.357636998,1.771981109,1.612240211,6,5,two_open_b
106.934558,0.242871346,-1.132626424,2.055785193,-2.357452870,1.768278586,1.612331236,6,5,two_open_b
106.958801,0.242990041,-1.131633359,2.055836905,-2.357268741,1.764576062,1.612422261,6,5,two_open_b
106.983043,0.243108736,-1.130640294,2.055888618,-2.357084613,1.760873539,1.612513287,6,5,two_open_b
107.007286,0.243227430,-1.129647229,2.055940330,-2.356900484,1.757171016,1.612604312,6,5,two_open_b
107.031528,0.243346125,-1.128654163,2.055992043,-2.356716356,1.753468493,1.612695338,6,5,two_open_b
107.055770,0.243464820,-1.127661098,2.056043755,-2.356532227,1.749765970,1.612786363,6,5,two_open_b
107.080013,0.243464820,-1.127661098,2.056043755,-2.356532227,1.749765970,1.612786363,6,5,two_open_b
107.104255,0.243464820,-1.127661098,2.056043755,-2.356532227,1.749765970,1.612786363,6,5,two_open_b
107.128498,0.242620013,-1.126301958,2.056801639,-2.358320363,1.751803993,1.613203682,6,5,two_open_b
107.152740,0.241724708,-1.124861578,2.057604824,-2.360215381,1.753963834,1.613645945,6,5,two_open_b
107.176983,0.240829404,-1.123421198,2.058408009,-2.362110400,1.756123676,1.614088209,6,5,two_open_b
107.201225,0.239934100,-1.121980817,2.059211194,-2.364005418,1.758283517,1.614530472,6,5,two_open_b
107.225467,0.239038796,-1.120540437,2.060014379,-2.365900436,1.760443359,1.614972736,6,5,two_open_b
107.249710,0.238143492,-1.119100057,2.060817563,-2.367795455,1.762603200,1.615414999,6,5,two_open_b
107.273952,0.237248188,-1.117659677,2.061620748,-2.369690473,1.764763042,1.615857262,6,5,two_open_b
107.298195,0.235672147,-1.114942771,2.062353030,-2.370800336,1.767112538,1.616604094,6,5,two_open_b
107.322437,0.234096107,-1.112225865,2.063085312,-2.371910199,1.769462033,1.617350925,6,5,two_open_b
107.346680,0.232520066,-1.109508958,2.063817594,-2.373020062,1.771811529,1.618097756,6,5,two_open_b
107.370922,0.231788833,-1.108151192,2.063791992,-2.372341788,1.772123002,1.618427268,6,5,two_open_b
107.395164,0.231108097,-1.106874666,2.063721089,-2.371556633,1.772312657,1.618731835,6,5,two_open_b
107.419407,0.230427360,-1.105598140,2.063650185,-2.370771478,1.772502311,1.619036403,6,5,two_open_b
107.443649,0.229746624,-1.104321614,2.063579282,-2.369986322,1.772691965,1.619340971,6,5,two_open_b
107.467892,0.228118125,-1.102037340,2.064443186,-2.369876052,1.773142034,1.618022659,6,5,two_open_b
107.492134,0.226489627,-1.099753065,2.065307089,-2.369765781,1.773592103,1.616704347,6,5,two_open_b
107.516377,0.224861129,-1.097468791,2.066170993,-2.369655511,1.774042172,1.615386036,6,5,two_open_b
107.540619,0.223913367,-1.096461043,2.067105799,-2.370330396,1.774302587,1.613763156,6,5,two_open_b
107.564861,0.222965606,-1.095453296,2.068040606,-2.371005280,1.774563002,1.612140276,6,5,two_open_b
107.589104,0.222017844,-1.094445548,2.068975413,-2.371680165,1.774823417,1.610517397,6,5,two_open_b
107.613346,0.221070082,-1.093437800,2.069910219,-2.372355050,1.775083832,1.608894517,6,5,two_open_b
107.637589,0.220122320,-1.092430052,2.070845026,-2.373029935,1.775344246,1.607271638,6,5,two_open_b
107.661831,0.219174559,-1.091422304,2.071779832,-2.373704820,1.775604661,1.605648758,6,5,two_open_b
107.686073,0.218226797,-1.090414556,2.072714639,-2.374379705,1.775865076,1.604025879,6,5,two_open_b
107.710316,0.218226797,-1.090414556,2.072714639,-2.374379705,1.775865076,1.604025879,6,5,two_open_b
107.734558,0.218226797,-1.090414556,2.072714639,-2.374379705,1.775865076,1.604025879,6,5,two_open_b
107.758801,0.216834489,-1.090593857,2.071889231,-2.375674452,1.775253620,1.602072452,6,5,two_open_b
107.783043,0.215292809,-1.090817325,2.070920916,-2.376969390,1.775024988,1.600109283,6,5,two_open_b
107.807286,0.213037707,-1.091251738,2.069270060,-2.378265240,1.776624767,1.598099584,6,5,two_open_b
107.831528,0.210069182,-1.091897097,2.066936662,-2.379562003,1.780052957,1.596043354,6,5,two_open_b
107.855770,0.206387236,-1.092753402,2.063920723,-2.380859678,1.785309558,1.593940595,6,5,two_open_b
107.880013,0.202353306,-1.093713782,2.060568035,-2.382157804,1.791468251,1.591814878,6,5,two_open_b
107.904255,0.198319375,-1.094674162,2.057215347,-2.383455929,1.797626944,1.589689161,6,5,two_open_b
107.928498,0.194285445,-1.095634542,2.053862659,-2.384754054,1.803785637,1.587563445,6,5,two_open_b
107.952740,0.191550125,-1.097693929,2.051215931,-2.386814945,1.805503551,1.585208860,6,5,two_open_b
107.976983,0.189473621,-1.100310869,2.048927354,-2.389262806,1.804968551,1.582738165,6,5,two_open_b
108.001225,0.188789425,-1.102748507,2.047464184,-2.390415920,1.805045006,1.582220897,6,5,two_open_b
108.025467,0.188254602,-1.105141979,2.046143922,-2.391568843,1.804738638,1.581713371,6,5,two_open_b
108.049710,0.192125026,-1.108047721,2.046766950,-2.390863623,1.793043084,1.581778393,6,5,two_open_b
108.073952,0.196708871,-1.110742517,2.048072520,-2.390157491,1.779519118,1.581889945,6,5,two_open_b
108.098195,0.202006139,-1.113226368,2.050060632,-2.389450447,1.764166742,1.582048028,6,5,two_open_b
108.122437,0.207655390,-1.115606144,2.052385492,-2.388742952,1.747912273,1.582229068,6,5,two_open_b
108.146680,0.213304642,-1.117985919,2.054710352,-2.388035458,1.731657805,1.582410107,6,5,two_open_b
108.170922,0.218953894,-1.120365695,2.057035212,-2.387327964,1.715403336,1.582591147,6,5,two_open_b
108.195164,0.223900695,-1.122261177,2.058635905,-2.385383634,1.706223096,1.582026112,6,5,two_open_b
108.219407,0.228188679,-1.123599106,2.059878446,-2.383052335,1.699295770,1.581577188,6,5,two_open_b
108.243649,0.232476663,-1.124937035,2.061120988,-2.380721036,1.692368444,1.581128263,6,5,two_open_b
108.267892,0.236764647,-1.126274964,2.062363530,-2.378389737,1.685441118,1.580679339,6,5,two_open_b
108.292134,0.237360806,-1.126889678,2.062345322,-2.377915668,1.688074568,1.579704397,6,5,two_open_b
108.316377,0.236983324,-1.127166456,2.061967582,-2.377391774,1.700174895,1.575079485,6,5,two_open_b
108.340619,0.236605841,-1.127443235,2.061589841,-2.376867881,1.712275223,1.570454573,6,5,two_open_b
108.364861,0.236228359,-1.127720014,2.061212101,-2.376343987,1.724375551,1.565829661,6,5,two_open_b
108.389104,0.235850876,-1.127996792,2.060834360,-2.375820094,1.736475878,1.561204749,6,5,two_open_b
108.413346,0.232880343,-1.128091281,2.059262038,-2.376102307,1.761714553,1.555021586,6,5,two_open_b
108.437589,0.228552407,-1.127517542,2.057357230,-2.377095240,1.788176815,1.549355907,6,5,two_open_b
108.461831,0.224224470,-1.126943803,2.055452422,-2.378088172,1.814639077,1.543690229,6,5,two_open_b
108.486073,0.219896534,-1.126370064,2.053547614,-2.379081104,1.841101339,1.538024551,6,5,two_open_b
108.510316,0.215568597,-1.125796325,2.051642806,-2.380074037,1.867563600,1.532358872,6,5,two_open_b
108.534558,0.211240661,-1.125222586,2.049737998,-2.381066969,1.894025862,1.526693194,6,5,two_open_b
108.558801,0.207886367,-1.124986782,2.048192723,-2.382109725,1.911021246,1.524677485,6,5,two_open_b
108.583043,0.204532072,-1.124750977,2.046647447,-2.383152482,1.928016629,1.522661776,6,5,two_open_b
108.607286,0.201177778,-1.124515173,2.045102172,-2.384195238,1.945012012,1.520646066,6,5,two_open_b
108.631528,0.197852243,-1.124259556,2.043721981,-2.386325177,1.963438066,1.517671576,6,5,two_open_b
108.655770,0.197187566,-1.124139520,2.043925581,-2.390212191,1.972098773,1.513994880,6,5,two_open_b
108.680013,0.197284132,-1.124073000,2.044479875,-2.393862555,1.976902444,1.510775641,6,5,two_open_b
108.704255,0.197380699,-1.124006479,2.045034170,-2.397512920,1.981706114,1.507556401,6,5,two_open_b
108.728498,0.197477265,-1.123939958,2.045588464,-2.401163284,1.986509785,1.504337162,6,5,two_open_b
108.752740,0.197573832,-1.123873437,2.046142759,-2.404813648,1.991313456,1.501117923,6,5,two_open_b
108.776983,0.197670398,-1.123806916,2.046697053,-2.408464013,1.996117127,1.497898684,6,5,two_open_b
108.801225,0.197766965,-1.123740396,2.047251347,-2.412114377,2.000920798,1.494679445,6,5,two_open_b
108.825467,0.197863531,-1.123673875,2.047805642,-2.415764742,2.005724469,1.491460205,6,5,two_open_b
108.849710,0.197960098,-1.123607354,2.048359936,-2.419415106,2.010528140,1.488240966,6,5,two_open_b
108.873952,0.198027904,-1.123560645,2.048749146,-2.421978288,2.013901141,1.485980508,6,5,two_open_b
108.898195,0.198027904,-1.123560645,2.048749146,-2.421978288,2.013901141,1.485980508,6,5,two_open_b
108.922437,0.198027904,-1.123560645,2.048749146,-2.421978288,2.013901141,1.485980508,6,5,two_open_b
108.946680,0.198027904,-1.123560645,2.048749146,-2.421978288,2.013901141,1.485980508,6,5,two_open_b
108.970922,0.197886254,-1.123515004,2.048654131,-2.422545430,2.015148961,1.485379036,6,5,two_open_b
108.995164,0.196901638,-1.123197753,2.047993677,-2.426487660,2.023822621,1.481198173,6,5,two_open_b
109.019407,0.195917023,-1.122880501,2.047333223,-2.430429890,2.032496281,1.477017311,6,5,two_open_b
109.043649,0.194932407,-1.122563250,2.046672769,-2.434372120,2.041169941,1.472836448,6,5,two_open_b
109.067892,0.193947791,-1.122245999,2.046012315,-2.438314351,2.049843601,1.468655585,6,5,two_open_b
109.092134,0.192963176,-1.121928747,2.045351860,-2.442256581,2.058517261,1.464474723,6,5,two_open_b
109.116377,0.191978560,-1.121611496,2.044691406,-2.446198811,2.067190921,1.460293860,6,5,two_open_b
109.140619,0.190993944,-1.121294244,2.044030952,-2.450141041,2.075864581,1.456112998,6,5,two_open_b
109.164861,0.190009328,-1.120976993,2.043370498,-2.454083271,2.084538241,1.451932135,6,5,two_open_b
109.189104,0.188543138,-1.119404142,2.043402176,-2.461971428,2.099249031,1.443646891,6,5,two_open_b
109.213346,0.187162175,-1.117729825,2.043609959,-2.469754752,2.113419317,1.435482245,6,5,two_open_b
109.237589,0.186624178,-1.116327119,2.044383182,-2.474162987,2.120163764,1.430896989,6,5,two_open_b
109.261831,0.186086181,-1.114924412,2.045156405,-2.478571223,2.126908210,1.426311734,6,5,two_open_b
109.286073,0.185548184,-1.113521706,2.045929628,-2.482979458,2.133652657,1.421726478,6,5,two_open_b
109.310316,0.185010187,-1.112118999,2.046702850,-2.487387694,2.140397103,1.417141223,6,5,two_open_b
109.334558,0.184231176,-1.110176803,2.047581520,-2.493114975,2.148563048,1.412031891,6,5,two_open_b
109.358801,0.183013196,-1.107252013,2.048652245,-2.501244687,2.159318025,1.405968037,6,5,two_open_b
109.383043,0.181795216,-1.104327223,2.049722970,-2.509374400,2.170073002,1.399904184,6,5,two_open_b
109.407286,0.180577236,-1.101402433,2.050793695,-2.517504112,2.180827979,1.393840331,6,5,two_open_b
109.431528,0.179840831,-1.099733242,2.051172289,-2.521687898,2.185545826,1.391880859,6,5,two_open_b
109.455770,0.179160848,-1.098211159,2.051469791,-2.525409374,2.189556356,1.390402261,6,5,two_open_b
109.480013,0.178480865,-1.096689075,2.051767294,-2.529130851,2.193566887,1.388923663,6,5,two_open_b
109.504255,0.177855926,-1.094027401,2.052439559,-2.535043153,2.196645131,1.387793337,6,5,two_open_b
109.528498,0.177230987,-1.091365727,2.053111824,-2.540955455,2.199723375,1.386663010,6,5,two_open_b
109.552740,0.176606047,-1.088704053,2.053784089,-2.546867756,2.202801619,1.385532683,6,5,two_open_b
109.576983,0.176222123,-1.086581869,2.054350907,-2.551461012,2.204458365,1.384926433,6,5,two_open_b
109.601225,0.176236570,-1.085261890,2.054665468,-2.553792167,2.203567488,1.385447103,6,5,two_open_b
109.625467,0.176170006,-1.083581944,2.054859893,-2.556403351,2.202759245,1.386311798,6,5,two_open_b
109.649710,0.176022431,-1.081542031,2.054934184,-2.559294565,2.202033634,1.387520516,6,5,two_open_b
109.673952,0.175793846,-1.079142152,2.054888341,-2.562465808,2.201390656,1.389073257,6,5,two_open_b
109.698195,0.175533271,-1.076600131,2.054795059,-2.565747628,2.200780308,1.390761846,6,5,two_open_b
109.722437,0.175272696,-1.074058109,2.054701777,-2.569029447,2.200169960,1.392450434,6,5,two_open_b
109.746680,0.174957077,-1.072655679,2.054233732,-2.570120442,2.200491898,1.393790751,6,5,two_open_b
109.770922,0.174641458,-1.071253248,2.053765688,-2.571211436,2.200813836,1.395131068,6,5,two_open_b
109.795164,0.174325840,-1.069850817,2.053297643,-2.572302431,2.201135774,1.396471385,6,5,two_open_b
109.819407,0.174010221,-1.068448386,2.052829599,-2.573393425,2.201457712,1.397811702,6,5,two_open_b
109.843649,0.173735199,-1.067226344,2.052421756,-2.574344090,2.201738240,1.398979620,6,5,two_open_b
109.867892,0.173473426,-1.065223596,2.050977783,-2.575202238,2.202636379,1.400500619,6,5,two_open_b
109.892134,0.173292665,-1.063580815,2.049653943,-2.575780356,2.203451885,1.401677595,6,5,two_open_b
109.916377,0.173192914,-1.062298000,2.048450239,-2.576078445,2.204184758,1.402510546,6,5,two_open_b
109.940619,0.173125153,-1.061157328,2.047293972,-2.576265957,2.204885001,1.403207651,6,5,two_open_b
109.964861,0.173057392,-1.060016655,2.046137706,-2.576453470,2.205585244,1.403904756,6,5,two_open_b
109.989104,0.172989630,-1.058875982,2.044981440,-2.576640982,2.206285487,1.404601861,6,5,two_open_b
110.013346,0.172921869,-1.057735310,2.043825173,-2.576828494,2.206985730,1.405298966,6,5,two_open_b
110.037589,0.172854108,-1.056594637,2.042668907,-2.577016006,2.207685974,1.405996071,6,5,two_open_b
110.061831,0.173680505,-1.054540721,2.040730113,-2.575983874,2.206619002,1.410731400,6,5,two_open_b
110.086073,0.174506903,-1.052486805,2.038791319,-2.574951742,2.205552031,1.415466729,6,5,two_open_b
110.110316,0.175401061,-1.051573562,2.038008791,-2.573732098,2.203784816,1.419504953,6,5,two_open_b
110.134558,0.176295220,-1.050660318,2.037226264,-2.572512453,2.202017602,1.423543177,6,5,two_open_b
110.158801,0.177189379,-1.049747075,2.036443736,-2.571292809,2.200250387,1.427581401,6,5,two_open_b
110.183043,0.178083538,-1.048833832,2.035661208,-2.570073165,2.198483173,1.431619625,6,5,two_open_b
110.207286,0.178977697,-1.047920588,2.034878681,-2.568853520,2.196715958,1.435657849,6,5,two_open_b
110.231528,0.180848895,-1.047187504,2.032686745,-2.566931525,2.196189113,1.442608222,6,5,two_open_b
110.255770,0.182720093,-1.046454420,2.030494809,-2.565009531,2.195662268,1.449558594,6,5,two_open_b
110.280013,0.184591291,-1.045721336,2.028302873,-2.563087536,2.195135422,1.456508967,6,5,two_open_b
110.304255,0.185568331,-1.045901496,2.026893465,-2.562385185,2.196375791,1.459421115,6,5,two_open_b
110.328498,0.186545370,-1.046081655,2.025484057,-2.561682835,2.197616160,1.462333264,6,5,two_open_b
110.352740,0.187829237,-1.046541177,2.023765370,-2.560723141,2.198325523,1.465853139,6,5,two_open_b
110.376983,0.189634253,-1.047475201,2.021521370,-2.559326346,2.198132963,1.470405246,6,5,two_open_b
110.401225,0.191960420,-1.048883725,2.018752055,-2.557492449,2.197038480,1.475989584,6,5,two_open_b
110.425467,0.194420783,-1.050414434,2.015847472,-2.555545999,2.195711752,1.481839723,6,5,two_open_b
110.449710,0.196881145,-1.051945143,2.012942890,-2.553599549,2.194385024,1.487689862,6,5,two_open_b
110.473952,0.199124412,-1.054296980,2.011288797,-2.552571288,2.190110225,1.491022194,6,5,two_open_b
110.498195,0.201779701,-1.057191687,2.009548544,-2.551660049,2.184909554,1.494568329,6,5,two_open_b
110.522437,0.204434989,-1.060086395,2.007808290,-2.550748811,2.179708884,1.498114464,6,5,two_open_b
110.546680,0.207280339,-1.063373915,2.006005100,-2.549944527,2.174122437,1.501503428,6,5,two_open_b
110.570922,0.210354198,-1.067133708,2.004126243,-2.549268832,2.168072178,1.504703425,6,5,two_open_b
110.595164,0.213349739,-1.071086411,2.002480997,-2.548979071,2.162089114,1.507106731,6,5,two_open_b
110.619407,0.216052638,-1.075036886,2.001285398,-2.549255001,2.156544160,1.508288839,6,5,two_open_b
110.643649,0.218246841,-1.078538597,2.000610989,-2.549975041,2.151875851,1.508428417,6,5,two_open_b
110.667892,0.220961372,-1.083426315,2.000134194,-2.551226390,2.145456058,1.507609872,6,5,two_open_b
110.692134,0.223700085,-1.088369755,1.999659703,-2.552493210,2.138962975,1.506765747,6,5,two_open_b
110.716377,0.225678854,-1.092311907,1.999344130,-2.553544191,2.134177595,1.505527280,6,5,two_open_b
110.740619,0.227245603,-1.095711188,1.999114718,-2.554478150,2.130318086,1.504075011,6,5,two_open_b
110.764861,0.228812351,-1.099110470,1.998885305,-2.555412109,2.126458577,1.502622742,6,5,two_open_b
110.789104,0.230189037,-1.102116938,1.998718829,-2.556239114,2.122984844,1.501327645,6,5,two_open_b
110.813346,0.231337214,-1.104651134,1.998628020,-2.556937528,2.119974923,1.500221513,6,5,two_open_b
110.837589,0.232256883,-1.106713057,1.998612879,-2.557507353,2.117428814,1.499304347,6,5,two_open_b
110.861831,0.232948043,-1.108302707,1.998673405,-2.557948588,2.115346518,1.498576146,6,5,two_open_b
110.886073,0.233626749,-1.109866619,1.998738055,-2.558382815,2.113289499,1.497858243,6,5,two_open_b
110.910316,0.233650931,-1.109922340,1.998740358,-2.558398286,2.113216209,1.497832665,6,5,two_open_b
110.934558,0.233813856,-1.110235340,1.998692994,-2.555119739,2.106224965,1.500609608,6,5,two_open_b
110.958801,0.233976780,-1.110548340,1.998645630,-2.551841193,2.099233722,1.503386550,6,5,two_open_b
110.983043,0.234139705,-1.110861341,1.998598265,-2.548562646,2.092242478,1.506163493,6,5,two_open_b
111.007286,0.234302629,-1.111174341,1.998550901,-2.545284100,2.085251235,1.508940435,6,5,two_open_b
111.031528,0.234465554,-1.111487341,1.998503537,-2.542005553,2.078259991,1.511717378,6,5,two_open_b
111.055770,0.234628479,-1.111800341,1.998456173,-2.538727006,2.071268747,1.514494320,6,5,two_open_b
111.080013,0.234791403,-1.112113341,1.998408809,-2.535448460,2.064277504,1.517271262,6,5,two_open_b
111.104255,0.234954328,-1.112426342,1.998361444,-2.532169913,2.057286260,1.520048205,6,5,two_open_b
111.128498,0.235117252,-1.112739342,1.998314080,-2.528891367,2.050295017,1.522825148,6,5,two_open_b
111.152740,0.235280177,-1.113052342,1.998266716,-2.525612820,2.043303773,1.525602090,6,5,two_open_b
111.176983,0.235280177,-1.113052342,1.998266716,-2.525612820,2.043303773,1.525602090,6,5,two_open_b
111.201225,0.235495168,-1.113359787,1.998115421,-2.525064369,2.044705486,1.524458489,6,5,two_open_b
111.225467,0.235910582,-1.113953846,1.997823082,-2.524004626,2.047413942,1.522248769,6,5,two_open_b
111.249710,0.236325997,-1.114547905,1.997530743,-2.522944883,2.050122397,1.520039049,6,5,two_open_b
111.273952,0.236741412,-1.115141965,1.997238403,-2.521885140,2.052830853,1.517829329,6,5,two_open_b
111.298195,0.237156827,-1.115736024,1.996946064,-2.520825398,2.055539309,1.515619609,6,5,two_open_b
111.322437,0.237572242,-1.116330083,1.996653725,-2.519765655,2.058247764,1.513409889,6,5,two_open_b
111.346680,0.237987656,-1.116924143,1.996361386,-2.518705912,2.060956220,1.511200169,6,5,two_open_b
111.370922,0.238403071,-1.117518202,1.996069047,-2.517646169,2.063664675,1.508990449,6,5,two_open_b
111.395164,0.238818486,-1.118112261,1.995776707,-2.516586426,2.066373131,1.506780729,6,5,two_open_b
111.419407,0.239233901,-1.118706321,1.995484368,-2.515526684,2.069081587,1.504571009,6,5,two_open_b
111.443649,0.239434325,-1.118992935,1.995343324,-2.515015392,2.070388329,1.503504890,6,5,two_open_b
111.467892,0.239434325,-1.118992935,1.995343324,-2.515015392,2.070388329,1.503504890,6,5,two_open_b
111.492134,0.239434325,-1.118992935,1.995343324,-2.515015392,2.070388329,1.503504890,6,5,two_open_b
111.516377,0.239434325,-1.118992935,1.995343324,-2.515015392,2.070388329,1.503504890,6,5,two_open_b
111.540619,0.239434325,-1.118992935,1.995343324,-2.515015392,2.070388329,1.503504890,6,5,two_open_b
111.564861,0.239434325,-1.118992935,1.995343324,-2.515015392,2.070388329,1.503504890,6,5,two_open_b
111.589104,0.239434325,-1.118992935,1.995343324,-2.515015392,2.070388329,1.503504890,6,5,two_open_b
111.613346,0.239434325,-1.118992935,1.995343324,-2.515015392,2.070388329,1.503504890,6,5,two_open_b
111.637589,0.239434325,-1.118992935,1.995343324,-2.515015392,2.070388329,1.503504890,6,5,two_open_b
111.661831,0.239434325,-1.118992935,1.995343324,-2.515015392,2.070388329,1.503504890,6,5,two_open_b
111.686073,0.239434325,-1.118992935,1.995343324,-2.515015392,2.070388329,1.503504890,6,5,two_open_b
111.710316,0.239434325,-1.118992935,1.995343324,-2.515015392,2.070388329,1.503504890,6,5,two_open_b
111.734558,0.239434325,-1.118992935,1.995343324,-2.515015392,2.070388329,1.503504890,6,5,two_open_b
111.758801,0.239434325,-1.118992935,1.995343324,-2.515015392,2.070388329,1.503504890,6,5,two_open_b
111.783043,0.239434325,-1.118992935,1.995343324,-2.515015392,2.070388329,1.503504890,6,5,two_open_b
111.807286,0.239434325,-1.118992935,1.995343324,-2.515015392,2.070388329,1.503504890,6,5,two_open_b
111.831528,0.239434325,-1.118992935,1.995343324,-2.515015392,2.070388329,1.503504890,6,5,two_open_b
111.855770,0.239434325,-1.118992935,1.995343324,-2.515015392,2.070388329,1.503504890,6,5,two_open_b
111.880013,0.238850209,-1.117476095,1.995942954,-2.515153411,2.073219478,1.502380510,6,5,two_open_b
111.904255,0.238266093,-1.115959254,1.996542583,-2.515291430,2.076050626,1.501256129,6,5,two_open_b
111.928498,0.237681977,-1.114442414,1.997142213,-2.515429450,2.078881775,1.500131749,6,5,two_open_b
111.952740,0.237097861,-1.112925573,1.997741842,-2.515567469,2.081712924,1.499007369,6,5,two_open_b
111.976983,0.235853764,-1.110164634,1.998833985,-2.515073759,2.086114666,1.497457606,6,5,two_open_b
112.001225,0.234609667,-1.107403695,1.999926128,-2.514580049,2.090516409,1.495907844,6,5,two_open_b
112.025467,0.233365570,-1.104642756,2.001018270,-2.514086340,2.094918151,1.494358082,6,5,two_open_b
112.049710,0.232121473,-1.101881817,2.002110413,-2.513592630,2.099319893,1.492808319,6,5,two_open_b
112.073952,0.230580372,-1.098009167,2.003685819,-2.511254240,2.104042772,1.492125460,6,5,two_open_b
112.098195,0.229039270,-1.094136518,2.005261225,-2.508915850,2.108765650,1.491442601,6,5,two_open_b
112.122437,0.228082285,-1.091780709,2.006237001,-2.506439441,2.110657379,1.491884122,6,5,two_open_b
112.146680,0.227086727,-1.088318355,2.008184838,-2.502761787,2.111390388,1.492855441,6,5,two_open_b
112.170922,0.226091169,-1.084856001,2.010132676,-2.499084132,2.112123398,1.493826760,6,5,two_open_b
112.195164,0.225095612,-1.081393647,2.012080513,-2.495406478,2.112856407,1.494798079,6,5,two_open_b
112.219407,0.224413130,-1.077972596,2.014008114,-2.490971598,2.112275332,1.496449008,6,5,two_open_b
112.243649,0.223730649,-1.074551545,2.015935714,-2.486536717,2.111694257,1.498099937,6,5,two_open_b
112.267892,0.223048168,-1.071130494,2.017863314,-2.482101837,2.111113182,1.499750866,6,5,two_open_b
112.292134,0.222373596,-1.067542762,2.019921361,-2.477514356,2.110293105,1.501326097,6,5,two_open_b
112.316377,0.222017565,-1.064612878,2.021851343,-2.474356035,2.108501105,1.501828304,6,5,two_open_b
112.340619,0.221683070,-1.061229133,2.024136522,-2.470782192,2.106058317,1.502124391,6,5,two_open_b
112.364861,0.221364203,-1.057516053,2.026679442,-2.466906837,2.103143302,1.502270911,6,5,two_open_b
112.389104,0.221083908,-1.054909519,2.028250300,-2.464232727,2.101387007,1.501887633,6,5,two_open_b
112.413346,0.220803613,-1.052302985,2.029821159,-2.461558617,2.099630712,1.501504355,6,5,two_open_b
112.437589,0.221576456,-1.048577334,2.032304042,-2.456925210,2.093243571,1.500288350,6,5,two_open_b
112.461831,0.222696203,-1.046054479,2.034314649,-2.453680758,2.086599922,1.498818117,6,5,two_open_b
112.486073,0.223815950,-1.043531624,2.036325256,-2.450436306,2.079956273,1.497347884,6,5,two_open_b
112.510316,0.224935697,-1.041008769,2.038335863,-2.447191854,2.073312624,1.495877651,6,5,two_open_b
112.534558,0.227792772,-1.038460030,2.040986399,-2.442935165,2.061214601,1.493850102,6,5,two_open_b
112.558801,0.232556215,-1.036152432,2.044132747,-2.437807240,2.043478080,1.491329403,6,5,two_open_b
112.583043,0.237820584,-1.034241049,2.047154521,-2.432746124,2.024687951,1.488825324,6,5,two_open_b
112.607286,0.243211994,-1.032622091,2.049958037,-2.427871793,2.006055996,1.486365144,6,5,two_open_b
112.631528,0.251210241,-1.030328726,2.053482976,-2.420901140,1.981685626,1.481974220,6,5,two_open_b
112.655770,0.259208487,-1.028035361,2.057007916,-2.413930487,1.957315256,1.477583297,6,5,two_open_b
112.680013,0.266153597,-1.026861113,2.059620831,-2.408919132,1.937575731,1.474025100,6,5,two_open_b
112.704255,0.273098706,-1.025686865,2.062233746,-2.403907776,1.917836206,1.470466904,6,5,two_open_b
112.728498,0.281477407,-1.024107798,2.066094168,-2.398574629,1.897384550,1.465268224,6,5,two_open_b
112.752740,0.289878519,-1.022522402,2.069974093,-2.393236452,1.876921760,1.460043898,6,5,two_open_b
112.776983,0.296534394,-1.021129572,2.073083642,-2.389063112,1.862152346,1.455452586,6,5,two_open_b
112.801225,0.301434765,-1.019819946,2.075304930,-2.385953610,1.853896920,1.451433198,6,5,two_open_b
112.825467,0.306666817,-1.017926293,2.077111036,-2.382088387,1.848459163,1.446972385,6,5,two_open_b
112.849710,0.311756201,-1.016069550,2.078877659,-2.378337891,1.843335459,1.442617239,6,5,two_open_b
112.873952,0.315813111,-1.014728883,2.082089505,-2.378039186,1.842921374,1.439725466,6,5,two_open_b
112.898195,0.319870020,-1.013388216,2.085301351,-2.377740480,1.842507288,1.436833693,6,5,two_open_b
112.922437,0.323926930,-1.012047550,2.088513197,-2.377441775,1.842093203,1.433941920,6,5,two_open_b
112.946680,0.327538995,-1.010061476,2.091718997,-2.377832498,1.849062208,1.431743749,6,5,two_open_b
112.970922,0.329717469,-1.008480221,2.093677291,-2.378545012,1.856743345,1.431186063,6,5,two_open_b
112.995164,0.331873531,-1.006905295,2.095616082,-2.379262556,1.864435614,1.430654022,6,5,two_open_b
113.019407,0.333369732,-1.005131858,2.098281250,-2.382276509,1.878524080,1.430057718,6,5,two_open_b
113.043649,0.334296667,-1.003368547,2.101420539,-2.386894522,1.896234740,1.429550111,6,5,two_open_b
113.067892,0.334369460,-1.002246910,2.104744386,-2.392616969,1.912832128,1.429673430,6,5,two_open_b
113.092134,0.334391996,-1.000377634,2.106714657,-2.398292102,1.936033541,1.429307623,6,5,two_open_b
113.116377,0.332840170,-0.998666687,2.106518283,-2.402611766,1.960263750,1.429409187,6,5,two_open_b
113.140619,0.331980863,-0.996819386,2.106022933,-2.407078560,1.986423254,1.430171757,6,5,two_open_b
113.164861,0.331426597,-0.994912023,2.105395891,-2.411610163,2.013432577,1.431225488,6,5,two_open_b
113.189104,0.331695132,-0.993603920,2.104560929,-2.415189082,2.033099229,1.431992005,6,5,two_open_b
113.213346,0.333232880,-0.992140855,2.103007454,-2.417883966,2.052901612,1.434123208,6,5,two_open_b
113.237589,0.334966907,-0.990677956,2.101425437,-2.420747234,2.073075213,1.436484348,6,5,two_open_b
113.261831,0.337639306,-0.989413803,2.099076544,-2.421553021,2.087379354,1.439236016,6,5,two_open_b
113.286073,0.340987078,-0.988269276,2.096250281,-2.421216593,2.098363334,1.442352601,6,5,two_open_b
113.310316,0.344568590,-0.987124948,2.093390030,-2.421080685,2.109789377,1.445743005,6,5,two_open_b
113.334558,0.348847516,-0.986786755,2.091698694,-2.421350816,2.115532528,1.450052764,6,5,two_open_b
113.358801,0.353734581,-0.986503532,2.089833833,-2.421958042,2.122141271,1.454766812,6,5,two_open_b
113.383043,0.357929128,-0.986356663,2.088267946,-2.422418138,2.126820718,1.458819855,6,5,two_open_b
113.407286,0.362865525,-0.986682825,2.085570705,-2.423153530,2.133300169,1.462729368,6,5,two_open_b
113.431528,0.367653484,-0.987117699,2.083002283,-2.424277220,2.139732342,1.466117986,6,5,two_open_b
113.455770,0.371803864,-0.987879717,2.080918059,-2.426629057,2.146009913,1.467826800,6,5,two_open_b
113.480013,0.376069122,-0.988726389,2.078746947,-2.428982030,2.151906970,1.469150442,6,5,two_open_b
113.504255,0.380055871,-0.989572826,2.076616334,-2.431096076,2.157277290,1.470147818,6,5,two_open_b
113.528498,0.384268814,-0.990571444,2.074659420,-2.433772111,2.162183510,1.470153853,6,5,two_open_b
113.552740,0.388931725,-0.991776341,2.072916938,-2.437332608,2.166732521,1.468985111,6,5,two_open_b
113.576983,0.392947478,-0.992922741,2.071359115,-2.440534379,2.170360399,1.467386139,6,5,two_open_b
113.601225,0.397044751,-0.994281500,2.070406944,-2.444311901,2.172095731,1.464550173,6,5,two_open_b
113.625467,0.402209771,-0.996054142,2.070123800,-2.449502716,2.172241107,1.460424992,6,5,two_open_b
113.649710,0.406327899,-0.997413815,2.071103704,-2.454353427,2.169736662,1.456152181,6,5,two_open_b
113.673952,0.410216507,-0.998710922,2.072168752,-2.459079095,2.167239074,1.451993875,6,5,two_open_b
113.698195,0.413473482,-0.999835848,2.073468116,-2.463460650,2.164760358,1.448150688,6,5,two_open_b
113.722437,0.416419300,-1.000875954,2.074882911,-2.467672686,2.162290938,1.444462736,6,5,two_open_b
113.746680,0.421160640,-1.002883514,2.077867750,-2.475120169,2.156523487,1.436006913,6,5,two_open_b
113.770922,0.425397277,-1.004738657,2.080719390,-2.481766736,2.150693399,1.428216165,6,5,two_open_b
113.795164,0.428950206,-1.006387323,2.083390588,-2.487328322,2.144778456,1.421326375,6,5,two_open_b
113.819407,0.432503135,-1.008035989,2.086061786,-2.492889909,2.138863514,1.414436585,6,5,two_open_b
113.843649,0.435366404,-1.009417327,2.088300859,-2.497538648,2.133975527,1.408379500,6,5,two_open_b
113.867892,0.437161927,-1.010384782,2.089870904,-2.500774094,2.130677495,1.403611630,6,5,two_open_b
113.892134,0.438957450,-1.011352238,2.091440949,-2.504009541,2.127379463,1.398843759,6,5,two_open_b
113.916377,0.440752972,-1.012319693,2.093010995,-2.507244988,2.124081431,1.394075888,6,5,two_open_b
113.940619,0.442548495,-1.013287149,2.094581041,-2.510480435,2.120783399,1.389308018,6,5,two_open_b
113.964861,0.444117091,-1.015251632,2.098543124,-2.518757440,2.118255505,1.379708397,6,5,two_open_b
113.989104,0.443836647,-1.016483791,2.101499279,-2.524987954,2.119207266,1.373737169,6,5,two_open_b
114.013346,0.443556203,-1.017715949,2.104455434,-2.531218468,2.120159027,1.367765942,6,5,two_open_b
114.037589,0.443275759,-1.018948107,2.107411589,-2.537448981,2.121110787,1.361794714,6,5,two_open_b
114.061831,0.442995316,-1.020180266,2.110367744,-2.543679495,2.122062548,1.355823487,6,5,two_open_b
114.086073,0.442714872,-1.021412424,2.113323899,-2.549910009,2.123014309,1.349852259,6,5,two_open_b
114.110316,0.442434428,-1.022644583,2.116280054,-2.556140523,2.123966069,1.343881032,6,5,two_open_b
114.134558,0.442576297,-1.024918114,2.119441751,-2.562817949,2.121372352,1.338361264,6,5,two_open_b
114.158801,0.442942706,-1.027745334,2.122712731,-2.569732993,2.116893540,1.333081534,6,5,two_open_b
114.183043,0.443309114,-1.030572554,2.125983712,-2.576648038,2.112414727,1.327801804,6,5,two_open_b
114.207286,0.443902450,-1.032402746,2.126862655,-2.578521524,2.107165777,1.327353824,6,5,two_open_b
114.231528,0.444752828,-1.035269343,2.126280649,-2.579251605,2.098774386,1.329217898,6,5,two_open_b
114.255770,0.445603206,-1.038135941,2.125698642,-2.579981685,2.090382994,1.331081973,6,5,two_open_b
114.280013,0.446453584,-1.041002538,2.125116635,-2.580711765,2.081991603,1.332946047,6,5,two_open_b
114.304255,0.447369724,-1.044234476,2.124460918,-2.581553427,2.072457029,1.335335322,6,5,two_open_b
114.328498,0.448354960,-1.047850275,2.123727753,-2.582512327,2.061721316,1.338276424,6,5,two_open_b
114.352740,0.449409293,-1.051849935,2.122917140,-2.583588465,2.049784464,1.341769352,6,5,two_open_b
114.376983,0.450070358,-1.054969588,2.121868429,-2.584266975,2.040888162,1.345042794,6,5,two_open_b
114.401225,0.450506885,-1.057535552,2.120710433,-2.584707867,2.033876956,1.348076198,6,5,two_open_b
114.425467,0.450931193,-1.060216016,2.119393514,-2.585082570,2.026648941,1.351346075,6,5,two_open_b
114.449710,0.451233071,-1.064043801,2.116484129,-2.584794047,2.017248436,1.356985471,6,5,two_open_b
114.473952,0.451331423,-1.066600050,2.114471576,-2.584459974,2.010808748,1.361452291,6,5,two_open_b
114.498195,0.451429776,-1.069156298,2.112459024,-2.584125901,2.004369061,1.365919110,6,5,two_open_b
114.522437,0.451528129,-1.071712547,2.110446471,-2.583791828,1.997929374,1.370385930,6,5,two_open_b
114.546680,0.451490943,-1.074110320,2.108221578,-2.583357409,1.992522546,1.374699008,6,5,two_open_b
114.570922,0.451153229,-1.076810350,2.105125373,-2.582843013,1.987950937,1.379692299,6,5,two_open_b
114.595164,0.450696113,-1.079275662,2.101900380,-2.582219479,1.984500925,1.384401578,6,5,two_open_b
114.619407,0.450209950,-1.081579609,2.098707943,-2.581546660,1.981555842,1.388878882,6,5,two_open_b
114.643649,0.449723787,-1.083883556,2.095515506,-2.580873842,1.978610759,1.393356187,6,5,two_open_b
114.667892,0.449249842,-1.086073004,2.092481993,-2.580267212,1.975882484,1.397597020,6,5,two_open_b
114.692134,0.448898327,-1.087115130,2.091040946,-2.580323809,1.975326699,1.399468333,6,5,two_open_b
114.716377,0.447195552,-1.088922973,2.088093942,-2.581488088,1.977340165,1.402358472,6,5,two_open_b
114.740619,0.445492777,-1.090730815,2.085146938,-2.582652366,1.979353630,1.405248610,6,5,two_open_b
114.764861,0.443790003,-1.092538658,2.082199933,-2.583816645,1.981367095,1.408138749,6,5,two_open_b
114.789104,0.442157005,-1.094139636,2.079538980,-2.584969690,1.983490885,1.410657427,6,5,two_open_b
114.813346,0.440755437,-1.095054496,2.077826787,-2.586085472,1.985980593,1.411944067,6,5,two_open_b
114.837589,0.439404178,-1.095820212,2.076320830,-2.587193154,1.988549843,1.412962892,6,5,two_open_b
114.861831,0.438052918,-1.096585928,2.074814873,-2.588300836,1.991119093,1.413981717,6,5,two_open_b
114.886073,0.436981550,-1.098100226,2.072576253,-2.588927240,1.991106534,1.416045538,6,5,two_open_b
114.910316,0.436120858,-1.100177990,2.069786148,-2.589191382,1.989150616,1.418895939,6,5,two_open_b
114.934558,0.435260167,-1.102255755,2.066996043,-2.589455524,1.987194699,1.421746340,6,5,two_open_b
114.958801,0.435750735,-1.103567803,2.065711895,-2.588611984,1.982669532,1.423577915,6,5,two_open_b
114.983043,0.436241304,-1.104879852,2.064427747,-2.587768443,1.978144364,1.425409491,6,5,two_open_b
115.007286,0.436708424,-1.107502786,2.061903768,-2.586363244,1.971625235,1.428423415,6,5,two_open_b
115.031528,0.437175544,-1.110125720,2.059379789,-2.584958044,1.965106105,1.431437340,6,5,two_open_b
115.055770,0.437642664,-1.112748653,2.056855810,-2.583552844,1.958586975,1.434451264,6,5,two_open_b
115.080013,0.438109785,-1.115371587,2.054331831,-2.582147644,1.952067845,1.437465189,6,5,two_open_b
115.104255,0.438576905,-1.117994521,2.051807852,-2.580742444,1.945548716,1.440479113,6,5,two_open_b
115.128498,0.438288789,-1.121105584,2.049521548,-2.580071733,1.943524434,1.442922054,6,5,two_open_b
115.152740,0.437789997,-1.123653181,2.047786729,-2.579763286,1.943443509,1.444578415,6,5,two_open_b
115.176983,0.437291204,-1.126200778,2.046051909,-2.579454838,1.943362585,1.446234775,6,5,two_open_b
115.201225,0.436792411,-1.128748375,2.044317090,-2.579146391,1.943281661,1.447891135,6,5,two_open_b
115.225467,0.436293619,-1.131295972,2.042582270,-2.578837943,1.943200736,1.449547496,6,5,two_open_b
115.249710,0.435818274,-1.132532684,2.042087281,-2.579091155,1.945113775,1.450021508,6,5,two_open_b
115.273952,0.435342930,-1.133769396,2.041592292,-2.579344367,1.947026813,1.450495519,6,5,two_open_b
115.298195,0.434528941,-1.135140886,2.040895265,-2.579434834,1.950644696,1.450910090,6,5,two_open_b
115.322437,0.433120317,-1.136749037,2.039843471,-2.579239535,1.957256160,1.451220287,6,5,two_open_b
115.346680,0.431117059,-1.138593848,2.038436912,-2.578758467,1.966861206,1.451426110,6,5,two_open_b
115.370922,0.429173793,-1.139367256,2.037277537,-2.577824579,1.976644231,1.451085017,6,5,two_open_b
115.395164,0.427230526,-1.140140663,2.036118163,-2.576890692,1.986427256,1.450743924,6,5,two_open_b
115.419407,0.425287260,-1.140914070,2.034958789,-2.575956804,1.996210281,1.450402830,6,5,two_open_b
115.443649,0.423343994,-1.141687478,2.033799415,-2.575022916,2.005993306,1.450061737,6,5,two_open_b
115.467892,0.421400728,-1.142460885,2.032640040,-2.574089028,2.015776331,1.449720644,6,5,two_open_b
115.492134,0.417182853,-1.142829189,2.031785861,-2.573707558,2.033887493,1.449803880,6,5,two_open_b
115.516377,0.412964978,-1.143197494,2.030931681,-2.573326088,2.051998655,1.449887115,6,5,two_open_b
115.540619,0.409085747,-1.143431020,2.030279540,-2.573107363,2.068404973,1.450029792,6,5,two_open_b
115.564861,0.405801151,-1.143427885,2.029982166,-2.573174405,2.081817708,1.450276842,6,5,two_open_b
115.589104,0.403111190,-1.143188089,2.030039556,-2.573527214,2.092236863,1.450628266,6,5,two_open_b
115.613346,0.400836580,-1.142782986,2.030344751,-2.574079632,2.100565000,1.451052595,6,5,two_open_b
115.637589,0.398561971,-1.142377883,2.030649946,-2.574632050,2.108893137,1.451476924,6,5,two_open_b
115.661831,0.394500674,-1.141153850,2.031591119,-2.575617924,2.122231591,1.453247476,6,5,two_open_b
115.686073,0.390439376,-1.139929818,2.032532291,-2.576603798,2.135570045,1.455018028,6,5,two_open_b
115.710316,0.386378078,-1.138705786,2.033473464,-2.577589672,2.148908499,1.456788579,6,5,two_open_b
115.734558,0.384591390,-1.137886857,2.034109442,-2.578023129,2.153918816,1.458134802,6,5,two_open_b
115.758801,0.382804702,-1.137067929,2.034745420,-2.578456585,2.158929132,1.459481025,6,5,two_open_b
115.783043,0.381018013,-1.136249000,2.035381399,-2.578890041,2.163939449,1.460827248,6,5,two_open_b
115.807286,0.379231325,-1.135430071,2.036017377,-2.579323498,2.168949766,1.462173471,6,5,two_open_b
115.831528,0.375397722,-1.133881990,2.037746734,-2.581441112,2.180524305,1.464191764,6,5,two_open_b
115.855770,0.371564119,-1.132333908,2.039476092,-2.583558727,2.192098845,1.466210057,6,5,two_open_b
115.880013,0.367730516,-1.130785827,2.041205450,-2.585676341,2.203673384,1.468228351,6,5,two_open_b
115.904255,0.365683602,-1.130056675,2.042298829,-2.587360499,2.210237607,1.468900421,6,5,two_open_b
115.928498,0.363636688,-1.129327523,2.043392209,-2.589044657,2.216801830,1.469572491,6,5,two_open_b
115.952740,0.361589774,-1.128598370,2.044485589,-2.590728815,2.223366053,1.470244562,6,5,two_open_b
115.976983,0.359542860,-1.127869218,2.045578968,-2.592412973,2.229930276,1.470916632,6,5,two_open_b
116.001225,0.357495945,-1.127140066,2.046672348,-2.594097131,2.236494498,1.471588703,6,5,two_open_b
116.025467,0.352196079,-1.125823093,2.047067593,-2.597555259,2.255470076,1.471484161,6,5,two_open_b
116.049710,0.346896212,-1.124506120,2.047462837,-2.601013387,2.274445654,1.471379620,6,5,two_open_b
116.073952,0.343643260,-1.123918300,2.046764703,-2.602787357,2.286857009,1.470603007,6,5,two_open_b
116.098195,0.340390307,-1.123330479,2.046066568,-2.604561327,2.299268364,1.469826395,6,5,two_open_b
116.122437,0.335048905,-1.122663551,2.045377154,-2.607945790,2.318431684,1.467817222,6,5,two_open_b
116.146680,0.329707503,-1.121996624,2.044687740,-2.611330254,2.337595004,1.465808048,6,5,two_open_b
116.170922,0.324366100,-1.121329696,2.043998326,-2.614714717,2.356758324,1.463798875,6,5,two_open_b
116.195164,0.319024698,-1.120662768,2.043308913,-2.618099181,2.375921644,1.461789702,6,5,two_open_b
116.219407,0.313683296,-1.119995840,2.042619499,-2.621483645,2.395084965,1.459780528,6,5,two_open_b
116.243649,0.308341894,-1.119328912,2.041930085,-2.624868108,2.414248285,1.457771355,6,5,two_open_b
116.267892,0.306253444,-1.119249805,2.041938806,-2.626478602,2.421000250,1.456538794,6,5,two_open_b
116.292134,0.301851440,-1.118569139,2.039775029,-2.628108830,2.437863176,1.456798868,6,5,two_open_b
116.316377,0.296098068,-1.117537098,2.036342277,-2.629750586,2.460632001,1.457930803,6,5,two_open_b
116.340619,0.290344696,-1.116505058,2.032909525,-2.631392341,2.483400827,1.459062739,6,5,two_open_b
116.364861,0.286679774,-1.115552124,2.029468052,-2.631423603,2.499417688,1.461427235,6,5,two_open_b
116.389104,0.281855041,-1.114112334,2.024348165,-2.631110410,2.520941481,1.464602723,6,5,two_open_b
116.413346,0.275711219,-1.112118823,2.017319360,-2.630405459,2.548728490,1.468700578,6,5,two_open_b
116.437589,0.268757969,-1.109785537,2.009119197,-2.629460115,2.580358765,1.473364421,6,5,two_open_b
116.461831,0.261804720,-1.107452251,2.000919034,-2.628514771,2.611989041,1.478028264,6,5,two_open_b
116.486073,0.254851470,-1.105118965,1.992718871,-2.627569427,2.643619316,1.482692106,6,5,two_open_b
116.510316,0.247898221,-1.102785679,1.984518708,-2.626624082,2.675249591,1.487355949,6,5,two_open_b
116.534558,0.242324287,-1.100811051,1.977392068,-2.624710835,2.699467253,1.493206273,6,5,two_open_b
116.558801,0.237113679,-1.098930909,1.970372141,-2.621783288,2.720632754,1.501018138,6,5,two_open_b
116.583043,0.231903071,-1.097050767,1.963352214,-2.618855742,2.741798256,1.508830002,6,5,two_open_b
116.607286,0.226692463,-1.095170625,1.956332287,-2.615928195,2.762963758,1.516641867,6,5,two_open_b
116.631528,0.222641666,-1.093777341,1.950990774,-2.613345102,2.778622327,1.523642740,6,5,two_open_b
116.655770,0.219909958,-1.092937776,1.947558178,-2.611153769,2.788017680,1.529721246,6,5,two_open_b
116.680013,0.217987678,-1.092437987,1.945296941,-2.609202828,2.793569767,1.535233765,6,5,two_open_b
116.704255,0.216027813,-1.091943186,1.942958801,-2.607179342,2.799217264,1.540906400,6,5,two_open_b
116.728498,0.212894071,-1.091604200,1.938218692,-2.602889987,2.807844727,1.551580072,6,5,two_open_b
116.752740,0.209760328,-1.091265213,1.933478583,-2.598600632,2.816472191,1.562253744,6,5,two_open_b
116.776983,0.207560826,-1.091169127,1.929837449,-2.595259446,2.822401307,1.570248299,6,5,two_open_b
116.801225,0.206349364,-1.091329929,1.927358577,-2.592921031,2.825476683,1.575409453,6,5,two_open_b
116.825467,0.205137902,-1.091490731,1.924879705,-2.590582617,2.828552060,1.580570606,6,5,two_open_b
116.849710,0.203926440,-1.091651533,1.922400833,-2.588244203,2.831627436,1.585731760,6,5,two_open_b
116.873952,0.202714979,-1.091812336,1.919921961,-2.585905789,2.834702813,1.590892913,6,5,two_open_b
116.898195,0.201503517,-1.091973138,1.917443090,-2.583567375,2.837778189,1.596054067,6,5,two_open_b
116.922437,0.200292055,-1.092133940,1.914964218,-2.581228960,2.840853565,1.601215220,6,5,two_open_b
116.946680,0.199118177,-1.092289754,1.912562249,-2.578963092,2.843833533,1.606216257,6,5,two_open_b
116.970922,0.199118177,-1.092289754,1.912562249,-2.578963092,2.843833533,1.606216257,6,5,two_open_b
116.995164,0.199118177,-1.092289754,1.912562249,-2.578963092,2.843833533,1.606216257,6,5,two_open_b
117.019407,0.199118177,-1.092289754,1.912562249,-2.578963092,2.843833533,1.606216257,6,5,two_open_b
117.043649,0.199118177,-1.092289754,1.912562249,-2.578963092,2.843833533,1.606216257,6,5,two_open_b
117.067892,0.199451678,-1.090582691,1.911631900,-2.573777849,2.842047542,1.611329159,6,5,two_open_b
117.092134,0.199785179,-1.088875628,1.910701551,-2.568592607,2.840261551,1.616442062,6,5,two_open_b
117.116377,0.200118681,-1.087168565,1.909771202,-2.563407364,2.838475560,1.621554964,6,5,two_open_b
117.140619,0.200452182,-1.085461502,1.908840853,-2.558222122,2.836689569,1.626667866,6,5,two_open_b
117.164861,0.200832907,-1.082451174,1.909131172,-2.553266242,2.834564270,1.630243503,6,5,two_open_b
117.189104,0.201213631,-1.079440845,1.909421491,-2.548310362,2.832438971,1.633819140,6,5,two_open_b
117.213346,0.202381093,-1.075428695,1.910953621,-2.542386933,2.826226187,1.637885336,6,5,two_open_b
117.237589,0.203548554,-1.071416545,1.912485751,-2.536463505,2.820013404,1.641951532,6,5,two_open_b
117.261831,0.205563010,-1.066959163,1.916074983,-2.530693633,2.807894209,1.646908988,6,5,two_open_b
117.286073,0.207577466,-1.062501780,1.919664216,-2.524923760,2.795775014,1.651866443,6,5,two_open_b
117.310316,0.209750607,-1.058159991,1.925237206,-2.524494361,2.785590107,1.651414728,6,5,two_open_b
117.334558,0.212055313,-1.053392792,1.931091780,-2.524106455,2.775444841,1.650883817,6,5,two_open_b
117.358801,0.214360018,-1.048625592,1.936946354,-2.523718550,2.765299575,1.650352907,6,5,two_open_b
117.383043,0.216664724,-1.043858393,1.942800928,-2.523330644,2.755154309,1.649821996,6,5,two_open_b
117.407286,0.219393620,-1.039730962,1.948366324,-2.522825182,2.743770433,1.650638623,6,5,two_open_b
117.431528,0.222766086,-1.034697729,1.955203384,-2.522472355,2.730232393,1.651196233,6,5,two_open_b
117.455770,0.225919687,-1.028565441,1.961161968,-2.521619795,2.721673088,1.650490507,6,5,two_open_b
117.480013,0.229222711,-1.022164887,1.967423550,-2.520929634,2.712882288,1.649382701,6,5,two_open_b
117.504255,0.232239681,-1.015202485,1.972765500,-2.520695573,2.709128855,1.645874213,6,5,two_open_b
117.528498,0.235698970,-1.006468872,1.977596558,-2.519846648,2.708406843,1.642071429,6,5,two_open_b
117.552740,0.239366480,-0.997562321,1.980963208,-2.518207424,2.709933648,1.638468460,6,5,two_open_b
117.576983,0.243783963,-0.987894160,1.983926453,-2.516063816,2.712049992,1.635190501,6,5,two_open_b
117.601225,0.248902365,-0.977322109,1.986826237,-2.513646730,2.714600933,1.632020116,6,5,two_open_b
117.625467,0.254305463,-0.966498618,1.989797055,-2.511392645,2.717138068,1.628638746,6,5,two_open_b
117.649710,0.259521845,-0.956087184,1.991907415,-2.509189756,2.721239315,1.625236118,6,5,two_open_b
117.673952,0.264379352,-0.946330111,1.992817145,-2.506997233,2.727480921,1.621881521,6,5,two_open_b
117.698195,0.268953685,-0.938422474,1.993434572,-2.506434992,2.732817470,1.619088716,6,5,two_open_b
117.722437,0.273663292,-0.930531663,1.993820033,-2.505873354,2.738371709,1.616487004,6,5,two_open_b
117.746680,0.278096655,-0.923396492,1.993139059,-2.504865062,2.744781187,1.615183730,6,5,two_open_b
117.770922,0.282372396,-0.917781091,1.993040008,-2.504634635,2.748145437,1.613963766,6,5,two_open_b
117.795164,0.286232426,-0.913678658,1.993422989,-2.505202278,2.749098768,1.612629270,6,5,two_open_b
117.819407,0.289495616,-0.910511803,1.993998825,-2.506395812,2.749409114,1.610837973,6,5,two_open_b
117.843649,0.292342584,-0.907997399,1.994709153,-2.508025827,2.749271058,1.608728116,6,5,two_open_b
117.867892,0.295189551,-0.905482995,1.995419482,-2.509655841,2.749133002,1.606618259,6,5,two_open_b
117.892134,0.298036519,-0.902968590,1.996129810,-2.511285855,2.748994946,1.604508402,6,5,two_open_b
117.916377,0.300883487,-0.900454186,1.996840139,-2.512915870,2.748856890,1.602398545,6,5,two_open_b
117.940619,0.303730455,-0.897939781,1.997550467,-2.514545884,2.748718834,1.600288688,6,5,two_open_b
117.964861,0.308098216,-0.893895761,1.997588021,-2.515729942,2.749949891,1.598762816,6,5,two_open_b
117.989104,0.314473560,-0.888963784,1.996800322,-2.514534116,2.749187170,1.600371149,6,5,two_open_b
118.013346,0.320564207,-0.884283247,1.995941590,-2.513175289,2.748438256,1.602190467,6,5,two_open_b
118.037589,0.327744635,-0.880298363,1.994925689,-2.511540809,2.745278290,1.604639517,6,5,two_open_b
118.061831,0.335782929,-0.877084735,1.993820390,-2.509884224,2.740080699,1.607179182,6,5,two_open_b
118.086073,0.344694254,-0.874761628,1.992665185,-2.508382455,2.732791592,1.609458228,6,5,two_open_b
118.110316,0.354951779,-0.873649027,1.991414999,-2.507184333,2.723262824,1.611665061,6,5,two_open_b
118.134558,0.364924608,-0.872787866,1.990093780,-2.505823209,2.713747863,1.614082880,6,5,two_open_b
118.158801,0.376571616,-0.873079655,1.988433631,-2.503745433,2.701245484,1.617288398,6,5,two_open_b
118.183043,0.388820192,-0.874033938,1.986415791,-2.501088308,2.687798226,1.621355993,6,5,two_open_b
118.207286,0.400166097,-0.877188010,1.984707678,-2.498290012,2.672019069,1.625713844,6,5,two_open_b
118.231528,0.410547200,-0.882359175,1.983792331,-2.498740780,2.657664543,1.627211352,6,5,two_open_b
118.255770,0.420928302,-0.887530339,1.982876984,-2.499191548,2.643310016,1.628708860,6,5,two_open_b
118.280013,0.431081171,-0.893129865,1.981472717,-2.500200041,2.631241678,1.629240953,6,5,two_open_b
118.304255,0.440462241,-0.898512157,1.980039245,-2.501443451,2.621112272,1.629384044,6,5,two_open_b
118.328498,0.449452565,-0.903881308,1.978486240,-2.503146475,2.612855461,1.628945023,6,5,two_open_b
118.352740,0.458211757,-0.909211400,1.977203919,-2.505300421,2.605177535,1.627646964,6,5,two_open_b
118.376983,0.466970948,-0.914541492,1.975921599,-2.507454367,2.597499608,1.626348906,6,5,two_open_b
118.401225,0.474901742,-0.919930159,1.974713646,-2.511490468,2.593241395,1.622622513,6,5,two_open_b
118.425467,0.481946271,-0.924907772,1.973792353,-2.515942917,2.589941867,1.618245028,6,5,two_open_b
118.449710,0.489074652,-0.930574215,1.973754893,-2.522719186,2.587428796,1.611458288,6,5,two_open_b
118.473952,0.495004299,-0.935507479,1.973756108,-2.528711147,2.585473867,1.604380850,6,5,two_open_b
118.498195,0.501967094,-0.941176854,1.973663645,-2.534833157,2.582376075,1.597032338,6,5,two_open_b
118.522437,0.508197945,-0.946268841,1.974108673,-2.540562244,2.578958655,1.590121791,6,5,two_open_b
118.546680,0.514587821,-0.951496781,1.974313819,-2.545714798,2.574945452,1.583816751,6,5,two_open_b
118.570922,0.520863271,-0.956638938,1.974263307,-2.549842688,2.570292559,1.578683841,6,5,two_open_b
118.595164,0.525744240,-0.960868950,1.973968037,-2.553058779,2.567303765,1.574687846,6,5,two_open_b
118.619407,0.530980298,-0.965627506,1.973805770,-2.556662881,2.563610365,1.570334179,6,5,two_open_b
118.643649,0.535440967,-0.969954522,1.973970036,-2.559326491,2.558793867,1.567474461,6,5,two_open_b
118.667892,0.540256726,-0.974810081,1.974267306,-2.562378112,2.553272763,1.564257071,6,5,two_open_b
118.692134,0.544171878,-0.978686184,1.974004994,-2.563624082,2.547771015,1.562698992,6,5,two_open_b
118.716377,0.547958287,-0.982417771,1.973665460,-2.564622178,2.542294076,1.561368732,6,5,two_open_b
118.740619,0.551059709,-0.985857317,1.973422755,-2.565542697,2.537230546,1.560387608,6,5,two_open_b
118.764861,0.554853124,-0.990412729,1.973227625,-2.566577796,2.530307441,1.559763227,6,5,two_open_b
118.789104,0.558103218,-0.994639478,1.973321888,-2.567945557,2.524162914,1.558925253,6,5,two_open_b
118.813346,0.560655169,-0.998696164,1.973776752,-2.570004990,2.519127582,1.557573220,6,5,two_open_b
118.837589,0.563156252,-1.003115081,1.974236176,-2.572503091,2.514339510,1.555830860,6,5,two_open_b
118.861831,0.565256661,-1.007375548,1.974569134,-2.575057620,2.510492826,1.554050524,6,5,two_open_b
118.886073,0.566976224,-1.011316574,1.974772782,-2.577475245,2.507484528,1.552404320,6,5,two_open_b
118.910316,0.568340697,-1.014729055,1.974843425,-2.579504860,2.505180837,1.551115787,6,5,two_open_b
118.934558,0.569619106,-1.018013431,1.974881832,-2.581440430,2.503047926,1.549913945,6,5,two_open_b
118.958801,0.570897515,-1.021297807,1.974920239,-2.583376001,2.500915014,1.548712103,6,5,two_open_b
118.983043,0.571394170,-1.025351257,1.974900217,-2.587064927,2.500410761,1.545799253,6,5,two_open_b
119.007286,0.570644245,-1.028386155,1.974852301,-2.591171382,2.502515308,1.542110038,6,5,two_open_b
119.031528,0.569907854,-1.031311182,1.974802443,-2.595145894,2.504549561,1.538538281,6,5,two_open_b
119.055770,0.569217049,-1.033866116,1.974746048,-2.598675967,2.506347034,1.535362172,6,5,two_open_b
119.080013,0.568571828,-1.036050957,1.974683116,-2.601761601,2.507907728,1.532581710,6,5,two_open_b
119.104255,0.567972193,-1.037865705,1.974613646,-2.604402795,2.509231642,1.530196896,6,5,two_open_b
119.128498,0.567398314,-1.039471350,1.974540482,-2.606792881,2.510421775,1.528035623,6,5,two_open_b
119.152740,0.566814142,-1.041426095,1.973942215,-2.608365868,2.510379406,1.526253978,6,5,two_open_b
119.176983,0.566203714,-1.044271328,1.972004508,-2.607854583,2.507193150,1.525440696,6,5,two_open_b
119.201225,0.565593286,-1.047116562,1.970066801,-2.607343298,2.504006893,1.524627413,6,5,two_open_b
119.225467,0.565416452,-1.048748653,1.968184373,-2.605026185,2.499921433,1.525447079,6,5,two_open_b
119.249710,0.564283167,-1.050862899,1.966960831,-2.604547611,2.497242306,1.525802674,6,5,two_open_b
119.273952,0.563149883,-1.052977146,1.965737288,-2.604069036,2.494563179,1.526158269,6,5,two_open_b
119.298195,0.562016599,-1.055091393,1.964513745,-2.603590461,2.491884052,1.526513864,6,5,two_open_b
119.322437,0.560883314,-1.057205640,1.963290202,-2.603111887,2.489204925,1.526869459,6,5,two_open_b
119.346680,0.558737512,-1.060050298,1.960588249,-2.602225019,2.486631099,1.527856199,6,5,two_open_b
119.370922,0.556559464,-1.062918218,1.957839214,-2.601325148,2.484060627,1.528863039,6,5,two_open_b
119.395164,0.554391709,-1.065437039,1.955615281,-2.601242377,2.482722657,1.529490251,6,5,two_open_b
119.419407,0.552250209,-1.067065370,1.954730788,-2.603243878,2.484528574,1.529149100,6,5,two_open_b
119.443649,0.550108710,-1.068693701,1.953846295,-2.605245378,2.486334492,1.528807950,6,5,two_open_b
119.467892,0.547967210,-1.070322032,1.952961802,-2.607246879,2.488140409,1.528466799,6,5,two_open_b
119.492134,0.546922446,-1.071075706,1.951436310,-2.606825583,2.488249063,1.529118044,6,5,two_open_b
119.516377,0.545877683,-1.071829379,1.949910817,-2.606404287,2.488357718,1.529769289,6,5,two_open_b
119.540619,0.544785465,-1.072608213,1.948393153,-2.606076102,2.488417625,1.530393173,6,5,two_open_b
119.564861,0.542506186,-1.074016458,1.947071341,-2.608077130,2.487258107,1.530332596,6,5,two_open_b
119.589104,0.541239425,-1.074694291,1.947227939,-2.610486452,2.485993288,1.529640874,6,5,two_open_b
119.613346,0.540004910,-1.075348863,1.947431619,-2.612908776,2.484725116,1.528929051,6,5,two_open_b
119.637589,0.538770395,-1.076003435,1.947635300,-2.615331100,2.483456943,1.528217229,6,5,two_open_b
119.661831,0.537535879,-1.076658006,1.947838981,-2.617753424,2.482188771,1.527505406,6,5,two_open_b
119.686073,0.536301364,-1.077312578,1.948042661,-2.620175748,2.480920599,1.526793584,6,5,two_open_b
119.710316,0.535066849,-1.077967150,1.948246342,-2.622598073,2.479652426,1.526081762,6,5,two_open_b
119.734558,0.533832333,-1.078621722,1.948450023,-2.625020397,2.478384254,1.525369939,6,5,two_open_b
119.758801,0.532597818,-1.079276293,1.948653704,-2.627442721,2.477116081,1.524658117,6,5,two_open_b
119.783043,0.531410756,-1.079905704,1.948849555,-2.629771934,2.475896656,1.523973656,6,5,two_open_b
119.807286,0.531410756,-1.079905704,1.948849555,-2.629771934,2.475896656,1.523973656,6,5,two_open_b
119.831528,0.530257926,-1.079956323,1.946855671,-2.628390038,2.475830523,1.525889650,6,5,two_open_b
119.855770,0.529105096,-1.080006942,1.944861787,-2.627008142,2.475764389,1.527805644,6,5,two_open_b
119.880013,0.527952266,-1.080057560,1.942867902,-2.625626245,2.475698256,1.529721638,6,5,two_open_b
119.904255,0.526799436,-1.080108179,1.940874018,-2.624244349,2.475632122,1.531637632,6,5,two_open_b
119.928498,0.525646606,-1.080158798,1.938880134,-2.622862453,2.475565989,1.533553626,6,5,two_open_b
119.952740,0.524493776,-1.080209417,1.936886250,-2.621480557,2.475499856,1.535469620,6,5,two_open_b
119.976983,0.523340946,-1.080260036,1.934892366,-2.620098661,2.475433722,1.537385614,6,5,two_open_b
120.001225,0.522188116,-1.080310654,1.932898481,-2.618716764,2.475367589,1.539301608,6,5,two_open_b
120.025467,0.521035286,-1.080361273,1.930904597,-2.617334868,2.475301455,1.541217602,6,5,two_open_b
120.049710,0.519882456,-1.080411892,1.928910713,-2.615952972,2.475235322,1.543133596,6,5,two_open_b
120.073952,0.520054391,-1.080524736,1.929283550,-2.615812795,2.473248456,1.543395116,6,5,two_open_b
120.098195,0.521468075,-1.081452561,1.932349096,-2.614660229,2.456912005,1.545545388,6,5,two_open_b
120.122437,0.522881759,-1.082380387,1.935414642,-2.613507662,2.440575554,1.547695660,6,5,two_open_b
120.146680,0.524295444,-1.083308212,1.938480188,-2.612355096,2.424239103,1.549845933,6,5,two_open_b
120.170922,0.525709128,-1.084236038,1.941545734,-2.611202529,2.407902652,1.551996205,6,5,two_open_b
120.195164,0.527122813,-1.085163863,1.944611280,-2.610049963,2.391566200,1.554146478,6,5,two_open_b
120.219407,0.528536497,-1.086091689,1.947676826,-2.608897397,2.375229749,1.556296750,6,5,two_open_b
120.243649,0.529950181,-1.087019514,1.950742372,-2.607744830,2.358893298,1.558447022,6,5,two_open_b
120.267892,0.531034393,-1.087908257,1.954403338,-2.607183323,2.341814220,1.559908677,6,5,two_open_b
120.292134,0.531409876,-1.088712928,1.959345109,-2.607893243,2.323137677,1.559889045,6,5,two_open_b
120.316377,0.531613424,-1.089404756,1.963914043,-2.608743341,2.306448001,1.559607894,6,5,two_open_b
120.340619,0.530575222,-1.089281602,1.965790268,-2.610605827,2.304107910,1.557437990,6,5,two_open_b
120.364861,0.529537020,-1.089158449,1.967666494,-2.612468314,2.301767818,1.555268086,6,5,two_open_b
120.389104,0.528498819,-1.089035295,1.969542719,-2.614330801,2.299427727,1.553098183,6,5,two_open_b
120.413346,0.526101754,-1.088446426,1.971884676,-2.615522385,2.299873265,1.552594285,6,5,two_open_b
120.437589,0.523704688,-1.087857558,1.974226634,-2.616713969,2.300318803,1.552090387,6,5,two_open_b
120.461831,0.521307623,-1.087268690,1.976568592,-2.617905553,2.300764341,1.551586490,6,5,two_open_b
120.486073,0.518910558,-1.086679822,1.978910549,-2.619097137,2.301209880,1.551082592,6,5,two_open_b
120.510316,0.516842966,-1.086130037,1.980657088,-2.619697662,2.302398044,1.551267313,6,5,two_open_b
120.534558,0.513909242,-1.085436126,1.981145491,-2.618456164,2.307811370,1.552404710,6,5,two_open_b
120.558801,0.510975517,-1.084742216,1.981633894,-2.617214666,2.313224696,1.553542108,6,5,two_open_b
120.583043,0.508041793,-1.084048306,1.982122296,-2.615973168,2.318638022,1.554679505,6,5,two_open_b
120.607286,0.505108068,-1.083354395,1.982610699,-2.614731671,2.324051348,1.555816903,6,5,two_open_b
120.631528,0.502174344,-1.082660485,1.983099102,-2.613490173,2.329464674,1.556954300,6,5,two_open_b
120.655770,0.499434339,-1.082567810,1.983056515,-2.611371937,2.332830235,1.557631161,6,5,two_open_b
120.680013,0.496694334,-1.082475134,1.983013927,-2.609253701,2.336195797,1.558308022,6,5,two_open_b
120.704255,0.493954329,-1.082382459,1.982971340,-2.607135466,2.339561359,1.558984882,6,5,two_open_b
120.728498,0.491214324,-1.082289784,1.982928753,-2.605017230,2.342926920,1.559661743,6,5,two_open_b
120.752740,0.488474319,-1.082197109,1.982886166,-2.602898994,2.346292482,1.560338604,6,5,two_open_b
120.776983,0.487043586,-1.082366609,1.982889501,-2.601130071,2.346880284,1.561691545,6,5,two_open_b
120.801225,0.484810802,-1.082638723,1.983099982,-2.598692897,2.347014912,1.563489833,6,5,two_open_b
120.825467,0.482578018,-1.082910838,1.983310462,-2.596255722,2.347149540,1.565288122,6,5,two_open_b
120.849710,0.480345233,-1.083182953,1.983520943,-2.593818548,2.347284168,1.567086410,6,5,two_open_b
120.873952,0.478112449,-1.083455068,1.983731423,-2.591381374,2.347418797,1.568884699,6,5,two_open_b
120.898195,0.477044809,-1.083591662,1.984007161,-2.590491841,2.346815560,1.569477518,6,5,two_open_b
120.922437,0.475977169,-1.083728256,1.984282899,-2.589602307,2.346212323,1.570070337,6,5,two_open_b
120.946680,0.474909529,-1.083864850,1.984558637,-2.588712774,2.345609087,1.570663156,6,5,two_open_b
120.970922,0.473841889,-1.084001444,1.984834375,-2.587823240,2.345005850,1.571255975,6,5,two_open_b
120.995164,0.472774249,-1.084138038,1.985110113,-2.586933707,2.344402613,1.571848794,6,5,two_open_b
121.019407,0.471972198,-1.084240653,1.985317258,-2.586265456,2.343949439,1.572294142,6,5,two_open_b
121.043649,0.471972198,-1.084240653,1.985317258,-2.586265456,2.343949439,1.572294142,6,5,two_open_b
121.067892,0.471972198,-1.084240653,1.985317258,-2.586265456,2.343949439,1.572294142,6,5,two_open_b
121.092134,0.471972198,-1.084240653,1.985317258,-2.586265456,2.343949439,1.572294142,6,5,two_open_b
121.116377,0.471972198,-1.084240653,1.985317258,-2.586265456,2.343949439,1.572294142,6,5,two_open_b
121.140619,0.471448918,-1.081968260,1.985008090,-2.587736306,2.353227215,1.569573246,6,5,two_open_b
121.164861,0.470925638,-1.079695867,1.984698922,-2.589207156,2.362504991,1.566852351,6,5,two_open_b
121.189104,0.470402358,-1.077423475,1.984389753,-2.590678006,2.371782767,1.564131455,6,5,two_open_b
121.213346,0.469879078,-1.075151082,1.984080585,-2.592148856,2.381060543,1.561410559,6,5,two_open_b
121.237589,0.469355798,-1.072878689,1.983771417,-2.593619706,2.390338319,1.558689664,6,5,two_open_b
121.261831,0.468823524,-1.070509059,1.983388750,-2.595115673,2.400024801,1.555900018,6,5,two_open_b
121.286073,0.468180898,-1.066946330,1.982104263,-2.596919828,2.414726087,1.552266821,6,5,two_open_b
121.310316,0.467655344,-1.062653960,1.980428234,-2.598848172,2.431841239,1.548212769,6,5,two_open_b
121.334558,0.468099787,-1.057300430,1.978875934,-2.600678577,2.449637663,1.543958397,6,5,two_open_b
121.358801,0.468544231,-1.051946899,1.977323633,-2.602508981,2.467434087,1.539704024,6,5,two_open_b
121.383043,0.469511954,-1.048865762,1.976080501,-2.602868535,2.475952736,1.538170548,6,5,two_open_b
121.407286,0.471531495,-1.044618161,1.974855088,-2.602465126,2.486258177,1.537656515,6,5,two_open_b
121.431528,0.473551035,-1.040370559,1.973629674,-2.602061716,2.496563618,1.537142482,6,5,two_open_b
121.455770,0.476073032,-1.034916283,1.971131343,-2.600714865,2.510708877,1.537157798,6,5,two_open_b
121.480013,0.478674683,-1.029270716,1.968431218,-2.599218451,2.525462857,1.537257030,6,5,two_open_b
121.504255,0.481285327,-1.023722385,1.965804592,-2.597696919,2.539808130,1.537425012,6,5,two_open_b
121.528498,0.485466964,-1.018701812,1.964176858,-2.594969927,2.548351200,1.538681411,6,5,two_open_b
121.552740,0.489581466,-1.014388134,1.962943985,-2.592088069,2.554453485,1.540367035,6,5,two_open_b
121.576983,0.493853702,-1.010806358,1.961490475,-2.588010893,2.557746424,1.543862109,6,5,two_open_b
121.601225,0.498582044,-1.007091417,1.959997772,-2.583410666,2.560178676,1.548007986,6,5,two_open_b
121.625467,0.503310386,-1.003376475,1.958505068,-2.578810439,2.562610928,1.552153863,6,5,two_open_b
121.649710,0.506986911,-1.000827997,1.956994646,-2.574973176,2.563256387,1.555280297,6,5,two_open_b
121.673952,0.511968057,-0.998098539,1.953413797,-2.568260711,2.565831915,1.561854648,6,5,two_open_b
121.698195,0.516446746,-0.996575756,1.951105866,-2.562491689,2.564567623,1.567899651,6,5,two_open_b
121.722437,0.522467046,-0.995385405,1.947786197,-2.553991024,2.558686960,1.576906314,6,5,two_open_b
121.746680,0.528487346,-0.994195055,1.944466528,-2.545490358,2.552806297,1.585912977,6,5,two_open_b
121.770922,0.534854468,-0.995008105,1.941156001,-2.537762723,2.541431407,1.595540371,6,5,two_open_b
121.795164,0.541358308,-0.995982081,1.937853124,-2.530052934,2.529434740,1.605248781,6,5,two_open_b
121.819407,0.547941242,-0.998282237,1.934514748,-2.523620963,2.516184897,1.613959946,6,5,two_open_b
121.843649,0.554384835,-1.000977229,1.931180811,-2.517707990,2.502908241,1.622180912,6,5,two_open_b
121.867892,0.561545806,-1.004292770,1.927433410,-2.511650653,2.487973959,1.630851049,6,5,two_open_b
121.892134,0.569283025,-1.008106778,1.923353886,-2.505477354,2.471708157,1.639881992,6,5,two_open_b
121.916377,0.575768248,-1.012169602,1.921278531,-2.502156838,2.453467295,1.645549253,6,5,two_open_b
121.940619,0.582631722,-1.016720007,1.918726930,-2.498675180,2.434903043,1.651821985,6,5,two_open_b
121.964861,0.588252182,-1.021616853,1.916912615,-2.497913587,2.420023054,1.655654611,6,5,two_open_b
121.989104,0.594250278,-1.027000487,1.914622829,-2.496991115,2.404820202,1.660091725,6,5,two_open_b
122.013346,0.598440912,-1.031046062,1.912226828,-2.496192885,2.395898975,1.663663244,6,5,two_open_b
122.037589,0.603404427,-1.035997609,1.909173622,-2.495101278,2.385585378,1.668188764,6,5,two_open_b
122.061831,0.607514248,-1.040336506,1.906014992,-2.493912420,2.377901866,1.672486396,6,5,two_open_b
122.086073,0.611501937,-1.044677419,1.902762877,-2.492725698,2.370753878,1.676845040,6,5,two_open_b
122.110316,0.615570810,-1.049479657,1.899398072,-2.491675477,2.363819389,1.681663788,6,5,two_open_b
122.134558,0.619063434,-1.053783426,1.896365391,-2.490741219,2.358216421,1.686121731,6,5,two_open_b
122.158801,0.622503435,-1.058019361,1.893398968,-2.489829379,2.352658445,1.690495438,6,5,two_open_b
122.183043,0.625565184,-1.061767715,1.890908791,-2.489078681,2.347423858,1.694263674,6,5,two_open_b
122.207286,0.627671561,-1.065451744,1.887758628,-2.488748411,2.345890672,1.697117554,6,5,two_open_b
122.231528,0.628627614,-1.069215669,1.883562678,-2.488926169,2.349203055,1.698953394,6,5,two_open_b
122.255770,0.629346827,-1.073430324,1.878678781,-2.489356378,2.353677571,1.700476969,6,5,two_open_b
122.280013,0.628809739,-1.077165607,1.873579102,-2.490409122,2.361649340,1.700565878,6,5,two_open_b
122.304255,0.627919517,-1.080516616,1.868717255,-2.491574558,2.370372275,1.700270792,6,5,two_open_b
122.328498,0.626834663,-1.083603941,1.863983648,-2.492741910,2.379447185,1.699754090,6,5,two_open_b
122.352740,0.624951248,-1.085609391,1.859776194,-2.493917124,2.389966222,1.698328111,6,5,two_open_b
122.376983,0.622853955,-1.088591256,1.855185225,-2.495222810,2.399131912,1.697630146,6,5,two_open_b
122.401225,0.620652564,-1.092048362,1.850407591,-2.496591998,2.407638899,1.697286520,6,5,two_open_b
122.425467,0.618451173,-1.095505469,1.845629958,-2.497961187,2.416145886,1.696942894,6,5,two_open_b
122.449710,0.616826903,-1.098539318,1.841988555,-2.499071089,2.421274862,1.696908152,6,5,two_open_b
122.473952,0.615975321,-1.101006482,1.839868411,-2.499833842,2.421881133,1.697286964,6,5,two_open_b
122.498195,0.615360578,-1.103022917,1.838436215,-2.500344144,2.421325270,1.697978040,6,5,two_open_b
122.522437,0.616195243,-1.106801234,1.839384072,-2.501293172,2.405260325,1.699741368,6,5,two_open_b
122.546680,0.617029908,-1.110579551,1.840331930,-2.502242200,2.389195380,1.701504697,6,5,two_open_b
122.570922,0.615752926,-1.114441565,1.837750195,-2.501408585,2.381087291,1.704403149,6,5,two_open_b
122.595164,0.614301349,-1.118310499,1.834876625,-2.500427577,2.373637093,1.707395456,6,5,two_open_b
122.619407,0.613063648,-1.121203020,1.832386569,-2.499316097,2.367540242,1.709659750,6,5,two_open_b
122.643649,0.611930047,-1.123620298,1.830083178,-2.498141115,2.362102094,1.711569704,6,5,two_open_b
122.667892,0.610435573,-1.127369100,1.827491633,-2.497019543,2.353669058,1.714347944,6,5,two_open_b
122.692134,0.608941099,-1.131117903,1.824900088,-2.495897970,2.345236022,1.717126185,6,5,two_open_b
122.716377,0.607446625,-1.134866705,1.822308543,-2.494776398,2.336802986,1.719904425,6,5,two_open_b
122.740619,0.605952151,-1.138615508,1.819716998,-2.493654826,2.328369949,1.722682666,6,5,two_open_b
122.764861,0.603305036,-1.140037649,1.815607416,-2.491778200,2.333989809,1.724779930,6,5,two_open_b
122.789104,0.600657921,-1.141459790,1.811497834,-2.489901575,2.339609668,1.726877195,6,5,two_open_b
122.813346,0.600122453,-1.142798235,1.810917846,-2.489807592,2.337272671,1.727839336,6,5,two_open_b
122.837589,0.599761581,-1.144129759,1.810629692,-2.489861003,2.334277782,1.728707622,6,5,two_open_b
122.861831,0.599506561,-1.146575289,1.810505481,-2.491046044,2.325850165,1.730349022,6,5,two_open_b
122.886073,0.599278064,-1.149299942,1.810422349,-2.492514624,2.316061332,1.732184133,6,5,two_open_b
122.910316,0.599410440,-1.150693071,1.810627370,-2.493929793,2.309267388,1.733150958,6,5,two_open_b
122.934558,0.599542815,-1.152086200,1.810832391,-2.495344963,2.302473443,1.734117782,6,5,two_open_b
122.958801,0.599675191,-1.153479329,1.811037412,-2.496760132,2.295679499,1.735084607,6,5,two_open_b
122.983043,0.599807566,-1.154872458,1.811242433,-2.498175302,2.288885555,1.736051431,6,5,two_open_b
123.007286,0.598656132,-1.156256780,1.809065578,-2.498615316,2.286331090,1.738541299,6,5,two_open_b
123.031528,0.596755730,-1.157635964,1.805499152,-2.498486430,2.286249913,1.741919701,6,5,two_open_b
123.055770,0.594855329,-1.159015148,1.801932725,-2.498357545,2.286168736,1.745298104,6,5,two_open_b
123.080013,0.592954927,-1.160394332,1.798366298,-2.498228659,2.286087560,1.748676506,6,5,two_open_b
123.104255,0.590948672,-1.160659511,1.794635928,-2.496968143,2.291439113,1.751281794,6,5,two_open_b
123.128498,0.588915895,-1.160645565,1.790864480,-2.495424088,2.298151880,1.753693372,6,5,two_open_b
123.152740,0.587124096,-1.160826090,1.787378046,-2.494044942,2.303318630,1.756142622,6,5,two_open_b
123.176983,0.587112372,-1.162443137,1.785996981,-2.493883964,2.297065120,1.758870150,6,5,two_open_b
123.201225,0.587467343,-1.164356108,1.785049621,-2.493973929,2.288459036,1.761655003,6,5,two_open_b
123.225467,0.587822315,-1.166269079,1.784102261,-2.494063893,2.279852952,1.764439857,6,5,two_open_b
123.249710,0.589461096,-1.168190858,1.785536776,-2.495129013,2.267007388,1.765701667,6,5,two_open_b
123.273952,0.591848844,-1.170117774,1.788360864,-2.496763032,2.251688537,1.766074943,6,5,two_open_b
123.298195,0.594236593,-1.172044690,1.791184952,-2.498397052,2.236369685,1.766448218,6,5,two_open_b
123.322437,0.596624341,-1.173971607,1.794009040,-2.500031072,2.221050834,1.766821494,6,5,two_open_b
123.346680,0.599012089,-1.175898523,1.796833128,-2.501665092,2.205731982,1.767194769,6,5,two_open_b
123.370922,0.601399838,-1.177825439,1.799657216,-2.503299111,2.190413130,1.767568045,6,5,two_open_b
123.395164,0.603546609,-1.179557886,1.802196290,-2.504768221,2.176640297,1.767903649,6,5,two_open_b
123.419407,0.603632367,-1.179926986,1.801754486,-2.504216383,2.175372746,1.768714598,6,5,two_open_b
123.443649,0.601872711,-1.180385325,1.796270715,-2.499188151,2.182168800,1.773434930,6,5,two_open_b
123.467892,0.600113056,-1.180843664,1.790786944,-2.494159920,2.188964855,1.778155261,6,5,two_open_b
123.492134,0.598353400,-1.181302004,1.785303173,-2.489131688,2.195760910,1.782875593,6,5,two_open_b
123.516377,0.596593745,-1.181760343,1.779819402,-2.484103457,2.202556964,1.787595925,6,5,two_open_b
123.540619,0.594834090,-1.182218682,1.774335631,-2.479075225,2.209353019,1.792316257,6,5,two_open_b
123.564861,0.593074434,-1.182677021,1.768851860,-2.474046994,2.216149073,1.797036589,6,5,two_open_b
123.589104,0.591314779,-1.183135360,1.763368089,-2.469018762,2.222945128,1.801756921,6,5,two_open_b
123.613346,0.589555123,-1.183593700,1.757884318,-2.463990531,2.229741183,1.806477253,6,5,two_open_b
123.637589,0.587795468,-1.184052039,1.752400547,-2.458962299,2.236537237,1.811197585,6,5,two_open_b
123.661831,0.586316750,-1.184437202,1.747792286,-2.454736849,2.242248269,1.815164293,6,5,two_open_b
123.686073,0.586316750,-1.184437202,1.747792286,-2.454736849,2.242248269,1.815164293,6,5,two_open_b
123.710316,0.585535577,-1.185375983,1.746448402,-2.454161352,2.242622514,1.816931771,6,5,two_open_b
123.734558,0.584749751,-1.186320355,1.745096514,-2.453582428,2.242998988,1.818709774,6,5,two_open_b
123.758801,0.583963926,-1.187264727,1.743744627,-2.453003505,2.243375461,1.820487778,6,5,two_open_b
123.783043,0.583178101,-1.188209099,1.742392740,-2.452424581,2.243751935,1.822265782,6,5,two_open_b
123.807286,0.582392275,-1.189153471,1.741040852,-2.451845657,2.244128409,1.824043786,6,5,two_open_b
123.831528,0.581606450,-1.190097843,1.739688965,-2.451266733,2.244504882,1.825821789,6,5,two_open_b
123.855770,0.580820624,-1.191042215,1.738337077,-2.450687809,2.244881356,1.827599793,6,5,two_open_b
123.880013,0.580034799,-1.191986586,1.736985190,-2.450108885,2.245257830,1.829377797,6,5,two_open_b
123.904255,0.579248974,-1.192930958,1.735633303,-2.449529961,2.245634304,1.831155800,6,5,two_open_b
123.928498,0.578463148,-1.193875330,1.734281415,-2.448951037,2.246010777,1.832933804,6,5,two_open_b
123.952740,0.578458496,-1.193880921,1.734273412,-2.448947610,2.246013006,1.832944330,6,5,two_open_b
123.976983,0.578458496,-1.193880921,1.734273412,-2.448947610,2.246013006,1.832944330,6,5,two_open_b
124.001225,0.578458496,-1.193880921,1.734273412,-2.448947610,2.246013006,1.832944330,6,5,two_open_b
124.025467,0.578458496,-1.193880921,1.734273412,-2.448947610,2.246013006,1.832944330,6,5,two_open_b
124.049710,0.578458496,-1.193880921,1.734273412,-2.448947610,2.246013006,1.832944330,6,5,two_open_b
124.073952,0.578458496,-1.193880921,1.734273412,-2.448947610,2.246013006,1.832944330,6,5,two_open_b
124.098195,0.578458496,-1.193880921,1.734273412,-2.448947610,2.246013006,1.832944330,6,5,two_open_b
124.122437,0.578458496,-1.193880921,1.734273412,-2.448947610,2.246013006,1.832944330,6,5,two_open_b
124.146680,0.578477518,-1.193894949,1.734281135,-2.448952023,2.245919102,1.832950596,6,5,two_open_b
124.170922,0.580639858,-1.195489619,1.735159006,-2.449453687,2.235244412,1.833662857,6,5,two_open_b
124.195164,0.583850816,-1.197857619,1.736462597,-2.450198631,2.219393075,1.834720527,6,5,two_open_b
124.219407,0.587061774,-1.200225618,1.737766189,-2.450943575,2.203541737,1.835778197,6,5,two_open_b
124.243649,0.590272732,-1.202593618,1.739069780,-2.451688519,2.187690399,1.836835867,6,5,two_open_b
124.267892,0.593483690,-1.204961617,1.740373371,-2.452433464,2.171839061,1.837893537,6,5,two_open_b
124.292134,0.596694648,-1.207329616,1.741676963,-2.453178408,2.155987723,1.838951207,6,5,two_open_b
124.316377,0.599905606,-1.209697616,1.742980554,-2.453923352,2.140136385,1.840008877,6,5,two_open_b
124.340619,0.602730069,-1.212140553,1.743720095,-2.454341163,2.125853113,1.841266982,6,5,two_open_b
124.364861,0.603516828,-1.214978584,1.741485804,-2.453034238,2.119837116,1.843581832,6,5,two_open_b
124.389104,0.604284565,-1.217802586,1.739243791,-2.451722901,2.113915024,1.845890416,6,5,two_open_b
124.413346,0.602908984,-1.219045946,1.736131629,-2.449914312,2.118573717,1.847493005,6,5,two_open_b
124.437589,0.600484785,-1.219515977,1.732593747,-2.447862444,2.128409058,1.848750185,6,5,two_open_b
124.461831,0.598060586,-1.219986008,1.729055865,-2.445810575,2.138244400,1.850007365,6,5,two_open_b
124.486073,0.595636387,-1.220456039,1.725517983,-2.443758706,2.148079741,1.851264545,6,5,two_open_b
124.510316,0.593212188,-1.220926070,1.721980101,-2.441706838,2.157915083,1.852521725,6,5,two_open_b
124.534558,0.590787989,-1.221396101,1.718442219,-2.439654969,2.167750424,1.853778905,6,5,two_open_b
124.558801,0.588363790,-1.221866132,1.714904337,-2.437603101,2.177585766,1.855036085,6,5,two_open_b
124.583043,0.586237022,-1.222341852,1.711898855,-2.436000411,2.186170319,1.856014883,6,5,two_open_b
124.607286,0.585235681,-1.223248343,1.711543003,-2.437372577,2.189737479,1.855138510,6,5,two_open_b
124.631528,0.584234340,-1.224154835,1.711187151,-2.438744743,2.193304639,1.854262136,6,5,two_open_b
124.655770,0.583232999,-1.225061326,1.710831298,-2.440116909,2.196871799,1.853385763,6,5,two_open_b
124.680013,0.582231658,-1.225967818,1.710475446,-2.441489075,2.200438959,1.852509390,6,5,two_open_b
124.704255,0.581230317,-1.226874309,1.710119594,-2.442861241,2.204006119,1.851633017,6,5,two_open_b
124.728498,0.580228977,-1.227780801,1.709763741,-2.444233407,2.207573279,1.850756643,6,5,two_open_b
124.752740,0.579227636,-1.228687292,1.709407889,-2.445605573,2.211140439,1.849880270,6,5,two_open_b
124.776983,0.578226295,-1.229593784,1.709052037,-2.446977739,2.214707599,1.849003897,6,5,two_open_b
124.801225,0.577224954,-1.230500275,1.708696184,-2.448349905,2.218274759,1.848127523,6,5,two_open_b
124.825467,0.576312676,-1.231326140,1.708371983,-2.449600025,2.221524642,1.847329098,6,5,two_open_b
124.849710,0.576312676,-1.231326140,1.708371983,-2.449600025,2.221524642,1.847329098,6,5,two_open_b
124.873952,0.576312676,-1.231326140,1.708371983,-2.449600025,2.221524642,1.847329098,6,5,two_open_b
124.898195,0.576312676,-1.231326140,1.708371983,-2.449600025,2.221524642,1.847329098,6,5,two_open_b
124.922437,0.576312676,-1.231326140,1.708371983,-2.449600025,2.221524642,1.847329098,6,5,two_open_b
124.946680,0.576312676,-1.231326140,1.708371983,-2.449600025,2.221524642,1.847329098,6,5,two_open_b
124.970922,0.576312676,-1.231326140,1.708371983,-2.449600025,2.221524642,1.847329098,6,5,two_open_b
124.995164,0.576312676,-1.231326140,1.708371983,-2.449600025,2.221524642,1.847329098,6,5,two_open_b
125.019407,0.576312676,-1.231326140,1.708371983,-2.449600025,2.221524642,1.847329098,6,5,two_open_b
125.043649,0.576312676,-1.231326140,1.708371983,-2.449600025,2.221524642,1.847329098,6,5,two_open_b
125.067892,0.576312676,-1.231326140,1.708371983,-2.449600025,2.221524642,1.847329098,6,5,two_open_b
125.092134,0.576312676,-1.231326140,1.708371983,-2.449600025,2.221524642,1.847329098,6,5,two_open_b
125.116377,0.576221822,-1.232125589,1.707745625,-2.448778232,2.219376513,1.849284393,6,5,two_open_b
125.140619,0.576073782,-1.233428240,1.706725014,-2.447439173,2.215876272,1.852470422,6,5,two_open_b
125.164861,0.575925741,-1.234730891,1.705704404,-2.446100113,2.212376031,1.855656451,6,5,two_open_b
125.189104,0.575777700,-1.236033542,1.704683793,-2.444761054,2.208875790,1.858842480,6,5,two_open_b
125.213346,0.575629660,-1.237336193,1.703663182,-2.443421994,2.205375549,1.862028509,6,5,two_open_b
125.237589,0.575481619,-1.238638844,1.702642572,-2.442082935,2.201875308,1.865214538,6,5,two_open_b
125.261831,0.575333579,-1.239941495,1.701621961,-2.440743875,2.198375067,1.868400567,6,5,two_open_b
125.286073,0.575185538,-1.241244146,1.700601350,-2.439404816,2.194874826,1.871586596,6,5,two_open_b
125.310316,0.575037497,-1.242546797,1.699580739,-2.438065756,2.191374585,1.874772625,6,5,two_open_b
125.334558,0.576222000,-1.244445943,1.700006180,-2.437857467,2.179958024,1.877668845,6,5,two_open_b
125.358801,0.579172983,-1.246295713,1.702876340,-2.439892877,2.160735087,1.878245346,6,5,two_open_b
125.383043,0.582334683,-1.247711007,1.706307359,-2.442575835,2.141952181,1.877557722,6,5,two_open_b
125.407286,0.585496383,-1.249126300,1.709738379,-2.445258794,2.123169274,1.876870098,6,5,two_open_b
125.431528,0.588658083,-1.250541594,1.713169399,-2.447941752,2.104386368,1.876182474,6,5,two_open_b
125.455770,0.591819783,-1.251956887,1.716600418,-2.450624711,2.085603462,1.875494851,6,5,two_open_b
125.480013,0.594981483,-1.253372181,1.720031438,-2.453307669,2.066820555,1.874807227,6,5,two_open_b
125.504255,0.598143183,-1.254787474,1.723462457,-2.455990628,2.048037649,1.874119603,6,5,two_open_b
125.528498,0.601304883,-1.256202768,1.726893477,-2.458673586,2.029254742,1.873431979,6,5,two_open_b
125.552740,0.604466583,-1.257618061,1.730324497,-2.461356545,2.010471836,1.872744355,6,5,two_open_b
125.576983,0.606295740,-1.258436860,1.732309465,-2.462908733,1.999605250,1.872346540,6,5,two_open_b
125.601225,0.606449269,-1.258505585,1.732476072,-2.463039015,1.998693168,1.872313150,6,5,two_open_b
125.625467,0.606449269,-1.258505585,1.732476072,-2.463039015,1.998693168,1.872313150,6,5,two_open_b
125.649710,0.606449269,-1.258505585,1.732476072,-2.463039015,1.998693168,1.872313150,6,5,two_open_b
125.673952,0.606449269,-1.258505585,1.732476072,-2.463039015,1.998693168,1.872313150,6,5,two_open_b
125.698195,0.606449269,-1.258505585,1.732476072,-2.463039015,1.998693168,1.872313150,6,5,two_open_b
125.722437,0.606449269,-1.258505585,1.732476072,-2.463039015,1.998693168,1.872313150,6,5,two_open_b
125.746680,0.606449269,-1.258505585,1.732476072,-2.463039015,1.998693168,1.872313150,6,5,two_open_b
125.770922,0.606449269,-1.258505585,1.732476072,-2.463039015,1.998693168,1.872313150,6,5,two_open_b
125.795164,0.606449269,-1.258505585,1.732476072,-2.463039015,1.998693168,1.872313150,6,5,two_open_b
125.819407,0.606449269,-1.258505585,1.732476072,-2.463039015,1.998693168,1.872313150,6,5,two_open_b
125.843649,0.606449269,-1.258505585,1.732476072,-2.463039015,1.998693168,1.872313150,6,5,two_open_b
125.867892,0.606449269,-1.258505585,1.732476072,-2.463039015,1.998693168,1.872313150,6,5,two_open_b
125.892134,0.606449269,-1.258505585,1.732476072,-2.463039015,1.998693168,1.872313150,6,5,two_open_b
125.916377,0.606605894,-1.258563275,1.732420636,-2.463029728,1.997975987,1.872401731,6,5,two_open_b
125.940619,0.608665429,-1.259321863,1.731691686,-2.462907613,1.988545441,1.873566521,6,5,two_open_b
125.964861,0.610724964,-1.260080451,1.730962736,-2.462785497,1.979114895,1.874731312,6,5,two_open_b
125.989104,0.612784499,-1.260839039,1.730233787,-2.462663381,1.969684348,1.875896103,6,5,two_open_b
126.013346,0.614844034,-1.261597627,1.729504837,-2.462541265,1.960253802,1.877060893,6,5,two_open_b
126.037589,0.616903569,-1.262356216,1.728775887,-2.462419150,1.950823256,1.878225684,6,5,two_open_b
126.061831,0.618963104,-1.263114804,1.728046937,-2.462297034,1.941392710,1.879390474,6,5,two_open_b
126.086073,0.621022639,-1.263873392,1.727317987,-2.462174918,1.931962164,1.880555265,6,5,two_open_b
126.110316,0.623082174,-1.264631980,1.726589037,-2.462052803,1.922531617,1.881720056,6,5,two_open_b
126.134558,0.625141709,-1.265390568,1.725860087,-2.461930687,1.913101071,1.882884846,6,5,two_open_b
126.158801,0.627044619,-1.266091467,1.725186573,-2.461817858,1.904387706,1.883961056,6,5,two_open_b
126.183043,0.627044619,-1.266091467,1.725186573,-2.461817858,1.904387706,1.883961056,6,5,two_open_b
126.207286,0.627044619,-1.266091467,1.725186573,-2.461817858,1.904387706,1.883961056,6,5,two_open_b
126.231528,0.627044619,-1.266091467,1.725186573,-2.461817858,1.904387706,1.883961056,6,5,two_open_b
126.255770,0.627044619,-1.266091467,1.725186573,-2.461817858,1.904387706,1.883961056,6,5,two_open_b
126.280013,0.627044619,-1.266091467,1.725186573,-2.461817858,1.904387706,1.883961056,6,5,two_open_b
126.304255,0.627044619,-1.266091467,1.725186573,-2.461817858,1.904387706,1.883961056,6,5,two_open_b
126.328498,0.627044619,-1.266091467,1.725186573,-2.461817858,1.904387706,1.883961056,6,5,two_open_b
126.352740,0.627044619,-1.266091467,1.725186573,-2.461817858,1.904387706,1.883961056,6,5,two_open_b
126.376983,0.627044619,-1.266091467,1.725186573,-2.461817858,1.904387706,1.883961056,6,5,two_open_b
126.401225,0.627044619,-1.266091467,1.725186573,-2.461817858,1.904387706,1.883961056,6,5,two_open_b
126.425467,0.627044619,-1.266091467,1.725186573,-2.461817858,1.904387706,1.883961056,6,5,two_open_b
126.449710,0.627044619,-1.266091467,1.725186573,-2.461817858,1.904387706,1.883961056,6,5,two_open_b
126.473952,0.627044619,-1.266091467,1.725186573,-2.461817858,1.904387706,1.883961056,6,5,two_open_b
126.498195,0.627044619,-1.266091467,1.725186573,-2.461817858,1.904387706,1.883961056,6,5,two_open_b
126.522437,0.627044619,-1.266091467,1.725186573,-2.461817858,1.904387706,1.883961056,6,5,two_open_b
126.546680,0.627044619,-1.266091467,1.725186573,-2.461817858,1.904387706,1.883961056,6,5,two_open_b
126.570922,0.627044619,-1.266091467,1.725186573,-2.461817858,1.904387706,1.883961056,6,5,two_open_b
126.595164,0.627044619,-1.266091467,1.725186573,-2.461817858,1.904387706,1.883961056,6,5,two_open_b
126.619407,0.627044619,-1.266091467,1.725186573,-2.461817858,1.904387706,1.883961056,6,5,two_open_b
126.643649,0.627044619,-1.266091467,1.725186573,-2.461817858,1.904387706,1.883961056,6,5,two_open_b
126.667892,0.627044619,-1.266091467,1.725186573,-2.461817858,1.904387706,1.883961056,6,5,two_open_b
126.692134,0.627044619,-1.266091467,1.725186573,-2.461817858,1.904387706,1.883961056,6,5,two_open_b
126.716377,0.627044619,-1.266091467,1.725186573,-2.461817858,1.904387706,1.883961056,6,5,two_open_b
126.740619,0.627044619,-1.266091467,1.725186573,-2.461817858,1.904387706,1.883961056,6,5,two_open_b
126.764861,0.627044619,-1.266091467,1.725186573,-2.461817858,1.904387706,1.883961056,6,5,two_open_b
126.789104,0.627044619,-1.266091467,1.725186573,-2.461817858,1.904387706,1.883961056,6,5,two_open_b
126.813346,0.627044619,-1.266091467,1.725186573,-2.461817858,1.904387706,1.883961056,6,5,two_open_b
126.837589,0.627044619,-1.266091467,1.725186573,-2.461817858,1.904387706,1.883961056,6,5,two_open_b
126.861831,0.627044619,-1.266091467,1.725186573,-2.461817858,1.904387706,1.883961056,6,5,two_open_b
126.886073,0.626269087,-1.266626380,1.723135888,-2.459660630,1.905998315,1.883816719,6,5,two_open_b
126.910316,0.624932725,-1.267548119,1.719602239,-2.455943392,1.908773644,1.883568005,6,5,two_open_b
126.934558,0.623596362,-1.268469858,1.716068589,-2.452226154,1.911548972,1.883319290,6,5,two_open_b
126.958801,0.622260000,-1.269391597,1.712534940,-2.448508916,1.914324301,1.883070576,6,5,two_open_b
126.983043,0.620923638,-1.270313336,1.709001291,-2.444791678,1.917099630,1.882821861,6,5,two_open_b
127.007286,0.619587275,-1.271235074,1.705467642,-2.441074440,1.919874959,1.882573147,6,5,two_open_b
127.031528,0.618250913,-1.272156813,1.701933993,-2.437357202,1.922650288,1.882324432,6,5,two_open_b
127.055770,0.616914551,-1.273078552,1.698400344,-2.433639964,1.925425616,1.882075718,6,5,two_open_b
127.080013,0.615578188,-1.274000291,1.694866695,-2.429922726,1.928200945,1.881827003,6,5,two_open_b
127.104255,0.614241826,-1.274922030,1.691333046,-2.426205488,1.930976274,1.881578289,6,5,two_open_b
127.128498,0.613680996,-1.275308855,1.689850082,-2.424645478,1.932140994,1.881473911,6,5,two_open_b
127.152740,0.613680996,-1.275308855,1.689850082,-2.424645478,1.932140994,1.881473911,6,5,two_open_b
127.176983,0.613680996,-1.275308855,1.689850082,-2.424645478,1.932140994,1.881473911,6,5,two_open_b
127.201225,0.613680996,-1.275308855,1.689850082,-2.424645478,1.932140994,1.881473911,6,5,two_open_b
127.225467,0.613680996,-1.275308855,1.689850082,-2.424645478,1.932140994,1.881473911,6,5,two_open_b
127.249710,0.613680996,-1.275308855,1.689850082,-2.424645478,1.932140994,1.881473911,6,5,two_open_b
127.273952,0.613680996,-1.275308855,1.689850082,-2.424645478,1.932140994,1.881473911,6,5,two_open_b
127.298195,0.613680996,-1.275308855,1.689850082,-2.424645478,1.932140994,1.881473911,6,5,two_open_b
127.322437,0.613680996,-1.275308855,1.689850082,-2.424645478,1.932140994,1.881473911,6,5,two_open_b
127.346680,0.613680996,-1.275308855,1.689850082,-2.424645478,1.932140994,1.881473911,6,5,two_open_b
127.370922,0.613680996,-1.275308855,1.689850082,-2.424645478,1.932140994,1.881473911,6,5,two_open_b
127.395164,0.613680996,-1.275308855,1.689850082,-2.424645478,1.932140994,1.881473911,6,5,two_open_b
127.419407,0.613680996,-1.275308855,1.689850082,-2.424645478,1.932140994,1.881473911,6,5,two_open_b
127.443649,0.613680996,-1.275308855,1.689850082,-2.424645478,1.932140994,1.881473911,6,5,two_open_b
127.467892,0.613680996,-1.275308855,1.689850082,-2.424645478,1.932140994,1.881473911,6,5,two_open_b
127.492134,0.613680996,-1.275308855,1.689850082,-2.424645478,1.932140994,1.881473911,6,5,two_open_b
127.516377,0.613680996,-1.275308855,1.689850082,-2.424645478,1.932140994,1.881473911,6,5,two_open_b
127.540619,0.613680996,-1.275308855,1.689850082,-2.424645478,1.932140994,1.881473911,6,5,two_open_b
127.564861,0.613680996,-1.275308855,1.689850082,-2.424645478,1.932140994,1.881473911,6,5,two_open_b
127.589104,0.613680996,-1.275308855,1.689850082,-2.424645478,1.932140994,1.881473911,6,5,two_open_b
127.613346,0.613680996,-1.275308855,1.689850082,-2.424645478,1.932140994,1.881473911,6,5,two_open_b
127.637589,0.613680996,-1.275308855,1.689850082,-2.424645478,1.932140994,1.881473911,6,5,two_open_b
127.661831,0.613680996,-1.275308855,1.689850082,-2.424645478,1.932140994,1.881473911,6,5,two_open_b
127.686073,0.613680996,-1.275308855,1.689850082,-2.424645478,1.932140994,1.881473911,6,5,two_open_b
127.710316,0.613680996,-1.275308855,1.689850082,-2.424645478,1.932140994,1.881473911,6,5,two_open_b
127.734558,0.613680996,-1.275308855,1.689850082,-2.424645478,1.932140994,1.881473911,6,5,two_open_b
127.758801,0.613680996,-1.275308855,1.689850082,-2.424645478,1.932140994,1.881473911,6,5,two_open_b
127.783043,0.613680996,-1.275308855,1.689850082,-2.424645478,1.932140994,1.881473911,6,5,two_open_b
127.807286,0.613680996,-1.275308855,1.689850082,-2.424645478,1.932140994,1.881473911,6,5,two_open_b
127.831528,0.613680996,-1.275308855,1.689850082,-2.424645478,1.932140994,1.881473911,6,5,two_open_b
127.855770,0.613680996,-1.275308855,1.689850082,-2.424645478,1.932140994,1.881473911,6,5,two_open_b
127.880013,0.613680996,-1.275308855,1.689850082,-2.424645478,1.932140994,1.881473911,6,5,two_open_b
127.904255,0.613680996,-1.275308855,1.689850082,-2.424645478,1.932140994,1.881473911,6,5,two_open_b
127.928498,0.611119767,-1.275342209,1.688207167,-2.422441773,1.941237464,1.880816490,6,5,two_open_b
127.952740,0.608558537,-1.275375563,1.686564253,-2.420238067,1.950333934,1.880159069,6,5,two_open_b
127.976983,0.605997308,-1.275408918,1.684921339,-2.418034362,1.959430404,1.879501648,6,5,two_open_b
128.001225,0.603436079,-1.275442272,1.683278424,-2.415830657,1.968526874,1.878844227,6,5,two_open_b
128.025467,0.600874849,-1.275475626,1.681635510,-2.413626952,1.977623344,1.878186806,6,5,two_open_b
128.049710,0.598313620,-1.275508980,1.679992595,-2.411423246,1.986719814,1.877529385,6,5,two_open_b
128.073952,0.595752391,-1.275542334,1.678349681,-2.409219541,1.995816284,1.876871964,6,5,two_open_b
128.098195,0.597171636,-1.275871521,1.681806326,-2.409991475,1.986516808,1.874718215,6,5,two_open_b
128.122437,0.598590881,-1.276200708,1.685262972,-2.410763409,1.977217331,1.872564466,6,5,two_open_b
128.146680,0.600010126,-1.276529894,1.688719617,-2.411535342,1.967917854,1.870410718,6,5,two_open_b
128.170922,0.603990600,-1.276825727,1.693819177,-2.414510981,1.949521908,1.868914390,6,5,two_open_b
128.195164,0.607971074,-1.277121559,1.698918737,-2.417486621,1.931125961,1.867418062,6,5,two_open_b
128.219407,0.611951548,-1.277417391,1.704018298,-2.420462260,1.912730015,1.865921734,6,5,two_open_b
128.243649,0.615932022,-1.277713224,1.709117858,-2.423437899,1.894334068,1.864425406,6,5,two_open_b
128.267892,0.619912497,-1.278009056,1.714217418,-2.426413538,1.875938122,1.862929079,6,5,two_open_b
128.292134,0.623892971,-1.278304889,1.719316978,-2.429389177,1.857542175,1.861432751,6,5,two_open_b
128.316377,0.627878644,-1.278577707,1.724443058,-2.432356856,1.839114987,1.859936430,6,5,two_open_b
128.340619,0.628058614,-1.277781108,1.725361000,-2.432081334,1.838033604,1.859936666,6,5,two_open_b
128.364861,0.628326078,-1.276597233,1.726725211,-2.431671863,1.836426493,1.859937016,6,5,two_open_b
128.389104,0.628593542,-1.275413359,1.728089422,-2.431262393,1.834819383,1.859937367,6,5,two_open_b
128.413346,0.628861006,-1.274229484,1.729453633,-2.430852922,1.833212272,1.859937718,6,5,two_open_b
128.437589,0.629128471,-1.273045610,1.730817844,-2.430443452,1.831605161,1.859938069,6,5,two_open_b
128.461831,0.629395935,-1.271861735,1.732182055,-2.430033981,1.829998051,1.859938419,6,5,two_open_b
128.486073,0.629663399,-1.270677860,1.733546266,-2.429624511,1.828390940,1.859938770,6,5,two_open_b
128.510316,0.629930863,-1.269493986,1.734910477,-2.429215040,1.826783830,1.859939121,6,5,two_open_b
128.534558,0.630198327,-1.268310111,1.736274688,-2.428805570,1.825176719,1.859939471,6,5,two_open_b
128.558801,0.630460592,-1.267149251,1.737612380,-2.428404059,1.823600850,1.859939815,6,5,two_open_b
128.583043,0.630548086,-1.266761975,1.738058648,-2.428270111,1.823075123,1.859939930,6,5,two_open_b
128.607286,0.629417129,-1.266311655,1.737429389,-2.427136626,1.827115927,1.859365819,6,5,two_open_b
128.631528,0.626660550,-1.265214050,1.735895644,-2.424373885,1.836964925,1.857966489,6,5,two_open_b
128.655770,0.623903971,-1.264116446,1.734361898,-2.421611144,1.846813922,1.856567159,6,5,two_open_b
128.680013,0.623500334,-1.262189789,1.734771478,-2.418304018,1.847308161,1.856079252,6,5,two_open_b
128.704255,0.623096696,-1.260263133,1.735181058,-2.414996891,1.847802399,1.855591345,6,5,two_open_b
128.728498,0.622693059,-1.258336476,1.735590639,-2.411689765,1.848296638,1.855103437,6,5,two_open_b
128.752740,0.622289421,-1.256409820,1.736000219,-2.408382639,1.848790876,1.854615530,6,5,two_open_b
128.776983,0.621885784,-1.254483163,1.736409799,-2.405075513,1.849285115,1.854127623,6,5,two_open_b
128.801225,0.621482146,-1.252556507,1.736819379,-2.401768386,1.849779353,1.853639715,6,5,two_open_b
128.825467,0.616854910,-1.249914674,1.738268411,-2.401032203,1.868521684,1.851670030,6,5,two_open_b
128.849710,0.613358630,-1.247723162,1.740346702,-2.401429505,1.883223210,1.850274456,6,5,two_open_b
128.873952,0.611487972,-1.246178933,1.743329479,-2.403456062,1.892116543,1.849704101,6,5,two_open_b
128.898195,0.609617314,-1.244634705,1.746312257,-2.405482620,1.901009876,1.849133746,6,5,two_open_b
128.922437,0.605393715,-1.243919529,1.747351709,-2.408053563,1.919257969,1.847651969,6,5,two_open_b
128.946680,0.601885927,-1.241965306,1.746312070,-2.405923967,1.935826663,1.847310214,6,5,two_open_b
128.970922,0.600171385,-1.239957676,1.747165491,-2.404591091,1.945318433,1.846653330,6,5,two_open_b
128.995164,0.600021031,-1.237903461,1.749670165,-2.403953165,1.948637239,1.845721570,6,5,two_open_b
129.019407,0.599870677,-1.235849246,1.752174839,-2.403315239,1.951956046,1.844789811,6,5,two_open_b
129.043649,0.599720322,-1.233795031,1.754679514,-2.402677313,1.955274852,1.843858051,6,5,two_open_b
129.067892,0.603793568,-1.232455992,1.756144736,-2.399468444,1.940345566,1.844408069,6,5,two_open_b
129.092134,0.607819482,-1.230500867,1.758154227,-2.396173108,1.927247139,1.845069715,6,5,two_open_b
129.116377,0.611802449,-1.227986687,1.760657603,-2.392799308,1.915810089,1.845832656,6,5,two_open_b
129.140619,0.615785415,-1.225472507,1.763160980,-2.389425508,1.904373038,1.846595597,6,5,two_open_b
129.164861,0.619768381,-1.222958327,1.765664356,-2.386051708,1.892935987,1.847358537,6,5,two_open_b
129.189104,0.623035535,-1.221683194,1.770246824,-2.387378446,1.883178333,1.846981455,6,5,two_open_b
129.213346,0.624509444,-1.220461467,1.772936232,-2.387908465,1.880497605,1.846919502,6,5,two_open_b
129.237589,0.624482144,-1.218507947,1.774990851,-2.387982704,1.885399784,1.847178008,6,5,two_open_b
129.261831,0.624489522,-1.216125816,1.777605181,-2.388188642,1.891078341,1.847461613,6,5,two_open_b
129.286073,0.624496899,-1.213743685,1.780219510,-2.388394579,1.896756898,1.847745218,6,5,two_open_b
129.310316,0.624504277,-1.211361554,1.782833840,-2.388600517,1.902435455,1.848028823,6,5,two_open_b
129.334558,0.624524646,-1.209151446,1.785415613,-2.388782799,1.907335540,1.848167745,6,5,two_open_b
129.358801,0.624524692,-1.206682174,1.788446364,-2.388840636,1.912513345,1.848144466,6,5,two_open_b
129.383043,0.624524738,-1.204212902,1.791477115,-2.388898473,1.917691150,1.848121186,6,5,two_open_b
129.407286,0.624524783,-1.201743630,1.794507866,-2.388956310,1.922868956,1.848097907,6,5,two_open_b
129.431528,0.624524829,-1.199274358,1.797538617,-2.389014147,1.928046761,1.848074627,6,5,two_open_b
129.455770,0.624524874,-1.196805086,1.800569368,-2.389071984,1.933224566,1.848051348,6,5,two_open_b
129.480013,0.623949265,-1.194502429,1.802757938,-2.388394600,1.939579912,1.848408197,6,5,two_open_b
129.504255,0.622320717,-1.191413314,1.804732956,-2.386600279,1.950298061,1.849585480,6,5,two_open_b
129.528498,0.620692168,-1.188324200,1.806707974,-2.384805959,1.961016209,1.850762764,6,5,two_open_b
129.552740,0.619063620,-1.185235085,1.808682992,-2.383011638,1.971734357,1.851940047,6,5,two_open_b
129.576983,0.617441729,-1.181505950,1.811769190,-2.381202382,1.980932204,1.853494583,6,5,two_open_b
129.601225,0.615883110,-1.178595033,1.813912524,-2.379596036,1.988190955,1.855110025,6,5,two_open_b
129.625467,0.614324491,-1.175684116,1.816055858,-2.377989689,1.995449706,1.856725467,6,5,two_open_b
129.649710,0.611542845,-1.171082265,1.817712939,-2.373967417,2.008565240,1.859526643,6,5,two_open_b
129.673952,0.608761199,-1.166480413,1.819370021,-2.369945144,2.021680775,1.862327818,6,5,two_open_b
129.698195,0.606026417,-1.161828035,1.821281550,-2.366012777,2.034404330,1.865034714,6,5,two_open_b
129.722437,0.604289579,-1.157264211,1.825653585,-2.363507420,2.040481469,1.866339636,6,5,two_open_b
129.746680,0.603571003,-1.153915456,1.829679462,-2.361987302,2.041419429,1.866799025,6,5,two_open_b
129.770922,0.602681659,-1.150241587,1.833931799,-2.360168005,2.043087766,1.867649133,6,5,two_open_b
129.795164,0.601304074,-1.145638191,1.838831608,-2.357493329,2.046844315,1.869616344,6,5,two_open_b
129.819407,0.599954171,-1.142118879,1.842108525,-2.354943711,2.051068778,1.871239356,6,5,two_open_b
129.843649,0.598542806,-1.138223436,1.846099310,-2.352281783,2.054964077,1.872910708,6,5,two_open_b
129.867892,0.597043864,-1.133792034,1.851107302,-2.349459822,2.058390339,1.874650939,6,5,two_open_b
129.892134,0.596767949,-1.131051566,1.856601546,-2.349053787,2.055959819,1.875205437,6,5,two_open_b
129.916377,0.596401722,-1.127423133,1.862384185,-2.346972878,2.052981349,1.876751917,6,5,two_open_b
129.940619,0.595961038,-1.123573920,1.868000491,-2.344290330,2.050227442,1.878695764,6,5,two_open_b
129.964861,0.595035085,-1.120247918,1.870982007,-2.340676822,2.051532464,1.881615873,6,5,two_open_b
129.989104,0.594039049,-1.116865577,1.873993613,-2.337006413,2.053039490,1.884589005,6,5,two_open_b
130.013346,0.591971033,-1.112809329,1.877312342,-2.332626188,2.057398175,1.888111644,6,5,two_open_b
130.037589,0.590391258,-1.109682608,1.879983600,-2.329101341,2.059668648,1.890517180,6,5,two_open_b
130.061831,0.588514785,-1.106376912,1.882888823,-2.325688019,2.062669279,1.892881605,6,5,two_open_b
130.086073,0.585365124,-1.102642251,1.886132634,-2.322888682,2.069283574,1.895012751,6,5,two_open_b
130.110316,0.582303041,-1.099443550,1.888359237,-2.320249377,2.076366905,1.897075018,6,5,two_open_b
130.134558,0.579240958,-1.096244849,1.890585840,-2.317610072,2.083450236,1.899137285,6,5,two_open_b
130.158801,0.575525410,-1.092863988,1.892286728,-2.314149900,2.092212660,1.901993799,6,5,two_open_b
130.183043,0.571615688,-1.089435363,1.893828740,-2.310457328,2.101479767,1.905079812,6,5,two_open_b
130.207286,0.567705966,-1.086006737,1.895370753,-2.306764755,2.110746873,1.908165826,6,5,two_open_b
130.231528,0.563355829,-1.082235546,1.897210841,-2.302780355,2.120437728,1.911712491,6,5,two_open_b
130.255770,0.559379741,-1.078784574,1.899075777,-2.299211533,2.127611368,1.915193029,6,5,two_open_b
130.280013,0.555226681,-1.075206748,1.901013425,-2.295487265,2.134791212,1.918893540,6,5,two_open_b
130.304255,0.551023230,-1.071559102,1.902859717,-2.291346602,2.141253066,1.923066590,6,5,two_open_b
130.328498,0.547807337,-1.068467757,1.903796165,-2.286399395,2.144442587,1.927856005,6,5,two_open_b
130.352740,0.544457382,-1.065280314,1.904787695,-2.281334431,2.147636807,1.932812058,6,5,two_open_b
130.376983,0.540186415,-1.061382502,1.906368967,-2.275341789,2.149910862,1.939124544,6,5,two_open_b
130.401225,0.536659227,-1.058554815,1.908187561,-2.271844886,2.151053773,1.943650799,6,5,two_open_b
130.425467,0.533378779,-1.055950486,1.910696382,-2.269095066,2.149808143,1.947692960,6,5,two_open_b
130.449710,0.530140766,-1.053183531,1.914257736,-2.266350250,2.145077206,1.951817513,6,5,two_open_b
130.473952,0.527413251,-1.050815481,1.917490923,-2.263954162,2.139720517,1.955428393,6,5,two_open_b
130.498195,0.524517310,-1.048335740,1.920578987,-2.261467826,2.133458244,1.959109579,6,5,two_open_b
130.522437,0.521798342,-1.045982853,1.923594338,-2.259136936,2.127189768,1.962570793,6,5,two_open_b
130.546680,0.519426463,-1.043878761,1.926467080,-2.257110916,2.120909124,1.965600580,6,5,two_open_b
130.570922,0.517401674,-1.042023464,1.929197213,-2.255389766,2.114616313,1.968198942,6,5,two_open_b
130.595164,0.515047224,-1.039983956,1.932008536,-2.253606210,2.108703756,1.970911977,6,5,two_open_b
130.619407,0.512862815,-1.038200875,1.934450805,-2.252458574,2.104334770,1.972724147,6,5,two_open_b
130.643649,0.510063268,-1.036045959,1.937073845,-2.251071950,2.100476433,1.974909483,6,5,two_open_b
130.667892,0.506169388,-1.033311638,1.939363625,-2.249240987,2.099700008,1.977840884,6,5,two_open_b
130.692134,0.501370565,-1.030195415,1.940831719,-2.247049008,2.103240168,1.981330757,6,5,two_open_b
130.716377,0.496571743,-1.027079191,1.942299812,-2.244857028,2.106780329,1.984820630,6,5,two_open_b
130.740619,0.492146388,-1.024426453,1.943286231,-2.243012748,2.111332950,1.988279260,6,5,two_open_b
130.764861,0.486219548,-1.021033883,1.944117973,-2.240408360,2.118536474,1.993803873,6,5,two_open_b
130.789104,0.480292708,-1.017641313,1.944949715,-2.237803972,2.125739998,1.999328487,6,5,two_open_b
130.813346,0.472809544,-1.013588554,1.946113973,-2.235209153,2.134169184,2.006446853,6,5,two_open_b
130.837589,0.465790104,-1.009816105,1.947141956,-2.232794497,2.142213417,2.013283906,6,5,two_open_b
130.861831,0.459521633,-1.006497597,1.947949252,-2.230671600,2.149634244,2.019665394,6,5,two_open_b
130.886073,0.452315952,-1.002490390,1.947462631,-2.226517140,2.157764167,2.027674780,6,5,two_open_b
130.910316,0.446179629,-0.999158302,1.946689803,-2.222804073,2.164863452,2.034889608,6,5,two_open_b
130.934558,0.440905816,-0.996370742,1.945686128,-2.219447018,2.171131460,2.041463573,6,5,two_open_b
130.958801,0.434210440,-0.992962544,1.945203695,-2.216316142,2.178286968,2.049032024,6,5,two_open_b
130.983043,0.428178721,-0.989881353,1.944789628,-2.213521233,2.184270777,2.055687311,6,5,two_open_b
131.007286,0.423648486,-0.987539993,1.944530239,-2.211486432,2.187603684,2.060276613,6,5,two_open_b
131.031528,0.417356374,-0.984239168,1.943886130,-2.208421143,2.193267061,2.067608399,6,5,two_open_b
131.055770,0.412620585,-0.981598530,1.942909505,-2.205346284,2.197704777,2.073346432,6,5,two_open_b
131.080013,0.407744807,-0.978848000,1.941885525,-2.202131084,2.202272435,2.079172994,6,5,two_open_b
131.104255,0.401583608,-0.975088401,1.940426709,-2.197627219,2.208033276,2.085812455,6,5,two_open_b
131.128498,0.396974758,-0.972389336,1.940081038,-2.195393904,2.212574373,2.090450851,6,5,two_open_b
131.152740,0.391960352,-0.969509662,1.939788231,-2.193128274,2.217810400,2.095570240,6,5,two_open_b
131.176983,0.385480514,-0.965977378,1.939686436,-2.190745877,2.225557484,2.102427643,6,5,two_open_b
131.201225,0.380422238,-0.963065732,1.939063400,-2.188137301,2.232417068,2.108290560,6,5,two_open_b
131.225467,0.375105531,-0.959979440,1.938406451,-2.185239777,2.239662364,2.114642012,6,5,two_open_b
131.249710,0.369179678,-0.956481488,1.937669566,-2.181661175,2.247816825,2.122144990,6,5,two_open_b
131.273952,0.364406556,-0.953531344,1.937237465,-2.178431981,2.254549978,2.128057011,6,5,two_open_b
131.298195,0.359024289,-0.950169541,1.936725427,-2.174521710,2.262192295,2.135120557,6,5,two_open_b
131.322437,0.353668099,-0.946840650,1.936245798,-2.170624418,2.269874682,2.142310910,6,5,two_open_b
131.346680,0.349069352,-0.944127628,1.936109083,-2.167243757,2.276796074,2.149719671,6,5,two_open_b
131.370922,0.343587060,-0.940756608,1.935818543,-2.162571134,2.284440711,2.158854273,6,5,two_open_b
131.395164,0.338510324,-0.937566197,1.935475140,-2.157930827,2.291390418,2.167507883,6,5,two_open_b
131.419407,0.333279627,-0.933784841,1.934299923,-2.150388009,2.297919802,2.178197051,6,5,two_open_b
131.443649,0.327796809,-0.929809878,1.933024939,-2.142375124,2.304774690,2.189473722,6,5,two_open_b
131.467892,0.322572421,-0.926009561,1.931783869,-2.134651187,2.311243865,2.200261859,6,5,two_open_b
131.492134,0.317957180,-0.922620904,1.930622735,-2.127608328,2.316803876,2.209898469,6,5,two_open_b
131.516377,0.313951085,-0.919643906,1.929541537,-2.121246548,2.321454724,2.218383554,6,5,two_open_b
131.540619,0.310554137,-0.917078567,1.928540275,-2.115565846,2.325196407,2.225717113,6,5,two_open_b
131.564861,0.305702937,-0.913374205,1.927277703,-2.106875157,2.329973421,2.237081011,6,5,two_open_b
131.589104,0.301379716,-0.910063042,1.926107051,-2.098956503,2.334318248,2.247413601,6,5,two_open_b
131.613346,0.297940040,-0.907409878,1.925090225,-2.092329809,2.337939831,2.256020352,6,5,two_open_b
131.637589,0.294049571,-0.904511196,1.924085266,-2.085157233,2.342031310,2.265291206,6,5,two_open_b
131.661831,0.290437617,-0.902125776,1.923756411,-2.079380205,2.345429762,2.272763862,6,5,two_open_b
131.686073,0.287077784,-0.899933964,1.923527322,-2.074073244,2.348502710,2.279649015,6,5,two_open_b
131.710316,0.283717950,-0.897742151,1.923298233,-2.068766284,2.351575658,2.286534168,6,5,two_open_b
131.734558,0.278150618,-0.894134862,1.922494272,-2.059682325,2.359631096,2.298593818,6,5,two_open_b
131.758801,0.272583285,-0.890527573,1.921690311,-2.050598366,2.367686533,2.310653469,6,5,two_open_b
131.783043,0.267015953,-0.886920284,1.920886350,-2.041514407,2.375741971,2.322713119,6,5,two_open_b
131.807286,0.261868374,-0.883806029,1.920400638,-2.033155552,2.381966573,2.333026786,6,5,two_open_b
131.831528,0.256720795,-0.880691774,1.919914926,-2.024796698,2.388191174,2.343340452,6,5,two_open_b
131.855770,0.251573217,-0.877577520,1.919429214,-2.016437843,2.394415776,2.353654118,6,5,two_open_b
131.880013,0.246876430,-0.874708783,1.918931634,-2.008624872,2.400170480,2.363303680,6,5,two_open_b
131.904255,0.243318352,-0.872672634,1.918561333,-2.002317424,2.404147465,2.371392066,6,5,two_open_b
131.928498,0.239002561,-0.871019880,1.918800367,-1.995566952,2.406700204,2.381032820,6,5,two_open_b
131.952740,0.234686770,-0.869367126,1.919039401,-1.988816480,2.409252944,2.390673574,6,5,two_open_b
131.976983,0.232578478,-0.869129848,1.919853307,-1.985843007,2.406823193,2.395139831,6,5,two_open_b
132.001225,0.230470187,-0.868892570,1.920667213,-1.982869533,2.404393443,2.399606088,6,5,two_open_b
132.025467,0.227023211,-0.868365116,1.921623591,-1.978735526,2.401955183,2.404081464,6,5,two_open_b
132.049710,0.224724644,-0.868560631,1.922537979,-1.977013762,2.400142416,2.406057150,6,5,two_open_b
132.073952,0.220541139,-0.868680171,1.923426505,-1.973875823,2.401210996,2.411046750,6,5,two_open_b
132.098195,0.216357634,-0.868799712,1.924315030,-1.970737883,2.402279575,2.416036350,6,5,two_open_b
132.122437,0.212174129,-0.868919252,1.925203556,-1.967599943,2.403348155,2.421025951,6,5,two_open_b
132.146680,0.208192795,-0.868936497,1.925929501,-1.964580210,2.404796748,2.425601352,6,5,two_open_b
132.170922,0.204969173,-0.868570346,1.926046111,-1.962003499,2.407669586,2.428624385,6,5,two_open_b
132.195164,0.201745551,-0.868204196,1.926162721,-1.959426789,2.410542425,2.431647418,6,5,two_open_b
132.219407,0.198521930,-0.867838045,1.926279330,-1.956850079,2.413415263,2.434670451,6,5,two_open_b
132.243649,0.195298308,-0.867471895,1.926395940,-1.954273369,2.416288102,2.437693484,6,5,two_open_b
132.267892,0.191931039,-0.868793449,1.926675763,-1.952995819,2.417188646,2.440053173,6,5,two_open_b
132.292134,0.188514747,-0.870077411,1.926932356,-1.951592015,2.418201132,2.442550400,6,5,two_open_b
132.316377,0.185176131,-0.870051445,1.926358381,-1.946949814,2.420459163,2.447104246,6,5,two_open_b
132.340619,0.181494135,-0.869762158,1.925621686,-1.941423244,2.423501304,2.452621493,6,5,two_open_b
132.364861,0.176056193,-0.867621761,1.924346299,-1.929955607,2.430246735,2.464870635,6,5,two_open_b
132.389104,0.170618251,-0.865481364,1.923070912,-1.918487969,2.436992166,2.477119777,6,5,two_open_b
132.413346,0.165180308,-0.863340966,1.921795525,-1.907020331,2.443737597,2.489368919,6,5,two_open_b
132.437589,0.159742366,-0.861200569,1.920520138,-1.895552694,2.450483028,2.501618061,6,5,two_open_b
132.461831,0.154304424,-0.859060172,1.919244751,-1.884085056,2.457228459,2.513867202,6,5,two_open_b
132.486073,0.148036417,-0.857843913,1.918166417,-1.873967015,2.463757829,2.525158884,6,5,two_open_b
132.510316,0.142578553,-0.855978496,1.916941973,-1.864803253,2.472093034,2.536329439,6,5,two_open_b
132.534558,0.137169711,-0.854150671,1.915740758,-1.855765747,2.480316297,2.547362455,6,5,two_open_b
132.558801,0.133568132,-0.853708748,1.915395973,-1.851382814,2.484412668,2.553324937,6,5,two_open_b
132.583043,0.129279736,-0.854092902,1.914816258,-1.847537174,2.487821460,2.559371914,6,5,two_open_b
132.607286,0.126328191,-0.856557099,1.914613467,-1.849491409,2.487566230,2.559113288,6,5,two_open_b
132.631528,0.123376647,-0.859021296,1.914410675,-1.851445645,2.487311000,2.558854662,6,5,two_open_b
132.655770,0.118547822,-0.858614020,1.912832485,-1.844477247,2.491943083,2.568681713,6,5,two_open_b
132.680013,0.113718996,-0.858206745,1.911254294,-1.837508849,2.496575166,2.578508765,6,5,two_open_b
132.704255,0.108890171,-0.857799470,1.909676104,-1.830540451,2.501207250,2.588335817,6,5,two_open_b
132.728498,0.104891409,-0.856468056,1.907900860,-1.822222457,2.506055394,2.599120328,6,5,two_open_b
132.752740,0.099997055,-0.854404142,1.906038023,-1.812124058,2.512966758,2.614429075,6,5,two_open_b
132.776983,0.094981368,-0.852341456,1.904180757,-1.801972452,2.520024255,2.630027953,6,5,two_open_b
132.801225,0.089965681,-0.850278770,1.902323490,-1.791820846,2.527081752,2.645626831,6,5,two_open_b
132.825467,0.085980191,-0.847653329,1.900863874,-1.782016315,2.534042720,2.660177814,6,5,two_open_b
132.849710,0.082413796,-0.844798955,1.899566026,-1.772352978,2.540964418,2.674302504,6,5,two_open_b
132.873952,0.078847400,-0.841944581,1.898268179,-1.762689640,2.547886116,2.688427195,6,5,two_open_b
132.898195,0.077158286,-0.841961679,1.898345730,-1.761948935,2.549920501,2.692466208,6,5,two_open_b
132.922437,0.075469171,-0.841978777,1.898423281,-1.761208231,2.551954886,2.696505221,6,5,two_open_b
132.946680,0.073780057,-0.841995875,1.898500832,-1.760467526,2.553989272,2.700544233,6,5,two_open_b
132.970922,0.072090943,-0.842012973,1.898578383,-1.759726821,2.556023657,2.704583246,6,5,two_open_b
132.995164,0.071969610,-0.842014201,1.898583954,-1.759673615,2.556169791,2.704873377,6,5,two_open_b
133.019407,0.071969610,-0.842014201,1.898583954,-1.759673615,2.556169791,2.704873377,6,5,two_open_b
133.043649,0.071969610,-0.842014201,1.898583954,-1.759673615,2.556169791,2.704873377,6,5,two_open_b
133.067892,0.071489999,-0.842028131,1.897602784,-1.754075486,2.551550791,2.710875467,6,5,two_open_b
133.092134,0.071010388,-0.842042062,1.896621613,-1.748477357,2.546931790,2.716877556,6,5,two_open_b
133.116377,0.070530777,-0.842055993,1.895640443,-1.742879228,2.542312790,2.722879646,6,5,two_open_b
133.140619,0.070051166,-0.842069923,1.894659273,-1.737281099,2.537693789,2.728881736,6,5,two_open_b
133.164861,0.069571555,-0.842083854,1.893678102,-1.731682971,2.533074789,2.734883826,6,5,two_open_b
133.189104,0.069091944,-0.842097784,1.892696932,-1.726084842,2.528455789,2.740885915,6,5,two_open_b
133.213346,0.068612333,-0.842111715,1.891715762,-1.720486713,2.523836788,2.746888005,6,5,two_open_b
133.237589,0.068132722,-0.842125645,1.890734592,-1.714888584,2.519217788,2.752890095,6,5,two_open_b
133.261831,0.067653111,-0.842139576,1.889753421,-1.709290455,2.514598787,2.758892184,6,5,two_open_b
133.286073,0.067173500,-0.842153506,1.888772251,-1.703692326,2.509979787,2.764894274,6,5,two_open_b
133.310316,0.067114162,-0.842893106,1.888625920,-1.704770709,2.509405842,2.764610548,6,5,two_open_b
133.334558,0.066974732,-0.844630985,1.888282076,-1.707304645,2.508057212,2.763943860,6,5,two_open_b
133.358801,0.066755210,-0.847367143,1.887740722,-1.711294134,2.505933896,2.762894211,6,5,two_open_b
133.383043,0.066455596,-0.851101580,1.887001855,-1.716739175,2.503035895,2.761461600,6,5,two_open_b
133.407286,0.066108597,-0.855426624,1.886146136,-1.723045359,2.499679571,2.759802420,6,5,two_open_b
133.431528,0.065761599,-0.859751668,1.885290416,-1.729351542,2.496323247,2.758143240,6,5,two_open_b
133.455770,0.065414601,-0.864076712,1.884434697,-1.735657726,2.492966923,2.756484061,6,5,two_open_b
133.480013,0.065067602,-0.868401756,1.883578977,-1.741963909,2.489610599,2.754824881,6,5,two_open_b
133.504255,0.064720604,-0.872726800,1.882723258,-1.748270092,2.486254275,2.753165701,6,5,two_open_b
133.528498,0.064373605,-0.877051844,1.881867539,-1.754576276,2.482897951,2.751506521,6,5,two_open_b
133.552740,0.064085945,-0.880637288,1.881158151,-1.759804076,2.480115572,2.750131067,6,5,two_open_b
133.576983,0.063651987,-0.884310759,1.880416043,-1.764532701,2.477274106,2.748735886,6,5,two_open_b
133.601225,0.063003089,-0.888401621,1.879571411,-1.769052121,2.474120754,2.747198881,6,5,two_open_b
133.625467,0.062434284,-0.891494205,1.878924290,-1.772115988,2.471742087,2.746044838,6,5,two_open_b
133.649710,0.061912863,-0.893996181,1.878394023,-1.774318713,2.469821744,2.745117365,6,5,two_open_b
133.673952,0.061391442,-0.896498158,1.877863755,-1.776521439,2.467901401,2.744189891,6,5,two_open_b
133.698195,0.060870021,-0.899000134,1.877333487,-1.778724164,2.465981057,2.743262418,6,5,two_open_b
133.722437,0.060480612,-0.903159299,1.876057006,-1.780324742,2.462374070,2.743509974,6,5,two_open_b
133.746680,0.060091203,-0.907318464,1.874780525,-1.781925320,2.458767083,2.743757530,6,5,two_open_b
133.770922,0.059701794,-0.911477630,1.873504044,-1.783525897,2.455160095,2.744005086,6,5,two_open_b
133.795164,0.059312385,-0.915636795,1.872227563,-1.785126475,2.451553108,2.744252642,6,5,two_open_b
133.819407,0.059149366,-0.918709654,1.871181312,-1.785770676,2.448779894,2.744902887,6,5,two_open_b
133.843649,0.059281377,-0.920366843,1.870435099,-1.785168528,2.447093250,2.746077917,6,5,two_open_b
133.867892,0.059413389,-0.922024031,1.869688885,-1.784566380,2.445406606,2.747252947,6,5,two_open_b
133.892134,0.058700944,-0.924378338,1.868159478,-1.782631700,2.445049432,2.751859458,6,5,two_open_b
133.916377,0.057988498,-0.926732646,1.866630070,-1.780697020,2.444692259,2.756465970,6,5,two_open_b
133.940619,0.057276052,-0.929086953,1.865100663,-1.778762340,2.444335086,2.761072482,6,5,two_open_b
133.964861,0.056431595,-0.929784072,1.864317469,-1.777429808,2.445664556,2.764503964,6,5,two_open_b
133.989104,0.055587137,-0.930481190,1.863534275,-1.776097276,2.446994027,2.767935446,6,5,two_open_b
134.013346,0.054742680,-0.931178309,1.862751081,-1.774764744,2.448323497,2.771366928,6,5,two_open_b
134.037589,0.054063448,-0.929938549,1.859799845,-1.762670475,2.449076599,2.784826040,6,5,two_open_b
134.061831,0.053384215,-0.928698790,1.856848608,-1.750576205,2.449829701,2.798285151,6,5,two_open_b
134.086073,0.052704983,-0.927459030,1.853897372,-1.738481936,2.450582803,2.811744262,6,5,two_open_b
134.110316,0.052025750,-0.926219270,1.850946136,-1.726387667,2.451335905,2.825203373,6,5,two_open_b
134.134558,0.052190976,-0.924282391,1.848778094,-1.715625930,2.450759537,2.835231003,6,5,two_open_b
134.158801,0.052356201,-0.922345513,1.846610051,-1.704864193,2.450183169,2.845258632,6,5,two_open_b
134.183043,0.052521426,-0.920408634,1.844442009,-1.694102456,2.449606800,2.855286261,6,5,two_open_b
134.207286,0.052686651,-0.918471756,1.842273967,-1.683340719,2.449030432,2.865313890,6,5,two_open_b
134.231528,0.052851876,-0.916534877,1.840105924,-1.672578982,2.448454063,2.875341519,6,5,two_open_b
134.255770,0.053017101,-0.914597999,1.837937882,-1.661817245,2.447877695,2.885369148,6,5,two_open_b
134.280013,0.053017101,-0.914597999,1.837937882,-1.661817245,2.447877695,2.885369148,6,5,two_open_b
134.304255,0.053017101,-0.914597999,1.837937882,-1.661817245,2.447877695,2.885369148,6,5,two_open_b
134.328498,0.052957763,-0.916144691,1.837454400,-1.665155596,2.447498548,2.882987805,6,5,two_open_b
134.352740,0.052782666,-0.920708746,1.836027719,-1.675006563,2.446379744,2.875960822,6,5,two_open_b
134.376983,0.052607569,-0.925272801,1.834601038,-1.684857530,2.445260939,2.868933840,6,5,two_open_b
134.401225,0.052432472,-0.929836855,1.833174357,-1.694708497,2.444142134,2.861906857,6,5,two_open_b
134.425467,0.052257376,-0.934400910,1.831747676,-1.704559465,2.443023329,2.854879874,6,5,two_open_b
134.449710,0.052082279,-0.938964965,1.830320995,-1.714410432,2.441904525,2.847852892,6,5,two_open_b
134.473952,0.051907182,-0.943529020,1.828894314,-1.724261399,2.440785720,2.840825909,6,5,two_open_b
134.498195,0.051732085,-0.948093074,1.827467633,-1.734112366,2.439666915,2.833798927,6,5,two_open_b
134.522437,0.051556988,-0.952657129,1.826040952,-1.743963333,2.438548111,2.826771944,6,5,two_open_b
134.546680,0.051381891,-0.957221184,1.824614270,-1.753814301,2.437429306,2.819744961,6,5,two_open_b
134.570922,0.051266132,-0.960238546,1.823671071,-1.760326917,2.436689648,2.815099322,6,5,two_open_b
134.595164,0.051266132,-0.960238546,1.823671071,-1.760326917,2.436689648,2.815099322,6,5,two_open_b
134.619407,0.051266132,-0.960238546,1.823671071,-1.760326917,2.436689648,2.815099322,6,5,two_open_b
134.643649,0.051266132,-0.960238546,1.823671071,-1.760326917,2.436689648,2.815099322,6,5,two_open_b
134.667892,0.051266132,-0.960238546,1.823671071,-1.760326917,2.436689648,2.815099322,6,5,two_open_b
134.692134,0.051266132,-0.960238546,1.823671071,-1.760326917,2.436689648,2.815099322,6,5,two_open_b
134.716377,0.051266132,-0.960238546,1.823671071,-1.760326917,2.436689648,2.815099322,6,5,two_open_b
134.740619,0.051266132,-0.960238546,1.823671071,-1.760326917,2.436689648,2.815099322,6,5,two_open_b
134.764861,0.051266132,-0.960238546,1.823671071,-1.760326917,2.436689648,2.815099322,6,5,two_open_b
134.789104,0.051266132,-0.960238546,1.823671071,-1.760326917,2.436689648,2.815099322,6,5,two_open_b
134.813346,0.051266132,-0.960238546,1.823671071,-1.760326917,2.436689648,2.815099322,6,5,two_open_b
134.837589,0.051309462,-0.962071512,1.822034842,-1.762318565,2.434218988,2.815664057,6,5,two_open_b
134.861831,0.051352793,-0.963904477,1.820398613,-1.764310213,2.431748328,2.816228792,6,5,two_open_b
134.886073,0.051396123,-0.965737443,1.818762383,-1.766301861,2.429277669,2.816793527,6,5,two_open_b
134.910316,0.051439454,-0.967570408,1.817126154,-1.768293509,2.426807009,2.817358262,6,5,two_open_b
134.934558,0.051482784,-0.969403374,1.815489925,-1.770285157,2.424336349,2.817922997,6,5,two_open_b
134.958801,0.051526114,-0.971236340,1.813853696,-1.772276804,2.421865689,2.818487732,6,5,two_open_b
134.983043,0.051569445,-0.973069305,1.812217467,-1.774268452,2.419395029,2.819052467,6,5,two_open_b
135.007286,0.051612775,-0.974902271,1.810581237,-1.776260100,2.416924370,2.819617202,6,5,two_open_b
135.031528,0.051049388,-0.976885903,1.807163528,-1.776293612,2.414122255,2.823897193,6,5,two_open_b
135.055770,0.050486001,-0.978869536,1.803745819,-1.776327124,2.411320140,2.828177184,6,5,two_open_b
135.080013,0.049879284,-0.979020203,1.801964339,-1.774368987,2.410988685,2.831892440,6,5,two_open_b
135.104255,0.047805281,-0.975079752,1.798738904,-1.758920499,2.414624623,2.849072279,6,5,two_open_b
135.128498,0.045731279,-0.971139301,1.795513469,-1.743472010,2.418260562,2.866252118,6,5,two_open_b
135.152740,0.043657276,-0.967198850,1.792288034,-1.728023521,2.421896500,2.883431957,6,5,two_open_b
135.176983,0.041583274,-0.963258399,1.789062599,-1.712575033,2.425532439,2.900611797,6,5,two_open_b
135.201225,0.039509271,-0.959317948,1.785837164,-1.697126544,2.429168377,2.917791636,6,5,two_open_b
135.225467,0.037435269,-0.955377497,1.782611729,-1.681678055,2.432804315,2.934971475,6,5,two_open_b
135.249710,0.035361266,-0.951437046,1.779386294,-1.666229566,2.436440254,2.952151314,6,5,two_open_b
135.273952,0.033893981,-0.947345929,1.777942340,-1.652739214,2.440407647,2.965615897,6,5,two_open_b
135.298195,0.032426696,-0.943254811,1.776498385,-1.639248862,2.444375041,2.979080481,6,5,two_open_b
135.322437,0.030953400,-0.939175476,1.775043663,-1.625740273,2.448342118,2.992584733,6,5,two_open_b
135.346680,0.030822483,-0.939432089,1.774809157,-1.625343110,2.448335227,2.993448682,6,5,two_open_b
135.370922,0.030566661,-0.939933534,1.774350914,-1.624567019,2.448321761,2.995136914,6,5,two_open_b
135.395164,0.030185934,-0.940679811,1.773668933,-1.623412001,2.448301721,2.997649426,6,5,two_open_b
135.419407,0.029684814,-0.941662074,1.772771297,-1.621891743,2.448275344,3.000956443,6,5,two_open_b
135.443649,0.029183693,-0.942644337,1.771873661,-1.620371486,2.448248967,3.004263460,6,5,two_open_b
135.467892,0.028682572,-0.943626600,1.770976025,-1.618851229,2.448222589,3.007570477,6,5,two_open_b
135.492134,0.028181452,-0.944608863,1.770078389,-1.617330972,2.448196212,3.010877493,6,5,two_open_b
135.516377,0.027680331,-0.945591126,1.769180752,-1.615810715,2.448169835,3.014184510,6,5,two_open_b
135.540619,0.027179211,-0.946573389,1.768283116,-1.614290458,2.448143458,3.017491527,6,5,two_open_b
135.564861,0.026573468,-0.948572425,1.767276136,-1.613640887,2.448834478,3.021288657,6,5,two_open_b
135.589104,0.026029168,-0.950916636,1.766423996,-1.613859229,2.449943407,3.024565401,6,5,two_open_b
135.613346,0.025609775,-0.953016015,1.765795593,-1.614456499,2.451058911,3.027017863,6,5,two_open_b
135.637589,0.025315286,-0.954870563,1.765390927,-1.615432696,2.452180989,3.028646045,6,5,two_open_b
135.661831,0.025141191,-0.956489124,1.765201918,-1.616774132,2.453309405,3.029479722,6,5,two_open_b
135.686073,0.024967096,-0.958107685,1.765012908,-1.618115567,2.454437820,3.030313399,6,5,two_open_b
135.710316,0.024793001,-0.959726247,1.764823898,-1.619457003,2.455566236,3.031147076,6,5,two_open_b
135.734558,0.024618905,-0.961344808,1.764634888,-1.620798439,2.456694651,3.031980753,6,5,two_open_b
135.758801,0.024561585,-0.963594684,1.763951317,-1.623224473,2.457124310,3.031444183,6,5,two_open_b
135.783043,0.024890106,-0.967930501,1.761633655,-1.629234154,2.455245188,3.026380150,6,5,two_open_b
135.807286,0.025329259,-0.971237761,1.759436103,-1.634391385,2.452648987,3.020786335,6,5,two_open_b
135.831528,0.025831874,-0.973955017,1.757307451,-1.639059629,2.449641450,3.014888624,6,5,two_open_b
135.855770,0.026334489,-0.976672273,1.755178798,-1.643727874,2.446633913,3.008990914,6,5,two_open_b
135.880013,0.026837105,-0.979389529,1.753050145,-1.648396119,2.443626376,3.003093204,6,5,two_open_b
135.904255,0.027339720,-0.982106785,1.750921493,-1.653064363,2.440618840,2.997195493,6,5,two_open_b
135.928498,0.027842335,-0.984824041,1.748792840,-1.657732608,2.437611303,2.991297783,6,5,two_open_b
135.952740,0.028344951,-0.987541297,1.746664187,-1.662400853,2.434603766,2.985400072,6,5,two_open_b
135.976983,0.028847566,-0.990258553,1.744535534,-1.667069097,2.431596230,2.979502362,6,5,two_open_b
136.001225,0.029233406,-0.992344494,1.742901443,-1.670652744,2.429287450,2.974974898,6,5,two_open_b
136.025467,0.029233406,-0.992344494,1.742901443,-1.670652744,2.429287450,2.974974898,6,5,two_open_b
136.049710,0.029233406,-0.992344494,1.742901443,-1.670652744,2.429287450,2.974974898,6,5,two_open_b
136.073952,0.029233406,-0.992344494,1.742901443,-1.670652744,2.429287450,2.974974898,6,5,two_open_b
136.098195,0.029233406,-0.992344494,1.742901443,-1.670652744,2.429287450,2.974974898,6,5,two_open_b
136.122437,0.029233406,-0.992344494,1.742901443,-1.670652744,2.429287450,2.974974898,6,5,two_open_b
136.146680,0.029233406,-0.992344494,1.742901443,-1.670652744,2.429287450,2.974974898,6,5,two_open_b
136.170922,0.029233406,-0.992344494,1.742901443,-1.670652744,2.429287450,2.974974898,6,5,two_open_b
136.195164,0.029233406,-0.992344494,1.742901443,-1.670652744,2.429287450,2.974974898,6,5,two_open_b
136.219407,0.029233406,-0.992344494,1.742901443,-1.670652744,2.429287450,2.974974898,6,5,two_open_b
136.243649,0.029233406,-0.992344494,1.742901443,-1.670652744,2.429287450,2.974974898,6,5,two_open_b
136.267892,0.029233406,-0.992344494,1.742901443,-1.670652744,2.429287450,2.974974898,6,5,two_open_b
136.292134,0.029233406,-0.992344494,1.742901443,-1.670652744,2.429287450,2.974974898,6,5,two_open_b
136.316377,0.029233406,-0.992344494,1.742901443,-1.670652744,2.429287450,2.974974898,6,5,two_open_b
136.340619,0.029233406,-0.992344494,1.742901443,-1.670652744,2.429287450,2.974974898,6,5,two_open_b
136.364861,0.029233406,-0.992344494,1.742901443,-1.670652744,2.429287450,2.974974898,6,5,two_open_b
136.389104,0.029233406,-0.992344494,1.742901443,-1.670652744,2.429287450,2.974974898,6,5,two_open_b
136.413346,0.029233406,-0.992344494,1.742901443,-1.670652744,2.429287450,2.974974898,6,5,two_open_b
136.437589,0.029233406,-0.992344494,1.742901443,-1.670652744,2.429287450,2.974974898,6,5,two_open_b
136.461831,0.029233406,-0.992344494,1.742901443,-1.670652744,2.429287450,2.974974898,6,5,two_open_b
136.486073,0.029233406,-0.992344494,1.742901443,-1.670652744,2.429287450,2.974974898,6,5,two_open_b
136.510316,0.029233406,-0.992344494,1.742901443,-1.670652744,2.429287450,2.974974898,6,5,two_open_b
136.534558,0.029233406,-0.992344494,1.742901443,-1.670652744,2.429287450,2.974974898,6,5,two_open_b
136.558801,0.029233406,-0.992344494,1.742901443,-1.670652744,2.429287450,2.974974898,6,5,two_open_b
136.583043,0.029233406,-0.992344494,1.742901443,-1.670652744,2.429287450,2.974974898,6,5,two_open_b
136.607286,0.029233406,-0.992344494,1.742901443,-1.670652744,2.429287450,2.974974898,6,5,two_open_b
136.631528,0.029233406,-0.992344494,1.742901443,-1.670652744,2.429287450,2.974974898,6,5,two_open_b
136.655770,0.029233406,-0.992344494,1.742901443,-1.670652744,2.429287450,2.974974898,6,5,two_open_b
136.680013,0.029233406,-0.992344494,1.742901443,-1.670652744,2.429287450,2.974974898,6,5,two_open_b
136.704255,0.029233406,-0.992344494,1.742901443,-1.670652744,2.429287450,2.974974898,6,5,two_open_b
136.728498,0.029233406,-0.992344494,1.742901443,-1.670652744,2.429287450,2.974974898,6,5,two_open_b
136.752740,0.029233406,-0.992344494,1.742901443,-1.670652744,2.429287450,2.974974898,6,5,two_open_b
136.776983,0.029233406,-0.992344494,1.742901443,-1.670652744,2.429287450,2.974974898,6,5,two_open_b
136.801225,0.029233406,-0.992344494,1.742901443,-1.670652744,2.429287450,2.974974898,6,5,two_open_b
136.825467,0.029233406,-0.992344494,1.742901443,-1.670652744,2.429287450,2.974974898,6,5,two_open_b
136.849710,0.029233406,-0.992344494,1.742901443,-1.670652744,2.429287450,2.974974898,6,5,two_open_b
136.873952,0.029527889,-0.993277217,1.743112980,-1.673743713,2.429059111,2.971545277,6,5,two_open_b
136.898195,0.030773144,-0.997221336,1.744007488,-1.686814205,2.428093553,2.957042757,6,5,two_open_b
136.922437,0.032018398,-1.001165455,1.744901995,-1.699884697,2.427127995,2.942540238,6,5,two_open_b
136.946680,0.033263653,-1.005109574,1.745796503,-1.712955189,2.426162438,2.928037719,6,5,two_open_b
136.970922,0.034508907,-1.009053693,1.746691011,-1.726025681,2.425196880,2.913535200,6,5,two_open_b
136.995164,0.035754162,-1.012997812,1.747585518,-1.739096173,2.424231323,2.899032681,6,5,two_open_b
137.019407,0.036999416,-1.016941931,1.748480026,-1.752166665,2.423265765,2.884530161,6,5,two_open_b
137.043649,0.038244671,-1.020886049,1.749374533,-1.765237156,2.422300207,2.870027642,6,5,two_open_b
137.067892,0.039489925,-1.024830168,1.750269041,-1.778307648,2.421334650,2.855525123,6,5,two_open_b
137.092134,0.040735180,-1.028774287,1.751163549,-1.791378140,2.420369092,2.841022604,6,5,two_open_b
137.116377,0.041685951,-1.031785683,1.751846519,-1.801357663,2.419631874,2.829949706,6,5,two_open_b
137.140619,0.041685951,-1.031785683,1.751846519,-1.801357663,2.419631874,2.829949706,6,5,two_open_b
137.164861,0.041106168,-1.033662886,1.752678562,-1.809242197,2.422618787,2.823544038,6,5,two_open_b
137.189104,0.040032644,-1.037138704,1.754219167,-1.823841156,2.428149339,2.811683340,6,5,two_open_b
137.213346,0.038959120,-1.040614521,1.755759773,-1.838440115,2.433679891,2.799822642,6,5,two_open_b
137.237589,0.037885596,-1.044090339,1.757300379,-1.853039074,2.439210442,2.787961944,6,5,two_open_b
137.261831,0.036812072,-1.047566157,1.758840985,-1.867638034,2.444740994,2.776101246,6,5,two_open_b
137.286073,0.035738549,-1.051041975,1.760381590,-1.882236993,2.450271546,2.764240547,6,5,two_open_b
137.310316,0.034665025,-1.054517793,1.761922196,-1.896835952,2.455802097,2.752379849,6,5,two_open_b
137.334558,0.033591501,-1.057993611,1.763462802,-1.911434911,2.461332649,2.740519151,6,5,two_open_b
137.358801,0.032517977,-1.061469429,1.765003407,-1.926033870,2.466863201,2.728658453,6,5,two_open_b
137.383043,0.031444453,-1.064945247,1.766544013,-1.940632829,2.472393753,2.716797755,6,5,two_open_b
137.407286,0.030950713,-1.066543862,1.767252576,-1.947347254,2.474937391,2.711342724,6,5,two_open_b
137.431528,0.030950713,-1.066543862,1.767252576,-1.947347254,2.474937391,2.711342724,6,5,two_open_b
137.455770,0.030950713,-1.066543862,1.767252576,-1.947347254,2.474937391,2.711342724,6,5,two_open_b
137.480013,0.030950713,-1.066543862,1.767252576,-1.947347254,2.474937391,2.711342724,6,5,two_open_b
137.504255,0.030950713,-1.066543862,1.767252576,-1.947347254,2.474937391,2.711342724,6,5,two_open_b
137.528498,0.030950713,-1.066543862,1.767252576,-1.947347254,2.474937391,2.711342724,6,5,two_open_b
137.552740,0.030950713,-1.066543862,1.767252576,-1.947347254,2.474937391,2.711342724,6,5,two_open_b
137.576983,0.030950713,-1.066543862,1.767252576,-1.947347254,2.474937391,2.711342724,6,5,two_open_b
137.601225,0.030950713,-1.066543862,1.767252576,-1.947347254,2.474937391,2.711342724,6,5,two_open_b
137.625467,0.030950713,-1.066543862,1.767252576,-1.947347254,2.474937391,2.711342724,6,5,two_open_b
137.649710,0.030950713,-1.066543862,1.767252576,-1.947347254,2.474937391,2.711342724,6,5,two_open_b
137.673952,0.030950713,-1.066543862,1.767252576,-1.947347254,2.474937391,2.711342724,6,5,two_open_b
137.698195,0.030950713,-1.066543862,1.767252576,-1.947347254,2.474937391,2.711342724,6,5,two_open_b
137.722437,0.030950713,-1.066543862,1.767252576,-1.947347254,2.474937391,2.711342724,6,5,two_open_b
137.746680,0.030950713,-1.066543862,1.767252576,-1.947347254,2.474937391,2.711342724,6,5,two_open_b
137.770922,0.031384168,-1.068825034,1.770782435,-1.959563560,2.476321168,2.700068320,6,5,two_open_b
137.795164,0.031817623,-1.071106205,1.774312293,-1.971779866,2.477704945,2.688793916,6,5,two_open_b
137.819407,0.032251078,-1.073387377,1.777842152,-1.983996173,2.479088722,2.677519512,6,5,two_open_b
137.843649,0.032684533,-1.075668548,1.781372011,-1.996212479,2.480472499,2.666245108,6,5,two_open_b
137.867892,0.033117989,-1.077949720,1.784901870,-2.008428785,2.481856276,2.654970704,6,5,two_open_b
137.892134,0.033780344,-1.080002087,1.788134886,-2.019198048,2.482430477,2.644586345,6,5,two_open_b
137.916377,0.036398010,-1.080099955,1.788832217,-2.017606370,2.476089114,2.641804940,6,5,two_open_b
137.940619,0.039015676,-1.080197822,1.789529547,-2.016014691,2.469747752,2.639023535,6,5,two_open_b
137.964861,0.041633342,-1.080295690,1.790226877,-2.014423012,2.463406390,2.636242130,6,5,two_open_b
137.989104,0.044251008,-1.080393558,1.790924208,-2.012831334,2.457065027,2.633460724,6,5,two_open_b
138.013346,0.046435218,-1.078210254,1.788091679,-1.999023349,2.449339888,2.641953723,6,5,two_open_b
138.037589,0.048619429,-1.076026950,1.785259151,-1.985215364,2.441614749,2.650446722,6,5,two_open_b
138.061831,0.050803640,-1.073843647,1.782426623,-1.971407379,2.433889609,2.658939721,6,5,two_open_b
138.086073,0.052987851,-1.071660343,1.779594095,-1.957599395,2.426164470,2.667432720,6,5,two_open_b
138.110316,0.055172062,-1.069477039,1.776761566,-1.943791410,2.418439331,2.675925719,6,5,two_open_b
138.134558,0.057127373,-1.067522540,1.774225880,-1.931430468,2.411523767,2.683528673,6,5,two_open_b
138.158801,0.057127373,-1.067522540,1.774225880,-1.931430468,2.411523767,2.683528673,6,5,two_open_b
138.183043,0.057127373,-1.067522540,1.774225880,-1.931430468,2.411523767,2.683528673,6,5,two_open_b
138.207286,0.057127373,-1.067522540,1.774225880,-1.931430468,2.411523767,2.683528673,6,5,two_open_b
138.231528,0.057127373,-1.067522540,1.774225880,-1.931430468,2.411523767,2.683528673,6,5,two_open_b
138.255770,0.057255620,-1.067332869,1.775455967,-1.934609496,2.413530976,2.679674335,6,5,two_open_b
138.280013,0.057457819,-1.067033826,1.777395369,-1.939621671,2.416695619,2.673597439,6,5,two_open_b
138.304255,0.057660018,-1.066734782,1.779334771,-1.944633846,2.419860261,2.667520543,6,5,two_open_b
138.328498,0.057862218,-1.066435739,1.781274173,-1.949646022,2.423024903,2.661443648,6,5,two_open_b
138.352740,0.058064417,-1.066136696,1.783213575,-1.954658197,2.426189545,2.655366752,6,5,two_open_b
138.376983,0.058266616,-1.065837653,1.785152977,-1.959670372,2.429354187,2.649289857,6,5,two_open_b
138.401225,0.058468815,-1.065538610,1.787092379,-1.964682547,2.432518830,2.643212961,6,5,two_open_b
138.425467,0.058671014,-1.065239567,1.789031781,-1.969694723,2.435683472,2.637136065,6,5,two_open_b
138.449710,0.058873214,-1.064940524,1.790971183,-1.974706898,2.438848114,2.631059170,6,5,two_open_b
138.473952,0.059075413,-1.064641481,1.792910585,-1.979719073,2.442012756,2.624982274,6,5,two_open_b
138.498195,0.059149365,-1.064532109,1.793619900,-1.981552221,2.443170189,2.622759717,6,5,two_open_b
138.522437,0.059149365,-1.064532109,1.793619900,-1.981552221,2.443170189,2.622759717,6,5,two_open_b
138.546680,0.059149365,-1.064532109,1.793619900,-1.981552221,2.443170189,2.622759717,6,5,two_open_b
138.570922,0.059149365,-1.064532109,1.793619900,-1.981552221,2.443170189,2.622759717,6,5,two_open_b
138.595164,0.059149365,-1.064532109,1.793619900,-1.981552221,2.443170189,2.622759717,6,5,two_open_b
138.619407,0.059149365,-1.064532109,1.793619900,-1.981552221,2.443170189,2.622759717,6,5,two_open_b
138.643649,0.061218320,-1.064512439,1.794368059,-1.979065880,2.435473426,2.618645573,6,5,two_open_b
138.667892,0.063287275,-1.064492769,1.795116219,-1.976579539,2.427776663,2.614531428,6,5,two_open_b
138.692134,0.065356230,-1.064473100,1.795864378,-1.974093198,2.420079900,2.610417284,6,5,two_open_b
138.716377,0.067425185,-1.064453430,1.796612537,-1.971606857,2.412383137,2.606303140,6,5,two_open_b
138.740619,0.069494141,-1.064433760,1.797360696,-1.969120516,2.404686374,2.602188995,6,5,two_open_b
138.764861,0.071563096,-1.064414090,1.798108856,-1.966634175,2.396989610,2.598074851,6,5,two_open_b
138.789104,0.073632051,-1.064394420,1.798857015,-1.964147834,2.389292847,2.593960707,6,5,two_open_b
138.813346,0.075701006,-1.064374751,1.799605174,-1.961661493,2.381596084,2.589846563,6,5,two_open_b
138.837589,0.077769961,-1.064355081,1.800353334,-1.959175152,2.373899321,2.585732418,6,5,two_open_b
138.861831,0.079838916,-1.064335411,1.801101493,-1.956688811,2.366202558,2.581618274,6,5,two_open_b
138.886073,0.079838916,-1.064335411,1.801101493,-1.956688811,2.366202558,2.581618274,6,5,two_open_b
138.910316,0.079838916,-1.064335411,1.801101493,-1.956688811,2.366202558,2.581618274,6,5,two_open_b
138.934558,0.079838916,-1.064335411,1.801101493,-1.956688811,2.366202558,2.581618274,6,5,two_open_b
138.958801,0.079838916,-1.064335411,1.801101493,-1.956688811,2.366202558,2.581618274,6,5,two_open_b
138.983043,0.079838916,-1.064335411,1.801101493,-1.956688811,2.366202558,2.581618274,6,5,two_open_b
139.007286,0.079838916,-1.064335411,1.801101493,-1.956688811,2.366202558,2.581618274,6,5,two_open_b
139.031528,0.079838916,-1.064335411,1.801101493,-1.956688811,2.366202558,2.581618274,6,5,two_open_b
139.055770,0.079838916,-1.064335411,1.801101493,-1.956688811,2.366202558,2.581618274,6,5,two_open_b
139.080013,0.079838916,-1.064335411,1.801101493,-1.956688811,2.366202558,2.581618274,6,5,two_open_b
139.104255,0.079838916,-1.064335411,1.801101493,-1.956688811,2.366202558,2.581618274,6,5,two_open_b
139.128498,0.079838916,-1.064335411,1.801101493,-1.956688811,2.366202558,2.581618274,6,5,two_open_b
139.152740,0.079838916,-1.064335411,1.801101493,-1.956688811,2.366202558,2.581618274,6,5,two_open_b
139.176983,0.079838916,-1.064335411,1.801101493,-1.956688811,2.366202558,2.581618274,6,5,two_open_b
139.201225,0.079838916,-1.064335411,1.801101493,-1.956688811,2.366202558,2.581618274,6,5,two_open_b
139.225467,0.079838916,-1.064335411,1.801101493,-1.956688811,2.366202558,2.581618274,6,5,two_open_b
139.249710,0.079838916,-1.064335411,1.801101493,-1.956688811,2.366202558,2.581618274,6,5,two_open_b
139.273952,0.079838916,-1.064335411,1.801101493,-1.956688811,2.366202558,2.581618274,6,5,two_open_b
139.298195,0.079838916,-1.064335411,1.801101493,-1.956688811,2.366202558,2.581618274,6,5,two_open_b
139.322437,0.079838916,-1.064335411,1.801101493,-1.956688811,2.366202558,2.581618274,6,5,two_open_b
139.346680,0.079838916,-1.064335411,1.801101493,-1.956688811,2.366202558,2.581618274,6,5,two_open_b
139.370922,0.079838916,-1.064335411,1.801101493,-1.956688811,2.366202558,2.581618274,6,5,two_open_b
139.395164,0.079838916,-1.064335411,1.801101493,-1.956688811,2.366202558,2.581618274,6,5,two_open_b
139.419407,0.079838916,-1.064335411,1.801101493,-1.956688811,2.366202558,2.581618274,6,5,two_open_b
139.443649,0.079838916,-1.064335411,1.801101493,-1.956688811,2.366202558,2.581618274,6,5,two_open_b
139.467892,0.079838916,-1.064335411,1.801101493,-1.956688811,2.366202558,2.581618274,6,5,two_open_b
139.492134,0.079838916,-1.064335411,1.801101493,-1.956688811,2.366202558,2.581618274,6,5,two_open_b
139.516377,0.079838916,-1.064335411,1.801101493,-1.956688811,2.366202558,2.581618274,6,5,two_open_b
139.540619,0.079838916,-1.064335411,1.801101493,-1.956688811,2.366202558,2.581618274,6,5,two_open_b
139.564861,0.079838916,-1.064335411,1.801101493,-1.956688811,2.366202558,2.581618274,6,5,two_open_b
139.589104,0.079512357,-1.062942017,1.801407262,-1.955239803,2.366799212,2.578643955,6,5,two_open_b
139.613346,0.079030364,-1.060885400,1.801858569,-1.953101102,2.367679859,2.574253931,6,5,two_open_b
139.637589,0.078548372,-1.058828783,1.802309876,-1.950962401,2.368560505,2.569863907,6,5,two_open_b
139.661831,0.078066379,-1.056772166,1.802761183,-1.948823700,2.369441152,2.565473884,6,5,two_open_b
139.686073,0.077584386,-1.054715549,1.803212490,-1.946684999,2.370321799,2.561083860,6,5,two_open_b
139.710316,0.077102393,-1.052658933,1.803663798,-1.944546298,2.371202445,2.556693836,6,5,two_open_b
139.734558,0.076620400,-1.050602316,1.804115105,-1.942407597,2.372083092,2.552303813,6,5,two_open_b
139.758801,0.076138408,-1.048545699,1.804566412,-1.940268896,2.372963739,2.547913789,6,5,two_open_b
139.783043,0.075656415,-1.046489082,1.805017719,-1.938130195,2.373844385,2.543523765,6,5,two_open_b
139.807286,0.073733426,-1.043325869,1.807250547,-1.938568578,2.380078568,2.538947020,6,5,two_open_b
139.831528,0.072010264,-1.041458727,1.809334288,-1.940682618,2.386186929,2.537328172,6,5,two_open_b
139.855770,0.070442536,-1.040254807,1.811272490,-1.943486351,2.392011297,2.537125028,6,5,two_open_b
139.880013,0.068874807,-1.039050888,1.813210692,-1.946290084,2.397835664,2.536921885,6,5,two_open_b
139.904255,0.067307079,-1.037846968,1.815148894,-1.949093817,2.403660032,2.536718741,6,5,two_open_b
139.928498,0.065739351,-1.036643049,1.817087095,-1.951897550,2.409484400,2.536515598,6,5,two_open_b
139.952740,0.064171622,-1.035439129,1.819025297,-1.954701283,2.415308768,2.536312454,6,5,two_open_b
139.976983,0.062603894,-1.034235210,1.820963499,-1.957505016,2.421133136,2.536109311,6,5,two_open_b
140.001225,0.061036166,-1.033031290,1.822901701,-1.960308749,2.426957504,2.535906167,6,5,two_open_b
140.025467,0.059468438,-1.031827371,1.824839903,-1.963112482,2.432781872,2.535703024,6,5,two_open_b
140.049710,0.059341705,-1.031730048,1.824996584,-1.963339131,2.433252704,2.535686602,6,5,two_open_b
140.073952,0.059809528,-1.031156445,1.826524990,-1.964609176,2.431671460,2.532204634,6,5,two_open_b
140.098195,0.060277350,-1.030582842,1.828053396,-1.965879221,2.430090217,2.528722667,6,5,two_open_b
140.122437,0.060745173,-1.030009239,1.829581802,-1.967149266,2.428508973,2.525240699,6,5,two_open_b
140.146680,0.061212995,-1.029435636,1.831110208,-1.968419311,2.426927729,2.521758731,6,5,two_open_b
140.170922,0.061680818,-1.028862033,1.832638614,-1.969689355,2.425346485,2.518276764,6,5,two_open_b
140.195164,0.062148640,-1.028288429,1.834167020,-1.970959400,2.423765242,2.514794796,6,5,two_open_b
140.219407,0.062616463,-1.027714826,1.835695426,-1.972229445,2.422183998,2.511312828,6,5,two_open_b
140.243649,0.063084285,-1.027141223,1.837223832,-1.973499490,2.420602754,2.507830860,6,5,two_open_b
140.267892,0.063552108,-1.026567620,1.838752238,-1.974769535,2.419021511,2.504348893,6,5,two_open_b
140.292134,0.064019930,-1.025994017,1.840280644,-1.976039580,2.417440267,2.500866925,6,5,two_open_b
140.316377,0.064571211,-1.025630693,1.841581802,-1.976064819,2.415061703,2.498349991,6,5,two_open_b
140.340619,0.065632572,-1.024931200,1.844086871,-1.976113411,2.410482345,2.493504235,6,5,two_open_b
140.364861,0.066693933,-1.024231707,1.846591941,-1.976162003,2.405902987,2.488658480,6,5,two_open_b
140.389104,0.067755294,-1.023532214,1.849097010,-1.976210595,2.401323630,2.483812724,6,5,two_open_b
140.413346,0.068816655,-1.022832720,1.851602079,-1.976259187,2.396744272,2.478966968,6,5,two_open_b
140.437589,0.069878016,-1.022133227,1.854107149,-1.976307779,2.392164914,2.474121212,6,5,two_open_b
140.461831,0.070939377,-1.021433734,1.856612218,-1.976356371,2.387585557,2.469275457,6,5,two_open_b
140.486073,0.072000738,-1.020734241,1.859117287,-1.976404963,2.383006199,2.464429701,6,5,two_open_b
140.510316,0.073062099,-1.020034748,1.861622356,-1.976453555,2.378426841,2.459583945,6,5,two_open_b
140.534558,0.074123460,-1.019335254,1.864127426,-1.976502147,2.373847483,2.454738190,6,5,two_open_b
140.558801,0.074633539,-1.018999085,1.865331337,-1.976525500,2.371646690,2.452409368,6,5,two_open_b
140.583043,0.074633539,-1.018999085,1.865331337,-1.976525500,2.371646690,2.452409368,6,5,two_open_b
140.607286,0.074633539,-1.018999085,1.865331337,-1.976525500,2.371646690,2.452409368,6,5,two_open_b
140.631528,0.074633539,-1.018999085,1.865331337,-1.976525500,2.371646690,2.452409368,6,5,two_open_b
140.655770,0.074633539,-1.018999085,1.865331337,-1.976525500,2.371646690,2.452409368,6,5,two_open_b
140.680013,0.074958746,-1.018982191,1.866837874,-1.978511763,2.370228188,2.449216718,6,5,two_open_b
140.704255,0.075567486,-1.018950569,1.869657891,-1.982229757,2.367572960,2.443240541,6,5,two_open_b
140.728498,0.076282996,-1.017491311,1.874003124,-1.985523967,2.365649204,2.436158060,6,5,two_open_b
140.752740,0.077029534,-1.015617181,1.878791584,-1.988695026,2.363938014,2.428754088,6,5,two_open_b
140.776983,0.077776072,-1.013743052,1.883580043,-1.991866085,2.362226823,2.421350116,6,5,two_open_b
140.801225,0.078522610,-1.011868923,1.888368503,-1.995037143,2.360515633,2.413946144,6,5,two_open_b
140.825467,0.079269148,-1.009994794,1.893156963,-1.998208202,2.358804443,2.406542172,6,5,two_open_b
140.849710,0.080015686,-1.008120665,1.897945422,-2.001379261,2.357093252,2.399138200,6,5,two_open_b
140.873952,0.080857595,-1.005901885,1.902993908,-2.004285873,2.355494111,2.391739627,6,5,two_open_b
140.898195,0.082110717,-1.002197072,1.909163550,-2.006052266,2.354378093,2.384364336,6,5,two_open_b
140.922437,0.083038632,-0.998509152,1.913826656,-2.005832397,2.354680576,2.380181696,6,5,two_open_b
140.946680,0.084839420,-0.994997701,1.919322376,-2.006737730,2.352739970,2.374119409,6,5,two_open_b
140.970922,0.086533438,-0.992913886,1.923292881,-2.008066848,2.350067891,2.369163426,6,5,two_open_b
140.995164,0.088196427,-0.991244943,1.926820159,-2.009519117,2.347183247,2.364528935,6,5,two_open_b
141.019407,0.089859417,-0.989575999,1.930347437,-2.010971386,2.344298602,2.359894443,6,5,two_open_b
141.043649,0.091350565,-0.987151983,1.933903902,-2.011359106,2.343104066,2.356331356,6,5,two_open_b
141.067892,0.092415304,-0.982854342,1.937532791,-2.009105265,2.346103345,2.355426840,6,5,two_open_b
141.092134,0.093235499,-0.977482176,1.941203216,-2.005336488,2.351507778,2.356047015,6,5,two_open_b
141.116377,0.093960322,-0.972454660,1.944613615,-2.001832158,2.356800162,2.356661790,6,5,two_open_b
141.140619,0.094789934,-0.966121664,1.946812756,-1.993495197,2.362931332,2.361404298,6,5,two_open_b
141.164861,0.095757139,-0.959044294,1.948987872,-1.983565540,2.369414997,2.367253699,6,5,two_open_b
141.189104,0.095567939,-0.951805183,1.949016893,-1.970778949,2.379378479,2.377766272,6,5,two_open_b
141.213346,0.096513642,-0.943147130,1.949872253,-1.955709655,2.389212309,2.389884739,6,5,two_open_b
141.237589,0.099122648,-0.933218490,1.949377992,-1.936361738,2.395951682,2.394713662,6,5,two_open_b
141.261831,0.103561396,-0.921044737,1.947143328,-1.910956088,2.399609833,2.389275227,6,5,two_open_b
141.286073,0.108171986,-0.909626054,1.944879476,-1.886614987,2.401577876,2.382765388,6,5,two_open_b
141.310316,0.115725336,-0.899894036,1.942953593,-1.862698285,2.393855486,2.368670167,6,5,two_open_b
141.334558,0.124156022,-0.890521385,1.941169841,-1.840901045,2.384054091,2.352232656,6,5,two_open_b
141.358801,0.132920756,-0.880771207,1.939483046,-1.819422930,2.374424868,2.335363540,6,5,two_open_b
141.383043,0.140881444,-0.871609239,1.937523790,-1.803944872,2.368985301,2.310207248,6,5,two_open_b
141.407286,0.148704538,-0.863191644,1.935588559,-1.790059510,2.363193239,2.283944064,6,5,two_open_b
141.431528,0.155311547,-0.853046682,1.934516172,-1.770981146,2.364439900,2.277940944,6,5,two_open_b
141.455770,0.160500796,-0.846205722,1.935172378,-1.758799627,2.367312469,2.281206304,6,5,two_open_b
141.480013,0.163878331,-0.841471817,1.938083810,-1.753425585,2.374169705,2.293586627,6,5,two_open_b
141.504255,0.165543309,-0.839626419,1.945093247,-1.758315679,2.385567693,2.311600797,6,5,two_open_b
141.528498,0.167208287,-0.837781020,1.952102685,-1.763205774,2.396965681,2.329614967,6,5,two_open_b
141.552740,0.166578256,-0.836167293,1.958906386,-1.770686237,2.413946374,2.352086144,6,5,two_open_b
141.576983,0.166599516,-0.835528094,1.966713713,-1.779727287,2.431100348,2.372649410,6,5,two_open_b
141.601225,0.166758766,-0.835244691,1.974631858,-1.788651925,2.448092840,2.393305773,6,5,two_open_b
141.625467,0.168369079,-0.837111050,1.983424479,-1.798048807,2.459600104,2.417264274,6,5,two_open_b
141.649710,0.170326988,-0.838961407,1.992370099,-1.807594961,2.471115240,2.440973506,6,5,two_open_b
141.673952,0.173691706,-0.842460828,2.000534897,-1.822383131,2.475677223,2.444342498,6,5,two_open_b
141.698195,0.177727627,-0.843915750,2.006311768,-1.832656951,2.478917180,2.436673866,6,5,two_open_b
141.722437,0.182300303,-0.844374766,2.011350042,-1.840501715,2.481441159,2.427016565,6,5,two_open_b
141.746680,0.187144138,-0.844030952,2.014197720,-1.844239871,2.482679839,2.421829526,6,5,two_open_b
141.770922,0.192376317,-0.843527700,2.017212404,-1.848077822,2.484092750,2.416479237,6,5,two_open_b
141.795164,0.197775500,-0.842820301,2.020189438,-1.851642362,2.485593805,2.411435502,6,5,two_open_b
141.819407,0.202906255,-0.841872534,2.022318795,-1.853552662,2.486447421,2.408197190,6,5,two_open_b
141.843649,0.208735865,-0.841009661,2.024622707,-1.855872847,2.487062593,2.404190010,6,5,two_open_b
141.867892,0.214573354,-0.840263495,2.026797033,-1.858306182,2.487423672,2.399909478,6,5,two_open_b
141.892134,0.221234140,-0.839596493,2.029200690,-1.861202843,2.487549126,2.394770838,6,5,two_open_b
141.916377,0.228710438,-0.839062076,2.031850891,-1.864576945,2.487393283,2.388760722,6,5,two_open_b
141.940619,0.235798391,-0.838687096,2.034334084,-1.867851251,2.487063210,2.382913855,6,5,two_open_b
141.964861,0.242498000,-0.838471555,2.036650272,-1.871025762,2.486558904,2.377230239,6,5,two_open_b
141.989104,0.248809265,-0.838415452,2.038799453,-1.874100477,2.485880368,2.371709872,6,5,two_open_b
142.013346,0.254732185,-0.838518787,2.040781627,-1.877075396,2.485027600,2.366352755,6,5,two_open_b
142.037589,0.260616572,-0.838902141,2.042646659,-1.880305189,2.484003916,2.360589719,6,5,two_open_b
142.061831,0.266308147,-0.839550127,2.044289370,-1.883858379,2.483136042,2.354407941,6,5,two_open_b
142.086073,0.271651671,-0.840418587,2.045667045,-1.887633241,2.482503722,2.347994713,6,5,two_open_b
142.110316,0.276647146,-0.841507521,2.046779684,-1.891629773,2.482106955,2.341350034,6,5,two_open_b
142.134558,0.281294569,-0.842816928,2.047627286,-1.895847975,2.481945742,2.334473906,6,5,two_open_b
142.158801,0.285758600,-0.844355692,2.048263618,-1.900373995,2.481988055,2.327210602,6,5,two_open_b
142.183043,0.290656269,-0.846043932,2.048961763,-1.905339675,2.482034478,2.319241736,6,5,two_open_b
142.207286,0.296065018,-0.848048853,2.049735291,-1.911254582,2.482046844,2.310366637,6,5,two_open_b
142.231528,0.302608085,-0.850756629,2.050676127,-1.919276254,2.481983624,2.299480193,6,5,two_open_b
142.255770,0.309151152,-0.853464406,2.051616963,-1.927297926,2.481920404,2.288593749,6,5,two_open_b
142.280013,0.315344407,-0.856051602,2.052507935,-1.934964928,2.481853869,2.278276473,6,5,two_open_b
142.304255,0.322101056,-0.858211675,2.052556823,-1.942306299,2.482534760,2.267175691,6,5,two_open_b
142.328498,0.328034861,-0.860088112,2.052488418,-1.948813401,2.483207852,2.257413736,6,5,two_open_b
142.352740,0.333145822,-0.861680912,2.052302719,-1.954486232,2.483873145,2.248990607,6,5,two_open_b
142.376983,0.338412616,-0.863405288,2.051571848,-1.961664150,2.485620394,2.239027402,6,5,two_open_b
142.401225,0.342856567,-0.864846026,2.050723684,-1.968007799,2.487359845,2.230403024,6,5,two_open_b
142.425467,0.346866878,-0.866137289,2.049813706,-1.973911788,2.489095185,2.222484208,6,5,two_open_b
142.449710,0.351679201,-0.868212746,2.048523346,-1.982154267,2.490726404,2.210937262,6,5,two_open_b
142.473952,0.355357206,-0.869585346,2.047065677,-1.988289982,2.492433210,2.201401661,6,5,two_open_b
142.498195,0.360487234,-0.868939713,2.041254973,-1.989761448,2.493851365,2.183942873,6,5,two_open_b
142.522437,0.366086186,-0.863917056,2.029199953,-1.981597097,2.497107895,2.152999840,6,5,two_open_b
142.546680,0.370343660,-0.856543983,2.014938750,-1.967571924,2.501625121,2.117578168,6,5,two_open_b
142.570922,0.374601134,-0.849170911,2.000677547,-1.953546751,2.506142348,2.082156496,6,5,two_open_b
142.595164,0.379458029,-0.844702838,1.988009377,-1.945741160,2.511276967,2.052955086,6,5,two_open_b
142.619407,0.384152746,-0.845345801,1.982200252,-1.947923753,2.512670426,2.040320787,6,5,two_open_b
142.643649,0.388847463,-0.845988764,1.976391127,-1.950106345,2.514063884,2.027686487,6,5,two_open_b
142.667892,0.394842117,-0.849418609,1.972792208,-1.958185982,2.514093420,2.017408284,6,5,two_open_b
142.692134,0.399523679,-0.851747580,1.969498290,-1.962977901,2.514261133,2.011664444,6,5,two_open_b
142.716377,0.404897910,-0.854212447,1.965226330,-1.967981087,2.515469739,2.005446617,6,5,two_open_b
142.740619,0.408935563,-0.858718198,1.965144398,-1.977683732,2.517140476,2.007072981,6,5,two_open_b
142.764861,0.413426657,-0.868075935,1.970841121,-1.997699086,2.516424933,2.021412982,6,5,two_open_b
142.789104,0.418745944,-0.880377090,1.979028101,-2.023707253,2.513174914,2.041624633,6,5,two_open_b
142.813346,0.424065230,-0.892678245,1.987215082,-2.049715420,2.509924894,2.061836283,6,5,two_open_b
142.837589,0.428785095,-0.902074401,1.993809029,-2.069504005,2.506057481,2.075827672,6,5,two_open_b
142.861831,0.432688463,-0.905944309,1.993971811,-2.076965048,2.504841473,2.076130853,6,5,two_open_b
142.886073,0.438490635,-0.911137061,1.993341988,-2.086596333,2.502070115,2.073303934,6,5,two_open_b
142.910316,0.443019880,-0.913561748,1.990490684,-2.090361446,2.500640554,2.068076393,6,5,two_open_b
142.934558,0.448984768,-0.916047385,1.985200294,-2.092579805,2.499006194,2.061995945,6,5,two_open_b
142.958801,0.454471995,-0.918419994,1.980430506,-2.094234712,2.496310532,2.056318233,6,5,two_open_b
142.983043,0.460566798,-0.920846856,1.974285469,-2.094670090,2.493372749,2.050479919,6,5,two_open_b
143.007286,0.465973437,-0.922863191,1.968185801,-2.094180843,2.490912402,2.045266092,6,5,two_open_b
143.031528,0.471533848,-0.925764753,1.962760474,-2.095582926,2.487377410,2.038317027,6,5,two_open_b
143.055770,0.478107275,-0.929979715,1.957564262,-2.099473656,2.482271475,2.028944751,6,5,two_open_b
143.080013,0.485046826,-0.934500805,1.952384296,-2.103809014,2.476644975,2.019100720,6,5,two_open_b
143.104255,0.492352501,-0.939328023,1.947220574,-2.108589000,2.470497911,2.008784936,6,5,two_open_b
143.128498,0.498125494,-0.943138525,1.942865702,-2.111643372,2.465385632,2.001127497,6,5,two_open_b
143.152740,0.504237601,-0.947236337,1.938538350,-2.115111499,2.459774914,1.993042831,6,5,two_open_b
143.176983,0.509905120,-0.952263063,1.936894591,-2.121821022,2.452622882,1.983975800,6,5,two_open_b
143.201225,0.516616264,-0.958378795,1.935834504,-2.130526442,2.443384004,1.972984236,6,5,two_open_b
143.225467,0.523711641,-0.965156886,1.936121397,-2.141040052,2.432582782,1.961063500,6,5,two_open_b
143.249710,0.530572816,-0.971870543,1.936828583,-2.151801395,2.421852030,1.949288885,6,5,two_open_b
143.273952,0.538485985,-0.978951252,1.937439952,-2.162406865,2.409605782,1.937501712,6,5,two_open_b
143.298195,0.545469232,-0.984777214,1.937803579,-2.170581155,2.398844737,1.928072362,6,5,two_open_b
143.322437,0.553808188,-0.991512429,1.937765007,-2.179501610,2.386827645,1.917759868,6,5,two_open_b
143.346680,0.561966385,-0.997926411,1.936804093,-2.187386919,2.375779036,1.908129754,6,5,two_open_b
143.370922,0.570156898,-1.004001798,1.933879307,-2.193558297,2.366213779,1.899424129,6,5,two_open_b
143.395164,0.579039457,-1.009785267,1.928226177,-2.196617328,2.357129912,1.893158966,6,5,two_open_b
143.419407,0.586930962,-1.014578873,1.922328540,-2.197981717,2.349792157,1.888729075,6,5,two_open_b
143.443649,0.595248486,-1.021200795,1.918509743,-2.204397724,2.340116095,1.879809410,6,5,two_open_b
143.467892,0.602458757,-1.027083455,1.914882221,-2.210189859,2.332071016,1.872058516,6,5,two_open_b
143.492134,0.610620721,-1.033716491,1.910655304,-2.216939291,2.323339105,1.863189852,6,5,two_open_b
143.516377,0.617121446,-1.038976898,1.906027642,-2.221732574,2.317414600,1.856307978,6,5,two_open_b
143.540619,0.624109856,-1.044560933,1.900595413,-2.226358056,2.311375038,1.849473376,6,5,two_open_b
143.564861,0.629725260,-1.049163215,1.895046054,-2.229725317,2.306989374,1.843982602,6,5,two_open_b
143.589104,0.635155298,-1.053780602,1.890402793,-2.233683097,2.302155792,1.838281203,6,5,two_open_b
143.613346,0.640777710,-1.059680054,1.887245241,-2.241031167,2.297570183,1.831360394,6,5,two_open_b
143.637589,0.645503380,-1.065705336,1.886143678,-2.250795336,2.293395359,1.822613165,6,5,two_open_b
143.661831,0.650551621,-1.072010450,1.883731053,-2.260056703,2.289963099,1.814150260,6,5,two_open_b
143.686073,0.654383650,-1.075703092,1.879407878,-2.263183264,2.289029012,1.811563524,6,5,two_open_b
143.710316,0.661400154,-1.081623577,1.877086888,-2.270120279,2.274856488,1.804834134,6,5,two_open_b
143.734558,0.667464965,-1.086793684,1.875365293,-2.276099996,2.261370794,1.799222512,6,5,two_open_b
143.758801,0.676186075,-1.092757141,1.874972180,-2.283211803,2.237791464,1.792084396,6,5,two_open_b
143.783043,0.684336403,-1.098338315,1.875402261,-2.290433943,2.214412929,1.784964394,6,5,two_open_b
143.807286,0.692137906,-1.103685863,1.876335425,-2.297723512,2.191157108,1.777855463,6,5,two_open_b
143.831528,0.700932382,-1.110103130,1.876906983,-2.307002571,2.166248741,1.769614591,6,5,two_open_b
143.855770,0.709136044,-1.115270798,1.877940458,-2.314160642,2.140129612,1.762140395,6,5,two_open_b
143.880013,0.717480067,-1.120600512,1.879467044,-2.321928392,2.112802943,1.754304195,6,5,two_open_b
143.904255,0.725893835,-1.126043096,1.882092798,-2.330664404,2.083647026,1.745898048,6,5,two_open_b
143.928498,0.734231478,-1.131550663,1.884212136,-2.339305355,2.055351816,1.737815666,6,5,two_open_b
143.952740,0.739717429,-1.135163496,1.884149551,-2.344530681,2.039373264,1.733633660,6,5,two_open_b
143.976983,0.745399681,-1.138947625,1.883905346,-2.349839922,2.022820906,1.729416570,6,5,two_open_b
144.001225,0.749017976,-1.142490422,1.881661310,-2.354028815,2.013711694,1.727035831,6,5,two_open_b
144.025467,0.752636270,-1.146033219,1.879417274,-2.358217707,2.004602482,1.724655092,6,5,two_open_b
144.049710,0.756542893,-1.149993964,1.876687445,-2.362932458,1.994703990,1.722012268,6,5,two_open_b
144.073952,0.759873149,-1.153488886,1.873617299,-2.366417532,1.985317614,1.720122698,6,5,two_open_b
144.098195,0.763203405,-1.156983807,1.870547152,-2.369902605,1.975931237,1.718233128,6,5,two_open_b
144.122437,0.766231873,-1.160176642,1.867640005,-2.373029622,1.967380792,1.716563274,6,5,two_open_b
144.146680,0.768868024,-1.162976776,1.864944752,-2.375691177,1.959917030,1.715179043,6,5,two_open_b
144.170922,0.771111860,-1.165384209,1.862461392,-2.377887271,1.953539951,1.714080434,6,5,two_open_b
144.195164,0.773103809,-1.167944927,1.859592253,-2.380695078,1.948218022,1.712991111,6,5,two_open_b
144.219407,0.775006663,-1.170978945,1.856155278,-2.384752896,1.943646650,1.711628092,6,5,two_open_b
144.243649,0.775899699,-1.173131781,1.853652590,-2.388379036,1.942027059,1.710445549,6,5,two_open_b
144.267892,0.777038871,-1.176165584,1.850061722,-2.393560587,1.939919646,1.709581377,6,5,two_open_b
144.292134,0.777889716,-1.178781439,1.846956647,-2.398216280,1.938601514,1.708979291,6,5,two_open_b
144.316377,0.778323954,-1.180793398,1.844553496,-2.402112159,1.938423811,1.708755891,6,5,two_open_b
144.340619,0.778517530,-1.182929356,1.841799879,-2.406230283,1.939192648,1.708494312,6,5,two_open_b
144.364861,0.777536875,-1.185670322,1.837336284,-2.411432771,1.944579801,1.708046453,6,5,two_open_b
144.389104,0.776556220,-1.188411288,1.832872689,-2.416635259,1.949966955,1.707598595,6,5,two_open_b
144.413346,0.775575565,-1.191152253,1.828409094,-2.421837747,1.955354108,1.707150736,6,5,two_open_b
144.437589,0.774514015,-1.193406825,1.824511017,-2.426033693,1.960607890,1.706935872,6,5,two_open_b
144.461831,0.773345258,-1.195016799,1.821362395,-2.428895712,1.965684923,1.707029786,6,5,two_open_b
144.486073,0.770446047,-1.196968933,1.815273075,-2.431784102,1.976613798,1.707832220,6,5,two_open_b
144.510316,0.767300699,-1.198040098,1.810271935,-2.433117081,1.988030496,1.708316282,6,5,two_open_b
144.534558,0.764155351,-1.199111264,1.805270794,-2.434450060,1.999447193,1.708800344,6,5,two_open_b
144.558801,0.761010002,-1.200182429,1.800269653,-2.435783039,2.010863891,1.709284406,6,5,two_open_b
144.583043,0.758105317,-1.201129596,1.795618978,-2.436893774,2.021334050,1.709806647,6,5,two_open_b
144.607286,0.756374862,-1.201471756,1.792678281,-2.436920144,2.027185892,1.710515167,6,5,two_open_b
144.631528,0.754644407,-1.201813916,1.789737583,-2.436946515,2.033037735,1.711223688,6,5,two_open_b
144.655770,0.752913952,-1.202156075,1.786796886,-2.436972886,2.038889577,1.711932208,6,5,two_open_b
144.680013,0.751183498,-1.202498234,1.783856188,-2.436999256,2.044741420,1.712640729,6,5,two_open_b
144.704255,0.749453043,-1.202840394,1.780915491,-2.437025627,2.050593262,1.713349249,6,5,two_open_b
144.728498,0.749425941,-1.203081196,1.780702557,-2.437170141,2.049800592,1.713482900,6,5,two_open_b
144.752740,0.749307084,-1.204137260,1.779768714,-2.437803921,2.046324251,1.714069042,6,5,two_open_b
144.776983,0.749188227,-1.205193325,1.778834870,-2.438437701,2.042847909,1.714655184,6,5,two_open_b
144.801225,0.749069370,-1.206249389,1.777901026,-2.439071481,2.039371567,1.715241326,6,5,two_open_b
144.825467,0.748950513,-1.207305454,1.776967182,-2.439705262,2.035895225,1.715827468,6,5,two_open_b
144.849710,0.748831655,-1.208361518,1.776033338,-2.440339042,2.032418884,1.716413610,6,5,two_open_b
144.873952,0.748712798,-1.209417582,1.775099495,-2.440972822,2.028942542,1.716999752,6,5,two_open_b
144.898195,0.748593941,-1.210473647,1.774165651,-2.441606603,2.025466200,1.717585893,6,5,two_open_b
144.922437,0.748475084,-1.211529711,1.773231807,-2.442240383,2.021989859,1.718172035,6,5,two_open_b
144.946680,0.748356227,-1.212585776,1.772297963,-2.442874163,2.018513517,1.718758177,6,5,two_open_b
144.970922,0.747653005,-1.214327531,1.771005054,-2.444733941,2.014751294,1.718959764,6,5,two_open_b
144.995164,0.746971155,-1.215360671,1.770367213,-2.446262208,2.013548594,1.718679980,6,5,two_open_b
145.019407,0.746289304,-1.216393810,1.769729373,-2.447790475,2.012345894,1.718400195,6,5,two_open_b
145.043649,0.745607454,-1.217426950,1.769091532,-2.449318743,2.011143193,1.718120411,6,5,two_open_b
145.067892,0.744520507,-1.218856192,1.767868745,-2.451002370,2.010696048,1.717705190,6,5,two_open_b
145.092134,0.742769868,-1.220934392,1.765687606,-2.452940532,2.011486772,1.717068076,6,5,two_open_b
145.116377,0.741019229,-1.223012591,1.763506467,-2.454878694,2.012277497,1.716430962,6,5,two_open_b
145.140619,0.739268590,-1.225090791,1.761325328,-2.456816856,2.013068221,1.715793848,6,5,two_open_b
145.164861,0.737517951,-1.227168990,1.759144189,-2.458755018,2.013858946,1.715156734,6,5,two_open_b
145.189104,0.735767311,-1.229247190,1.756963050,-2.460693180,2.014649670,1.714519620,6,5,two_open_b
145.213346,0.734628138,-1.230398897,1.755353911,-2.461260832,2.016518945,1.714133410,6,5,two_open_b
145.237589,0.733559349,-1.231443957,1.753810612,-2.461670726,2.018512370,1.713776080,6,5,two_open_b
145.261831,0.732490561,-1.232489016,1.752267314,-2.462080621,2.020505795,1.713418751,6,5,two_open_b
145.286073,0.729963971,-1.234370821,1.747811765,-2.461662769,2.027944928,1.714163714,6,5,two_open_b
145.310316,0.727842477,-1.235856524,1.743941163,-2.461089558,2.034628506,1.715044113,6,5,two_open_b
145.334558,0.726384676,-1.236693269,1.741028912,-2.460261811,2.040074214,1.716146406,6,5,two_open_b
145.358801,0.724926875,-1.237530014,1.738116661,-2.459434064,2.045519922,1.717248698,6,5,two_open_b
145.383043,0.723469074,-1.238366760,1.735204411,-2.458606318,2.050965631,1.718350991,6,5,two_open_b
145.407286,0.722011274,-1.239203505,1.732292160,-2.457778571,2.056411339,1.719453284,6,5,two_open_b
145.431528,0.720553473,-1.240040250,1.729379909,-2.456950824,2.061857047,1.720555576,6,5,two_open_b
145.455770,0.719095672,-1.240876995,1.726467658,-2.456123077,2.067302755,1.721657869,6,5,two_open_b
145.480013,0.720431305,-1.243144086,1.726257942,-2.457385134,2.057350874,1.723212581,6,5,two_open_b
145.504255,0.721766938,-1.245411178,1.726048225,-2.458647190,2.047398993,1.724767293,6,5,two_open_b
145.528498,0.724560371,-1.246841525,1.728750759,-2.460736993,2.032001404,1.725219713,6,5,two_open_b
145.552740,0.727353805,-1.248271871,1.731453293,-2.462826796,2.016603815,1.725672132,6,5,two_open_b
145.576983,0.730147239,-1.249702218,1.734155828,-2.464916599,2.001206226,1.726124552,6,5,two_open_b
145.601225,0.732940673,-1.251132564,1.736858362,-2.467006402,1.985808637,1.726576971,6,5,two_open_b
145.625467,0.735734107,-1.252562911,1.739560896,-2.469096205,1.970411048,1.727029391,6,5,two_open_b
145.649710,0.738527540,-1.253993257,1.742263430,-2.471186008,1.955013459,1.727481810,6,5,two_open_b
145.673952,0.741320974,-1.255423604,1.744965964,-2.473275811,1.939615870,1.727934229,6,5,two_open_b
145.698195,0.744114408,-1.256853950,1.747668498,-2.475365614,1.924218281,1.728386649,6,5,two_open_b
145.722437,0.744114408,-1.256853950,1.747668498,-2.475365614,1.924218281,1.728386649,6,5,two_open_b
145.746680,0.744114408,-1.256853950,1.747668498,-2.475365614,1.924218281,1.728386649,6,5,two_open_b
145.770922,0.744114408,-1.256853950,1.747668498,-2.475365614,1.924218281,1.728386649,6,5,two_open_b
145.795164,0.743407058,-1.257886121,1.746453112,-2.474729409,1.924383908,1.728480811,6,5,two_open_b
145.819407,0.742699708,-1.258918293,1.745237726,-2.474093203,1.924549536,1.728574973,6,5,two_open_b
145.843649,0.741992358,-1.259950464,1.744022339,-2.473456998,1.924715163,1.728669135,6,5,two_open_b
145.867892,0.741285008,-1.260982635,1.742806953,-2.472820792,1.924880791,1.728763297,6,5,two_open_b
145.892134,0.740577657,-1.262014806,1.741591567,-2.472184587,1.925046418,1.728857459,6,5,two_open_b
145.916377,0.739870307,-1.263046978,1.740376181,-2.471548381,1.925212045,1.728951622,6,5,two_open_b
145.940619,0.739162957,-1.264079149,1.739160795,-2.470912176,1.925377673,1.729045784,6,5,two_open_b
145.964861,0.738455607,-1.265111320,1.737945408,-2.470275970,1.925543300,1.729139946,6,5,two_open_b
145.989104,0.737748257,-1.266143492,1.736730022,-2.469639765,1.925708928,1.729234108,6,5,two_open_b
146.013346,0.737040907,-1.267175663,1.735514636,-2.469003559,1.925874555,1.729328270,6,5,two_open_b
146.037589,0.735971030,-1.268012570,1.734012744,-2.466715040,1.926993086,1.731031479,6,5,two_open_b
146.061831,0.734901153,-1.268849477,1.732510853,-2.464426522,1.928111616,1.732734688,6,5,two_open_b
146.086073,0.733831276,-1.269686384,1.731008961,-2.462138003,1.929230147,1.734437897,6,5,two_open_b
146.110316,0.732761399,-1.270523291,1.729507069,-2.459849485,1.930348678,1.736141106,6,5,two_open_b
146.134558,0.731691521,-1.271360197,1.728005178,-2.457560966,1.931467208,1.737844315,6,5,two_open_b
146.158801,0.730621644,-1.272197104,1.726503286,-2.455272447,1.932585739,1.739547523,6,5,two_open_b
146.183043,0.729551767,-1.273034011,1.725001394,-2.452983929,1.933704270,1.741250732,6,5,two_open_b
146.207286,0.728481890,-1.273870918,1.723499502,-2.450695410,1.934822801,1.742953941,6,5,two_open_b
146.231528,0.727412013,-1.274707825,1.721997611,-2.448406892,1.935941331,1.744657150,6,5,two_open_b
146.255770,0.726342136,-1.275544732,1.720495719,-2.446118373,1.937059862,1.746360359,6,5,two_open_b
146.280013,0.729544785,-1.277037956,1.721013042,-2.444460609,1.920520503,1.748283471,6,5,two_open_b
146.304255,0.732747435,-1.278531180,1.721530364,-2.442802845,1.903981144,1.750206582,6,5,two_open_b
146.328498,0.735950084,-1.280024404,1.722047687,-2.441145081,1.887441786,1.752129694,6,5,two_open_b
146.352740,0.739152733,-1.281517628,1.722565009,-2.439487317,1.870902427,1.754052805,6,5,two_open_b
146.376983,0.742355383,-1.283010852,1.723082332,-2.437829553,1.854363068,1.755975917,6,5,two_open_b
146.401225,0.745558032,-1.284504076,1.723599654,-2.436171790,1.837823709,1.757899029,6,5,two_open_b
146.425467,0.748760681,-1.285997300,1.724116977,-2.434514026,1.821284350,1.759822140,6,5,two_open_b
146.449710,0.751963330,-1.287490524,1.724634299,-2.432856262,1.804744992,1.761745252,6,5,two_open_b
146.473952,0.755165980,-1.288983748,1.725151622,-2.431198498,1.788205633,1.763668363,6,5,two_open_b
146.498195,0.758368629,-1.290476972,1.725668944,-2.429540734,1.771666274,1.765591475,6,5,two_open_b
146.522437,0.758368629,-1.290476972,1.725668944,-2.429540734,1.771666274,1.765591475,6,5,two_open_b
146.546680,0.758368629,-1.290476972,1.725668944,-2.429540734,1.771666274,1.765591475,6,5,two_open_b
146.570922,0.758368629,-1.290476972,1.725668944,-2.429540734,1.771666274,1.765591475,6,5,two_open_b
146.595164,0.758368629,-1.290476972,1.725668944,-2.429540734,1.771666274,1.765591475,6,5,two_open_b
146.619407,0.758368629,-1.290476972,1.725668944,-2.429540734,1.771666274,1.765591475,6,5,two_open_b
146.643649,0.757481820,-1.291122748,1.724004512,-2.428677026,1.775380592,1.765254256,6,5,two_open_b
146.667892,0.755721145,-1.292404876,1.720699939,-2.426962216,1.782755021,1.764584740,6,5,two_open_b
146.692134,0.753960470,-1.293687003,1.717395366,-2.425247405,1.790129450,1.763915224,6,5,two_open_b
146.716377,0.752199795,-1.294969131,1.714090793,-2.423532595,1.797503879,1.763245707,6,5,two_open_b
146.740619,0.750439120,-1.296251259,1.710786220,-2.421817785,1.804878308,1.762576191,6,5,two_open_b
146.764861,0.748678445,-1.297533386,1.707481647,-2.420102974,1.812252737,1.761906675,6,5,two_open_b
146.789104,0.744487619,-1.299458654,1.701077257,-2.416049384,1.829047644,1.760566475,6,5,two_open_b
146.813346,0.740078955,-1.301441573,1.694394999,-2.411786144,1.846687003,1.759166156,6,5,two_open_b
146.837589,0.735670290,-1.303424492,1.687712740,-2.407522905,1.864326363,1.757765837,6,5,two_open_b
146.861831,0.735511927,-1.305574733,1.684502431,-2.403744167,1.863541271,1.757429425,6,5,two_open_b
146.886073,0.736240372,-1.307079197,1.682956554,-2.400829138,1.859041860,1.757430231,6,5,two_open_b
146.910316,0.737842683,-1.307947309,1.683050818,-2.398765210,1.850882339,1.757763335,6,5,two_open_b
146.934558,0.739444995,-1.308815422,1.683145082,-2.396701283,1.842722818,1.758096439,6,5,two_open_b
146.958801,0.741047306,-1.309683535,1.683239346,-2.394637356,1.834563297,1.758429543,6,5,two_open_b
146.983043,0.742649617,-1.310551647,1.683333610,-2.392573429,1.826403776,1.758762647,6,5,two_open_b
147.007286,0.744251929,-1.311419760,1.683427873,-2.390509502,1.818244255,1.759095751,6,5,two_open_b
147.031528,0.748284390,-1.311644732,1.686621954,-2.390784355,1.800664257,1.760099538,6,5,two_open_b
147.055770,0.752534691,-1.311812053,1.690093904,-2.391268856,1.782239806,1.761163445,6,5,two_open_b
147.080013,0.756784992,-1.311979374,1.693565853,-2.391753358,1.763815354,1.762227352,6,5,two_open_b
147.104255,0.756784992,-1.311979374,1.693565853,-2.391753358,1.763815354,1.762227352,6,5,two_open_b
147.128498,0.756784992,-1.311979374,1.693565853,-2.391753358,1.763815354,1.762227352,6,5,two_open_b
147.152740,0.756784992,-1.311979374,1.693565853,-2.391753358,1.763815354,1.762227352,6,5,two_open_b
147.176983,0.756784992,-1.311979374,1.693565853,-2.391753358,1.763815354,1.762227352,6,5,two_open_b
147.201225,0.756784992,-1.311979374,1.693565853,-2.391753358,1.763815354,1.762227352,6,5,two_open_b
147.225467,0.756784992,-1.311979374,1.693565853,-2.391753358,1.763815354,1.762227352,6,5,two_open_b
147.249710,0.756784992,-1.311979374,1.693565853,-2.391753358,1.763815354,1.762227352,6,5,two_open_b
147.273952,0.756784992,-1.311979374,1.693565853,-2.391753358,1.763815354,1.762227352,6,5,two_open_b
147.298195,0.756784992,-1.311979374,1.693565853,-2.391753358,1.763815354,1.762227352,6,5,two_open_b
147.322437,0.756784992,-1.311979374,1.693565853,-2.391753358,1.763815354,1.762227352,6,5,two_open_b
147.346680,0.754314076,-1.312504869,1.691752435,-2.390603269,1.774349039,1.762438757,6,5,two_open_b
147.370922,0.750649174,-1.313284292,1.689062744,-2.388897439,1.789972771,1.762752317,6,5,two_open_b
147.395164,0.746984271,-1.314063715,1.686373052,-2.387191609,1.805596503,1.763065877,6,5,two_open_b
147.419407,0.743319369,-1.314843137,1.683683361,-2.385485779,1.821220236,1.763379436,6,5,two_open_b
147.443649,0.739654467,-1.315622560,1.680993670,-2.383779949,1.836843968,1.763692996,6,5,two_open_b
147.467892,0.735989564,-1.316401983,1.678303979,-2.382074118,1.852467700,1.764006556,6,5,two_open_b
147.492134,0.732324662,-1.317181406,1.675614288,-2.380368288,1.868091433,1.764320115,6,5,two_open_b
147.516377,0.732082533,-1.317549807,1.675075064,-2.379190350,1.870896238,1.765276873,6,5,two_open_b
147.540619,0.731840404,-1.317918207,1.674535840,-2.378012412,1.873701043,1.766233631,6,5,two_open_b
147.564861,0.731598275,-1.318286608,1.673996617,-2.376834474,1.876505848,1.767190389,6,5,two_open_b
147.589104,0.733827062,-1.318129514,1.675270811,-2.376806624,1.868776969,1.767935742,6,5,two_open_b
147.613346,0.737249836,-1.317718492,1.677421279,-2.377334516,1.855958042,1.768578940,6,5,two_open_b
147.637589,0.740672609,-1.317307470,1.679571747,-2.377862408,1.843139115,1.769222139,6,5,two_open_b
147.661831,0.742282085,-1.316929357,1.680040491,-2.377485729,1.838439395,1.769273927,6,5,two_open_b
147.686073,0.741713981,-1.316590763,1.678489663,-2.376022754,1.843489996,1.768615492,6,5,two_open_b
147.710316,0.745027008,-1.316213001,1.680068673,-2.375717924,1.832412492,1.768055187,6,5,two_open_b
147.734558,0.748340035,-1.315835239,1.681647684,-2.375413095,1.821334989,1.767494883,6,5,two_open_b
147.758801,0.748230289,-1.315868498,1.681076227,-2.374580373,1.823076412,1.766291380,6,5,two_open_b
147.783043,0.748120543,-1.315901758,1.680504770,-2.373747651,1.824817835,1.765087877,6,5,two_open_b
147.807286,0.748010797,-1.315935017,1.679933313,-2.372914929,1.826559259,1.763884374,6,5,two_open_b
147.831528,0.747901051,-1.315968277,1.679361857,-2.372082207,1.828300682,1.762680871,6,5,two_open_b
147.855770,0.747791305,-1.316001537,1.678790400,-2.371249486,1.830042105,1.761477368,6,5,two_open_b
147.880013,0.747681559,-1.316034796,1.678218943,-2.370416764,1.831783528,1.760273865,6,5,two_open_b
147.904255,0.749385110,-1.316035147,1.679329209,-2.370488613,1.825405745,1.759661773,6,5,two_open_b
147.928498,0.753266242,-1.315995978,1.682459048,-2.371646758,1.809277640,1.759759903,6,5,two_open_b
147.952740,0.753266242,-1.315995978,1.682459048,-2.371646758,1.809277640,1.759759903,6,5,two_open_b
147.976983,0.753266242,-1.315995978,1.682459048,-2.371646758,1.809277640,1.759759903,6,5,two_open_b
148.001225,0.753266242,-1.315995978,1.682459048,-2.371646758,1.809277640,1.759759903,6,5,two_open_b
148.025467,0.753266242,-1.315995978,1.682459048,-2.371646758,1.809277640,1.759759903,6,5,two_open_b
148.049710,0.753266242,-1.315995978,1.682459048,-2.371646758,1.809277640,1.759759903,6,5,two_open_b
148.073952,0.753266242,-1.315995978,1.682459048,-2.371646758,1.809277640,1.759759903,6,5,two_open_b
148.098195,0.753266242,-1.315995978,1.682459048,-2.371646758,1.809277640,1.759759903,6,5,two_open_b
148.122437,0.753266242,-1.315995978,1.682459048,-2.371646758,1.809277640,1.759759903,6,5,two_open_b
148.146680,0.753266242,-1.315995978,1.682459048,-2.371646758,1.809277640,1.759759903,6,5,two_open_b
148.170922,0.753266242,-1.315995978,1.682459048,-2.371646758,1.809277640,1.759759903,6,5,two_open_b
148.195164,0.753266242,-1.315995978,1.682459048,-2.371646758,1.809277640,1.759759903,6,5,two_open_b
148.219407,0.753266242,-1.315995978,1.682459048,-2.371646758,1.809277640,1.759759903,6,5,two_open_b
148.243649,0.753266242,-1.315995978,1.682459048,-2.371646758,1.809277640,1.759759903,6,5,two_open_b
148.267892,0.753266242,-1.315995978,1.682459048,-2.371646758,1.809277640,1.759759903,6,5,two_open_b
148.292134,0.753266242,-1.315995978,1.682459048,-2.371646758,1.809277640,1.759759903,6,5,two_open_b
148.316377,0.753266242,-1.315995978,1.682459048,-2.371646758,1.809277640,1.759759903,6,5,two_open_b
148.340619,0.753266242,-1.315995978,1.682459048,-2.371646758,1.809277640,1.759759903,6,5,two_open_b
148.364861,0.753266242,-1.315995978,1.682459048,-2.371646758,1.809277640,1.759759903,6,5,two_open_b
148.389104,0.753266242,-1.315995978,1.682459048,-2.371646758,1.809277640,1.759759903,6,5,two_open_b
148.413346,0.753266242,-1.315995978,1.682459048,-2.371646758,1.809277640,1.759759903,6,5,two_open_b
148.437589,0.753266242,-1.315995978,1.682459048,-2.371646758,1.809277640,1.759759903,6,5,two_open_b
148.461831,0.753266242,-1.315995978,1.682459048,-2.371646758,1.809277640,1.759759903,6,5,two_open_b
148.486073,0.753266242,-1.315995978,1.682459048,-2.371646758,1.809277640,1.759759903,6,5,two_open_b
148.510316,0.753266242,-1.315995978,1.682459048,-2.371646758,1.809277640,1.759759903,6,5,two_open_b
148.534558,0.753266242,-1.315995978,1.682459048,-2.371646758,1.809277640,1.759759903,6,5,two_open_b
148.558801,0.753266242,-1.315995978,1.682459048,-2.371646758,1.809277640,1.759759903,6,5,two_open_b
148.583043,0.753266242,-1.315995978,1.682459048,-2.371646758,1.809277640,1.759759903,6,5,two_open_b
148.607286,0.753266242,-1.315995978,1.682459048,-2.371646758,1.809277640,1.759759903,6,5,two_open_b
148.631528,0.753266242,-1.315995978,1.682459048,-2.371646758,1.809277640,1.759759903,6,5,two_open_b
148.655770,0.753266242,-1.315995978,1.682459048,-2.371646758,1.809277640,1.759759903,6,5,two_open_b
148.680013,0.753266242,-1.315995978,1.682459048,-2.371646758,1.809277640,1.759759903,6,5,two_open_b
148.704255,0.753266242,-1.315995978,1.682459048,-2.371646758,1.809277640,1.759759903,6,5,two_open_b
148.728498,0.753266242,-1.315995978,1.682459048,-2.371646758,1.809277640,1.759759903,6,5,two_open_b
148.752740,0.753266242,-1.315995978,1.682459048,-2.371646758,1.809277640,1.759759903,6,5,two_open_b
148.776983,0.753266242,-1.315995978,1.682459048,-2.371646758,1.809277640,1.759759903,6,5,two_open_b
148.801225,0.753266242,-1.315995978,1.682459048,-2.371646758,1.809277640,1.759759903,6,5,two_open_b
148.825467,0.753266242,-1.315995978,1.682459048,-2.371646758,1.809277640,1.759759903,6,5,two_open_b
148.849710,0.753266242,-1.315995978,1.682459048,-2.371646758,1.809277640,1.759759903,6,5,two_open_b
148.873952,0.753266242,-1.315995978,1.682459048,-2.371646758,1.809277640,1.759759903,6,5,two_open_b
148.898195,0.753266242,-1.315995978,1.682459048,-2.371646758,1.809277640,1.759759903,6,5,two_open_b
148.922437,0.753266242,-1.315995978,1.682459048,-2.371646758,1.809277640,1.759759903,6,5,two_open_b
148.946680,0.753266242,-1.315995978,1.682459048,-2.371646758,1.809277640,1.759759903,6,5,two_open_b
148.970922,0.753266242,-1.315995978,1.682459048,-2.371646758,1.809277640,1.759759903,6,5,two_open_b
148.995164,0.753456021,-1.315896098,1.682883796,-2.371925578,1.808275254,1.759869923,6,5,two_open_b
149.019407,0.755120288,-1.315020202,1.686608631,-2.374370696,1.799484809,1.760834741,6,5,two_open_b
149.043649,0.756784555,-1.314144306,1.690333465,-2.376815814,1.790694364,1.761799559,6,5,two_open_b
149.067892,0.758448822,-1.313268410,1.694058300,-2.379260932,1.781903919,1.762764377,6,5,two_open_b
149.092134,0.760113089,-1.312392514,1.697783134,-2.381706051,1.773113474,1.763729196,6,5,two_open_b
149.116377,0.761777356,-1.311516618,1.701507969,-2.384151169,1.764323029,1.764694014,6,5,two_open_b
149.140619,0.763441623,-1.310640722,1.705232804,-2.386596287,1.755532584,1.765658832,6,5,two_open_b
149.164861,0.765105890,-1.309764826,1.708957638,-2.389041405,1.746742139,1.766623651,6,5,two_open_b
149.189104,0.766770157,-1.308888930,1.712682473,-2.391486523,1.737951694,1.767588469,6,5,two_open_b
149.213346,0.767898903,-1.308036672,1.715897872,-2.393875608,1.730744272,1.768656587,6,5,two_open_b
149.237589,0.767126944,-1.307359812,1.717060933,-2.395806855,1.729596821,1.769944715,6,5,two_open_b
149.261831,0.764038506,-1.307496134,1.714122931,-2.395483704,1.738726392,1.770540460,6,5,two_open_b
149.286073,0.760950067,-1.307632455,1.711184928,-2.395160552,1.747855963,1.771136205,6,5,two_open_b
149.310316,0.757861629,-1.307768777,1.708246925,-2.394837401,1.756985534,1.771731950,6,5,two_open_b
149.334558,0.754773191,-1.307905098,1.705308922,-2.394514250,1.766115104,1.772327695,6,5,two_open_b
149.358801,0.751684753,-1.308041420,1.702370920,-2.394191099,1.775244675,1.772923440,6,5,two_open_b
149.383043,0.748596315,-1.308177741,1.699432917,-2.393867948,1.784374246,1.773519185,6,5,two_open_b
149.407286,0.745507876,-1.308314063,1.696494914,-2.393544797,1.793503817,1.774114930,6,5,two_open_b
149.431528,0.742419438,-1.308450384,1.693556912,-2.393221646,1.802633388,1.774710675,6,5,two_open_b
149.455770,0.739866520,-1.308563068,1.691128345,-2.392954528,1.810179935,1.775203121,6,5,two_open_b
149.480013,0.739024530,-1.308600233,1.690327367,-2.392866428,1.812668898,1.775365537,6,5,two_open_b
149.504255,0.739024530,-1.308600233,1.690327367,-2.392866428,1.812668898,1.775365537,6,5,two_open_b
149.528498,0.739024530,-1.308600233,1.690327367,-2.392866428,1.812668898,1.775365537,6,5,two_open_b
149.552740,0.739024530,-1.308600233,1.690327367,-2.392866428,1.812668898,1.775365537,6,5,two_open_b
149.576983,0.739024530,-1.308600233,1.690327367,-2.392866428,1.812668898,1.775365537,6,5,two_open_b
149.601225,0.739024530,-1.308600233,1.690327367,-2.392866428,1.812668898,1.775365537,6,5,two_open_b
149.625467,0.739024530,-1.308600233,1.690327367,-2.392866428,1.812668898,1.775365537,6,5,two_open_b
149.649710,0.739024530,-1.308600233,1.690327367,-2.392866428,1.812668898,1.775365537,6,5,two_open_b
149.673952,0.739024530,-1.308600233,1.690327367,-2.392866428,1.812668898,1.775365537,6,5,two_open_b
149.698195,0.739024530,-1.308600233,1.690327367,-2.392866428,1.812668898,1.775365537,6,5,two_open_b
149.722437,0.739024530,-1.308600233,1.690327367,-2.392866428,1.812668898,1.775365537,6,5,two_open_b
149.746680,0.739024530,-1.308600233,1.690327367,-2.392866428,1.812668898,1.775365537,6,5,two_open_b
149.770922,0.739024530,-1.308600233,1.690327367,-2.392866428,1.812668898,1.775365537,6,5,two_open_b
149.795164,0.739024530,-1.308600233,1.690327367,-2.392866428,1.812668898,1.775365537,6,5,two_open_b
149.819407,0.739024530,-1.308600233,1.690327367,-2.392866428,1.812668898,1.775365537,6,5,two_open_b
149.843649,0.739024530,-1.308600233,1.690327367,-2.392866428,1.812668898,1.775365537,6,5,two_open_b
149.867892,0.739024530,-1.308600233,1.690327367,-2.392866428,1.812668898,1.775365537,6,5,two_open_b
149.892134,0.739024530,-1.308600233,1.690327367,-2.392866428,1.812668898,1.775365537,6,5,two_open_b
149.916377,0.739030874,-1.308283049,1.687875154,-2.391809602,1.814956851,1.774904190,6,5,two_open_b
149.940619,0.739037218,-1.307965866,1.685422940,-2.390752776,1.817244804,1.774442843,6,5,two_open_b
149.964861,0.739043563,-1.307648682,1.682970727,-2.389695951,1.819532757,1.773981496,6,5,two_open_b
149.989104,0.739049907,-1.307331499,1.680518514,-2.388639125,1.821820710,1.773520149,6,5,two_open_b
150.013346,0.739056251,-1.307014315,1.678066300,-2.387582299,1.824108664,1.773058802,6,5,two_open_b
150.037589,0.739062595,-1.306697131,1.675614087,-2.386525473,1.826396617,1.772597455,6,5,two_open_b
150.061831,0.739068939,-1.306379948,1.673161874,-2.385468647,1.828684570,1.772136108,6,5,two_open_b
150.086073,0.739075284,-1.306062764,1.670709661,-2.384411822,1.830972523,1.771674761,6,5,two_open_b
150.110316,0.739081628,-1.305745581,1.668257447,-2.383354996,1.833260476,1.771213414,6,5,two_open_b
150.134558,0.739087972,-1.305428397,1.665805234,-2.382298170,1.835548429,1.770752067,6,5,two_open_b
150.158801,0.739087972,-1.305428397,1.665805234,-2.382298170,1.835548429,1.770752067,6,5,two_open_b
150.183043,0.739087972,-1.305428397,1.665805234,-2.382298170,1.835548429,1.770752067,6,5,two_open_b
150.207286,0.739087972,-1.305428397,1.665805234,-2.382298170,1.835548429,1.770752067,6,5,two_open_b
150.231528,0.739087972,-1.305428397,1.665805234,-2.382298170,1.835548429,1.770752067,6,5,two_open_b
150.255770,0.739087972,-1.305428397,1.665805234,-2.382298170,1.835548429,1.770752067,6,5,two_open_b
150.280013,0.739087972,-1.305428397,1.665805234,-2.382298170,1.835548429,1.770752067,6,5,two_open_b
150.304255,0.739087972,-1.305428397,1.665805234,-2.382298170,1.835548429,1.770752067,6,5,two_open_b
150.328498,0.739087972,-1.305428397,1.665805234,-2.382298170,1.835548429,1.770752067,6,5,two_open_b
150.352740,0.739087972,-1.305428397,1.665805234,-2.382298170,1.835548429,1.770752067,6,5,two_open_b
150.376983,0.739087972,-1.305428397,1.665805234,-2.382298170,1.835548429,1.770752067,6,5,two_open_b
150.401225,0.739087972,-1.305428397,1.665805234,-2.382298170,1.835548429,1.770752067,6,5,two_open_b
150.425467,0.739087972,-1.305428397,1.665805234,-2.382298170,1.835548429,1.770752067,6,5,two_open_b
150.449710,0.739087972,-1.305428397,1.665805234,-2.382298170,1.835548429,1.770752067,6,5,two_open_b
150.473952,0.739087972,-1.305428397,1.665805234,-2.382298170,1.835548429,1.770752067,6,5,two_open_b
150.498195,0.739087972,-1.305428397,1.665805234,-2.382298170,1.835548429,1.770752067,6,5,two_open_b
150.522437,0.739087972,-1.305428397,1.665805234,-2.382298170,1.835548429,1.770752067,6,5,two_open_b
150.546680,0.739087972,-1.305428397,1.665805234,-2.382298170,1.835548429,1.770752067,6,5,two_open_b
150.570922,0.739087972,-1.305428397,1.665805234,-2.382298170,1.835548429,1.770752067,6,5,two_open_b
150.595164,0.739087972,-1.305428397,1.665805234,-2.382298170,1.835548429,1.770752067,6,5,two_open_b
150.619407,0.739087972,-1.305428397,1.665805234,-2.382298170,1.835548429,1.770752067,6,5,two_open_b
150.643649,0.739087972,-1.305428397,1.665805234,-2.382298170,1.835548429,1.770752067,6,5,two_open_b
150.667892,0.739087972,-1.305428397,1.665805234,-2.382298170,1.835548429,1.770752067,6,5,two_open_b
150.692134,0.739087972,-1.305428397,1.665805234,-2.382298170,1.835548429,1.770752067,6,5,two_open_b
150.716377,0.739087972,-1.305428397,1.665805234,-2.382298170,1.835548429,1.770752067,6,5,two_open_b
150.740619,0.739087972,-1.305428397,1.665805234,-2.382298170,1.835548429,1.770752067,6,5,two_open_b
150.764861,0.739087972,-1.305428397,1.665805234,-2.382298170,1.835548429,1.770752067,6,5,two_open_b
150.789104,0.739087972,-1.305428397,1.665805234,-2.382298170,1.835548429,1.770752067,6,5,two_open_b
150.813346,0.739087972,-1.305428397,1.665805234,-2.382298170,1.835548429,1.770752067,6,5,two_open_b
150.837589,0.739087972,-1.305428397,1.665805234,-2.382298170,1.835548429,1.770752067,6,5,two_open_b
150.861831,0.739087972,-1.305428397,1.665805234,-2.382298170,1.835548429,1.770752067,6,5,two_open_b
150.886073,0.739087972,-1.305428397,1.665805234,-2.382298170,1.835548429,1.770752067,6,5,two_open_b
150.910316,0.739087972,-1.305428397,1.665805234,-2.382298170,1.835548429,1.770752067,6,5,two_open_b
150.934558,0.740166584,-1.304878293,1.667580276,-2.383014090,1.833196273,1.770206441,6,5,two_open_b
150.958801,0.741832277,-1.304028772,1.670321460,-2.384119681,1.829563857,1.769363835,6,5,two_open_b
150.983043,0.743497970,-1.303179250,1.673062643,-2.385225271,1.825931442,1.768521229,6,5,two_open_b
151.007286,0.745163663,-1.302329729,1.675803827,-2.386330861,1.822299026,1.767678623,6,5,two_open_b
151.031528,0.746829356,-1.301480208,1.678545010,-2.387436452,1.818666610,1.766836017,6,5,two_open_b
151.055770,0.748495048,-1.300630687,1.681286194,-2.388542042,1.815034194,1.765993412,6,5,two_open_b
151.080013,0.750160741,-1.299781165,1.684027378,-2.389647632,1.811401778,1.765150806,6,5,two_open_b
151.104255,0.751826434,-1.298931644,1.686768561,-2.390753222,1.807769363,1.764308200,6,5,two_open_b
151.128498,0.753492127,-1.298082123,1.689509745,-2.391858813,1.804136947,1.763465594,6,5,two_open_b
151.152740,0.755157820,-1.297232601,1.692250928,-2.392964403,1.800504531,1.762622988,6,5,two_open_b
151.176983,0.755744900,-1.296933184,1.693217070,-2.393354073,1.799224271,1.762326008,6,5,two_open_b
151.201225,0.755744900,-1.296933184,1.693217070,-2.393354073,1.799224271,1.762326008,6,5,two_open_b
151.225467,0.755744900,-1.296933184,1.693217070,-2.393354073,1.799224271,1.762326008,6,5,two_open_b
151.249710,0.755744900,-1.296933184,1.693217070,-2.393354073,1.799224271,1.762326008,6,5,two_open_b
151.273952,0.755744900,-1.296933184,1.693217070,-2.393354073,1.799224271,1.762326008,6,5,two_open_b
151.298195,0.755744900,-1.296933184,1.693217070,-2.393354073,1.799224271,1.762326008,6,5,two_open_b
151.322437,0.755744900,-1.296933184,1.693217070,-2.393354073,1.799224271,1.762326008,6,5,two_open_b
151.346680,0.755744900,-1.296933184,1.693217070,-2.393354073,1.799224271,1.762326008,6,5,two_open_b
151.370922,0.755744900,-1.296933184,1.693217070,-2.393354073,1.799224271,1.762326008,6,5,two_open_b
151.395164,0.755744900,-1.296933184,1.693217070,-2.393354073,1.799224271,1.762326008,6,5,two_open_b
151.419407,0.755744900,-1.296933184,1.693217070,-2.393354073,1.799224271,1.762326008,6,5,two_open_b
151.443649,0.755744900,-1.296933184,1.693217070,-2.393354073,1.799224271,1.762326008,6,5,two_open_b
151.467892,0.755744900,-1.296933184,1.693217070,-2.393354073,1.799224271,1.762326008,6,5,two_open_b
151.492134,0.755744900,-1.296933184,1.693217070,-2.393354073,1.799224271,1.762326008,6,5,two_open_b
151.516377,0.756202272,-1.296625709,1.694423603,-2.393748907,1.798401025,1.761647806,6,5,two_open_b
151.540619,0.757120183,-1.296008630,1.696845022,-2.394541308,1.796748834,1.760286706,6,5,two_open_b
151.564861,0.758248099,-1.295250372,1.699820429,-2.395514999,1.794718645,1.758614206,6,5,two_open_b
151.589104,0.759376015,-1.294492114,1.702795836,-2.396488691,1.792688455,1.756941705,6,5,two_open_b
151.613346,0.760503932,-1.293733856,1.705771243,-2.397462383,1.790658266,1.755269205,6,5,two_open_b
151.637589,0.761631848,-1.292975598,1.708746650,-2.398436074,1.788628076,1.753596704,6,5,two_open_b
151.661831,0.762759764,-1.292217340,1.711722057,-2.399409766,1.786597886,1.751924204,6,5,two_open_b
151.686073,0.763887680,-1.291459081,1.714697464,-2.400383457,1.784567697,1.750251703,6,5,two_open_b
151.710316,0.765015596,-1.290700823,1.717672871,-2.401357149,1.782537507,1.748579203,6,5,two_open_b
151.734558,0.766143513,-1.289942565,1.720648278,-2.402330841,1.780507318,1.746906702,6,5,two_open_b
151.758801,0.767140038,-1.289221678,1.724401986,-2.402276963,1.775410178,1.745634339,6,5,two_open_b
151.783043,0.767676024,-1.288810394,1.726940807,-2.401825518,1.771141983,1.745044872,6,5,two_open_b
151.807286,0.768002005,-1.288540289,1.728925641,-2.401192782,1.767251787,1.744766806,6,5,two_open_b
151.831528,0.768327986,-1.288270184,1.730910474,-2.400560046,1.763361591,1.744488741,6,5,two_open_b
151.855770,0.768653967,-1.288000079,1.732895308,-2.399927311,1.759471396,1.744210675,6,5,two_open_b
151.880013,0.768979949,-1.287729975,1.734880142,-2.399294575,1.755581200,1.743932609,6,5,two_open_b
151.904255,0.769305930,-1.287459870,1.736864975,-2.398661839,1.751691004,1.743654544,6,5,two_open_b
151.928498,0.769631911,-1.287189765,1.738849809,-2.398029103,1.747800808,1.743376478,6,5,two_open_b
151.952740,0.769957892,-1.286919661,1.740834642,-2.397396368,1.743910612,1.743098413,6,5,two_open_b
151.976983,0.770586342,-1.286805991,1.743773235,-2.394867146,1.735696350,1.742207307,6,5,two_open_b
152.001225,0.770888812,-1.286962426,1.744726995,-2.392970660,1.731372284,1.741594268,6,5,two_open_b
152.025467,0.771191281,-1.287118861,1.745680754,-2.391074174,1.727048218,1.740981228,6,5,two_open_b
152.049710,0.771493751,-1.287275296,1.746634514,-2.389177688,1.722724152,1.740368188,6,5,two_open_b
152.073952,0.771796220,-1.287431730,1.747588273,-2.387281202,1.718400085,1.739755148,6,5,two_open_b
152.098195,0.772098690,-1.287588165,1.748542032,-2.385384716,1.714076019,1.739142109,6,5,two_open_b
152.122437,0.772401159,-1.287744600,1.749495792,-2.383488230,1.709751953,1.738529069,6,5,two_open_b
152.146680,0.772703629,-1.287901035,1.750449551,-2.381591744,1.705427887,1.737916029,6,5,two_open_b
152.170922,0.773006099,-1.288057470,1.751403311,-2.379695258,1.701103821,1.737302990,6,5,two_open_b
152.195164,0.773308568,-1.288213905,1.752357070,-2.377798772,1.696779755,1.736689950,6,5,two_open_b
152.219407,0.773308568,-1.288213905,1.752357070,-2.377798772,1.696779755,1.736689950,6,5,two_open_b
152.243649,0.773308568,-1.288213905,1.752357070,-2.377798772,1.696779755,1.736689950,6,5,two_open_b
152.267892,0.773308568,-1.288213905,1.752357070,-2.377798772,1.696779755,1.736689950,6,5,two_open_b
152.292134,0.771766118,-1.288214070,1.751865772,-2.376899228,1.702845324,1.735829662,6,5,two_open_b
152.316377,0.768248548,-1.288214447,1.750745362,-2.374847809,1.716677911,1.733867767,6,5,two_open_b
152.340619,0.764730977,-1.288214823,1.749624952,-2.372796391,1.730510498,1.731905872,6,5,two_open_b
152.364861,0.761213407,-1.288215200,1.748504541,-2.370744972,1.744343084,1.729943977,6,5,two_open_b
152.389104,0.757695836,-1.288215576,1.747384131,-2.368693554,1.758175671,1.727982082,6,5,two_open_b
152.413346,0.754645414,-1.288076436,1.746689902,-2.366614366,1.770138743,1.726055235,6,5,two_open_b
152.437589,0.752281471,-1.287732275,1.746621949,-2.364494373,1.779354547,1.724179893,6,5,two_open_b
152.461831,0.750604006,-1.287183094,1.747180272,-2.362333574,1.785823085,1.722356055,6,5,two_open_b
152.486073,0.749613020,-1.286428891,1.748364871,-2.360131968,1.789544357,1.720583722,6,5,two_open_b
152.510316,0.749091500,-1.285534480,1.749977765,-2.357902456,1.791386841,1.718846610,6,5,two_open_b
152.534558,0.750112429,-1.284639904,1.752081956,-2.356572489,1.787163755,1.717969787,6,5,two_open_b
152.558801,0.753108479,-1.283745117,1.754815260,-2.356394395,1.775173653,1.718194571,6,5,two_open_b
152.583043,0.756104529,-1.282850329,1.757548564,-2.356216302,1.763183550,1.718419355,6,5,two_open_b
152.607286,0.759100579,-1.281955542,1.760281868,-2.356038209,1.751193447,1.718644138,6,5,two_open_b
152.631528,0.762096629,-1.281060755,1.763015171,-2.355860116,1.739203344,1.718868922,6,5,two_open_b
152.655770,0.764893817,-1.279587571,1.766144777,-2.355556488,1.729596714,1.718148200,6,5,two_open_b
152.680013,0.767166187,-1.277886815,1.769143710,-2.355201290,1.723047046,1.716827360,6,5,two_open_b
152.704255,0.768752078,-1.276391079,1.771516367,-2.354886898,1.719244645,1.715455016,6,5,two_open_b
152.728498,0.769651491,-1.275100364,1.773262749,-2.354613312,1.718189510,1.714031167,6,5,two_open_b
152.752740,0.770081438,-1.273949858,1.774580835,-2.354367632,1.719013163,1.712572096,6,5,two_open_b
152.776983,0.770511386,-1.272799352,1.775898922,-2.354121953,1.719836816,1.711113025,6,5,two_open_b
152.801225,0.770941333,-1.271648846,1.777217008,-2.353876273,1.720660468,1.709653954,6,5,two_open_b
152.825467,0.772145215,-1.269340284,1.779156074,-2.352474884,1.720576407,1.707707372,6,5,two_open_b
152.849710,0.773349096,-1.267031723,1.781095140,-2.351073496,1.720492345,1.705760790,6,5,two_open_b
152.873952,0.774552978,-1.264723161,1.783034205,-2.349672107,1.720408284,1.703814208,6,5,two_open_b
152.898195,0.775488574,-1.263132512,1.784150788,-2.348424022,1.719810265,1.702778083,6,5,two_open_b
152.922437,0.776262508,-1.261974457,1.784771768,-2.347268312,1.718902551,1.702290572,6,5,two_open_b
152.946680,0.778121831,-1.259987319,1.787698548,-2.346834125,1.717104420,1.702099501,6,5,two_open_b
152.970922,0.779981154,-1.258000181,1.790625328,-2.346399937,1.715306289,1.701908431,6,5,two_open_b
152.995164,0.781840477,-1.256013043,1.793552109,-2.345965750,1.713508159,1.701717360,6,5,two_open_b
153.019407,0.783699800,-1.254025905,1.796478889,-2.345531562,1.711710028,1.701526290,6,5,two_open_b
153.043649,0.785559122,-1.252038768,1.799405670,-2.345097374,1.709911897,1.701335219,6,5,two_open_b
153.067892,0.786953631,-1.250058987,1.802880688,-2.345700901,1.710975162,1.702286323,6,5,two_open_b
153.092134,0.788348139,-1.248079207,1.806355708,-2.346304428,1.712038428,1.703237427,6,5,two_open_b
153.116377,0.789742647,-1.246099426,1.809830726,-2.346907954,1.713101693,1.704188531,6,5,two_open_b
153.140619,0.791137155,-1.244119646,1.813305746,-2.347511481,1.714164959,1.705139635,6,5,two_open_b
153.164861,0.792712275,-1.241861616,1.817229468,-2.348188724,1.714976716,1.706141436,6,5,two_open_b
153.189104,0.793447360,-1.240054677,1.819456938,-2.348244588,1.716337226,1.706915664,6,5,two_open_b
153.213346,0.794427800,-1.237869746,1.822293957,-2.348400595,1.717356070,1.707758761,6,5,two_open_b
153.237589,0.795621330,-1.235356529,1.825660368,-2.348643574,1.718078180,1.708661671,6,5,two_open_b
153.261831,0.796814861,-1.232843312,1.829026779,-2.348886554,1.718800289,1.709564581,6,5,two_open_b
153.286073,0.797948920,-1.230185970,1.832547796,-2.349178704,1.719924127,1.710420372,6,5,two_open_b
153.310316,0.798338979,-1.227625400,1.836030168,-2.349948416,1.722031974,1.710276938,6,5,two_open_b
153.334558,0.798702400,-1.225000276,1.839581788,-2.350740151,1.724319754,1.710112400,6,5,two_open_b
153.358801,0.799065822,-1.222375153,1.843133408,-2.351531885,1.726607534,1.709947862,6,5,two_open_b
153.383043,0.799429243,-1.219750029,1.846685027,-2.352323620,1.728895314,1.709783324,6,5,two_open_b
153.407286,0.799612054,-1.217403155,1.849787943,-2.353041638,1.731434602,1.709568090,6,5,two_open_b
153.431528,0.799549509,-1.215434273,1.852281311,-2.353659513,1.734315555,1.709283988,6,5,two_open_b
153.455770,0.798850474,-1.213257023,1.854147315,-2.353705117,1.739486148,1.708950903,6,5,two_open_b
153.480013,0.797174538,-1.210263016,1.855449138,-2.352741773,1.748757477,1.708596841,6,5,two_open_b
153.504255,0.795498602,-1.207269009,1.856750961,-2.351778430,1.758028806,1.708242779,6,5,two_open_b
153.528498,0.793592375,-1.203033565,1.858501280,-2.349895852,1.768379848,1.708374954,6,5,two_open_b
153.552740,0.792121031,-1.199852048,1.859121026,-2.347653708,1.775793199,1.708851690,6,5,two_open_b
153.576983,0.790676323,-1.196735083,1.859671524,-2.345389541,1.783026617,1.709349530,6,5,two_open_b
153.601225,0.789231615,-1.193618119,1.860222023,-2.343125374,1.790260035,1.709847370,6,5,two_open_b
153.625467,0.787578334,-1.189894961,1.862029187,-2.341549092,1.798330364,1.710558428,6,5,two_open_b
153.649710,0.785762134,-1.185698294,1.864817958,-2.340510132,1.807054423,1.711436034,6,5,two_open_b
153.673952,0.783945933,-1.181501627,1.867606729,-2.339471172,1.815778481,1.712313640,6,5,two_open_b
153.698195,0.782520870,-1.177891320,1.870413315,-2.338904342,1.822554564,1.713171360,6,5,two_open_b
153.722437,0.779939365,-1.173660112,1.872401814,-2.337274092,1.833302321,1.714874220,6,5,two_open_b
153.746680,0.777357861,-1.169428903,1.874390313,-2.335643843,1.844050077,1.716577080,6,5,two_open_b
153.770922,0.775066117,-1.166583257,1.875775710,-2.334883657,1.853316391,1.717840822,6,5,two_open_b
153.795164,0.772077442,-1.163211486,1.876986740,-2.333546280,1.865100218,1.719493325,6,5,two_open_b
153.819407,0.767628227,-1.158737127,1.877832353,-2.330999300,1.882159934,1.721960548,6,5,two_open_b
153.843649,0.763179011,-1.154262768,1.878677967,-2.328452319,1.899219650,1.724427770,6,5,two_open_b
153.867892,0.760785070,-1.149743426,1.880011581,-2.325029183,1.906152236,1.725653706,6,5,two_open_b
153.892134,0.758554048,-1.145697593,1.880363588,-2.321068724,1.912431094,1.726713094,6,5,two_open_b
153.916377,0.756323027,-1.141651760,1.880715595,-2.317108266,1.918709951,1.727772482,6,5,two_open_b
153.940619,0.752440337,-1.136461121,1.880889920,-2.312228870,1.932626104,1.730634827,6,5,two_open_b
153.964861,0.749840126,-1.132594372,1.881848509,-2.308980031,1.941715637,1.733309389,6,5,two_open_b
153.989104,0.747239915,-1.128727623,1.882807099,-2.305731191,1.950805170,1.735983951,6,5,two_open_b
154.013346,0.744639704,-1.124860874,1.883765688,-2.302482351,1.959894704,1.738658513,6,5,two_open_b
154.037589,0.741128102,-1.119865611,1.884721459,-2.298582077,1.971978179,1.740692735,6,5,two_open_b
154.061831,0.739077040,-1.115972936,1.886042647,-2.295891406,1.978785765,1.741912238,6,5,two_open_b
154.086073,0.737025978,-1.112080261,1.887363835,-2.293200735,1.985593351,1.743131741,6,5,two_open_b
154.110316,0.733047781,-1.108372066,1.887233618,-2.290512713,2.001725987,1.745553092,6,5,two_open_b
154.134558,0.728964440,-1.104053809,1.887486751,-2.287582047,2.017904155,1.748201608,6,5,two_open_b
154.158801,0.724777980,-1.099137236,1.888115853,-2.284413410,2.034126979,1.751072913,6,5,two_open_b
154.183043,0.722243189,-1.095365468,1.888922639,-2.282163709,2.042712507,1.752141261,6,5,two_open_b
154.207286,0.720346170,-1.092035754,1.889798035,-2.280268846,2.048348982,1.752513417,6,5,two_open_b
154.231528,0.717606661,-1.086906458,1.891409198,-2.277767297,2.056446644,1.754132280,6,5,two_open_b
154.255770,0.714867152,-1.081777161,1.893020361,-2.275265748,2.064544307,1.755751143,6,5,two_open_b
154.280013,0.713735966,-1.078302503,1.894808709,-2.273992824,2.067130516,1.757621584,6,5,two_open_b
154.304255,0.712604779,-1.074827845,1.896597058,-2.272719901,2.069716724,1.759492025,6,5,two_open_b
154.328498,0.710775343,-1.069535824,1.899596691,-2.270694487,2.074848086,1.763028223,6,5,two_open_b
154.352740,0.709026342,-1.064710500,1.902303061,-2.268854695,2.079944615,1.766390641,6,5,two_open_b
154.376983,0.707382483,-1.060495236,1.904626083,-2.267257547,2.084995612,1.769525895,6,5,two_open_b
154.401225,0.705841744,-1.056878290,1.906573134,-2.265898370,2.090001954,1.772438358,6,5,two_open_b
154.425467,0.704301004,-1.053261344,1.908520186,-2.264539194,2.095008295,1.775350821,6,5,two_open_b
154.449710,0.702760265,-1.049644398,1.910467238,-2.263180018,2.100014636,1.778263284,6,5,two_open_b
154.473952,0.702062015,-1.047827035,1.911678522,-2.262427528,2.102559789,1.779929040,6,5,two_open_b
154.498195,0.700709970,-1.044293056,1.914194915,-2.261086041,2.106496692,1.782336461,6,5,two_open_b
154.522437,0.699357924,-1.040759077,1.916711307,-2.259744554,2.110433596,1.784743881,6,5,two_open_b
154.546680,0.697398562,-1.035988823,1.919376475,-2.257350032,2.115548674,1.787375652,6,5,two_open_b
154.570922,0.696006249,-1.032768858,1.920862498,-2.255480513,2.118373123,1.788390133,6,5,two_open_b
154.595164,0.694613937,-1.029548893,1.922348520,-2.253610993,2.121197572,1.789404615,6,5,two_open_b
154.619407,0.693221624,-1.026328928,1.923834543,-2.251741473,2.124022021,1.790419096,6,5,two_open_b
154.643649,0.691309897,-1.021447363,1.925590430,-2.247340060,2.128545184,1.794118177,6,5,two_open_b
154.667892,0.689398169,-1.016565798,1.927346317,-2.242938647,2.133068347,1.797817257,6,5,two_open_b
154.692134,0.687486442,-1.011684234,1.929102203,-2.238537235,2.137591509,1.801516338,6,5,two_open_b
154.716377,0.683579463,-1.005102330,1.930718927,-2.232915786,2.148094352,1.805902098,6,5,two_open_b
154.740619,0.680277110,-1.000195141,1.931027113,-2.227853270,2.157352802,1.809563117,6,5,two_open_b
154.764861,0.676974758,-0.995287952,1.931335300,-2.222790753,2.166611252,1.813224135,6,5,two_open_b
154.789104,0.674279723,-0.991617037,1.931494711,-2.218781271,2.174691526,1.816660802,6,5,two_open_b
154.813346,0.670473691,-0.986773934,1.932014835,-2.213338775,2.185451752,1.823494376,6,5,two_open_b
154.837589,0.666649002,-0.981909887,1.932556184,-2.207869932,2.196215486,1.830369071,6,5,two_open_b
154.861831,0.662531659,-0.976717319,1.933430483,-2.201987790,2.207034231,1.837888815,6,5,two_open_b
154.886073,0.658641077,-0.972857829,1.934367867,-2.198224243,2.216209273,1.843369010,6,5,two_open_b
154.910316,0.654457841,-0.968669818,1.935638200,-2.194047397,2.225439326,1.849494254,6,5,two_open_b
154.934558,0.649981951,-0.964153286,1.937241483,-2.189457254,2.234724391,1.856264547,6,5,two_open_b
154.958801,0.647208659,-0.961008571,1.939316877,-2.185673847,2.238084787,1.862993211,6,5,two_open_b
154.983043,0.644191881,-0.957577236,1.941728650,-2.181507207,2.241352837,1.870350001,6,5,two_open_b
155.007286,0.640956929,-0.953900989,1.944388637,-2.177032453,2.244661899,1.878187676,6,5,two_open_b
155.031528,0.637721978,-0.950224742,1.947048624,-2.172557699,2.247970960,1.886025351,6,5,two_open_b
155.055770,0.635729223,-0.947987759,1.949315759,-2.169743447,2.248345546,1.890417654,6,5,two_open_b
155.080013,0.632513939,-0.945059570,1.951836128,-2.165849099,2.250330418,1.895634810,6,5,two_open_b
155.104255,0.629354001,-0.942323744,1.954076024,-2.162156504,2.252568826,1.900372486,6,5,two_open_b
155.128498,0.626486717,-0.939916440,1.955982970,-2.158877207,2.254752223,1.904465113,6,5,two_open_b
155.152740,0.622666653,-0.936770615,1.957837692,-2.154031446,2.258008233,1.910538069,6,5,two_open_b
155.176983,0.619139244,-0.933953312,1.959359465,-2.149598983,2.261209231,1.915965975,6,5,two_open_b
155.201225,0.615427810,-0.930790719,1.959859194,-2.143970603,2.264992583,1.916322188,6,5,two_open_b
155.225467,0.611466643,-0.927189952,1.959241893,-2.136924481,2.269446146,1.910996514,6,5,two_open_b
155.249710,0.607723649,-0.923834099,1.958376377,-2.130186473,2.273858698,1.905189955,6,5,two_open_b
155.273952,0.603980655,-0.920478245,1.957510862,-2.123448465,2.278271250,1.899383396,6,5,two_open_b
155.298195,0.600237662,-0.917122391,1.956645347,-2.116710457,2.282683802,1.893576837,6,5,two_open_b
155.322437,0.597422785,-0.914456419,1.955811854,-2.111095023,2.285597394,1.887421956,6,5,two_open_b
155.346680,0.594215301,-0.911881805,1.955542553,-2.105723592,2.288433490,1.882143059,6,5,two_open_b
155.370922,0.590377900,-0.909262388,1.955889919,-2.100384616,2.291500638,1.877905716,6,5,two_open_b
155.395164,0.587156015,-0.907665211,1.956573227,-2.097057859,2.293671213,1.872084550,6,5,two_open_b
155.419407,0.583304215,-0.906023232,1.957873201,-2.093763557,2.296072840,1.867304938,6,5,two_open_b
155.443649,0.579299177,-0.905010263,1.960478936,-2.092110928,2.298068154,1.867993525,6,5,two_open_b
155.467892,0.575206609,-0.904719187,1.964485420,-2.092321795,2.299569297,1.874760504,6,5,two_open_b
155.492134,0.570484126,-0.904383309,1.969108571,-2.092565118,2.301301491,1.882569037,6,5,two_open_b
155.516377,0.565131726,-0.904002629,1.974348389,-2.092840897,2.303264737,1.891419125,6,5,two_open_b
155.540619,0.559149409,-0.903577148,1.980204873,-2.093149131,2.305459035,1.901310768,6,5,two_open_b
155.564861,0.552850245,-0.903129131,1.986371541,-2.093473692,2.307769552,1.911726312,6,5,two_open_b
155.589104,0.546551081,-0.902681114,1.992538209,-2.093798252,2.310080069,1.922141856,6,5,two_open_b
155.613346,0.540251916,-0.902233097,1.998704877,-2.094122812,2.312390586,1.932557400,6,5,two_open_b
155.637589,0.533952752,-0.901785081,2.004871544,-2.094447372,2.314701103,1.942972945,6,5,two_open_b
155.661831,0.527653587,-0.901337064,2.011038212,-2.094771933,2.317011620,1.953388489,6,5,two_open_b
155.686073,0.521354423,-0.900889047,2.017204880,-2.095096493,2.319322137,1.963804033,6,5,two_open_b
155.710316,0.515055259,-0.900441031,2.023371548,-2.095421053,2.321632654,1.974219578,6,5,two_open_b
155.734558,0.508756094,-0.899993014,2.029538216,-2.095745613,2.323943171,1.984635122,6,5,two_open_b
155.758801,0.502456930,-0.899544997,2.035704884,-2.096070173,2.326253688,1.995050666,6,5,two_open_b
155.783043,0.496116321,-0.899066943,2.041525861,-2.096175264,2.328659981,2.005355938,6,5,two_open_b
155.807286,0.489685100,-0.898523216,2.046591025,-2.095800507,2.331275676,2.015420113,6,5,two_open_b
155.831528,0.483163266,-0.897913816,2.050900375,-2.094945903,2.334100773,2.025243190,6,5,two_open_b
155.855770,0.476550818,-0.897238743,2.054453912,-2.093611453,2.337135274,2.034825170,6,5,two_open_b
155.880013,0.469847758,-0.896497997,2.057251635,-2.091797155,2.340379176,2.044166051,6,5,two_open_b
155.904255,0.463054085,-0.895691577,2.059293544,-2.089503010,2.343832482,2.053265836,6,5,two_open_b
155.928498,0.456169799,-0.894819485,2.060579640,-2.086729019,2.347495190,2.062124522,6,5,two_open_b
155.952740,0.449194900,-0.893881719,2.061109921,-2.083475180,2.351367300,2.070742112,6,5,two_open_b
155.976983,0.442129389,-0.892878281,2.060884390,-2.079741494,2.355448813,2.079118603,6,5,two_open_b
156.001225,0.434973264,-0.891809169,2.059903044,-2.075527962,2.359739729,2.087253997,6,5,two_open_b
156.025467,0.428083562,-0.890752809,2.058572522,-2.071250010,2.363951353,2.094907965,6,5,two_open_b
156.049710,0.421446708,-0.889703712,2.057093627,-2.066835721,2.367840702,2.102809036,6,5,two_open_b
156.073952,0.414793297,-0.888602422,2.055300736,-2.061948844,2.371475854,2.111560648,6,5,two_open_b
156.098195,0.408123328,-0.887448939,2.053193849,-2.056589377,2.374856809,2.121162802,6,5,two_open_b
156.122437,0.401436802,-0.886243263,2.050772966,-2.050757322,2.377983566,2.131615499,6,5,two_open_b
156.146680,0.394555891,-0.884918315,2.047958665,-2.044490690,2.381525765,2.143083444,6,5,two_open_b
156.170922,0.387458308,-0.883465689,2.044740993,-2.037794245,2.385567335,2.155587280,6,5,two_open_b
156.195164,0.380902014,-0.882077990,2.041558712,-2.031377426,2.389348192,2.167641862,6,5,two_open_b
156.219407,0.374668192,-0.880264142,2.037442069,-2.023651440,2.392551499,2.178724228,6,5,two_open_b
156.243649,0.368400820,-0.877544192,2.031430932,-2.013045244,2.395054638,2.188680760,6,5,two_open_b
156.267892,0.362362969,-0.874649849,2.025024921,-2.001916397,2.397249825,2.198111745,6,5,two_open_b
156.292134,0.356792800,-0.871858719,2.018906428,-1.991371278,2.399326833,2.206495172,6,5,two_open_b
156.316377,0.351959717,-0.869230256,2.013241078,-1.981746138,2.401217584,2.213227599,6,5,two_open_b
156.340619,0.347180460,-0.866299264,2.006860853,-1.970619598,2.402362417,2.218014262,6,5,two_open_b
156.364861,0.342372408,-0.863009493,1.999624517,-1.957698865,2.402693657,2.220819519,6,5,two_open_b
156.389104,0.338391271,-0.859915597,1.992798565,-1.945436782,2.402109287,2.221848989,6,5,two_open_b
156.413346,0.333906912,-0.858183669,1.986335739,-1.936101863,2.400404619,2.226714177,6,5,two_open_b
156.437589,0.328523906,-0.857333902,1.980292678,-1.929052199,2.399193140,2.234216597,6,5,two_open_b
156.461831,0.322200099,-0.858055564,1.976167716,-1.926975101,2.399765873,2.244341631,6,5,two_open_b
156.486073,0.316095633,-0.860004808,1.973980380,-1.928782606,2.400966186,2.254737558,6,5,two_open_b
156.510316,0.309577667,-0.862422918,1.972160375,-1.931977633,2.402632054,2.265149173,6,5,two_open_b
156.534558,0.302470785,-0.865073413,1.970234626,-1.935786097,2.404703062,2.275500785,6,5,two_open_b
156.558801,0.294774985,-0.867956293,1.968203132,-1.940207999,2.407179210,2.285792394,6,5,two_open_b
156.583043,0.287283438,-0.871493386,1.967253647,-1.947550237,2.410544551,2.296329962,6,5,two_open_b
156.607286,0.280557771,-0.875551926,1.967613416,-1.957606648,2.414537227,2.307197938,6,5,two_open_b
156.631528,0.273568325,-0.880320045,1.967760002,-1.968386897,2.417200624,2.318598293,6,5,two_open_b
156.655770,0.267480007,-0.885000254,1.967571847,-1.977884512,2.417915089,2.325203950,6,5,two_open_b
156.680013,0.262469575,-0.888843849,1.967067683,-1.985264638,2.417956622,2.328821172,6,5,two_open_b
156.704255,0.258798003,-0.891652638,1.965718928,-1.989428756,2.416351041,2.329987539,6,5,two_open_b
156.728498,0.255661168,-0.894250421,1.964466189,-1.993035872,2.414377593,2.331208389,6,5,two_open_b
156.752740,0.252735321,-0.897277728,1.963235151,-1.997220948,2.411035578,2.332146613,6,5,two_open_b
156.776983,0.249751388,-0.901205819,1.961965978,-2.002832230,2.405639061,2.332558267,6,5,two_open_b
156.801225,0.247356371,-0.904901526,1.960802550,-2.007830074,2.399837403,2.333029924,6,5,two_open_b
156.825467,0.245440364,-0.908408217,1.959725131,-2.012328964,2.393706215,2.333550386,6,5,two_open_b
156.849710,0.242245480,-0.913813353,1.959244918,-2.021395042,2.385853947,2.330317352,6,5,two_open_b
156.873952,0.239402373,-0.918542780,1.959100070,-2.029960600,2.379390670,2.326512020,6,5,two_open_b
156.898195,0.237098563,-0.922236305,1.959469354,-2.037758830,2.375056800,2.321829321,6,5,two_open_b
156.922437,0.234664970,-0.926050134,1.959744909,-2.045647279,2.370537262,2.317329046,6,5,two_open_b
156.946680,0.231345336,-0.930685285,1.959380573,-2.054151657,2.364750158,2.314074203,6,5,two_open_b
156.970922,0.228025703,-0.935320436,1.959016237,-2.062656036,2.358963054,2.310819360,6,5,two_open_b
156.995164,0.225083997,-0.939293680,1.958735944,-2.069969017,2.354139377,2.307907147,6,5,two_open_b
157.019407,0.221607974,-0.943588560,1.958622249,-2.077909508,2.350957940,2.305302786,6,5,two_open_b
157.043649,0.218131950,-0.947883441,1.958508554,-2.085849999,2.347776504,2.302698424,6,5,two_open_b
157.067892,0.214655927,-0.952178322,1.958394859,-2.093790490,2.344595067,2.300094063,6,5,two_open_b
157.092134,0.210964483,-0.955133702,1.956729114,-2.097351071,2.345035740,2.302563050,6,5,two_open_b
157.116377,0.207273039,-0.958089083,1.955063369,-2.100911652,2.345476414,2.305032037,6,5,two_open_b
157.140619,0.203581594,-0.961044463,1.953397624,-2.104472233,2.345917087,2.307501025,6,5,two_open_b
157.164861,0.200019933,-0.963879540,1.951825608,-2.107942595,2.346543428,2.309787587,6,5,two_open_b
157.189104,0.196667327,-0.966661256,1.949422830,-2.109613219,2.346309479,2.312609190,6,5,two_open_b
157.213346,0.193314720,-0.969442972,1.947020052,-2.111283844,2.346075530,2.315430793,6,5,two_open_b
157.237589,0.189962113,-0.972224688,1.944617275,-2.112954469,2.345841581,2.318252396,6,5,two_open_b
157.261831,0.187790827,-0.973551596,1.942191778,-2.111957939,2.345614756,2.321352720,6,5,two_open_b
157.286073,0.185619542,-0.974878504,1.939766281,-2.110961409,2.345387930,2.324453044,6,5,two_open_b
157.310316,0.183321769,-0.976457224,1.937288796,-2.110131998,2.344814933,2.327615137,6,5,two_open_b
157.334558,0.182201385,-0.978107909,1.935635901,-2.109534021,2.341473582,2.329612141,6,5,two_open_b
157.358801,0.180764091,-0.980389505,1.933852752,-2.109354756,2.337264907,2.331763907,6,5,two_open_b
157.383043,0.179229385,-0.982865027,1.932029565,-2.109304194,2.332789638,2.333963243,6,5,two_open_b
157.407286,0.177694680,-0.985340549,1.930206379,-2.109253631,2.328314369,2.336162578,6,5,two_open_b
157.431528,0.174983709,-0.986598168,1.927727065,-2.106750634,2.330551750,2.342380557,6,5,two_open_b
157.455770,0.172029764,-0.987796797,1.924968917,-2.103770903,2.333390226,2.349358837,6,5,two_open_b
157.480013,0.168613599,-0.988591481,1.921375652,-2.098626577,2.337349329,2.358922138,6,5,two_open_b
157.504255,0.164060321,-0.988392418,1.915727911,-2.088157110,2.344065295,2.374844874,6,5,two_open_b
157.528498,0.159507043,-0.988193355,1.910080170,-2.077687644,2.350781260,2.390767611,6,5,two_open_b
157.552740,0.155080252,-0.987742480,1.904484416,-2.067051059,2.357843397,2.406628578,6,5,two_open_b
157.576983,0.150970372,-0.986660694,1.899018917,-2.055995762,2.365772858,2.422334782,6,5,two_open_b
157.601225,0.147177403,-0.984947997,1.893683672,-2.044521752,2.374569643,2.437886225,6,5,two_open_b
157.625467,0.143481844,-0.983041374,1.888388464,-2.032919040,2.383633022,2.453390098,6,5,two_open_b
157.649710,0.139496619,-0.981595604,1.882740932,-2.020463555,2.392455055,2.470456414,6,5,two_open_b
157.673952,0.137066136,-0.981074696,1.878857102,-2.010765503,2.396443580,2.483333762,6,5,two_open_b
157.698195,0.134794857,-0.980746054,1.875150217,-2.001297571,2.399761214,2.495902654,6,5,two_open_b
157.722437,0.132985799,-0.980821357,1.872278448,-1.993994232,2.401958221,2.505886526,6,5,two_open_b
157.746680,0.132313853,-0.981890407,1.871461155,-1.992016035,2.401398365,2.509510962,6,5,two_open_b
157.770922,0.131641907,-0.982959457,1.870643863,-1.990037837,2.400838509,2.513135398,6,5,two_open_b
157.795164,0.130727834,-0.984900555,1.869272107,-1.988741499,2.400186347,2.516187913,6,5,two_open_b
157.819407,0.129636736,-0.987479227,1.867494970,-1.987943684,2.399466698,2.518822283,6,5,two_open_b
157.843649,0.128545637,-0.990057900,1.865717833,-1.987145870,2.398747049,2.521456653,6,5,two_open_b
157.867892,0.127454539,-0.992636573,1.863940695,-1.986348055,2.398027400,2.524091023,6,5,two_open_b
157.892134,0.126653107,-0.994754393,1.862515881,-1.986403014,2.397549098,2.525162948,6,5,two_open_b
157.916377,0.126150185,-0.996397291,1.861454147,-1.987336782,2.397319509,2.524624729,6,5,two_open_b
157.940619,0.125731033,-0.997906914,1.860494301,-1.988517165,2.397159716,2.523634663,6,5,two_open_b
157.964861,0.125311880,-0.999416537,1.859534456,-1.989697548,2.396999923,2.522644596,6,5,two_open_b
157.989104,0.124927411,-1.001599036,1.857557833,-1.988658854,2.396277900,2.525306979,6,5,two_open_b
158.013346,0.124551661,-1.003950703,1.855325582,-1.987062261,2.395414528,2.528887625,6,5,two_open_b
158.037589,0.124418039,-1.005430323,1.853647794,-1.984783808,2.394643461,2.533040192,6,5,two_open_b
158.061831,0.124461442,-1.006272368,1.852375388,-1.982006832,2.393939882,2.537610904,6,5,two_open_b
158.086073,0.124504844,-1.007114412,1.851102982,-1.979229856,2.393236302,2.542181616,6,5,two_open_b
158.110316,0.124548247,-1.007956457,1.849830576,-1.976452879,2.392532723,2.546752328,6,5,two_open_b
158.134558,0.124591650,-1.008798502,1.848558170,-1.973675903,2.391829143,2.551323040,6,5,two_open_b
158.158801,0.124006140,-1.009888125,1.846501630,-1.970310934,2.392948318,2.557493066,6,5,two_open_b
158.183043,0.123031983,-1.011130744,1.843960524,-1.966582605,2.395193891,2.564651412,6,5,two_open_b
158.207286,0.122057826,-1.012373363,1.841419417,-1.962854276,2.397439464,2.571809758,6,5,two_open_b
158.231528,0.121048986,-1.012943105,1.839895089,-1.961345025,2.400247266,2.575315656,6,5,two_open_b
158.255770,0.120031426,-1.013343679,1.838626388,-1.960393672,2.403196418,2.577903291,6,5,two_open_b
158.280013,0.119013866,-1.013744253,1.837357688,-1.959442320,2.406145571,2.580490925,6,5,two_open_b
158.304255,0.117996307,-1.014144827,1.836088987,-1.958490968,2.409094723,2.583078559,6,5,two_open_b
158.328498,0.116978747,-1.014545401,1.834820287,-1.957539615,2.412043876,2.585666193,6,5,two_open_b
158.352740,0.115961187,-1.014945975,1.833551587,-1.956588263,2.414993028,2.588253827,6,5,two_open_b
158.376983,0.114943628,-1.015346549,1.832282886,-1.955636910,2.417942180,2.590841462,6,5,two_open_b
158.401225,0.114098237,-1.016366330,1.830283886,-1.956020094,2.420112667,2.592787125,6,5,two_open_b
158.425467,0.113641494,-1.017233116,1.828769452,-1.956766637,2.421156755,2.593744468,6,5,two_open_b
158.449710,0.113184750,-1.018099903,1.827255019,-1.957513180,2.422200843,2.594701811,6,5,two_open_b
158.473952,0.112728007,-1.018966689,1.825740585,-1.958259723,2.423244931,2.595659154,6,5,two_open_b
158.498195,0.112271263,-1.019833475,1.824226152,-1.959006266,2.424289020,2.596616498,6,5,two_open_b
158.522437,0.111814519,-1.020700261,1.822711719,-1.959752808,2.425333108,2.597573841,6,5,two_open_b
158.546680,0.111357776,-1.021567047,1.821197285,-1.960499351,2.426377196,2.598531184,6,5,two_open_b
158.570922,0.110901032,-1.022433834,1.819682852,-1.961245894,2.427421284,2.599488527,6,5,two_open_b
158.595164,0.110444289,-1.023300620,1.818168418,-1.961992437,2.428465372,2.600445870,6,5,two_open_b
158.619407,0.109987545,-1.024167406,1.816653985,-1.962738980,2.429509460,2.601403213,6,5,two_open_b
158.643649,0.109987545,-1.024167406,1.816653985,-1.962738980,2.429509460,2.601403213,6,5,two_open_b
158.667892,0.109987545,-1.024167406,1.816653985,-1.962738980,2.429509460,2.601403213,6,5,two_open_b
158.692134,0.108335742,-1.024141523,1.816189054,-1.964632796,2.434084693,2.603377124,6,5,two_open_b
158.716377,0.106062915,-1.024105909,1.815549325,-1.967238626,2.440380067,2.606093162,6,5,two_open_b
158.740619,0.103790087,-1.024070295,1.814909595,-1.969844455,2.446675441,2.608809200,6,5,two_open_b
158.764861,0.101517260,-1.024034680,1.814269866,-1.972450285,2.452970815,2.611525239,6,5,two_open_b
158.789104,0.099244432,-1.023999066,1.813630136,-1.975056115,2.459266189,2.614241277,6,5,two_open_b
158.813346,0.096971605,-1.023963452,1.812990407,-1.977661945,2.465561562,2.616957315,6,5,two_open_b
158.837589,0.094698777,-1.023927838,1.812350677,-1.980267775,2.471856936,2.619673353,6,5,two_open_b
158.861831,0.092425950,-1.023892224,1.811710948,-1.982873604,2.478152310,2.622389391,6,5,two_open_b
158.886073,0.090153122,-1.023856609,1.811071218,-1.985479434,2.484447684,2.625105430,6,5,two_open_b
158.910316,0.087880295,-1.023820995,1.810431489,-1.988085264,2.490743058,2.627821468,6,5,two_open_b
158.934558,0.087259270,-1.023811264,1.810256690,-1.988797278,2.492463199,2.628563595,6,5,two_open_b
158.958801,0.087259270,-1.023811264,1.810256690,-1.988797278,2.492463199,2.628563595,6,5,two_open_b
158.983043,0.087259270,-1.023811264,1.810256690,-1.988797278,2.492463199,2.628563595,6,5,two_open_b
159.007286,0.087259270,-1.023811264,1.810256690,-1.988797278,2.492463199,2.628563595,6,5,two_open_b
159.031528,0.087259270,-1.023811264,1.810256690,-1.988797278,2.492463199,2.628563595,6,5,two_open_b
159.055770,0.087259270,-1.023811264,1.810256690,-1.988797278,2.492463199,2.628563595,6,5,two_open_b
159.080013,0.087259270,-1.023811264,1.810256690,-1.988797278,2.492463199,2.628563595,6,5,two_open_b
159.104255,0.087259270,-1.023811264,1.810256690,-1.988797278,2.492463199,2.628563595,6,5,two_open_b
159.128498,0.087259270,-1.023811264,1.810256690,-1.988797278,2.492463199,2.628563595,6,5,two_open_b
159.152740,0.087259270,-1.023811264,1.810256690,-1.988797278,2.492463199,2.628563595,6,5,two_open_b
159.176983,0.087259270,-1.023811264,1.810256690,-1.988797278,2.492463199,2.628563595,6,5,two_open_b
159.201225,0.087259270,-1.023811264,1.810256690,-1.988797278,2.492463199,2.628563595,6,5,two_open_b
159.225467,0.087259270,-1.023811264,1.810256690,-1.988797278,2.492463199,2.628563595,6,5,two_open_b
159.249710,0.087259270,-1.023811264,1.810256690,-1.988797278,2.492463199,2.628563595,6,5,two_open_b
159.273952,0.087259270,-1.023811264,1.810256690,-1.988797278,2.492463199,2.628563595,6,5,two_open_b
159.298195,0.087259270,-1.023811264,1.810256690,-1.988797278,2.492463199,2.628563595,6,5,two_open_b
159.322437,0.087259270,-1.023811264,1.810256690,-1.988797278,2.492463199,2.628563595,6,5,two_open_b
159.346680,0.087259270,-1.023811264,1.810256690,-1.988797278,2.492463199,2.628563595,6,5,two_open_b
159.370922,0.087259270,-1.023811264,1.810256690,-1.988797278,2.492463199,2.628563595,6,5,two_open_b
159.395164,0.087259270,-1.023811264,1.810256690,-1.988797278,2.492463199,2.628563595,6,5,two_open_b
159.419407,0.087259270,-1.023811264,1.810256690,-1.988797278,2.492463199,2.628563595,6,5,two_open_b
159.443649,0.087259270,-1.023811264,1.810256690,-1.988797278,2.492463199,2.628563595,6,5,two_open_b
159.467892,0.087259270,-1.023811264,1.810256690,-1.988797278,2.492463199,2.628563595,6,5,two_open_b
159.492134,0.087259270,-1.023811264,1.810256690,-1.988797278,2.492463199,2.628563595,6,5,two_open_b
159.516377,0.087259270,-1.023811264,1.810256690,-1.988797278,2.492463199,2.628563595,6,5,two_open_b
159.540619,0.087259270,-1.023811264,1.810256690,-1.988797278,2.492463199,2.628563595,6,5,two_open_b
159.564861,0.087259270,-1.023811264,1.810256690,-1.988797278,2.492463199,2.628563595,6,5,two_open_b
159.589104,0.087259270,-1.023811264,1.810256690,-1.988797278,2.492463199,2.628563595,6,5,two_open_b
159.613346,0.087259270,-1.023811264,1.810256690,-1.988797278,2.492463199,2.628563595,6,5,two_open_b
159.637589,0.087259270,-1.023811264,1.810256690,-1.988797278,2.492463199,2.628563595,6,5,two_open_b
159.661831,0.087259270,-1.023811264,1.810256690,-1.988797278,2.492463199,2.628563595,6,5,two_open_b
159.686073,0.087259270,-1.023811264,1.810256690,-1.988797278,2.492463199,2.628563595,6,5,two_open_b
159.710316,0.087259270,-1.023811264,1.810256690,-1.988797278,2.492463199,2.628563595,6,5,two_open_b
159.734558,0.087259270,-1.023811264,1.810256690,-1.988797278,2.492463199,2.628563595,6,5,two_open_b
159.758801,0.087259270,-1.023811264,1.810256690,-1.988797278,2.492463199,2.628563595,6,5,two_open_b
159.783043,0.087259270,-1.023811264,1.810256690,-1.988797278,2.492463199,2.628563595,6,5,two_open_b
159.807286,0.087259270,-1.023811264,1.810256690,-1.988797278,2.492463199,2.628563595,6,5,two_open_b
159.831528,0.087259270,-1.023811264,1.810256690,-1.988797278,2.492463199,2.628563595,6,5,two_open_b
159.855770,0.087259270,-1.023811264,1.810256690,-1.988797278,2.492463199,2.628563595,6,5,two_open_b
159.880013,0.087259270,-1.023811264,1.810256690,-1.988797278,2.492463199,2.628563595,6,5,two_open_b
159.904255,0.087259270,-1.023811264,1.810256690,-1.988797278,2.492463199,2.628563595,6,5,two_open_b
159.928498,0.087259270,-1.023811264,1.810256690,-1.988797278,2.492463199,2.628563595,6,5,two_open_b
159.952740,0.087259270,-1.023811264,1.810256690,-1.988797278,2.492463199,2.628563595,6,5,two_open_b
159.976983,0.087259270,-1.023811264,1.810256690,-1.988797278,2.492463199,2.628563595,6,5,two_open_b
160.001225,0.087259270,-1.023811264,1.810256690,-1.988797278,2.492463199,2.628563595,6,5,two_open_b
160.025467,0.087259270,-1.023811264,1.810256690,-1.988797278,2.492463199,2.628563595,6,5,two_open_b
160.049710,0.087259270,-1.023811264,1.810256690,-1.988797278,2.492463199,2.628563595,6,5,two_open_b
160.073952,0.087259270,-1.023811264,1.810256690,-1.988797278,2.492463199,2.628563595,6,5,two_open_b
160.098195,0.087259270,-1.023811264,1.810256690,-1.988797278,2.492463199,2.628563595,6,5,two_open_b
160.122437,0.087259270,-1.023811264,1.810256690,-1.988797278,2.492463199,2.628563595,6,5,two_open_b
160.146680,0.087259270,-1.023811264,1.810256690,-1.988797278,2.492463199,2.628563595,6,5,two_open_b
160.170922,0.087259270,-1.023811264,1.810256690,-1.988797278,2.492463199,2.628563595,6,5,two_open_b
160.195164,0.087259270,-1.023811264,1.810256690,-1.988797278,2.492463199,2.628563595,6,5,two_open_b
160.219407,0.087259270,-1.023811264,1.810256690,-1.988797278,2.492463199,2.628563595,6,5,two_open_b
160.243649,0.087259270,-1.023811264,1.810256690,-1.988797278,2.492463199,2.628563595,6,5,two_open_b
160.267892,0.087259270,-1.023811264,1.810256690,-1.988797278,2.492463199,2.628563595,6,5,two_open_b
160.292134,0.087259270,-1.023811264,1.810256690,-1.988797278,2.492463199,2.628563595,6,5,two_open_b
160.316377,0.087259270,-1.023811264,1.810256690,-1.988797278,2.492463199,2.628563595,6,5,two_open_b
160.340619,0.087259270,-1.023811264,1.810256690,-1.988797278,2.492463199,2.628563595,6,5,two_open_b
160.364861,0.087259270,-1.023811264,1.810256690,-1.988797278,2.492463199,2.628563595,6,5,two_open_b
160.389104,0.087259270,-1.023811264,1.810256690,-1.988797278,2.492463199,2.628563595,6,5,two_open_b
160.413346,0.087259270,-1.023811264,1.810256690,-1.988797278,2.492463199,2.628563595,6,5,two_open_b
160.437589,0.087259270,-1.023811264,1.810256690,-1.988797278,2.492463199,2.628563595,6,5,two_open_b
160.461831,0.087259270,-1.023811264,1.810256690,-1.988797278,2.492463199,2.628563595,6,5,two_open_b
160.486073,0.087259270,-1.023811264,1.810256690,-1.988797278,2.492463199,2.628563595,6,5,two_open_b
160.510316,0.087259270,-1.023811264,1.810256690,-1.988797278,2.492463199,2.628563595,6,5,two_open_b
160.534558,0.087259270,-1.023811264,1.810256690,-1.988797278,2.492463199,2.628563595,6,5,two_open_b
160.558801,0.087259270,-1.023811264,1.810256690,-1.988797278,2.492463199,2.628563595,6,5,two_open_b
160.583043,0.087259270,-1.023811264,1.810256690,-1.988797278,2.492463199,2.628563595,6,5,two_open_b
160.607286,0.087259270,-1.023811264,1.810256690,-1.988797278,2.492463199,2.628563595,6,5,two_open_b
160.631528,0.087259270,-1.023811264,1.810256690,-1.988797278,2.492463199,2.628563595,6,5,two_open_b
160.655770,0.087259270,-1.023811264,1.810256690,-1.988797278,2.492463199,2.628563595,6,5,two_open_b
160.680013,0.087259270,-1.023811264,1.810256690,-1.988797278,2.492463199,2.628563595,6,5,two_open_b
160.704255,0.087259270,-1.023811264,1.810256690,-1.988797278,2.492463199,2.628563595,6,5,two_open_b
160.728498,0.087259270,-1.023811264,1.810256690,-1.988797278,2.492463199,2.628563595,6,5,two_open_b
160.752740,0.087259270,-1.023811264,1.810256690,-1.988797278,2.492463199,2.628563595,6,5,two_open_b
160.776983,0.087259270,-1.023811264,1.810256690,-1.988797278,2.492463199,2.628563595,6,5,two_open_b
160.801225,0.087259270,-1.023811264,1.810256690,-1.988797278,2.492463199,2.628563595,6,5,two_open_b
160.825467,0.087259270,-1.023811264,1.810256690,-1.988797278,2.492463199,2.628563595,6,5,two_open_b
160.849710,0.087259270,-1.023811264,1.810256690,-1.988797278,2.492463199,2.628563595,6,5,two_open_b
160.873952,0.087259270,-1.023811264,1.810256690,-1.988797278,2.492463199,2.628563595,6,5,two_open_b
160.898195,0.087259270,-1.023811264,1.810256690,-1.988797278,2.492463199,2.628563595,6,5,two_open_b
160.922437,0.087259270,-1.023811264,1.810256690,-1.988797278,2.492463199,2.628563595,6,5,two_open_b
160.946680,0.087259270,-1.023811264,1.810256690,-1.988797278,2.492463199,2.628563595,6,5,two_open_b
160.970922,0.087259270,-1.023811264,1.810256690,-1.988797278,2.492463199,2.628563595,6,5,two_open_b
160.995164,0.087259270,-1.023811264,1.810256690,-1.988797278,2.492463199,2.628563595,6,5,two_open_b
161.019407,0.087259270,-1.023811264,1.810256690,-1.988797278,2.492463199,2.628563595,6,5,two_open_b
161.043649,0.087259270,-1.023811264,1.810256690,-1.988797278,2.492463199,2.628563595,6,5,two_open_b
161.067892,0.087259270,-1.023811264,1.810256690,-1.988797278,2.492463199,2.628563595,6,5,two_open_b
161.092134,0.087259270,-1.023811264,1.810256690,-1.988797278,2.492463199,2.628563595,6,5,two_open_b
161.116377,0.087634142,-1.023804252,1.810502839,-1.988411099,2.492008228,2.627927519,6,5,two_open_b
161.140619,0.089029400,-1.023778151,1.811418994,-1.986973757,2.490314844,2.625560071,6,5,two_open_b
161.164861,0.090424657,-1.023752051,1.812335149,-1.985536416,2.488621461,2.623192623,6,5,two_open_b
161.189104,0.091819915,-1.023725951,1.813251304,-1.984099074,2.486928077,2.620825175,6,5,two_open_b
161.213346,0.093215172,-1.023699851,1.814167459,-1.982661733,2.485234693,2.618457727,6,5,two_open_b
161.237589,0.094610430,-1.023673751,1.815083614,-1.981224391,2.483541310,2.616090279,6,5,two_open_b
161.261831,0.096005688,-1.023647650,1.815999769,-1.979787049,2.481847926,2.613722832,6,5,two_open_b
161.286073,0.097400945,-1.023621550,1.816915924,-1.978349708,2.480154543,2.611355384,6,5,two_open_b
161.310316,0.098796203,-1.023595450,1.817832080,-1.976912366,2.478461159,2.608987936,6,5,two_open_b
161.334558,0.100191460,-1.023569350,1.818748235,-1.975475025,2.476767775,2.606620488,6,5,two_open_b
161.358801,0.101211846,-1.023550262,1.819418241,-1.974423862,2.475529363,2.604889116,6,5,two_open_b
161.383043,0.101211846,-1.023550262,1.819418241,-1.974423862,2.475529363,2.604889116,6,5,two_open_b
161.407286,0.101211846,-1.023550262,1.819418241,-1.974423862,2.475529363,2.604889116,6,5,two_open_b
161.431528,0.101211846,-1.023550262,1.819418241,-1.974423862,2.475529363,2.604889116,6,5,two_open_b
161.455770,0.101211846,-1.023550262,1.819418241,-1.974423862,2.475529363,2.604889116,6,5,two_open_b
161.480013,0.101211846,-1.023550262,1.819418241,-1.974423862,2.475529363,2.604889116,6,5,two_open_b
161.504255,0.101211846,-1.023550262,1.819418241,-1.974423862,2.475529363,2.604889116,6,5,two_open_b
161.528498,0.101211846,-1.023550262,1.819418241,-1.974423862,2.475529363,2.604889116,6,5,two_open_b
161.552740,0.101211846,-1.023550262,1.819418241,-1.974423862,2.475529363,2.604889116,6,5,two_open_b
161.576983,0.101211846,-1.023550262,1.819418241,-1.974423862,2.475529363,2.604889116,6,5,two_open_b
161.601225,0.101211846,-1.023550262,1.819418241,-1.974423862,2.475529363,2.604889116,6,5,two_open_b
161.625467,0.101211846,-1.023550262,1.819418241,-1.974423862,2.475529363,2.604889116,6,5,two_open_b
161.649710,0.101211846,-1.023550262,1.819418241,-1.974423862,2.475529363,2.604889116,6,5,two_open_b
161.673952,0.101211846,-1.023550262,1.819418241,-1.974423862,2.475529363,2.604889116,6,5,two_open_b
161.698195,0.101211846,-1.023550262,1.819418241,-1.974423862,2.475529363,2.604889116,6,5,two_open_b
161.722437,0.101211846,-1.023550262,1.819418241,-1.974423862,2.475529363,2.604889116,6,5,two_open_b
161.746680,0.101211846,-1.023550262,1.819418241,-1.974423862,2.475529363,2.604889116,6,5,two_open_b
161.770922,0.102300443,-1.025838605,1.821735849,-1.980667022,2.472058807,2.594884931,6,5,two_open_b
161.795164,0.103638629,-1.028651609,1.824584826,-1.988341584,2.467792539,2.582587034,6,5,two_open_b
161.819407,0.104976815,-1.031464613,1.827433804,-1.996016146,2.463526271,2.570289137,6,5,two_open_b
161.843649,0.106315001,-1.034277617,1.830282782,-2.003690708,2.459260003,2.557991240,6,5,two_open_b
161.867892,0.107653187,-1.037090621,1.833131760,-2.011365270,2.454993735,2.545693342,6,5,two_open_b
161.892134,0.108991373,-1.039903625,1.835980738,-2.019039832,2.450727466,2.533395445,6,5,two_open_b
161.916377,0.110329559,-1.042716629,1.838829715,-2.026714394,2.446461198,2.521097548,6,5,two_open_b
161.940619,0.111667745,-1.045529633,1.841678693,-2.034388956,2.442194930,2.508799651,6,5,two_open_b
161.964861,0.113005931,-1.048342637,1.844527671,-2.042063518,2.437928662,2.496501754,6,5,two_open_b
161.989104,0.114344117,-1.051155640,1.847376649,-2.049738080,2.433662394,2.484203856,6,5,two_open_b
162.013346,0.115058014,-1.051842048,1.849693042,-2.052293408,2.431570126,2.479958112,6,5,two_open_b
162.037589,0.115632573,-1.052042202,1.851901915,-2.053684208,2.429965708,2.477542574,6,5,two_open_b
162.061831,0.116207132,-1.052242356,1.854110788,-2.055075009,2.428361289,2.475127037,6,5,two_open_b
162.086073,0.116781691,-1.052442510,1.856319661,-2.056465809,2.426756870,2.472711499,6,5,two_open_b
162.110316,0.117356250,-1.052642663,1.858528534,-2.057856609,2.425152451,2.470295961,6,5,two_open_b
162.134558,0.117930808,-1.052842817,1.860737407,-2.059247410,2.423548032,2.467880423,6,5,two_open_b
162.158801,0.118505367,-1.053042971,1.862946280,-2.060638210,2.421943613,2.465464885,6,5,two_open_b
162.183043,0.116765539,-1.049061419,1.861852596,-2.049994057,2.429672227,2.474638327,6,5,two_open_b
162.207286,0.115025712,-1.045079866,1.860758911,-2.039349905,2.437400841,2.483811770,6,5,two_open_b
162.231528,0.114638380,-1.044617426,1.862557519,-2.040132390,2.437629854,2.480596252,6,5,two_open_b
162.255770,0.113786739,-1.043993238,1.862571103,-2.039790949,2.439155422,2.479332766,6,5,two_open_b
162.280013,0.112824849,-1.043330644,1.862160838,-2.039182634,2.440988853,2.478532787,6,5,two_open_b
162.304255,0.111862959,-1.042668050,1.861750573,-2.038574319,2.442822285,2.477732807,6,5,two_open_b
162.328498,0.110901068,-1.042005456,1.861340307,-2.037966004,2.444655717,2.476932827,6,5,two_open_b
162.352740,0.109939178,-1.041342862,1.860930042,-2.037357689,2.446489148,2.476132848,6,5,two_open_b
162.376983,0.108293082,-1.038680777,1.860782977,-2.032526439,2.451147097,2.479510306,6,5,two_open_b
162.401225,0.106491899,-1.035565474,1.860695570,-2.026737991,2.456445270,2.483834650,6,5,two_open_b
162.425467,0.107005103,-1.036631877,1.863910722,-2.032984495,2.452410409,2.476570015,6,5,two_open_b
162.449710,0.107518306,-1.037698280,1.867125873,-2.039230999,2.448375549,2.469305379,6,5,two_open_b
162.473952,0.106765388,-1.035340127,1.868176303,-2.035139303,2.450903775,2.472864651,6,5,two_open_b
162.498195,0.106118761,-1.033098332,1.870122068,-2.032387015,2.452279545,2.474498004,6,5,two_open_b
162.522437,0.105578425,-1.030972895,1.872963167,-2.030974136,2.452502858,2.474205436,6,5,two_open_b
162.546680,0.105144380,-1.028963816,1.876699601,-2.030900665,2.451573715,2.471986947,6,5,two_open_b
162.570922,0.104713390,-1.026958083,1.880461776,-2.030865703,2.450611439,2.469713089,6,5,two_open_b
162.595164,0.104282401,-1.024952349,1.884223950,-2.030830740,2.449649164,2.467439230,6,5,two_open_b
162.619407,0.104535617,-1.024946106,1.887722925,-2.035018713,2.445862371,2.460987933,6,5,two_open_b
162.643649,0.104943920,-1.025393082,1.891162240,-2.040163884,2.441435354,2.453589751,6,5,two_open_b
162.667892,0.105352223,-1.025840057,1.894601556,-2.045309055,2.437008337,2.446191568,6,5,two_open_b
162.692134,0.105760526,-1.026287032,1.898040871,-2.050454227,2.432581320,2.438793385,6,5,two_open_b
162.716377,0.106082455,-1.026639452,1.900752616,-2.054510961,2.429090818,2.432960254,6,5,two_open_b
162.740619,0.106298092,-1.026875513,1.902569026,-2.057228286,2.426752773,2.429053043,6,5,two_open_b
162.764861,0.106407439,-1.026995217,1.903490101,-2.058606203,2.425567183,2.427071752,6,5,two_open_b
162.789104,0.106410495,-1.026998562,1.903515842,-2.058644711,2.425534050,2.427016382,6,5,two_open_b
162.813346,0.106222558,-1.026228483,1.904522255,-2.058270280,2.425254121,2.426519618,6,5,two_open_b
162.837589,0.105767520,-1.024363949,1.906959009,-2.057363697,2.424576351,2.425316840,6,5,two_open_b
162.861831,0.104799693,-1.020597632,1.911037902,-2.054744783,2.423360486,2.424115692,6,5,two_open_b
162.886073,0.103831866,-1.016831315,1.915116795,-2.052125870,2.422144621,2.422914545,6,5,two_open_b
162.910316,0.102699332,-1.012010247,1.919120292,-2.047414537,2.420983741,2.423191731,6,5,two_open_b
162.934558,0.101211757,-1.004915546,1.922961267,-2.038192762,2.419941389,2.426655631,6,5,two_open_b
162.958801,0.099724181,-0.997820844,1.926802241,-2.028970988,2.418899036,2.430119530,6,5,two_open_b
162.983043,0.098236606,-0.990726143,1.930643215,-2.019749214,2.417856684,2.433583429,6,5,two_open_b
163.007286,0.096749030,-0.983631441,1.934484189,-2.010527439,2.416814331,2.437047329,6,5,two_open_b
163.031528,0.095261455,-0.976536740,1.938325164,-2.001305665,2.415771978,2.440511228,6,5,two_open_b
163.055770,0.093456240,-0.968598092,1.941073842,-1.989465744,2.415311408,2.446943401,6,5,two_open_b
163.080013,0.091223296,-0.959535690,1.942274146,-1.974045170,2.415663528,2.457478268,6,5,two_open_b
163.104255,0.088467500,-0.949820630,1.941908324,-1.956126831,2.416808785,2.472164465,6,5,two_open_b
163.128498,0.085208519,-0.938866436,1.941527360,-1.936279888,2.417830812,2.488485319,6,5,two_open_b
163.152740,0.081782459,-0.928149939,1.941211806,-1.917253692,2.418716600,2.504405693,6,5,two_open_b
163.176983,0.078706132,-0.919699084,1.941060735,-1.902736094,2.419467445,2.517138552,6,5,two_open_b
163.201225,0.075111986,-0.910468445,1.941100779,-1.888038779,2.418616837,2.529793196,6,5,two_open_b
163.225467,0.071402049,-0.901064959,1.941185865,-1.873311996,2.417393791,2.542416482,6,5,two_open_b
163.249710,0.068253972,-0.893327289,1.942306186,-1.864556717,2.410184122,2.547651417,6,5,two_open_b
163.273952,0.065105896,-0.885589619,1.943426506,-1.855801437,2.402974453,2.552886353,6,5,two_open_b
163.298195,0.060736809,-0.880025749,1.946035784,-1.855885951,2.396866060,2.550349224,6,5,two_open_b
163.322437,0.056913247,-0.876728495,1.948884425,-1.860588906,2.390464155,2.543957048,6,5,two_open_b
163.346680,0.052302498,-0.875156316,1.952025397,-1.870413226,2.385649210,2.532972414,6,5,two_open_b
163.370922,0.048194933,-0.874823271,1.955181511,-1.882166150,2.380957494,2.520353123,6,5,two_open_b
163.395164,0.044419154,-0.875307280,1.958347609,-1.895190747,2.376347032,2.506655978,6,5,two_open_b
163.419407,0.039496454,-0.875268215,1.961278866,-1.908332525,2.370475103,2.492620529,6,5,two_open_b
163.443649,0.035091573,-0.876008933,1.964019008,-1.921654021,2.366204627,2.478663295,6,5,two_open_b
163.467892,0.030031219,-0.877079003,1.966598811,-1.935824915,2.361496576,2.463803743,6,5,two_open_b
163.492134,0.023855638,-0.876595546,1.968060655,-1.944612590,2.362193977,2.455662646,6,5,two_open_b
163.516377,0.017680056,-0.876112089,1.969522500,-1.953400265,2.362891378,2.447521548,6,5,two_open_b
163.540619,0.013231059,-0.875068858,1.969581271,-1.956340726,2.362185649,2.444681006,6,5,two_open_b
163.564861,0.007323510,-0.875017253,1.969510567,-1.961868128,2.361317433,2.438795798,6,5,two_open_b
163.589104,0.003238790,-0.875795012,1.969071519,-1.966484262,2.358607216,2.433350087,6,5,two_open_b
163.613346,-0.000845931,-0.876572771,1.968632472,-1.971100397,2.355896999,2.427904377,6,5,two_open_b
163.637589,-0.004930651,-0.877350530,1.968193425,-1.975716531,2.353186782,2.422458667,6,5,two_open_b
163.661831,-0.009120184,-0.880238402,1.967768349,-1.983023689,2.350876178,2.414684416,6,5,two_open_b
163.686073,-0.013309716,-0.883126274,1.967343273,-1.990330846,2.348565575,2.406910164,6,5,two_open_b
163.710316,-0.016727985,-0.885857641,1.967033493,-1.996818074,2.347064985,2.400069589,6,5,two_open_b
163.734558,-0.019824178,-0.888037260,1.965278129,-1.999126398,2.345913554,2.397436589,6,5,two_open_b
163.758801,-0.023301871,-0.889492023,1.961001927,-1.995512252,2.344379435,2.400638740,6,5,two_open_b
163.783043,-0.026779564,-0.890946786,1.956725725,-1.991898105,2.342845316,2.403840892,6,5,two_open_b
163.807286,-0.030327502,-0.891724036,1.952185877,-1.984478364,2.344558950,2.411696420,6,5,two_open_b
163.831528,-0.034096405,-0.892549021,1.947610241,-1.976964737,2.346694815,2.419703420,6,5,two_open_b
163.855770,-0.037865308,-0.893374007,1.943034605,-1.969451110,2.348830679,2.427710420,6,5,two_open_b
163.880013,-0.041634211,-0.894198992,1.938458969,-1.961937483,2.350966544,2.435717420,6,5,two_open_b
163.904255,-0.044146072,-0.893444930,1.934102244,-1.951617493,2.353980677,2.446392067,6,5,two_open_b
163.928498,-0.047694568,-0.893492804,1.929634578,-1.942101733,2.358767396,2.457185183,6,5,two_open_b
163.952740,-0.052055356,-0.894169063,1.925079978,-1.933216155,2.364943087,2.468071129,6,5,two_open_b
163.976983,-0.056184851,-0.895284780,1.922053687,-1.927921195,2.371350790,2.475419397,6,5,two_open_b
164.001225,-0.060729010,-0.898117381,1.921533450,-1.929982090,2.379895621,2.476586504,6,5,two_open_b
164.025467,-0.065774390,-0.901574512,1.921003905,-1.932945368,2.389544957,2.477535781,6,5,two_open_b
164.049710,-0.069141666,-0.904669124,1.920746152,-1.936621661,2.395987690,2.477334714,6,5,two_open_b
164.073952,-0.072287977,-0.907716001,1.920524186,-1.940391839,2.402008193,2.476982175,6,5,two_open_b
164.098195,-0.075434288,-0.910762877,1.920302221,-1.944162018,2.408028696,2.476629636,6,5,two_open_b
164.122437,-0.078580599,-0.913809754,1.920080255,-1.947932196,2.414049199,2.476277097,6,5,two_open_b
164.146680,-0.082012896,-0.917313733,1.919807251,-1.951956725,2.421297534,2.475832624,6,5,two_open_b
164.170922,-0.084823690,-0.920679294,1.919571101,-1.955546233,2.428555576,2.475136232,6,5,two_open_b
164.195164,-0.086822191,-0.923416470,1.919421884,-1.958505558,2.434424646,2.474347010,6,5,two_open_b
164.219407,-0.088820693,-0.926153646,1.919272666,-1.961464883,2.440293716,2.473557788,6,5,two_open_b
164.243649,-0.090023032,-0.927898795,1.919138233,-1.962990826,2.444408346,2.473114574,6,5,two_open_b
164.267892,-0.090785019,-0.929444655,1.918989001,-1.964001345,2.448071185,2.472592795,6,5,two_open_b
164.292134,-0.091707488,-0.932111651,1.918776218,-1.966032076,2.453454885,2.471289581,6,5,two_open_b
164.316377,-0.092629956,-0.934778646,1.918563435,-1.968062806,2.458838586,2.469986366,6,5,two_open_b
164.340619,-0.093552425,-0.937445641,1.918350652,-1.970093536,2.464222286,2.468683151,6,5,two_open_b
164.364861,-0.094474893,-0.940112637,1.918137869,-1.972124267,2.469605986,2.467379937,6,5,two_open_b
164.389104,-0.095104270,-0.942358530,1.917988393,-1.973971422,2.473752421,2.466108278,6,5,two_open_b
164.413346,-0.094664335,-0.947254921,1.919042335,-1.981964650,2.475248175,2.459411817,6,5,two_open_b
164.437589,-0.094224400,-0.952151312,1.920096277,-1.989957878,2.476743928,2.452715356,6,5,two_open_b
164.461831,-0.090710398,-0.961640170,1.924157878,-2.006872842,2.466509624,2.434051367,6,5,two_open_b
164.486073,-0.083484567,-0.970912359,1.927265170,-2.016267892,2.445307760,2.420162923,6,5,two_open_b
164.510316,-0.076197865,-0.979759307,1.930396567,-2.025275980,2.423453182,2.406570873,6,5,two_open_b
164.534558,-0.068750682,-0.987485120,1.933591516,-2.033263857,2.399877744,2.393760259,6,5,two_open_b
164.558801,-0.061303498,-0.995210933,1.936786464,-2.041251734,2.376302305,2.380949645,6,5,two_open_b
164.583043,-0.053770297,-1.003634357,1.938470641,-2.047455468,2.354882203,2.368997438,6,5,two_open_b
164.607286,-0.046237095,-1.012057782,1.940154818,-2.053659203,2.333462102,2.357045232,6,5,two_open_b
164.631528,-0.038711000,-1.020445207,1.941826726,-2.059792162,2.312051433,2.345153404,6,5,two_open_b
164.655770,-0.032630654,-1.025322080,1.940535788,-2.055784213,2.296167990,2.342660991,6,5,two_open_b
164.680013,-0.026550309,-1.030198953,1.939244849,-2.051776264,2.280284547,2.340168577,6,5,two_open_b
164.704255,-0.023544030,-1.030483360,1.934946252,-2.038846579,2.276131163,2.349643692,6,5,two_open_b
164.728498,-0.024249581,-1.030984434,1.931601963,-2.033436809,2.282945336,2.354343262,6,5,two_open_b
164.752740,-0.025201507,-1.032560049,1.927953310,-2.027707665,2.292188185,2.359521628,6,5,two_open_b
164.776983,-0.026153433,-1.034135664,1.924304656,-2.021978520,2.301431034,2.364699993,6,5,two_open_b
164.801225,-0.027105358,-1.035711279,1.920656003,-2.016249376,2.310673883,2.369878359,6,5,two_open_b
164.825467,-0.028143303,-1.036589282,1.918518121,-2.012304375,2.317761394,2.374198317,6,5,two_open_b
164.849710,-0.029181247,-1.037467285,1.916380240,-2.008359375,2.324848905,2.378518275,6,5,two_open_b
164.873952,-0.030219191,-1.038345288,1.914242359,-2.004414374,2.331936416,2.382838232,6,5,two_open_b
164.898195,-0.030331642,-1.039854536,1.913947443,-2.004049196,2.333892023,2.382818294,6,5,two_open_b
164.922437,-0.030292617,-1.041855466,1.913663213,-2.003632212,2.335312561,2.382234258,6,5,two_open_b
164.946680,-0.030102116,-1.044348078,1.913389671,-2.003163421,2.336198029,2.381086123,6,5,two_open_b
164.970922,-0.029760139,-1.047332371,1.913126815,-2.002642824,2.336548428,2.379373889,6,5,two_open_b
164.995164,-0.029133747,-1.049365597,1.913171008,-2.002428590,2.334335783,2.377041201,6,5,two_open_b
165.019407,-0.028507355,-1.051398824,1.913215200,-2.002214357,2.332123138,2.374708513,6,5,two_open_b
165.043649,-0.027880963,-1.053432051,1.913259393,-2.002000123,2.329910493,2.372375824,6,5,two_open_b
165.067892,-0.027254571,-1.055465278,1.913303586,-2.001785890,2.327697848,2.370043136,6,5,two_open_b
165.092134,-0.026628180,-1.057498505,1.913347778,-2.001571656,2.325485203,2.367710448,6,5,two_open_b
165.116377,-0.026001788,-1.059531731,1.913391971,-2.001357423,2.323272558,2.365377760,6,5,two_open_b
165.140619,-0.025509320,-1.061130250,1.913426715,-2.001188993,2.321532981,2.363543805,6,5,two_open_b
165.164861,-0.025168328,-1.062237087,1.913450773,-2.001072370,2.320328473,2.362273949,6,5,two_open_b
165.189104,-0.024978812,-1.062852242,1.913464143,-2.001007553,2.319659034,2.361568191,6,5,two_open_b
165.213346,-0.024940773,-1.062975716,1.913466827,-2.000994543,2.319524665,2.361426532,6,5,two_open_b
165.237589,-0.024940773,-1.062975716,1.913466827,-2.000994543,2.319524665,2.361426532,6,5,two_open_b
165.261831,-0.024940773,-1.062975716,1.913466827,-2.000994543,2.319524665,2.361426532,6,5,two_open_b
165.286073,-0.024940773,-1.062975716,1.913466827,-2.000994543,2.319524665,2.361426532,6,5,two_open_b
165.310316,-0.024940773,-1.062975716,1.913466827,-2.000994543,2.319524665,2.361426532,6,5,two_open_b
165.334558,-0.024940773,-1.062975716,1.913466827,-2.000994543,2.319524665,2.361426532,6,5,two_open_b
165.358801,-0.024940773,-1.062975716,1.913466827,-2.000994543,2.319524665,2.361426532,6,5,two_open_b
165.383043,-0.024940773,-1.062975716,1.913466827,-2.000994543,2.319524665,2.361426532,6,5,two_open_b
165.407286,-0.024940773,-1.062975716,1.913466827,-2.000994543,2.319524665,2.361426532,6,5,two_open_b
165.431528,-0.024940773,-1.062975716,1.913466827,-2.000994543,2.319524665,2.361426532,6,5,two_open_b
165.455770,-0.024940773,-1.062975716,1.913466827,-2.000994543,2.319524665,2.361426532,6,5,two_open_b
165.480013,-0.024940773,-1.062975716,1.913466827,-2.000994543,2.319524665,2.361426532,6,5,two_open_b
165.504255,-0.024940773,-1.062975716,1.913466827,-2.000994543,2.319524665,2.361426532,6,5,two_open_b
165.528498,-0.025450381,-1.061581642,1.912196876,-1.998378621,2.325367248,2.363339584,6,5,two_open_b
165.552740,-0.026418790,-1.058932480,1.909783586,-1.993407580,2.336469920,2.366974961,6,5,two_open_b
165.576983,-0.024865959,-1.060497053,1.910299586,-1.999002560,2.337391461,2.358281073,6,5,two_open_b
165.601225,-0.023313127,-1.062061625,1.910815586,-2.004597541,2.338313002,2.349587185,6,5,two_open_b
165.625467,-0.021760296,-1.063626198,1.911331586,-2.010192521,2.339234543,2.340893296,6,5,two_open_b
165.649710,-0.020207464,-1.065190771,1.911847586,-2.015787502,2.340156084,2.332199408,6,5,two_open_b
165.673952,-0.018654633,-1.066755343,1.912363586,-2.021382482,2.341077625,2.323505520,6,5,two_open_b
165.698195,-0.017101801,-1.068319916,1.912879586,-2.026977462,2.341999166,2.314811631,6,5,two_open_b
165.722437,-0.015548970,-1.069884488,1.913395587,-2.032572443,2.342920707,2.306117743,6,5,two_open_b
165.746680,-0.013996138,-1.071449061,1.913911587,-2.038167423,2.343842248,2.297423855,6,5,two_open_b
165.770922,-0.011933699,-1.074407708,1.915697538,-2.046378325,2.338921206,2.286816914,6,5,two_open_b
165.795164,-0.006056382,-1.080875788,1.920838228,-2.059658213,2.318570342,2.269001359,6,5,two_open_b
165.819407,-0.002700307,-1.083130134,1.923049628,-2.062372078,2.308400611,2.263515069,6,5,two_open_b
165.843649,0.000655769,-1.085384480,1.925261027,-2.065085944,2.298230879,2.258028779,6,5,two_open_b
165.867892,0.004011845,-1.087638826,1.927472427,-2.067799809,2.288061148,2.252542489,6,5,two_open_b
165.892134,0.007367920,-1.089893172,1.929683827,-2.070513675,2.277891416,2.247056199,6,5,two_open_b
165.916377,0.010723996,-1.092147517,1.931895227,-2.073227541,2.267721684,2.241569908,6,5,two_open_b
165.940619,0.014080072,-1.094401863,1.934106627,-2.075941406,2.257551953,2.236083618,6,5,two_open_b
165.964861,0.017436148,-1.096656209,1.936318026,-2.078655272,2.247382221,2.230597328,6,5,two_open_b
165.989104,0.020792223,-1.098910555,1.938529426,-2.081369137,2.237212490,2.225111038,6,5,two_open_b
166.013346,0.024148299,-1.101164901,1.940740826,-2.084083003,2.227042758,2.219624748,6,5,two_open_b
166.037589,0.024148299,-1.101164901,1.940740826,-2.084083003,2.227042758,2.219624748,6,5,two_open_b
166.061831,0.024148299,-1.101164901,1.940740826,-2.084083003,2.227042758,2.219624748,6,5,two_open_b
166.086073,0.024148299,-1.101164901,1.940740826,-2.084083003,2.227042758,2.219624748,6,5,two_open_b
166.110316,0.024148299,-1.101164901,1.940740826,-2.084083003,2.227042758,2.219624748,6,5,two_open_b
166.134558,0.024148299,-1.101164901,1.940740826,-2.084083003,2.227042758,2.219624748,6,5,two_open_b
166.158801,0.024148299,-1.101164901,1.940740826,-2.084083003,2.227042758,2.219624748,6,5,two_open_b
166.183043,0.024148299,-1.101164901,1.940740826,-2.084083003,2.227042758,2.219624748,6,5,two_open_b
166.207286,0.024148299,-1.101164901,1.940740826,-2.084083003,2.227042758,2.219624748,6,5,two_open_b
166.231528,0.024148299,-1.101164901,1.940740826,-2.084083003,2.227042758,2.219624748,6,5,two_open_b
166.255770,0.024148299,-1.101164901,1.940740826,-2.084083003,2.227042758,2.219624748,6,5,two_open_b
166.280013,0.024148299,-1.101164901,1.940740826,-2.084083003,2.227042758,2.219624748,6,5,two_open_b
166.304255,0.024148299,-1.101164901,1.940740826,-2.084083003,2.227042758,2.219624748,6,5,two_open_b
166.328498,0.024148299,-1.101164901,1.940740826,-2.084083003,2.227042758,2.219624748,6,5,two_open_b
166.352740,0.024148299,-1.101164901,1.940740826,-2.084083003,2.227042758,2.219624748,6,5,two_open_b
166.376983,0.024656850,-1.101364079,1.941228578,-2.083928349,2.225532649,2.219189147,6,5,two_open_b
166.401225,0.026937506,-1.102257317,1.943415958,-2.083234787,2.218760392,2.217235643,6,5,two_open_b
166.425467,0.029218163,-1.103150554,1.945603338,-2.082541225,2.211988135,2.215282139,6,5,two_open_b
166.449710,0.031498819,-1.104043792,1.947790719,-2.081847663,2.205215878,2.213328635,6,5,two_open_b
166.473952,0.033779475,-1.104937029,1.949978099,-2.081154101,2.198443621,2.211375131,6,5,two_open_b
166.498195,0.036060131,-1.105830267,1.952165479,-2.080460538,2.191671364,2.209421627,6,5,two_open_b
166.522437,0.038340787,-1.106723504,1.954352859,-2.079766976,2.184899107,2.207468123,6,5,two_open_b
166.546680,0.040621444,-1.107616742,1.956540239,-2.079073414,2.178126850,2.205514619,6,5,two_open_b
166.570922,0.042902100,-1.108509979,1.958727620,-2.078379852,2.171354593,2.203561116,6,5,two_open_b
166.595164,0.045182756,-1.109403217,1.960915000,-2.077686290,2.164582336,2.201607612,6,5,two_open_b
166.619407,0.046954861,-1.110097276,1.962614628,-2.077147381,2.159320188,2.200089709,6,5,two_open_b
166.643649,0.046954861,-1.110097276,1.962614628,-2.077147381,2.159320188,2.200089709,6,5,two_open_b
166.667892,0.046954861,-1.110097276,1.962614628,-2.077147381,2.159320188,2.200089709,6,5,two_open_b
166.692134,0.046954861,-1.110097276,1.962614628,-2.077147381,2.159320188,2.200089709,6,5,two_open_b
166.716377,0.046954861,-1.110097276,1.962614628,-2.077147381,2.159320188,2.200089709,6,5,two_open_b
166.740619,0.046954861,-1.110097276,1.962614628,-2.077147381,2.159320188,2.200089709,6,5,two_open_b
166.764861,0.046954861,-1.110097276,1.962614628,-2.077147381,2.159320188,2.200089709,6,5,two_open_b
166.789104,0.046954861,-1.110097276,1.962614628,-2.077147381,2.159320188,2.200089709,6,5,two_open_b
166.813346,0.046954861,-1.110097276,1.962614628,-2.077147381,2.159320188,2.200089709,6,5,two_open_b
166.837589,0.046954861,-1.110097276,1.962614628,-2.077147381,2.159320188,2.200089709,6,5,two_open_b
166.861831,0.046954861,-1.110097276,1.962614628,-2.077147381,2.159320188,2.200089709,6,5,two_open_b
166.886073,0.046954861,-1.110097276,1.962614628,-2.077147381,2.159320188,2.200089709,6,5,two_open_b
166.910316,0.046954861,-1.110097276,1.962614628,-2.077147381,2.159320188,2.200089709,6,5,two_open_b
166.934558,0.046954861,-1.110097276,1.962614628,-2.077147381,2.159320188,2.200089709,6,5,two_open_b
166.958801,0.046954861,-1.110097276,1.962614628,-2.077147381,2.159320188,2.200089709,6,5,two_open_b
166.983043,0.046954861,-1.110097276,1.962614628,-2.077147381,2.159320188,2.200089709,6,5,two_open_b
167.007286,0.046954861,-1.110097276,1.962614628,-2.077147381,2.159320188,2.200089709,6,5,two_open_b
167.031528,0.046954861,-1.110097276,1.962614628,-2.077147381,2.159320188,2.200089709,6,5,two_open_b
167.055770,0.046954861,-1.110097276,1.962614628,-2.077147381,2.159320188,2.200089709,6,5,two_open_b
167.080013,0.046954861,-1.110097276,1.962614628,-2.077147381,2.159320188,2.200089709,6,5,two_open_b
167.104255,0.046954861,-1.110097276,1.962614628,-2.077147381,2.159320188,2.200089709,6,5,two_open_b
167.128498,0.046954861,-1.110097276,1.962614628,-2.077147381,2.159320188,2.200089709,6,5,two_open_b
167.152740,0.046954861,-1.110097276,1.962614628,-2.077147381,2.159320188,2.200089709,6,5,two_open_b
167.176983,0.046954861,-1.110097276,1.962614628,-2.077147381,2.159320188,2.200089709,6,5,two_open_b
167.201225,0.046954861,-1.110097276,1.962614628,-2.077147381,2.159320188,2.200089709,6,5,two_open_b
167.225467,0.046954861,-1.110097276,1.962614628,-2.077147381,2.159320188,2.200089709,6,5,two_open_b
167.249710,0.046954861,-1.110097276,1.962614628,-2.077147381,2.159320188,2.200089709,6,5,two_open_b
167.273952,0.046954861,-1.110097276,1.962614628,-2.077147381,2.159320188,2.200089709,6,5,two_open_b
167.298195,0.046954861,-1.110097276,1.962614628,-2.077147381,2.159320188,2.200089709,6,5,two_open_b
167.322437,0.046954861,-1.110097276,1.962614628,-2.077147381,2.159320188,2.200089709,6,5,two_open_b
167.346680,0.046954861,-1.110097276,1.962614628,-2.077147381,2.159320188,2.200089709,6,5,two_open_b
167.370922,0.046954861,-1.110097276,1.962614628,-2.077147381,2.159320188,2.200089709,6,5,two_open_b
167.395164,0.046954861,-1.110097276,1.962614628,-2.077147381,2.159320188,2.200089709,6,5,two_open_b
167.419407,0.046899545,-1.110046332,1.962547877,-2.077069569,2.159552500,2.200182126,6,5,two_open_b
167.443649,0.044399345,-1.107743727,1.959530825,-2.073552571,2.170052728,2.204359265,6,5,two_open_b
167.467892,0.040525118,-1.104175687,1.954855702,-2.068102750,2.186323527,2.210832017,6,5,two_open_b
167.492134,0.036650892,-1.100607648,1.950180579,-2.062652928,2.202594325,2.217304770,6,5,two_open_b
167.516377,0.032957134,-1.097124460,1.945740866,-2.057450559,2.218210494,2.223493951,6,5,two_open_b
167.540619,0.031070789,-1.094491069,1.943658799,-2.054726444,2.227270489,2.226843149,6,5,two_open_b
167.564861,0.029184444,-1.091857678,1.941576732,-2.052002329,2.236330485,2.230192346,6,5,two_open_b
167.589104,0.027298099,-1.089224288,1.939494665,-2.049278214,2.245390480,2.233541543,6,5,two_open_b
167.613346,0.025411754,-1.086590897,1.937412598,-2.046554099,2.254450476,2.236890740,6,5,two_open_b
167.637589,0.023525409,-1.083957506,1.935330531,-2.043829984,2.263510472,2.240239937,6,5,two_open_b
167.661831,0.021694379,-1.081375059,1.933315215,-2.041183681,2.272338156,2.243496717,6,5,two_open_b
167.686073,0.022308235,-1.081044274,1.934250201,-2.041976565,2.270897922,2.242668776,6,5,two_open_b
167.710316,0.024296116,-1.081978923,1.936843256,-2.044702271,2.263687120,2.239545220,6,5,two_open_b
167.734558,0.026843822,-1.081680270,1.940465106,-2.046399002,2.253899852,2.235846821,6,5,two_open_b
167.758801,0.029211058,-1.081296766,1.943851546,-2.047848282,2.244767215,2.232431993,6,5,two_open_b
167.783043,0.029770882,-1.080063465,1.944880341,-2.046819306,2.242190750,2.231857150,6,5,two_open_b
167.807286,0.030330706,-1.078830163,1.945909135,-2.045790331,2.239614286,2.231282307,6,5,two_open_b
167.831528,0.030890530,-1.077596862,1.946937929,-2.044761356,2.237037821,2.230707463,6,5,two_open_b
167.855770,0.031450355,-1.076363560,1.947966723,-2.043732381,2.234461357,2.230132620,6,5,two_open_b
167.880013,0.033808219,-1.075716219,1.951335441,-2.046009216,2.224297065,2.225531889,6,5,two_open_b
167.904255,0.036166084,-1.075068878,1.954704160,-2.048286051,2.214132773,2.220931158,6,5,two_open_b
167.928498,0.034773756,-1.070993964,1.954060383,-2.043406660,2.217631824,2.224977845,6,5,two_open_b
167.952740,0.033381428,-1.066919049,1.953416607,-2.038527269,2.221130876,2.229024531,6,5,two_open_b
167.976983,0.031429276,-1.064077436,1.951744036,-2.034676853,2.227206392,2.233646061,6,5,two_open_b
168.001225,0.030381988,-1.060968199,1.951106084,-2.031331365,2.229476252,2.236606849,6,5,two_open_b
168.025467,0.029764457,-1.057731855,1.950959515,-2.028225689,2.229938649,2.238778883,6,5,two_open_b
168.049710,0.028304526,-1.055562363,1.953020416,-2.031038196,2.233030785,2.236714044,6,5,two_open_b
168.073952,0.026072841,-1.054370254,1.957103665,-2.039272577,2.238532125,2.230767645,6,5,two_open_b
168.098195,0.023841156,-1.053178146,1.961186914,-2.047506958,2.244033465,2.224821245,6,5,two_open_b
168.122437,0.019811431,-1.051400077,1.962930239,-2.052435529,2.257122632,2.222900733,6,5,two_open_b
168.146680,0.015781705,-1.049622007,1.964673563,-2.057364100,2.270211800,2.220980222,6,5,two_open_b
168.170922,0.015502172,-1.051271512,1.970429383,-2.069448897,2.269637624,2.210412292,6,5,two_open_b
168.195164,0.013554199,-1.051299782,1.975695682,-2.080835053,2.274098458,2.201745792,6,5,two_open_b
168.219407,0.010498833,-1.050251990,1.980637073,-2.091757501,2.281901176,2.194341325,6,5,two_open_b
168.243649,0.006538603,-1.049471824,1.984543845,-2.102175021,2.293509550,2.188597600,6,5,two_open_b
168.267892,0.002148615,-1.048818764,1.987959234,-2.112352729,2.306925388,2.183642630,6,5,two_open_b
168.292134,-0.001398972,-1.047098851,1.989167153,-2.116612254,2.317711486,2.182924532,6,5,two_open_b
168.316377,-0.004174806,-1.044401556,1.988352724,-2.115449905,2.326088381,2.186087994,6,5,two_open_b
168.340619,-0.006950639,-1.041704260,1.987538295,-2.114287556,2.334465275,2.189251457,6,5,two_open_b
168.364861,-0.009726472,-1.039006964,1.986723867,-2.113125206,2.342842170,2.192414920,6,5,two_open_b
168.389104,-0.014660920,-1.031906850,1.982854198,-2.104186936,2.358360506,2.203927998,6,5,two_open_b
168.413346,-0.019595369,-1.024806736,1.978984529,-2.095248666,2.373878841,2.215441077,6,5,two_open_b
168.437589,-0.022861377,-1.019327856,1.975604381,-2.087009036,2.384362166,2.225052726,6,5,two_open_b
168.461831,-0.025019992,-1.014925038,1.972549141,-2.079233115,2.391503607,2.233402342,6,5,two_open_b
168.486073,-0.027178608,-1.010522219,1.969493902,-2.071457193,2.398645048,2.241751958,6,5,two_open_b
168.510316,-0.029337223,-1.006119400,1.966438662,-2.063681272,2.405786489,2.250101573,6,5,two_open_b
168.534558,-0.031495838,-1.001716582,1.963383422,-2.055905351,2.412927930,2.258451189,6,5,two_open_b
168.558801,-0.033346257,-0.995612324,1.960359642,-2.044055370,2.416590369,2.270835396,6,5,two_open_b
168.583043,-0.035196675,-0.989508066,1.957335861,-2.032205390,2.420252808,2.283219602,6,5,two_open_b
168.607286,-0.037047094,-0.983403809,1.954312081,-2.020355410,2.423915247,2.295603809,6,5,two_open_b
168.631528,-0.036738897,-0.981702370,1.954343540,-2.016281351,2.420436245,2.299638400,6,5,two_open_b
168.655770,-0.036430700,-0.980000930,1.954374999,-2.012207292,2.416957244,2.303672991,6,5,two_open_b
168.680013,-0.036122503,-0.978299491,1.954406458,-2.008133232,2.413478242,2.307707581,6,5,two_open_b
168.704255,-0.035814306,-0.976598052,1.954437917,-2.004059173,2.409999240,2.311742172,6,5,two_open_b
168.728498,-0.035506110,-0.974896613,1.954469377,-1.999985114,2.406520238,2.315776763,6,5,two_open_b
168.752740,-0.035197913,-0.973195174,1.954500836,-1.995911055,2.403041236,2.319811354,6,5,two_open_b
168.776983,-0.034931808,-0.971345588,1.954527391,-1.991709525,2.399725694,2.323878854,6,5,two_open_b
168.801225,-0.035792114,-0.968317692,1.954427166,-1.989104220,2.403066566,2.324551456,6,5,two_open_b
168.825467,-0.036765045,-0.964619913,1.956011561,-1.988010141,2.405438060,2.322824645,6,5,two_open_b
168.849710,-0.037743105,-0.960891621,1.957672687,-1.986984895,2.407765401,2.320988545,6,5,two_open_b
168.873952,-0.037451020,-0.959039308,1.961392045,-1.992232154,2.404879587,2.311155270,6,5,two_open_b
168.898195,-0.036606472,-0.958002970,1.966006648,-2.000207699,2.399726263,2.297843549,6,5,two_open_b
168.922437,-0.035761924,-0.956966631,1.970621252,-2.008183243,2.394572940,2.284531828,6,5,two_open_b
168.946680,-0.034917377,-0.955930293,1.975235856,-2.016158787,2.389419616,2.271220106,6,5,two_open_b
168.970922,-0.034318001,-0.953300273,1.980561373,-2.023540493,2.386908167,2.258519641,6,5,two_open_b
168.995164,-0.033833271,-0.949925019,1.986219326,-2.030644509,2.385632106,2.246105010,6,5,two_open_b
169.019407,-0.033306449,-0.946697913,1.991882183,-2.037875995,2.384192585,2.233657470,6,5,two_open_b
169.043649,-0.032131374,-0.941117081,1.994779925,-2.034821881,2.384832125,2.233755985,6,5,two_open_b
169.067892,-0.030843673,-0.936206133,1.995993046,-2.030256541,2.386441044,2.236253914,6,5,two_open_b
169.092134,-0.029101536,-0.930461230,1.998650017,-2.025853787,2.387537766,2.238876839,6,5,two_open_b
169.116377,-0.028629546,-0.922840349,1.999248756,-2.015178528,2.393847643,2.249496940,6,5,two_open_b
169.140619,-0.027968934,-0.913514383,1.999938847,-2.002282972,2.403972884,2.263911145,6,5,two_open_b
169.164861,-0.027037628,-0.903863654,2.000989311,-1.989572967,2.414663507,2.278440650,6,5,two_open_b
169.189104,-0.026038190,-0.894137692,2.002052095,-1.976751337,2.425347743,2.293080077,6,5,two_open_b
169.213346,-0.023240654,-0.884290620,2.002684785,-1.961979244,2.433244530,2.309613727,6,5,two_open_b
169.237589,-0.020328471,-0.875188782,2.002985040,-1.947484842,2.439905930,2.325861543,6,5,two_open_b
169.261831,-0.015265105,-0.864085878,2.004355610,-1.932176408,2.448205753,2.342997508,6,5,two_open_b
169.286073,-0.009696193,-0.857932060,2.008724785,-1.929539259,2.451496181,2.347075849,6,5,two_open_b
169.310316,-0.003791692,-0.851493852,2.013232127,-1.926809959,2.455033688,2.351282315,6,5,two_open_b
169.334558,0.001999090,-0.845635723,2.016357056,-1.923757088,2.459374622,2.355601198,6,5,two_open_b
169.358801,0.008015849,-0.839586094,2.019575024,-1.920642165,2.463881933,2.360006356,6,5,two_open_b
169.383043,0.013291525,-0.834425575,2.021806393,-1.917019254,2.466841389,2.364095857,6,5,two_open_b
169.407286,0.020332133,-0.827847525,2.024451483,-1.912703252,2.470982476,2.368860409,6,5,two_open_b
169.431528,0.028411711,-0.821075475,2.027179148,-1.909344152,2.475704717,2.372378351,6,5,two_open_b
169.455770,0.036045463,-0.815748982,2.029720890,-1.909374629,2.481147297,2.372254127,6,5,two_open_b
169.480013,0.044786317,-0.810153257,2.032357529,-1.910250384,2.487164645,2.370993216,6,5,two_open_b
169.504255,0.052483090,-0.806289364,2.034018747,-1.912785446,2.492118334,2.367707469,6,5,two_open_b
169.528498,0.060951375,-0.802440627,2.035636694,-1.916257937,2.497399713,2.363156910,6,5,two_open_b
169.552740,0.070191175,-0.798607045,2.037211369,-1.920667855,2.503008779,2.357341539,6,5,two_open_b
169.576983,0.080202487,-0.794788618,2.038742773,-1.926015200,2.508945534,2.350261356,6,5,two_open_b
169.601225,0.091094925,-0.790892458,2.040276036,-1.932269875,2.515290679,2.341958209,6,5,two_open_b
169.625467,0.103094464,-0.786727065,2.041904194,-1.939369826,2.522210590,2.332518376,6,5,two_open_b
169.649710,0.114165477,-0.784034733,2.042853156,-1.947822595,2.527958257,2.321151505,6,5,two_open_b
169.673952,0.125236489,-0.781342401,2.043802118,-1.956275364,2.533705923,2.309784633,6,5,two_open_b
169.698195,0.136307502,-0.778650069,2.044751080,-1.964728133,2.539453589,2.298417762,6,5,two_open_b
169.722437,0.147378515,-0.775957737,2.045700043,-1.973180901,2.545201255,2.287050891,6,5,two_open_b
169.746680,0.158449528,-0.773265405,2.046649005,-1.981633670,2.550948921,2.275684020,6,5,two_open_b
169.770922,0.169235601,-0.770642367,2.047573543,-1.989868886,2.556548657,2.264609704,6,5,two_open_b
169.795164,0.178914572,-0.768288562,2.048403185,-1.997258825,2.561573626,2.254672074,6,5,two_open_b
169.819407,0.188655088,-0.766005744,2.048447269,-2.005238160,2.567629172,2.243562639,6,5,two_open_b
169.843649,0.197288502,-0.763992158,2.048396457,-2.012372218,2.573109952,2.233589890,6,5,two_open_b
169.867892,0.206061986,-0.762263284,2.047631736,-2.020764207,2.579003192,2.221697249,6,5,two_open_b
169.892134,0.214254315,-0.760616210,2.046209254,-2.028829828,2.585109077,2.210057631,6,5,two_open_b
169.916377,0.221873243,-0.759048173,2.044120712,-2.036576731,2.591439215,2.198658009,6,5,two_open_b
169.940619,0.228734577,-0.756780156,2.040317966,-2.043693900,2.600924285,2.188596331,6,5,two_open_b
169.964861,0.234488810,-0.754781372,2.036420324,-2.049965793,2.609834590,2.179671339,6,5,two_open_b
169.989104,0.240005147,-0.753636684,2.031534447,-2.057936797,2.618142736,2.168203453,6,5,two_open_b
170.013346,0.244995525,-0.752779251,2.025918529,-2.066662302,2.626882178,2.156100366,6,5,two_open_b
170.037589,0.250191740,-0.751982494,2.019844260,-2.076348347,2.636217955,2.142969257,6,5,two_open_b
170.061831,0.254625591,-0.751651740,2.013371067,-2.086956295,2.644986671,2.129827600,6,5,two_open_b
170.086073,0.259059443,-0.751320985,2.006897873,-2.097564244,2.653755388,2.116685942,6,5,two_open_b
170.110316,0.262575117,-0.750935049,1.999434691,-2.107826700,2.663493041,2.106824106,6,5,two_open_b
170.134558,0.265564845,-0.750736546,1.992534373,-2.117570248,2.672443283,2.097845934,6,5,two_open_b
170.158801,0.268179787,-0.751187042,1.984610993,-2.129244970,2.681794012,2.087914895,6,5,two_open_b
170.183043,0.270445221,-0.752606751,1.978306920,-2.140704147,2.687415041,2.077782601,6,5,two_open_b
170.207286,0.273038794,-0.755171997,1.971149114,-2.155617156,2.692377989,2.064059434,6,5,two_open_b
170.231528,0.274763163,-0.757152381,1.964884645,-2.167985775,2.697368328,2.054015848,6,5,two_open_b
170.255770,0.276419085,-0.760572000,1.958345969,-2.183046161,2.700644729,2.041310841,6,5,two_open_b
170.280013,0.277957254,-0.764521341,1.951904500,-2.198721636,2.702993808,2.028032405,6,5,two_open_b
170.304255,0.279089142,-0.768202927,1.946552619,-2.212040535,2.704304603,2.017073011,6,5,two_open_b
170.328498,0.280221029,-0.771884513,1.941200737,-2.225359435,2.705615399,2.006113617,6,5,two_open_b
170.352740,0.281031447,-0.775656111,1.937430584,-2.237068855,2.704938932,1.994781964,6,5,two_open_b
170.376983,0.282061550,-0.780896547,1.932864146,-2.253106380,2.703354473,1.979099473,6,5,two_open_b
170.401225,0.283123262,-0.786726474,1.928974488,-2.270032045,2.700106045,1.961917770,6,5,two_open_b
170.425467,0.284288764,-0.793069242,1.924526452,-2.288675179,2.696687992,1.943021360,6,5,two_open_b
170.449710,0.285126127,-0.798266472,1.920932150,-2.303864481,2.693928019,1.927715823,6,5,two_open_b
170.473952,0.285571958,-0.804455290,1.916728411,-2.322440833,2.691924728,1.908614817,6,5,two_open_b
170.498195,0.285551892,-0.809717133,1.913090237,-2.338993088,2.691237099,1.891356638,6,5,two_open_b
170.522437,0.285288221,-0.814703629,1.909626086,-2.355087534,2.691172533,1.874428294,6,5,two_open_b
170.546680,0.284869030,-0.820005176,1.905974817,-2.372299801,2.691400042,1.856228334,6,5,two_open_b
170.570922,0.284294319,-0.825621774,1.902136429,-2.390629891,2.691919626,1.836756758,6,5,two_open_b
170.595164,0.283556562,-0.831503116,1.898138195,-2.409929564,2.692762385,1.816162583,6,5,two_open_b
170.619407,0.282483142,-0.836150570,1.894796703,-2.425734747,2.694730950,1.798970938,6,5,two_open_b
170.643649,0.280715747,-0.841100518,1.891770803,-2.442257603,2.697293953,1.780417544,6,5,two_open_b
170.667892,0.278777059,-0.845718737,1.889222586,-2.457607825,2.700044009,1.762947274,6,5,two_open_b
170.692134,0.275941895,-0.851330314,1.885933080,-2.477025246,2.704787479,1.740690421,6,5,two_open_b
170.716377,0.273498262,-0.855950303,1.883253013,-2.493055618,2.708774267,1.722229036,6,5,two_open_b
170.740619,0.271020599,-0.860371513,1.880855508,-2.508574089,2.712867282,1.704131631,6,5,two_open_b
170.764861,0.268098793,-0.865360726,1.878456415,-2.526363321,2.717915445,1.683044871,6,5,two_open_b
170.789104,0.265265195,-0.870134010,1.876223259,-2.543415099,2.722811534,1.662751433,6,5,two_open_b
170.813346,0.262587118,-0.874592242,1.874177221,-2.559349056,2.727415547,1.643729610,6,5,two_open_b
170.837589,0.260097111,-0.878899192,1.872560951,-2.574619330,2.731271386,1.625591299,6,5,two_open_b
170.861831,0.258284408,-0.885795313,1.875268603,-2.596887406,2.727044177,1.601708596,6,5,two_open_b
170.886073,0.256975156,-0.891340645,1.878578109,-2.615091939,2.722686992,1.582536415,6,5,two_open_b
170.910316,0.254248157,-0.896948349,1.879351539,-2.635949547,2.726625672,1.558526839,6,5,two_open_b
170.934558,0.253672725,-0.902530651,1.884355049,-2.653454929,2.720246421,1.542094422,6,5,two_open_b
170.958801,0.253922459,-0.908749340,1.891652285,-2.671430374,2.708394169,1.527496684,6,5,two_open_b
170.983043,0.254030741,-0.914742845,1.898113088,-2.688556060,2.698232595,1.513470364,6,5,two_open_b
171.007286,0.252110994,-0.920142697,1.899315788,-2.706533216,2.702030879,1.494309102,6,5,two_open_b
171.031528,0.249430742,-0.925543515,1.898961770,-2.726444366,2.710889162,1.471172837,6,5,two_open_b
171.055770,0.246073675,-0.931284126,1.897438944,-2.750000810,2.724460538,1.441996742,6,5,two_open_b
171.080013,0.242684058,-0.936860969,1.895673469,-2.773103116,2.738488014,1.413208751,6,5,two_open_b
171.104255,0.238528546,-0.940189971,1.890071986,-2.791200984,2.760532717,1.387978426,6,5,two_open_b
171.128498,0.234086635,-0.944325765,1.884958221,-2.813256626,2.782790211,1.358359055,6,5,two_open_b
171.152740,0.231129973,-0.948218074,1.882461227,-2.832114357,2.796734413,1.334208660,6,5,two_open_b
171.176983,0.226918221,-0.951142429,1.876475440,-2.850257116,2.819003133,1.307267689,6,5,two_open_b
171.201225,0.221796272,-0.954682675,1.868930770,-2.872396515,2.845479185,1.274535029,6,5,two_open_b
171.225467,0.217087948,-0.958047309,1.862308183,-2.893847681,2.869698475,1.243164900,6,5,two_open_b
171.249710,0.215007315,-0.961122541,1.861132406,-2.911058795,2.878710685,1.221190683,6,5,two_open_b
171.273952,0.215417536,-0.965018607,1.863242084,-2.918827223,2.870767465,1.217968972,6,5,two_open_b
171.298195,0.218581271,-0.969106169,1.870868284,-2.919565470,2.844160252,1.229908005,6,5,two_open_b
171.322437,0.221745007,-0.973193731,1.878494485,-2.920303718,2.817553039,1.241847039,6,5,two_open_b
171.346680,0.225113313,-0.976705013,1.885772316,-2.918214985,2.790793833,1.256921106,6,5,two_open_b
171.370922,0.227266773,-0.979623098,1.888919937,-2.915359298,2.773281205,1.268472157,6,5,two_open_b
171.395164,0.228966662,-0.982605717,1.890967048,-2.913467657,2.758626546,1.277632730,6,5,two_open_b
171.419407,0.229540990,-0.985570441,1.891008466,-2.916008191,2.751786603,1.278089687,6,5,two_open_b
171.443649,0.229775769,-0.987319964,1.889779731,-2.916440809,2.749053310,1.278430653,6,5,two_open_b
171.467892,0.230445324,-0.989163077,1.889763374,-2.916519885,2.743090020,1.280571506,6,5,two_open_b
171.492134,0.231549657,-0.991099780,1.890959394,-2.916245418,2.733896734,1.284512248,6,5,two_open_b
171.516377,0.231425732,-0.992209151,1.891660236,-2.922745734,2.733228880,1.275953671,6,5,two_open_b
171.540619,0.229492657,-0.992844826,1.888759429,-2.932413375,2.744524265,1.259381785,6,5,two_open_b
171.564861,0.227761535,-0.993494570,1.886375993,-2.941975104,2.754569075,1.243523627,6,5,two_open_b
171.589104,0.228132827,-0.994290766,1.889378616,-2.950434247,2.751594851,1.235095690,6,5,two_open_b
171.613346,0.230005364,-0.994873368,1.896023731,-2.955702570,2.739161256,1.234579813,6,5,two_open_b
171.637589,0.231811019,-0.995766133,1.901999706,-2.962538425,2.728908283,1.231072616,6,5,two_open_b
171.661831,0.234310651,-0.996987506,1.908513909,-2.967041393,2.715018800,1.231806227,6,5,two_open_b
171.686073,0.237234864,-0.998171802,1.915563420,-2.969185574,2.698288335,1.236612840,6,5,two_open_b
171.710316,0.239724300,-0.999262508,1.921400554,-2.971683297,2.684787868,1.239619563,6,5,two_open_b
171.734558,0.241778958,-1.000259623,1.926025311,-2.974534562,2.674517398,1.240826399,6,5,two_open_b
171.758801,0.243050129,-1.001417528,1.928000630,-2.978799653,2.670818649,1.237323857,6,5,two_open_b
171.783043,0.243439957,-1.002965593,1.926700400,-2.985148594,2.674989584,1.227592496,6,5,two_open_b
171.807286,0.243298456,-1.004739867,1.923525415,-2.992604944,2.683567537,1.214399236,6,5,two_open_b
171.831528,0.241054540,-1.006367688,1.914964373,-3.001163879,2.705164523,1.193775756,6,5,two_open_b
171.855770,0.239029755,-1.008305550,1.905965636,-3.009861035,2.727135240,1.173005727,6,5,two_open_b
171.880013,0.237992857,-1.010530076,1.897802890,-3.016321453,2.744864583,1.157304889,6,5,two_open_b
171.904255,0.237387541,-1.012443888,1.891107610,-3.020682583,2.758415720,1.146066860,6,5,two_open_b
171.928498,0.236782225,-1.014357700,1.884412330,-3.025043713,2.771966857,1.134828830,6,5,two_open_b
171.952740,0.236176910,-1.016271512,1.877717051,-3.029404843,2.785517994,1.123590801,6,5,two_open_b
171.976983,0.235571594,-1.018185325,1.871021771,-3.033765973,2.799069131,1.112352772,6,5,two_open_b
172.001225,0.236038812,-1.020717665,1.866705880,-3.038100585,2.808283339,1.101291380,6,5,two_open_b
172.025467,0.237119822,-1.022802250,1.864919471,-3.040568908,2.811615522,1.095351200,6,5,two_open_b
172.049710,0.238530208,-1.024646560,1.864490446,-3.042035735,2.811791265,1.092159192,6,5,two_open_b
172.073952,0.239940594,-1.026490869,1.864061420,-3.043502561,2.811967007,1.088967183,6,5,two_open_b
172.098195,0.241131850,-1.028025137,1.864070088,-3.044831168,2.811769019,1.085921723,6,5,two_open_b
172.122437,0.243005272,-1.029401957,1.865705760,-3.043529379,2.806184765,1.088443176,6,5,two_open_b
172.146680,0.247058084,-1.031098057,1.870907720,-3.037206248,2.788277402,1.102935923,6,5,two_open_b
172.170922,0.252732199,-1.032330871,1.880228296,-3.031346738,2.765942245,1.116774617,6,5,two_open_b
172.195164,0.257666167,-1.033929517,1.888015959,-3.026405397,2.744029113,1.131005173,6,5,two_open_b
172.219407,0.260621355,-1.035955863,1.890857622,-3.023675916,2.733981058,1.136426736,6,5,two_open_b
172.243649,0.262852720,-1.037109301,1.892756958,-3.019912669,2.724928208,1.144581151,6,5,two_open_b
172.267892,0.265084085,-1.038262739,1.894656294,-3.016149422,2.715875357,1.152735566,6,5,two_open_b
172.292134,0.267315450,-1.039416177,1.896555630,-3.012386176,2.706822507,1.160889982,6,5,two_open_b
172.316377,0.269546814,-1.040569615,1.898454966,-3.008622929,2.697769656,1.169044397,6,5,two_open_b
172.340619,0.271944296,-1.042400332,1.900714395,-3.008532444,2.692376298,1.170154140,6,5,two_open_b
172.364861,0.273196271,-1.043743823,1.902289352,-3.010867999,2.691662147,1.165836019,6,5,two_open_b
172.389104,0.272268857,-1.044768034,1.900298020,-3.018224896,2.703271105,1.149546603,6,5,two_open_b
172.413346,0.269720138,-1.046255531,1.894188072,-3.025118173,2.719307857,1.133911242,6,5,two_open_b
172.437589,0.267911567,-1.047377196,1.889611037,-3.031093281,2.734922585,1.117884018,6,5,two_open_b
172.461831,0.268081776,-1.048071160,1.889980002,-3.034856527,2.738672235,1.110665787,6,5,two_open_b
172.486073,0.268251985,-1.048765125,1.890348967,-3.038619774,2.742421885,1.103447557,6,5,two_open_b
172.510316,0.268422194,-1.049459090,1.890717932,-3.042383021,2.746171535,1.096229326,6,5,two_open_b
172.534558,0.268592403,-1.050153055,1.891086897,-3.046146268,2.749921185,1.089011096,6,5,two_open_b
172.558801,0.268762612,-1.050847020,1.891455861,-3.049909515,2.753670835,1.081792865,6,5,two_open_b
172.583043,0.268766705,-1.050863706,1.891464733,-3.050000000,2.753760993,1.081619307,6,5,two_open_b
172.607286,0.268766705,-1.050863706,1.891464733,-3.050000000,2.753760993,1.081619307,6,5,two_open_b
172.631528,0.268766705,-1.050863706,1.891464733,-3.050000000,2.753760993,1.081619307,6,5,two_open_b
172.655770,0.268766705,-1.050863706,1.891464733,-3.050000000,2.753760993,1.081619307,6,5,two_open_b
172.680013,0.268766705,-1.050863706,1.891464733,-3.050000000,2.753760993,1.081619307,6,5,two_open_b
172.704255,0.268766705,-1.050863706,1.891464733,-3.050000000,2.753760993,1.081619307,6,5,two_open_b
172.728498,0.268766705,-1.050863706,1.891464733,-3.050000000,2.753760993,1.081619307,6,5,two_open_b
172.752740,0.268766705,-1.050863706,1.891464733,-3.050000000,2.753760993,1.081619307,6,5,two_open_b
172.776983,0.268766705,-1.050863706,1.891464733,-3.050000000,2.753760993,1.081619307,6,5,two_open_b
172.801225,0.268766705,-1.050863706,1.891464733,-3.050000000,2.753760993,1.081619307,6,5,two_open_b
172.825467,0.268766705,-1.050863706,1.891464733,-3.050000000,2.753760993,1.081619307,6,5,two_open_b
172.849710,0.268766705,-1.050863706,1.891464733,-3.050000000,2.753760993,1.081619307,6,5,two_open_b
172.873952,0.268766705,-1.050863706,1.891464733,-3.050000000,2.753760993,1.081619307,6,5,two_open_b
172.898195,0.268766705,-1.050863706,1.891464733,-3.050000000,2.753760993,1.081619307,6,5,two_open_b
172.922437,0.268766705,-1.050863706,1.891464733,-3.050000000,2.753760993,1.081619307,6,5,two_open_b
172.946680,0.268766705,-1.050863706,1.891464733,-3.050000000,2.753760993,1.081619307,6,5,two_open_b
172.970922,0.268766705,-1.050863706,1.891464733,-3.050000000,2.753760993,1.081619307,6,5,two_open_b
172.995164,0.268766705,-1.050863706,1.891464733,-3.050000000,2.753760993,1.081619307,6,5,two_open_b
173.019407,0.268766705,-1.050863706,1.891464733,-3.050000000,2.753760993,1.081619307,6,5,two_open_b
173.043649,0.268766705,-1.050863706,1.891464733,-3.050000000,2.753760993,1.081619307,6,5,two_open_b
173.067892,0.268766705,-1.050863706,1.891464733,-3.050000000,2.753760993,1.081619307,6,5,two_open_b
173.092134,0.268766705,-1.050863706,1.891464733,-3.050000000,2.753760993,1.081619307,6,5,two_open_b
173.116377,0.268766705,-1.050863706,1.891464733,-3.050000000,2.753760993,1.081619307,6,5,two_open_b
173.140619,0.268766705,-1.050863706,1.891464733,-3.050000000,2.753760993,1.081619307,6,5,two_open_b
173.164861,0.268766705,-1.050863706,1.891464733,-3.050000000,2.753760993,1.081619307,6,5,two_open_b
173.189104,0.268766705,-1.050863706,1.891464733,-3.050000000,2.753760993,1.081619307,6,5,two_open_b
173.213346,0.268766705,-1.050863706,1.891464733,-3.050000000,2.753760993,1.081619307,6,5,two_open_b
173.237589,0.268766705,-1.050863706,1.891464733,-3.050000000,2.753760993,1.081619307,6,5,two_open_b
173.261831,0.268766705,-1.050863706,1.891464733,-3.050000000,2.753760993,1.081619307,6,5,two_open_b
173.286073,0.268766705,-1.050863706,1.891464733,-3.050000000,2.753760993,1.081619307,6,5,two_open_b
173.310316,0.268766705,-1.050863706,1.891464733,-3.050000000,2.753760993,1.081619307,6,5,two_open_b
173.334558,0.268555431,-1.050226489,1.892733384,-3.050000000,2.752589360,1.079254264,6,5,two_open_b
173.358801,0.268130346,-1.048944401,1.895285926,-3.050000000,2.750232020,1.074495769,6,5,two_open_b
173.383043,0.267705261,-1.047662312,1.897838467,-3.050000000,2.747874681,1.069737274,6,5,two_open_b
173.407286,0.267280176,-1.046380224,1.900391009,-3.050000000,2.745517341,1.064978779,6,5,two_open_b
173.431528,0.268043171,-1.044673009,1.906737805,-3.046774892,2.730556161,1.071948519,6,5,two_open_b
173.455770,0.270792131,-1.043240650,1.915080021,-3.036710962,2.704553168,1.090602527,6,5,two_open_b
173.480013,0.273541092,-1.041808291,1.923422237,-3.026647032,2.678550174,1.109256534,6,5,two_open_b
173.504255,0.274155362,-1.040391671,1.928687246,-3.019306059,2.661856472,1.121675793,6,5,two_open_b
173.528498,0.272468151,-1.039366223,1.928914353,-3.014050769,2.657385448,1.125476347,6,5,two_open_b
173.552740,0.270780941,-1.038340775,1.929141459,-3.008795480,2.652914425,1.129276900,6,5,two_open_b
173.576983,0.269305004,-1.037952544,1.928099915,-3.003540190,2.649615034,1.135442496,6,5,two_open_b
173.601225,0.268042879,-1.038209184,1.925774480,-2.998284901,2.647501350,1.144001544,6,5,two_open_b
173.625467,0.266780754,-1.038465824,1.923449044,-2.993029611,2.645387667,1.152560592,6,5,two_open_b
173.649710,0.265518629,-1.038722465,1.921123609,-2.987774322,2.643273983,1.161119641,6,5,two_open_b
173.673952,0.263068424,-1.039404231,1.915003920,-2.985744141,2.653764139,1.157950454,6,5,two_open_b
173.698195,0.259468268,-1.040755414,1.907976137,-2.983410851,2.662960636,1.157027401,6,5,two_open_b
173.722437,0.255868112,-1.042106597,1.900948354,-2.981077560,2.672157133,1.156104348,6,5,two_open_b
173.746680,0.254402648,-1.043442041,1.896997778,-2.976021314,2.672044339,1.161416044,6,5,two_open_b
173.770922,0.255175171,-1.044665285,1.898038902,-2.968524232,2.659305828,1.175642655,6,5,two_open_b
173.795164,0.255807226,-1.046505723,1.898977808,-2.960241419,2.645675641,1.190524597,6,5,two_open_b
173.819407,0.256360935,-1.048690402,1.899859702,-2.951520363,2.631548122,1.205772051,6,5,two_open_b
173.843649,0.256914644,-1.050875080,1.900741596,-2.942799308,2.617420603,1.221019505,6,5,two_open_b
173.867892,0.257468353,-1.053059758,1.901623491,-2.934078253,2.603293084,1.236266959,6,5,two_open_b
173.892134,0.258022062,-1.055244437,1.902505385,-2.925357197,2.589165564,1.251514412,6,5,two_open_b
173.916377,0.258092427,-1.057642772,1.902793539,-2.917082867,2.576521805,1.266206134,6,5,two_open_b
173.940619,0.256716012,-1.059366817,1.901244104,-2.916514961,2.578088433,1.266265219,6,5,two_open_b
173.964861,0.254728832,-1.061360843,1.898944404,-2.916511548,2.581529974,1.265622069,6,5,two_open_b
173.989104,0.252530710,-1.063448115,1.896385583,-2.916703096,2.585619065,1.264736384,6,5,two_open_b
174.013346,0.249717762,-1.065684836,1.892950660,-2.917973784,2.592434320,1.262038499,6,5,two_open_b
174.037589,0.246438509,-1.067687596,1.888792929,-2.920677832,2.602219353,1.257329188,6,5,two_open_b
174.061831,0.243237603,-1.069346116,1.884692210,-2.923820121,2.612501718,1.252254366,6,5,two_open_b
174.086073,0.240036697,-1.071004636,1.880591491,-2.926962410,2.622784084,1.247179544,6,5,two_open_b
174.110316,0.236835790,-1.072663156,1.876490773,-2.930104700,2.633066449,1.242104722,6,5,two_open_b
174.134558,0.233634884,-1.074321676,1.872390054,-2.933246989,2.643348815,1.237029900,6,5,two_open_b
174.158801,0.230917322,-1.075766539,1.868883075,-2.935942553,2.652147420,1.232510809,6,5,two_open_b
174.183043,0.228810524,-1.076941421,1.866126360,-2.938073624,2.659071111,1.228693955,6,5,two_open_b
174.207286,0.227314492,-1.077846320,1.864119908,-2.939640201,2.664119889,1.225579335,6,5,two_open_b
174.231528,0.226029402,-1.078657975,1.862372579,-2.941011817,2.668521118,1.222707251,6,5,two_open_b
174.255770,0.225422629,-1.079041209,1.861547553,-2.941659445,2.670599219,1.221351156,6,5,two_open_b
174.280013,0.225422629,-1.079041209,1.861547553,-2.941659445,2.670599219,1.221351156,6,5,two_open_b
174.304255,0.225422629,-1.079041209,1.861547553,-2.941659445,2.670599219,1.221351156,6,5,two_open_b
174.328498,0.225422629,-1.079041209,1.861547553,-2.941659445,2.670599219,1.221351156,6,5,two_open_b
174.352740,0.225422629,-1.079041209,1.861547553,-2.941659445,2.670599219,1.221351156,6,5,two_open_b
174.376983,0.225422629,-1.079041209,1.861547553,-2.941659445,2.670599219,1.221351156,6,5,two_open_b
174.401225,0.225422629,-1.079041209,1.861547553,-2.941659445,2.670599219,1.221351156,6,5,two_open_b
174.425467,0.225422629,-1.079041209,1.861547553,-2.941659445,2.670599219,1.221351156,6,5,two_open_b
174.449710,0.226652819,-1.080440512,1.859116331,-2.932311518,2.666813341,1.233819727,6,5,two_open_b
174.473952,0.227883009,-1.081839816,1.856685110,-2.922963591,2.663027463,1.246288299,6,5,two_open_b
174.498195,0.229113199,-1.083239119,1.854253888,-2.913615663,2.659241584,1.258756870,6,5,two_open_b
174.522437,0.230343389,-1.084638423,1.851822667,-2.904267736,2.655455706,1.271225442,6,5,two_open_b
174.546680,0.231573580,-1.086037726,1.849391445,-2.894919809,2.651669828,1.283694013,6,5,two_open_b
174.570922,0.235618302,-1.088023899,1.850097768,-2.880769819,2.632681560,1.304470014,6,5,two_open_b
174.595164,0.239663026,-1.090010072,1.850804091,-2.866619829,2.613693292,1.325246015,6,5,two_open_b
174.619407,0.243707748,-1.091996246,1.851510414,-2.852469839,2.594705024,1.346022017,6,5,two_open_b
174.643649,0.247752471,-1.093982419,1.852216737,-2.838319849,2.575716756,1.366798018,6,5,two_open_b
174.667892,0.251797194,-1.095968592,1.852923060,-2.824169859,2.556728489,1.387574019,6,5,two_open_b
174.692134,0.255925419,-1.096833765,1.856221251,-2.818619399,2.540076463,1.396790249,6,5,two_open_b
174.716377,0.260082908,-1.097705138,1.859523021,-2.813052268,2.523392144,1.406026723,6,5,two_open_b
174.740619,0.264240397,-1.098576511,1.862824791,-2.807485137,2.506707825,1.415263197,6,5,two_open_b
174.764861,0.268397886,-1.099447884,1.866126561,-2.801918006,2.490023506,1.424499672,6,5,two_open_b
174.789104,0.272656683,-1.100323625,1.869516990,-2.796334103,2.473143067,1.433696564,6,5,two_open_b
174.813346,0.274486517,-1.100629120,1.870107297,-2.795488430,2.470718604,1.434435384,6,5,two_open_b
174.837589,0.276701920,-1.100951238,1.871035029,-2.794578924,2.467547725,1.435023559,6,5,two_open_b
174.861831,0.279302893,-1.101289980,1.872300185,-2.793605585,2.463630432,1.435461090,6,5,two_open_b
174.886073,0.282198393,-1.101641420,1.873823091,-2.792583486,2.459142972,1.435783549,6,5,two_open_b
174.910316,0.285093893,-1.101992860,1.875345997,-2.791561387,2.454655512,1.436106007,6,5,two_open_b
174.934558,0.286675701,-1.102065997,1.876708256,-2.791287684,2.451617688,1.435519666,6,5,two_open_b
174.958801,0.288848126,-1.101867460,1.877640541,-2.791111268,2.452898975,1.433405788,6,5,two_open_b
174.983043,0.291020551,-1.101668924,1.878572826,-2.790934852,2.454180262,1.431291910,6,5,two_open_b
175.007286,0.293192977,-1.101470388,1.879505110,-2.790758436,2.455461549,1.429178032,6,5,two_open_b
175.031528,0.295343404,-1.101267672,1.880421125,-2.790607855,2.456812833,1.427075063,6,5,two_open_b
175.055770,0.297658552,-1.101049644,1.881501976,-2.790583987,2.458035434,1.424923801,6,5,two_open_b
175.080013,0.300138420,-1.100816302,1.882747663,-2.790686831,2.459129352,1.422724244,6,5,two_open_b
175.104255,0.302581259,-1.100567166,1.883974045,-2.790893335,2.460415420,1.420549329,6,5,two_open_b
175.128498,0.304729571,-1.100305332,1.884942677,-2.791148599,2.462271655,1.418489487,6,5,two_open_b
175.152740,0.306877883,-1.100043498,1.885911310,-2.791403863,2.464127890,1.416429645,6,5,two_open_b
175.176983,0.309026195,-1.099781664,1.886879942,-2.791659127,2.465984125,1.414369804,6,5,two_open_b
175.201225,0.311795065,-1.099555860,1.889091205,-2.792876427,2.465866463,1.411819913,6,5,two_open_b
175.225467,0.314563936,-1.099330057,1.891302468,-2.794093726,2.465748802,1.409270022,6,5,two_open_b
175.249710,0.317332806,-1.099104253,1.893513731,-2.795311026,2.465631140,1.406720131,6,5,two_open_b
175.273952,0.320169140,-1.098874853,1.895770746,-2.796515249,2.465555269,1.404161162,6,5,two_open_b
175.298195,0.323795590,-1.098613023,1.898604401,-2.797619929,2.465584333,1.401456376,6,5,two_open_b
175.322437,0.326982166,-1.098347319,1.901024671,-2.798658709,2.466425052,1.398922128,6,5,two_open_b
175.346680,0.329820202,-1.098080786,1.903126821,-2.799657662,2.467820036,1.396513883,6,5,two_open_b
175.370922,0.332658238,-1.097814252,1.905228971,-2.800656615,2.469215019,1.394105638,6,5,two_open_b
175.395164,0.335823514,-1.097550288,1.907384981,-2.801443526,2.470799564,1.391469178,6,5,two_open_b
175.419407,0.339759198,-1.097292370,1.909667790,-2.801731233,2.472830386,1.388295442,6,5,two_open_b
175.443649,0.342454442,-1.097263896,1.911134364,-2.800976289,2.472548286,1.387119047,6,5,two_open_b
175.467892,0.346489366,-1.097003569,1.913567494,-2.799081440,2.470597665,1.386384754,6,5,two_open_b
175.492134,0.350524289,-1.096743242,1.916000625,-2.797186590,2.468647044,1.385650460,6,5,two_open_b
175.516377,0.354412438,-1.096486322,1.918315616,-2.795295754,2.466780755,1.384953918,6,5,two_open_b
175.540619,0.358316856,-1.096351781,1.921539307,-2.793547234,2.461906659,1.384163285,6,5,two_open_b
175.564861,0.362647659,-1.096255912,1.925460566,-2.791843537,2.455601158,1.383227412,6,5,two_open_b
175.589104,0.366978462,-1.096160044,1.929381825,-2.790139841,2.449295657,1.382291538,6,5,two_open_b
175.613346,0.371309264,-1.096064175,1.933303084,-2.788436144,2.442990157,1.381355665,6,5,two_open_b
175.637589,0.375312827,-1.095965737,1.937170484,-2.786944491,2.436495095,1.380648006,6,5,two_open_b
175.661831,0.378461043,-1.095579337,1.940051664,-2.785859023,2.435933708,1.379637400,6,5,two_open_b
175.686073,0.381582585,-1.095104403,1.942662946,-2.784744345,2.437375921,1.378362925,6,5,two_open_b
175.710316,0.383364446,-1.094861322,1.944307672,-2.784769572,2.440486656,1.376646348,6,5,two_open_b
175.734558,0.385146308,-1.094618241,1.945952397,-2.784794799,2.443597391,1.374929772,6,5,two_open_b
175.758801,0.386928170,-1.094375160,1.947597123,-2.784820027,2.446708125,1.373213195,6,5,two_open_b
175.783043,0.389280063,-1.093818215,1.948184688,-2.780675610,2.448365562,1.374213314,6,5,two_open_b
175.807286,0.391253081,-1.093207457,1.948155118,-2.776375177,2.451020777,1.375457893,6,5,two_open_b
175.831528,0.393625537,-1.092551919,1.948553769,-2.771785876,2.452418787,1.376881596,6,5,two_open_b
175.855770,0.396397431,-1.091851602,1.949380640,-2.766907706,2.452559592,1.378484421,6,5,two_open_b
175.880013,0.399568761,-1.091106506,1.950635732,-2.761740668,2.451443191,1.380266370,6,5,two_open_b
175.904255,0.403224468,-1.090598544,1.953178464,-2.756377778,2.442689634,1.383067665,6,5,two_open_b
175.928498,0.407246222,-1.090141072,1.956354922,-2.750798670,2.430864323,1.386285016,6,5,two_open_b
175.952740,0.411267975,-1.089683599,1.959531379,-2.745219562,2.419039013,1.389502368,6,5,two_open_b
175.976983,0.415928498,-1.089136355,1.964734793,-2.740189854,2.405975522,1.391804336,6,5,two_open_b
176.001225,0.420805266,-1.088558720,1.970624400,-2.735346136,2.392492866,1.393796416,6,5,two_open_b
176.025467,0.423755329,-1.088203690,1.975583566,-2.734566411,2.384241479,1.393510645,6,5,two_open_b
176.049710,0.426547464,-1.087866365,1.980373425,-2.733900898,2.376487159,1.393154052,6,5,two_open_b
176.073952,0.428940162,-1.087573819,1.984735064,-2.733524253,2.369990045,1.392618337,6,5,two_open_b
176.098195,0.430933423,-1.087326052,1.988668482,-2.733436476,2.364750136,1.391903499,6,5,two_open_b
176.122437,0.432527246,-1.087123065,1.992173679,-2.733637568,2.360767432,1.391009537,6,5,two_open_b
176.146680,0.433721632,-1.086964858,1.995250656,-2.734127529,2.358041933,1.389936453,6,5,two_open_b
176.170922,0.434576647,-1.086844696,1.997963805,-2.734862920,2.356384588,1.388711182,6,5,two_open_b
176.195164,0.435522149,-1.086297066,2.001028165,-2.735044224,2.356672549,1.386326462,6,5,two_open_b
176.219407,0.435902456,-1.085491640,2.002351133,-2.734225608,2.359780393,1.383914392,6,5,two_open_b
176.243649,0.436066519,-1.084716605,2.002987907,-2.733221001,2.363307404,1.381812211,6,5,two_open_b
176.267892,0.437968435,-1.083599268,2.005890409,-2.729684462,2.360924395,1.381862089,6,5,two_open_b
176.292134,0.439870352,-1.082481931,2.008792911,-2.726147923,2.358541387,1.381911968,6,5,two_open_b
176.316377,0.441772268,-1.081364594,2.011695413,-2.722611384,2.356158379,1.381961846,6,5,two_open_b
176.340619,0.443674185,-1.080247257,2.014597915,-2.719074846,2.353775370,1.382011724,6,5,two_open_b
176.364861,0.445576101,-1.079129920,2.017500418,-2.715538307,2.351392362,1.382061603,6,5,two_open_b
176.389104,0.447991299,-1.077112051,2.022634266,-2.711345268,2.346951946,1.381462793,6,5,two_open_b
176.413346,0.450406497,-1.075094181,2.027768115,-2.707152228,2.342511530,1.380863983,6,5,two_open_b
176.437589,0.452731207,-1.073503780,2.032550754,-2.703513275,2.336125807,1.381424622,6,5,two_open_b
176.461831,0.454985300,-1.072248648,2.037065211,-2.700310186,2.328150367,1.382923343,6,5,two_open_b
176.486073,0.457475844,-1.070010332,2.042969312,-2.695935329,2.319534356,1.384050305,6,5,two_open_b
176.510316,0.458228534,-1.068114318,2.046607684,-2.694092404,2.316828363,1.383025208,6,5,two_open_b
176.534558,0.458981224,-1.066218304,2.050246056,-2.692249479,2.314122370,1.382000111,6,5,two_open_b
176.558801,0.459758322,-1.063159837,2.055500844,-2.690421733,2.311529024,1.378601781,6,5,two_open_b
176.583043,0.460535419,-1.060101370,2.060755632,-2.688593986,2.308935677,1.375203452,6,5,two_open_b
176.607286,0.461312517,-1.057042903,2.066010421,-2.686766239,2.306342331,1.371805122,6,5,two_open_b
176.631528,0.461540776,-1.054801066,2.069081227,-2.685589900,2.305976189,1.368934925,6,5,two_open_b
176.655770,0.461245453,-1.051323772,2.072849485,-2.684338561,2.308110316,1.364289530,6,5,two_open_b
176.680013,0.460950130,-1.047846478,2.076617742,-2.683087222,2.310244442,1.359644135,6,5,two_open_b
176.704255,0.460651849,-1.044381482,2.080368617,-2.681850540,2.312386582,1.355003390,6,5,two_open_b
176.728498,0.459731166,-1.041099152,2.082767375,-2.681729975,2.316796873,1.349774719,6,5,two_open_b
176.752740,0.458475465,-1.037121946,2.085198706,-2.681561102,2.322619955,1.343713011,6,5,two_open_b
176.776983,0.457219764,-1.033144740,2.087630036,-2.681392230,2.328443038,1.337651302,6,5,two_open_b
176.801225,0.455939656,-1.030329988,2.088444951,-2.681208180,2.334153474,1.333962827,6,5,two_open_b
176.825467,0.454659548,-1.027515235,2.089259865,-2.681024129,2.339863910,1.330274351,6,5,two_open_b
176.849710,0.452324123,-1.022898515,2.091014693,-2.682519425,2.347892932,1.322526319,6,5,two_open_b
176.873952,0.450024255,-1.018365696,2.092722157,-2.684019813,2.355752158,1.314898843,6,5,two_open_b
176.898195,0.448247970,-1.015068335,2.093732169,-2.685595201,2.361111115,1.309046564,6,5,two_open_b
176.922437,0.446471685,-1.011770974,2.094742181,-2.687170590,2.366470071,1.303194286,6,5,two_open_b
176.946680,0.444695399,-1.008473612,2.095752193,-2.688745978,2.371829028,1.297342007,6,5,two_open_b
176.970922,0.443305065,-1.005976769,2.096724680,-2.690377017,2.375560406,1.292449414,6,5,two_open_b
176.995164,0.441788117,-1.002538992,2.096808917,-2.691896240,2.379822302,1.288198467,6,5,two_open_b
177.019407,0.440271169,-0.999101214,2.096893154,-2.693415463,2.384084199,1.283947519,6,5,two_open_b
177.043649,0.438754221,-0.995663436,2.096977391,-2.694934686,2.388346096,1.279696572,6,5,two_open_b
177.067892,0.437378489,-0.991460431,2.096360933,-2.695455203,2.391943221,1.276540407,6,5,two_open_b
177.092134,0.437120976,-0.988718527,2.094492441,-2.693851505,2.392925642,1.277931462,6,5,two_open_b
177.116377,0.436863464,-0.985976624,2.092623949,-2.692247807,2.393908063,1.279322518,6,5,two_open_b
177.140619,0.436605952,-0.983234720,2.090755457,-2.690644109,2.394890484,1.280713573,6,5,two_open_b
177.164861,0.436348439,-0.980492817,2.088886965,-2.689040411,2.395872905,1.282104628,6,5,two_open_b
177.189104,0.435612322,-0.976311178,2.086876847,-2.689276274,2.398782540,1.281916169,6,5,two_open_b
177.213346,0.434876204,-0.972129539,2.084866728,-2.689512137,2.401692176,1.281727710,6,5,two_open_b
177.237589,0.434601718,-0.969583710,2.083712286,-2.689908123,2.402658500,1.281730641,6,5,two_open_b
177.261831,0.434327232,-0.967037881,2.082557844,-2.690304109,2.403624825,1.281733573,6,5,two_open_b
177.286073,0.434052746,-0.964492052,2.081403402,-2.690700095,2.404591149,1.281736505,6,5,two_open_b
177.310316,0.433587543,-0.962495229,2.080831505,-2.692146207,2.406457324,1.280674214,6,5,two_open_b
177.334558,0.432821452,-0.959799749,2.080003700,-2.694284396,2.409749806,1.279266372,6,5,two_open_b
177.358801,0.432025673,-0.956974588,2.079105033,-2.696453425,2.413183280,1.277876258,6,5,two_open_b
177.383043,0.431261548,-0.953376254,2.077534935,-2.697726590,2.416317582,1.277615495,6,5,two_open_b
177.407286,0.430520946,-0.949203359,2.075465881,-2.698334021,2.419229564,1.278193973,6,5,two_open_b
177.431528,0.430258950,-0.946470200,2.073538455,-2.697101891,2.420214331,1.280351965,6,5,two_open_b
177.455770,0.429996954,-0.943737041,2.071611028,-2.695869761,2.421199099,1.282509958,6,5,two_open_b
177.480013,0.429734957,-0.941003882,2.069683602,-2.694637631,2.422183866,1.284667950,6,5,two_open_b
177.504255,0.429487048,-0.936908277,2.067200066,-2.693962484,2.423337861,1.286413445,6,5,two_open_b
177.528498,0.429239139,-0.932812671,2.064716531,-2.693287337,2.424491856,1.288158940,6,5,two_open_b
177.552740,0.429040730,-0.928933286,2.062351145,-2.692560770,2.425410772,1.289874876,6,5,two_open_b
177.576983,0.429199283,-0.925772327,2.060072033,-2.691615548,2.425578996,1.291444641,6,5,two_open_b
177.601225,0.429616318,-0.922123578,2.056937366,-2.690694395,2.426336001,1.292988877,6,5,two_open_b
177.625467,0.430001699,-0.919248003,2.054474133,-2.690669105,2.427392177,1.293403762,6,5,two_open_b
177.649710,0.430363556,-0.916946988,2.052509853,-2.691309549,2.428670673,1.292979406,6,5,two_open_b
177.673952,0.430757782,-0.914617696,2.050501560,-2.691957612,2.429947821,1.292572447,6,5,two_open_b
177.698195,0.431893432,-0.911640736,2.047485131,-2.692780185,2.431194104,1.292563946,6,5,two_open_b
177.722437,0.433029081,-0.908663776,2.044468702,-2.693602758,2.432440388,1.292555446,6,5,two_open_b
177.746680,0.434150643,-0.907049262,2.042008382,-2.693868348,2.433517443,1.292959442,6,5,two_open_b
177.770922,0.435272205,-0.905434749,2.039548062,-2.694133938,2.434594499,1.293363439,6,5,two_open_b
177.795164,0.437736252,-0.903566897,2.036648389,-2.693692623,2.432080425,1.295899219,6,5,two_open_b
177.819407,0.440081322,-0.902020144,2.034230470,-2.693222755,2.429186855,1.298439056,6,5,two_open_b
177.843649,0.442197598,-0.901090861,2.032738967,-2.692697979,2.425563512,1.300986695,6,5,two_open_b
177.867892,0.444389412,-0.900113130,2.030982244,-2.691971544,2.422064553,1.304027702,6,5,two_open_b
177.892134,0.447208767,-0.898732898,2.027022154,-2.689569790,2.419598935,1.311167462,6,5,two_open_b
177.916377,0.449995752,-0.897380942,2.023106078,-2.687160418,2.417134664,1.318289826,6,5,two_open_b
177.940619,0.452041314,-0.896676654,2.020198137,-2.684576535,2.414701259,1.325013731,6,5,two_open_b
177.964861,0.454847710,-0.895723473,2.014438130,-2.678910526,2.413450290,1.337039870,6,5,two_open_b
177.989104,0.457654106,-0.894770292,2.008678123,-2.673244518,2.412199321,1.349066009,6,5,two_open_b
178.013346,0.460460501,-0.893817111,2.002918115,-2.667578509,2.410948352,1.361092148,6,5,two_open_b
178.037589,0.461924412,-0.893117267,1.997597462,-2.662619405,2.413288513,1.370986504,6,5,two_open_b
178.061831,0.463388324,-0.892417424,1.992276808,-2.657660302,2.415628674,1.380880860,6,5,two_open_b
178.086073,0.465682963,-0.892358712,1.986018729,-2.651937443,2.415623447,1.394048132,6,5,two_open_b
178.110316,0.468233063,-0.892603903,1.979652359,-2.646111929,2.414559334,1.408026107,6,5,two_open_b
178.134558,0.470155623,-0.893251595,1.975489356,-2.641961735,2.412461880,1.417905328,6,5,two_open_b
178.158801,0.472078182,-0.893899287,1.971326353,-2.637811540,2.410364425,1.427784549,6,5,two_open_b
178.183043,0.474000742,-0.894546979,1.967163350,-2.633661345,2.408266971,1.437663770,6,5,two_open_b
178.207286,0.475509789,-0.895809890,1.965704172,-2.632286912,2.403372501,1.443061870,6,5,two_open_b
178.231528,0.477450291,-0.897527866,1.964060843,-2.630531903,2.396472343,1.449479985,6,5,two_open_b
178.255770,0.479822247,-0.899700905,1.962233363,-2.628396316,2.387566497,1.456918116,6,5,two_open_b
178.280013,0.482625659,-0.902329007,1.960221731,-2.625880153,2.376654962,1.465376262,6,5,two_open_b
178.304255,0.485565949,-0.905101479,1.958151678,-2.623243252,2.365107122,1.474158008,6,5,two_open_b
178.328498,0.487675511,-0.907232819,1.957019050,-2.621370106,2.355904670,1.479666839,6,5,two_open_b
178.352740,0.490819310,-0.910723207,1.955431818,-2.617948776,2.341879518,1.488441686,6,5,two_open_b
178.376983,0.493963110,-0.914213595,1.953844586,-2.614527446,2.327854366,1.497216533,6,5,two_open_b
178.401225,0.497106910,-0.917703983,1.952257354,-2.611106115,2.313829214,1.505991380,6,5,two_open_b
178.425467,0.500250709,-0.921194372,1.950670122,-2.607684785,2.299804062,1.514766227,6,5,two_open_b
178.449710,0.503047188,-0.924318434,1.949231132,-2.604569819,2.287393489,1.522719961,6,5,two_open_b
178.473952,0.505412212,-0.926987432,1.947976292,-2.601835429,2.276988604,1.529653680,6,5,two_open_b
178.498195,0.507345782,-0.929201367,1.946905604,-2.599481617,2.268589408,1.535567383,6,5,two_open_b
178.522437,0.509009418,-0.931131021,1.945954488,-2.597252156,2.261434098,1.540874000,6,5,two_open_b
178.546680,0.512512257,-0.935005687,1.944271723,-2.592008747,2.245595092,1.550908842,6,5,two_open_b
178.570922,0.516015096,-0.938880352,1.942588957,-2.586765337,2.229756086,1.560943685,6,5,two_open_b
178.595164,0.518152699,-0.941140515,1.941734307,-2.583374425,2.219674282,1.566408439,6,5,two_open_b
178.619407,0.520290302,-0.943400678,1.940879656,-2.579983513,2.209592479,1.571873194,6,5,two_open_b
178.643649,0.524818614,-0.947786722,1.939207367,-2.573599055,2.188646181,1.582108870,6,5,two_open_b
178.667892,0.529346926,-0.952172767,1.937535078,-2.567214597,2.167699882,1.592344547,6,5,two_open_b
178.692134,0.533875239,-0.956558811,1.935862788,-2.560830139,2.146753584,1.602580223,6,5,two_open_b
178.716377,0.538403551,-0.960944856,1.934190499,-2.554445681,2.125807286,1.612815899,6,5,two_open_b
178.740619,0.542931863,-0.965330900,1.932518210,-2.548061222,2.104860988,1.623051576,6,5,two_open_b
178.764861,0.549099837,-0.971259785,1.930727844,-2.540696457,2.076428703,1.635573397,6,5,two_open_b
178.789104,0.553291729,-0.975099290,1.929727550,-2.536466380,2.057316419,1.643043393,6,5,two_open_b
178.813346,0.557483621,-0.978938794,1.928727256,-2.532236302,2.038204135,1.650513388,6,5,two_open_b
178.837589,0.561675513,-0.982778298,1.927726962,-2.528006225,2.019091852,1.657983384,6,5,two_open_b
178.861831,0.565867405,-0.986617803,1.926726668,-2.523776147,1.999979568,1.665453379,6,5,two_open_b
178.886073,0.568271778,-0.989795621,1.926234970,-2.522543408,1.988003988,1.668994360,6,5,two_open_b
178.910316,0.570676151,-0.992973439,1.925743272,-2.521310669,1.976028408,1.672535342,6,5,two_open_b
178.934558,0.573080524,-0.996151256,1.925251574,-2.520077930,1.964052828,1.676076323,6,5,two_open_b
178.958801,0.575305058,-1.000392685,1.924948709,-2.520334172,1.951842730,1.680138912,6,5,two_open_b
178.983043,0.577504086,-1.004784969,1.924672628,-2.520801600,1.939599370,1.684275483,6,5,two_open_b
179.007286,0.577901930,-1.007463630,1.924579201,-2.522505560,1.935603799,1.685712980,6,5,two_open_b
179.031528,0.576142236,-1.011239364,1.920418856,-2.521359458,1.938721582,1.688484985,6,5,two_open_b
179.055770,0.574382542,-1.015015097,1.916258511,-2.520213355,1.941839364,1.691256990,6,5,two_open_b
179.080013,0.572622848,-1.018790831,1.912098166,-2.519067253,1.944957146,1.694028995,6,5,two_open_b
179.104255,0.570863154,-1.022566565,1.907937821,-2.517921151,1.948074929,1.696800999,6,5,two_open_b
179.128498,0.568500270,-1.024878104,1.904086519,-2.516771256,1.954920502,1.698731097,6,5,two_open_b
179.152740,0.568593347,-1.028886289,1.901556939,-2.516872852,1.948528804,1.701726008,6,5,two_open_b
179.176983,0.568686423,-1.032894475,1.899027360,-2.516974447,1.942137106,1.704720919,6,5,two_open_b
179.201225,0.568959338,-1.035839050,1.896308947,-2.515587063,1.935979926,1.707194222,6,5,two_open_b
179.225467,0.569257760,-1.038632769,1.893563752,-2.513988491,1.929856008,1.709593544,6,5,two_open_b
179.249710,0.568729448,-1.042439979,1.889063265,-2.512054526,1.926462251,1.713264127,6,5,two_open_b
179.273952,0.569956836,-1.045642727,1.887776529,-2.512807604,1.917282149,1.716218104,6,5,two_open_b
179.298195,0.571184223,-1.048845476,1.886489793,-2.513560683,1.908102046,1.719172081,6,5,two_open_b
179.322437,0.572411611,-1.052048225,1.885203057,-2.514313761,1.898921943,1.722126058,6,5,two_open_b
179.346680,0.573638999,-1.055250973,1.883916321,-2.515066839,1.889741840,1.725080036,6,5,two_open_b
179.370922,0.574866387,-1.058453722,1.882629585,-2.515819917,1.880561737,1.728034013,6,5,two_open_b
179.395164,0.574048703,-1.061202785,1.878681471,-2.514410920,1.881712069,1.732043610,6,5,two_open_b
179.419407,0.573261633,-1.064044457,1.874633543,-2.512934079,1.882645821,1.736211195,6,5,two_open_b
179.443649,0.572474564,-1.066886129,1.870585616,-2.511457237,1.883579573,1.740378780,6,5,two_open_b
179.467892,0.571687494,-1.069727802,1.866537688,-2.509980396,1.884513325,1.744546365,6,5,two_open_b
179.492134,0.569327524,-1.072559215,1.862642903,-2.510350489,1.890731135,1.748402483,6,5,two_open_b
179.516377,0.567369393,-1.074898017,1.859601284,-2.510883600,1.895621937,1.751640699,6,5,two_open_b
179.540619,0.565411261,-1.077236820,1.856559666,-2.511416712,1.900512740,1.754878915,6,5,two_open_b
179.564861,0.563453130,-1.079575622,1.853518048,-2.511949824,1.905403542,1.758117131,6,5,two_open_b
179.589104,0.561494998,-1.081914424,1.850476429,-2.512482936,1.910294345,1.761355347,6,5,two_open_b
179.613346,0.559536867,-1.084253226,1.847434811,-2.513016048,1.915185147,1.764593562,6,5,two_open_b
179.637589,0.557390126,-1.085659656,1.845467935,-2.514092631,1.921468738,1.766212548,6,5,two_open_b
179.661831,0.556223077,-1.088385175,1.842396789,-2.513568449,1.921087225,1.769951624,6,5,two_open_b
179.686073,0.555056029,-1.091110694,1.839325643,-2.513044266,1.920705713,1.773690701,6,5,two_open_b
179.710316,0.553888981,-1.093836212,1.836254497,-2.512520084,1.920324200,1.777429778,6,5,two_open_b
179.734558,0.555121567,-1.095558500,1.834785500,-2.510484361,1.911928468,1.780209060,6,5,two_open_b
179.758801,0.556344012,-1.097515848,1.833492192,-2.508893072,1.903107021,1.783055967,6,5,two_open_b
179.783043,0.557526024,-1.100410270,1.832899269,-2.509073529,1.892588456,1.786172462,6,5,two_open_b
179.807286,0.558708037,-1.103304692,1.832306346,-2.509253985,1.882069890,1.789288956,6,5,two_open_b
179.831528,0.559890050,-1.106199114,1.831713423,-2.509434441,1.871551324,1.792405450,6,5,two_open_b
179.855770,0.561072063,-1.109093536,1.831120500,-2.509614898,1.861032759,1.795521945,6,5,two_open_b
179.880013,0.562031796,-1.111677369,1.830792489,-2.510162467,1.852028241,1.798137236,6,5,two_open_b
179.904255,0.561525185,-1.113505686,1.831193826,-2.512669366,1.849853813,1.798953882,6,5,two_open_b
179.928498,0.560736211,-1.115740288,1.831301224,-2.515356268,1.847647440,1.800067375,6,5,two_open_b
179.952740,0.559947237,-1.117974890,1.831408623,-2.518043170,1.845441066,1.801180868,6,5,two_open_b
179.976983,0.559158263,-1.120209492,1.831516021,-2.520730072,1.843234693,1.802294362,6,5,two_open_b
180.001225,0.558379432,-1.122209033,1.831447731,-2.522972539,1.841454034,1.803340230,6,5,two_open_b
180.025467,0.557641031,-1.123271500,1.830679056,-2.523443261,1.841370495,1.804116512,6,5,two_open_b
180.049710,0.556902631,-1.124333967,1.829910381,-2.523913983,1.841286955,1.804892793,6,5,two_open_b
180.073952,0.555478839,-1.125906983,1.827951083,-2.523955617,1.843152720,1.805980746,6,5,two_open_b
180.098195,0.553126065,-1.128171997,1.824378013,-2.523415666,1.847660574,1.807491140,6,5,two_open_b
180.122437,0.550773292,-1.130437011,1.820804944,-2.522875715,1.852168428,1.809001534,6,5,two_open_b
180.146680,0.548876556,-1.132045842,1.817706611,-2.522045044,1.856727877,1.810032494,6,5,two_open_b
180.170922,0.547262183,-1.133248389,1.814902216,-2.521034371,1.861319271,1.810766607,6,5,two_open_b
180.195164,0.545647810,-1.134450936,1.812097822,-2.520023697,1.865910665,1.811500720,6,5,two_open_b
180.219407,0.544033437,-1.135653483,1.809293428,-2.519013024,1.870502059,1.812234832,6,5,two_open_b
180.243649,0.542419063,-1.136856029,1.806489033,-2.518002351,1.875093454,1.812968945,6,5,two_open_b
180.267892,0.540764023,-1.138109416,1.803567265,-2.516934132,1.879724157,1.813800296,6,5,two_open_b
180.292134,0.538848298,-1.139688702,1.799893103,-2.515497037,1.884606842,1.815254966,6,5,two_open_b
180.316377,0.537357281,-1.141083337,1.796657170,-2.514120152,1.887792205,1.817021284,6,5,two_open_b
180.340619,0.536534559,-1.142111872,1.794282614,-2.512955975,1.888587461,1.818988481,6,5,two_open_b
180.364861,0.535510002,-1.143392734,1.791325516,-2.511506195,1.889577815,1.821438284,6,5,two_open_b
180.389104,0.534485445,-1.144673597,1.788368419,-2.510056416,1.890568168,1.823888086,6,5,two_open_b
180.413346,0.533460887,-1.145954459,1.785411321,-2.508606636,1.891558521,1.826337889,6,5,two_open_b
180.437589,0.532436330,-1.147235321,1.782454224,-2.507156856,1.892548874,1.828787691,6,5,two_open_b
180.461831,0.531411773,-1.148516184,1.779497127,-2.505707076,1.893539227,1.831237494,6,5,two_open_b
180.486073,0.530387216,-1.149797046,1.776540029,-2.504257296,1.894529581,1.833687296,6,5,two_open_b
180.510316,0.529403326,-1.151027068,1.773700305,-2.502865061,1.895480625,1.836039861,6,5,two_open_b
180.534558,0.528680121,-1.151931192,1.771612976,-2.501841704,1.896179686,1.837769106,6,5,two_open_b
180.558801,0.528217600,-1.152509417,1.770278040,-2.501187223,1.896626766,1.838875031,6,5,two_open_b
180.583043,0.528015765,-1.152761744,1.769695499,-2.500901620,1.896821863,1.839357636,6,5,two_open_b
180.607286,0.528015765,-1.152761744,1.769695499,-2.500901620,1.896821863,1.839357636,6,5,two_open_b
180.631528,0.529843363,-1.154242051,1.770450507,-2.502769512,1.886995435,1.840299737,6,5,two_open_b
180.655770,0.531728952,-1.155769330,1.771229472,-2.504696674,1.876857205,1.841271733,6,5,two_open_b
180.680013,0.533614541,-1.157296609,1.772008437,-2.506623835,1.866718974,1.842243728,6,5,two_open_b
180.704255,0.535500131,-1.158823888,1.772787403,-2.508550997,1.856580744,1.843215723,6,5,two_open_b
180.728498,0.537385720,-1.160351166,1.773566368,-2.510478159,1.846442514,1.844187718,6,5,two_open_b
180.752740,0.537760305,-1.163056913,1.771588516,-2.511601345,1.841784377,1.845692632,6,5,two_open_b
180.776983,0.538134890,-1.165762660,1.769610664,-2.512724532,1.837126241,1.847197546,6,5,two_open_b
180.801225,0.538509476,-1.168468407,1.767632812,-2.513847718,1.832468104,1.848702460,6,5,two_open_b
180.825467,0.538884061,-1.171174154,1.765654961,-2.514970905,1.827809967,1.850207373,6,5,two_open_b
180.849710,0.539258646,-1.173879901,1.763677109,-2.516094091,1.823151831,1.851712287,6,5,two_open_b
180.873952,0.537805633,-1.175105341,1.760944249,-2.515349386,1.828320122,1.852275100,6,5,two_open_b
180.898195,0.536294629,-1.176283809,1.758187432,-2.514545411,1.833800216,1.852808018,6,5,two_open_b
180.922437,0.532222305,-1.178430920,1.751876609,-2.512630530,1.849661711,1.853960069,6,5,two_open_b
180.946680,0.528149980,-1.180578030,1.745565786,-2.510715649,1.865523205,1.855112120,6,5,two_open_b
180.970922,0.524077656,-1.182725141,1.739254963,-2.508800768,1.881384700,1.856264170,6,5,two_open_b
180.995164,0.521516335,-1.183693784,1.735700957,-2.507689863,1.891766101,1.856883302,6,5,two_open_b
181.019407,0.518955015,-1.184662427,1.732146951,-2.506578957,1.902147502,1.857502435,6,5,two_open_b
181.043649,0.516393695,-1.185631070,1.728592944,-2.505468051,1.912528903,1.858121567,6,5,two_open_b
181.067892,0.513832374,-1.186599713,1.725038938,-2.504357146,1.922910304,1.858740699,6,5,two_open_b
181.092134,0.511271054,-1.187568355,1.721484932,-2.503246240,1.933291705,1.859359831,6,5,two_open_b
181.116377,0.508709733,-1.188536998,1.717930926,-2.502135335,1.943673106,1.859978963,6,5,two_open_b
181.140619,0.506148413,-1.189505641,1.714376920,-2.501024429,1.954054507,1.860598095,6,5,two_open_b
181.164861,0.506148413,-1.189505641,1.714376920,-2.501024429,1.954054507,1.860598095,6,5,two_open_b
181.189104,0.506148413,-1.189505641,1.714376920,-2.501024429,1.954054507,1.860598095,6,5,two_open_b
181.213346,0.506148413,-1.189505641,1.714376920,-2.501024429,1.954054507,1.860598095,6,5,two_open_b
181.237589,0.506376328,-1.190097581,1.712941966,-2.500165364,1.953652317,1.861807059,6,5,two_open_b
181.261831,0.506801573,-1.191202027,1.710264622,-2.498562517,1.952901908,1.864062750,6,5,two_open_b
181.286073,0.507226817,-1.192306473,1.707587277,-2.496959669,1.952151499,1.866318442,6,5,two_open_b
181.310316,0.507652062,-1.193410918,1.704909932,-2.495356821,1.951401091,1.868574134,6,5,two_open_b
181.334558,0.508077307,-1.194515364,1.702232587,-2.493753974,1.950650682,1.870829825,6,5,two_open_b
181.358801,0.508502552,-1.195619810,1.699555242,-2.492151126,1.949900273,1.873085517,6,5,two_open_b
181.383043,0.508927797,-1.196724256,1.696877898,-2.490548278,1.949149865,1.875341208,6,5,two_open_b
181.407286,0.509353041,-1.197828701,1.694200553,-2.488945430,1.948399456,1.877596900,6,5,two_open_b
181.431528,0.509778286,-1.198933147,1.691523208,-2.487342583,1.947649047,1.879852592,6,5,two_open_b
181.455770,0.510203531,-1.200037593,1.688845863,-2.485739735,1.946898639,1.882108283,6,5,two_open_b
181.480013,0.510400861,-1.200550098,1.687603472,-2.484995952,1.946550420,1.883155011,6,5,two_open_b
181.504255,0.510400861,-1.200550098,1.687603472,-2.484995952,1.946550420,1.883155011,6,5,two_open_b
181.528498,0.510400861,-1.200550098,1.687603472,-2.484995952,1.946550420,1.883155011,6,5,two_open_b
181.552740,0.512703791,-1.201461068,1.685156579,-2.481551273,1.937368446,1.881848947,6,5,two_open_b
181.576983,0.515006720,-1.202372038,1.682709687,-2.478106593,1.928186472,1.880542882,6,5,two_open_b
181.601225,0.517309650,-1.203283008,1.680262794,-2.474661914,1.919004498,1.879236818,6,5,two_open_b
181.625467,0.519612580,-1.204193978,1.677815901,-2.471217235,1.909822524,1.877930754,6,5,two_open_b
181.649710,0.521915510,-1.205104948,1.675369009,-2.467772555,1.900640550,1.876624689,6,5,two_open_b
181.673952,0.524218439,-1.206015918,1.672922116,-2.464327876,1.891458575,1.875318625,6,5,two_open_b
181.698195,0.526521369,-1.206926888,1.670475223,-2.460883197,1.882276601,1.874012561,6,5,two_open_b
181.722437,0.528824299,-1.207837858,1.668028330,-2.457438518,1.873094627,1.872706497,6,5,two_open_b
181.746680,0.531127228,-1.208748828,1.665581438,-2.453993838,1.863912653,1.871400432,6,5,two_open_b
181.770922,0.533430158,-1.209659798,1.663134545,-2.450549159,1.854730679,1.870094368,6,5,two_open_b
181.795164,0.533430158,-1.209659798,1.663134545,-2.450549159,1.854730679,1.870094368,6,5,two_open_b
181.819407,0.533430158,-1.209659798,1.663134545,-2.450549159,1.854730679,1.870094368,6,5,two_open_b
181.843649,0.533430158,-1.209659798,1.663134545,-2.450549159,1.854730679,1.870094368,6,5,two_open_b
181.867892,0.533430158,-1.209659798,1.663134545,-2.450549159,1.854730679,1.870094368,6,5,two_open_b
181.892134,0.533430158,-1.209659798,1.663134545,-2.450549159,1.854730679,1.870094368,6,5,two_open_b
181.916377,0.533430158,-1.209659798,1.663134545,-2.450549159,1.854730679,1.870094368,6,5,two_open_b
181.940619,0.533430158,-1.209659798,1.663134545,-2.450549159,1.854730679,1.870094368,6,5,two_open_b
181.964861,0.533430158,-1.209659798,1.663134545,-2.450549159,1.854730679,1.870094368,6,5,two_open_b
181.989104,0.533430158,-1.209659798,1.663134545,-2.450549159,1.854730679,1.870094368,6,5,two_open_b
182.013346,0.533430158,-1.209659798,1.663134545,-2.450549159,1.854730679,1.870094368,6,5,two_open_b
182.037589,0.533430158,-1.209659798,1.663134545,-2.450549159,1.854730679,1.870094368,6,5,two_open_b
182.061831,0.533430158,-1.209659798,1.663134545,-2.450549159,1.854730679,1.870094368,6,5,two_open_b
182.086073,0.533430158,-1.209659798,1.663134545,-2.450549159,1.854730679,1.870094368,6,5,two_open_b
182.110316,0.533430158,-1.209659798,1.663134545,-2.450549159,1.854730679,1.870094368,6,5,two_open_b
182.134558,0.533430158,-1.209659798,1.663134545,-2.450549159,1.854730679,1.870094368,6,5,two_open_b
182.158801,0.533430158,-1.209659798,1.663134545,-2.450549159,1.854730679,1.870094368,6,5,two_open_b
182.183043,0.533430158,-1.209659798,1.663134545,-2.450549159,1.854730679,1.870094368,6,5,two_open_b
182.207286,0.533430158,-1.209659798,1.663134545,-2.450549159,1.854730679,1.870094368,6,5,two_open_b
182.231528,0.533430158,-1.209659798,1.663134545,-2.450549159,1.854730679,1.870094368,6,5,two_open_b
182.255770,0.533430158,-1.209659798,1.663134545,-2.450549159,1.854730679,1.870094368,6,5,two_open_b
182.280013,0.533430158,-1.209659798,1.663134545,-2.450549159,1.854730679,1.870094368,6,5,two_open_b
182.304255,0.533430158,-1.209659798,1.663134545,-2.450549159,1.854730679,1.870094368,6,5,two_open_b
182.328498,0.533430158,-1.209659798,1.663134545,-2.450549159,1.854730679,1.870094368,6,5,two_open_b
182.352740,0.533430158,-1.209659798,1.663134545,-2.450549159,1.854730679,1.870094368,6,5,two_open_b
182.376983,0.533430158,-1.209659798,1.663134545,-2.450549159,1.854730679,1.870094368,6,5,two_open_b
182.401225,0.533430158,-1.209659798,1.663134545,-2.450549159,1.854730679,1.870094368,6,5,two_open_b
182.425467,0.533430158,-1.209659798,1.663134545,-2.450549159,1.854730679,1.870094368,6,5,two_open_b
182.449710,0.533430158,-1.209659798,1.663134545,-2.450549159,1.854730679,1.870094368,6,5,two_open_b
182.473952,0.534180132,-1.209654264,1.662410916,-2.449255752,1.853550485,1.869378723,6,5,two_open_b
182.498195,0.535761717,-1.209642592,1.660884887,-2.446528144,1.851061626,1.867869532,6,5,two_open_b
182.522437,0.537343303,-1.209630921,1.659358858,-2.443800536,1.848572767,1.866360341,6,5,two_open_b
182.546680,0.538924889,-1.209619249,1.657832829,-2.441072929,1.846083909,1.864851150,6,5,two_open_b
182.570922,0.540506475,-1.209607578,1.656306800,-2.438345321,1.843595050,1.863341959,6,5,two_open_b
182.595164,0.542088061,-1.209595907,1.654780770,-2.435617713,1.841106191,1.861832768,6,5,two_open_b
182.619407,0.543669647,-1.209584235,1.653254741,-2.432890105,1.838617332,1.860323577,6,5,two_open_b
182.643649,0.545251233,-1.209572564,1.651728712,-2.430162497,1.836128473,1.858814386,6,5,two_open_b
182.667892,0.546832819,-1.209560892,1.650202683,-2.427434889,1.833639615,1.857305195,6,5,two_open_b
182.692134,0.548414405,-1.209549221,1.648676654,-2.424707281,1.831150756,1.855796003,6,5,two_open_b
182.716377,0.549246017,-1.209543084,1.647874254,-2.423273080,1.829842091,1.855002457,6,5,two_open_b
182.740619,0.549246017,-1.209543084,1.647874254,-2.423273080,1.829842091,1.855002457,6,5,two_open_b
182.764861,0.549246017,-1.209543084,1.647874254,-2.423273080,1.829842091,1.855002457,6,5,two_open_b
182.789104,0.549246017,-1.209543084,1.647874254,-2.423273080,1.829842091,1.855002457,6,5,two_open_b
182.813346,0.549246017,-1.209543084,1.647874254,-2.423273080,1.829842091,1.855002457,6,5,two_open_b
182.837589,0.549246017,-1.209543084,1.647874254,-2.423273080,1.829842091,1.855002457,6,5,two_open_b
182.861831,0.549246017,-1.209543084,1.647874254,-2.423273080,1.829842091,1.855002457,6,5,two_open_b
182.886073,0.549246017,-1.209543084,1.647874254,-2.423273080,1.829842091,1.855002457,6,5,two_open_b
182.910316,0.549696384,-1.209720758,1.648169095,-2.423530867,1.829319887,1.854580762,6,5,two_open_b
182.934558,0.551095479,-1.210272713,1.649085039,-2.424331699,1.827697627,1.853270738,6,5,two_open_b
182.958801,0.552494573,-1.210824667,1.650000982,-2.425132531,1.826075366,1.851960715,6,5,two_open_b
182.983043,0.553893668,-1.211376622,1.650916926,-2.425933363,1.824453106,1.850650691,6,5,two_open_b
183.007286,0.555292763,-1.211928577,1.651832870,-2.426734195,1.822830846,1.849340668,6,5,two_open_b
183.031528,0.556691857,-1.212480532,1.652748813,-2.427535027,1.821208585,1.848030644,6,5,two_open_b
183.055770,0.558090952,-1.213032487,1.653664757,-2.428335859,1.819586325,1.846720621,6,5,two_open_b
183.080013,0.559490047,-1.213584442,1.654580700,-2.429136691,1.817964064,1.845410597,6,5,two_open_b
183.104255,0.560889142,-1.214136397,1.655496644,-2.429937523,1.816341804,1.844100574,6,5,two_open_b
183.128498,0.562288236,-1.214688352,1.656412588,-2.430738355,1.814719544,1.842790550,6,5,two_open_b
183.152740,0.563236964,-1.215062633,1.657033690,-2.431281400,1.813619487,1.841902222,6,5,two_open_b
183.176983,0.563236964,-1.215062633,1.657033690,-2.431281400,1.813619487,1.841902222,6,5,two_open_b
183.201225,0.563236964,-1.215062633,1.657033690,-2.431281400,1.813619487,1.841902222,6,5,two_open_b
183.225467,0.563236964,-1.215062633,1.657033690,-2.431281400,1.813619487,1.841902222,6,5,two_open_b
183.249710,0.562633744,-1.215756624,1.656022380,-2.432616388,1.820163852,1.840484501,6,5,two_open_b
183.273952,0.562030524,-1.216450614,1.655011070,-2.433951376,1.826708216,1.839066779,6,5,two_open_b
183.298195,0.561427304,-1.217144605,1.653999760,-2.435286363,1.833252581,1.837649058,6,5,two_open_b
183.322437,0.560824084,-1.217838596,1.652988450,-2.436621351,1.839796945,1.836231337,6,5,two_open_b
183.346680,0.560220865,-1.218532587,1.651977140,-2.437956339,1.846341310,1.834813616,6,5,two_open_b
183.370922,0.559617645,-1.219226577,1.650965829,-2.439291327,1.852885674,1.833395894,6,5,two_open_b
183.395164,0.559014425,-1.219920568,1.649954519,-2.440626315,1.859430039,1.831978173,6,5,two_open_b
183.419407,0.558411205,-1.220614559,1.648943209,-2.441961302,1.865974403,1.830560452,6,5,two_open_b
183.443649,0.557807985,-1.221308549,1.647931899,-2.443296290,1.872518768,1.829142730,6,5,two_open_b
183.467892,0.557204765,-1.222002540,1.646920589,-2.444631278,1.879063132,1.827725009,6,5,two_open_b
183.492134,0.557204765,-1.222002540,1.646920589,-2.444631278,1.879063132,1.827725009,6,5,two_open_b
183.516377,0.557204765,-1.222002540,1.646920589,-2.444631278,1.879063132,1.827725009,6,5,two_open_b
183.540619,0.557204765,-1.222002540,1.646920589,-2.444631278,1.879063132,1.827725009,6,5,two_open_b
183.564861,0.557204765,-1.222002540,1.646920589,-2.444631278,1.879063132,1.827725009,6,5,two_open_b
183.589104,0.557204765,-1.222002540,1.646920589,-2.444631278,1.879063132,1.827725009,6,5,two_open_b
183.613346,0.557204765,-1.222002540,1.646920589,-2.444631278,1.879063132,1.827725009,6,5,two_open_b
183.637589,0.557204765,-1.222002540,1.646920589,-2.444631278,1.879063132,1.827725009,6,5,two_open_b
183.661831,0.557263964,-1.221918005,1.647147728,-2.444565462,1.879111483,1.827554757,6,5,two_open_b
183.686073,0.557754301,-1.221217814,1.649029091,-2.444020318,1.879511971,1.826144584,6,5,two_open_b
183.710316,0.558244638,-1.220517623,1.650910454,-2.443475174,1.879912459,1.824734411,6,5,two_open_b
183.734558,0.558734975,-1.219817432,1.652791817,-2.442930030,1.880312947,1.823324238,6,5,two_open_b
183.758801,0.559225312,-1.219117241,1.654673180,-2.442384886,1.880713435,1.821914065,6,5,two_open_b
183.783043,0.559715649,-1.218417050,1.656554543,-2.441839742,1.881113923,1.820503892,6,5,two_open_b
183.807286,0.560205987,-1.217716859,1.658435906,-2.441294598,1.881514411,1.819093719,6,5,two_open_b
183.831528,0.560696324,-1.217016667,1.660317269,-2.440749453,1.881914899,1.817683546,6,5,two_open_b
183.855770,0.561186661,-1.216316476,1.662198632,-2.440204309,1.882315387,1.816273373,6,5,two_open_b
183.880013,0.561676998,-1.215616285,1.664079995,-2.439659165,1.882715874,1.814863200,6,5,two_open_b
183.904255,0.562108136,-1.215000629,1.665734219,-2.439179837,1.883068011,1.813623279,6,5,two_open_b
183.928498,0.562108136,-1.215000629,1.665734219,-2.439179837,1.883068011,1.813623279,6,5,two_open_b
183.952740,0.562009752,-1.214670055,1.665992422,-2.439006556,1.883474318,1.813214577,6,5,two_open_b
183.976983,0.561596902,-1.213282865,1.667075921,-2.438279414,1.885179309,1.811499537,6,5,two_open_b
184.001225,0.561184053,-1.211895675,1.668159421,-2.437552272,1.886884299,1.809784496,6,5,two_open_b
184.025467,0.560771203,-1.210508484,1.669242920,-2.436825130,1.888589290,1.808069456,6,5,two_open_b
184.049710,0.560358354,-1.209121294,1.670326420,-2.436097989,1.890294280,1.806354416,6,5,two_open_b
184.073952,0.559945504,-1.207734104,1.671409919,-2.435370847,1.891999271,1.804639375,6,5,two_open_b
184.098195,0.559532654,-1.206346914,1.672493418,-2.434643705,1.893704261,1.802924335,6,5,two_open_b
184.122437,0.559119805,-1.204959724,1.673576918,-2.433916563,1.895409252,1.801209295,6,5,two_open_b
184.146680,0.558706955,-1.203572533,1.674660417,-2.433189421,1.897114242,1.799494254,6,5,two_open_b
184.170922,0.558294106,-1.202185343,1.675743917,-2.432462280,1.898819233,1.797779214,6,5,two_open_b
184.195164,0.557979640,-1.201128727,1.676569213,-2.431908419,1.900117916,1.796472876,6,5,two_open_b
184.219407,0.558249239,-1.200981753,1.676978294,-2.432018755,1.899119665,1.796243810,6,5,two_open_b
184.243649,0.559960480,-1.200048861,1.679574874,-2.432719100,1.892783416,1.794789850,6,5,two_open_b
184.267892,0.561671720,-1.199115969,1.682171455,-2.433419444,1.886447167,1.793335890,6,5,two_open_b
184.292134,0.563382960,-1.198183077,1.684768035,-2.434119788,1.880110918,1.791881929,6,5,two_open_b
184.316377,0.565094201,-1.197250184,1.687364615,-2.434820132,1.873774670,1.790427969,6,5,two_open_b
184.340619,0.566805441,-1.196317292,1.689961196,-2.435520476,1.867438421,1.788974009,6,5,two_open_b
184.364861,0.568516682,-1.195384400,1.692557776,-2.436220821,1.861102172,1.787520048,6,5,two_open_b
184.389104,0.570227922,-1.194451507,1.695154356,-2.436921165,1.854765923,1.786066088,6,5,two_open_b
184.413346,0.572461290,-1.192349407,1.700217694,-2.438629904,1.847047612,1.782961663,6,5,two_open_b
184.437589,0.574694658,-1.190247307,1.705281032,-2.440338643,1.839329301,1.779857239,6,5,two_open_b
184.461831,0.576658426,-1.188292180,1.709935288,-2.441937045,1.832609241,1.776981880,6,5,two_open_b
184.486073,0.577180554,-1.187122972,1.712402046,-2.442945440,1.831227178,1.775331415,6,5,two_open_b
184.510316,0.577702681,-1.185953764,1.714868803,-2.443953834,1.829845116,1.773680951,6,5,two_open_b
184.534558,0.579810586,-1.183908764,1.720969392,-2.446600223,1.823353129,1.771000110,6,5,two_open_b
184.558801,0.581918492,-1.181863763,1.727069980,-2.449246611,1.816861141,1.768319269,6,5,two_open_b
184.583043,0.584026398,-1.179818763,1.733170569,-2.451892999,1.810369154,1.765638428,6,5,two_open_b
184.607286,0.586182031,-1.177735306,1.739415019,-2.454597043,1.803728802,1.762898052,6,5,two_open_b
184.631528,0.588640700,-1.175407683,1.746572872,-2.457667154,1.796146451,1.759779672,6,5,two_open_b
184.655770,0.590880276,-1.174005100,1.752177372,-2.460094937,1.789004164,1.757933753,6,5,two_open_b
184.680013,0.593422888,-1.172358349,1.758695277,-2.462888787,1.780919878,1.755709830,6,5,two_open_b
184.704255,0.596247057,-1.170484737,1.766061847,-2.466022758,1.771960357,1.753134695,6,5,two_open_b
184.728498,0.599071226,-1.168611125,1.773428418,-2.469156730,1.763000837,1.750559560,6,5,two_open_b
184.752740,0.601895395,-1.166737513,1.780794988,-2.472290702,1.754041316,1.747984424,6,5,two_open_b
184.776983,0.603767257,-1.164851962,1.786990039,-2.474574111,1.748989123,1.745152883,6,5,two_open_b
184.801225,0.605894002,-1.162609224,1.794175821,-2.477174349,1.743453054,1.741803596,6,5,two_open_b
184.825467,0.608107504,-1.160296298,1.801490418,-2.479755559,1.737694302,1.738343900,6,5,two_open_b
184.849710,0.610598211,-1.157758951,1.809143603,-2.482207843,1.731249894,1.734530226,6,5,two_open_b
184.873952,0.613110816,-1.155202894,1.816365834,-2.484222792,1.724913465,1.730681041,6,5,two_open_b
184.898195,0.615645320,-1.152628127,1.823157111,-2.485800405,1.718685014,1.726796347,6,5,two_open_b
184.922437,0.618201721,-1.150034650,1.829517434,-2.486940682,1.712564542,1.722876142,6,5,two_open_b
184.946680,0.620555727,-1.147603991,1.835146628,-2.487723474,1.707116116,1.719206408,6,5,two_open_b
184.970922,0.622993748,-1.145031840,1.841009804,-2.488474136,1.701712538,1.715208719,6,5,two_open_b
184.995164,0.626032183,-1.141448509,1.848545138,-2.488995185,1.696629463,1.708867303,6,5,two_open_b
185.019407,0.628437146,-1.138752911,1.853618161,-2.488728802,1.692748987,1.703812668,6,5,two_open_b
185.043649,0.630587227,-1.136414499,1.857700453,-2.488145591,1.689352386,1.699275779,6,5,two_open_b
185.067892,0.632650550,-1.134146274,1.861653930,-2.487581408,1.686178468,1.694849299,6,5,two_open_b
185.092134,0.633605886,-1.131198924,1.865759064,-2.486031943,1.690069406,1.687908518,6,5,two_open_b
185.116377,0.634236289,-1.128514450,1.869381748,-2.484553747,1.694794365,1.681381251,6,5,two_open_b
185.140619,0.634541758,-1.126092854,1.872521982,-2.483146821,1.700353344,1.675267497,6,5,two_open_b
185.164861,0.634936154,-1.122849806,1.875026199,-2.479766911,1.707426698,1.668949376,6,5,two_open_b
185.189104,0.635251388,-1.119670802,1.877412879,-2.476404365,1.714703239,1.662731997,6,5,two_open_b
185.213346,0.635482607,-1.116633290,1.879565577,-2.473073947,1.721934934,1.656842572,6,5,two_open_b
185.237589,0.635113413,-1.114606957,1.880046117,-2.469973144,1.728846124,1.653296876,6,5,two_open_b
185.261831,0.634970119,-1.111519875,1.881972304,-2.467339713,1.737175198,1.648503629,6,5,two_open_b
185.286073,0.634850049,-1.108323748,1.884047106,-2.464754329,1.745650031,1.643582134,6,5,two_open_b
185.310316,0.634729978,-1.105127620,1.886121908,-2.462168944,1.754124864,1.638660638,6,5,two_open_b
185.334558,0.635392962,-1.102873497,1.887562603,-2.460640111,1.756368860,1.636666957,6,5,two_open_b
185.358801,0.636055946,-1.100619373,1.889003298,-2.459111278,1.758612857,1.634673277,6,5,two_open_b
185.383043,0.637018363,-1.097261129,1.890388692,-2.456233143,1.761551960,1.630652003,6,5,two_open_b
185.407286,0.637605354,-1.094845492,1.891920554,-2.455226065,1.763899931,1.626988352,6,5,two_open_b
185.431528,0.638192345,-1.092429854,1.893452416,-2.454218988,1.766247902,1.623324701,6,5,two_open_b
185.455770,0.638779336,-1.090014216,1.894984278,-2.453211911,1.768595874,1.619661050,6,5,two_open_b
185.480013,0.639366327,-1.087598578,1.896516140,-2.452204834,1.770943845,1.615997399,6,5,two_open_b
185.504255,0.639727416,-1.086243689,1.896602354,-2.450730385,1.771873934,1.613581297,6,5,two_open_b
185.528498,0.640065283,-1.084997846,1.896539954,-2.449207889,1.772658263,1.611293446,6,5,two_open_b
185.552740,0.640403150,-1.083752003,1.896477554,-2.447685393,1.773442592,1.609005594,6,5,two_open_b
185.576983,0.640741017,-1.082506159,1.896415154,-2.446162897,1.774226921,1.606717742,6,5,two_open_b
185.601225,0.640968004,-1.080485658,1.897800186,-2.446308052,1.776917321,1.604355685,6,5,two_open_b
185.625467,0.640818086,-1.079028030,1.900251829,-2.448967683,1.780244372,1.603969376,6,5,two_open_b
185.649710,0.640629733,-1.077712124,1.902710571,-2.451800509,1.783482200,1.603843325,6,5,two_open_b
185.673952,0.640441381,-1.076396219,1.905169313,-2.454633334,1.786720028,1.603717274,6,5,two_open_b
185.698195,0.640255748,-1.075079115,1.907629102,-2.457466824,1.789955116,1.603590797,6,5,two_open_b
185.722437,0.640199626,-1.073704913,1.910138722,-2.460331959,1.793059756,1.603444045,6,5,two_open_b
185.746680,0.640273015,-1.072273612,1.912698173,-2.463228739,1.796033947,1.603277018,6,5,two_open_b
185.770922,0.640475914,-1.070785214,1.915307456,-2.466157163,1.798877690,1.603089717,6,5,two_open_b
185.795164,0.640808325,-1.069239718,1.917966570,-2.469117233,1.801590984,1.602882141,6,5,two_open_b
185.819407,0.641270246,-1.067637125,1.920675516,-2.472108947,1.804173830,1.602654290,6,5,two_open_b
185.843649,0.641972559,-1.066752091,1.921986860,-2.473464656,1.804720155,1.602480369,6,5,two_open_b
185.867892,0.642881854,-1.066351206,1.922336727,-2.473686834,1.803804276,1.602338019,6,5,two_open_b
185.892134,0.643920660,-1.065893224,1.922736425,-2.473940658,1.802757948,1.602175395,6,5,two_open_b
185.916377,0.645088977,-1.065378144,1.923185954,-2.474226127,1.801581171,1.601992496,6,5,two_open_b
185.940619,0.646384085,-1.064807165,1.923684268,-2.474542576,1.800276685,1.601789748,6,5,two_open_b
185.964861,0.647679192,-1.064236186,1.924182583,-2.474859025,1.798972199,1.601587000,6,5,two_open_b
185.989104,0.648974300,-1.063665207,1.924680897,-2.475175474,1.797667713,1.601384252,6,5,two_open_b
186.013346,0.650269408,-1.063094228,1.925179211,-2.475491923,1.796363227,1.601181504,6,5,two_open_b
186.037589,0.651564516,-1.062523249,1.925677526,-2.475808371,1.795058741,1.600978756,6,5,two_open_b
186.061831,0.652794512,-1.061980976,1.926150787,-2.476108911,1.793819838,1.600786201,6,5,two_open_b
186.086073,0.653894998,-1.061495801,1.926574217,-2.476377806,1.792711383,1.600613921,6,5,two_open_b
186.110316,0.654865973,-1.061067723,1.926947816,-2.476615055,1.791733378,1.600461915,6,5,two_open_b
186.134558,0.655707437,-1.060696744,1.927271583,-2.476820660,1.790885820,1.600330185,6,5,two_open_b
186.158801,0.656419390,-1.060382863,1.927545519,-2.476994620,1.790168712,1.600218729,6,5,two_open_b
186.183043,0.657001832,-1.060126079,1.927769624,-2.477136935,1.789582052,1.600127548,6,5,two_open_b
186.207286,0.657454764,-1.059926393,1.927943897,-2.477247605,1.789125841,1.600056642,6,5,two_open_b
186.231528,0.657778185,-1.059783806,1.928068338,-2.477326630,1.788800078,1.600006011,6,5,two_open_b
186.255770,0.657972095,-1.059698316,1.928142948,-2.477374011,1.788604764,1.599975655,6,5,two_open_b
186.280013,0.658036494,-1.059669924,1.928167727,-2.477389746,1.788539898,1.599965573,6,5,two_open_b
186.304255,0.658036494,-1.059669924,1.928167727,-2.477389746,1.788539898,1.599965573,6,5,two_open_b
186.328498,0.657722419,-1.059847093,1.927665838,-2.477975900,1.790880403,1.600058619,6,5,two_open_b
186.352740,0.656985703,-1.060262673,1.926488574,-2.479350824,1.796370452,1.600276874,6,5,two_open_b
186.376983,0.656037033,-1.060797816,1.924972609,-2.481121316,1.803439998,1.600557922,6,5,two_open_b
186.401225,0.655088363,-1.061332959,1.923456644,-2.482891808,1.810509544,1.600838970,6,5,two_open_b
186.425467,0.654139693,-1.061868102,1.921940679,-2.484662300,1.817579089,1.601120018,6,5,two_open_b
186.449710,0.653191023,-1.062403246,1.920424714,-2.486432791,1.824648635,1.601401066,6,5,two_open_b
186.473952,0.652583321,-1.063184565,1.918772491,-2.488446051,1.830052314,1.601969300,6,5,two_open_b
186.498195,0.652989462,-1.064697872,1.916715115,-2.491181163,1.830502670,1.603391462,6,5,two_open_b
186.522437,0.653395602,-1.066211178,1.914657739,-2.493916276,1.830953026,1.604813624,6,5,two_open_b
186.546680,0.653801743,-1.067724484,1.912600363,-2.496651388,1.831403382,1.606235786,6,5,two_open_b
186.570922,0.654521958,-1.069060622,1.911044875,-2.498800345,1.829513232,1.607564901,6,5,two_open_b
186.595164,0.653787254,-1.070793481,1.907834812,-2.500232481,1.831259729,1.608678227,6,5,two_open_b
186.619407,0.652404955,-1.072697541,1.903896796,-2.501301986,1.834533452,1.609687291,6,5,two_open_b
186.643649,0.651022656,-1.074601601,1.899958781,-2.502371491,1.837807174,1.610696356,6,5,two_open_b
186.667892,0.649640357,-1.076505661,1.896020765,-2.503440996,1.841080897,1.611705421,6,5,two_open_b
186.692134,0.648258058,-1.078409721,1.892082750,-2.504510500,1.844354619,1.612714486,6,5,two_open_b
186.716377,0.647455548,-1.080581449,1.888103237,-2.505758240,1.845293621,1.613504282,6,5,two_open_b
186.740619,0.646491171,-1.082496649,1.884364400,-2.506673679,1.847484214,1.613502996,6,5,two_open_b
186.764861,0.645526793,-1.084411850,1.880625562,-2.507589119,1.849674808,1.613501710,6,5,two_open_b
186.789104,0.644562415,-1.086327050,1.876886725,-2.508504559,1.851865401,1.613500423,6,5,two_open_b
186.813346,0.643755647,-1.088429346,1.873086770,-2.509693848,1.853246496,1.613719178,6,5,two_open_b
186.837589,0.645515295,-1.090714237,1.871349641,-2.512008091,1.844303374,1.614990232,6,5,two_open_b
186.861831,0.648134492,-1.092708365,1.870679166,-2.514289396,1.832253531,1.616302754,6,5,two_open_b
186.886073,0.650753688,-1.094702492,1.870008690,-2.516570701,1.820203688,1.617615277,6,5,two_open_b
186.910316,0.652705394,-1.097663269,1.867396123,-2.518954264,1.810372712,1.620622114,6,5,two_open_b
186.934558,0.654559500,-1.100765388,1.864499584,-2.521352779,1.800866178,1.623876694,6,5,two_open_b
186.958801,0.655492848,-1.103353662,1.861780801,-2.523330291,1.795360232,1.627063356,6,5,two_open_b
186.983043,0.655574222,-1.105466478,1.859226495,-2.524918251,1.793556017,1.630187173,6,5,two_open_b
187.007286,0.655674624,-1.107729339,1.856508505,-2.526648072,1.791565345,1.633435550,6,5,two_open_b
187.031528,0.655890643,-1.110903883,1.852795965,-2.529239846,1.788441745,1.637440754,6,5,two_open_b
187.055770,0.655949052,-1.113891332,1.849144542,-2.531557770,1.786127643,1.641225918,6,5,two_open_b
187.080013,0.655318607,-1.116061052,1.845760244,-2.532678794,1.787351567,1.644049363,6,5,two_open_b
187.104255,0.654688161,-1.118230772,1.842375946,-2.533799818,1.788575491,1.646872809,6,5,two_open_b
187.128498,0.654057716,-1.120400492,1.838991648,-2.534920842,1.789799416,1.649696254,6,5,two_open_b
187.152740,0.653981002,-1.122035237,1.836570844,-2.535906497,1.788942518,1.651078226,6,5,two_open_b
187.176983,0.653825074,-1.124199590,1.832912975,-2.536825735,1.787975743,1.652605451,6,5,two_open_b
187.201225,0.653624676,-1.126532687,1.828872564,-2.537732029,1.787062932,1.654231513,6,5,two_open_b
187.225467,0.653424278,-1.128865784,1.824832154,-2.538638323,1.786150120,1.655857576,6,5,two_open_b
187.249710,0.653052684,-1.131968886,1.819154109,-2.539896733,1.785795545,1.658491944,6,5,two_open_b
187.273952,0.652565474,-1.134160305,1.814470615,-2.540293190,1.786573897,1.660369483,6,5,two_open_b
187.298195,0.652078263,-1.136351724,1.809787121,-2.540689647,1.787352249,1.662247023,6,5,two_open_b
187.322437,0.651589255,-1.138626376,1.804928553,-2.541128323,1.788035073,1.664208922,6,5,two_open_b
187.346680,0.651095838,-1.141105093,1.799640751,-2.541670511,1.788483688,1.666377648,6,5,two_open_b
187.370922,0.650598013,-1.143787874,1.793923715,-2.542316210,1.788698094,1.668753200,6,5,two_open_b
187.395164,0.650209539,-1.146243046,1.788756042,-2.543098531,1.788540246,1.671082736,6,5,two_open_b
187.419407,0.649993471,-1.148231331,1.784680173,-2.544035829,1.787933623,1.673226104,6,5,two_open_b
187.443649,0.649820114,-1.150132320,1.780815527,-2.545027384,1.787179559,1.675353183,6,5,two_open_b
187.467892,0.649646756,-1.152033308,1.776950880,-2.546018939,1.786425494,1.677480263,6,5,two_open_b
187.492134,0.649608749,-1.153938692,1.772831151,-2.546693250,1.783817517,1.679067844,6,5,two_open_b
187.516377,0.649570743,-1.155844075,1.768711422,-2.547367560,1.781209539,1.680655425,6,5,two_open_b
187.540619,0.649532736,-1.157749459,1.764591693,-2.548041870,1.778601562,1.682243006,6,5,two_open_b
187.564861,0.649496527,-1.159571609,1.760647038,-2.548673961,1.776089113,1.683746228,6,5,two_open_b
187.589104,0.649464726,-1.161189696,1.757131617,-2.549202540,1.773810872,1.685042623,6,5,two_open_b
187.613346,0.649437334,-1.162603717,1.754045430,-2.549627609,1.771766841,1.686132192,6,5,two_open_b
187.637589,0.649147142,-1.164385319,1.749550916,-2.549407140,1.770529664,1.687845210,6,5,two_open_b
187.661831,0.648672757,-1.166366336,1.744188645,-2.548700586,1.769930882,1.689937430,6,5,two_open_b
187.686073,0.648200131,-1.168265906,1.738997692,-2.547952718,1.769425578,1.691947099,6,5,two_open_b
187.710316,0.647727506,-1.170165475,1.733806739,-2.547204851,1.768920275,1.693956769,6,5,two_open_b
187.734558,0.647271697,-1.171140600,1.730672186,-2.546280251,1.769897106,1.695373073,6,5,two_open_b
187.758801,0.646815888,-1.172115724,1.727537633,-2.545355651,1.770873937,1.696789377,6,5,two_open_b
187.783043,0.646360079,-1.173090849,1.724403081,-2.544431051,1.771850768,1.698205681,6,5,two_open_b
187.807286,0.645904269,-1.174065973,1.721268528,-2.543506452,1.772827598,1.699621985,6,5,two_open_b
187.831528,0.645508991,-1.175603810,1.717057603,-2.542815179,1.771577614,1.701858487,6,5,two_open_b
187.855770,0.645140550,-1.177391132,1.712369454,-2.542227355,1.769340342,1.704458636,6,5,two_open_b
187.880013,0.645039316,-1.178606810,1.709518867,-2.542181556,1.766530425,1.706228508,6,5,two_open_b
187.904255,0.645126684,-1.179419008,1.707965271,-2.542518332,1.763316321,1.707412352,6,5,two_open_b
187.928498,0.645214052,-1.180231206,1.706411675,-2.542855108,1.760102218,1.708596197,6,5,two_open_b
187.952740,0.645301420,-1.181043404,1.704858079,-2.543191884,1.756888115,1.709780041,6,5,two_open_b
187.976983,0.645388788,-1.181855601,1.703304483,-2.543528659,1.753674012,1.710963886,6,5,two_open_b
188.001225,0.645579953,-1.183504899,1.700037883,-2.544166545,1.747818325,1.712513679,6,5,two_open_b
188.025467,0.645771119,-1.185154196,1.696771283,-2.544804432,1.741962639,1.714063472,6,5,two_open_b
188.049710,0.645962285,-1.186803493,1.693504682,-2.545442318,1.736106952,1.715613265,6,5,two_open_b
188.073952,0.646092920,-1.187890079,1.691314455,-2.545846877,1.732478081,1.716342859,6,5,two_open_b
188.098195,0.646196718,-1.188727178,1.689601451,-2.546147987,1.729836497,1.716708808,6,5,two_open_b
188.122437,0.646300516,-1.189564277,1.687888446,-2.546449098,1.727194913,1.717074757,6,5,two_open_b
188.146680,0.646412411,-1.190729119,1.686095994,-2.547381317,1.724197337,1.717727460,6,5,two_open_b
188.170922,0.646535408,-1.192343386,1.684194596,-2.549178957,1.720711596,1.718773381,6,5,two_open_b
188.195164,0.646667041,-1.194307192,1.682208467,-2.551649679,1.716846187,1.720125128,6,5,two_open_b
188.219407,0.646798674,-1.196270998,1.680222337,-2.554120400,1.712980778,1.721476874,6,5,two_open_b
188.243649,0.646826509,-1.197397705,1.679949211,-2.556290011,1.711756952,1.722462672,6,5,two_open_b
188.267892,0.646854344,-1.198524411,1.679676086,-2.558459623,1.710533126,1.723448470,6,5,two_open_b
188.292134,0.646882179,-1.199651118,1.679402960,-2.560629234,1.709309300,1.724434269,6,5,two_open_b
188.316377,0.646910014,-1.200777825,1.679129835,-2.562798845,1.708085474,1.725420067,6,5,two_open_b
188.340619,0.646673598,-1.202883685,1.677960836,-2.566091282,1.707948152,1.727187312,6,5,two_open_b
188.364861,0.646391364,-1.205159320,1.676636503,-2.569578406,1.707999217,1.729090053,6,5,two_open_b
188.389104,0.646101033,-1.207107212,1.675391618,-2.572434421,1.708406276,1.730706039,6,5,two_open_b
188.413346,0.645799600,-1.208605680,1.674255678,-2.574425015,1.709301498,1.731928806,6,5,two_open_b
188.437589,0.645489531,-1.209754608,1.673204470,-2.575742527,1.710576389,1.732845748,6,5,two_open_b
188.461831,0.645179462,-1.210903536,1.672153262,-2.577060039,1.711851280,1.733762691,6,5,two_open_b
188.486073,0.644869393,-1.212052464,1.671102055,-2.578377552,1.713126171,1.734679633,6,5,two_open_b
188.510316,0.644485216,-1.213260992,1.669885810,-2.579651364,1.714617928,1.735589845,6,5,two_open_b
188.534558,0.643156982,-1.215228756,1.666567182,-2.580368482,1.718872315,1.736414327,6,5,two_open_b
188.558801,0.641523700,-1.217441847,1.662569222,-2.580905720,1.724019376,1.737211106,6,5,two_open_b
188.583043,0.640154669,-1.218675786,1.659467134,-2.580320130,1.728079934,1.737226438,6,5,two_open_b
188.607286,0.638831456,-1.219739949,1.656520382,-2.579539855,1.731952104,1.737106275,6,5,two_open_b
188.631528,0.637508243,-1.220804113,1.653573629,-2.578759580,1.735824274,1.736986112,6,5,two_open_b
188.655770,0.636185030,-1.221868276,1.650626876,-2.577979304,1.739696444,1.736865950,6,5,two_open_b
188.680013,0.634861817,-1.222932440,1.647680124,-2.577199029,1.743568614,1.736745787,6,5,two_open_b
188.704255,0.633538604,-1.223996603,1.644733371,-2.576418754,1.747440784,1.736625624,6,5,two_open_b
188.728498,0.633552218,-1.225963713,1.641613842,-2.577372179,1.743821175,1.737361906,6,5,two_open_b
188.752740,0.633639941,-1.227871224,1.638659351,-2.578369305,1.739984699,1.738104918,6,5,two_open_b
188.776983,0.634671720,-1.229019499,1.637807242,-2.579923125,1.733385595,1.738933661,6,5,two_open_b
188.801225,0.636008547,-1.229922446,1.637634466,-2.581656826,1.725893816,1.739790105,6,5,two_open_b
188.825467,0.637345374,-1.230825392,1.637461690,-2.583390526,1.718402037,1.740646550,6,5,two_open_b
188.849710,0.638682201,-1.231728339,1.637288914,-2.585124227,1.710910258,1.741502995,6,5,two_open_b
188.873952,0.640019028,-1.232631286,1.637116138,-2.586857928,1.703418479,1.742359439,6,5,two_open_b
188.898195,0.641355856,-1.233534233,1.636943362,-2.588591629,1.695926700,1.743215884,6,5,two_open_b
188.922437,0.642692683,-1.234437180,1.636770586,-2.590325330,1.688434921,1.744072328,6,5,two_open_b
188.946680,0.644328147,-1.236186043,1.635012561,-2.592708177,1.678181450,1.745864908,6,5,two_open_b
188.970922,0.644626784,-1.237031959,1.633427313,-2.593357324,1.675419759,1.746801044,6,5,two_open_b
188.995164,0.644925421,-1.237877875,1.631842064,-2.594006470,1.672658067,1.747737179,6,5,two_open_b
189.019407,0.645224058,-1.238723791,1.630256816,-2.594655617,1.669896376,1.748673315,6,5,two_open_b
189.043649,0.645522695,-1.239569706,1.628671567,-2.595304763,1.667134684,1.749609450,6,5,two_open_b
189.067892,0.645821331,-1.240415622,1.627086318,-2.595953909,1.664372992,1.750545585,6,5,two_open_b
189.092134,0.646119968,-1.241261538,1.625501070,-2.596603056,1.661611301,1.751481721,6,5,two_open_b
189.116377,0.646920163,-1.243232130,1.623300728,-2.598183936,1.655069078,1.753556027,6,5,two_open_b
189.140619,0.647720358,-1.245202721,1.621100385,-2.599764817,1.648526856,1.755630333,6,5,two_open_b
189.164861,0.648520552,-1.247173313,1.618900043,-2.601345697,1.641984634,1.757704640,6,5,two_open_b
189.189104,0.649022110,-1.248297988,1.618284950,-2.602277431,1.638204103,1.758842811,6,5,two_open_b
189.213346,0.649523668,-1.249422664,1.617669856,-2.603209166,1.634423572,1.759980982,6,5,two_open_b
189.237589,0.649315672,-1.251504773,1.616404109,-2.604714699,1.633244468,1.761176459,6,5,two_open_b
189.261831,0.648779229,-1.254030072,1.614837179,-2.606485841,1.633269547,1.762398464,6,5,two_open_b
189.286073,0.648242786,-1.256555370,1.613270249,-2.608256982,1.633294626,1.763620468,6,5,two_open_b
189.310316,0.647706343,-1.259080669,1.611703319,-2.610028124,1.633319705,1.764842473,6,5,two_open_b
189.334558,0.647169900,-1.261605967,1.610136389,-2.611799266,1.633344784,1.766064477,6,5,two_open_b
189.358801,0.646131899,-1.263006590,1.609184552,-2.612638673,1.637150394,1.766148311,6,5,two_open_b
189.383043,0.645093898,-1.264407213,1.608232716,-2.613478081,1.640956004,1.766232144,6,5,two_open_b
189.407286,0.644055897,-1.265807836,1.607280879,-2.614317488,1.644761613,1.766315978,6,5,two_open_b
189.431528,0.643017896,-1.267208459,1.606329043,-2.615156896,1.648567223,1.766399812,6,5,two_open_b
189.455770,0.641979895,-1.268609082,1.605377206,-2.615996303,1.652372833,1.766483645,6,5,two_open_b
189.480013,0.641651447,-1.269052272,1.605076023,-2.616261911,1.653577016,1.766510172,6,5,two_open_b
189.504255,0.641651447,-1.269052272,1.605076023,-2.616261911,1.653577016,1.766510172,6,5,two_open_b
189.528498,0.641651447,-1.269052272,1.605076023,-2.616261911,1.653577016,1.766510172,6,5,two_open_b
189.552740,0.641651447,-1.269052272,1.605076023,-2.616261911,1.653577016,1.766510172,6,5,two_open_b
189.576983,0.641651447,-1.269052272,1.605076023,-2.616261911,1.653577016,1.766510172,6,5,two_open_b
189.601225,0.641651447,-1.269052272,1.605076023,-2.616261911,1.653577016,1.766510172,6,5,two_open_b
189.625467,0.641651447,-1.269052272,1.605076023,-2.616261911,1.653577016,1.766510172,6,5,two_open_b
189.649710,0.641651447,-1.269052272,1.605076023,-2.616261911,1.653577016,1.766510172,6,5,two_open_b
189.673952,0.641651447,-1.269052272,1.605076023,-2.616261911,1.653577016,1.766510172,6,5,two_open_b
189.698195,0.641651447,-1.269052272,1.605076023,-2.616261911,1.653577016,1.766510172,6,5,two_open_b
189.722437,0.641651447,-1.269052272,1.605076023,-2.616261911,1.653577016,1.766510172,6,5,two_open_b
189.746680,0.641651447,-1.269052272,1.605076023,-2.616261911,1.653577016,1.766510172,6,5,two_open_b
189.770922,0.641651447,-1.269052272,1.605076023,-2.616261911,1.653577016,1.766510172,6,5,two_open_b
189.795164,0.641651447,-1.269052272,1.605076023,-2.616261911,1.653577016,1.766510172,6,5,two_open_b
189.819407,0.641651447,-1.269052272,1.605076023,-2.616261911,1.653577016,1.766510172,6,5,two_open_b
189.843649,0.641651447,-1.269052272,1.605076023,-2.616261911,1.653577016,1.766510172,6,5,two_open_b
189.867892,0.641651447,-1.269052272,1.605076023,-2.616261911,1.653577016,1.766510172,6,5,two_open_b
189.892134,0.641651447,-1.269052272,1.605076023,-2.616261911,1.653577016,1.766510172,6,5,two_open_b
189.916377,0.641651447,-1.269052272,1.605076023,-2.616261911,1.653577016,1.766510172,6,5,two_open_b
189.940619,0.639961122,-1.270586185,1.601027244,-2.614319940,1.662184961,1.764894941,6,5,two_open_b
189.964861,0.638270797,-1.272120098,1.596978465,-2.612377969,1.670792907,1.763279709,6,5,two_open_b
189.989104,0.636580472,-1.273654010,1.592929686,-2.610435998,1.679400852,1.761664478,6,5,two_open_b
190.013346,0.634890147,-1.275187923,1.588880907,-2.608494027,1.688008798,1.760049246,6,5,two_open_b
190.037589,0.633199821,-1.276721836,1.584832128,-2.606552055,1.696616743,1.758434015,6,5,two_open_b
190.061831,0.631509496,-1.278255749,1.580783349,-2.604610084,1.705224688,1.756818783,6,5,two_open_b
190.086073,0.631184162,-1.278808773,1.577623570,-2.602588942,1.708272590,1.755854621,6,5,two_open_b
190.110316,0.630927621,-1.279312362,1.574508595,-2.600563810,1.711040276,1.754923271,6,5,two_open_b
190.134558,0.630671080,-1.279815951,1.571393620,-2.598538678,1.713807963,1.753991921,6,5,two_open_b
190.158801,0.630414538,-1.280319540,1.568278645,-2.596513546,1.716575650,1.753060571,6,5,two_open_b
190.183043,0.631848322,-1.279289217,1.569212449,-2.596430385,1.710735391,1.753744452,6,5,two_open_b
190.207286,0.633282106,-1.278258893,1.570146253,-2.596347224,1.704895132,1.754428334,6,5,two_open_b
190.231528,0.634715889,-1.277228570,1.571080057,-2.596264063,1.699054874,1.755112215,6,5,two_open_b
190.255770,0.636149673,-1.276198246,1.572013861,-2.596180902,1.693214615,1.755796097,6,5,two_open_b
190.280013,0.637583457,-1.275167922,1.572947665,-2.596097741,1.687374356,1.756479978,6,5,two_open_b
190.304255,0.639017240,-1.274137599,1.573881469,-2.596014580,1.681534097,1.757163860,6,5,two_open_b
190.328498,0.639086033,-1.274088164,1.573926273,-2.596010590,1.681253883,1.757196672,6,5,two_open_b
190.352740,0.639086033,-1.274088164,1.573926273,-2.596010590,1.681253883,1.757196672,6,5,two_open_b
190.376983,0.639086033,-1.274088164,1.573926273,-2.596010590,1.681253883,1.757196672,6,5,two_open_b
190.401225,0.639086033,-1.274088164,1.573926273,-2.596010590,1.681253883,1.757196672,6,5,two_open_b
190.425467,0.639086033,-1.274088164,1.573926273,-2.596010590,1.681253883,1.757196672,6,5,two_open_b
190.449710,0.639086033,-1.274088164,1.573926273,-2.596010590,1.681253883,1.757196672,6,5,two_open_b
190.473952,0.639086033,-1.274088164,1.573926273,-2.596010590,1.681253883,1.757196672,6,5,two_open_b
190.498195,0.639086033,-1.274088164,1.573926273,-2.596010590,1.681253883,1.757196672,6,5,two_open_b
190.522437,0.639086033,-1.274088164,1.573926273,-2.596010590,1.681253883,1.757196672,6,5,two_open_b
190.546680,0.639226024,-1.273990465,1.573787534,-2.596160197,1.680946890,1.757091951,6,5,two_open_b
190.570922,0.639774151,-1.273607931,1.573244307,-2.596745978,1.679744871,1.756681922,6,5,two_open_b
190.595164,0.640419517,-1.273157534,1.572604712,-2.597435676,1.678329614,1.756199154,6,5,two_open_b
190.619407,0.641064882,-1.272707137,1.571965116,-2.598125375,1.676914356,1.755716385,6,5,two_open_b
190.643649,0.641710248,-1.272256740,1.571325521,-2.598815073,1.675499098,1.755233616,6,5,two_open_b
190.667892,0.642355614,-1.271806343,1.570685925,-2.599504772,1.674083840,1.754750847,6,5,two_open_b
190.692134,0.643000979,-1.271355946,1.570046330,-2.600194470,1.672668582,1.754268079,6,5,two_open_b
190.716377,0.643646345,-1.270905549,1.569406734,-2.600884169,1.671253325,1.753785310,6,5,two_open_b
190.740619,0.644291711,-1.270455152,1.568767139,-2.601573867,1.669838067,1.753302541,6,5,two_open_b
190.764861,0.644937077,-1.270004755,1.568127543,-2.602263566,1.668422809,1.752819773,6,5,two_open_b
190.789104,0.645442452,-1.269652057,1.567626687,-2.602803657,1.667314545,1.752441725,6,5,two_open_b
190.813346,0.645539690,-1.269584195,1.567530318,-2.602907575,1.667101305,1.752368985,6,5,two_open_b
190.837589,0.645539690,-1.269584195,1.567530318,-2.602907575,1.667101305,1.752368985,6,5,two_open_b
190.861831,0.645539690,-1.269584195,1.567530318,-2.602907575,1.667101305,1.752368985,6,5,two_open_b
190.886073,0.645539690,-1.269584195,1.567530318,-2.602907575,1.667101305,1.752368985,6,5,two_open_b
190.910316,0.645539690,-1.269584195,1.567530318,-2.602907575,1.667101305,1.752368985,6,5,two_open_b
190.934558,0.645539690,-1.269584195,1.567530318,-2.602907575,1.667101305,1.752368985,6,5,two_open_b
190.958801,0.645539690,-1.269584195,1.567530318,-2.602907575,1.667101305,1.752368985,6,5,two_open_b
190.983043,0.645539690,-1.269584195,1.567530318,-2.602907575,1.667101305,1.752368985,6,5,two_open_b
191.007286,0.645539690,-1.269584195,1.567530318,-2.602907575,1.667101305,1.752368985,6,5,two_open_b
191.031528,0.645539690,-1.269584195,1.567530318,-2.602907575,1.667101305,1.752368985,6,5,two_open_b
191.055770,0.645539690,-1.269584195,1.567530318,-2.602907575,1.667101305,1.752368985,6,5,two_open_b
191.080013,0.645539690,-1.269584195,1.567530318,-2.602907575,1.667101305,1.752368985,6,5,two_open_b
191.104255,0.647696114,-1.268683044,1.568797056,-2.601772110,1.659427176,1.753156452,6,5,two_open_b
191.128498,0.649852537,-1.267781893,1.570063795,-2.600636646,1.651753047,1.753943918,6,5,two_open_b
191.152740,0.652008961,-1.266880742,1.571330533,-2.599501181,1.644078918,1.754731384,6,5,two_open_b
191.176983,0.654165385,-1.265979591,1.572597271,-2.598365716,1.636404789,1.755518851,6,5,two_open_b
191.201225,0.656321808,-1.265078440,1.573864010,-2.597230252,1.628730660,1.756306317,6,5,two_open_b
191.225467,0.658478232,-1.264177288,1.575130748,-2.596094787,1.621056530,1.757093784,6,5,two_open_b
191.249710,0.660634656,-1.263276137,1.576397486,-2.594959322,1.613382401,1.757881250,6,5,two_open_b
191.273952,0.662791080,-1.262374986,1.577664224,-2.593823857,1.605708272,1.758668717,6,5,two_open_b
191.298195,0.664947503,-1.261473835,1.578930963,-2.592688393,1.598034143,1.759456183,6,5,two_open_b
191.322437,0.667103927,-1.260572684,1.580197701,-2.591552928,1.590360014,1.760243650,6,5,two_open_b
191.346680,0.663354012,-1.261066506,1.578416416,-2.589844102,1.607335389,1.757857697,6,5,two_open_b
191.370922,0.659604098,-1.261560327,1.576635131,-2.588135277,1.624310763,1.755471745,6,5,two_open_b
191.395164,0.658717515,-1.260818131,1.577679312,-2.587148978,1.628663504,1.753932521,6,5,two_open_b
191.419407,0.657830932,-1.260075934,1.578723493,-2.586162679,1.633016245,1.752393296,6,5,two_open_b
191.443649,0.656944349,-1.259333737,1.579767674,-2.585176380,1.637368985,1.750854072,6,5,two_open_b
191.467892,0.656057766,-1.258591540,1.580811855,-2.584190081,1.641721726,1.749314848,6,5,two_open_b
191.492134,0.655171182,-1.257849343,1.581856036,-2.583203783,1.646074467,1.747775623,6,5,two_open_b
191.516377,0.654284599,-1.257107147,1.582900216,-2.582217484,1.650427207,1.746236399,6,5,two_open_b
191.540619,0.653444419,-1.255181037,1.585767993,-2.581151449,1.653698024,1.744863768,6,5,two_open_b
191.564861,0.652604238,-1.253254927,1.588635770,-2.580085414,1.656968840,1.743491137,6,5,two_open_b
191.589104,0.655513972,-1.250834996,1.593284831,-2.580728205,1.643264282,1.744504458,6,5,two_open_b
191.613346,0.658423706,-1.248415064,1.597933893,-2.581370995,1.629559723,1.745517780,6,5,two_open_b
191.637589,0.658470108,-1.247231152,1.599757488,-2.581291259,1.628477799,1.745684373,6,5,two_open_b
191.661831,0.658440960,-1.245929502,1.601729590,-2.581155685,1.627755105,1.745840635,6,5,two_open_b
191.686073,0.658164510,-1.244242464,1.604187801,-2.580837334,1.628208286,1.745963082,6,5,two_open_b
191.710316,0.657640760,-1.242170037,1.607132121,-2.580336207,1.629837342,1.746051712,6,5,two_open_b
191.734558,0.656869707,-1.239712220,1.610562549,-2.579652304,1.632642274,1.746106527,6,5,two_open_b
191.758801,0.656042456,-1.237166824,1.614103446,-2.578926865,1.635714424,1.746153656,6,5,two_open_b
191.783043,0.655168802,-1.235805341,1.615820747,-2.578281162,1.639868498,1.746034193,6,5,two_open_b
191.807286,0.654561480,-1.234005795,1.618248092,-2.577519878,1.642943323,1.746000824,6,5,two_open_b
191.831528,0.654457487,-1.231378376,1.622017318,-2.576540163,1.643978524,1.746130163,6,5,two_open_b
191.855770,0.654353495,-1.228750956,1.625786544,-2.575560448,1.645013726,1.746259502,6,5,two_open_b
191.880013,0.654249502,-1.226123537,1.629555770,-2.574580733,1.646048927,1.746388840,6,5,two_open_b
191.904255,0.654032457,-1.223382119,1.633280220,-2.573315192,1.647753651,1.746402107,6,5,two_open_b
191.928498,0.653545818,-1.220390982,1.636802852,-2.571296039,1.651101969,1.746102762,6,5,two_open_b
191.952740,0.652984583,-1.217389722,1.640016418,-2.568876526,1.655030234,1.745621495,6,5,two_open_b
191.976983,0.652670650,-1.214773850,1.642743875,-2.566639789,1.657782624,1.745174044,6,5,two_open_b
192.001225,0.652412915,-1.212245558,1.645360863,-2.564444588,1.660267796,1.744734278,6,5,two_open_b
192.025467,0.652139300,-1.209641397,1.648073948,-2.562227274,1.662833510,1.744309184,6,5,two_open_b
192.049710,0.651483429,-1.206921512,1.650778425,-2.559964132,1.667066365,1.743905092,6,5,two_open_b
192.073952,0.650215624,-1.204510673,1.652798178,-2.557768200,1.673889627,1.743438629,6,5,two_open_b
192.098195,0.649087473,-1.201382553,1.657430152,-2.557518399,1.679800500,1.742765747,6,5,two_open_b
192.122437,0.648070798,-1.197681879,1.664147285,-2.558822062,1.684983074,1.741928094,6,5,two_open_b
192.146680,0.647242725,-1.194212939,1.670760688,-2.560467390,1.689136895,1.741216845,6,5,two_open_b
192.170922,0.646931548,-1.191379107,1.677089799,-2.563049107,1.690471247,1.740852023,6,5,two_open_b
192.195164,0.646941994,-1.188881708,1.683136229,-2.565937996,1.690078003,1.740750579,6,5,two_open_b
192.219407,0.646948445,-1.185523389,1.687643281,-2.564805567,1.690096079,1.741343347,6,5,two_open_b
192.243649,0.646954480,-1.182075536,1.691990238,-2.563254922,1.690156932,1.742008312,6,5,two_open_b
192.267892,0.646976398,-1.178703550,1.696241098,-2.561726390,1.690137244,1.742658605,6,5,two_open_b
192.292134,0.647114238,-1.175885352,1.699790523,-2.560359267,1.689529663,1.743201802,6,5,two_open_b
192.316377,0.646661477,-1.172498616,1.703483571,-2.557850601,1.691879618,1.743565238,6,5,two_open_b
192.340619,0.646069062,-1.169829160,1.704564398,-2.553395805,1.695141963,1.744135093,6,5,two_open_b
192.364861,0.645365171,-1.167732260,1.703560067,-2.547387544,1.699132606,1.744869718,6,5,two_open_b
192.389104,0.643905734,-1.164804561,1.704690257,-2.541823058,1.706300987,1.745573843,6,5,two_open_b
192.413346,0.642446297,-1.161876861,1.705820448,-2.536258572,1.713469368,1.746277967,6,5,two_open_b
192.437589,0.640987135,-1.159008243,1.707056278,-2.530970048,1.720609522,1.746934451,6,5,two_open_b
192.461831,0.640086489,-1.156480738,1.711076755,-2.529439356,1.724531944,1.746812404,6,5,two_open_b
192.486073,0.639809773,-1.153458293,1.716657526,-2.528030614,1.725256016,1.746523348,6,5,two_open_b
192.510316,0.639533057,-1.150435849,1.722238297,-2.526621872,1.725980088,1.746234291,6,5,two_open_b
192.534558,0.639256341,-1.147413404,1.727819068,-2.525213130,1.726704160,1.745945235,6,5,two_open_b
192.558801,0.640067830,-1.144429739,1.734546053,-2.524243457,1.722755275,1.746321085,6,5,two_open_b
192.583043,0.640879320,-1.141446074,1.741273037,-2.523273784,1.718806390,1.746696936,6,5,two_open_b
192.607286,0.641690810,-1.138462409,1.748000022,-2.522304112,1.714857505,1.747072787,6,5,two_open_b
192.631528,0.643395590,-1.135426528,1.754674855,-2.520448096,1.706933550,1.748158168,6,5,two_open_b
192.655770,0.645100371,-1.132390647,1.761349688,-2.518592081,1.699009595,1.749243550,6,5,two_open_b
192.680013,0.646805151,-1.129354766,1.768024521,-2.516736066,1.691085640,1.750328932,6,5,two_open_b
192.704255,0.647299550,-1.126326730,1.773699961,-2.513848574,1.688383444,1.751242535,6,5,two_open_b
192.728498,0.646771072,-1.123571430,1.778124921,-2.510468826,1.690307563,1.752095007,6,5,two_open_b
192.752740,0.646242595,-1.120816130,1.782549881,-2.507089078,1.692231681,1.752947479,6,5,two_open_b
192.776983,0.645640370,-1.117915421,1.787190676,-2.503464584,1.694443431,1.753824403,6,5,two_open_b
192.801225,0.644365362,-1.115503762,1.790715012,-2.499752003,1.698926629,1.754209939,6,5,two_open_b
192.825467,0.642911642,-1.112739735,1.794762377,-2.495446336,1.704106841,1.754654731,6,5,two_open_b
192.849710,0.641457923,-1.109975708,1.798809742,-2.491140668,1.709287052,1.755099523,6,5,two_open_b
192.873952,0.639866459,-1.108094696,1.800774737,-2.487277568,1.715264597,1.754865285,6,5,two_open_b
192.898195,0.637948029,-1.106044301,1.802951258,-2.483240355,1.722586986,1.754656295,6,5,two_open_b
192.922437,0.634877239,-1.103396933,1.805873284,-2.478589498,1.734649141,1.754536288,6,5,two_open_b
192.946680,0.632462307,-1.101261525,1.808549433,-2.475233604,1.744295949,1.754672380,6,5,two_open_b
192.970922,0.630529829,-1.098546020,1.812985123,-2.472202415,1.750761611,1.755389468,6,5,two_open_b
192.995164,0.628597352,-1.095830515,1.817420813,-2.469171227,1.757227272,1.756106556,6,5,two_open_b
193.019407,0.626383960,-1.092345559,1.823069040,-2.465880374,1.764486163,1.757054443,6,5,two_open_b
193.043649,0.624454350,-1.089420139,1.827886733,-2.463531303,1.770638245,1.757908236,6,5,two_open_b
193.067892,0.622897272,-1.085988368,1.834621956,-2.461700787,1.773428604,1.758640287,6,5,two_open_b
193.092134,0.621340195,-1.082556597,1.841357180,-2.459870271,1.776218963,1.759372338,6,5,two_open_b
193.116377,0.619783117,-1.079124827,1.848092404,-2.458039756,1.779009321,1.760104389,6,5,two_open_b
193.140619,0.618488875,-1.075797242,1.854800382,-2.456386497,1.780581090,1.760828185,6,5,two_open_b
193.164861,0.618019587,-1.072733778,1.861703659,-2.455362934,1.778057663,1.761549749,6,5,two_open_b
193.189104,0.617223957,-1.069338543,1.869544684,-2.454355370,1.776176710,1.762357784,6,5,two_open_b
193.213346,0.616064094,-1.066532645,1.876113230,-2.453523482,1.776385551,1.762934084,6,5,two_open_b
193.237589,0.614441968,-1.063229363,1.883728796,-2.452217820,1.777218199,1.763828246,6,5,two_open_b
193.261831,0.613174506,-1.060840942,1.889915989,-2.451416567,1.776969985,1.764467156,6,5,two_open_b
193.286073,0.611907043,-1.058452522,1.896103182,-2.450615314,1.776721771,1.765106065,6,5,two_open_b
193.310316,0.608805401,-1.056282510,1.899631034,-2.447675334,1.783828782,1.766898437,6,5,two_open_b
193.334558,0.605703760,-1.054112498,1.903158886,-2.444735354,1.790935793,1.768690808,6,5,two_open_b
193.358801,0.602126706,-1.051559233,1.907366575,-2.441286150,1.798515507,1.770822951,6,5,two_open_b
193.383043,0.598230874,-1.048762483,1.911937541,-2.437423659,1.806349691,1.773211761,6,5,two_open_b
193.407286,0.594662449,-1.046298586,1.915567702,-2.433545118,1.813539305,1.775513819,6,5,two_open_b
193.431528,0.590786065,-1.043235858,1.918581034,-2.427528908,1.821569732,1.777805230,6,5,two_open_b
193.455770,0.587190820,-1.040475630,1.920957586,-2.421800840,1.829220769,1.779903322,6,5,two_open_b
193.480013,0.583352507,-1.038267998,1.924281949,-2.417050604,1.836420005,1.782892544,6,5,two_open_b
193.504255,0.579514194,-1.036060366,1.927606313,-2.412300369,1.843619242,1.785881767,6,5,two_open_b
193.528498,0.575675880,-1.033852733,1.930930676,-2.407550134,1.850818478,1.788870989,6,5,two_open_b
193.552740,0.572874708,-1.031416501,1.935149423,-2.403412515,1.854140532,1.789892256,6,5,two_open_b
193.576983,0.570073535,-1.028980268,1.939368170,-2.399274895,1.857462585,1.790913523,6,5,two_open_b
193.601225,0.565307001,-1.026350679,1.941924894,-2.393689374,1.868628857,1.793488085,6,5,two_open_b
193.625467,0.560427359,-1.023912593,1.943734460,-2.388116268,1.881104572,1.796173697,6,5,two_open_b
193.649710,0.555547718,-1.021474506,1.945544027,-2.382543161,1.893580286,1.798859310,6,5,two_open_b
193.673952,0.551593700,-1.019849913,1.950847156,-2.381366784,1.900619559,1.800774238,6,5,two_open_b
193.698195,0.547639683,-1.018225320,1.956150285,-2.380190408,1.907658832,1.802689167,6,5,two_open_b
193.722437,0.544390997,-1.016545515,1.959458582,-2.378509972,1.914526099,1.803395103,6,5,two_open_b
193.746680,0.540258340,-1.014002596,1.961658069,-2.372262052,1.922159077,1.806307376,6,5,two_open_b
193.770922,0.536125683,-1.011459676,1.963857556,-2.366014133,1.929792055,1.809219648,6,5,two_open_b
193.795164,0.532596245,-1.009785666,1.965381440,-2.361366857,1.936611699,1.813008901,6,5,two_open_b
193.819407,0.527712525,-1.007782456,1.967496807,-2.355697822,1.946488146,1.817248504,6,5,two_open_b
193.843649,0.525269580,-1.006355856,1.970594361,-2.351985913,1.948047673,1.819595040,6,5,two_open_b
193.867892,0.521800528,-1.004488663,1.973801609,-2.346326237,1.951443902,1.824007637,6,5,two_open_b
193.892134,0.518331475,-1.002621470,1.977008858,-2.340666561,1.954840131,1.828420233,6,5,two_open_b
193.916377,0.514571101,-1.000871384,1.976401626,-2.332731824,1.962189515,1.833527690,6,5,two_open_b
193.940619,0.510810727,-0.999121298,1.975794394,-2.324797086,1.969538899,1.838635147,6,5,two_open_b
193.964861,0.504642184,-0.997279528,1.976193566,-2.316688836,1.981715360,1.845179625,6,5,two_open_b
193.989104,0.499357611,-0.996300871,1.977701549,-2.313148068,1.993126110,1.849517766,6,5,two_open_b
194.013346,0.494073038,-0.995322214,1.979209532,-2.309607301,2.004536859,1.853855907,6,5,two_open_b
194.037589,0.487922120,-0.994083969,1.980775353,-2.305035101,2.017595842,1.859097207,6,5,two_open_b
194.061831,0.482317381,-0.992932788,1.981803642,-2.300522569,2.029135447,1.864730598,6,5,two_open_b
194.086073,0.476712643,-0.991781607,1.982831930,-2.296010038,2.040675052,1.870363988,6,5,two_open_b
194.110316,0.471415098,-0.990662835,1.984566790,-2.292182925,2.050009638,1.874355699,6,5,two_open_b
194.134558,0.466117554,-0.989544063,1.986301649,-2.288355812,2.059344224,1.878347410,6,5,two_open_b
194.158801,0.460247460,-0.988377980,1.988275923,-2.284400832,2.069491377,1.882890781,6,5,two_open_b
194.183043,0.453420021,-0.987132789,1.990650515,-2.280232048,2.080997201,1.888356568,6,5,two_open_b
194.207286,0.448659694,-0.985915495,1.991982034,-2.275859117,2.088152536,1.892690609,6,5,two_open_b
194.231528,0.443499123,-0.984623344,1.993270522,-2.271042987,2.095867165,1.897382900,6,5,two_open_b
194.255770,0.437938306,-0.983256335,1.994515978,-2.265783658,2.104141087,1.902433442,6,5,two_open_b
194.280013,0.432843589,-0.982074055,1.995660565,-2.261112561,2.111326070,1.906939075,6,5,two_open_b
194.304255,0.428174039,-0.981062292,1.996710031,-2.256979525,2.117508732,1.910945024,6,5,two_open_b
194.328498,0.423504489,-0.980050528,1.997759498,-2.252846489,2.123691394,1.914950973,6,5,two_open_b
194.352740,0.419161124,-0.979327086,1.997969347,-2.248697238,2.129535663,1.919693396,6,5,two_open_b
194.376983,0.413994067,-0.978383954,1.997972565,-2.242994394,2.136291405,1.925868252,6,5,two_open_b
194.401225,0.409399560,-0.977488133,1.997736369,-2.237419418,2.142234580,1.931491448,6,5,two_open_b
194.425467,0.404935109,-0.976890861,1.997812768,-2.232189370,2.147065270,1.936639558,6,5,two_open_b
194.449710,0.400314748,-0.976489200,1.998354096,-2.227415754,2.151567261,1.941751114,6,5,two_open_b
194.473952,0.396094631,-0.976162397,1.998938456,-2.223085337,2.155509958,1.946504419,6,5,two_open_b
194.498195,0.392274760,-0.975910451,1.999565846,-2.219198118,2.158893362,1.950899474,6,5,two_open_b
194.522437,0.386977935,-0.975230970,1.999532237,-2.213026963,2.164724757,1.957833791,6,5,two_open_b
194.546680,0.382064044,-0.974623110,1.999539798,-2.207279838,2.170021048,1.964425352,6,5,two_open_b
194.570922,0.377150153,-0.974015249,1.999547358,-2.201532713,2.175317340,1.971016913,6,5,two_open_b
194.595164,0.372144603,-0.973971392,2.000929732,-2.198135451,2.180409557,1.978973320,6,5,two_open_b
194.619407,0.367765988,-0.974212843,2.002749903,-2.196426959,2.184746716,1.986081381,6,5,two_open_b
194.643649,0.363387373,-0.974454293,2.004570074,-2.194718467,2.189083875,1.993189441,6,5,two_open_b
194.667892,0.359836046,-0.974476303,2.005677332,-2.192878849,2.193174849,1.999850172,6,5,two_open_b
194.692134,0.356365898,-0.974529485,2.006502900,-2.191087290,2.197235754,2.005823875,6,5,two_open_b
194.716377,0.351937950,-0.974958136,2.007666106,-2.189587889,2.201568068,2.010833976,6,5,two_open_b
194.740619,0.347510003,-0.975386788,2.008829311,-2.188088487,2.205900381,2.015844078,6,5,two_open_b
194.764861,0.344959253,-0.976317832,2.010696547,-2.189316222,2.207225409,2.017956667,6,5,two_open_b
194.789104,0.342408504,-0.977248877,2.012563783,-2.190543957,2.208550437,2.020069255,6,5,two_open_b
194.813346,0.337870564,-0.977761330,2.013202074,-2.189248119,2.212700812,2.024468127,6,5,two_open_b
194.837589,0.334313029,-0.977946821,2.012688502,-2.187278711,2.216071801,2.025956588,6,5,two_open_b
194.861831,0.330952249,-0.978066694,2.011943764,-2.185174125,2.219286375,2.026860962,6,5,two_open_b
194.886073,0.326828675,-0.977753517,2.010787524,-2.181033997,2.222132007,2.031594017,6,5,two_open_b
194.910316,0.322249905,-0.977181916,2.009385719,-2.175679161,2.224757472,2.038611838,6,5,two_open_b
194.934558,0.318086924,-0.976447320,2.007837343,-2.170197497,2.227265116,2.046047966,6,5,two_open_b
194.958801,0.314881743,-0.975337255,2.005951330,-2.164423675,2.229501352,2.054447696,6,5,two_open_b
194.983043,0.311676562,-0.974227189,2.004065317,-2.158649852,2.231737588,2.062847425,6,5,two_open_b
195.007286,0.308471381,-0.973117124,2.002179304,-2.152876030,2.233973824,2.071247155,6,5,two_open_b
195.031528,0.305266200,-0.972007058,2.000293290,-2.147102208,2.236210060,2.079646884,6,5,two_open_b
195.055770,0.302113167,-0.971306045,1.999818596,-2.144329080,2.237606488,2.086888908,6,5,two_open_b
195.080013,0.298960133,-0.970605032,1.999343901,-2.141555952,2.239002916,2.094130931,6,5,two_open_b
195.104255,0.295807099,-0.969904019,1.998869206,-2.138782824,2.240399344,2.101372954,6,5,two_open_b
195.128498,0.292732497,-0.969790521,1.999062775,-2.137256397,2.240726603,2.106070861,6,5,two_open_b
195.152740,0.289802544,-0.970005538,1.999618419,-2.136586721,2.240621447,2.109066910,6,5,two_open_b
195.176983,0.286872592,-0.970220555,2.000174063,-2.135917045,2.240516292,2.112062959,6,5,two_open_b
195.201225,0.283942639,-0.970435572,2.000729707,-2.135247369,2.240411136,2.115059007,6,5,two_open_b
195.225467,0.281012686,-0.970650589,2.001285352,-2.134577693,2.240305980,2.118055056,6,5,two_open_b
195.249710,0.278082734,-0.970865606,2.001840996,-2.133908017,2.240200824,2.121051105,6,5,two_open_b
195.273952,0.275152781,-0.971080624,2.002396640,-2.133238341,2.240095668,2.124047154,6,5,two_open_b
195.298195,0.273685920,-0.971395262,2.002732234,-2.131982933,2.238033914,2.126569383,6,5,two_open_b
195.322437,0.271082169,-0.971926901,2.002977067,-2.130465894,2.236041872,2.130668866,6,5,two_open_b
195.346680,0.268467050,-0.972460710,2.003220992,-2.128946238,2.234050528,2.134784121,6,5,two_open_b
195.370922,0.266536293,-0.972840055,2.003208157,-2.128215423,2.233497296,2.137614809,6,5,two_open_b
195.395164,0.264463146,-0.973250938,2.002955350,-2.127626254,2.233916319,2.140541055,6,5,two_open_b
195.419407,0.261106857,-0.973949734,2.002352785,-2.126424289,2.235240957,2.145389338,6,5,two_open_b
195.443649,0.257750568,-0.974648530,2.001750220,-2.125222324,2.236565595,2.150237622,6,5,two_open_b
195.467892,0.254394280,-0.975347326,2.001147655,-2.124020359,2.237890234,2.155085905,6,5,two_open_b
195.492134,0.251037991,-0.976046122,2.000545090,-2.122818394,2.239214872,2.159934189,6,5,two_open_b
195.516377,0.247681702,-0.976744918,1.999942526,-2.121616429,2.240539510,2.164782472,6,5,two_open_b
195.540619,0.243004107,-0.977321693,1.998730701,-2.119468003,2.243272675,2.171420905,6,5,two_open_b
195.564861,0.239463402,-0.977681468,1.997609638,-2.117581210,2.245936128,2.176482084,6,5,two_open_b
195.589104,0.235934065,-0.978039073,1.996489482,-2.115697033,2.248598883,2.181527491,6,5,two_open_b
195.613346,0.232404729,-0.978396678,1.995369326,-2.113812856,2.251261639,2.186572898,6,5,two_open_b
195.637589,0.228655775,-0.978630044,1.994145692,-2.112049897,2.254270299,2.191508015,6,5,two_open_b
195.661831,0.225028115,-0.978536442,1.992879773,-2.110735458,2.257523144,2.195502620,6,5,two_open_b
195.686073,0.221400454,-0.978442840,1.991613853,-2.109421020,2.260775989,2.199497226,6,5,two_open_b
195.710316,0.217772794,-0.978349238,1.990347934,-2.108106581,2.264028833,2.203491831,6,5,two_open_b
195.734558,0.214145133,-0.978255636,1.989082014,-2.106792142,2.267281678,2.207486437,6,5,two_open_b
195.758801,0.210517473,-0.978162034,1.987816095,-2.105477704,2.270534522,2.211481042,6,5,two_open_b
195.783043,0.207301471,-0.978962655,1.987468700,-2.106639302,2.272049523,2.213998546,6,5,two_open_b
195.807286,0.204085468,-0.979763277,1.987121305,-2.107800901,2.273564523,2.216516049,6,5,two_open_b
195.831528,0.200869466,-0.980563899,1.986773910,-2.108962499,2.275079524,2.219033553,6,5,two_open_b
195.855770,0.197653463,-0.981364520,1.986426515,-2.110124098,2.276594524,2.221551057,6,5,two_open_b
195.880013,0.195110015,-0.982187750,1.986306061,-2.111380790,2.277443945,2.223500388,6,5,two_open_b
195.904255,0.193728416,-0.983050036,1.986577648,-2.112801757,2.277143568,2.224468193,6,5,two_open_b
195.928498,0.190942815,-0.984037085,1.986564152,-2.114036994,2.277606441,2.226709459,6,5,two_open_b
195.952740,0.187593035,-0.985074269,1.986436098,-2.115197597,2.278376015,2.229462450,6,5,two_open_b
195.976983,0.184243254,-0.986111453,1.986308045,-2.116358200,2.279145590,2.232215440,6,5,two_open_b
196.001225,0.180893474,-0.987148637,1.986179991,-2.117518803,2.279915165,2.234968431,6,5,two_open_b
196.025467,0.178925293,-0.987323535,1.985780351,-2.117258439,2.280985117,2.236753617,6,5,two_open_b
196.049710,0.176957112,-0.987498434,1.985380710,-2.116998075,2.282055069,2.238538803,6,5,two_open_b
196.073952,0.174988931,-0.987673332,1.984981069,-2.116737711,2.283125021,2.240323989,6,5,two_open_b
196.098195,0.170357232,-0.988551506,1.985198008,-2.120543240,2.288147353,2.241270497,6,5,two_open_b
196.122437,0.165725533,-0.989429680,1.985414946,-2.124348769,2.293169684,2.242217005,6,5,two_open_b
196.146680,0.161093834,-0.990307854,1.985631885,-2.128154299,2.298192016,2.243163512,6,5,two_open_b
196.170922,0.157866136,-0.991061265,1.986133907,-2.132145559,2.302451097,2.242836558,6,5,two_open_b
196.195164,0.155202619,-0.991764540,1.986750486,-2.136211452,2.306403476,2.241997880,6,5,two_open_b
196.219407,0.152539101,-0.992467816,1.987367066,-2.140277345,2.310355856,2.241159202,6,5,two_open_b
196.243649,0.149875583,-0.993171092,1.987983645,-2.144343239,2.314308235,2.240320524,6,5,two_open_b
196.267892,0.147212065,-0.993874368,1.988600224,-2.148409132,2.318260614,2.239481845,6,5,two_open_b
196.292134,0.144548547,-0.994577643,1.989216804,-2.152475026,2.322212994,2.238643167,6,5,two_open_b
196.316377,0.141868584,-0.995266225,1.989814717,-2.156470461,2.326123117,2.237903776,6,5,two_open_b
196.340619,0.141197598,-0.994666685,1.989053117,-2.153595709,2.324399046,2.241954788,6,5,two_open_b
196.364861,0.140295804,-0.993860914,1.988029540,-2.149732092,2.322081925,2.247399276,6,5,two_open_b
196.389104,0.139394010,-0.993055143,1.987005963,-2.145868475,2.319764803,2.252843765,6,5,two_open_b
196.413346,0.138492217,-0.992249372,1.985982387,-2.142004858,2.317447682,2.258288254,6,5,two_open_b
196.437589,0.137590423,-0.991443601,1.984958810,-2.138141241,2.315130561,2.263732742,6,5,two_open_b
196.461831,0.136688630,-0.990637830,1.983935233,-2.134277624,2.312813439,2.269177231,6,5,two_open_b
196.486073,0.135786836,-0.989832059,1.982911656,-2.130414007,2.310496318,2.274621719,6,5,two_open_b
196.510316,0.134885042,-0.989026288,1.981888079,-2.126550390,2.308179196,2.280066208,6,5,two_open_b
196.534558,0.133983249,-0.988220517,1.980864503,-2.122686773,2.305862075,2.285510697,6,5,two_open_b
196.558801,0.133097900,-0.987429440,1.979859592,-2.118893613,2.303587209,2.290855898,6,5,two_open_b
196.583043,0.132867093,-0.987223209,1.979597615,-2.117904749,2.302994159,2.292249375,6,5,two_open_b
196.607286,0.132810692,-0.987402865,1.979639661,-2.118154629,2.302419842,2.292375578,6,5,two_open_b
196.631528,0.132336669,-0.988912790,1.979993037,-2.120254751,2.297592980,2.293436250,6,5,two_open_b
196.655770,0.131862646,-0.990422715,1.980346413,-2.122354874,2.292766118,2.294496923,6,5,two_open_b
196.680013,0.131388624,-0.991932640,1.980699788,-2.124454996,2.287939255,2.295557595,6,5,two_open_b
196.704255,0.130914601,-0.993442565,1.981053164,-2.126555118,2.283112393,2.296618268,6,5,two_open_b
196.728498,0.130440578,-0.994952490,1.981406540,-2.128655241,2.278285531,2.297678940,6,5,two_open_b
196.752740,0.129966555,-0.996462415,1.981759916,-2.130755363,2.273458669,2.298739613,6,5,two_open_b
196.776983,0.129492532,-0.997972340,1.982113292,-2.132855485,2.268631807,2.299800285,6,5,two_open_b
196.801225,0.129018510,-0.999482265,1.982466667,-2.134955607,2.263804945,2.300860958,6,5,two_open_b
196.825467,0.128544487,-1.000992190,1.982820043,-2.137055730,2.258978083,2.301921630,6,5,two_open_b
196.849710,0.128126865,-1.002322459,1.983131373,-2.138905972,2.254725538,2.302856100,6,5,two_open_b
196.873952,0.128126865,-1.002322459,1.983131373,-2.138905972,2.254725538,2.302856100,6,5,two_open_b
196.898195,0.128126865,-1.002322459,1.983131373,-2.138905972,2.254725538,2.302856100,6,5,two_open_b
196.922437,0.127931039,-1.002866946,1.980902487,-2.137318643,2.252698219,2.304305248,6,5,two_open_b
196.946680,0.127735213,-1.003411434,1.978673601,-2.135731315,2.250670899,2.305754396,6,5,two_open_b
196.970922,0.127539387,-1.003955922,1.976444715,-2.134143986,2.248643580,2.307203545,6,5,two_open_b
196.995164,0.127343561,-1.004500409,1.974215829,-2.132556657,2.246616261,2.308652693,6,5,two_open_b
197.019407,0.127147734,-1.005044897,1.971986944,-2.130969328,2.244588941,2.310101841,6,5,two_open_b
197.043649,0.126951908,-1.005589384,1.969758058,-2.129382000,2.242561622,2.311550989,6,5,two_open_b
197.067892,0.126756082,-1.006133872,1.967529172,-2.127794671,2.240534303,2.313000137,6,5,two_open_b
197.092134,0.126560256,-1.006678359,1.965300286,-2.126207342,2.238506984,2.314449286,6,5,two_open_b
197.116377,0.126364430,-1.007222847,1.963071400,-2.124620014,2.236479664,2.315898434,6,5,two_open_b
197.140619,0.126168604,-1.007767334,1.960842514,-2.123032685,2.234452345,2.317347582,6,5,two_open_b
197.164861,0.126168604,-1.007767334,1.960842514,-2.123032685,2.234452345,2.317347582,6,5,two_open_b
197.189104,0.126153421,-1.008996973,1.960555145,-2.124353453,2.232712846,2.317152129,6,5,two_open_b
197.213346,0.126130674,-1.010839219,1.960124610,-2.126332227,2.230106729,2.316859302,6,5,two_open_b
197.237589,0.126107927,-1.012681464,1.959694075,-2.128311002,2.227500613,2.316566475,6,5,two_open_b
197.261831,0.126085179,-1.014523709,1.959263539,-2.130289776,2.224894496,2.316273648,6,5,two_open_b
197.286073,0.126062432,-1.016365954,1.958833004,-2.132268550,2.222288380,2.315980820,6,5,two_open_b
197.310316,0.126039685,-1.018208199,1.958402468,-2.134247324,2.219682263,2.315687993,6,5,two_open_b
197.334558,0.126016938,-1.020050445,1.957971933,-2.136226098,2.217076146,2.315395166,6,5,two_open_b
197.358801,0.125994191,-1.021892690,1.957541398,-2.138204873,2.214470030,2.315102339,6,5,two_open_b
197.383043,0.125971443,-1.023734935,1.957110862,-2.140183647,2.211863913,2.314809512,6,5,two_open_b
197.407286,0.125948696,-1.025577180,1.956680327,-2.142162421,2.209257797,2.314516684,6,5,two_open_b
197.431528,0.125941132,-1.026189786,1.956537160,-2.142820427,2.208391179,2.314419310,6,5,two_open_b
197.455770,0.125941132,-1.026189786,1.956537160,-2.142820427,2.208391179,2.314419310,6,5,two_open_b
197.480013,0.125941132,-1.026189786,1.956537160,-2.142820427,2.208391179,2.314419310,6,5,two_open_b
197.504255,0.125941132,-1.026189786,1.956537160,-2.142820427,2.208391179,2.314419310,6,5,two_open_b
197.528498,0.125941132,-1.026189786,1.956537160,-2.142820427,2.208391179,2.314419310,6,5,two_open_b
197.552740,0.125941132,-1.026189786,1.956537160,-2.142820427,2.208391179,2.314419310,6,5,two_open_b
197.576983,0.125941132,-1.026189786,1.956537160,-2.142820427,2.208391179,2.314419310,6,5,two_open_b
197.601225,0.125941132,-1.026189786,1.956537160,-2.142820427,2.208391179,2.314419310,6,5,two_open_b
197.625467,0.125941132,-1.026189786,1.956537160,-2.142820427,2.208391179,2.314419310,6,5,two_open_b
197.649710,0.125941132,-1.026189786,1.956537160,-2.142820427,2.208391179,2.314419310,6,5,two_open_b
197.673952,0.125941132,-1.026189786,1.956537160,-2.142820427,2.208391179,2.314419310,6,5,two_open_b
197.698195,0.125812141,-1.026699096,1.954211967,-2.141138860,2.209119269,2.317937832,6,5,two_open_b
197.722437,0.125683149,-1.027208406,1.951886775,-2.139457294,2.209847360,2.321456354,6,5,two_open_b
197.746680,0.125554158,-1.027717717,1.949561582,-2.137775727,2.210575450,2.324974876,6,5,two_open_b
197.770922,0.125425166,-1.028227027,1.947236389,-2.136094160,2.211303541,2.328493398,6,5,two_open_b
197.795164,0.125296175,-1.028736337,1.944911196,-2.134412594,2.212031631,2.332011920,6,5,two_open_b
197.819407,0.125167184,-1.029245647,1.942586004,-2.132731027,2.212759722,2.335530441,6,5,two_open_b
197.843649,0.125038192,-1.029754957,1.940260811,-2.131049460,2.213487812,2.339048963,6,5,two_open_b
197.867892,0.124909201,-1.030264268,1.937935618,-2.129367893,2.214215903,2.342567485,6,5,two_open_b
197.892134,0.124780209,-1.030773578,1.935610426,-2.127686327,2.214943993,2.346086007,6,5,two_open_b
197.916377,0.124651218,-1.031282888,1.933285233,-2.126004760,2.215672084,2.349604529,6,5,two_open_b
197.940619,0.124651218,-1.031282888,1.933285233,-2.126004760,2.215672084,2.349604529,6,5,two_open_b
197.964861,0.124651218,-1.031282888,1.933285233,-2.126004760,2.215672084,2.349604529,6,5,two_open_b
197.989104,0.124651218,-1.031282888,1.933285233,-2.126004760,2.215672084,2.349604529,6,5,two_open_b
198.013346,0.123937992,-1.031192139,1.931452742,-2.126221936,2.217840433,2.350734532,6,5,two_open_b
198.037589,0.123066369,-1.031081237,1.929213281,-2.126487344,2.220490342,2.352115492,6,5,two_open_b
198.061831,0.122194746,-1.030970334,1.926973820,-2.126752753,2.223140250,2.353496453,6,5,two_open_b
198.086073,0.121323123,-1.030859432,1.924734359,-2.127018161,2.225790158,2.354877413,6,5,two_open_b
198.110316,0.120451500,-1.030748529,1.922494898,-2.127283569,2.228440067,2.356258374,6,5,two_open_b
198.134558,0.119579877,-1.030637627,1.920255437,-2.127548977,2.231089975,2.357639334,6,5,two_open_b
198.158801,0.118708254,-1.030526724,1.918015976,-2.127814385,2.233739884,2.359020294,6,5,two_open_b
198.183043,0.117836631,-1.030415822,1.915776515,-2.128079793,2.236389792,2.360401255,6,5,two_open_b
198.207286,0.116965008,-1.030304919,1.913537054,-2.128345201,2.239039700,2.361782215,6,5,two_open_b
198.231528,0.116093385,-1.030194017,1.911297593,-2.128610609,2.241689609,2.363163176,6,5,two_open_b
198.255770,0.115934988,-1.030173863,1.910890623,-2.128658841,2.242171168,2.363414133,6,5,two_open_b
198.280013,0.115934988,-1.030173863,1.910890623,-2.128658841,2.242171168,2.363414133,6,5,two_open_b
198.304255,0.115934988,-1.030173863,1.910890623,-2.128658841,2.242171168,2.363414133,6,5,two_open_b
198.328498,0.115929025,-1.030182005,1.910874231,-2.128666995,2.242154237,2.363423669,6,5,two_open_b
198.352740,0.115724286,-1.030461530,1.910311431,-2.128946967,2.241572952,2.363751062,6,5,two_open_b
198.376983,0.115320771,-1.031012440,1.909202225,-2.129498754,2.240427311,2.364396314,6,5,two_open_b
198.401225,0.114808923,-1.031711255,1.907795226,-2.130198682,2.238974097,2.365214798,6,5,two_open_b
198.425467,0.114297076,-1.032410069,1.906388228,-2.130898610,2.237520883,2.366033282,6,5,two_open_b
198.449710,0.113785228,-1.033108884,1.904981229,-2.131598538,2.236067668,2.366851766,6,5,two_open_b
198.473952,0.113273380,-1.033807698,1.903574231,-2.132298466,2.234614454,2.367670250,6,5,two_open_b
198.498195,0.112761533,-1.034506513,1.902167232,-2.132998393,2.233161240,2.368488734,6,5,two_open_b
198.522437,0.112249685,-1.035205327,1.900760234,-2.133698321,2.231708026,2.369307219,6,5,two_open_b
198.546680,0.111737838,-1.035904142,1.899353235,-2.134398249,2.230254812,2.370125703,6,5,two_open_b
198.570922,0.111231953,-1.036594815,1.897962629,-2.135090022,2.228818528,2.370934651,6,5,two_open_b
198.595164,0.110924845,-1.037014104,1.897118430,-2.135509979,2.227946599,2.371425741,6,5,two_open_b
198.619407,0.110816512,-1.037162008,1.896820638,-2.135658119,2.227639026,2.371598974,6,5,two_open_b
198.643649,0.110816512,-1.037162008,1.896820638,-2.135658119,2.227639026,2.371598974,6,5,two_open_b
198.667892,0.110816512,-1.037162008,1.896820638,-2.135658119,2.227639026,2.371598974,6,5,two_open_b
198.692134,0.110816512,-1.037162008,1.896820638,-2.135658119,2.227639026,2.371598974,6,5,two_open_b
198.716377,0.110816512,-1.037162008,1.896820638,-2.135658119,2.227639026,2.371598974,6,5,two_open_b
198.740619,0.110816512,-1.037162008,1.896820638,-2.135658119,2.227639026,2.371598974,6,5,two_open_b
198.764861,0.110816512,-1.037162008,1.896820638,-2.135658119,2.227639026,2.371598974,6,5,two_open_b
198.789104,0.110816512,-1.037162008,1.896820638,-2.135658119,2.227639026,2.371598974,6,5,two_open_b
198.813346,0.110816512,-1.037162008,1.896820638,-2.135658119,2.227639026,2.371598974,6,5,two_open_b
198.837589,0.110816512,-1.037162008,1.896820638,-2.135658119,2.227639026,2.371598974,6,5,two_open_b
198.861831,0.110816512,-1.037162008,1.896820638,-2.135658119,2.227639026,2.371598974,6,5,two_open_b
198.886073,0.110816512,-1.037162008,1.896820638,-2.135658119,2.227639026,2.371598974,6,5,two_open_b
198.910316,0.110816512,-1.037162008,1.896820638,-2.135658119,2.227639026,2.371598974,6,5,two_open_b
198.934558,0.110816512,-1.037162008,1.896820638,-2.135658119,2.227639026,2.371598974,6,5,two_open_b
198.958801,0.110816512,-1.037162008,1.896820638,-2.135658119,2.227639026,2.371598974,6,5,two_open_b
198.983043,0.110816512,-1.037162008,1.896820638,-2.135658119,2.227639026,2.371598974,6,5,two_open_b
199.007286,0.110816512,-1.037162008,1.896820638,-2.135658119,2.227639026,2.371598974,6,5,two_open_b
199.031528,0.110816512,-1.037162008,1.896820638,-2.135658119,2.227639026,2.371598974,6,5,two_open_b
199.055770,0.110816512,-1.037162008,1.896820638,-2.135658119,2.227639026,2.371598974,6,5,two_open_b
199.080013,0.110816512,-1.037162008,1.896820638,-2.135658119,2.227639026,2.371598974,6,5,two_open_b
199.104255,0.110816512,-1.037162008,1.896820638,-2.135658119,2.227639026,2.371598974,6,5,two_open_b
199.128498,0.110510420,-1.038350307,1.895862197,-2.136872725,2.225160048,2.372483018,6,5,two_open_b
199.152740,0.110204328,-1.039538606,1.894903755,-2.138087332,2.222681071,2.373367062,6,5,two_open_b
199.176983,0.109898237,-1.040726906,1.893945314,-2.139301938,2.220202093,2.374251106,6,5,two_open_b
199.201225,0.109592145,-1.041915205,1.892986872,-2.140516545,2.217723115,2.375135150,6,5,two_open_b
199.225467,0.109286053,-1.043103504,1.892028431,-2.141731151,2.215244138,2.376019194,6,5,two_open_b
199.249710,0.108979961,-1.044291803,1.891069990,-2.142945757,2.212765160,2.376903239,6,5,two_open_b
199.273952,0.108673869,-1.045480102,1.890111548,-2.144160364,2.210286182,2.377787283,6,5,two_open_b
199.298195,0.108367778,-1.046668402,1.889153107,-2.145374970,2.207807204,2.378671327,6,5,two_open_b
199.322437,0.108061686,-1.047856701,1.888194665,-2.146589577,2.205328227,2.379555371,6,5,two_open_b
199.346680,0.107755594,-1.049045000,1.887236224,-2.147804183,2.202849249,2.380439415,6,5,two_open_b
199.370922,0.107755594,-1.049045000,1.887236224,-2.147804183,2.202849249,2.380439415,6,5,two_open_b
199.395164,0.107755594,-1.049045000,1.887236224,-2.147804183,2.202849249,2.380439415,6,5,two_open_b
199.419407,0.107755594,-1.049045000,1.887236224,-2.147804183,2.202849249,2.380439415,6,5,two_open_b
199.443649,0.107755594,-1.049045000,1.887236224,-2.147804183,2.202849249,2.380439415,6,5,two_open_b
199.467892,0.107755594,-1.049045000,1.887236224,-2.147804183,2.202849249,2.380439415,6,5,two_open_b
199.492134,0.107755594,-1.049045000,1.887236224,-2.147804183,2.202849249,2.380439415,6,5,two_open_b
199.516377,0.107755594,-1.049045000,1.887236224,-2.147804183,2.202849249,2.380439415,6,5,two_open_b
199.540619,0.107755594,-1.049045000,1.887236224,-2.147804183,2.202849249,2.380439415,6,5,two_open_b
199.564861,0.107755594,-1.049045000,1.887236224,-2.147804183,2.202849249,2.380439415,6,5,two_open_b
199.589104,0.107755594,-1.049045000,1.887236224,-2.147804183,2.202849249,2.380439415,6,5,two_open_b
199.613346,0.107755594,-1.049045000,1.887236224,-2.147804183,2.202849249,2.380439415,6,5,two_open_b
199.637589,0.107755594,-1.049045000,1.887236224,-2.147804183,2.202849249,2.380439415,6,5,two_open_b
199.661831,0.107755594,-1.049045000,1.887236224,-2.147804183,2.202849249,2.380439415,6,5,two_open_b
199.686073,0.107755594,-1.049045000,1.887236224,-2.147804183,2.202849249,2.380439415,6,5,two_open_b
199.710316,0.107755594,-1.049045000,1.887236224,-2.147804183,2.202849249,2.380439415,6,5,two_open_b
199.734558,0.107755594,-1.049045000,1.887236224,-2.147804183,2.202849249,2.380439415,6,5,two_open_b
199.758801,0.106732445,-1.049235655,1.886723284,-2.146187122,2.202801352,2.385014814,6,5,two_open_b
199.783043,0.105531214,-1.049459494,1.886121065,-2.144288604,2.202745119,2.390386579,6,5,two_open_b
199.807286,0.104329982,-1.049683332,1.885518846,-2.142390087,2.202688886,2.395758345,6,5,two_open_b
199.831528,0.103128750,-1.049907171,1.884916627,-2.140491569,2.202632652,2.401130110,6,5,two_open_b
199.855770,0.101927519,-1.050131010,1.884314408,-2.138593052,2.202576419,2.406501875,6,5,two_open_b
199.880013,0.100726287,-1.050354849,1.883712189,-2.136694535,2.202520186,2.411873641,6,5,two_open_b
199.904255,0.099525055,-1.050578688,1.883109970,-2.134796017,2.202463953,2.417245406,6,5,two_open_b
199.928498,0.098323824,-1.050802527,1.882507751,-2.132897500,2.202407719,2.422617172,6,5,two_open_b
199.952740,0.097122592,-1.051026366,1.881905532,-2.130998982,2.202351486,2.427988937,6,5,two_open_b
199.976983,0.095921360,-1.051250205,1.881303313,-2.129100465,2.202295253,2.433360702,6,5,two_open_b
200.001225,0.095743277,-1.051283389,1.881214034,-2.128819009,2.202286916,2.434157069,6,5,two_open_b
200.025467,0.095743277,-1.051283389,1.881214034,-2.128819009,2.202286916,2.434157069,6,5,two_open_b
200.049710,0.095743277,-1.051283389,1.881214034,-2.128819009,2.202286916,2.434157069,6,5,two_open_b
200.073952,0.095743277,-1.051283389,1.881214034,-2.128819009,2.202286916,2.434157069,6,5,two_open_b
200.098195,0.095743277,-1.051283389,1.881214034,-2.128819009,2.202286916,2.434157069,6,5,two_open_b
200.122437,0.095743277,-1.051283389,1.881214034,-2.128819009,2.202286916,2.434157069,6,5,two_open_b
200.146680,0.095743277,-1.051283389,1.881214034,-2.128819009,2.202286916,2.434157069,6,5,two_open_b
200.170922,0.095743277,-1.051283389,1.881214034,-2.128819009,2.202286916,2.434157069,6,5,two_open_b
200.195164,0.095743277,-1.051283389,1.881214034,-2.128819009,2.202286916,2.434157069,6,5,two_open_b
200.219407,0.095743277,-1.051283389,1.881214034,-2.128819009,2.202286916,2.434157069,6,5,two_open_b
200.243649,0.095743277,-1.051283389,1.881214034,-2.128819009,2.202286916,2.434157069,6,5,two_open_b
200.267892,0.095743277,-1.051283389,1.881214034,-2.128819009,2.202286916,2.434157069,6,5,two_open_b
200.292134,0.095743277,-1.051283389,1.881214034,-2.128819009,2.202286916,2.434157069,6,5,two_open_b
200.316377,0.095743277,-1.051283389,1.881214034,-2.128819009,2.202286916,2.434157069,6,5,two_open_b
200.340619,0.095743277,-1.051283389,1.881214034,-2.128819009,2.202286916,2.434157069,6,5,two_open_b
200.364861,0.095743277,-1.051283389,1.881214034,-2.128819009,2.202286916,2.434157069,6,5,two_open_b
200.389104,0.095743277,-1.051283389,1.881214034,-2.128819009,2.202286916,2.434157069,6,5,two_open_b
200.413346,0.095743277,-1.051283389,1.881214034,-2.128819009,2.202286916,2.434157069,6,5,two_open_b
200.437589,0.095743277,-1.051283389,1.881214034,-2.128819009,2.202286916,2.434157069,6,5,two_open_b
200.461831,0.095743277,-1.051283389,1.881214034,-2.128819009,2.202286916,2.434157069,6,5,two_open_b
200.486073,0.095743277,-1.051283389,1.881214034,-2.128819009,2.202286916,2.434157069,6,5,two_open_b
200.510316,0.095743277,-1.051283389,1.881214034,-2.128819009,2.202286916,2.434157069,6,5,two_open_b
200.534558,0.095743277,-1.051283389,1.881214034,-2.128819009,2.202286916,2.434157069,6,5,two_open_b
200.558801,0.095743277,-1.051283389,1.881214034,-2.128819009,2.202286916,2.434157069,6,5,two_open_b
200.583043,0.095743277,-1.051283389,1.881214034,-2.128819009,2.202286916,2.434157069,6,5,two_open_b
200.607286,0.095743277,-1.051283389,1.881214034,-2.128819009,2.202286916,2.434157069,6,5,two_open_b
200.631528,0.095743277,-1.051283389,1.881214034,-2.128819009,2.202286916,2.434157069,6,5,two_open_b
200.655770,0.095743277,-1.051283389,1.881214034,-2.128819009,2.202286916,2.434157069,6,5,two_open_b
200.680013,0.095743277,-1.051283389,1.881214034,-2.128819009,2.202286916,2.434157069,6,5,two_open_b
200.704255,0.095743277,-1.051283389,1.881214034,-2.128819009,2.202286916,2.434157069,6,5,two_open_b
200.728498,0.095743277,-1.051283389,1.881214034,-2.128819009,2.202286916,2.434157069,6,5,two_open_b
200.752740,0.095743277,-1.051283389,1.881214034,-2.128819009,2.202286916,2.434157069,6,5,two_open_b
200.776983,0.095743277,-1.051283389,1.881214034,-2.128819009,2.202286916,2.434157069,6,5,two_open_b
200.801225,0.095743277,-1.051283389,1.881214034,-2.128819009,2.202286916,2.434157069,6,5,two_open_b
200.825467,0.095743277,-1.051283389,1.881214034,-2.128819009,2.202286916,2.434157069,6,5,two_open_b
200.849710,0.095743277,-1.051283389,1.881214034,-2.128819009,2.202286916,2.434157069,6,5,two_open_b
200.873952,0.095743277,-1.051283389,1.881214034,-2.128819009,2.202286916,2.434157069,6,5,two_open_b
200.898195,0.095743277,-1.051283389,1.881214034,-2.128819009,2.202286916,2.434157069,6,5,two_open_b
200.922437,0.095743277,-1.051283389,1.881214034,-2.128819009,2.202286916,2.434157069,6,5,two_open_b
200.946680,0.095743277,-1.051283389,1.881214034,-2.128819009,2.202286916,2.434157069,6,5,two_open_b
200.970922,0.095743277,-1.051283389,1.881214034,-2.128819009,2.202286916,2.434157069,6,5,two_open_b
200.995164,0.095743277,-1.051283389,1.881214034,-2.128819009,2.202286916,2.434157069,6,5,two_open_b
201.019407,0.095743277,-1.051283389,1.881214034,-2.128819009,2.202286916,2.434157069,6,5,two_open_b
201.043649,0.095743277,-1.051283389,1.881214034,-2.128819009,2.202286916,2.434157069,6,5,two_open_b
201.067892,0.095743277,-1.051283389,1.881214034,-2.128819009,2.202286916,2.434157069,6,5,two_open_b
201.092134,0.095743277,-1.051283389,1.881214034,-2.128819009,2.202286916,2.434157069,6,5,two_open_b
201.116377,0.095743277,-1.051283389,1.881214034,-2.128819009,2.202286916,2.434157069,6,5,two_open_b
201.140619,0.095743277,-1.051283389,1.881214034,-2.128819009,2.202286916,2.434157069,6,5,two_open_b
201.164861,0.095743277,-1.051283389,1.881214034,-2.128819009,2.202286916,2.434157069,6,5,two_open_b
201.189104,0.095743277,-1.051283389,1.881214034,-2.128819009,2.202286916,2.434157069,6,5,two_open_b
201.213346,0.095743277,-1.051283389,1.881214034,-2.128819009,2.202286916,2.434157069,6,5,two_open_b
201.237589,0.095743277,-1.051283389,1.881214034,-2.128819009,2.202286916,2.434157069,6,5,two_open_b
201.261831,0.095743277,-1.051283389,1.881214034,-2.128819009,2.202286916,2.434157069,6,5,two_open_b
201.286073,0.095743277,-1.051283389,1.881214034,-2.128819009,2.202286916,2.434157069,6,5,two_open_b
201.310316,0.095743277,-1.051283389,1.881214034,-2.128819009,2.202286916,2.434157069,6,5,two_open_b
201.334558,0.095743277,-1.051283389,1.881214034,-2.128819009,2.202286916,2.434157069,6,5,two_open_b
201.358801,0.095743277,-1.051283389,1.881214034,-2.128819009,2.202286916,2.434157069,6,5,two_open_b
201.383043,0.095743277,-1.051283389,1.881214034,-2.128819009,2.202286916,2.434157069,6,5,two_open_b
201.407286,0.095743277,-1.051283389,1.881214034,-2.128819009,2.202286916,2.434157069,6,5,two_open_b
201.431528,0.095743277,-1.051283389,1.881214034,-2.128819009,2.202286916,2.434157069,6,5,two_open_b
201.455770,0.095743277,-1.051283389,1.881214034,-2.128819009,2.202286916,2.434157069,6,5,two_open_b
201.480013,0.095743277,-1.051283389,1.881214034,-2.128819009,2.202286916,2.434157069,6,5,two_open_b
201.504255,0.095743277,-1.051283389,1.881214034,-2.128819009,2.202286916,2.434157069,6,5,two_open_b
201.528498,0.095743277,-1.051283389,1.881214034,-2.128819009,2.202286916,2.434157069,6,5,two_open_b
201.552740,0.095743277,-1.051283389,1.881214034,-2.128819009,2.202286916,2.434157069,6,5,two_open_b
201.576983,0.095743277,-1.051283389,1.881214034,-2.128819009,2.202286916,2.434157069,6,5,two_open_b
201.601225,0.095743277,-1.051283389,1.881214034,-2.128819009,2.202286916,2.434157069,6,5,two_open_b
201.625467,0.095743277,-1.051283389,1.881214034,-2.128819009,2.202286916,2.434157069,6,5,two_open_b
201.649710,0.095743277,-1.051283389,1.881214034,-2.128819009,2.202286916,2.434157069,6,5,two_open_b
201.673952,0.095743277,-1.051283389,1.881214034,-2.128819009,2.202286916,2.434157069,6,5,two_open_b
201.698195,0.095743277,-1.051283389,1.881214034,-2.128819009,2.202286916,2.434157069,6,5,two_open_b
201.722437,0.095743277,-1.051283389,1.881214034,-2.128819009,2.202286916,2.434157069,6,5,two_open_b
201.746680,0.095743277,-1.051283389,1.881214034,-2.128819009,2.202286916,2.434157069,6,5,two_open_b
201.770922,0.095743277,-1.051283389,1.881214034,-2.128819009,2.202286916,2.434157069,6,5,two_open_b
201.795164,0.095743277,-1.051283389,1.881214034,-2.128819009,2.202286916,2.434157069,6,5,two_open_b
201.819407,0.095743277,-1.051283389,1.881214034,-2.128819009,2.202286916,2.434157069,6,5,two_open_b
201.843649,0.095743277,-1.051283389,1.881214034,-2.128819009,2.202286916,2.434157069,6,5,two_open_b
201.867892,0.095743277,-1.051283389,1.881214034,-2.128819009,2.202286916,2.434157069,6,5,two_open_b
201.892134,0.095743277,-1.051283389,1.881214034,-2.128819009,2.202286916,2.434157069,6,5,two_open_b
201.916377,0.095743277,-1.051283389,1.881214034,-2.128819009,2.202286916,2.434157069,6,5,two_open_b
201.940619,0.095743277,-1.051283389,1.881214034,-2.128819009,2.202286916,2.434157069,6,5,two_open_b
201.964861,0.095743277,-1.051283389,1.881214034,-2.128819009,2.202286916,2.434157069,6,5,two_open_b
201.989104,0.094316967,-1.051555313,1.879668711,-2.128717500,2.204028143,2.439062566,6,5,two_open_b
202.013346,0.092890656,-1.051827238,1.878123387,-2.128615991,2.205769371,2.443968064,6,5,two_open_b
202.037589,0.091464346,-1.052099162,1.876578064,-2.128514482,2.207510598,2.448873561,6,5,two_open_b
202.061831,0.090038035,-1.052371086,1.875032740,-2.128412973,2.209251825,2.453779059,6,5,two_open_b
202.086073,0.088611725,-1.052643010,1.873487417,-2.128311463,2.210993052,2.458684556,6,5,two_open_b
202.110316,0.087185414,-1.052914935,1.871942093,-2.128209954,2.212734280,2.463590054,6,5,two_open_b
202.134558,0.085759104,-1.053186859,1.870396770,-2.128108445,2.214475507,2.468495551,6,5,two_open_b
202.158801,0.084332793,-1.053458783,1.868851446,-2.128006936,2.216216734,2.473401049,6,5,two_open_b
202.183043,0.082906483,-1.053730708,1.867306123,-2.127905427,2.217957962,2.478306546,6,5,two_open_b
202.207286,0.081480172,-1.054002632,1.865760799,-2.127803918,2.219699189,2.483212044,6,5,two_open_b
202.231528,0.081480172,-1.054002632,1.865760799,-2.127803918,2.219699189,2.483212044,6,5,two_open_b
202.255770,0.081480172,-1.054002632,1.865760799,-2.127803918,2.219699189,2.483212044,6,5,two_open_b
202.280013,0.081480172,-1.054002632,1.865760799,-2.127803918,2.219699189,2.483212044,6,5,two_open_b
202.304255,0.081480172,-1.054002632,1.865760799,-2.127803918,2.219699189,2.483212044,6,5,two_open_b
202.328498,0.081480172,-1.054002632,1.865760799,-2.127803918,2.219699189,2.483212044,6,5,two_open_b
202.352740,0.081480172,-1.054002632,1.865760799,-2.127803918,2.219699189,2.483212044,6,5,two_open_b
202.376983,0.081480172,-1.054002632,1.865760799,-2.127803918,2.219699189,2.483212044,6,5,two_open_b
202.401225,0.081480172,-1.054002632,1.865760799,-2.127803918,2.219699189,2.483212044,6,5,two_open_b
202.425467,0.081480172,-1.054002632,1.865760799,-2.127803918,2.219699189,2.483212044,6,5,two_open_b
202.449710,0.081480172,-1.054002632,1.865760799,-2.127803918,2.219699189,2.483212044,6,5,two_open_b
202.473952,0.081480172,-1.054002632,1.865760799,-2.127803918,2.219699189,2.483212044,6,5,two_open_b
202.498195,0.081480172,-1.054002632,1.865760799,-2.127803918,2.219699189,2.483212044,6,5,two_open_b
202.522437,0.081480172,-1.054002632,1.865760799,-2.127803918,2.219699189,2.483212044,6,5,two_open_b
202.546680,0.081480172,-1.054002632,1.865760799,-2.127803918,2.219699189,2.483212044,6,5,two_open_b
202.570922,0.081480172,-1.054002632,1.865760799,-2.127803918,2.219699189,2.483212044,6,5,two_open_b
202.595164,0.081480172,-1.054002632,1.865760799,-2.127803918,2.219699189,2.483212044,6,5,two_open_b
202.619407,0.081480172,-1.054002632,1.865760799,-2.127803918,2.219699189,2.483212044,6,5,two_open_b
202.643649,0.081480172,-1.054002632,1.865760799,-2.127803918,2.219699189,2.483212044,6,5,two_open_b
202.667892,0.081480172,-1.054002632,1.865760799,-2.127803918,2.219699189,2.483212044,6,5,two_open_b
202.692134,0.081480172,-1.054002632,1.865760799,-2.127803918,2.219699189,2.483212044,6,5,two_open_b
202.716377,0.081480172,-1.054002632,1.865760799,-2.127803918,2.219699189,2.483212044,6,5,two_open_b
202.740619,0.081480172,-1.054002632,1.865760799,-2.127803918,2.219699189,2.483212044,6,5,two_open_b
202.764861,0.081480172,-1.054002632,1.865760799,-2.127803918,2.219699189,2.483212044,6,5,two_open_b
202.789104,0.081480172,-1.054002632,1.865760799,-2.127803918,2.219699189,2.483212044,6,5,two_open_b
202.813346,0.081480172,-1.054002632,1.865760799,-2.127803918,2.219699189,2.483212044,6,5,two_open_b
202.837589,0.081480172,-1.054002632,1.865760799,-2.127803918,2.219699189,2.483212044,6,5,two_open_b
202.861831,0.081624903,-1.054357617,1.865749365,-2.128407602,2.218825077,2.482126961,6,5,two_open_b
202.886073,0.082527858,-1.056572320,1.865678032,-2.132173904,2.213371609,2.475357270,6,5,two_open_b
202.910316,0.083430813,-1.058787023,1.865606698,-2.135940207,2.207918140,2.468587579,6,5,two_open_b
202.934558,0.084333769,-1.061001726,1.865535364,-2.139706510,2.202464672,2.461817888,6,5,two_open_b
202.958801,0.085236724,-1.063216429,1.865464031,-2.143472812,2.197011204,2.455048198,6,5,two_open_b
202.983043,0.086139679,-1.065431132,1.865392697,-2.147239115,2.191557735,2.448278507,6,5,two_open_b
203.007286,0.087042634,-1.067645835,1.865321364,-2.151005417,2.186104267,2.441508816,6,5,two_open_b
203.031528,0.087945590,-1.069860538,1.865250030,-2.154771720,2.180650799,2.434739126,6,5,two_open_b
203.055770,0.088848545,-1.072075241,1.865178696,-2.158538023,2.175197331,2.427969435,6,5,two_open_b
203.080013,0.089751500,-1.074289944,1.865107363,-2.162304325,2.169743862,2.421199744,6,5,two_open_b
203.104255,0.090509725,-1.076149662,1.865047463,-2.165466944,2.165164506,2.415515137,6,5,two_open_b
203.128498,0.090509725,-1.076149662,1.865047463,-2.165466944,2.165164506,2.415515137,6,5,two_open_b
203.152740,0.090509725,-1.076149662,1.865047463,-2.165466944,2.165164506,2.415515137,6,5,two_open_b
203.176983,0.090509725,-1.076149662,1.865047463,-2.165466944,2.165164506,2.415515137,6,5,two_open_b
203.201225,0.090509725,-1.076149662,1.865047463,-2.165466944,2.165164506,2.415515137,6,5,two_open_b
203.225467,0.090509725,-1.076149662,1.865047463,-2.165466944,2.165164506,2.415515137,6,5,two_open_b
203.249710,0.090458602,-1.075845188,1.864885103,-2.164041354,2.166731541,2.416653081,6,5,two_open_b
203.273952,0.090311435,-1.074968704,1.864417720,-2.159937535,2.171242534,2.419928860,6,5,two_open_b
203.298195,0.090164269,-1.074092220,1.863950337,-2.155833715,2.175753528,2.423204639,6,5,two_open_b
203.322437,0.090017102,-1.073215737,1.863482955,-2.151729896,2.180264522,2.426480418,6,5,two_open_b
203.346680,0.089869935,-1.072339253,1.863015572,-2.147626077,2.184775516,2.429756197,6,5,two_open_b
203.370922,0.089722769,-1.071462769,1.862548189,-2.143522258,2.189286509,2.433031976,6,5,two_open_b
203.395164,0.089575602,-1.070586285,1.862080806,-2.139418438,2.193797503,2.436307755,6,5,two_open_b
203.419407,0.089428435,-1.069709801,1.861613423,-2.135314619,2.198308497,2.439583534,6,5,two_open_b
203.443649,0.089281268,-1.068833318,1.861146041,-2.131210800,2.202819490,2.442859313,6,5,two_open_b
203.467892,0.089134102,-1.067956834,1.860678658,-2.127106980,2.207330484,2.446135092,6,5,two_open_b
203.492134,0.089038058,-1.067384824,1.860373635,-2.124428751,2.210274443,2.448272927,6,5,two_open_b
203.516377,0.089038058,-1.067384824,1.860373635,-2.124428751,2.210274443,2.448272927,6,5,two_open_b
203.540619,0.089038058,-1.067384824,1.860373635,-2.124428751,2.210274443,2.448272927,6,5,two_open_b
203.564861,0.089038058,-1.067384824,1.860373635,-2.124428751,2.210274443,2.448272927,6,5,two_open_b
203.589104,0.089038058,-1.067384824,1.860373635,-2.124428751,2.210274443,2.448272927,6,5,two_open_b
203.613346,0.089038058,-1.067384824,1.860373635,-2.124428751,2.210274443,2.448272927,6,5,two_open_b
203.637589,0.089038058,-1.067384824,1.860373635,-2.124428751,2.210274443,2.448272927,6,5,two_open_b
203.661831,0.089038058,-1.067384824,1.860373635,-2.124428751,2.210274443,2.448272927,6,5,two_open_b
203.686073,0.089038058,-1.067384824,1.860373635,-2.124428751,2.210274443,2.448272927,6,5,two_open_b
203.710316,0.089038058,-1.067384824,1.860373635,-2.124428751,2.210274443,2.448272927,6,5,two_open_b
203.734558,0.089038058,-1.067384824,1.860373635,-2.124428751,2.210274443,2.448272927,6,5,two_open_b
203.758801,0.089038058,-1.067384824,1.860373635,-2.124428751,2.210274443,2.448272927,6,5,two_open_b
203.783043,0.089038058,-1.067384824,1.860373635,-2.124428751,2.210274443,2.448272927,6,5,two_open_b
203.807286,0.089038058,-1.067384824,1.860373635,-2.124428751,2.210274443,2.448272927,6,5,two_open_b
203.831528,0.089038058,-1.067384824,1.860373635,-2.124428751,2.210274443,2.448272927,6,5,two_open_b
203.855770,0.089038058,-1.067384824,1.860373635,-2.124428751,2.210274443,2.448272927,6,5,two_open_b
203.880013,0.089038058,-1.067384824,1.860373635,-2.124428751,2.210274443,2.448272927,6,5,two_open_b
203.904255,0.089038058,-1.067384824,1.860373635,-2.124428751,2.210274443,2.448272927,6,5,two_open_b
203.928498,0.089038058,-1.067384824,1.860373635,-2.124428751,2.210274443,2.448272927,6,5,two_open_b
203.952740,0.089038058,-1.067384824,1.860373635,-2.124428751,2.210274443,2.448272927,6,5,two_open_b
203.976983,0.089038058,-1.067384824,1.860373635,-2.124428751,2.210274443,2.448272927,6,5,two_open_b
204.001225,0.089038058,-1.067384824,1.860373635,-2.124428751,2.210274443,2.448272927,6,5,two_open_b
204.025467,0.089038058,-1.067384824,1.860373635,-2.124428751,2.210274443,2.448272927,6,5,two_open_b
204.049710,0.089038058,-1.067384824,1.860373635,-2.124428751,2.210274443,2.448272927,6,5,two_open_b
204.073952,0.089046963,-1.067380358,1.860378443,-2.124423225,2.210280638,2.448254287,6,5,two_open_b
204.098195,0.089278480,-1.067264229,1.860503446,-2.124279543,2.210441719,2.447769653,6,5,two_open_b
204.122437,0.089732611,-1.067036439,1.860748644,-2.123997705,2.210757685,2.446819023,6,5,two_open_b
204.146680,0.090409355,-1.066696987,1.861114036,-2.123577711,2.211228536,2.445402399,6,5,two_open_b
204.170922,0.091308712,-1.066245873,1.861599624,-2.123019562,2.211854272,2.443519779,6,5,two_open_b
204.195164,0.092430682,-1.065683097,1.862205407,-2.122323257,2.212634894,2.441171165,6,5,two_open_b
204.219407,0.093596228,-1.065098464,1.862834719,-2.121599907,2.213445834,2.438731333,6,5,two_open_b
204.243649,0.094761775,-1.064513830,1.863464030,-2.120876558,2.214256775,2.436291500,6,5,two_open_b
204.267892,0.095927322,-1.063929196,1.864093341,-2.120153209,2.215067715,2.433851667,6,5,two_open_b
204.292134,0.097092868,-1.063344563,1.864722652,-2.119429860,2.215878656,2.431411835,6,5,two_open_b
204.316377,0.098249510,-1.062764396,1.865347156,-2.118712037,2.216683401,2.428990642,6,5,two_open_b
204.340619,0.099183539,-1.062295890,1.865851464,-2.118132370,2.217333260,2.427035444,6,5,two_open_b
204.364861,0.099894955,-1.061939047,1.866235577,-2.117690858,2.217828235,2.425546241,6,5,two_open_b
204.389104,0.100383758,-1.061693865,1.866499496,-2.117387503,2.218168324,2.424523033,6,5,two_open_b
204.413346,0.100649947,-1.061560346,1.866643219,-2.117222303,2.218353528,2.423965819,6,5,two_open_b
204.437589,0.100693524,-1.061538488,1.866666747,-2.117195259,2.218383847,2.423874601,6,5,two_open_b
204.461831,0.100693524,-1.061538488,1.866666747,-2.117195259,2.218383847,2.423874601,6,5,two_open_b
204.486073,0.100693524,-1.061538488,1.866666747,-2.117195259,2.218383847,2.423874601,6,5,two_open_b
204.510316,0.100693524,-1.061538488,1.866666747,-2.117195259,2.218383847,2.423874601,6,5,two_open_b
204.534558,0.100693524,-1.061538488,1.866666747,-2.117195259,2.218383847,2.423874601,6,5,two_open_b
204.558801,0.101005021,-1.061299150,1.867045503,-2.117247583,2.218382635,2.423271642,6,5,two_open_b
204.583043,0.101996164,-1.060537604,1.868250659,-2.117414073,2.218378779,2.421353101,6,5,two_open_b
204.607286,0.102987308,-1.059776059,1.869455816,-2.117580563,2.218374924,2.419434559,6,5,two_open_b
204.631528,0.103978451,-1.059014513,1.870660972,-2.117747052,2.218371068,2.417516018,6,5,two_open_b
204.655770,0.104969595,-1.058252968,1.871866128,-2.117913542,2.218367212,2.415597477,6,5,two_open_b
204.680013,0.105960738,-1.057491423,1.873071284,-2.118080032,2.218363356,2.413678935,6,5,two_open_b
204.704255,0.106951882,-1.056729877,1.874276440,-2.118246522,2.218359500,2.411760394,6,5,two_open_b
204.728498,0.107943025,-1.055968332,1.875481596,-2.118413011,2.218355645,2.409841853,6,5,two_open_b
204.752740,0.108934169,-1.055206786,1.876686752,-2.118579501,2.218351789,2.407923312,6,5,two_open_b
204.776983,0.109925312,-1.054445241,1.877891908,-2.118745991,2.218347933,2.406004770,6,5,two_open_b
204.801225,0.110604959,-1.053923034,1.878718308,-2.118860156,2.218345289,2.404689188,6,5,two_open_b
204.825467,0.110759105,-1.053380937,1.878992872,-2.118093384,2.218376488,2.404364718,6,5,two_open_b
204.849710,0.111200155,-1.051829864,1.879778467,-2.115899459,2.218465756,2.403436330,6,5,two_open_b
204.873952,0.111641205,-1.050278791,1.880564062,-2.113705534,2.218555024,2.402507942,6,5,two_open_b
204.898195,0.112082255,-1.048727718,1.881349657,-2.111511609,2.218644292,2.401579554,6,5,two_open_b
204.922437,0.112523305,-1.047176644,1.882135253,-2.109317684,2.218733560,2.400651166,6,5,two_open_b
204.946680,0.112964356,-1.045625571,1.882920848,-2.107123759,2.218822828,2.399722778,6,5,two_open_b
204.970922,0.113405406,-1.044074498,1.883706443,-2.104929835,2.218912096,2.398794390,6,5,two_open_b
204.995164,0.113846456,-1.042523425,1.884492038,-2.102735910,2.219001364,2.397866002,6,5,two_open_b
205.019407,0.114287506,-1.040972352,1.885277633,-2.100541985,2.219090632,2.396937614,6,5,two_open_b
205.043649,0.114737237,-1.039314660,1.886076575,-2.098242239,2.219343838,2.395919891,6,5,two_open_b
205.067892,0.115186127,-1.036316186,1.886836654,-2.094840470,2.222460996,2.393648960,6,5,two_open_b
205.092134,0.115351065,-1.034290442,1.887090238,-2.092829879,2.225575817,2.391951579,6,5,two_open_b
205.116377,0.115528771,-1.032152197,1.887423275,-2.090810455,2.228724819,2.390244548,6,5,two_open_b
205.140619,0.115722707,-1.029870959,1.887857300,-2.088779806,2.231917266,2.388525254,6,5,two_open_b
205.164861,0.115932872,-1.027446726,1.888392313,-2.086737931,2.235153158,2.386793695,6,5,two_open_b
205.189104,0.116159266,-1.024879500,1.889028314,-2.084684830,2.238432496,2.385049873,6,5,two_open_b
205.213346,0.116401890,-1.022169279,1.889765303,-2.082620503,2.241755280,2.383293787,6,5,two_open_b
205.237589,0.116660743,-1.019316064,1.890603280,-2.080544949,2.245121508,2.381525436,6,5,two_open_b
205.261831,0.116935825,-1.016319855,1.891542246,-2.078458170,2.248531183,2.379744822,6,5,two_open_b
205.286073,0.117218456,-1.013287270,1.892568853,-2.076465985,2.251820364,2.378041280,6,5,two_open_b
205.310316,0.117364011,-1.011994572,1.893460748,-2.076331371,2.252257840,2.377903150,6,5,two_open_b
205.334558,0.117522843,-1.010595125,1.894449094,-2.076221505,2.252683030,2.377783126,6,5,two_open_b
205.358801,0.117685137,-1.009165184,1.895458975,-2.076109244,2.253117485,2.377660486,6,5,two_open_b
205.383043,0.117847431,-1.007735243,1.896468857,-2.075996984,2.253551939,2.377537847,6,5,two_open_b
205.407286,0.117998883,-1.006400822,1.897411278,-2.075892223,2.253957372,2.377423400,6,5,two_open_b
205.431528,0.118134106,-1.005209395,1.898252711,-2.075798688,2.254319359,2.377321217,6,5,two_open_b
205.455770,0.118247644,-1.004051523,1.899058573,-2.075697367,2.254689381,2.377230802,6,5,two_open_b
205.480013,0.118279806,-1.001729893,1.900544541,-2.075380267,2.255630641,2.377146735,6,5,two_open_b
205.504255,0.118281464,-0.999264916,1.902100679,-2.075024652,2.256663147,2.377073635,6,5,two_open_b
205.528498,0.118266892,-0.996942933,1.903555828,-2.074680262,2.257652208,2.377012800,6,5,two_open_b
205.552740,0.117937110,-0.994038785,1.905456535,-2.074281865,2.258777258,2.376649028,6,5,two_open_b
205.576983,0.117369490,-0.990740138,1.907661357,-2.073846343,2.259991860,2.376063892,6,5,two_open_b
205.601225,0.116785640,-0.987584484,1.909765191,-2.073422047,2.261163017,2.375491019,6,5,two_open_b
205.625467,0.116185561,-0.984571825,1.911768037,-2.073008977,2.262290728,2.374930411,6,5,two_open_b
205.649710,0.115580095,-0.981606640,1.913737355,-2.072599634,2.263404016,2.374373874,6,5,two_open_b
205.673952,0.114974628,-0.978641454,1.915706672,-2.072190291,2.264517303,2.373817338,6,5,two_open_b
205.698195,0.114374617,-0.975785709,1.917610574,-2.071799960,2.265579111,2.373261297,6,5,two_open_b
205.722437,0.112932513,-0.972974089,1.919821783,-2.071077342,2.265294091,2.371875992,6,5,two_open_b
205.746680,0.111504685,-0.970448811,1.921861836,-2.070404467,2.264874379,2.370491983,6,5,two_open_b
205.770922,0.110042045,-0.967850929,1.923966988,-2.069658293,2.264271898,2.369112465,6,5,two_open_b
205.795164,0.108544862,-0.965282602,1.926149306,-2.068275095,2.261738909,2.368091165,6,5,two_open_b
205.819407,0.107208545,-0.963125082,1.928040114,-2.066812349,2.258754008,2.367311327,6,5,two_open_b
205.843649,0.105872227,-0.960967561,1.929930921,-2.065349603,2.255769107,2.366531490,6,5,two_open_b
205.867892,0.104535909,-0.958810041,1.931821729,-2.063886857,2.252784206,2.365751653,6,5,two_open_b
205.892134,0.102576599,-0.956404651,1.934380278,-2.062702965,2.247991919,2.364555058,6,5,two_open_b
205.916377,0.100487940,-0.953947797,1.937077468,-2.061576970,2.242824372,2.363271934,6,5,two_open_b
205.940619,0.098399281,-0.951490942,1.939774658,-2.060450976,2.237656825,2.361988809,6,5,two_open_b
205.964861,0.097217861,-0.950296714,1.941383445,-2.059884272,2.233221422,2.361540865,6,5,two_open_b
205.989104,0.092954870,-0.949355555,1.944368681,-2.063644310,2.235097685,2.359281874,6,5,two_open_b
206.013346,0.088726690,-0.948487001,1.947288817,-2.067477645,2.237156717,2.357018393,6,5,two_open_b
206.037589,0.084039471,-0.948319098,1.949751955,-2.073185541,2.243000972,2.353804990,6,5,two_open_b
206.061831,0.076932794,-0.948293679,1.952623201,-2.082689872,2.255529689,2.347745742,6,5,two_open_b
206.086073,0.069826116,-0.948268259,1.955494448,-2.092194203,2.268058406,2.341686494,6,5,two_open_b
206.110316,0.062719438,-0.948242840,1.958365694,-2.101698534,2.280587123,2.335627246,6,5,two_open_b
206.134558,0.056235752,-0.948465291,1.960569199,-2.110924010,2.294923227,2.329984756,6,5,two_open_b
206.158801,0.048221333,-0.948041520,1.961803174,-2.118427588,2.310427159,2.324617708,6,5,two_open_b
206.183043,0.040206913,-0.947617749,1.963037148,-2.125931166,2.325931092,2.319250661,6,5,two_open_b
206.207286,0.032192494,-0.947193978,1.964271123,-2.133434744,2.341435024,2.313883613,6,5,two_open_b
206.231528,0.026491566,-0.947133832,1.964539881,-2.138200166,2.350021099,2.309232060,6,5,two_open_b
206.255770,0.020130933,-0.947603366,1.965161848,-2.144330028,2.358086513,2.303639536,6,5,two_open_b
206.280013,0.014562864,-0.948067853,1.965617103,-2.149287588,2.364117778,2.298953916,6,5,two_open_b
206.304255,0.010240875,-0.948741670,1.965206179,-2.150503815,2.365114520,2.297714750,6,5,two_open_b
206.328498,0.005286923,-0.949530768,1.964618857,-2.151682765,2.366792846,2.296787152,6,5,two_open_b
206.352740,0.000332971,-0.950319867,1.964031536,-2.152861715,2.368471171,2.295859554,6,5,two_open_b
206.376983,-0.004893313,-0.951162305,1.963355025,-2.154091376,2.370233382,2.294964317,6,5,two_open_b
206.401225,-0.008934269,-0.952795415,1.963353922,-2.157073444,2.371349260,2.293936581,6,5,two_open_b
206.425467,-0.013449980,-0.954521510,1.963197336,-2.160143918,2.372611374,2.292965258,6,5,two_open_b
206.449710,-0.018440447,-0.956340592,1.962885268,-2.163302797,2.374019723,2.292050349,6,5,two_open_b
206.473952,-0.023137590,-0.957635965,1.962006483,-2.164961496,2.376180502,2.292287405,6,5,two_open_b
206.498195,-0.027649783,-0.958494644,1.960619007,-2.165344160,2.379008177,2.293521846,6,5,two_open_b
206.522437,-0.032306065,-0.959381544,1.959184342,-2.165753656,2.381880234,2.294773410,6,5,two_open_b
206.546680,-0.037413920,-0.960522863,1.957666766,-2.167500784,2.384596539,2.293898914,6,5,two_open_b
206.570922,-0.041889812,-0.961548901,1.956325588,-2.169285188,2.386631260,2.292712849,6,5,two_open_b
206.595164,-0.046365704,-0.962574938,1.954984410,-2.171069593,2.388665981,2.291526785,6,5,two_open_b
206.619407,-0.050569264,-0.963547636,1.953732420,-2.172803286,2.390616817,2.290308360,6,5,two_open_b
206.643649,-0.054298069,-0.964427349,1.952635913,-2.174448573,2.392421417,2.289033522,6,5,two_open_b
206.667892,-0.057552119,-0.965214075,1.951694889,-2.176005456,2.394079780,2.287702270,6,5,two_open_b
206.692134,-0.060331413,-0.965907815,1.950909348,-2.177473933,2.395591908,2.286314604,6,5,two_open_b
206.716377,-0.062405195,-0.966888898,1.949755406,-2.177708001,2.394587320,2.285782441,6,5,two_open_b
206.740619,-0.063612777,-0.968422165,1.947868259,-2.175909639,2.389415326,2.286740795,6,5,two_open_b
206.764861,-0.064287419,-0.970568107,1.945145498,-2.172153298,2.380204420,2.289218712,6,5,two_open_b
206.789104,-0.063276365,-0.972234503,1.942850125,-2.167132122,2.369818241,2.293214243,6,5,two_open_b
206.813346,-0.062176907,-0.974154328,1.940218965,-2.161736503,2.358623049,2.297440787,6,5,two_open_b
206.837589,-0.060682581,-0.977206121,1.936087982,-2.154668400,2.343814326,2.302699168,6,5,two_open_b
206.861831,-0.059188254,-0.980257915,1.931956998,-2.147600297,2.329005603,2.307957548,6,5,two_open_b
206.886073,-0.057693927,-0.983309708,1.927826015,-2.140532195,2.314196881,2.313215929,6,5,two_open_b
206.910316,-0.056199601,-0.986361502,1.923695031,-2.133464092,2.299388158,2.318474310,6,5,two_open_b
206.934558,-0.055190159,-0.990157439,1.919091258,-2.127728137,2.285714808,2.321915123,6,5,two_open_b
206.958801,-0.054761231,-0.994109812,1.914670334,-2.124099089,2.275230904,2.323132973,6,5,two_open_b
206.983043,-0.054723748,-0.997417015,1.911138099,-2.122414067,2.268768169,2.322803891,6,5,two_open_b
207.007286,-0.055075117,-1.000083322,1.908488666,-2.122660191,2.266299964,2.320938126,6,5,two_open_b
207.031528,-0.055426485,-1.002749628,1.905839233,-2.122906316,2.263831759,2.319072361,6,5,two_open_b
207.055770,-0.055866259,-1.005162504,1.903525587,-2.123526884,2.262172567,2.316975584,6,5,two_open_b
207.080013,-0.056700901,-1.006443413,1.902711764,-2.125819935,2.264126906,2.313846969,6,5,two_open_b
207.104255,-0.058195127,-1.007628462,1.901114305,-2.127418427,2.267547717,2.311126777,6,5,two_open_b
207.128498,-0.060886948,-1.008639463,1.898094012,-2.127755821,2.273631178,2.309148148,6,5,two_open_b
207.152740,-0.063578770,-1.009650464,1.895073719,-2.128093214,2.279714639,2.307169519,6,5,two_open_b
207.176983,-0.065785706,-1.009917321,1.892526216,-2.127098460,2.284662727,2.307008458,6,5,two_open_b
207.201225,-0.067642886,-1.009647413,1.890319745,-2.125142802,2.288791849,2.308158444,6,5,two_open_b
207.225467,-0.069500065,-1.009377506,1.888113275,-2.123187144,2.292920971,2.309308430,6,5,two_open_b
207.249710,-0.071357244,-1.009107598,1.885906805,-2.121231486,2.297050093,2.310458415,6,5,two_open_b
207.273952,-0.073214424,-1.008837691,1.883700334,-2.119275828,2.301179215,2.311608401,6,5,two_open_b
207.298195,-0.075071603,-1.008567783,1.881493864,-2.117320171,2.305308337,2.312758386,6,5,two_open_b
207.322437,-0.076928783,-1.008297876,1.879287393,-2.115364513,2.309437459,2.313908372,6,5,two_open_b
207.346680,-0.078126378,-1.008123827,1.877864559,-2.114103414,2.312100108,2.314649936,6,5,two_open_b
207.370922,-0.078126378,-1.008123827,1.877864559,-2.114103414,2.312100108,2.314649936,6,5,two_open_b
207.395164,-0.078126378,-1.008123827,1.877864559,-2.114103414,2.312100108,2.314649936,6,5,two_open_b
207.419407,-0.078126378,-1.008123827,1.877864559,-2.114103414,2.312100108,2.314649936,6,5,two_open_b
207.443649,-0.078126378,-1.008123827,1.877864559,-2.114103414,2.312100108,2.314649936,6,5,two_open_b
207.467892,-0.078126378,-1.008123827,1.877864559,-2.114103414,2.312100108,2.314649936,6,5,two_open_b
207.492134,-0.078126378,-1.008123827,1.877864559,-2.114103414,2.312100108,2.314649936,6,5,two_open_b
207.516377,-0.078126378,-1.008123827,1.877864559,-2.114103414,2.312100108,2.314649936,6,5,two_open_b
207.540619,-0.078126378,-1.008123827,1.877864559,-2.114103414,2.312100108,2.314649936,6,5,two_open_b
207.564861,-0.078126378,-1.008123827,1.877864559,-2.114103414,2.312100108,2.314649936,6,5,two_open_b
207.589104,-0.078126378,-1.008123827,1.877864559,-2.114103414,2.312100108,2.314649936,6,5,two_open_b
207.613346,-0.078126378,-1.008123827,1.877864559,-2.114103414,2.312100108,2.314649936,6,5,two_open_b
207.637589,-0.078126378,-1.008123827,1.877864559,-2.114103414,2.312100108,2.314649936,6,5,two_open_b
207.661831,-0.078126378,-1.008123827,1.877864559,-2.114103414,2.312100108,2.314649936,6,5,two_open_b
207.686073,-0.078126378,-1.008123827,1.877864559,-2.114103414,2.312100108,2.314649936,6,5,two_open_b
207.710316,-0.078126378,-1.008123827,1.877864559,-2.114103414,2.312100108,2.314649936,6,5,two_open_b
207.734558,-0.078126378,-1.008123827,1.877864559,-2.114103414,2.312100108,2.314649936,6,5,two_open_b
207.758801,-0.078126378,-1.008123827,1.877864559,-2.114103414,2.312100108,2.314649936,6,5,two_open_b
207.783043,-0.078126378,-1.008123827,1.877864559,-2.114103414,2.312100108,2.314649936,6,5,two_open_b
207.807286,-0.075820147,-1.010136287,1.880763254,-2.117160098,2.305145356,2.309278504,6,5,two_open_b
207.831528,-0.073513917,-1.012148747,1.883661948,-2.120216782,2.298190604,2.303907071,6,5,two_open_b
207.855770,-0.071207686,-1.014161206,1.886560643,-2.123273465,2.291235852,2.298535639,6,5,two_open_b
207.880013,-0.068901456,-1.016173666,1.889459337,-2.126330149,2.284281100,2.293164206,6,5,two_open_b
207.904255,-0.066595225,-1.018186126,1.892358032,-2.129386833,2.277326348,2.287792774,6,5,two_open_b
207.928498,-0.064288994,-1.020198586,1.895256726,-2.132443517,2.270371597,2.282421342,6,5,two_open_b
207.952740,-0.060817021,-1.021389626,1.898954057,-2.133569101,2.263527840,2.278347393,6,5,two_open_b
207.976983,-0.057345048,-1.022580666,1.902651388,-2.134694684,2.256684083,2.274273445,6,5,two_open_b
208.001225,-0.053873075,-1.023771706,1.906348718,-2.135820268,2.249840326,2.270199496,6,5,two_open_b
208.025467,-0.050401102,-1.024962746,1.910046049,-2.136945852,2.242996569,2.266125548,6,5,two_open_b
208.049710,-0.048571488,-1.023282955,1.911396543,-2.133282943,2.242468516,2.269125578,6,5,two_open_b
208.073952,-0.046479616,-1.021264073,1.912965043,-2.128935897,2.241688012,2.272798184,6,5,two_open_b
208.098195,-0.044387745,-1.019245190,1.914533543,-2.124588851,2.240907508,2.276470791,6,5,two_open_b
208.122437,-0.046089256,-1.016792799,1.919186784,-2.127342227,2.254383887,2.277552221,6,5,two_open_b
208.146680,-0.047790767,-1.014340408,1.923840024,-2.130095602,2.267860265,2.278633650,6,5,two_open_b
208.170922,-0.049492278,-1.011888017,1.928493264,-2.132848978,2.281336643,2.279715080,6,5,two_open_b
208.195164,-0.050467522,-1.009625534,1.932906858,-2.135159848,2.289564865,2.279652747,6,5,two_open_b
208.219407,-0.051442767,-1.007363050,1.937320453,-2.137470719,2.297793086,2.279590415,6,5,two_open_b
208.243649,-0.050339650,-1.004258749,1.941947737,-2.136420877,2.300910676,2.281142042,6,5,two_open_b
208.267892,-0.049236534,-1.001154447,1.946575020,-2.135371034,2.304028265,2.282693669,6,5,two_open_b
208.292134,-0.048797290,-0.998908515,1.950650446,-2.136053001,2.307784902,2.282542750,6,5,two_open_b
208.316377,-0.048620303,-0.997001676,1.954507866,-2.137419105,2.311793990,2.281719254,6,5,two_open_b
208.340619,-0.048443315,-0.995094837,1.958365286,-2.138785208,2.315803078,2.280895759,6,5,two_open_b
208.364861,-0.044472946,-0.993621506,1.959137965,-2.133050891,2.305555284,2.282663440,6,5,two_open_b
208.389104,-0.040576451,-0.992269413,1.960457854,-2.128230379,2.296111835,2.283702637,6,5,two_open_b
208.413346,-0.036793045,-0.991102913,1.962615413,-2.124808730,2.287899686,2.283626662,6,5,two_open_b
208.437589,-0.035014736,-0.990753516,1.965051652,-2.125159548,2.286055996,2.282281796,6,5,two_open_b
208.461831,-0.033349516,-0.990589711,1.968325562,-2.126909228,2.285443605,2.279821759,6,5,two_open_b
208.486073,-0.033771208,-0.991281760,1.971449132,-2.132125409,2.290034964,2.275663428,6,5,two_open_b
208.510316,-0.034192901,-0.991973809,1.974572702,-2.137341590,2.294626322,2.271505097,6,5,two_open_b
208.534558,-0.034614593,-0.992665858,1.977696272,-2.142557771,2.299217680,2.267346765,6,5,two_open_b
208.558801,-0.035036286,-0.993357907,1.980819842,-2.147773952,2.303809038,2.263188434,6,5,two_open_b
208.583043,-0.034688033,-0.994974433,1.984701307,-2.153615312,2.308294819,2.256740942,6,5,two_open_b
208.607286,-0.034052492,-0.996935906,1.988865564,-2.159689944,2.312741206,2.249439300,6,5,two_open_b
208.631528,-0.033343076,-0.998776142,1.992482613,-2.164850769,2.316383247,2.242866142,6,5,two_open_b
208.655770,-0.032520572,-1.000430787,1.995261991,-2.168612732,2.318793989,2.237408156,6,5,two_open_b
208.680013,-0.031584979,-1.001899839,1.997203698,-2.170975834,2.319973433,2.233065339,6,5,two_open_b
208.704255,-0.030536297,-1.003183299,1.998307735,-2.171940073,2.319921578,2.229837694,6,5,two_open_b
208.728498,-0.029479064,-1.004452724,1.999348422,-2.172798524,2.319776607,2.226694383,6,5,two_open_b
208.752740,-0.028440060,-1.005740833,2.000376437,-2.173643519,2.319724502,2.223531056,6,5,two_open_b
208.776983,-0.028130587,-1.007776628,2.000897338,-2.173950074,2.323388633,2.219566767,6,5,two_open_b
208.801225,-0.027821113,-1.009812422,2.001418239,-2.174256628,2.327052763,2.215602478,6,5,two_open_b
208.825467,-0.028281585,-1.010923740,2.001181244,-2.173938005,2.330822471,2.213927349,6,5,two_open_b
208.849710,-0.029029345,-1.011690110,2.000661457,-2.173386109,2.334631574,2.213106371,6,5,two_open_b
208.873952,-0.029777105,-1.012456480,2.000141670,-2.172834213,2.338440676,2.212285393,6,5,two_open_b
208.898195,-0.030524865,-1.013222849,1.999621884,-2.172282317,2.342249778,2.211464415,6,5,two_open_b
208.922437,-0.031272625,-1.013989219,1.999102097,-2.171730422,2.346058880,2.210643437,6,5,two_open_b
208.946680,-0.032020385,-1.014755589,1.998582310,-2.171178526,2.349867982,2.209822459,6,5,two_open_b
208.970922,-0.032768145,-1.015521959,1.998062523,-2.170626630,2.353677085,2.209001480,6,5,two_open_b
208.995164,-0.033497674,-1.016269644,1.997555409,-2.170088190,2.357393320,2.208200518,6,5,two_open_b
209.019407,-0.033497674,-1.016269644,1.997555409,-2.170088190,2.357393320,2.208200518,6,5,two_open_b
209.043649,-0.033497674,-1.016269644,1.997555409,-2.170088190,2.357393320,2.208200518,6,5,two_open_b
209.067892,-0.033497674,-1.016269644,1.997555409,-2.170088190,2.357393320,2.208200518,6,5,two_open_b
209.092134,-0.033497674,-1.016269644,1.997555409,-2.170088190,2.357393320,2.208200518,6,5,two_open_b
209.116377,-0.033497674,-1.016269644,1.997555409,-2.170088190,2.357393320,2.208200518,6,5,two_open_b
209.140619,-0.033497674,-1.016269644,1.997555409,-2.170088190,2.357393320,2.208200518,6,5,two_open_b
209.164861,-0.033497674,-1.016269644,1.997555409,-2.170088190,2.357393320,2.208200518,6,5,two_open_b
209.189104,-0.033497674,-1.016269644,1.997555409,-2.170088190,2.357393320,2.208200518,6,5,two_open_b
209.213346,-0.033497674,-1.016269644,1.997555409,-2.170088190,2.357393320,2.208200518,6,5,two_open_b
209.237589,-0.033497674,-1.016269644,1.997555409,-2.170088190,2.357393320,2.208200518,6,5,two_open_b
209.261831,-0.033418444,-1.018706548,2.000197563,-2.173729497,2.353579295,2.203092672,6,5,two_open_b
209.286073,-0.033339213,-1.021143451,2.002839717,-2.177370804,2.349765269,2.197984827,6,5,two_open_b
209.310316,-0.033259983,-1.023580355,2.005481871,-2.181012111,2.345951244,2.192876981,6,5,two_open_b
209.334558,-0.033180752,-1.026017259,2.008124025,-2.184653418,2.342137219,2.187769135,6,5,two_open_b
209.358801,-0.033101522,-1.028454163,2.010766180,-2.188294726,2.338323193,2.182661290,6,5,two_open_b
209.383043,-0.033022291,-1.030891066,2.013408334,-2.191936033,2.334509168,2.177553444,6,5,two_open_b
209.407286,-0.032943060,-1.033327970,2.016050488,-2.195577340,2.330695143,2.172445598,6,5,two_open_b
209.431528,-0.032863830,-1.035764874,2.018692642,-2.199218647,2.326881118,2.167337752,6,5,two_open_b
209.455770,-0.032784599,-1.038201777,2.021334796,-2.202859954,2.323067092,2.162229907,6,5,two_open_b
209.480013,-0.032705369,-1.040638681,2.023976950,-2.206501261,2.319253067,2.157122061,6,5,two_open_b
209.504255,-0.032705369,-1.040638681,2.023976950,-2.206501261,2.319253067,2.157122061,6,5,two_open_b
209.528498,-0.032705369,-1.040638681,2.023976950,-2.206501261,2.319253067,2.157122061,6,5,two_open_b
209.552740,-0.032705369,-1.040638681,2.023976950,-2.206501261,2.319253067,2.157122061,6,5,two_open_b
209.576983,-0.032705369,-1.040638681,2.023976950,-2.206501261,2.319253067,2.157122061,6,5,two_open_b
209.601225,-0.032705369,-1.040638681,2.023976950,-2.206501261,2.319253067,2.157122061,6,5,two_open_b
209.625467,-0.032705369,-1.040638681,2.023976950,-2.206501261,2.319253067,2.157122061,6,5,two_open_b
209.649710,-0.032705369,-1.040638681,2.023976950,-2.206501261,2.319253067,2.157122061,6,5,two_open_b
209.673952,-0.032705369,-1.040638681,2.023976950,-2.206501261,2.319253067,2.157122061,6,5,two_open_b
209.698195,-0.032705369,-1.040638681,2.023976950,-2.206501261,2.319253067,2.157122061,6,5,two_open_b
209.722437,-0.032705369,-1.040638681,2.023976950,-2.206501261,2.319253067,2.157122061,6,5,two_open_b
209.746680,-0.032705369,-1.040638681,2.023976950,-2.206501261,2.319253067,2.157122061,6,5,two_open_b
209.770922,-0.032705369,-1.040638681,2.023976950,-2.206501261,2.319253067,2.157122061,6,5,two_open_b
209.795164,-0.032705369,-1.040638681,2.023976950,-2.206501261,2.319253067,2.157122061,6,5,two_open_b
209.819407,-0.031888490,-1.041294880,2.023858287,-2.205949438,2.318143377,2.156527398,6,5,two_open_b
209.843649,-0.030377148,-1.042508941,2.023638744,-2.204928487,2.316090293,2.155427188,6,5,two_open_b
209.867892,-0.028865806,-1.043723002,2.023419201,-2.203907536,2.314037210,2.154326977,6,5,two_open_b
209.892134,-0.027354464,-1.044937064,2.023199658,-2.202886586,2.311984127,2.153226767,6,5,two_open_b
209.916377,-0.025843122,-1.046151125,2.022980115,-2.201865635,2.309931044,2.152126557,6,5,two_open_b
209.940619,-0.024331781,-1.047365186,2.022760572,-2.200844684,2.307877960,2.151026347,6,5,two_open_b
209.964861,-0.022820439,-1.048579247,2.022541028,-2.199823734,2.305824877,2.149926136,6,5,two_open_b
209.989104,-0.021309097,-1.049793308,2.022321485,-2.198802783,2.303771794,2.148825926,6,5,two_open_b
210.013346,-0.019797755,-1.051007369,2.022101942,-2.197781832,2.301718710,2.147725716,6,5,two_open_b
210.037589,-0.018286413,-1.052221430,2.021882399,-2.196760881,2.299665627,2.146625505,6,5,two_open_b
210.061831,-0.017591951,-1.052779292,2.021781519,-2.196291754,2.298722234,2.146119958,6,5,two_open_b
210.086073,-0.017591951,-1.052779292,2.021781519,-2.196291754,2.298722234,2.146119958,6,5,two_open_b
210.110316,-0.017591951,-1.052779292,2.021781519,-2.196291754,2.298722234,2.146119958,6,5,two_open_b
210.134558,-0.017591951,-1.052779292,2.021781519,-2.196291754,2.298722234,2.146119958,6,5,two_open_b
210.158801,-0.017591951,-1.052779292,2.021781519,-2.196291754,2.298722234,2.146119958,6,5,two_open_b
210.183043,-0.017591951,-1.052779292,2.021781519,-2.196291754,2.298722234,2.146119958,6,5,two_open_b
210.207286,-0.017591951,-1.052779292,2.021781519,-2.196291754,2.298722234,2.146119958,6,5,two_open_b
210.231528,-0.017591951,-1.052779292,2.021781519,-2.196291754,2.298722234,2.146119958,6,5,two_open_b
210.255770,-0.017591951,-1.052779292,2.021781519,-2.196291754,2.298722234,2.146119958,6,5,two_open_b
210.280013,-0.017591951,-1.052779292,2.021781519,-2.196291754,2.298722234,2.146119958,6,5,two_open_b
210.304255,-0.017591951,-1.052779292,2.021781519,-2.196291754,2.298722234,2.146119958,6,5,two_open_b
210.328498,-0.017591951,-1.052779292,2.021781519,-2.196291754,2.298722234,2.146119958,6,5,two_open_b
210.352740,-0.017591951,-1.052779292,2.021781519,-2.196291754,2.298722234,2.146119958,6,5,two_open_b
210.376983,-0.017591951,-1.052779292,2.021781519,-2.196291754,2.298722234,2.146119958,6,5,two_open_b
210.401225,-0.017591951,-1.052779292,2.021781519,-2.196291754,2.298722234,2.146119958,6,5,two_open_b
210.425467,-0.017591951,-1.052779292,2.021781519,-2.196291754,2.298722234,2.146119958,6,5,two_open_b
210.449710,-0.017591951,-1.052779292,2.021781519,-2.196291754,2.298722234,2.146119958,6,5,two_open_b
210.473952,-0.017591951,-1.052779292,2.021781519,-2.196291754,2.298722234,2.146119958,6,5,two_open_b
210.498195,-0.017065418,-1.055141396,2.022333061,-2.198432438,2.296008058,2.142900426,6,5,two_open_b
210.522437,-0.016538886,-1.057503499,2.022884602,-2.200573122,2.293293883,2.139680895,6,5,two_open_b
210.546680,-0.016012353,-1.059865603,2.023436144,-2.202713807,2.290579707,2.136461363,6,5,two_open_b
210.570922,-0.015485820,-1.062227706,2.023987686,-2.204854491,2.287865531,2.133241832,6,5,two_open_b
210.595164,-0.014959288,-1.064589810,2.024539228,-2.206995175,2.285151356,2.130022300,6,5,two_open_b
210.619407,-0.014432755,-1.066951914,2.025090769,-2.209135859,2.282437180,2.126802768,6,5,two_open_b
210.643649,-0.013906222,-1.069314017,2.025642311,-2.211276543,2.279723004,2.123583237,6,5,two_open_b
210.667892,-0.013379689,-1.071676121,2.026193853,-2.213417228,2.277008828,2.120363705,6,5,two_open_b
210.692134,-0.011627955,-1.073931823,2.025717819,-2.212510190,2.270866143,2.119583336,6,5,two_open_b
210.716377,-0.007215822,-1.075956484,2.023010515,-2.204985343,2.257278807,2.124099354,6,5,two_open_b
210.740619,-0.003330223,-1.075619041,2.019751669,-2.195319812,2.246405647,2.131834903,6,5,two_open_b
210.764861,0.000555377,-1.075281599,2.016492823,-2.185654281,2.235532487,2.139570451,6,5,two_open_b
210.789104,0.004440977,-1.074944157,2.013233978,-2.175988750,2.224659327,2.147306000,6,5,two_open_b
210.813346,0.008326577,-1.074606714,2.009975132,-2.166323219,2.213786166,2.155041549,6,5,two_open_b
210.837589,0.012212176,-1.074269272,2.006716286,-2.156657688,2.202913006,2.162777098,6,5,two_open_b
210.861831,0.016097776,-1.073931829,2.003457440,-2.146992157,2.192039846,2.170512647,6,5,two_open_b
210.886073,0.019983376,-1.073594387,2.000198594,-2.137326626,2.181166686,2.178248196,6,5,two_open_b
210.910316,0.023868975,-1.073256945,1.996939748,-2.127661095,2.170293526,2.185983745,6,5,two_open_b
210.934558,0.026529373,-1.073025904,1.994708477,-2.121043286,2.162848876,2.191280131,6,5,two_open_b
210.958801,0.026529373,-1.073025904,1.994708477,-2.121043286,2.162848876,2.191280131,6,5,two_open_b
210.983043,0.026529373,-1.073025904,1.994708477,-2.121043286,2.162848876,2.191280131,6,5,two_open_b
211.007286,0.026529373,-1.073025904,1.994708477,-2.121043286,2.162848876,2.191280131,6,5,two_open_b
211.031528,0.026529373,-1.073025904,1.994708477,-2.121043286,2.162848876,2.191280131,6,5,two_open_b
211.055770,0.026529373,-1.073025904,1.994708477,-2.121043286,2.162848876,2.191280131,6,5,two_open_b
211.080013,0.026529373,-1.073025904,1.994708477,-2.121043286,2.162848876,2.191280131,6,5,two_open_b
211.104255,0.026529373,-1.073025904,1.994708477,-2.121043286,2.162848876,2.191280131,6,5,two_open_b
211.128498,0.026529373,-1.073025904,1.994708477,-2.121043286,2.162848876,2.191280131,6,5,two_open_b
211.152740,0.026529373,-1.073025904,1.994708477,-2.121043286,2.162848876,2.191280131,6,5,two_open_b
211.176983,0.026529373,-1.073025904,1.994708477,-2.121043286,2.162848876,2.191280131,6,5,two_open_b
211.201225,0.026529373,-1.073025904,1.994708477,-2.121043286,2.162848876,2.191280131,6,5,two_open_b
211.225467,0.026529373,-1.073025904,1.994708477,-2.121043286,2.162848876,2.191280131,6,5,two_open_b
211.249710,0.026367907,-1.074193777,1.993709949,-2.119721645,2.163312401,2.190087166,6,5,two_open_b
211.273952,0.026206442,-1.075361650,1.992711420,-2.118400005,2.163775925,2.188894202,6,5,two_open_b
211.298195,0.026044976,-1.076529523,1.991712892,-2.117078364,2.164239450,2.187701237,6,5,two_open_b
211.322437,0.025883511,-1.077697396,1.990714364,-2.115756724,2.164702975,2.186508273,6,5,two_open_b
211.346680,0.025722045,-1.078865268,1.989715835,-2.114435083,2.165166500,2.185315308,6,5,two_open_b
211.370922,0.025560579,-1.080033141,1.988717307,-2.113113442,2.165630024,2.184122343,6,5,two_open_b
211.395164,0.025399114,-1.081201014,1.987718779,-2.111791802,2.166093549,2.182929379,6,5,two_open_b
211.419407,0.025237648,-1.082368887,1.986720251,-2.110470161,2.166557074,2.181736414,6,5,two_open_b
211.443649,0.025076183,-1.083536760,1.985721722,-2.109148521,2.167020598,2.180543450,6,5,two_open_b
211.467892,0.024914717,-1.084704633,1.984723194,-2.107826880,2.167484123,2.179350485,6,5,two_open_b
211.492134,0.024914717,-1.084704633,1.984723194,-2.107826880,2.167484123,2.179350485,6,5,two_open_b
211.516377,0.024914717,-1.084704633,1.984723194,-2.107826880,2.167484123,2.179350485,6,5,two_open_b
211.540619,0.024914717,-1.084704633,1.984723194,-2.107826880,2.167484123,2.179350485,6,5,two_open_b
211.564861,0.024914717,-1.084704633,1.984723194,-2.107826880,2.167484123,2.179350485,6,5,two_open_b
211.589104,0.024914717,-1.084704633,1.984723194,-2.107826880,2.167484123,2.179350485,6,5,two_open_b
211.613346,0.024914717,-1.084704633,1.984723194,-2.107826880,2.167484123,2.179350485,6,5,two_open_b
211.637589,0.024914717,-1.084704633,1.984723194,-2.107826880,2.167484123,2.179350485,6,5,two_open_b
211.661831,0.024914717,-1.084704633,1.984723194,-2.107826880,2.167484123,2.179350485,6,5,two_open_b
211.686073,0.024914717,-1.084704633,1.984723194,-2.107826880,2.167484123,2.179350485,6,5,two_open_b
211.710316,0.024914717,-1.084704633,1.984723194,-2.107826880,2.167484123,2.179350485,6,5,two_open_b
211.734558,0.024914717,-1.084704633,1.984723194,-2.107826880,2.167484123,2.179350485,6,5,two_open_b
211.758801,0.024662152,-1.085253698,1.984449462,-2.108298849,2.168270562,2.179655384,6,5,two_open_b
211.783043,0.024054748,-1.086574166,1.983791155,-2.109433904,2.170161900,2.180388648,6,5,two_open_b
211.807286,0.023447344,-1.087894634,1.983132848,-2.110568960,2.172053237,2.181121913,6,5,two_open_b
211.831528,0.022839940,-1.089215102,1.982474540,-2.111704015,2.173944575,2.181855177,6,5,two_open_b
211.855770,0.022232537,-1.090535570,1.981816233,-2.112839071,2.175835912,2.182588441,6,5,two_open_b
211.880013,0.021625133,-1.091856038,1.981157925,-2.113974126,2.177727250,2.183321705,6,5,two_open_b
211.904255,0.021017729,-1.093176506,1.980499618,-2.115109182,2.179618587,2.184054969,6,5,two_open_b
211.928498,0.020410325,-1.094496974,1.979841311,-2.116244237,2.181509925,2.184788233,6,5,two_open_b
211.952740,0.019802921,-1.095817442,1.979183003,-2.117379293,2.183401262,2.185521497,6,5,two_open_b
211.976983,0.019195518,-1.097137910,1.978524696,-2.118514348,2.185292600,2.186254761,6,5,two_open_b
212.001225,0.018840679,-1.097909313,1.978140120,-2.119177435,2.186397498,2.186683126,6,5,two_open_b
212.025467,0.018840679,-1.097909313,1.978140120,-2.119177435,2.186397498,2.186683126,6,5,two_open_b
212.049710,0.018840679,-1.097909313,1.978140120,-2.119177435,2.186397498,2.186683126,6,5,two_open_b
212.073952,0.018840679,-1.097909313,1.978140120,-2.119177435,2.186397498,2.186683126,6,5,two_open_b
212.098195,0.018840679,-1.097909313,1.978140120,-2.119177435,2.186397498,2.186683126,6,5,two_open_b
212.122437,0.018840679,-1.097909313,1.978140120,-2.119177435,2.186397498,2.186683126,6,5,two_open_b
212.146680,0.018840679,-1.097909313,1.978140120,-2.119177435,2.186397498,2.186683126,6,5,two_open_b
212.170922,0.018702442,-1.099185114,1.977991399,-2.118891462,2.184693766,2.186896589,6,5,two_open_b
212.195164,0.018526409,-1.100809737,1.977802015,-2.118527300,2.182524209,2.187168416,6,5,two_open_b
212.219407,0.018350376,-1.102434361,1.977612631,-2.118163138,2.180354651,2.187440243,6,5,two_open_b
212.243649,0.018174343,-1.104058984,1.977423247,-2.117798975,2.178185094,2.187712070,6,5,two_open_b
212.267892,0.017998310,-1.105683608,1.977233863,-2.117434813,2.176015536,2.187983897,6,5,two_open_b
212.292134,0.017822276,-1.107308231,1.977044479,-2.117070651,2.173845979,2.188255725,6,5,two_open_b
212.316377,0.017646243,-1.108932855,1.976855095,-2.116706489,2.171676421,2.188527552,6,5,two_open_b
212.340619,0.017470210,-1.110557478,1.976665711,-2.116342327,2.169506864,2.188799379,6,5,two_open_b
212.364861,0.017294177,-1.112182102,1.976476327,-2.115978164,2.167337306,2.189071206,6,5,two_open_b
212.389104,0.017118144,-1.113806725,1.976286943,-2.115614002,2.165167749,2.189343033,6,5,two_open_b
212.413346,0.017080348,-1.114155548,1.976246280,-2.115535813,2.164701923,2.189401397,6,5,two_open_b
212.437589,0.017080348,-1.114155548,1.976246280,-2.115535813,2.164701923,2.189401397,6,5,two_open_b
212.461831,0.017080348,-1.114155548,1.976246280,-2.115535813,2.164701923,2.189401397,6,5,two_open_b
212.486073,0.017080348,-1.114155548,1.976246280,-2.115535813,2.164701923,2.189401397,6,5,two_open_b
212.510316,0.017080348,-1.114155548,1.976246280,-2.115535813,2.164701923,2.189401397,6,5,two_open_b
212.534558,0.017080348,-1.114155548,1.976246280,-2.115535813,2.164701923,2.189401397,6,5,two_open_b
212.558801,0.017080348,-1.114155548,1.976246280,-2.115535813,2.164701923,2.189401397,6,5,two_open_b
212.583043,0.017080348,-1.114155548,1.976246280,-2.115535813,2.164701923,2.189401397,6,5,two_open_b
212.607286,0.017080348,-1.114155548,1.976246280,-2.115535813,2.164701923,2.189401397,6,5,two_open_b
212.631528,0.017080348,-1.114155548,1.976246280,-2.115535813,2.164701923,2.189401397,6,5,two_open_b
212.655770,0.017041447,-1.114158347,1.976185003,-2.115501320,2.164716011,2.189540031,6,5,two_open_b
212.680013,0.016440804,-1.114201559,1.975238867,-2.114968734,2.164933529,2.191680596,6,5,two_open_b
212.704255,0.015278418,-1.114285185,1.973407870,-2.113938055,2.165354477,2.195823093,6,5,two_open_b
212.728498,0.014063017,-1.114372625,1.971493365,-2.112860368,2.165794624,2.200154521,6,5,two_open_b
212.752740,0.012847617,-1.114460066,1.969578860,-2.111782681,2.166234772,2.204485950,6,5,two_open_b
212.776983,0.011632216,-1.114547506,1.967664355,-2.110704994,2.166674919,2.208817379,6,5,two_open_b
212.801225,0.010416815,-1.114634946,1.965749850,-2.109627307,2.167115066,2.213148808,6,5,two_open_b
212.825467,0.009201415,-1.114722386,1.963835344,-2.108549620,2.167555214,2.217480237,6,5,two_open_b
212.849710,0.007986014,-1.114809826,1.961920839,-2.107471933,2.167995361,2.221811666,6,5,two_open_b
212.873952,0.006770614,-1.114897267,1.960006334,-2.106394246,2.168435508,2.226143095,6,5,two_open_b
212.898195,0.004039795,-1.114658604,1.955623891,-2.102968276,2.170625232,2.231196038,6,5,two_open_b
212.922437,0.001870720,-1.114379528,1.952126308,-2.100040398,2.172611524,2.234247049,6,5,two_open_b
212.946680,0.000263387,-1.114060038,1.949513586,-2.097610614,2.174394387,2.235296129,6,5,two_open_b
212.970922,-0.001290931,-1.113736734,1.946984372,-2.095227837,2.176158050,2.236156277,6,5,two_open_b
212.995164,-0.002845249,-1.113413429,1.944455158,-2.092845061,2.177921714,2.237016425,6,5,two_open_b
213.019407,-0.004399567,-1.113090125,1.941925943,-2.090462284,2.179685377,2.237876573,6,5,two_open_b
213.043649,-0.005953885,-1.112766821,1.939396729,-2.088079507,2.181449041,2.238736721,6,5,two_open_b
213.067892,-0.007508204,-1.112443517,1.936867515,-2.085696730,2.183212704,2.239596868,6,5,two_open_b
213.092134,-0.009062522,-1.112120213,1.934338301,-2.083313954,2.184976368,2.240457016,6,5,two_open_b
213.116377,-0.010616840,-1.111796909,1.931809087,-2.080931177,2.186740031,2.241317164,6,5,two_open_b
213.140619,-0.010616840,-1.111796909,1.931809087,-2.080931177,2.186740031,2.241317164,6,5,two_open_b
213.164861,-0.010616840,-1.111796909,1.931809087,-2.080931177,2.186740031,2.241317164,6,5,two_open_b
213.189104,-0.010616840,-1.111796909,1.931809087,-2.080931177,2.186740031,2.241317164,6,5,two_open_b
213.213346,-0.010616840,-1.111796909,1.931809087,-2.080931177,2.186740031,2.241317164,6,5,two_open_b
213.237589,-0.010616840,-1.111796909,1.931809087,-2.080931177,2.186740031,2.241317164,6,5,two_open_b
213.261831,-0.010616840,-1.111796909,1.931809087,-2.080931177,2.186740031,2.241317164,6,5,two_open_b
213.286073,-0.010616840,-1.111796909,1.931809087,-2.080931177,2.186740031,2.241317164,6,5,two_open_b
213.310316,-0.010616840,-1.111796909,1.931809087,-2.080931177,2.186740031,2.241317164,6,5,two_open_b
213.334558,-0.010616840,-1.111796909,1.931809087,-2.080931177,2.186740031,2.241317164,6,5,two_open_b
213.358801,-0.010616840,-1.111796909,1.931809087,-2.080931177,2.186740031,2.241317164,6,5,two_open_b
213.383043,-0.010616840,-1.111796909,1.931809087,-2.080931177,2.186740031,2.241317164,6,5,two_open_b
213.407286,-0.010616840,-1.111796909,1.931809087,-2.080931177,2.186740031,2.241317164,6,5,two_open_b
213.431528,-0.010616840,-1.111796909,1.931809087,-2.080931177,2.186740031,2.241317164,6,5,two_open_b
213.455770,-0.010616840,-1.111796909,1.931809087,-2.080931177,2.186740031,2.241317164,6,5,two_open_b
213.480013,-0.010616840,-1.111796909,1.931809087,-2.080931177,2.186740031,2.241317164,6,5,two_open_b
213.504255,-0.010616840,-1.111796909,1.931809087,-2.080931177,2.186740031,2.241317164,6,5,two_open_b
213.528498,-0.010616840,-1.111796909,1.931809087,-2.080931177,2.186740031,2.241317164,6,5,two_open_b
213.552740,-0.010616840,-1.111796909,1.931809087,-2.080931177,2.186740031,2.241317164,6,5,two_open_b
213.576983,-0.010616840,-1.111796909,1.931809087,-2.080931177,2.186740031,2.241317164,6,5,two_open_b
213.601225,-0.010616840,-1.111796909,1.931809087,-2.080931177,2.186740031,2.241317164,6,5,two_open_b
213.625467,-0.010616840,-1.111796909,1.931809087,-2.080931177,2.186740031,2.241317164,6,5,two_open_b
213.649710,-0.010616840,-1.111796909,1.931809087,-2.080931177,2.186740031,2.241317164,6,5,two_open_b
213.673952,-0.010616840,-1.111796909,1.931809087,-2.080931177,2.186740031,2.241317164,6,5,two_open_b
213.698195,-0.010616840,-1.111796909,1.931809087,-2.080931177,2.186740031,2.241317164,6,5,two_open_b
213.722437,-0.010616840,-1.111796909,1.931809087,-2.080931177,2.186740031,2.241317164,6,5,two_open_b
213.746680,-0.010616840,-1.111796909,1.931809087,-2.080931177,2.186740031,2.241317164,6,5,two_open_b
213.770922,-0.010616840,-1.111796909,1.931809087,-2.080931177,2.186740031,2.241317164,6,5,two_open_b
213.795164,-0.010616840,-1.111796909,1.931809087,-2.080931177,2.186740031,2.241317164,6,5,two_open_b
213.819407,-0.010616840,-1.111796909,1.931809087,-2.080931177,2.186740031,2.241317164,6,5,two_open_b
213.843649,-0.010616840,-1.111796909,1.931809087,-2.080931177,2.186740031,2.241317164,6,5,two_open_b
213.867892,-0.010616840,-1.111796909,1.931809087,-2.080931177,2.186740031,2.241317164,6,5,two_open_b
213.892134,-0.010616840,-1.111796909,1.931809087,-2.080931177,2.186740031,2.241317164,6,5,two_open_b
213.916377,-0.010616840,-1.111796909,1.931809087,-2.080931177,2.186740031,2.241317164,6,5,two_open_b
213.940619,-0.010616840,-1.111796909,1.931809087,-2.080931177,2.186740031,2.241317164,6,5,two_open_b
213.964861,-0.010616840,-1.111796909,1.931809087,-2.080931177,2.186740031,2.241317164,6,5,two_open_b
213.989104,-0.010616840,-1.111796909,1.931809087,-2.080931177,2.186740031,2.241317164,6,5,two_open_b
214.013346,-0.010616840,-1.111796909,1.931809087,-2.080931177,2.186740031,2.241317164,6,5,two_open_b
214.037589,-0.010616840,-1.111796909,1.931809087,-2.080931177,2.186740031,2.241317164,6,5,two_open_b
214.061831,-0.010616840,-1.111796909,1.931809087,-2.080931177,2.186740031,2.241317164,6,5,two_open_b
214.086073,-0.010616840,-1.111796909,1.931809087,-2.080931177,2.186740031,2.241317164,6,5,two_open_b
214.110316,-0.010616840,-1.111796909,1.931809087,-2.080931177,2.186740031,2.241317164,6,5,two_open_b
214.134558,-0.010616840,-1.111796909,1.931809087,-2.080931177,2.186740031,2.241317164,6,5,two_open_b
214.158801,-0.010616840,-1.111796909,1.931809087,-2.080931177,2.186740031,2.241317164,6,5,two_open_b
214.183043,-0.010616840,-1.111796909,1.931809087,-2.080931177,2.186740031,2.241317164,6,5,two_open_b
214.207286,-0.010616840,-1.111796909,1.931809087,-2.080931177,2.186740031,2.241317164,6,5,two_open_b
214.231528,-0.010616840,-1.111796909,1.931809087,-2.080931177,2.186740031,2.241317164,6,5,two_open_b
214.255770,-0.010616840,-1.111796909,1.931809087,-2.080931177,2.186740031,2.241317164,6,5,two_open_b
214.280013,-0.010616840,-1.111796909,1.931809087,-2.080931177,2.186740031,2.241317164,6,5,two_open_b
214.304255,-0.010616840,-1.111796909,1.931809087,-2.080931177,2.186740031,2.241317164,6,5,two_open_b
214.328498,-0.010616840,-1.111796909,1.931809087,-2.080931177,2.186740031,2.241317164,6,5,two_open_b
214.352740,-0.010616840,-1.111796909,1.931809087,-2.080931177,2.186740031,2.241317164,6,5,two_open_b
214.376983,-0.010616840,-1.111796909,1.931809087,-2.080931177,2.186740031,2.241317164,6,5,two_open_b
214.401225,-0.010616840,-1.111796909,1.931809087,-2.080931177,2.186740031,2.241317164,6,5,two_open_b
214.425467,-0.010616840,-1.111796909,1.931809087,-2.080931177,2.186740031,2.241317164,6,5,two_open_b
214.449710,-0.010616840,-1.111796909,1.931809087,-2.080931177,2.186740031,2.241317164,6,5,two_open_b
214.473952,-0.010616840,-1.111796909,1.931809087,-2.080931177,2.186740031,2.241317164,6,5,two_open_b
214.498195,-0.010616840,-1.111796909,1.931809087,-2.080931177,2.186740031,2.241317164,6,5,two_open_b
214.522437,-0.010616840,-1.111796909,1.931809087,-2.080931177,2.186740031,2.241317164,6,5,two_open_b
214.546680,-0.010616840,-1.111796909,1.931809087,-2.080931177,2.186740031,2.241317164,6,5,two_open_b
214.570922,-0.010415150,-1.110326712,1.932583170,-2.082261117,2.190652482,2.245210021,6,5,two_open_b
214.595164,-0.010213459,-1.108856515,1.933357252,-2.083591056,2.194564932,2.249102877,6,5,two_open_b
214.619407,-0.010011769,-1.107386319,1.934131335,-2.084920996,2.198477383,2.252995734,6,5,two_open_b
214.643649,-0.009810078,-1.105916122,1.934905417,-2.086250935,2.202389833,2.256888591,6,5,two_open_b
214.667892,-0.009608387,-1.104445925,1.935679500,-2.087580874,2.206302284,2.260781447,6,5,two_open_b
214.692134,-0.009406697,-1.102975728,1.936453583,-2.088910814,2.210214735,2.264674304,6,5,two_open_b
214.716377,-0.009205006,-1.101505531,1.937227665,-2.090240753,2.214127185,2.268567161,6,5,two_open_b
214.740619,-0.009003316,-1.100035335,1.938001748,-2.091570693,2.218039636,2.272460018,6,5,two_open_b
214.764861,-0.008801625,-1.098565138,1.938775830,-2.092900633,2.221952086,2.276352874,6,5,two_open_b
214.789104,-0.009085428,-1.094002517,1.937696775,-2.090530337,2.234164764,2.283106382,6,5,two_open_b
214.813346,-0.009570922,-1.090910094,1.935843637,-2.086830102,2.242464992,2.285967033,6,5,two_open_b
214.837589,-0.010056415,-1.087817671,1.933990499,-2.083129867,2.250765219,2.288827683,6,5,two_open_b
214.861831,-0.010541909,-1.084725247,1.932137361,-2.079429632,2.259065447,2.291688334,6,5,two_open_b
214.886073,-0.011027402,-1.081632824,1.930284224,-2.075729397,2.267365674,2.294548985,6,5,two_open_b
214.910316,-0.011512896,-1.078540400,1.928431086,-2.072029163,2.275665901,2.297409636,6,5,two_open_b
214.934558,-0.011214063,-1.074109230,1.926128680,-2.067588570,2.286076958,2.299901738,6,5,two_open_b
214.958801,-0.010915230,-1.069678060,1.923826274,-2.063147978,2.296488015,2.302393840,6,5,two_open_b
214.983043,-0.010616397,-1.065246889,1.921523869,-2.058707385,2.306899072,2.304885942,6,5,two_open_b
215.007286,-0.009794796,-1.060935498,1.919628962,-2.055383451,2.316238482,2.305940790,6,5,two_open_b
215.031528,-0.007461560,-1.059951645,1.920387072,-2.057951641,2.315174132,2.301313801,6,5,two_open_b
215.055770,-0.005128325,-1.058967792,1.921145183,-2.060519830,2.314109782,2.296686811,6,5,two_open_b
215.080013,-0.002795089,-1.057983939,1.921903293,-2.063088019,2.313045432,2.292059822,6,5,two_open_b
215.104255,-0.000461854,-1.057000086,1.922661404,-2.065656208,2.311981082,2.287432833,6,5,two_open_b
215.128498,0.001871382,-1.056016233,1.923419514,-2.068224398,2.310916731,2.282805843,6,5,two_open_b
215.152740,0.004204617,-1.055032380,1.924177625,-2.070792587,2.309852381,2.278178854,6,5,two_open_b
215.176983,0.005753734,-1.055260955,1.925292462,-2.073932474,2.306847750,2.274099002,6,5,two_open_b
215.201225,0.007307148,-1.052872712,1.924490204,-2.073578391,2.307376211,2.273718822,6,5,two_open_b
215.225467,0.008860563,-1.050484469,1.923687946,-2.073224307,2.307904673,2.273338641,6,5,two_open_b
215.249710,0.009891209,-1.047976447,1.922478190,-2.071753564,2.309504780,2.274395716,6,5,two_open_b
215.273952,0.009895714,-1.045233310,1.920468553,-2.068090933,2.313208421,2.278273976,6,5,two_open_b
215.298195,0.011531164,-1.042921550,1.919806194,-2.067959551,2.311447409,2.277738436,6,5,two_open_b
215.322437,0.016514157,-1.042993298,1.922529137,-2.074385130,2.297240900,2.268216252,6,5,two_open_b
215.346680,0.021583799,-1.043023627,1.925284028,-2.080781589,2.282826712,2.258681349,6,5,two_open_b
215.370922,0.028421634,-1.042208726,1.928690878,-2.086583813,2.264174554,2.248886925,6,5,two_open_b
215.395164,0.035259469,-1.041393825,1.932097727,-2.092386037,2.245522396,2.239092500,6,5,two_open_b
215.419407,0.042097097,-1.040705243,1.935597117,-2.098356920,2.226699690,2.229119486,6,5,two_open_b
215.443649,0.048930426,-1.042633479,1.941013603,-2.107821774,2.204343891,2.215446801,6,5,two_open_b
215.467892,0.055408910,-1.044191754,1.945974115,-2.116711461,2.183394216,2.202559003,6,5,two_open_b
215.492134,0.060053570,-1.043838088,1.948578178,-2.122628705,2.169711333,2.193727472,6,5,two_open_b
215.516377,0.063070709,-1.041787574,1.949090891,-2.125907904,2.162477727,2.188495877,6,5,two_open_b
215.540619,0.064456904,-1.039305684,1.948256328,-2.125655856,2.160708774,2.187678083,6,5,two_open_b
215.564861,0.062495556,-1.034440285,1.944036463,-2.118846846,2.171385319,2.195846933,6,5,two_open_b
215.589104,0.060447559,-1.029616306,1.939784649,-2.112066956,2.182269543,2.204028501,6,5,two_open_b
215.613346,0.056631369,-1.025637557,1.934880877,-2.105881301,2.197391736,2.212469591,6,5,two_open_b
215.637589,0.053065535,-1.021456687,1.930007269,-2.099755206,2.212089562,2.221054529,6,5,two_open_b
215.661831,0.050359289,-1.016581844,1.925237231,-2.093833610,2.225330334,2.230133365,6,5,two_open_b
215.686073,0.047721703,-1.011651569,1.920475466,-2.087928348,2.238454724,2.239251652,6,5,two_open_b
215.710316,0.045438962,-1.007091255,1.916169674,-2.082598254,2.250172989,2.247585051,6,5,two_open_b
215.734558,0.044990046,-1.004442882,1.914220331,-2.080240603,2.254624463,2.251862183,6,5,two_open_b
215.758801,0.046168650,-1.003491357,1.914362338,-2.080520996,2.252626660,2.252539379,6,5,two_open_b
215.783043,0.047347254,-1.002539832,1.914504345,-2.080801389,2.250628856,2.253216575,6,5,two_open_b
215.807286,0.048525858,-1.001588307,1.914646351,-2.081081781,2.248631052,2.253893771,6,5,two_open_b
215.831528,0.049810776,-1.000435220,1.914635415,-2.082322199,2.247639986,2.254087550,6,5,two_open_b
215.855770,0.051282748,-0.998927497,1.914355385,-2.085251718,2.248420210,2.253430785,6,5,two_open_b
215.880013,0.052504365,-0.997621893,1.914045190,-2.088121677,2.249624801,2.252630172,6,5,two_open_b
215.904255,0.052866393,-0.997010264,1.913631426,-2.090787138,2.252286447,2.251335662,6,5,two_open_b
215.928498,0.053159761,-0.996454066,1.913209390,-2.093436264,2.255064475,2.250001701,6,5,two_open_b
215.952740,0.054632911,-0.996591105,1.913758735,-2.099230380,2.254534934,2.245271142,6,5,two_open_b
215.976983,0.056916143,-0.997204146,1.914975067,-2.107183958,2.251734298,2.238208358,6,5,two_open_b
216.001225,0.059199374,-0.997817188,1.916191399,-2.115137537,2.248933663,2.231145573,6,5,two_open_b
216.025467,0.061482606,-0.998430229,1.917407731,-2.123091116,2.246133027,2.224082788,6,5,two_open_b
216.049710,0.063765837,-0.999043271,1.918624063,-2.131044694,2.243332391,2.217020003,6,5,two_open_b
216.073952,0.065942754,-0.999857874,1.919993338,-2.138038248,2.239525018,2.210440636,6,5,two_open_b
216.098195,0.067932618,-1.001027114,1.921631707,-2.143342701,2.233946355,2.204711812,6,5,two_open_b
216.122437,0.069922481,-1.002196354,1.923270076,-2.148647153,2.228367691,2.198982988,6,5,two_open_b
216.146680,0.071912345,-1.003365593,1.924908444,-2.153951605,2.222789028,2.193254164,6,5,two_open_b
216.170922,0.073902208,-1.004534833,1.926546813,-2.159256057,2.217210364,2.187525340,6,5,two_open_b
216.195164,0.074712289,-1.005010835,1.927213799,-2.161415520,2.214939269,2.185193114,6,5,two_open_b
216.219407,0.075879870,-1.006451371,1.926858697,-2.163958894,2.210794415,2.181228279,6,5,two_open_b
216.243649,0.077047452,-1.007891908,1.926503596,-2.166502268,2.206649561,2.177263443,6,5,two_open_b
216.267892,0.078215033,-1.009332445,1.926148494,-2.169045642,2.202504707,2.173298608,6,5,two_open_b
216.292134,0.079382615,-1.010772981,1.925793393,-2.171589016,2.198359853,2.169333772,6,5,two_open_b
216.316377,0.080550196,-1.012213518,1.925438291,-2.174132390,2.194214999,2.165368937,6,5,two_open_b
216.340619,0.081717777,-1.013654054,1.925083189,-2.176675764,2.190070145,2.161404101,6,5,two_open_b
216.364861,0.082885359,-1.015094591,1.924728088,-2.179219138,2.185925291,2.157439265,6,5,two_open_b
216.389104,0.084052940,-1.016535127,1.924372986,-2.181762512,2.181780437,2.153474430,6,5,two_open_b
216.413346,0.085220522,-1.017975664,1.924017885,-2.184305886,2.177635583,2.149509595,6,5,two_open_b
216.437589,0.086388103,-1.019416200,1.923662783,-2.186849260,2.173490729,2.145544759,6,5,two_open_b
216.461831,0.083659531,-1.018099842,1.919888364,-2.183729215,2.185385347,2.151656610,6,5,two_open_b
216.486073,0.080293095,-1.016475756,1.915231590,-2.179879790,2.200060598,2.159197242,6,5,two_open_b
216.510316,0.076926658,-1.014851670,1.910574816,-2.176030365,2.214735849,2.166737875,6,5,two_open_b
216.534558,0.073560222,-1.013227584,1.905918043,-2.172180941,2.229411100,2.174278508,6,5,two_open_b
216.558801,0.070193786,-1.011603498,1.901261269,-2.168331516,2.244086351,2.181819140,6,5,two_open_b
216.583043,0.066827349,-1.009979411,1.896604495,-2.164482091,2.258761602,2.189359773,6,5,two_open_b
216.607286,0.063460913,-1.008355325,1.891947721,-2.160632666,2.273436853,2.196900405,6,5,two_open_b
216.631528,0.060094476,-1.006731239,1.887290947,-2.156783241,2.288112103,2.204441038,6,5,two_open_b
216.655770,0.056728040,-1.005107153,1.882634174,-2.152933816,2.302787354,2.211981671,6,5,two_open_b
216.680013,0.055174186,-1.004956185,1.879130094,-2.153201499,2.309656383,2.214778031,6,5,two_open_b
216.704255,0.056862551,-1.006539025,1.879727084,-2.157755928,2.302418677,2.210118115,6,5,two_open_b
216.728498,0.059188780,-1.008429593,1.881206428,-2.163039737,2.292400337,2.204029418,6,5,two_open_b
216.752740,0.061515009,-1.010320161,1.882685771,-2.168323546,2.282381998,2.197940720,6,5,two_open_b
216.776983,0.063841239,-1.012210729,1.884165115,-2.173607356,2.272363658,2.191852022,6,5,two_open_b
216.801225,0.066167468,-1.014101297,1.885644459,-2.178891165,2.262345319,2.185763325,6,5,two_open_b
216.825467,0.068493698,-1.015991865,1.887123803,-2.184174974,2.252326980,2.179674627,6,5,two_open_b
216.849710,0.070819927,-1.017882433,1.888603147,-2.189458783,2.242308640,2.173585929,6,5,two_open_b
216.873952,0.073146156,-1.019773001,1.890082491,-2.194742592,2.232290301,2.167497232,6,5,two_open_b
216.898195,0.075472386,-1.021663569,1.891561835,-2.200026401,2.222271961,2.161408534,6,5,two_open_b
216.922437,0.075986033,-1.022081019,1.891888484,-2.201193102,2.220059844,2.160064108,6,5,two_open_b
216.946680,0.075986033,-1.022081019,1.891888484,-2.201193102,2.220059844,2.160064108,6,5,two_open_b
216.970922,0.075986033,-1.022081019,1.891888484,-2.201193102,2.220059844,2.160064108,6,5,two_open_b
216.995164,0.075986033,-1.022081019,1.891888484,-2.201193102,2.220059844,2.160064108,6,5,two_open_b
217.019407,0.077849634,-1.022910410,1.892931837,-2.204597502,2.211822909,2.156475068,6,5,two_open_b
217.043649,0.079713235,-1.023739800,1.893975189,-2.208001902,2.203585973,2.152886028,6,5,two_open_b
217.067892,0.081576836,-1.024569191,1.895018542,-2.211406302,2.195349038,2.149296988,6,5,two_open_b
217.092134,0.083440437,-1.025398581,1.896061895,-2.214810702,2.187112102,2.145707948,6,5,two_open_b
217.116377,0.085304038,-1.026227972,1.897105247,-2.218215102,2.178875167,2.142118908,6,5,two_open_b
217.140619,0.087167639,-1.027057362,1.898148600,-2.221619501,2.170638232,2.138529869,6,5,two_open_b
217.164861,0.084968218,-1.026052746,1.894223744,-2.219718430,2.178701598,2.142589802,6,5,two_open_b
217.189104,0.082768798,-1.025048130,1.890298888,-2.217817358,2.186764964,2.146649735,6,5,two_open_b
217.213346,0.080569377,-1.024043513,1.886374033,-2.215916286,2.194828331,2.150709668,6,5,two_open_b
217.237589,0.078369956,-1.023038897,1.882449177,-2.214015214,2.202891697,2.154769601,6,5,two_open_b
217.261831,0.077462558,-1.023378937,1.881123498,-2.214713976,2.206273363,2.155041719,6,5,two_open_b
217.286073,0.077071181,-1.024074485,1.880393460,-2.216394574,2.207542522,2.154107543,6,5,two_open_b
217.310316,0.076679804,-1.024770033,1.879663423,-2.218075172,2.208811680,2.153173367,6,5,two_open_b
217.334558,0.076288426,-1.025465581,1.878933385,-2.219755770,2.210080839,2.152239191,6,5,two_open_b
217.358801,0.075897049,-1.026161129,1.878203348,-2.221436369,2.211349997,2.151305015,6,5,two_open_b
217.383043,0.071765876,-1.024963700,1.873493789,-2.218344655,2.228772759,2.157546681,6,5,two_open_b
217.407286,0.071697726,-1.025600277,1.873752438,-2.220558413,2.229895220,2.156139374,6,5,two_open_b
217.431528,0.071629575,-1.026236855,1.874011087,-2.222772171,2.231017680,2.154732067,6,5,two_open_b
217.455770,0.071561425,-1.026873432,1.874269736,-2.224985929,2.232140140,2.153324760,6,5,two_open_b
217.480013,0.071493274,-1.027510009,1.874528386,-2.227199687,2.233262601,2.151917453,6,5,two_open_b
217.504255,0.068269500,-1.025972540,1.871144505,-2.223409212,2.247303696,2.157887002,6,5,two_open_b
217.528498,0.064529705,-1.024079563,1.867164983,-2.218636900,2.263457300,2.165062844,6,5,two_open_b
217.552740,0.060789910,-1.022186585,1.863185462,-2.213864588,2.279610903,2.172238685,6,5,two_open_b
217.576983,0.057050115,-1.020293608,1.859205940,-2.209092276,2.295764507,2.179414527,6,5,two_open_b
217.601225,0.053310320,-1.018400630,1.855226418,-2.204319964,2.311918110,2.186590369,6,5,two_open_b
217.625467,0.053310320,-1.018400630,1.855226418,-2.204319964,2.311918110,2.186590369,6,5,two_open_b
217.649710,0.053310320,-1.018400630,1.855226418,-2.204319964,2.311918110,2.186590369,6,5,two_open_b
217.673952,0.053310320,-1.018400630,1.855226418,-2.204319964,2.311918110,2.186590369,6,5,two_open_b
217.698195,0.053576344,-1.018539885,1.855392189,-2.204602856,2.310819658,2.186139386,6,5,two_open_b
217.722437,0.056785919,-1.020220000,1.857392214,-2.208015954,2.297566831,2.180698272,6,5,two_open_b
217.746680,0.060037809,-1.021922265,1.859418607,-2.211474048,2.284139285,2.175185424,6,5,two_open_b
217.770922,0.063289698,-1.023624530,1.861444999,-2.214932143,2.270711739,2.169672577,6,5,two_open_b
217.795164,0.066541588,-1.025326795,1.863471392,-2.218390237,2.257284193,2.164159730,6,5,two_open_b
217.819407,0.069793477,-1.027029060,1.865497785,-2.221848332,2.243856647,2.158646883,6,5,two_open_b
217.843649,0.073045366,-1.028731325,1.867524178,-2.225306426,2.230429101,2.153134035,6,5,two_open_b
217.867892,0.076297256,-1.030433590,1.869550570,-2.228764520,2.217001555,2.147621188,6,5,two_open_b
217.892134,0.079549145,-1.032135855,1.871576963,-2.232222615,2.203574009,2.142108341,6,5,two_open_b
217.916377,0.082801035,-1.033838119,1.873603356,-2.235680709,2.190146463,2.136595493,6,5,two_open_b
217.940619,0.085786900,-1.035401129,1.875463978,-2.238855911,2.177817368,2.131533629,6,5,two_open_b
217.964861,0.085829214,-1.035423279,1.875490345,-2.238900908,2.177642649,2.131461896,6,5,two_open_b
217.989104,0.085829214,-1.035423279,1.875490345,-2.238900908,2.177642649,2.131461896,6,5,two_open_b
218.013346,0.085829214,-1.035423279,1.875490345,-2.238900908,2.177642649,2.131461896,6,5,two_open_b
218.037589,0.085829214,-1.035423279,1.875490345,-2.238900908,2.177642649,2.131461896,6,5,two_open_b
218.061831,0.085829214,-1.035423279,1.875490345,-2.238900908,2.177642649,2.131461896,6,5,two_open_b
218.086073,0.081810031,-1.033881905,1.870548595,-2.234689832,2.194276030,2.138378267,6,5,two_open_b
218.110316,0.077790848,-1.032340530,1.865606845,-2.230478756,2.210909412,2.145294638,6,5,two_open_b
218.134558,0.073771665,-1.030799156,1.860665094,-2.226267680,2.227542793,2.152211010,6,5,two_open_b
218.158801,0.069752482,-1.029257781,1.855723344,-2.222056604,2.244176174,2.159127381,6,5,two_open_b
218.183043,0.065733299,-1.027716407,1.850781594,-2.217845528,2.260809556,2.166043752,6,5,two_open_b
218.207286,0.061714117,-1.026175032,1.845839844,-2.213634452,2.277442937,2.172960123,6,5,two_open_b
218.231528,0.057694934,-1.024633658,1.840898094,-2.209423376,2.294076318,2.179876494,6,5,two_open_b
218.255770,0.053675751,-1.023092283,1.835956343,-2.205212300,2.310709699,2.186792866,6,5,two_open_b
218.280013,0.049656568,-1.021550909,1.831014593,-2.201001224,2.327343081,2.193709237,6,5,two_open_b
