# mmind_convex 2.2.0-dev-03-27 1
o geometry1
v -0.02515537 0.0081569385 0.009949094
v -0.02515537 0.008155172 0.0075462353
v -0.02744902 0.005183241 0.0008577984
v -0.02744902 0.005183241 0.0165642
v -0.02515537 0.008036789 0.011118973
v -2.6579946e-06 0.005183241 0.017420292
v -2.6579946e-06 0.005183241 1.7052516e-06
v -0.02515537 0.008059759 0.0064292224
v -0.02515537 0.007828294 0.0054673967
v -0.026716728 0.005183241 1.7052516e-06
v -0.027039323 0.004490615 1.7052516e-06
v -0.027365144 0.0036619375 1.7052516e-06
v -0.027468372 0.0033544963 1.7052516e-06
v -0.027610313 0.0028597636 1.7052516e-06
v -0.027658705 0.0026707049 1.7052516e-06
v -0.02775871 0.002198942 1.7052516e-06
v -0.027800646 0.0019321395 1.7052516e-06
v -0.027765159 0.0021671376 0.017420292
v -0.027655479 0.0026795394 0.017420292
v -0.027587734 0.0029463419 0.017420292
v -0.02736837 0.0036548697 0.017420292
v -0.02729417 0.0038580638 0.017420292
v -0.02707158 0.004416405 0.017420292
v -0.026716728 0.005183241 0.017420292
v -0.02515537 0.0077116787 0.012311023
v 0.0012393314 0.005033054 0.017420292
v 0.0012393314 0.005033054 1.7052516e-06
v -0.02515537 0.007702844 0.012333192
v -0.02515537 0.0071745403 0.013462143
v -0.027732901 -0.004101834 0.017420292
v -0.027552247 -0.004842166 0.017420292
v -0.02744902 -0.0051831785 0.017420292
v -2.6579946e-06 -0.0051831785 0.017420292
v 0.0012393314 -0.0050329915 0.017420292
v 0.0024071243 -0.004589499 0.017420292
v 0.0034362013 -0.003879204 0.017420292
v 0.00426527 -0.0029445123 0.017420292
v 0.0048459405 -0.0018366643 0.017420292
v 0.005145953 -0.0006263358 0.017420292
v 0.005145953 0.0006246314 0.017420292
v 0.0048459405 0.0018367269 0.017420292
v 0.00426527 0.002944575 0.017420292
v 0.0034362013 0.0038792663 0.017420292
v 0.0024071243 0.0045895614 0.017420292
v -0.02515537 0.00739717 0.004377669
v 0.0024071243 0.0045895614 1.7052516e-06
v 0.0034362013 0.0038792663 1.7052516e-06
v 0.00426527 0.002944575 1.7052516e-06
v 0.0048459405 0.0018367269 1.7052516e-06
v 0.005145953 0.0006246314 1.7052516e-06
v 0.005145953 -0.0006263358 1.7052516e-06
v 0.0048459405 -0.0018366643 1.7052516e-06
v 0.00426527 -0.0029445123 1.7052516e-06
v 0.0034362013 -0.003879204 1.7052516e-06
v 0.0024071243 -0.004589499 1.7052516e-06
v 0.0012393314 -0.0050329915 1.7052516e-06
v -2.6579946e-06 -0.0051831785 1.7052516e-06
v -0.02744902 -0.0051831785 1.7052516e-06
v -0.027674835 -0.0043774704 1.7052516e-06
v -0.027810324 -0.003660108 1.7052516e-06
v -0.026248965 -0.009891975 0.00850465
v -0.026248965 -0.009893741 0.008710999
v -0.02515537 -0.007483686 0.0021572853
v -0.02515537 -0.008333566 0.0030508959
v -0.02515537 -0.008872472 0.003823426
v -0.02515537 -0.009411377 0.00491827
v -0.02515537 -0.0097559225 0.0060847383
v -0.02515537 -0.009890207 0.0072512077
v -0.02515537 -0.009891975 0.010022424
v -0.02515537 -0.009777126 0.011226411
v -0.02515537 -0.009513857 0.012225755
v -0.02515537 -0.009891975 0.00850465
v -0.02515537 -0.009017358 0.013346178
v -0.02515537 -0.008333566 0.014371103
v -0.02515537 -0.008132139 0.014608148
v -0.02515537 -0.0072875596 0.015433544
vn -0.79116136 0.6116074 -0.00044968876
vn -0.79182667 0.6107458 0
vn -0.70535105 0.705149 0.07242083
vn 0.08693019 0.9910016 0.1017787
vn 0.117408045 0.9930838 0
vn 0.11712322 0.9931171 -0.00073019654
vn -0.7217763 0.68961513 -0.05890558
vn 0.0918093 0.99216366 -0.08474869
vn -0.5455661 0.81480587 -0.19608381
vn -0.3703411 0.87320936 -0.31678522
vn -0.7163689 0.33365366 -0.6127731
vn -0.7475861 0.29393765 -0.5955802
vn -0.79174334 0.26583916 -0.5499745
vn -0.8360294 0.23986058 -0.49347916
vn -0.8697834 0.22262996 -0.44035524
vn -0.91776925 0.19455092 -0.3461929
vn -0.9715777 0.15271103 -0.180876
vn -0.9942019 0.10752899 0
vn -0.9945331 0.104419366 0.00061743014
vn -0.91519207 0.19589756 0.35220402
vn -0.8717457 0.22134683 0.43710992
vn -0.8126092 0.25158778 0.52570915
vn -0.7692144 0.28089377 0.5739407
vn -0.7462458 0.2975003 0.59549206
vn -0.71688247 0.3317367 0.61321306
vn -0.3717625 0.8721627 0.3180014
vn -0.4988664 0.83613944 0.22804177
vn 0.043492272 0.9638498 0.2628724
vn 0.12004994 0.99276775 0
vn 0.018182077 0.92880386 0.37012538
vn 0.005006838 0.90572226 0.42384186
vn 0 0.89332086 0.4494195
vn 0 0 1
vn 0 0 0.99999994
vn 0.017841585 0.92972475 -0.36782286
vn 0.051331114 0.9709617 -0.23366316
vn 0 0 -1
vn 0 0 -0.99999994
vn 0 0.8923007 -0.45144126
vn -0.2762766 0.89368033 -0.35356283
vn -0.9999965 0.0017306585 0.0020139574
vn -0.9999775 -0.0051454315 0.004314248
vn -0.080397576 0.9028017 0.42247507
vn -0.28113958 0.8914856 0.35526606
vn 0.35502976 0.9348549 0
vn -0.98262733 -0.18558961 -0.00033883686
vn -0.97149444 -0.23706198 0.0005127887
vn 0.568051 0.82299346 0
vn -0.96280795 -0.26984632 -0.013551768
vn -0.96734095 -0.2534695 -0.0021695266
vn -0.96823376 -0.25004682 0.00014342874
vn -0.9568148 -0.28963703 0.024815354
vn 0.7481115 0.663573 0
vn -0.07886537 -0.7223578 -0.68700767
vn -0.3436332 -0.7702164 -0.5372921
vn -0.5774524 -0.73249716 -0.36055046
vn -0.6552253 -0.69625545 -0.29310074
vn 0 -0.6837477 -0.7297185
vn -0.4525711 -0.8552017 -0.2526052
vn -0.12840389 -0.98521507 -0.11341852
vn -0.008196278 -0.9999298 -0.008561182
vn -0.11156489 -0.9892665 0.09436657
vn -0.43480963 -0.8708114 0.22940826
vn -0.6659007 -0.6907511 0.2818495
vn 0.0013494143 -0.9999981 -0.0014102343
vn 0.0016155109 -0.9999987 0
vn -0.62880355 -0.71089226 0.31502143
vn -0.3752064 -0.77108496 0.51443976
vn -0.18271573 -0.7492089 0.63663256
vn -0.021770554 -0.6987726 0.71501255
vn 0 -0.68649143 0.7271379
vn 0.8857102 0.46423844 0
vn 0.0072139273 -0.7245959 -0.68913627
vn 0.03334895 -0.8197049 -0.5718145
vn 0.0643637 -0.8953411 -0.44070575
vn 0.105255924 -0.95371115 -0.2817024
vn 0.11646855 -0.96315104 -0.24243551
vn 0.14969765 -0.9822445 -0.11307653
vn 0.18061478 -0.98355293 -0.0013870428
vn 0.18104716 -0.9834744 0
vn 0.18104714 -0.9834744 0
vn 0.15475531 -0.98348844 0.093815394
vn 0.116497874 -0.96339387 0.24145487
vn 0.11315241 -0.9607965 0.25311413
vn 0.07354335 -0.91177946 0.40404153
vn 0.036886267 -0.83129346 0.5546086
vn 0.016944477 -0.7619277 0.64744025
vn 0.0019857013 -0.6989368 0.7151807
vn 0.9707073 0.24026518 0
vn 0.35502976 -0.9348549 0
vn 0.99999994 0 0
vn 0.568051 -0.82299346 0
vn 0.9706254 -0.24059567 0
vn 0.74811155 -0.6635729 0
vn 0.8857102 -0.46423844 0
f 1//1 2//1 3//1
f 1//2 3//2 4//2
f 1//3 4//3 5//3
f 1//4 5//4 6//4
f 1//5 6//5 7//5
f 1//6 7//6 2//6
f 2//7 8//7 3//7
f 2//8 7//8 8//8
f 3//9 8//9 9//9
f 3//10 9//10 10//10
f 3//11 10//11 11//11
f 3//12 11//12 12//12
f 3//13 12//13 13//13
f 3//14 13//14 14//14
f 3//15 14//15 15//15
f 3//16 15//16 16//16
f 3//17 16//17 17//17
f 3//18 17//18 4//18
f 4//19 17//19 18//19
f 4//20 18//20 19//20
f 4//21 19//21 20//21
f 4//22 20//22 21//22
f 4//23 21//23 22//23
f 4//24 22//24 23//24
f 4//25 23//25 24//25
f 4//26 24//26 25//26
f 4//27 25//27 5//27
f 5//28 25//28 6//28
f 6//29 26//29 27//29
f 6//29 27//29 7//29
f 6//30 25//30 28//30
f 6//31 28//31 29//31
f 6//32 29//32 24//32
f 6//33 24//33 23//33
f 6//33 23//33 22//33
f 6//33 22//33 21//33
f 6//33 21//33 20//33
f 6//33 20//33 19//33
f 6//33 19//33 18//33
f 6//33 18//33 30//33
f 6//34 30//34 31//34
f 6//33 31//33 32//33
f 6//33 32//33 33//33
f 6//34 33//34 34//34
f 6//33 34//33 35//33
f 6//33 35//33 36//33
f 6//34 36//34 37//34
f 6//33 37//33 38//33
f 6//33 38//33 39//33
f 6//33 39//33 40//33
f 6//33 40//33 41//33
f 6//33 41//33 42//33
f 6//33 42//33 43//33
f 6//34 43//34 44//34
f 6//33 44//33 26//33
f 7//35 45//35 9//35
f 7//36 9//36 8//36
f 7//37 27//37 46//37
f 7//38 46//38 47//38
f 7//37 47//37 48//37
f 7//37 48//37 49//37
f 7//37 49//37 50//37
f 7//37 50//37 51//37
f 7//37 51//37 52//37
f 7//37 52//37 53//37
f 7//38 53//38 54//38
f 7//37 54//37 55//37
f 7//37 55//37 56//37
f 7//38 56//38 57//38
f 7//37 57//37 58//37
f 7//38 58//38 59//38
f 7//37 59//37 60//37
f 7//37 60//37 17//37
f 7//37 17//37 16//37
f 7//37 16//37 15//37
f 7//37 15//37 14//37
f 7//38 14//38 13//38
f 7//37 13//37 12//37
f 7//37 12//37 11//37
f 7//37 11//37 10//37
f 7//39 10//39 45//39
f 9//40 45//40 10//40
f 17//41 60//41 18//41
f 18//42 60//42 30//42
f 24//43 29//43 28//43
f 24//44 28//44 25//44
f 26//45 44//45 46//45
f 26//45 46//45 27//45
f 60//46 59//46 30//46
f 30//47 59//47 31//47
f 44//48 43//48 47//48
f 44//48 47//48 46//48
f 59//49 58//49 61//49
f 59//50 61//50 62//50
f 59//51 62//51 31//51
f 31//52 62//52 32//52
f 43//53 42//53 48//53
f 43//53 48//53 47//53
f 58//54 63//54 64//54
f 58//55 64//55 65//55
f 58//56 65//56 66//56
f 58//57 66//57 61//57
f 58//58 57//58 63//58
f 61//59 66//59 67//59
f 61//60 67//60 68//60
f 61//61 68//61 62//61
f 62//62 69//62 70//62
f 62//63 70//63 71//63
f 62//64 71//64 32//64
f 62//65 68//65 72//65
f 62//66 72//66 69//66
f 32//67 71//67 73//67
f 32//68 73//68 74//68
f 32//69 74//69 75//69
f 32//70 75//70 76//70
f 32//71 76//71 33//71
f 42//72 41//72 49//72
f 42//72 49//72 48//72
f 63//73 57//73 64//73
f 64//74 57//74 65//74
f 65//75 57//75 66//75
f 66//76 57//76 67//76
f 57//77 56//77 67//77
f 67//78 56//78 68//78
f 68//79 56//79 72//79
f 69//80 72//80 56//80
f 69//81 56//81 34//81
f 69//82 34//82 70//82
f 70//83 34//83 33//83
f 70//84 33//84 71//84
f 71//85 33//85 73//85
f 73//86 33//86 74//86
f 74//87 33//87 75//87
f 75//88 33//88 76//88
f 41//89 40//89 50//89
f 41//89 50//89 49//89
f 56//90 55//90 35//90
f 56//90 35//90 34//90
f 40//91 39//91 51//91
f 40//91 51//91 50//91
f 55//92 54//92 36//92
f 55//92 36//92 35//92
f 39//93 38//93 52//93
f 39//93 52//93 51//93
f 54//94 53//94 37//94
f 54//94 37//94 36//94
f 38//95 37//95 53//95
f 38//95 53//95 52//95
o geometry2
v -0.028157074 0.008157387 0.007994746
v -0.028157074 0.008155622 0.009949094
v -0.025158796 0.008155622 0.009949094
v -0.025158796 0.008155622 0.0075462353
v -0.028157074 0.008155622 0.0075462353
v -0.04911646 0.007925918 0.0073739938
v -0.049099803 0.007925918 0.008970214
v -0.028157074 0.008139718 0.010314041
v -0.04911884 0.007911783 0.010095755
v -0.025158796 0.008035468 0.011118973
v -0.025158796 0.007712117 0.012311023
v -0.025158796 0.0077032824 0.012333192
v -0.025158796 0.0071731987 0.013462143
v -0.025158796 0.0065547666 0.014371103
v -0.025158796 0.0056977975 0.01527665
v -0.025158796 0.0051836157 0.015694465
v -0.025158796 -0.0051830634 0.0166597
v -0.025158796 -0.0062556006 0.016151503
v -0.025158796 -0.0072874976 0.015433544
v -0.025158796 -0.008133866 0.014608148
v -0.025158796 -0.00833353 0.014371103
v -0.025158796 -0.009017339 0.013346178
v -0.025158796 -0.009513851 0.012225755
v -0.025158796 -0.009777127 0.011226411
v -0.025158796 -0.0098919775 0.010022424
v -0.025158796 -0.0098919775 0.00850465
v -0.025158796 -0.009890212 0.0072512077
v -0.025158796 -0.0097559225 0.0060847383
v -0.025158796 -0.0094113685 0.00491827
v -0.025158796 -0.008872449 0.003823426
v -0.025158796 -0.00833353 0.0030508959
v -0.025158796 -0.0074836286 0.0021572853
v -0.025158796 -0.006502973 0.0014205682
v -0.025158796 -0.0055240844 0.00090213725
v -0.025158796 -0.0051830634 0.0007622978
v -0.025158796 0.0051836157 0.0017275335
v -0.025158796 0.006093594 0.0025273492
v -0.025158796 0.0068763513 0.003485764
v -0.025158796 0.0073958333 0.004377669
v -0.025158796 0.007828735 0.0054673967
v -0.025158796 0.008060206 0.0064292224
v -0.028157074 0.008139718 0.007107957
v -0.04912122 0.007915316 0.0071625286
v -0.04934014 0.007881744 0.007394458
v -0.04928303 0.007897647 0.008710999
v -0.04934014 0.007881744 0.01002754
v -0.028157074 0.008035468 0.011118973
v -0.048688136 0.007908247 0.010257764
v -0.049130738 0.007846406 0.010842704
v -0.028157074 0.0077986973 0.0120569235
v -0.028157074 0.0080231 0.0062262835
v -0.028157074 0.008060206 0.0064292224
v -0.049128357 0.007865842 0.006671384
v -0.049361557 0.0077916295 0.0064445706
v -0.049361557 0.0077916295 0.0109774275
v -0.049135495 0.0078039984 0.011113857
v -0.049140256 0.007735087 0.011446403
v -0.028157074 0.007712117 0.012311023
v -0.028157074 0.0077032824 0.012333192
v -0.049142636 0.007705049 0.011562368
v -0.049149774 0.007593732 0.011949485
v -0.049154535 0.0075071515 0.01220529
v -0.028157074 0.0077969306 0.0053650746
v -0.028157074 0.007828735 0.0054673967
v -0.049140256 0.007735087 0.005975595
v -0.049135495 0.007805765 0.006308141
v -0.049368694 0.0077015157 0.005989238
v -0.049368694 0.0077015157 0.011432759
v -0.028157074 0.0074718124 0.012887435
v -0.049378216 0.0075619263 0.011934137
v -0.04916405 0.0072332746 0.012856739
v -0.026719805 0.0051836157 1.7052516e-06
v -0.028157074 0.0073958333 0.004377669
v -0.049154535 0.0075053847 0.005211592
v -0.049149774 0.007593732 0.005472513
v -0.049142636 0.0077032824 0.005852809
v -0.049378216 0.0075619263 0.005487861
v -0.026719805 0.0051836157 0.017420292
v -0.04946626 0.0058621233 0.0026177336
v -0.049373455 -0.00852436 0.012747595
v -0.049294926 0.0060953605 0.0145518705
v -0.049175948 0.0068957875 0.0134791965
v -0.027452717 -0.0051830634 1.7052516e-06
v -0.027676398 -0.0043773353 1.7052516e-06
v -0.027812034 -0.003659955 1.7052516e-06
v -0.027883422 -0.0028931 1.7052516e-06
v -0.02788818 -0.0015943937 1.7052516e-06
v -0.02789056 0.00040402357 1.7052516e-06
v -0.027878663 0.0012185862 1.7052516e-06
v -0.027804896 0.0019324329 1.7052516e-06
v -0.027762063 0.002199242 1.7052516e-06
v -0.02766212 0.0026710168 1.7052516e-06
v -0.027614528 0.0028600802 1.7052516e-06
v -0.027471755 0.0033548255 1.7052516e-06
v -0.027369432 0.0036622742 1.7052516e-06
v -0.027043428 0.0044892053 1.7052516e-06
v -0.048688136 0.0010507263 0.0005474221
v -0.048690513 0.0019306659 0.0006343955
v -0.048690513 0.0027894024 0.0008253958
v -0.048690513 0.0036145668 0.0011187186
v -0.048690513 0.004395557 0.0015092469
v -0.048690513 0.0051217726 0.0019918652
v -0.049302068 0.006084759 0.0028564846
v -0.04921878 0.0062932586 0.0030986462
v -0.049199745 0.0064964574 0.0033561564
v -0.049175948 0.006894021 0.003941096
v -0.04916405 0.007231508 0.004560143
v -0.049385354 0.0073816977 0.004984779
v -0.027074363 0.0044167605 0.017420292
v -0.027298044 0.0038566384 0.017420292
v -0.02737181 0.0036552064 0.017420292
v -0.027590733 0.0029466606 0.017420292
v -0.02765974 0.0026798516 0.017420292
v -0.027766822 0.0021674368 0.017420292
v -0.027866766 0.0013882131 0.017420292
v -0.02789056 0.0006407945 0.017420292
v -0.02789056 -0.002652795 0.017420292
v -0.027847728 -0.0033613408 0.017420292
v -0.027735887 -0.004101692 0.017420292
v -0.02755504 -0.004842043 0.017420292
v -0.027452717 -0.0051830634 0.017420292
v -0.049199745 0.0064964574 0.014065841
v -0.049204506 0.006348034 0.014255137
v -0.04929255 0.0061024283 0.0145450495
v -0.048690513 0.0051217726 0.015430133
v -0.048690513 0.004395557 0.01591275
v -0.048690513 0.0036145668 0.016303279
v -0.048690513 0.0027894024 0.016596602
v -0.048690513 0.0019306659 0.016787603
v -0.048688136 0.0010507263 0.016874576
v -0.048688136 -0.002522041 0.0005423054
v -0.049435325 -0.0075384043 0.0032998794
v -0.049430564 -0.005902211 0.005191128
v -0.04939011 0.0071643633 0.00449875
v -0.049394872 0.0069081564 0.0040314803
v -0.049430564 0.006316229 0.0031890306
v -0.049373455 -0.00852436 0.0046744025
v -0.04935204 -0.008769967 0.005191128
v -0.04935204 -0.008769967 0.01223087
v -0.049309205 -0.008967865 0.0123161385
v -0.04932824 -0.008715192 0.012851623
v -0.04934966 -0.008416576 0.013358116
v -0.04941391 -0.007902395 0.0037228093
v -0.04939249 -0.008238115 0.0041900794
v -0.04929017 -0.00803845 0.014122119
v -0.048688136 -0.002522041 0.016879693
v -0.028157074 -0.0074836286 0.0021572853
v -0.048685756 -0.007481862 0.0024130899
v -0.048688136 -0.006775083 0.0018588468
v -0.048688136 -0.006004694 0.0013932823
v -0.048688136 -0.0051795295 0.0010232185
v -0.048688136 -0.0043137255 0.00075547583
v -0.048688136 -0.003424951 0.00059517194
v -0.04939963 0.0064699533 0.003378326
v -0.028157074 -0.007543705 0.015211847
v -0.048688136 -0.003424951 0.016826827
v -0.048688136 -0.0043137255 0.016666522
v -0.048688136 -0.0051795295 0.01639878
v -0.048688136 -0.006004694 0.016028715
v -0.048688136 -0.006775083 0.015563151
v -0.048685756 -0.007481862 0.015008908
v -0.04939249 -0.007814048 0.0032998794
v -0.04934966 -0.008416576 0.0040638824
v -0.04932824 -0.008715192 0.004570375
v -0.049309205 -0.008967865 0.0051058596
v -0.049294926 -0.009020872 0.0053139143
v -0.049294926 -0.009020872 0.012108084
v -0.04916405 -0.00921347 0.012213817
v -0.04917119 -0.009153394 0.012399701
v -0.049192607 -0.008891886 0.012952239
v -0.04921402 -0.008584437 0.013474081
v -0.049371075 -0.008073789 0.0035863803
v -0.04923544 -0.008231048 0.013966931
v -0.04924258 -0.008103827 0.014122119
v -0.028157074 -0.008176273 0.0028616008
v -0.04882615 -0.007997811 0.0029161721
v -0.048904676 -0.008057887 0.0029877974
v -0.049014136 -0.00812503 0.0031037624
v -0.04924258 -0.008103827 0.0032998794
v -0.04928779 -0.0080419835 0.0032998794
v -0.028157074 -0.008133866 0.014608148
v -0.04882615 -0.007997811 0.014505826
v -0.04899748 -0.008116196 0.014336995
v -0.048842806 -0.008010179 0.014492183
v -0.04921402 -0.008584437 0.0039479174
v -0.049192607 -0.008891886 0.004469759
v -0.04917119 -0.009153394 0.0050222967
v -0.04916405 -0.00921347 0.005208181
v -0.04911884 -0.00927178 0.005402593
v -0.04911884 -0.00927178 0.012019405
v -0.048916575 -0.009386631 0.012149013
v -0.048966546 -0.00927178 0.012457684
v -0.04898558 -0.009004971 0.013020454
v -0.049007 -0.00869222 0.013552528
v -0.049161673 -0.008188641 0.014122119
v -0.028157074 -0.008720491 0.003584675
v -0.028157074 -0.00833353 0.0030508959
v -0.048807114 -0.0083565 0.0033373972
v -0.04882139 -0.008112662 0.0030440744
v -0.049026035 -0.008331764 0.0033663884
v -0.049161673 -0.008188641 0.0032998794
v -0.04923544 -0.008231048 0.0034550675
v -0.028157074 -0.00833353 0.014371103
v -0.04882139 -0.008112662 0.014377924
v -0.048807114 -0.0083565 0.014084601
v -0.049026035 -0.008331764 0.01405561
v -0.049007 -0.00869222 0.0038694707
v -0.04898558 -0.009004971 0.004401544
v -0.048966546 -0.00927178 0.0049643144
v -0.048916575 -0.009386631 0.0052729854
v -0.049033172 -0.009324787 0.0055901827
v -0.049033172 -0.009324787 0.011831815
v -0.048847567 -0.009437872 0.011997236
v -0.04860485 -0.009460842 0.012073977
v -0.048707172 -0.0093936995 0.012261567
v -0.048747625 -0.0093053505 0.012479853
v -0.04876666 -0.009036776 0.013046034
v -0.048788078 -0.008720491 0.013581518
v -0.028157074 -0.009169297 0.0043657315
v -0.028157074 -0.008872449 0.003823426
v -0.048788078 -0.008720491 0.0038404795
v -0.048685756 -0.008656882 0.00374839
v -0.028157074 -0.008720491 0.013837323
v -0.048685756 -0.008656882 0.013673608
v -0.04876666 -0.009036776 0.004375964
v -0.048747625 -0.0093053505 0.0049421447
v -0.04871431 -0.009384863 0.005139967
v -0.048847567 -0.009437872 0.0054247626
v -0.04870003 -0.009398999 0.005177485
v -0.048626266 -0.009450242 0.005317325
v -0.048747625 -0.009480279 0.005562897
v -0.048747625 -0.009480279 0.011859101
v -0.048571534 -0.009473212 0.012034753
v -0.048452556 -0.0095067825 0.011932432
v -0.028157074 -0.009513851 0.012225755
v -0.048685756 -0.009103918 0.012913016
v -0.028157074 -0.009169297 0.013056267
v -0.028157074 -0.009017339 0.013346178
v -0.028157074 -0.009513851 0.0051945383
v -0.028157074 -0.0094113685 0.00491827
v -0.048685756 -0.009103918 0.0045089824
v -0.048571534 -0.009473212 0.0053872447
v -0.048473973 -0.009503249 0.0054759234
v -0.048621505 -0.009513851 0.011743136
v -0.048621505 -0.009513851 0.005678862
v -0.048473973 -0.009538589 0.011654457
v -0.048281226 -0.0095297545 0.01185569
v -0.028157074 -0.009777127 0.011226411
v -0.048143208 -0.009535054 0.011838636
v -0.028157074 -0.0098743085 0.006939126
v -0.028157074 -0.0097559225 0.0060847383
v -0.04831216 -0.009527987 0.005556076
v -0.048473973 -0.009538589 0.005767541
v -0.04830978 -0.009552725 0.011599885
v -0.048143208 -0.009561559 0.011662984
v -0.04830978 -0.009552725 0.005822113
v -0.028157074 -0.0098743085 0.010482872
v -0.039205488 -0.009766525 0.010719918
v -0.028157074 -0.009893745 0.008710999
v -0.028157074 -0.009890212 0.0072512077
v -0.039050814 -0.009812465 0.0072836094
v -0.03913172 -0.009785961 0.0069118403
v -0.039274495 -0.00974532 0.0065673566
v -0.048143208 -0.009561559 0.005759014
v -0.048143208 -0.009535054 0.0055833617
v -0.03903654 -0.009819534 0.008710999
v -0.039038915 -0.009817766 0.010008781
v -0.039088886 -0.009801863 0.01037714
v -0.028157074 -0.0098919775 0.010022424
v -0.03903654 -0.009817766 0.0075598783
vn 0 0.9999996 0.00090351724
vn 0.000588934 0.9999999 0
vn 0 0.9999922 -0.0039369734
vn -0.010926356 0.9999325 -0.0039367382
vn -0.011046435 0.99993896 0.00011526567
vn -0.011009723 0.999939 0.00090346247
vn -0 0.99905187 0.04353558
vn -0.0115444 0.999857 0.0123619
vn -0.011316201 0.998988 0.0435328
vn 1 0 0
vn 0.99999994 0 0
vn 0.0071592918 0.9947416 0.10216599
vn 0.0071561225 0.996346 -0.08510842
vn 0 0.9993423 -0.036261883
vn -0.010653637 0.9992855 -0.036259823
vn -0.1974835 0.9792888 -0.044652216
vn -0.19404753 0.98098606 -0.0034325405
vn -0.15472077 0.98795694 0.0016144351
vn -0.0108198775 0.99869925 -0.049827933
vn -0.159408 0.9872 0.0050101895
vn -0.13755748 0.9904422 0.010112413
vn 0 0.99171704 0.12844178
vn -0.0114009455 0.99857676 0.052100107
vn -0.011485383 0.9952637 0.096531756
vn -0.010630858 0.9916611 0.12843454
vn -0.159281 0.9836906 0.08356054
vn -0.024467198 0.99592704 0.08677906
vn 0 0.9695847 0.24475609
vn 0.005682724 0.9651077 0.2617915
vn 0.0038046248 0.97223496 -0.23397599
vn 0 0.98369217 -0.17986023
vn 0 0.99320793 -0.11635263
vn -0.0105480915 0.99315274 -0.11634618
vn -0.010910203 0.9949215 -0.10006135
vn -0.21706684 0.9715512 -0.09471122
vn -0.23975259 0.9669879 -0.086330995
vn -0.9729012 0.23122108 0
vn -0.97290117 0.23122106 0
vn -0.2682661 0.9633449 0
vn -0.18059345 0.979536 0.08885525
vn -0.010938484 0.98796016 0.15432143
vn -0.010853308 0.97917014 0.20275146
vn -0.01006012 0.9695355 0.24474366
vn -0.14429761 0.9780334 0.15042931
vn 0 0.9465606 0.32252592
vn 0 0.92895496 0.37019265
vn -0.010224317 0.96805185 0.25054163
vn -0.010796717 0.9610523 0.27615574
vn -0.010888092 0.9472208 0.32039672
vn -0.010863239 0.9465048 0.3225069
vn 0.0027412756 0.9293498 -0.3691904
vn 0 0.9549345 -0.29681692
vn 0 0.9687318 -0.24811041
vn -0.010331956 0.96868 -0.24809712
vn -0.010943861 0.9781249 -0.20773026
vn -0.010892143 0.9836338 -0.17984957
vn -0.011025296 0.9865721 -0.16295409
vn -0.15642163 0.97494274 -0.15817364
vn -0.9968778 0.0789598 0
vn -0.17422181 0.9664874 -0.18854433
vn -0.16694878 0.9677011 0.18889874
vn -0.15409645 0.9679373 0.19837297
vn -0.15526919 0.95708025 0.24472229
vn 0 0.9227602 0.38537472
vn 0.008684582 0.905151 0.42500138
vn -0.010931397 0.92889947 0.3701706
vn -0.16486973 0.95098156 0.2616334
vn -0.15056607 0.95083314 0.2706401
vn -0.15159442 0.9371217 0.31435972
vn -0.23350467 0.8975764 0.37394136
vn -0.011033819 0.92184794 0.38739458
vn -0.010966006 0.9227047 0.38535157
vn 0.18313517 0.8495003 -0.49478355
vn 0 0.89244145 -0.45116338
vn 0 0.92647845 -0.376348
vn -0.010112523 0.92643106 -0.37632874
vn -0.010808604 0.9471814 -0.32051605
vn -0.010761737 0.95487916 -0.29679972
vn -0.010824468 0.9609224 -0.2766062
vn -0.010388485 0.9680486 -0.2505476
vn -0.15527178 0.95703775 -0.24488655
vn -0.15423611 0.9668939 -0.2032919
vn -0.9976815 0.068055056 0
vn -0.99768156 0.068055056 0
vn -0.16531421 0.95091194 -0.2616058
vn 0.0026955004 0.89304614 0.44995707
vn 0.34912878 0.7747574 0.52712446
vn -0.010783008 0.8912743 0.4533364
vn -0.9986612 0.051726963 0
vn -0.99995565 0.00018025792 0.009417068
vn -0.9994689 0.0013505702 0.03255737
vn -0.7448435 0.5717251 0.34400386
vn -0.54763687 0.73989993 0.39069408
vn -0.016567823 0.8791132 0.47632498
vn 0.49648583 0.67231065 -0.5490903
vn 0.6388583 0.5078917 -0.5778461
vn 0.74019074 0.062336877 -0.6695011
vn 0.31464216 -0.022244822 -0.9489496
vn 0 0 -0.99999994
vn 0 0 -1
vn -0.02721606 0.012683787 -0.9995491
vn -0.043163482 0.09815383 -0.9942348
vn -0.060146634 0.21672145 -0.9743788
vn -0.071639754 0.33407924 -0.9398184
vn -0.07718205 0.44590968 -0.891744
vn -0.07677288 0.551855 -0.83039874
vn -0.07400973 0.5974585 -0.79847723
vn -0.053695515 0.7484554 -0.6610078
vn -0.05056603 0.76537627 -0.6415936
vn -0.046129126 0.785849 -0.6166956
vn -0.035370838 0.8272058 -0.5607846
vn -0.017038124 0.8780102 -0.47833866
vn -0.010912816 0.89094055 -0.45398888
vn -0.010576211 0.9218501 -0.3874022
vn -0.11412437 0.91641796 -0.38360614
vn -0.173005 0.9279929 -0.32999772
vn -0.15159766 0.9370666 -0.3145223
vn -0.15057695 0.9507167 -0.2710433
vn -0.9974659 0.070285626 -0.011027842
vn 0.57601804 0.5937209 0.56187063
vn 0 0 1
vn 0 0 0.99999994
vn 0.31464216 -0.022244822 0.9489496
vn 0.7401904 0.062336795 0.66950154
vn 0.651177 0.4786027 0.588989
vn -0.03548133 0.8268049 0.56136847
vn -0.045926593 0.78667206 0.6156606
vn -0.049786262 0.7694631 0.63674784
vn -0.06150845 0.7037589 0.7077711
vn -0.0708474 0.64353013 0.7621349
vn -0.076772876 0.5518546 0.830399
vn -0.07718204 0.44590926 0.8917443
vn -0.07163981 0.3340802 0.9398182
vn -0.060146697 0.21672249 0.97437865
vn -0.043163244 0.098152764 0.99423486
vn -0.027195396 0.012573888 0.99955106
vn -0.14224924 0.54786 -0.8243874
vn -0.39698383 0.41049188 -0.82091427
vn -0.6477911 0.25516316 -0.717815
vn -0.81282043 0.1264724 -0.56861913
vn -0.900869 0.040287208 -0.43221763
vn -0.9356803 0.0005053283 -0.3528485
vn -0.95683116 -0.016978635 -0.29014802
vn -0.9999884 -0.0020883386 0.0043240176
vn -0.99997413 -0.0014944463 0.007038813
vn -0.9912109 0.12411153 -0.04579627
vn -0.97343904 0.2047862 -0.102367334
vn -0.9713575 0.21182434 -0.10767999
vn -0.17445043 0.7761015 -0.6059979
vn -0.16112046 0.7746335 -0.61154157
vn -0.99621964 -0.08686955 -0
vn -0.99621975 -0.086869575 0
vn -0.98038316 -0.19065699 0.04998799
vn -0.97811925 -0.19940862 0.059321135
vn -0.9786334 -0.19254357 0.072138004
vn -0.999245 0.00057303655 0.03884784
vn -0.99997264 -0.004158008 0.0061145267
vn -0.9983048 -0.05819987 0.00046383883
vn -0.99797976 -0.0635323 9.488546e-05
vn -0.997796 -0.06635676 -0
vn -0.72145957 0.5909466 0.36094058
vn -0.9968728 -0.0027368716 0.07897615
vn -0.9738496 -0.0072323116 0.2270786
vn -0.96733594 0.0003630474 0.25349805
vn -0.95061064 0.027985716 0.30912182
vn -0.9040225 0.09281367 0.41728777
vn -0.80472785 0.1988355 0.5593545
vn -0.6030802 0.35675743 0.71345526
vn -0.30361047 0.52736133 0.79354304
vn -0.6138553 0.66393924 0.42704374
vn 0.2932874 -0.36271733 -0.8845444
vn 0.26722202 -0.45100605 -0.8515785
vn 0.14729974 -0.5940875 -0.79079896
vn 0 -0.6837385 -0.729727
vn -0.009168775 -0.6822136 -0.73109543
vn -0.022543943 -0.61696583 -0.7866669
vn -0.036049813 -0.51687795 -0.8552998
vn -0.043918 -0.40881076 -0.91156185
vn -0.0459575 -0.29512554 -0.95435256
vn -0.042161297 -0.17734316 -0.98324555
vn -0.032720964 -0.05841987 -0.9977557
vn -0.026365131 -0.007319327 -0.99962556
vn -0.026885755 0.010599263 -0.99958235
vn -0.026675459 0.008877938 -0.9996047
vn -0.02654352 0.007659904 -0.99961823
vn -0.026457945 0.0066603012 -0.99962777
vn -0.026375506 0.0055874167 -0.9996365
vn -0.026300803 0.0042223227 -0.9996451
vn -0.026237192 0.002711292 -0.9996521
vn -0.02622694 0.001431641 -0.99965495
vn -0.17322384 0.77819794 -0.6036567
vn -0.17021923 0.779653 -0.6026331
vn -0.16942374 0.81828934 -0.5492707
vn -0.17333001 0.8184373 -0.54782957
vn -0.13998753 0.8688089 -0.47494698
vn -0.13050854 0.8715427 -0.4726319
vn -0.15877473 0.901886 -0.40173647
vn -0.02691161 0.0107469885 0.99958
vn 0.004492474 -0.6838817 0.729579
vn 0.18380633 -0.5613966 0.8068762
vn 0.2870269 -0.41017422 0.86566305
vn -0.026441924 -0.007933848 0.9996188
vn -0.0327208 -0.058418833 0.9977558
vn -0.04216129 -0.17734417 0.9832454
vn -0.04595744 -0.29512513 0.9543527
vn -0.04391792 -0.40881157 0.9115615
vn -0.036049794 -0.51687795 0.8552998
vn -0.022543918 -0.61696583 0.7866669
vn -0.009285908 -0.6816657 0.7316047
vn -0.17595032 0.776809 0.60465634
vn -0.026223581 0.0014316413 0.99965507
vn -0.026254814 0.0033674967 0.99964964
vn -0.02636887 0.0055104024 0.9996371
vn -0.026472116 0.0068467585 0.9996261
vn -0.026594916 0.008217141 0.99961245
vn -0.026789092 0.00981034 0.99959296
vn -0.9568254 -0.016989613 -0.29016644
vn -0.026038105 0.00038026797 -0.9996609
vn -0.025980297 -3.092654e-05 -0.99966246
vn -0.02597743 -9.51675e-05 -0.9996625
vn -0.026018828 -0.0024221567 -0.9996585
vn -0.026156032 -0.0049453224 -0.99964565
vn -0.9848261 -0.15303619 -0.08183868
vn -0.93265486 -0.06403703 -0.3550413
vn -0.8924572 -0.1332815 -0.43099457
vn -0.88964844 -0.13824615 -0.43521672
vn -0.60162723 0.6653433 -0.44199887
vn -0.980155 -0.18512478 -0.070887685
vn -0.9786333 -0.19254369 -0.07213813
vn -0.97811925 -0.19940872 -0.059321187
vn -0.98038316 -0.19065697 -0.049987942
vn -0.97736865 -0.21154276 -0
vn -0.9773687 -0.21154276 0
vn -0.96557975 -0.26010734 -0
vn -0.9655797 -0.2601073 0
vn -0.84385735 -0.53096145 0.077360824
vn -0.8240511 -0.5475631 0.1453078
vn -0.82744986 -0.51928777 0.21369871
vn -0.8299 -0.5153707 0.21368
vn -0.831702 -0.49295837 0.25546777
vn -0.8307541 -0.4938331 0.25685894
vn -0.83255637 -0.46795234 0.29642966
vn -0.9805453 -0.1762235 -0.08646559
vn -0.980408 -0.17819329 -0.083947875
vn -0.98073065 -0.17716584 -0.08233818
vn -0.7385689 -0.53763455 0.406774
vn -0.6148783 -0.44759512 0.6492945
vn -0.69373417 -0.3725137 0.6164141
vn -0.8332865 -0.22622621 0.5044356
vn -0.9110608 -0.121800534 0.39386907
vn -0.9505621 -0.055120487 0.30560347
vn -0.9706639 -0.014053776 0.24002914
vn -0.818614 -0.48301283 0.31075677
vn -0.026275957 -0.0064185048 0.9996342
vn -0.02608965 -0.003941244 0.9996519
vn -0.025994439 -0.0015713706 0.9996608
vn -0.025984596 0 0.99966234
vn -0.02611091 0.0008312363 0.99965864
vn 0.0055049066 -0.7245949 -0.689153
vn -0 -0.71298957 -0.70117456
vn -0.008007139 -0.71296674 -0.701152
vn -0.008996526 -0.6968387 -0.71717143
vn -0.15277071 -0.66830516 -0.7280311
vn -0.40107644 -0.56610495 -0.7201826
vn -0.41529432 -0.56047803 -0.716516
vn -0.60344315 -0.4569331 -0.6535048
vn -0.61365443 -0.44860566 -0.6497548
vn -0.6940243 -0.37236905 -0.6161748
vn -0.7333139 -0.33685017 -0.5905782
vn -0.8173553 -0.2357572 -0.52568895
vn 0 -0.71507925 0.6990434
vn 0.0067241327 -0.6981658 0.71590465
vn -0.009189095 -0.6968102 0.71719664
vn -0.008167359 -0.7150554 0.69902
vn -0.5979235 -0.46136108 0.6554643
vn -0.4004748 -0.566266 0.7203907
vn -0.3030499 -0.6187733 0.7247623
vn -0.08636988 -0.68336666 0.7249485
vn -0.86784047 -0.3986455 -0.29653794
vn -0.8363305 -0.46243384 -0.29445937
vn -0.8325637 -0.46773407 -0.29675308
vn -0.83075434 -0.49383274 -0.25685874
vn -0.831702 -0.4929583 -0.25546798
vn -0.8299 -0.51537067 -0.21367998
vn -0.82744986 -0.51928777 -0.21369871
vn -0.8240511 -0.5475631 -0.1453078
vn -0.84385735 -0.53096145 -0.077360824
vn -0.827105 -0.5620474 -0
vn -0.79028517 -0.61273926 -0
vn -0.7902851 -0.61273915 0
vn -0.5476327 -0.8279278 0.12097015
vn -0.51898676 -0.8251773 0.22301371
vn -0.53623056 -0.8089791 0.24085227
vn -0.54128045 -0.7679373 0.34247294
vn -0.53507876 -0.7702202 0.34706137
vn -0.5375954 -0.7362001 0.41109684
vn -0.5386667 -0.7353832 0.41115645
vn -0.5411431 -0.69751155 0.46972534
vn -0.57749426 -0.6751437 0.45900032
vn -0.6386559 -0.60922956 0.4700617
vn -0.5689904 -0.5427739 0.61777544
vn 0.003992327 -0.82014805 -0.5721375
vn -0 -0.8096314 -0.5869387
vn -0 -0.7691963 -0.6390126
vn -0.008009871 -0.7691716 -0.63899213
vn -0.008010396 -0.7691571 -0.6390094
vn -0.008188904 -0.74417615 -0.6679332
vn -0.038868368 -0.74420613 -0.6668182
vn -0.07625653 -0.76857233 -0.63520193
vn -0.16838606 -0.77223337 -0.6126187
vn -0.17820895 -0.7692416 -0.6136032
vn -0.45220727 -0.6907575 -0.5642362
vn -0.57380724 -0.54736876 -0.60920644
vn -0.7370974 -0.53884786 -0.40783632
vn -0.6386559 -0.6092295 -0.47006166
vn -0.8204109 -0.48095602 -0.30920416
vn 0 -0.7648354 0.6442257
vn -0.008195705 -0.73585373 0.67709094
vn -0.008193855 -0.74516696 0.6668277
vn -0.0079619745 -0.7648112 0.6442053
vn -0.13105921 -0.76548344 0.629967
vn -0.13541281 -0.75005436 0.6473654
vn -0.4455411 -0.68828326 0.5725027
vn -0.16828334 -0.77418643 0.61017704
vn -0.5411423 -0.6975118 -0.46972576
vn -0.5386661 -0.7353835 -0.41115668
vn -0.5774946 -0.67514324 -0.45900044
vn -0.5375954 -0.7361999 -0.41109714
vn -0.53507876 -0.7702202 -0.34706137
vn -0.54128045 -0.7679373 -0.3424729
vn -0.53623056 -0.80897903 -0.24085227
vn -0.51898676 -0.8251773 -0.22301371
vn -0.5476327 -0.8279278 -0.12097015
vn -0.5261776 -0.85037464 -0
vn -0.52617764 -0.8503747 0
vn -0.5220125 -0.85293376 0.0026252181
vn -0.5183252 -0.8535699 0.0525106
vn -0.16808008 -0.95461905 0.24586932
vn -0.16677076 -0.9536766 0.2503765
vn -0.1996594 -0.92848 0.31314692
vn -0.1761371 -0.9233825 0.34108734
vn -0.1788655 -0.89134926 0.41653776
vn -0.1781988 -0.89134634 0.41682962
vn -0.18122672 -0.85099363 0.49291646
vn -0.50844014 -0.7089642 0.48873135
vn -0.17547236 -0.8507214 0.4954618
vn -0.17898038 -0.8029506 0.5685387
vn 0.00894888 -0.897161 -0.44161302
vn -0 -0.87718415 -0.48015428
vn -0 -0.8436201 -0.5369404
vn -0.0066573946 -0.8436014 -0.5369285
vn -0.0071128015 -0.81906426 -0.5736577
vn -0.007189302 -0.80961055 -0.5869235
vn -0.007267878 -0.808353 -0.58865327
vn -0.023126138 -0.81037813 -0.58545065
vn -0.16659671 -0.80184036 -0.57384455
vn -0.17898276 -0.8029506 -0.5685381
vn -0.5084418 -0.7089637 -0.48873043
vn 0 -0.8096318 0.5869379
vn -0.008010141 -0.7691572 0.6390095
vn -0.007267891 -0.808353 0.5886532
vn -0.0071892855 -0.80961096 0.5869228
vn 0.008554251 -0.8318228 0.55497533
vn -0.16659668 -0.8018406 0.5738442
vn -0.023128284 -0.8103784 0.5854502
vn -0.1754744 -0.85072124 -0.49546158
vn -0.1812278 -0.85099334 -0.4929166
vn -0.17819962 -0.89134616 -0.41682947
vn -0.17886634 -0.891349 -0.41653767
vn -0.17615248 -0.92325413 -0.34142655
vn -0.19805056 -0.928708 -0.3134922
vn -0.51832515 -0.8535699 -0.052510478
vn -0.5220125 -0.8529338 -0.0026252205
vn -0.1799368 -0.94114906 -0.28611416
vn -0.16873258 -0.9509033 -0.25944582
vn -0.17184633 -0.95440644 -0.2440844
vn -0.520309 -0.85397804 -0
vn -0.52030903 -0.85397804 0
vn -0.3906058 -0.92055804 -0
vn -0.39060578 -0.92055804 0
vn -0.15138866 -0.97036064 0.18836568
vn -0.14445142 -0.97226745 0.18392865
vn -0.039044254 -0.9620059 0.2702221
vn -0.004726856 -0.9526279 0.3041016
vn -0.0049265902 -0.94234705 0.3346008
vn -0.0047689485 -0.9272506 0.37441093
vn -0.047781866 -0.9030899 0.42678523
vn -0.00462413 -0.9236554 0.3831961
vn -0.005833864 -0.9064181 0.42234135
vn -0.0059718364 -0.89416 0.44770795
vn -0.005925584 -0.8856904 0.46423844
vn -0.0065912893 -0.86112046 0.50835836
vn -0.006413422 -0.8558093 0.5172518
vn -0.0071127764 -0.81906563 0.57365566
vn 0.0066779284 -0.9590152 -0.283276
vn -0 -0.9375706 -0.347795
vn -0 -0.91595286 -0.4012859
vn -0.0051813456 -0.9159406 -0.4012805
vn -0.005833858 -0.90641797 -0.4223418
vn -0.005971819 -0.89416057 -0.44770664
vn -0.005878668 -0.87716895 -0.48014596
vn -0.006762826 -0.8611225 -0.50835264
vn 0 -0.8558268 0.5172624
vn 0 -0.8857059 0.4642466
vn 0.0071609933 -0.9142279 0.40513715
vn -0.04777928 -0.9030898 -0.42678532
vn -0.005210446 -0.9281455 -0.37218097
vn -0.0049916557 -0.93639714 -0.35090676
vn -0.1510993 -0.96812224 -0.1997704
vn -0.14997785 -0.9703798 -0.18939294
vn -0.004953037 -0.93755907 -0.34779075
vn -0.004970451 -0.9397771 -0.3417519
vn -0.030729558 -0.9564819 -0.29016927
vn -0.0048279935 -0.9498037 -0.31280923
vn -0.124934696 -0.9810433 0.14814039
vn -0.12987475 -0.97693455 0.16950335
vn -0.25723624 -0.9663485 -0
vn -0.2572362 -0.9663485 0
vn -0.09341982 -0.98833406 0.12028514
vn -0.07923968 -0.9896854 0.11934726
vn -0.0043500965 -0.9606175 0.27784044
vn 0 -0.9670054 0.25475612
vn 0 -0.92366534 0.3832002
vn -0.00413154 -0.96393716 0.2660979
vn -0.00390857 -0.966998 0.2547542
vn 0.0066348584 -0.9934164 -0.11436661
vn -0 -0.9905363 -0.13725105
vn -0 -0.9649591 -0.2624004
vn -0.004030082 -0.9649512 -0.26239824
vn -0.0044700494 -0.9580235 -0.28665483
vn -0.13830584 -0.9742901 -0.1778491
vn -0.12828977 -0.98114985 -0.1445229
vn -0.091787875 -0.98854613 -0.119797945
vn -0.09373079 -0.9883665 -0.11977617
vn -0.1653681 -0.98623186 -0
vn -0.16536811 -0.98623186 0
vn -0.07039255 -0.9964437 0.046313982
vn -0.071719706 -0.99109334 0.11220622
vn -0.08577461 -0.9963146 -0
vn -0.0857746 -0.9963145 0
vn -0.019525506 -0.9886173 0.14917974
vn 0 -0.9915664 0.12959918
vn -0.0074056406 -0.98877877 0.14920418
vn -0.0075355405 -0.9895982 0.14366208
vn -0.0068925796 -0.9915429 0.12959611
vn 0.0004926007 -0.9999989 -0.0014087496
vn -0 -0.99999714 -0.002420502
vn -0 -0.99870414 -0.050892647
vn -0.0072787646 -0.99867773 -0.0508913
vn -0.007857888 -0.9975575 -0.069406256
vn -0.0077139325 -0.99345005 -0.11400685
vn -0.0069026686 -0.99051267 -0.13724777
vn -0.00725275 -0.9893556 -0.14533752
vn -0.0071841343 -0.98878026 -0.14920428
vn -0.005259114 -0.9754687 -0.22007555
vn -0.017259553 -0.9886585 -0.14918597
vn -0.07158033 -0.99194497 -0.104505666
vn 0.008716452 -0.9954432 0.094957314
vn -0.07039255 -0.9964437 -0.046313982
vn -0.052962642 -0.9985965 -0
vn -0.05296264 -0.9985965 0
vn -0.028316727 -0.99959904 -0
vn -0.027892249 -0.99961007 0.0013104319
vn -0.020788474 -0.998971 0.0403088
vn -0.012441903 -0.99507374 0.09835309
vn 0 -0.9992645 0.038345408
vn -0.0075608566 -0.9949585 0.100001596
vn -0.0070289597 -0.99908525 0.042180296
vn -0.006862655 -0.999241 0.038344506
vn 0.0005895551 -0.99999976 0
vn 0 -0.99999905 0.0013478836
vn -0.0068210815 -0.9999758 0.0013478524
vn -0.0068210796 -0.99997556 -0.0015355536
vn -0.006727444 -0.9999744 -0.002420447
vn -0.0071913414 -0.9997971 -0.018812671
vn -0.024579382 -0.99953747 -0.017909208
vn -0.016194396 -0.9975815 -0.067593716
vn -0.010291579 -0.9935475 -0.11295
vn -0.02781951 -0.99961185 -0.0015349915
vn -0.006821284 -0.99997586 0.0013495294
f 77//96 78//96 79//96
f 77//97 79//97 80//97
f 77//98 80//98 81//98
f 77//99 81//99 82//99
f 77//100 82//100 83//100
f 77//101 83//101 78//101
f 78//102 84//102 79//102
f 78//103 83//103 85//103
f 78//104 85//104 84//104
f 79//105 86//105 87//105
f 79//105 87//105 88//105
f 79//105 88//105 89//105
f 79//105 89//105 90//105
f 79//105 90//105 91//105
f 79//106 91//106 92//106
f 79//106 92//106 93//106
f 79//105 93//105 94//105
f 79//105 94//105 95//105
f 79//105 95//105 96//105
f 79//105 96//105 97//105
f 79//105 97//105 98//105
f 79//106 98//106 99//106
f 79//105 99//105 100//105
f 79//105 100//105 101//105
f 79//105 101//105 102//105
f 79//105 102//105 103//105
f 79//105 103//105 104//105
f 79//105 104//105 105//105
f 79//106 105//106 106//106
f 79//105 106//105 107//105
f 79//105 107//105 108//105
f 79//105 108//105 109//105
f 79//105 109//105 110//105
f 79//105 110//105 111//105
f 79//105 111//105 112//105
f 79//105 112//105 113//105
f 79//105 113//105 114//105
f 79//105 114//105 115//105
f 79//105 115//105 116//105
f 79//105 116//105 117//105
f 79//105 117//105 80//105
f 79//107 84//107 86//107
f 80//108 117//108 118//108
f 80//109 118//109 81//109
f 81//110 118//110 82//110
f 82//111 119//111 120//111
f 82//112 120//112 121//112
f 82//113 121//113 83//113
f 82//114 118//114 119//114
f 83//115 121//115 122//115
f 83//116 122//116 85//116
f 84//117 123//117 86//117
f 84//118 85//118 124//118
f 84//119 124//119 125//119
f 84//120 125//120 123//120
f 85//121 122//121 125//121
f 85//122 125//122 124//122
f 86//123 123//123 126//123
f 86//124 126//124 87//124
f 117//125 116//125 127//125
f 117//126 127//126 128//126
f 117//127 128//127 118//127
f 118//128 128//128 129//128
f 118//129 129//129 119//129
f 119//130 129//130 130//130
f 119//131 130//131 120//131
f 120//132 130//132 131//132
f 120//133 131//133 122//133
f 120//134 122//134 121//134
f 122//135 131//135 125//135
f 123//136 125//136 132//136
f 123//137 132//137 133//137
f 123//138 133//138 126//138
f 125//139 131//139 132//139
f 87//140 126//140 134//140
f 87//141 134//141 135//141
f 87//141 135//141 88//141
f 126//142 133//142 136//142
f 126//143 136//143 137//143
f 126//144 137//144 138//144
f 126//145 138//145 134//145
f 116//146 115//146 139//146
f 116//147 139//147 140//147
f 116//148 140//148 127//148
f 127//149 140//149 141//149
f 127//150 141//150 142//150
f 127//151 142//151 128//151
f 128//152 142//152 129//152
f 129//153 142//153 130//153
f 130//154 143//154 144//154
f 130//154 144//154 131//154
f 130//155 142//155 143//155
f 131//156 144//156 132//156
f 132//157 144//157 133//157
f 133//158 144//158 136//158
f 88//159 135//159 145//159
f 88//160 145//160 89//160
f 134//161 138//161 135//161
f 136//162 144//162 146//162
f 136//163 146//163 137//163
f 137//164 146//164 138//164
f 138//165 146//165 147//165
f 138//166 147//166 145//166
f 138//167 145//167 135//167
f 115//168 114//168 148//168
f 115//169 148//169 149//169
f 115//170 149//170 139//170
f 139//171 149//171 150//171
f 139//172 150//172 151//172
f 139//173 151//173 140//173
f 140//174 151//174 152//174
f 140//175 152//175 141//175
f 141//176 152//176 143//176
f 141//177 143//177 142//177
f 143//178 153//178 146//178
f 143//179 146//179 144//179
f 143//180 152//180 153//180
f 89//181 145//181 154//181
f 89//182 154//182 90//182
f 145//183 147//183 154//183
f 146//184 153//184 155//184
f 146//185 155//185 156//185
f 146//186 156//186 157//186
f 146//187 157//187 158//187
f 146//188 158//188 147//188
f 147//189 158//189 154//189
f 114//190 113//190 148//190
f 148//191 113//191 112//191
f 148//192 112//192 111//192
f 148//193 111//193 159//193
f 148//194 159//194 160//194
f 148//195 160//195 161//195
f 148//195 161//195 162//195
f 148//195 162//195 163//195
f 148//195 163//195 164//195
f 148//195 164//195 165//195
f 148//195 165//195 166//195
f 148//195 166//195 167//195
f 148//195 167//195 168//195
f 148//195 168//195 169//195
f 148//195 169//195 170//195
f 148//195 170//195 171//195
f 148//195 171//195 172//195
f 148//196 172//196 173//196
f 148//197 173//197 174//197
f 148//198 174//198 175//198
f 148//199 175//199 176//199
f 148//200 176//200 177//200
f 148//201 177//201 178//201
f 148//202 178//202 155//202
f 148//203 155//203 179//203
f 148//204 179//204 180//204
f 148//205 180//205 181//205
f 148//206 181//206 182//206
f 148//207 182//207 183//207
f 148//208 183//208 149//208
f 149//209 183//209 150//209
f 150//210 183//210 184//210
f 150//211 184//211 153//211
f 150//212 153//212 151//212
f 151//213 153//213 152//213
f 153//214 184//214 155//214
f 90//215 154//215 91//215
f 154//216 185//216 186//216
f 154//216 186//216 187//216
f 154//216 187//216 188//216
f 154//216 188//216 189//216
f 154//216 189//216 190//216
f 154//216 190//216 191//216
f 154//217 191//217 192//217
f 154//216 192//216 193//216
f 154//216 193//216 194//216
f 154//216 194//216 195//216
f 154//216 195//216 196//216
f 154//216 196//216 197//216
f 154//218 197//218 93//218
f 154//219 93//219 92//219
f 154//220 92//220 91//220
f 154//221 158//221 198//221
f 154//222 198//222 199//222
f 154//223 199//223 200//223
f 154//224 200//224 157//224
f 154//225 157//225 201//225
f 154//226 201//226 202//226
f 154//227 202//227 203//227
f 154//228 203//228 204//228
f 154//229 204//229 205//229
f 154//230 205//230 206//230
f 154//231 206//231 185//231
f 155//232 178//232 177//232
f 155//233 177//233 176//233
f 155//234 176//234 175//234
f 155//235 175//235 174//235
f 155//236 174//236 173//236
f 155//237 173//237 207//237
f 155//238 207//238 208//238
f 155//239 208//239 209//239
f 155//240 209//240 156//240
f 155//241 184//241 210//241
f 155//242 210//242 211//242
f 155//243 211//243 212//243
f 155//244 212//244 180//244
f 155//245 180//245 179//245
f 156//246 213//246 214//246
f 156//247 214//247 215//247
f 156//248 215//248 216//248
f 156//249 216//249 217//249
f 156//250 217//250 218//250
f 156//251 218//251 157//251
f 156//252 209//252 208//252
f 156//253 208//253 219//253
f 156//254 219//254 220//254
f 156//255 220//255 213//255
f 157//256 200//256 158//256
f 157//257 218//257 221//257
f 157//258 221//258 222//258
f 157//259 222//259 206//259
f 157//260 206//260 205//260
f 157//261 205//261 204//261
f 157//262 204//262 203//262
f 157//263 203//263 202//263
f 157//264 202//264 201//264
f 158//265 200//265 198//265
f 111//266 110//266 159//266
f 159//267 110//267 109//267
f 159//268 109//268 108//268
f 159//269 108//269 223//269
f 159//270 223//270 224//270
f 159//271 224//271 225//271
f 159//272 225//272 226//272
f 159//273 226//273 227//273
f 159//274 227//274 228//274
f 159//275 228//275 229//275
f 159//276 229//276 207//276
f 159//277 207//277 160//277
f 172//278 171//278 173//278
f 173//279 171//279 170//279
f 173//280 170//280 169//280
f 173//281 169//281 168//281
f 173//282 168//282 167//282
f 173//283 167//283 166//283
f 173//284 166//284 165//284
f 173//285 165//285 207//285
f 180//286 212//286 230//286
f 180//287 230//287 181//287
f 181//288 230//288 182//288
f 182//289 230//289 211//289
f 182//290 211//290 210//290
f 182//291 210//291 183//291
f 183//292 210//292 184//292
f 185//293 206//293 186//293
f 197//294 231//294 95//294
f 197//295 95//295 94//295
f 197//296 94//296 93//296
f 197//297 196//297 222//297
f 197//298 222//298 232//298
f 197//299 232//299 233//299
f 197//300 233//300 234//300
f 197//301 234//301 235//301
f 197//302 235//302 236//302
f 197//303 236//303 237//303
f 197//304 237//304 231//304
f 198//305 200//305 199//305
f 206//306 222//306 191//306
f 206//307 191//307 190//307
f 206//308 190//308 189//308
f 206//309 189//309 188//309
f 206//310 188//310 187//310
f 206//311 187//311 186//311
f 207//312 229//312 208//312
f 207//313 165//313 164//313
f 207//314 164//314 163//314
f 207//315 163//315 162//315
f 207//316 162//316 161//316
f 207//317 161//317 160//317
f 208//318 238//318 219//318
f 208//319 229//319 228//319
f 208//320 228//320 227//320
f 208//321 227//321 238//321
f 211//322 230//322 212//322
f 213//323 220//323 239//323
f 213//324 239//324 240//324
f 213//325 240//325 241//325
f 213//326 241//326 214//326
f 215//327 214//327 241//327
f 215//328 241//328 216//328
f 216//329 241//329 242//329
f 216//330 242//330 243//330
f 216//331 243//331 244//331
f 216//332 244//332 245//332
f 216//333 245//333 246//333
f 216//334 246//334 217//334
f 217//335 246//335 218//335
f 218//336 246//336 247//336
f 218//337 247//337 221//337
f 219//338 238//338 248//338
f 219//339 248//339 239//339
f 219//340 239//340 220//340
f 221//341 249//341 250//341
f 221//342 250//342 236//342
f 221//343 236//343 235//343
f 221//344 235//344 234//344
f 221//345 234//345 233//345
f 221//346 233//346 232//346
f 221//347 232//347 222//347
f 221//348 247//348 249//348
f 222//349 196//349 195//349
f 222//350 195//350 194//350
f 222//351 194//351 193//351
f 222//352 193//352 192//352
f 222//353 192//353 191//353
f 108//354 107//354 251//354
f 108//355 251//355 223//355
f 223//356 251//356 252//356
f 223//357 252//357 224//357
f 224//358 252//358 253//358
f 224//359 253//359 225//359
f 225//360 253//360 254//360
f 225//361 254//361 255//361
f 225//362 255//362 256//362
f 225//363 256//363 226//363
f 226//364 256//364 238//364
f 226//365 238//365 227//365
f 231//366 257//366 96//366
f 231//367 96//367 95//367
f 231//368 237//368 258//368
f 231//369 258//369 257//369
f 236//370 250//370 259//370
f 236//371 259//371 237//371
f 237//372 259//372 260//372
f 237//373 260//373 258//373
f 238//374 256//374 248//374
f 239//375 248//375 256//375
f 239//376 256//376 261//376
f 239//377 261//377 262//377
f 239//378 262//378 240//378
f 240//379 262//379 241//379
f 241//380 262//380 263//380
f 241//381 263//381 264//381
f 241//382 264//382 242//382
f 243//383 242//383 264//383
f 243//383 264//383 244//383
f 244//384 264//384 265//384
f 244//385 265//385 266//385
f 244//386 266//386 267//386
f 244//387 267//387 268//387
f 244//388 268//388 245//388
f 245//389 268//389 246//389
f 246//390 268//390 269//390
f 246//391 269//391 270//391
f 246//392 270//392 247//392
f 247//393 270//393 271//393
f 247//394 271//394 249//394
f 249//395 271//395 250//395
f 250//396 271//396 259//396
f 107//397 106//397 272//397
f 107//398 272//398 273//398
f 107//399 273//399 251//399
f 251//400 273//400 274//400
f 251//401 274//401 275//401
f 251//402 275//402 252//402
f 252//403 275//403 253//403
f 253//404 275//404 274//404
f 253//405 274//405 276//405
f 253//406 276//406 254//406
f 254//407 276//407 277//407
f 254//408 277//408 255//408
f 255//409 278//409 256//409
f 255//410 277//410 278//410
f 256//411 278//411 261//411
f 257//412 279//412 97//412
f 257//412 97//412 96//412
f 257//413 258//413 260//413
f 257//414 260//414 280//414
f 257//415 280//415 279//415
f 259//416 281//416 280//416
f 259//417 280//417 260//417
f 259//418 271//418 282//418
f 259//419 282//419 281//419
f 261//420 277//420 283//420
f 261//421 283//421 262//421
f 261//422 278//422 277//422
f 262//423 283//423 284//423
f 262//424 284//424 285//424
f 262//425 285//425 263//425
f 263//426 285//426 264//426
f 264//427 285//427 286//427
f 264//428 286//428 265//428
f 266//429 265//429 287//429
f 266//430 287//430 288//430
f 266//431 288//431 289//431
f 266//432 289//432 267//432
f 267//433 289//433 290//433
f 267//434 290//434 291//434
f 267//435 291//435 268//435
f 268//436 291//436 292//436
f 268//437 292//437 269//437
f 269//438 292//438 293//438
f 269//439 293//439 270//439
f 270//440 282//440 271//440
f 270//441 293//441 294//441
f 270//442 294//442 282//442
f 106//443 105//443 295//443
f 106//444 295//444 296//444
f 106//445 296//445 272//445
f 272//446 296//446 297//446
f 272//447 297//447 298//447
f 272//448 298//448 273//448
f 273//449 298//449 274//449
f 274//450 298//450 297//450
f 274//451 297//451 276//451
f 276//452 297//452 283//452
f 276//453 283//453 277//453
f 279//454 299//454 97//454
f 279//455 280//455 281//455
f 279//456 281//456 300//456
f 279//457 300//457 299//457
f 97//458 299//458 98//458
f 281//459 282//459 294//459
f 281//460 294//460 300//460
f 283//461 297//461 301//461
f 283//462 301//462 284//462
f 284//463 301//463 302//463
f 284//464 302//464 285//464
f 285//465 302//465 303//465
f 285//466 303//466 286//466
f 265//467 286//467 304//467
f 265//468 304//468 287//468
f 286//469 303//469 305//469
f 286//470 305//470 306//470
f 286//471 306//471 304//471
f 288//472 287//472 304//472
f 288//473 304//473 289//473
f 289//474 304//474 307//474
f 289//475 307//475 308//475
f 289//476 308//476 290//476
f 290//477 308//477 309//477
f 290//478 309//478 310//478
f 290//479 310//479 311//479
f 290//480 311//480 291//480
f 291//481 311//481 292//481
f 292//482 312//482 293//482
f 292//483 311//483 313//483
f 292//484 313//484 312//484
f 293//485 312//485 313//485
f 293//486 313//486 314//486
f 293//487 314//487 294//487
f 294//488 314//488 299//488
f 294//489 299//489 300//489
f 105//490 104//490 315//490
f 105//491 315//491 316//491
f 105//492 316//492 295//492
f 295//493 316//493 302//493
f 295//494 302//494 317//494
f 295//495 317//495 301//495
f 295//496 301//496 296//496
f 296//497 301//497 297//497
f 299//498 314//498 98//498
f 98//499 314//499 313//499
f 98//500 313//500 99//500
f 301//501 317//501 302//501
f 302//502 316//502 303//502
f 303//503 316//503 305//503
f 304//504 306//504 318//504
f 304//505 318//505 307//505
f 305//506 316//506 315//506
f 305//507 315//507 306//507
f 306//508 319//508 318//508
f 306//509 315//509 319//509
f 308//510 320//510 310//510
f 308//511 310//511 309//511
f 308//512 307//512 321//512
f 308//513 321//513 320//513
f 310//514 320//514 322//514
f 310//515 322//515 323//515
f 310//516 323//516 311//516
f 311//517 324//517 100//517
f 311//517 100//517 99//517
f 311//518 99//518 313//518
f 311//519 323//519 325//519
f 311//520 325//520 324//520
f 104//521 103//521 326//521
f 104//522 326//522 327//522
f 104//523 327//523 315//523
f 315//524 327//524 328//524
f 315//525 328//525 319//525
f 307//526 318//526 319//526
f 307//527 319//527 321//527
f 319//528 328//528 329//528
f 319//529 329//529 321//529
f 320//530 321//530 329//530
f 320//531 329//531 322//531
f 322//532 330//532 331//532
f 322//533 331//533 323//533
f 322//534 329//534 332//534
f 322//535 332//535 330//535
f 323//536 331//536 325//536
f 324//537 333//537 100//537
f 324//538 325//538 331//538
f 324//539 331//539 334//539
f 324//540 334//540 333//540
f 103//541 102//541 335//541
f 103//542 335//542 336//542
f 103//543 336//543 326//543
f 326//544 336//544 337//544
f 326//545 337//545 338//545
f 326//546 338//546 339//546
f 326//547 339//547 327//547
f 327//548 339//548 340//548
f 327//549 340//549 341//549
f 327//550 341//550 328//550
f 328//551 341//551 340//551
f 328//552 340//552 329//552
f 100//553 333//553 101//553
f 329//554 340//554 332//554
f 330//555 332//555 340//555
f 330//556 340//556 331//556
f 331//557 340//557 342//557
f 331//558 342//558 343//558
f 331//559 343//559 344//559
f 331//560 344//560 334//560
f 333//561 345//561 101//561
f 333//562 334//562 344//562
f 333//563 344//563 343//563
f 333//564 343//564 345//564
f 102//565 101//565 335//565
f 335//566 101//566 345//566
f 335//567 345//567 342//567
f 335//568 342//568 346//568
f 335//569 346//569 336//569
f 336//570 346//570 337//570
f 337//571 346//571 340//571
f 337//572 340//572 338//572
f 338//573 340//573 339//573
f 340//574 346//574 342//574
f 342//575 345//575 343//575
o geometry3
v -0.056285862 0.006771753 0.017182998
v -0.057037544 0.00671347 0.017182998
v -0.057770163 0.0065369057 0.017182998
v -0.058466014 0.0062489174 0.017182998
v -0.059107393 0.0058563626 0.017182998
v -0.059680685 0.005366097 0.017182998
v -0.06016955 0.0047935494 0.017182998
v -0.060563095 0.004152433 0.017182998
v -0.060851783 0.0034564622 0.017182998
v -0.06102745 0.0027227784 0.017182998
v -0.061086003 0.0019719522 0.017182998
v -0.06102745 0.0012211262 0.017182998
v -0.060851783 0.0004891566 0.017182998
v -0.060563095 -0.0002068145 0.017182998
v -0.06016955 -0.0008479307 0.017182998
v -0.059680685 -0.0014204783 0.017182998
v -0.059107393 -0.0019090296 0.017182998
v -0.058466014 -0.002303299 0.017182998
v -0.057770163 -0.002591287 0.017182998
v -0.057037544 -0.0027661368 0.017182998
v -0.056285862 -0.0028261344 0.017182998
v -0.055535544 -0.0027661368 0.017182998
v -0.054804288 -0.002591287 0.017182998
v -0.054108437 -0.002303299 0.017182998
v -0.053465694 -0.0019090296 0.017182998
v -0.052893765 -0.0014204783 0.017182998
v -0.0524049 -0.0008479307 0.017182998
v -0.052011356 -0.0002068145 0.017182998
v -0.051722664 0.0004891566 0.017182998
v -0.051547002 0.0012211262 0.017182998
v -0.051487084 0.0019719522 0.017182998
v -0.051547002 0.0027227784 0.017182998
v -0.051722664 0.0034564622 0.017182998
v -0.052011356 0.004152433 0.017182998
v -0.0524049 0.0047935494 0.017182998
v -0.052893765 0.005366097 0.017182998
v -0.053465694 0.0058563626 0.017182998
v -0.054108437 0.0062489174 0.017182998
v -0.054804288 0.0065369057 0.017182998
v -0.055535544 0.00671347 0.017182998
v -0.056285862 0.007088883 0.017139874
v -0.05708657 0.007025457 0.017139874
v -0.057866845 0.0068386076 0.017139874
v -0.054706242 0.0068386076 0.017139874
v -0.055486523 0.007025457 0.017139874
v -0.055427965 0.0073957276 0.016964067
v -0.056285862 0.0074625816 0.016964067
v -0.057145122 0.0073957276 0.016964067
v -0.057982594 0.00719345 0.016964067
v -0.058779214 0.0068643205 0.016964067
v -0.058608994 0.006531763 0.017139874
v -0.053795237 0.0068643205 0.016964067
v -0.054591857 0.00719345 0.016964067
v -0.053965457 0.006531763 0.017139874
v -0.05450062 0.0074711526 0.016672157
v -0.055381667 0.007683715 0.016672157
v -0.056285862 0.007753998 0.016672157
v -0.05719142 0.007683715 0.016672157
v -0.05807247 0.0074711526 0.016672157
v -0.0589113 0.0071248813 0.016672157
v -0.059684772 0.0066500437 0.016672157
v -0.059513193 0.006413482 0.016964067
v -0.05929395 0.0061117806 0.017139874
v -0.0532805 0.0061117806 0.017139874
v -0.053061258 0.006413482 0.016964067
v -0.05288968 0.0066500437 0.016672157
v -0.05366315 0.0071248813 0.016672157
v -0.05444615 0.0076391455 0.016298978
v -0.04869279 0.0068643205 0.013512572
v -0.04869279 0.0072740177 0.012751287
v -0.05535443 0.0078568505 0.016298978
v -0.056285862 0.007930562 0.016298978
v -0.058126938 0.0076391455 0.016298978
v -0.057218656 0.0078568505 0.016298978
v -0.058991645 0.007280875 0.016298978
v -0.059788264 0.0067923237 0.016298978
v -0.060499094 0.0061854916 0.016298978
v -0.060375176 0.006060354 0.016672157
v -0.06016819 0.005854648 0.016964067
v -0.059904013 0.005590659 0.017139874
v -0.052669078 0.005590659 0.017139874
v -0.05240626 0.005854648 0.016964067
v -0.04869279 0.004395852 0.015912531
v -0.04869279 0.0051209643 0.015429885
v -0.04869279 0.005780937 0.014862653
v -0.04869279 0.00636377 0.0142207835
v -0.04869143 0.007586005 0.011946877
v -0.048375506 -0.009497858 0.01195683
v -0.04869143 0.0077985674 0.011110956
v -0.05534762 0.007897992 0.01598219
v -0.056285862 0.007973418 0.01598219
v -0.056405697 0.007971703 0.01598219
v -0.057755183 0.0077899965 0.01598219
v -0.058140557 0.007678573 0.01598219
v -0.05901071 0.007318588 0.01598219
v -0.057225466 0.007897992 0.01598219
v -0.059028413 0.0073083024 0.01598219
v -0.059812777 0.006826608 0.01598219
v -0.060161382 0.006554048 0.01598219
v -0.060529053 0.0062146336 0.01598219
v -0.061094172 0.0055615176 0.01598219
v -0.06110643 0.0054740924 0.016298978
v -0.060963448 0.00537124 0.016672157
v -0.060727865 0.0051998184 0.016964067
v -0.060425557 0.004980399 0.017139874
v -0.05214889 0.004980399 0.017139874
v -0.04869143 0.0027896327 0.01659752
v -0.04869143 0.00361417 0.016303955
v -0.04870777 -0.009393291 0.012260349
v -0.048607 -0.009460145 0.012074588
v -0.048572958 -0.009473858 0.012034782
v -0.048454486 -0.009506429 0.01193195
v -0.04847627 -0.009538999 0.011654968
v -0.04847627 -0.009538999 0.005767028
v -0.048470825 -0.009503 0.0054784357
v -0.048382312 -0.009213298 0.011144128
v -0.04869143 0.007908277 0.007163548
v -0.048690066 0.007920277 0.008021031
v -0.048690066 0.007920277 0.009400966
v -0.04869143 0.007908277 0.010258448
v -0.04869143 0.0019308112 0.01678826
v -0.04869143 0.0010514191 0.016874503
v -0.048690066 -0.00072793575 0.016871188
v -0.048690066 -0.0025227184 0.01687948
v -0.048690066 -0.0034243953 0.016828064
v -0.048690066 -0.0043140724 0.016667182
v -0.048688706 -0.005179751 0.016398493
v -0.048688706 -0.0060042883 0.016028631
v -0.048688706 -0.0067756847 0.015562572
v -0.048688706 -0.007481941 0.015008607
v -0.048688706 -0.008112772 0.014375031
v -0.048688706 -0.008656179 0.0136734545
v -0.048688706 -0.009103588 0.012913827
v -0.048749983 -0.0093058655 0.01247928
v -0.04910131 0.007925419 0.008969735
v -0.049119014 0.007927134 0.007374187
v -0.056285862 0.007973418 0.0014398056
v -0.056405697 0.007971703 0.0014398056
v -0.057225466 0.007897992 0.0014398056
v -0.057755183 0.0077899965 0.0014398056
v -0.058140557 0.007678573 0.0014398056
v -0.05901071 0.007318588 0.0014398056
v -0.059028413 0.0073083024 0.0014398056
v -0.059812777 0.006826608 0.0014398056
v -0.060161382 0.006554048 0.0014398056
v -0.060529053 0.0062146336 0.0014398056
v -0.061094172 0.0055615176 0.0014398056
v -0.061140474 0.005499806 0.0014398056
v -0.061140474 0.005499806 0.01598219
v -0.061593935 0.0046769828 0.016298978
v -0.061437335 0.004598129 0.016672157
v -0.061178602 0.0044644205 0.016964067
v -0.060844976 0.004294713 0.017139874
v -0.051728114 0.004294713 0.017139874
v -0.048917476 -0.009386433 0.012147565
v -0.04896786 -0.009273295 0.012457719
v -0.04884803 -0.00943786 0.011996635
v -0.048749983 -0.009480716 0.011858974
v -0.048623342 -0.009515 0.011742873
v -0.048623342 -0.009515 0.005679123
v -0.04847491 -0.009503 0.0054751188
v -0.048688706 -0.009103588 0.0045081694
v -0.048688706 -0.008656179 0.0037485422
v -0.048688706 -0.008112772 0.0030469648
v -0.048688706 -0.007481941 0.0024133893
v -0.048688706 -0.0067756847 0.0018594251
v -0.048688706 -0.0060042883 0.0013933657
v -0.048688706 -0.005179751 0.0010235035
v -0.048690066 -0.0043140724 0.0007548146
v -0.048690066 -0.0034243953 0.00059393235
v -0.048690066 -0.0025227184 0.0005425168
v -0.048690066 -0.00072793575 0.0005508093
v -0.04869143 0.0010514191 0.0005474929
v -0.04869143 0.0019308112 0.000633738
v -0.04869143 0.0027896327 0.00082447473
v -0.04869143 0.00361417 0.001118042
v -0.04869279 0.004395852 0.0015094657
v -0.04869279 0.0051209643 0.001992111
v -0.04869279 0.005780937 0.0025593438
v -0.04869279 0.00636377 0.0032012123
v -0.04869279 0.0068643205 0.003909424
v -0.04869279 0.0072740177 0.00467071
v -0.04869143 0.007586005 0.0054751188
v -0.04869143 0.0077985674 0.0063110404
v -0.05534762 0.007897992 0.0014398056
v -0.05142172 0.0035541723 0.017139874
v -0.054706242 -0.0028929887 0.017139874
v -0.05548516 -0.0030815525 0.017139874
v -0.05542388 -0.004043227 0.01692592
v -0.054924123 -0.0043415 0.016839674
v -0.054293636 -0.0047186273 0.016713623
v -0.053221945 -0.0053597437 0.016454885
v -0.052222427 -0.0059597185 0.016151365
v -0.051289633 -0.0065168384 0.01580638
v -0.050836172 -0.0067893984 0.015613986
v -0.05041948 -0.0070396736 0.015419934
v -0.04960788 -0.007528225 0.014990363
v -0.048827603 -0.00799792 0.014506059
v -0.048843943 -0.00800992 0.01449279
v -0.048822157 -0.008112772 0.014376691
v -0.0488099 -0.008356191 0.014084781
v -0.048789475 -0.008719604 0.013580574
v -0.04876905 -0.009036734 0.013046512
v -0.05535443 0.0078568505 0.0011230181
v -0.056285862 0.007930562 0.0011230181
v -0.057218656 0.0078568505 0.0011230181
v -0.058126938 0.0076391455 0.0011230181
v -0.058991645 0.007280875 0.0011230181
v -0.059788264 0.0067923237 0.0011230181
v -0.060499094 0.0061854916 0.0011230181
v -0.06110643 0.0054740924 0.0011230181
v -0.061632063 0.0046958392 0.0014398056
v -0.061632063 0.0046958392 0.01598219
v -0.06177913 0.0043855663 0.01598219
v -0.061952073 0.0038130186 0.016298978
v -0.061784577 0.0037598782 0.016672157
v -0.061508145 0.003669025 0.016964067
v -0.06115273 0.0035541723 0.017139874
v -0.058991645 -0.0033352561 0.016289027
v -0.05901071 -0.0033712545 0.01598219
v -0.048986927 -0.009005878 0.013019975
v -0.053378545 -0.006132854 0.015599059
v -0.054179247 -0.005642589 0.01599546
v -0.05424461 -0.0056940154 0.015814675
v -0.05588415 -0.0048540505 0.016151365
v -0.05590594 -0.0048814774 0.016045216
v -0.04884803 -0.00943786 0.005425361
v -0.048749983 -0.009480716 0.005563023
v -0.05901071 -0.0033712545 0.0014398056
v -0.048572958 -0.009473858 0.0053888727
v -0.04862879 -0.009449859 0.005317554
v -0.04871594 -0.00938472 0.0051400866
v -0.048749983 -0.0093058655 0.004942716
v -0.04876905 -0.009036734 0.0043754834
v -0.048789475 -0.008719604 0.003841422
v -0.0488099 -0.008356191 0.0033372156
v -0.048822157 -0.008112772 0.003045306
v -0.048827603 -0.00799792 0.0029159375
v -0.04959154 -0.007536796 0.0024432437
v -0.050443992 -0.0070208176 0.0019987454
v -0.050838895 -0.0067825415 0.0018163021
v -0.051384956 -0.0064551267 0.0015874188
v -0.05230413 -0.0059048636 0.0012540454
v -0.05342212 -0.0052397484 0.00092233066
v -0.05452377 -0.00458149 0.0006619338
v -0.054924123 -0.0043415 0.00058398116
v -0.05542388 -0.004043227 0.0004960764
v -0.05548516 -0.0030815525 0.0002821209
v -0.054706242 -0.0028929887 0.0002821209
v -0.054804288 -0.002591287 0.00024065655
v -0.054108437 -0.002303299 0.00024065655
v -0.053465694 -0.0019090296 0.00024065655
v -0.052893765 -0.0014204783 0.00024065655
v -0.0524049 -0.0008479307 0.00024065655
v -0.052011356 -0.0002068145 0.00024065655
v -0.051722664 0.0004891566 0.00024065655
v -0.051547002 0.0012211262 0.00024065655
v -0.051487084 0.0019719522 0.00024065655
v -0.051547002 0.0027227784 0.00024065655
v -0.051722664 0.0034564622 0.00024065655
v -0.05142172 0.0035541723 0.0002821209
v -0.051728114 0.004294713 0.0002821209
v -0.05214889 0.004980399 0.0002821209
v -0.052669078 0.005590659 0.0002821209
v -0.05240626 0.005854648 0.00045792945
v -0.053061258 0.006413482 0.00045792945
v -0.05288968 0.0066500437 0.00074983854
v -0.05366315 0.0071248813 0.00074983854
v -0.05450062 0.0074711526 0.00074983854
v -0.05444615 0.0076391455 0.0011230181
v -0.056285862 -0.0031449783 0.017139874
v -0.05555461 -0.004295216 0.016841333
v -0.05708657 -0.0030815525 0.017139874
v -0.05479203 -0.0048403367 0.016635668
v -0.05393005 -0.0053271735 0.016434982
v -0.053068068 -0.0058140103 0.016197804
v -0.052212894 -0.0062957047 0.015920823
v -0.051368613 -0.0067722565 0.015597401
v -0.05053931 -0.0072385226 0.01522588
v -0.049729075 -0.0076945038 0.014799627
v -0.049007352 -0.008692177 0.013552379
v -0.055381667 0.007683715 0.00074983854
v -0.056285862 0.007753998 0.00074983854
v -0.05719142 0.007683715 0.00074983854
v -0.05807247 0.0074711526 0.00074983854
v -0.0589113 0.0071248813 0.00074983854
v -0.059684772 0.0066500437 0.00074983854
v -0.060375176 0.006060354 0.00074983854
v -0.060963448 0.00537124 0.00074983854
v -0.061437335 0.004598129 0.00074983854
v -0.061593935 0.0046769828 0.0011230181
v -0.06177913 0.0043855663 0.0014398056
v -0.061992925 0.0038267323 0.0014398056
v -0.061992925 0.0038267323 0.01598219
v -0.06206237 0.0035987417 0.01598219
v -0.06216995 0.002904485 0.016298978
v -0.06199701 0.0028770575 0.016672157
v -0.06170832 0.0028307738 0.016964067
v -0.06134065 0.0027724905 0.017139874
v -0.058912665 -0.0031809767 0.016667182
v -0.059789624 -0.002846705 0.016289027
v -0.05584602 -0.0047991956 0.016303955
v -0.059812777 -0.002879275 0.01598219
v -0.059774645 -0.0029067025 0.014122928
v -0.059774645 -0.0029067025 0.0014398056
v -0.05153066 -0.0069248215 0.015348615
v -0.052379027 -0.0064756973 0.015662085
v -0.053238284 -0.0060214303 0.015932433
v -0.054104354 -0.005562021 0.016162975
v -0.048917476 -0.009386433 0.005274431
v -0.048702322 -0.009398433 0.0051782336
v -0.04896786 -0.009273295 0.004964277
v -0.048986927 -0.009005878 0.0044020205
v -0.049007352 -0.008692177 0.0038696178
v -0.05053931 -0.0072385226 0.002196116
v -0.049729075 -0.0076945038 0.0026223697
v -0.051368613 -0.0067722565 0.001824595
v -0.052212894 -0.0062957047 0.0015011732
v -0.053068068 -0.0058140103 0.0012241909
v -0.05479203 -0.0048403367 0.00078632776
v -0.05393005 -0.0053271735 0.0009870147
v -0.055553246 -0.0042917877 0.0005790051
v -0.056285862 -0.0031449783 0.0002821209
v -0.05708657 -0.0030815525 0.0002821209
v -0.056285862 -0.0028261344 0.00024065655
v -0.055535544 -0.0027661368 0.00024065655
v -0.057037544 -0.0027661368 0.00024065655
v -0.057770163 -0.002591287 0.00024065655
v -0.058466014 -0.002303299 0.00024065655
v -0.059107393 -0.0019090296 0.00024065655
v -0.059680685 -0.0014204783 0.00024065655
v -0.06016955 -0.0008479307 0.00024065655
v -0.060563095 -0.0002068145 0.00024065655
v -0.060851783 0.0004891566 0.00024065655
v -0.06102745 0.0012211262 0.00024065655
v -0.061086003 0.0019719522 0.00024065655
v -0.06102745 0.0027227784 0.00024065655
v -0.060851783 0.0034564622 0.00024065655
v -0.060563095 0.004152433 0.00024065655
v -0.06016955 0.0047935494 0.00024065655
v -0.059680685 0.005366097 0.00024065655
v -0.059107393 0.0058563626 0.00024065655
v -0.058466014 0.0062489174 0.00024065655
v -0.057770163 0.0065369057 0.00024065655
v -0.057037544 0.00671347 0.00024065655
v -0.056285862 0.006771753 0.00024065655
v -0.055535544 0.00671347 0.00024065655
v -0.054804288 0.0065369057 0.00024065655
v -0.054108437 0.0062489174 0.00024065655
v -0.053465694 0.0058563626 0.00024065655
v -0.052893765 0.005366097 0.00024065655
v -0.0524049 0.0047935494 0.00024065655
v -0.052011356 0.004152433 0.00024065655
v -0.0532805 0.0061117806 0.0002821209
v -0.053795237 0.0068643205 0.00045792945
v -0.055427965 0.0073957276 0.00045792945
v -0.054591857 0.00719345 0.00045792945
v -0.055668995 -0.0045026364 0.01670367
v -0.05786821 -0.0028929887 0.017139874
v -0.057983957 -0.0032512597 0.01696075
v -0.054018565 -0.00545574 0.016312247
v -0.050697275 -0.0073636603 0.014988704
v -0.056285862 0.0074625816 0.00045792945
v -0.057145122 0.0073957276 0.00045792945
v -0.057982594 0.00719345 0.00045792945
v -0.058779214 0.0068643205 0.00045792945
v -0.059513193 0.006413482 0.00045792945
v -0.06016819 0.005854648 0.00045792945
v -0.060727865 0.0051998184 0.00045792945
v -0.061178602 0.0044644205 0.00045792945
v -0.061508145 0.003669025 0.00045792945
v -0.061784577 0.0037598782 0.00074983854
v -0.061952073 0.0038130186 0.0011230181
v -0.06206237 0.0035987417 0.0014398056
v -0.062182207 0.0030844775 0.0014398056
v -0.062182207 0.0030844775 0.01598219
v -0.062212165 0.0029113418 0.01598219
v -0.062246207 0.0019719522 0.016289027
v -0.062071905 0.0019719522 0.016667182
v -0.061780494 0.0019719522 0.01696075
v -0.061404653 0.0019719522 0.017139874
v -0.058780573 -0.0029204162 0.01696075
v -0.059687495 -0.0027061393 0.016667182
v -0.0557684 -0.0046740575 0.016519569
v -0.05573436 -0.004617489 0.016590888
v -0.060500454 -0.0022398732 0.016289027
v -0.060529053 -0.0022690147 0.01598219
v -0.060529053 -0.0022690147 0.0014398056
v -0.059812777 -0.002879275 0.0014398056
v -0.058991645 -0.0033352561 0.0011329693
v -0.05591683 -0.004893477 0.001443123
v -0.055856913 -0.0048146234 0.0011561895
v -0.05424461 -0.0056940154 0.0016073217
v -0.054179247 -0.005642589 0.001426537
v -0.053378545 -0.006132854 0.0018229368
v -0.052379027 -0.0064756973 0.001759911
v -0.05153066 -0.0069248215 0.0020733816
v -0.050697275 -0.0073636603 0.002433292
v -0.053238284 -0.0060214303 0.0014895629
v -0.054018565 -0.00545574 0.0011097495
v -0.055678528 -0.0045197783 0.00073159393
v -0.057983957 -0.0032512597 0.00046124682
v -0.05786821 -0.0028929887 0.0002821209
v -0.053965457 0.006531763 0.0002821209
v -0.054706242 0.0068386076 0.0002821209
v -0.055486523 0.007025457 0.0002821209
v -0.056285862 0.007088883 0.0002821209
v -0.058610357 -0.0025861445 0.017139874
v -0.05708657 0.007025457 0.0002821209
v -0.057866845 0.0068386076 0.0002821209
v -0.058608994 0.006531763 0.0002821209
v -0.05929395 0.0061117806 0.0002821209
v -0.059904013 0.005590659 0.0002821209
v -0.060425557 0.004980399 0.0002821209
v -0.060844976 0.004294713 0.0002821209
v -0.06115273 0.0035541723 0.0002821209
v -0.06134065 0.0027724905 0.0002821209
v -0.06170832 0.0028307738 0.00045792945
v -0.06199701 0.0028770575 0.00074983854
v -0.06216995 0.002904485 0.0011230181
v -0.062212165 0.0029113418 0.0014398056
v -0.0622857 0.0019719522 0.0014398056
v -0.0622857 0.0019719522 0.01598219
v -0.062281612 0.0017268197 0.01598219
v -0.062172674 0.0010394196 0.016289027
v -0.062001094 0.001066847 0.016667182
v -0.061712407 0.0011131307 0.01696075
v -0.061342012 0.001171414 0.017139874
v -0.059515916 -0.0024695778 0.01696075
v -0.06017091 -0.0019107438 0.01696075
v -0.0603779 -0.0021164496 0.016667182
v -0.06096753 -0.0014273352 0.016667182
v -0.061107792 -0.0015284739 0.016289027
v -0.06078506 -0.0019947402 0.01598219
v -0.06078506 -0.0019947402 0.0014398056
v -0.059789624 -0.002846705 0.0011329693
v -0.058912665 -0.0031809767 0.0007548146
v -0.0557684 -0.0046740575 0.00090242736
v -0.054104354 -0.005562021 0.001259021
v -0.05573436 -0.004617489 0.00083110854
v -0.058780573 -0.0029204162 0.00046124682
v -0.058610357 -0.0025861445 0.0002821209
v -0.05929531 -0.0021661618 0.017139874
v -0.06140329 0.0019719522 0.0002821209
v -0.061776407 0.0019719522 0.00045792945
v -0.06206782 0.0019719522 0.00074983854
v -0.062243484 0.0019719522 0.0011230181
v -0.062281612 0.0017268197 0.0014398056
v -0.062212165 0.0010342769 0.0014398056
v -0.062212165 0.0010342769 0.01598219
v -0.062071905 0.00038287533 0.01598219
v -0.061954796 0.0001308858 0.016289027
v -0.061788663 0.00018402643 0.016667182
v -0.06151087 0.00027487986 0.01696075
v -0.06115409 0.0003914464 0.017139874
v -0.059905373 -0.0016450405 0.017139874
v -0.06042692 -0.0010347802 0.017139874
v -0.060730588 -0.0012541995 0.01696075
v -0.061181325 -0.00052222994 0.01696075
v -0.061441418 -0.0006542245 0.016667182
v -0.061596658 -0.00073307834 0.016289027
v -0.061563976 -0.0008787866 0.01598219
v -0.061140474 -0.0015524729 0.01598219
v -0.061140474 -0.0015524729 0.0014398056
v -0.060500454 -0.0022398732 0.0011329693
v -0.059687495 -0.0027061393 0.0007548146
v -0.059515916 -0.0024695778 0.00046124682
v -0.05929531 -0.0021661618 0.0002821209
v -0.061342012 0.001171414 0.0002821209
v -0.061712407 0.0011131307 0.00046124682
v -0.062001094 0.001066847 0.0007548146
v -0.062172674 0.0010394196 0.0011329693
v -0.062071905 0.00038287533 0.0014398056
v -0.061992925 0.000118886295 0.0014398056
v -0.061992925 0.000118886295 0.01598219
v -0.061632063 -0.0007519347 0.01598219
v -0.060846336 -0.00035080852 0.017139874
v -0.061632063 -0.0007519347 0.0014398056
v -0.061563976 -0.0008787866 0.0014398056
v -0.061107792 -0.0015284739 0.0011329693
v -0.06096753 -0.0014273352 0.0007548146
v -0.0603779 -0.0021164496 0.0007548146
v -0.06017091 -0.0019107438 0.00046124682
v -0.059905373 -0.0016450405 0.0002821209
v -0.06115409 0.0003914464 0.0002821209
v -0.06151087 0.00027487986 0.00046124682
v -0.061788663 0.00018402643 0.0007548146
v -0.061954796 0.0001308858 0.0011329693
v -0.061596658 -0.00073307834 0.0011329693
v -0.061441418 -0.0006542245 0.0007548146
v -0.061181325 -0.00052222994 0.00046124682
v -0.060730588 -0.0012541995 0.00046124682
v -0.06042692 -0.0010347802 0.0002821209
v -0.060846336 -0.00035080852 0.0002821209
vn 0 0 1
vn 0 0 0.99999994
vn 0.010465896 0.13473465 0.99082655
vn -0.010446914 0.13473466 0.99082667
vn -0.010714398 0.13526165 0.9907519
vn -0.031604316 0.1319786 0.9907486
vn -0.031684592 0.13146907 0.99081385
vn 0.031604256 0.13197899 0.9907486
vn 0.010732512 0.13525897 0.9907523
vn 0.031707916 0.13132098 0.9908327
vn 0.033669077 0.42432246 0.90488505
vn 0.03315537 0.42546263 0.90436846
vn -0.033102818 0.42546338 0.90437
vn -0.03361225 0.4243308 0.9048831
vn -0.09913088 0.4139673 0.9048779
vn -0.10029743 0.4152521 0.9041604
vn -0.16310474 0.39477623 0.9041839
vn -0.16312914 0.39455158 0.9042776
vn -0.051703405 0.12505221 0.99080205
vn -0.051703446 0.12492831 0.99081767
vn 0.16329148 0.39522818 0.9039527
vn 0.10052036 0.41549754 0.90402293
vn 0.099130236 0.41396666 0.9048784
vn 0.05166494 0.12483525 0.99083143
vn 0.05173968 0.12491005 0.9908181
vn 0.16337842 0.39442852 0.9042862
vn 0.16615109 0.6886771 0.7057746
vn 0.055049416 0.70641536 0.7056535
vn 0.166426 0.6879163 0.7064514
vn 0.054926943 0.7066365 0.7054416
vn -0.05484449 0.7066397 0.7054448
vn -0.054962873 0.7064257 0.70565
vn -0.16615044 0.6886772 0.7057746
vn -0.16626337 0.6883647 0.7060528
vn -0.27031225 0.6542597 0.70631117
vn -0.27023792 0.65464264 0.7059848
vn -0.37043104 0.60307336 0.7064584
vn -0.22372247 0.3642272 0.9040391
vn -0.22311172 0.3638776 0.90433085
vn -0.37042072 0.60338444 0.7061981
vn -0.07084114 0.115536325 0.9907739
vn -0.07061134 0.11536904 0.9908098
vn 0.22311172 0.3638776 0.90433085
vn 0.22372247 0.3642272 0.9040391
vn 0.37043104 0.60307336 0.7064584
vn 0.37042072 0.60338444 0.7061981
vn 0.27048546 0.65418017 0.70631856
vn 0.2701994 0.6539865 0.7066073
vn 0.07049698 0.11542704 0.9908111
vn 0.07099868 0.115793265 0.9907326
vn 0.21210624 0.8791558 0.42672706
vn 0.3383272 0.81825817 0.46474537
vn 0.33019724 0.8311901 0.44731745
vn 0.31727538 0.846559 0.4274041
vn 0.2110968 0.8807116 0.42401072
vn 0.071446165 0.9028069 0.42406967
vn 0.070089795 0.901707 0.4266286
vn -0.06998478 0.90171367 0.42663175
vn -0.2121056 0.87915695 0.42672536
vn -0.0713425 0.9028166 0.42406666
vn -0.2110968 0.8807116 0.42401072
vn -0.34509015 0.8359697 0.42669368
vn -0.34660602 0.83655417 0.4243129
vn -0.47334397 0.77182305 0.42454043
vn -0.47349006 0.77127576 0.42537135
vn -0.5876049 0.68830776 0.4253856
vn -0.58763695 0.688001 0.42583743
vn -0.46007955 0.5386577 0.70581484
vn -0.45940852 0.53846437 0.7063992
vn -0.27744356 0.32518652 0.90403473
vn -0.27733514 0.32466772 0.9042544
vn -0.087992445 0.10301005 0.9907807
vn -0.08793122 0.10282247 0.9908056
vn 0.088114515 0.10338287 0.990731
vn 0.27727076 0.32531586 0.9040412
vn 0.27769065 0.3254761 0.9038546
vn 0.40809563 0.47832143 0.777603
vn 0.41512188 0.5040958 0.7573382
vn 0.417237 0.57040536 0.7074963
vn 0.41937214 0.5917241 0.6884692
vn 0.40771502 0.6641338 0.62665355
vn 0.40649745 0.67640674 0.6141936
vn 0.37912357 0.7556578 0.5340848
vn 0.087803 0.10242835 0.9908577
vn 0.27176124 0.89708894 0.3483924
vn 0.223481 0.9323794 0.28412113
vn 0.9997526 0.018165676 0.012839162
vn 0.9997806 0.018443253 0.009925514
vn 0.99978966 0.018493768 0.008862738
vn 0.110100046 0.98533815 0.13033257
vn 0.0794517 0.9883176 0.13006069
vn 0.078183405 0.98793983 0.13365076
vn 0.19646025 0.9502704 0.24163938
vn -0.014177127 0.9908735 0.13404763
vn -0.07779607 0.98448443 0.15728381
vn -0.22900942 0.9554444 0.1862274
vn -0.27538314 0.9524518 0.13038222
vn -0.3790205 0.9161657 0.13032171
vn -0.37942988 0.9157764 0.13185778
vn -0.08879417 0.9875095 0.13015656
vn -0.19805765 0.97147465 0.13042289
vn -0.4979806 0.85708225 0.13200532
vn -0.51813126 0.84485203 0.13328525
vn -0.6105716 0.7809235 0.13176027
vn -0.6375523 0.7468151 0.1891936
vn -0.5187678 0.84473157 0.13156228
vn -0.7497381 0.6487229 0.13058071
vn -0.7521541 0.64212734 0.14811035
vn -0.68823695 0.58756006 0.42556202
vn -0.6724969 0.7284834 0.1306133
vn -0.6882349 0.5875213 0.42561892
vn -0.5391233 0.4602301 0.7053612
vn -0.53837085 0.46013713 0.7059962
vn -0.32457137 0.2774061 0.9042673
vn -0.32456076 0.27737808 0.9042797
vn -0.10289641 0.08793795 0.9907973
vn -0.10282375 0.08779538 0.9908174
vn 0.102609925 0.0876128 0.9908558
vn 0.10288954 0.08770346 0.9908188
vn 0.31126055 0.26531976 0.91253614
vn 0.32166892 0.28176135 0.90395766
vn 0.3467579 0.3146016 0.88362026
vn 0.39443815 0.4119931 0.8213892
vn 0.9995243 0.015182021 0.026846679
vn 0.99958366 0.01598814 0.024020094
vn 0.9996599 0.016997857 0.019776952
vn 0.9997141 0.017703077 0.01607482
vn 0.99981797 0.018491868 0.0047022034
vn 0.026064776 -0.9360112 0.35100362
vn 0.020526348 -0.9397281 0.3413062
vn 0.006105303 -0.9512603 0.30832878
vn 0.07264855 -0.9911796 0.11083848
vn 0.37799504 -0.9258077 0
vn 0.96592844 -0.25843045 -0.01400691
vn 0.99972904 -0.018057462 -0.0146950465
vn 0.9998438 0.017531874 -0.002234733
vn 0.99984264 0.017641472 -0.0018366715
vn 0.999837 0.018056385 0
vn 0.9998303 0.018327173 0.0018462468
vn 0.9998283 0.018377757 0.0023650506
vn 0.99930894 0.0124677345 0.03501801
vn 0.99903727 0.009511545 0.042826816
vn 0.99858093 0.005197942 0.053000815
vn 0.99803054 0.0006478679 0.062726095
vn 0.9979908 0.00029272592 0.06335732
vn 0.99758464 -0.0039545237 0.06934948
vn 0.99643004 -0.015022541 0.083074614
vn 0.994738 -0.028941415 0.09827945
vn 0.990739 -0.05557196 0.12388721
vn 0.98303294 -0.094855286 0.15699916
vn 0.96526355 -0.1612521 0.20558237
vn 0.91793853 -0.28113347 0.27991557
vn 0.7763354 -0.49832284 0.3859762
vn 0.42239264 -0.7810125 0.46000442
vn 0.10365552 -0.90721977 0.40768594
vn 0.056121837 -0.9234547 0.37958118
vn 0.107596695 0.9860629 0.12689713
vn 0.07977334 0.9923185 0.094552346
vn 0.01914231 0.9997184 0.014021056
vn 0.009487151 0.9999509 0.0028755597
vn 0.00764661 0.99997026 0.0009897212
vn 0.0064579267 0.99997914 0
vn -0.014306233 0.99989766 0
vn -0.08955599 0.9959818 0
vn -0.19976395 0.9798441 0
vn -0.2777541 0.9606522 0
vn -0.3822807 0.9240462 0
vn -0.5023769 0.8646487 0
vn -0.52331644 0.85213846 0
vn -0.6159417 0.7877918 0
vn -0.6783077 0.7347779 0
vn -0.756213 0.6543254 0
vn -0.79988915 0.6001478 0
vn -0.79273206 0.5947778 0.13347317
vn -0.84553784 0.5171247 0.13284522
vn -0.7725977 0.472515 0.42405474
vn -0.7713987 0.47283724 0.42587423
vn -0.6043863 0.37046516 0.7053175
vn -0.60436887 0.37042788 0.70535195
vn -0.3639762 0.22308715 0.9042973
vn -0.3635777 0.22239266 0.9046286
vn -0.11581298 0.070840314 0.9907416
vn -0.11526187 0.07075244 0.9908121
vn 0.11526074 0.07075174 0.9908124
vn 0.115307614 0.07075922 0.9908064
vn 0.21455176 0.131661 0.96779794
vn 0.2789782 0.20820269 0.9374555
vn -0.16693899 -0.95309895 0.25245515
vn -0.1717156 -0.9258558 0.33660778
vn -0.19597901 -0.9310511 0.30779234
vn -0.16830905 -0.95411694 0.24765466
vn -0.15448424 -0.9673046 0.20113829
vn -0.1535238 -0.96923476 0.1923913
vn -0.12583928 -0.9782552 0.16486691
vn -0.08770694 -0.98850644 0.1231366
vn -0.12350581 -0.9802065 0.15473072
vn -0.1610515 -0.9869459 0
vn -0.16105153 -0.98694605 -0
vn -0.08820364 -0.98856336 -0.122321114
vn 0.098490156 -0.9877119 -0.121346466
vn 0.342834 -0.8390758 -0.42239386
vn 0.56256074 -0.7123757 -0.41957876
vn 0.8729004 -0.38572636 -0.298764
vn 0.9582729 -0.2025683 -0.20169099
vn 0.98293865 -0.11351773 -0.14472525
vn 0.9917646 -0.06622993 -0.1096202
vn 0.99552494 -0.038676757 -0.08622252
vn 0.99752074 -0.01942703 -0.067639336
vn 0.99827236 -0.010455556 -0.057818998
vn 0.9988312 -0.0027517145 -0.048256923
vn 0.99902767 0.00020369588 -0.044086184
vn 0.999065 0.00068497466 -0.04323079
vn 0.99931055 0.0036239312 -0.036951084
vn 0.9995321 0.0066320472 -0.02986181
vn 0.999664 0.008694576 -0.024420273
vn 0.9997779 0.0107995095 -0.018093834
vn 0.99979675 0.011173197 -0.016786275
vn 0.9998048 0.01131355 -0.016198054
vn 0.99981827 0.012425458 -0.014456987
vn 0.99983066 0.0136214085 -0.012368549
vn 0.9998392 0.0146490205 -0.010353687
vn 0.9998442 0.0155439135 -0.008365151
vn 0.9998452 0.015764186 -0.0078041614
vn 0.9998471 0.016943833 -0.0043085786
vn 0.99984384 0.017527036 -0.0022555704
vn 0.079773344 0.9923185 -0.09455233
vn 0.030033216 0.9991432 -0.028477982
vn 0.03714745 0.99921113 -0.014042585
vn 0.107596695 0.9860629 -0.12689713
vn 0.015982153 0.9998723 -0
vn 0.011509388 0.9999333 0.00094682496
vn 0.18781342 0.09586735 0.97751504
vn 0.1543794 0.06387349 0.98594487
vn 0.13003391 0.036797043 0.9908265
vn 0.12460351 0.029833227 0.99175805
vn 0.11260053 0.008985747 0.99359965
vn 0.11014604 0.0014260445 0.9939144
vn 0.9930884 0.0005422756 0.11736718
vn 0.09573621 -0.007639966 0.99537736
vn 0.08054389 -0.019329391 0.9965636
vn 0.07067555 -0.029316496 0.99706846
vn 0.063814715 -0.03917206 0.99719274
vn 0.058817945 -0.05022135 0.9970047
vn 0.057064723 -0.056837894 0.99675125
vn 0.05400404 -0.06322053 0.9965374
vn 0.04876999 -0.07950544 0.99564064
vn 0.043390278 -0.104841754 0.99354196
vn 0.03999392 -0.12863585 0.99088514
vn 0.03748823 -0.154856 0.98722553
vn 0.036153417 -0.1778298 0.98339695
vn 0.027919054 -0.23421426 0.97178406
vn 0.027802117 -0.2747609 0.9611106
vn 0.029300762 -0.29625964 0.9546579
vn 0.028845062 -0.2153294 0.9761154
vn 0.025114544 -0.33774295 0.9409032
vn 0.027589915 -0.40912274 0.91206217
vn 0.023854226 -0.49714231 0.86734104
vn 0.028756287 -0.5169082 0.8555577
vn 0.026324226 -0.41599122 0.9089875
vn 0.023498619 -0.55013466 0.8347453
vn 0.023109822 -0.58826995 0.8083343
vn 0.029276714 -0.61690164 0.7864955
vn 0.017241925 -0.6439159 0.76490206
vn 0.02111297 -0.7004774 0.71336234
vn 0.07937725 -0.70640403 0.7033439
vn 0.009080892 -0.7471758 0.66456443
vn 0.008257072 -0.74772465 0.66395754
vn 0.007966725 -0.76782465 0.6406105
vn 0.12048358 -0.784828 0.60788876
vn -0.027318256 -0.81146294 0.5837651
vn 0.0679359 -0.85670394 0.511315
vn 0.12026307 -0.85539794 0.5038164
vn -0.04640763 -0.90309465 0.42692676
vn -0.17461464 -0.89184487 0.4172798
vn 0.0794517 0.9883176 -0.1300607
vn 0.078183405 0.98793983 -0.13365076
vn -0.0141771175 0.9908735 -0.13404763
vn -0.077796064 0.98448443 -0.15728381
vn -0.08879417 0.9875095 -0.13015655
vn -0.19805765 0.97147465 -0.13042289
vn -0.22900942 0.9554444 -0.18622738
vn -0.27538314 0.9524518 -0.13038221
vn -0.37902057 0.91616577 -0.13032174
vn -0.49798065 0.8570822 -0.13200533
vn -0.37942988 0.9157765 -0.13185772
vn -0.51813126 0.84485203 -0.13328525
vn -0.5187678 0.84473157 -0.13156228
vn -0.6105716 0.7809235 -0.13176027
vn -0.6724969 0.7284833 -0.13061331
vn -0.6375523 0.74681515 -0.18919364
vn -0.7497381 0.6487229 -0.1305807
vn -0.79273206 0.5947778 -0.13347317
vn -0.75215405 0.64212734 -0.14811032
vn -0.8531513 0.5216636 0
vn -0.84562266 0.5170601 0.13255619
vn -0.8955948 0.42450517 0.13306151
vn -0.9079081 0.37635425 0.18455449
vn -0.83650076 0.34675387 0.42429724
vn -0.8363925 0.34647197 0.42474094
vn -0.6552388 0.2714298 0.7049738
vn -0.6551658 0.27144384 0.7050361
vn -0.3944782 0.16343755 0.9042539
vn -0.3935254 0.16354118 0.9046502
vn -0.12529005 0.052068006 0.99075294
vn -0.12512235 0.05190056 0.9907829
vn 0.12484171 0.05178482 0.99082434
vn 0.12516165 0.051784825 0.990784
vn -0.42112082 -0.8719659 0.2496649
vn -0.47011882 -0.8727364 0.13160333
vn -0.49092966 -0.86838275 0.069996186
vn -0.17708726 -0.89110523 0.41781753
vn -0.3279552 -0.8573822 0.39666244
vn -0.33021137 -0.8577888 0.393902
vn -0.34813505 -0.8609972 0.37079078
vn -0.37476826 -0.8651252 0.33332735
vn -0.3919132 -0.86806464 0.30474234
vn -0.41567305 -0.8708866 0.2622449
vn -0.40051016 -0.91629237 -0
vn -0.4005102 -0.9162923 0
vn -0.51256835 -0.8586464 0
vn -0.51256835 -0.85864645 -0
vn -0.26131025 -0.96525496 -0
vn -0.26131022 -0.9652549 0
vn -0.12749511 -0.9803656 -0.1504268
vn -0.0037178549 -0.9486468 -0.31631544
vn 0.056923937 -0.9278711 -0.36853084
vn 0.07827249 -0.92105573 -0.38148353
vn 0.13112693 -0.90570915 -0.40310887
vn -0.135179 -0.9750993 -0.17580642
vn 0.12026633 -0.8553975 -0.50381655
vn -0.04640563 -0.9030948 -0.42692655
vn 0.06794049 -0.85670364 -0.511315
vn -0.027313521 -0.8114626 -0.58376557
vn 0.12048322 -0.7848284 -0.6078883
vn 0.00825393 -0.7476181 -0.6640776
vn 0.07937523 -0.7064038 -0.7033442
vn 0.00796226 -0.7678243 -0.64061105
vn 0.01894384 -0.7002092 -0.7136864
vn 0.013460071 -0.6397617 -0.76845545
vn 0.0237307 -0.61699206 -0.78661144
vn 0.01808432 -0.588772 -0.80809677
vn 0.018479703 -0.5519625 -0.8336642
vn 0.024858668 -0.51696193 -0.8556474
vn 0.019935856 -0.4934927 -0.86952144
vn 0.023679517 -0.41402322 -0.9099583
vn 0.024682196 -0.4091543 -0.91213137
vn 0.024364393 -0.3322163 -0.94288844
vn 0.02878056 -0.29626536 -0.954672
vn 0.027572598 -0.26690736 -0.96332765
vn 0.027648205 -0.23968127 -0.97045785
vn 0.028845018 -0.21533032 -0.9761152
vn 0.036153547 -0.1778298 -0.98339695
vn 0.037488338 -0.15485649 -0.9872254
vn 0.040517576 -0.1231085 -0.99156576
vn 0.043190103 -0.10435808 -0.9936015
vn 0.048544046 -0.079137094 -0.9956811
vn 0.053753402 -0.0629271 -0.9965696
vn 0.0566732 -0.056838136 -0.9967736
vn 0.058498584 -0.049948655 -0.9970371
vn 0.06346811 -0.03895932 -0.99722314
vn 0.07029177 -0.02915729 -0.99710023
vn 0.08010701 -0.019224536 -0.9966009
vn 0.09521808 -0.007598606 -0.9954274
vn 0.10956327 0.0014256526 -0.99397874
vn 0.99308956 0.0005422325 -0.11735784
vn 0.112002775 0.0089380555 -0.99366766
vn 0.123944454 0.029675398 -0.9918453
vn 0.12608345 0.032416638 -0.9914898
vn 0.1543799 0.0638737 -0.9859447
vn 0.18781474 0.09586836 -0.9775147
vn 0.21455292 0.13166164 -0.96779764
vn 0.2789771 0.20820083 -0.9374562
vn 0.31126046 0.26531985 -0.9125362
vn 0.32166988 0.28176293 -0.90395683
vn 0.34675863 0.31460288 -0.88361955
vn 0.3944382 0.41199306 -0.82138914
vn 0.40809578 0.47832155 -0.77760285
vn 0.41512185 0.5040955 -0.7573384
vn 0.417237 0.5704038 -0.7074975
vn 0.41937235 0.59172434 -0.6884688
vn 0.40771517 0.66413414 -0.6266531
vn 0.4064976 0.67640626 -0.61419404
vn 0.3791236 0.755658 -0.5340846
vn 0.33832708 0.81825835 -0.46474507
vn 0.3301972 0.8311901 -0.44731718
vn 0.31727523 0.84655917 -0.42740375
vn 0.27176136 0.8970888 -0.34839246
vn 0.22348098 0.9323794 -0.28412113
vn 0.19646034 0.9502704 -0.24163947
vn 0.11010001 0.98533815 -0.13033253
vn 0.03120375 -0.1305002 0.990957
vn 0.03178477 -0.13129623 0.9908335
vn 0.0106970845 -0.13377549 0.990954
vn 0.01061634 -0.13402312 0.99092126
vn 0.017117888 -0.21610019 0.97622114
vn -0.020161772 -0.3087445 0.95093125
vn -0.019769555 -0.24957654 0.96815336
vn -0.04805149 -0.29536477 0.95417535
vn -0.0233648 -0.35183302 0.9357711
vn -0.037126657 -0.42673633 0.9036137
vn -0.04374232 -0.4056464 0.9129828
vn -0.045728542 -0.44884846 0.8924371
vn -0.047423694 -0.50408834 0.8623491
vn -0.039079085 -0.5021408 0.86390245
vn -0.052345652 -0.5660139 0.82273227
vn -0.03349531 -0.56610864 0.8236498
vn -0.052347507 -0.62262577 0.78076684
vn -0.04439354 -0.624357 0.77987665
vn -0.044596165 -0.65745264 0.75217503
vn -0.030922566 -0.6884845 0.7245915
vn -0.05497343 -0.6802042 0.73095846
vn -0.03296336 -0.74290323 0.6685868
vn -0.01683069 -0.7311657 0.6819922
vn -0.057311025 -0.73422045 0.6764879
vn -0.039589826 -0.7516086 0.65842015
vn -0.05664818 -0.7679489 0.6380012
vn -0.132699 -0.80660886 0.5759975
vn -0.17146271 -0.84996474 0.49815714
vn -0.16479582 -0.81379324 0.5572997
vn -0.17400786 -0.81673485 0.5501504
vn -0.1806206 -0.85040927 0.49414587
vn 0.21109687 0.88071185 -0.4240103
vn 0.07144619 0.9028071 -0.4240693
vn 0.07008981 0.9017072 -0.42662814
vn -0.0699848 0.9017139 -0.4266313
vn -0.07134252 0.90281683 -0.4240662
vn -0.21109687 0.88071185 -0.4240103
vn -0.21210562 0.879157 -0.42672488
vn -0.3450902 0.83596987 -0.42669323
vn -0.34660614 0.8365544 -0.42431238
vn -0.47334406 0.77182317 -0.42453995
vn -0.47349012 0.771276 -0.42537093
vn -0.587605 0.68830794 -0.42538515
vn -0.58763707 0.6880011 -0.42583698
vn -0.6882371 0.5875602 -0.42556158
vn -0.77139884 0.47283736 -0.4258738
vn -0.77259785 0.47251514 -0.42405432
vn -0.84553784 0.5171247 -0.13284522
vn -0.68823504 0.5875214 -0.42561853
vn -0.84562266 0.5170601 -0.13255619
vn -0.90363 0.4283138 0
vn -0.93398345 0.35731614 0
vn -0.9254751 0.3540611 0.13467252
vn -0.9478831 0.28872913 0.13473395
vn -0.9569077 0.229478 0.17795384
vn -0.8808211 0.21123156 0.42371613
vn -0.8800104 0.21175843 0.42513523
vn -0.68971777 0.16596799 0.7048008
vn -0.6881969 0.16434175 0.70666593
vn -0.4163751 0.099430576 0.90373963
vn -0.41507092 0.09978422 0.9043005
vn -0.1316943 0.031659685 0.9907847
vn -0.13143028 0.03146838 0.99082583
vn -0.4749054 -0.77569115 0.41565356
vn -0.5176236 -0.84546536 0.13135445
vn -0.4070825 -0.860632 0.30593517
vn -0.38895223 -0.8317171 0.3961856
vn -0.38523135 -0.8235155 0.41643596
vn -0.5185051 -0.8453104 0.1288517
vn -0.5228629 -0.8524148 0.0018511179
vn -0.51957864 -0.8544227 0
vn -0.24260648 -0.8398674 0.48555633
vn -0.28316733 -0.84781766 0.44835413
vn -0.31903535 -0.85490435 0.40909052
vn -0.3187841 -0.8536596 0.41187635
vn -0.3120164 -0.8466891 0.43100253
vn -0.28968474 -0.8055183 0.5169361
vn -0.3068777 -0.79684234 0.5204501
vn -0.35599905 -0.8475341 0.3936377
vn -0.36103114 -0.85445064 0.3735915
vn -0.17290278 -0.9538641 -0.2454548
vn -0.15369011 -0.966628 -0.20496252
vn -0.1524663 -0.96925104 -0.19314887
vn -0.4909297 -0.8683828 -0.06999619
vn -0.16976404 -0.9502519 -0.26115435
vn -0.053280063 -0.94560635 -0.32092038
vn -0.17637104 -0.9446529 -0.27662995
vn -0.19710124 -0.9308934 -0.30755252
vn -0.1718527 -0.92466855 -0.3397863
vn -0.17461461 -0.891845 -0.41727945
vn -0.18062063 -0.850409 -0.49414656
vn -0.17146476 -0.8499645 -0.49815693
vn -0.17708725 -0.8911054 -0.41781726
vn -0.17401008 -0.81673545 -0.55014867
vn -0.16479504 -0.8137931 -0.5573002
vn -0.13269855 -0.80660874 -0.5759979
vn -0.056647353 -0.76794845 -0.63800186
vn -0.036001567 -0.7480833 -0.6626275
vn -0.029473953 -0.738895 -0.6731755
vn -0.05175062 -0.72950625 -0.6820136
vn -0.016070994 -0.6677022 -0.74425507
vn -0.037072346 -0.6622408 -0.7483734
vn -0.02440368 -0.6329405 -0.77381575
vn -0.024164762 -0.59953827 -0.79998124
vn -0.015527513 -0.53694946 -0.8434715
vn -0.03217388 -0.59966755 -0.79960227
vn -0.022234643 -0.47587568 -0.8792315
vn -0.031260684 -0.53936875 -0.8414892
vn -0.028607205 -0.40873128 -0.9122063
vn -0.029243646 -0.47915247 -0.8772444
vn -0.038803905 -0.43878332 -0.89775467
vn -0.019246839 -0.3377698 -0.9410319
vn -0.038767837 -0.3998988 -0.91573906
vn -0.016857417 -0.30853516 -0.95106363
vn 0.017117962 -0.2161011 -0.97622097
vn -0.047173854 -0.29395488 -0.9546544
vn -0.019769631 -0.24957752 -0.968153
vn 0.010214742 -0.12895328 -0.99159795
vn 0.010292409 -0.12871471 -0.9916283
vn 0.030023294 -0.12556328 -0.9916312
vn 0.030582612 -0.12633036 -0.99151665
vn 0 0 -1
vn 0 0 -0.99999994
vn 0.120120056 0.049826257 -0.99150825
vn 0.12042824 0.049826413 -0.9914708
vn 0.11094669 0.068083115 -0.99149156
vn 0.11090156 0.068075895 -0.99149716
vn 0.09899819 0.08438646 -0.9915031
vn 0.098728865 0.084298976 -0.9915373
vn 0.084481984 0.09855414 -0.9915391
vn 0.0847825 0.09947349 -0.99142164
vn 0.27727202 0.3253173 -0.90404034
vn 0.2776918 0.3254775 -0.9038537
vn 0.22372343 0.36422879 -0.9040383
vn 0.3704304 0.6030724 -0.7064596
vn 0.37042013 0.6033835 -0.70619917
vn 0.27048504 0.6541791 -0.7063197
vn 0.16615081 0.6886759 -0.7057757
vn 0.21210629 0.87915605 -0.4267266
vn 0.27019897 0.6539855 -0.7066084
vn 0.16642576 0.68791515 -0.7064526
vn -0.0106162885 -0.13402313 0.9909213
vn -0.010681489 -0.1338232 0.9909477
vn -0.125867 -0.49946418 0.8571424
vn -0.08018086 -0.33236837 0.9397352
vn -0.13138427 -0.40903255 0.903012
vn -0.1643422 -0.480946 0.86120987
vn -0.031178175 -0.13063635 0.99094003
vn -0.03168205 -0.13132946 0.9908324
vn -0.1695237 -0.6169564 0.7685223
vn -0.1830405 -0.6276965 0.7566329
vn -0.14517236 -0.629082 0.7636628
vn -0.18333818 -0.7140212 0.67569286
vn -0.18698464 -0.71220356 0.6766112
vn -0.17932604 -0.7498827 0.6368031
vn -0.19167769 -0.74370664 0.6404375
vn -0.18966882 -0.7771157 0.6000974
vn -0.17462811 -0.7846058 0.5948938
vn -0.18822207 -0.8113449 0.5534366
vn -0.17623983 -0.81730014 0.54859823
vn -0.21445487 -0.8298047 0.51520234
vn 0.05504932 0.7064142 -0.7056545
vn 0.054926854 0.7066354 -0.7054427
vn -0.0548444 0.7066386 -0.70544595
vn -0.054962777 0.7064246 -0.7056511
vn -0.16615017 0.68867606 -0.7057758
vn -0.16626312 0.68836355 -0.7060539
vn -0.2702375 0.6546416 -0.70598596
vn -0.27031183 0.65425867 -0.7063123
vn -0.3704201 0.6033834 -0.7061992
vn -0.3704304 0.6030724 -0.7064595
vn -0.45940784 0.53846353 -0.7064004
vn -0.46007884 0.5386569 -0.70581603
vn -0.53836995 0.46013644 -0.70599735
vn -0.5391224 0.46022937 -0.70536226
vn -0.6043853 0.37046456 -0.70531857
vn -0.65516484 0.27144346 -0.7050373
vn -0.65523773 0.2714294 -0.7049749
vn -0.83639264 0.346472 -0.42474046
vn -0.836501 0.34675393 -0.42429683
vn -0.6043679 0.3704273 -0.7053531
vn -0.9079081 0.37635425 -0.18455449
vn -0.8955948 0.42450517 -0.13306151
vn -0.9254751 0.3540611 -0.13467252
vn -0.9566056 0.29138598 0
vn -0.9739081 0.22694252 0
vn -0.96066374 0.22385627 0.16435798
vn -0.9764992 0.16896996 0.13378528
vn -0.98788476 0.079360016 0.1333629
vn -0.90596545 0.06962847 0.41758662
vn -0.9028884 0.07238062 0.4237375
vn -0.708644 0.054770358 0.7034372
vn -0.7053807 0.05654961 0.7065693
vn -0.43000406 0.03265167 0.9022363
vn -0.42672724 0.034117464 0.90373665
vn -0.1347155 0.010770702 0.99082583
vn -0.13410336 0.010458216 0.9909122
vn -0.37097862 -0.60535586 0.7042153
vn -0.4750506 -0.77517855 0.4164435
vn -0.33372885 -0.75817746 0.5601715
vn -0.29001933 -0.6775678 0.675863
vn -0.27815035 -0.652833 0.704586
vn -0.5902971 -0.6914616 0.4164495
vn -0.6436318 -0.7539369 0.13159461
vn -0.6431377 -0.7548654 0.12865554
vn -0.2950061 -0.77646345 0.5568444
vn -0.6485274 -0.7611914 0
vn -0.583917 -0.81181324 -0
vn -0.5839171 -0.81181324 0
vn -0.515075 -0.84701675 -0.1313785
vn -0.47011885 -0.8727365 -0.13160251
vn -0.21650492 -0.7322055 0.64575595
vn -0.2437183 -0.71838474 0.65155566
vn -0.42112085 -0.8719659 -0.2496649
vn -0.41448238 -0.8706311 -0.2649642
vn -0.38470876 -0.8663736 -0.31842744
vn -0.38195783 -0.8659379 -0.32289287
vn -0.34813505 -0.8609972 -0.37079078
vn -0.33021325 -0.8577892 -0.3938994
vn -0.32795545 -0.8573823 -0.39666218
vn -0.3190351 -0.85490423 -0.40909073
vn -0.28316668 -0.84781766 -0.44835463
vn -0.24260576 -0.8398672 -0.48555705
vn -0.21445636 -0.8298053 -0.51520056
vn -0.17623965 -0.8173002 -0.5485982
vn -0.18822247 -0.8113446 -0.5534367
vn -0.17462882 -0.78460604 -0.5948934
vn -0.17932583 -0.74988216 -0.63680375
vn -0.189669 -0.77711624 -0.6000967
vn -0.19167732 -0.7437063 -0.64043814
vn -0.18333821 -0.71402246 -0.67569155
vn -0.186986 -0.7122042 -0.6766102
vn -0.14517264 -0.62908024 -0.76366407
vn -0.1695215 -0.6169559 -0.7685233
vn -0.1788267 -0.62437224 -0.76038164
vn -0.12863699 -0.50179255 -0.8553694
vn -0.16559035 -0.48406455 -0.8592213
vn -0.13135447 -0.409044 -0.9030111
vn -0.0801027 -0.3320443 -0.93985647
vn -0.010214695 -0.12895328 -0.991598
vn -0.03048378 -0.12636234 -0.9915157
vn -0.02999872 -0.12569444 -0.99161536
vn -0.010277406 -0.12876064 -0.99162245
vn 0.06783078 0.11106157 -0.991496
vn 0.068313904 0.11141461 -0.9914233
vn 0.22311266 0.36387917 -0.90433
vn 0.16337912 0.3944302 -0.9042854
vn 0.1632922 0.39522994 -0.9039518
vn 0.100520805 0.41549933 -0.904022
vn 0.09913066 0.41396844 -0.9048775
vn 0.033669222 0.4243242 -0.9048841
vn 0.033155523 0.4254645 -0.90436757
vn -0.18672672 -0.63217324 0.75199085
vn -0.24322589 -0.60560703 0.75768155
vn -0.051619753 -0.12485008 0.9908318
vn -0.16457345 -0.39804548 0.9024829
vn -0.16567889 -0.39892715 0.90189105
vn -0.26077545 -0.6279039 0.7333028
vn -0.051619805 -0.12472631 0.99084747
vn -0.23497395 -0.7038091 0.670403
vn -0.03310297 0.42546526 -0.9043691
vn -0.033612404 0.42433268 -0.9048823
vn -0.0991313 0.41396913 -0.90487707
vn -0.100297876 0.41525394 -0.9041595
vn -0.16310544 0.39477792 -0.90418303
vn -0.16312982 0.3945532 -0.90427667
vn -0.22311267 0.3638792 -0.90433
vn -0.22372343 0.36422879 -0.90403825
vn -0.27744478 0.32518792 -0.90403384
vn -0.27733636 0.32466915 -0.90425354
vn -0.32457277 0.27740732 -0.9042664
vn -0.32456213 0.27737927 -0.9042788
vn -0.36397773 0.22308809 -0.90429634
vn -0.36357924 0.22239362 -0.9046276
vn -0.39352715 0.1635419 -0.9046493
vn -0.39447996 0.16343825 -0.904253
vn -0.41507268 0.09978466 -0.9042995
vn -0.41637692 0.099431 -0.90373874
vn -0.6881959 0.16434148 -0.70666707
vn -0.68971664 0.16596772 -0.70480186
vn -0.8800106 0.2117585 -0.42513475
vn -0.8808214 0.2112316 -0.42371574
vn -0.9569077 0.229478 -0.17795384
vn -0.9478831 0.28872913 -0.13473395
vn -0.96066374 0.22385627 -0.16435798
vn -0.9853573 0.17050275 0
vn -0.9969503 0.07803923 0
vn -0.9888432 0.077404626 0.12727009
vn -0.99168336 -0.016532518 0.12763561
vn -0.98150665 -0.07739528 0.17508465
vn -0.90635717 -0.07146948 0.41642392
vn -0.90588593 -0.07087139 0.41754997
vn -0.70861775 -0.055438254 0.7034113
vn -0.7074511 -0.05608653 0.70453334
vn -0.43075353 -0.034150023 0.9018232
vn -0.42998993 -0.033645995 0.9022066
vn -0.13418464 -0.010499722 0.99090064
vn -0.13410336 -0.010458219 0.9909122
vn -0.22580402 -0.36829895 0.9018695
vn -0.37098774 -0.60510164 0.704429
vn -0.46070653 -0.5399826 0.7043922
vn -0.46137372 -0.54017293 0.7038092
vn -0.59033334 -0.69115794 0.41690195
vn -0.6906993 -0.59098756 0.4167351
vn -0.6920569 -0.59082484 0.41470855
vn -0.74762017 -0.6382604 0.18354213
vn -0.72465825 -0.6763904 0.13178192
vn -0.7310338 -0.6823413 0
vn -0.6431376 -0.7548653 -0.12865591
vn -0.57902753 -0.8050153 -0.12914173
vn -0.517014 -0.8444696 -0.13988386
vn -0.47490555 -0.77569145 -0.41565317
vn -0.38549602 -0.82338995 -0.41643947
vn -0.40244213 -0.85778093 -0.31976917
vn -0.33908305 -0.7678131 -0.54358613
vn -0.30301738 -0.78490156 -0.54047215
vn -0.30883196 -0.79583436 -0.5208363
vn -0.36138552 -0.8542675 -0.37366763
vn -0.28968558 -0.8055193 -0.51693416
vn -0.31201681 -0.8466894 -0.4310018
vn -0.31878382 -0.85365915 -0.41187742
vn -0.2165033 -0.7322041 -0.645758
vn -0.23497388 -0.7038091 -0.670403
vn -0.19404727 -0.6433593 -0.74056363
vn -0.24371713 -0.7183831 -0.65155786
vn -0.25158685 -0.6162815 -0.7462581
vn -0.1656796 -0.39892888 -0.9018902
vn -0.16457415 -0.39804715 -0.90248215
vn -0.26077545 -0.6279039 -0.7333028
vn -0.04966741 -0.12012804 -0.99151516
vn -0.0496674 -0.12000881 -0.99152964
vn 0.04971088 0.12011377 -0.99151474
vn 0.049782854 0.12018587 -0.99150246
vn 0.030409126 0.12698811 -0.9914381
vn 0.03050867 0.12635419 -0.991516
vn 0.010326648 0.13014401 -0.9914413
vn 0.010070065 0.12963879 -0.99151015
vn -0.010051801 0.1296388 -0.99151033
vn -0.010309221 0.1301466 -0.99144113
vn -0.070552446 -0.11506473 0.9908494
vn -0.2258024 -0.36826354 0.9018843
vn -0.0704897 -0.1146694 0.99089956
vn -0.03040918 0.12698774 -0.9914381
vn -0.030486267 0.12649682 -0.99149835
vn -0.04974801 0.12032279 -0.99148756
vn -0.049747992 0.120203435 -0.9915021
vn -0.06794081 0.11100577 -0.9914947
vn -0.068162106 0.11116702 -0.9914615
vn -0.08466475 0.09911441 -0.9914678
vn -0.099004954 0.08461221 -0.9914832
vn -0.08460568 0.09893373 -0.9914908
vn -0.110902645 0.068076566 -0.991497
vn -0.11143348 0.068161465 -0.9914315
vn -0.09893489 0.0844749 -0.99150187
vn -0.120552085 0.050099004 -0.9914421
vn -0.12671386 0.030462371 -0.99147147
vn -0.120390445 0.049937773 -0.99146974
vn -0.12965469 0.010145258 -0.9915073
vn -0.4260043 0.033334106 -0.9041068
vn -0.42676985 0.03383419 -0.9037272
vn -0.12645943 0.030278204 -0.9915096
vn -0.70545423 0.055928197 -0.7065456
vn -0.70662385 0.055282243 -0.7054267
vn -0.90251535 0.070607685 -0.42483023
vn -0.9029988 0.07120465 -0.42370167
vn -0.9764992 0.16896996 -0.13378528
vn -0.9880025 0.07790748 -0.13334715
vn -0.98826694 0.07735951 -0.1316961
vn -0.9998611 -0.016668847 -0
vn -0.9950098 -0.09977767 -0
vn -0.9867403 -0.09894843 0.12865779
vn -0.96951735 -0.20875815 0.12828155
vn -0.95711076 -0.2295267 0.1767948
vn -0.88406795 -0.21201015 0.41650409
vn -0.88327515 -0.21254031 0.4179134
vn -0.6900961 -0.16605614 0.70440954
vn -0.6899305 -0.16587801 0.70461375
vn -0.420211 -0.101030104 0.9017847
vn -0.4197967 -0.10114413 0.90196484
vn -0.13113382 -0.031594858 0.99086106
vn -0.13088006 -0.03141003 0.99090046
vn -0.2803604 -0.32860345 0.9018968
vn -0.2802547 -0.3280857 0.90211815
vn -0.3280255 -0.28034112 0.9021132
vn -0.32912654 -0.28056654 0.90164196
vn -0.53897345 -0.45945227 0.70598257
vn -0.53962076 -0.46171927 0.7040062
vn -0.6031583 -0.3714174 0.7058675
vn -0.6057861 -0.37132323 0.7036635
vn -0.7748612 -0.47495967 0.41713697
vn -0.7751484 -0.47642177 0.41493043
vn -0.8415214 -0.51721597 0.15597874
vn -0.8393536 -0.52764624 0.13067098
vn -0.7727848 -0.6210257 0.13088417
vn -0.77949023 -0.62641436 0
vn -0.72465825 -0.67639035 -0.13178232
vn -0.64363194 -0.7539369 -0.13159509
vn -0.59029716 -0.6914617 -0.41644904
vn -0.4750507 -0.7751786 -0.41644305
vn -0.37097862 -0.60535586 -0.7042153
vn -0.27815035 -0.652833 -0.704586
vn -0.29001933 -0.6775678 -0.675863
vn -0.37098774 -0.60510164 -0.704429
vn -0.22580495 -0.36830044 -0.90186846
vn -0.22580333 -0.36826506 -0.90188336
vn -0.06788395 -0.11071265 -0.9915314
vn -0.067823306 -0.11033185 -0.991578
vn -0.08726992 -0.102407224 0.990907
vn -0.087636955 -0.102593936 0.9908554
vn -0.1295757 0.010105122 -0.99151814
vn -0.12957592 -0.009918408 -0.9915198
vn -0.42601448 -0.03260934 -0.90412843
vn -0.4305524 -0.035568956 -0.9018644
vn -0.7066198 -0.05538306 -0.7054227
vn -0.70745796 -0.05602953 -0.7045311
vn -0.90262455 -0.068880424 -0.42488164
vn -0.9061902 -0.07325433 -0.4164771
vn -0.9812027 -0.07639707 -0.17721355
vn -0.99110216 -0.016522832 -0.13207392
vn -0.9867403 -0.09894842 -0.12865818
vn -0.97759444 -0.2104973 -0
vn -0.95804256 -0.28662586 -0
vn -0.95001704 -0.28422478 0.12916665
vn -0.9161397 -0.37964112 0.12868841
vn -0.9160535 -0.3797308 0.12903702
vn -0.8395351 -0.34801167 0.41721532
vn -0.83943313 -0.34773523 0.4176509
vn -0.6563522 -0.27189395 0.70375806
vn -0.6558453 -0.27114102 0.70452064
vn -0.3989725 -0.16494411 0.90200573
vn -0.39806572 -0.16504599 0.9023876
vn -0.12464153 -0.051678866 0.9908551
vn -0.124587916 -0.05167886 0.9908618
vn -0.10256631 -0.087656476 0.99085647
vn -0.102493554 -0.08751347 0.99087656
vn -0.11484716 -0.070497885 0.9908785
vn -0.115007296 -0.07052316 0.99085814
vn -0.36729088 -0.22522499 0.90242517
vn -0.36811295 -0.2266794 0.9017257
vn -0.8736675 -0.4689367 0.12962826
vn -0.8811016 -0.47292697 0
vn -0.84661263 -0.5322095 -0
vn -0.77278477 -0.6210257 -0.13088459
vn -0.7476201 -0.63826036 -0.18354268
vn -0.69205713 -0.59082496 -0.41470814
vn -0.69069946 -0.5909877 -0.41673473
vn -0.5903335 -0.69115806 -0.41690153
vn -0.46137372 -0.54017293 -0.7038092
vn -0.46070653 -0.5399826 -0.7043922
vn -0.2803616 -0.32860482 -0.9018959
vn -0.28025582 -0.32808706 -0.90211725
vn -0.084322214 -0.09871347 -0.99153686
vn -0.08396874 -0.09853346 -0.9915848
vn -0.12911414 -0.01006913 -0.99157864
vn -0.12592933 -0.0302219 -0.9915788
vn -0.12617385 -0.030399824 -0.9915422
vn -0.41979846 -0.10114456 -0.90196395
vn -0.42021278 -0.101030536 -0.9017838
vn -0.6899305 -0.16587798 -0.70461375
vn -0.6900961 -0.16605614 -0.70440954
vn -0.88327533 -0.21254039 -0.417913
vn -0.88406813 -0.21201017 -0.41650364
vn -0.95711076 -0.22952668 -0.17679533
vn -0.9695173 -0.2087581 -0.12828192
vn -0.9500169 -0.28422478 -0.12916704
vn -0.92382115 -0.38282427 -0
vn -0.8736674 -0.46893668 -0.12962866
vn -0.8415214 -0.51721597 -0.15597914
vn -0.83935356 -0.52764624 -0.1306713
vn -0.7751485 -0.47642186 -0.41493
vn -0.53962076 -0.46171924 -0.7040062
vn -0.7748614 -0.4749598 -0.41713655
vn -0.6057861 -0.37132323 -0.7036635
vn -0.6031583 -0.3714174 -0.7058675
vn -0.53897345 -0.45945227 -0.70598257
vn -0.3291279 -0.28056777 -0.9016411
vn -0.32802686 -0.2803423 -0.90211236
vn -0.098686896 -0.08434099 -0.9915379
vn -0.09861676 -0.08420328 -0.9915566
vn -0.11987552 -0.049724165 -0.99154294
vn -0.11992715 -0.04972419 -0.9915366
vn -0.39806744 -0.16504669 -0.9023868
vn -0.39897418 -0.16494481 -0.90200484
vn -0.6558453 -0.27114102 -0.70452064
vn -0.6563522 -0.27189395 -0.70375806
vn -0.8394333 -0.3477353 -0.41765043
vn -0.83953536 -0.34801176 -0.41721493
vn -0.9160534 -0.37973073 -0.1290374
vn -0.9161396 -0.37964112 -0.1286888
vn -0.36729246 -0.22522594 -0.90242416
vn -0.3681145 -0.22668034 -0.90172493
vn -0.11065731 -0.06785572 -0.9915395
vn -0.11050305 -0.0678313 -0.9915584
f 347//576 348//576 349//576
f 347//576 349//576 350//576
f 347//576 350//576 351//576
f 347//576 351//576 352//576
f 347//577 352//577 353//577
f 347//576 353//576 354//576
f 347//576 354//576 355//576
f 347//576 355//576 356//576
f 347//576 356//576 357//576
f 347//576 357//576 358//576
f 347//576 358//576 359//576
f 347//576 359//576 360//576
f 347//576 360//576 361//576
f 347//576 361//576 362//576
f 347//576 362//576 363//576
f 347//576 363//576 364//576
f 347//576 364//576 365//576
f 347//576 365//576 366//576
f 347//576 366//576 367//576
f 347//576 367//576 368//576
f 347//576 368//576 369//576
f 347//577 369//577 370//577
f 347//576 370//576 371//576
f 347//576 371//576 372//576
f 347//576 372//576 373//576
f 347//576 373//576 374//576
f 347//576 374//576 375//576
f 347//576 375//576 376//576
f 347//576 376//576 377//576
f 347//577 377//577 378//577
f 347//576 378//576 379//576
f 347//576 379//576 380//576
f 347//576 380//576 381//576
f 347//576 381//576 382//576
f 347//576 382//576 383//576
f 347//576 383//576 384//576
f 347//576 384//576 385//576
f 347//577 385//577 386//577
f 347//578 386//578 387//578
f 347//579 387//579 348//579
f 348//580 387//580 388//580
f 348//581 388//581 389//581
f 348//582 389//582 349//582
f 386//583 390//583 391//583
f 386//584 391//584 387//584
f 386//585 385//585 390//585
f 387//586 391//586 392//586
f 387//587 392//587 393//587
f 387//588 393//588 394//588
f 387//589 394//589 388//589
f 388//590 394//590 389//590
f 389//591 394//591 395//591
f 389//592 395//592 396//592
f 389//593 396//593 397//593
f 389//594 397//594 349//594
f 349//595 397//595 350//595
f 390//596 398//596 399//596
f 390//597 399//597 392//597
f 390//598 392//598 391//598
f 390//599 385//599 384//599
f 390//600 384//600 400//600
f 390//601 400//601 398//601
f 392//602 401//602 402//602
f 392//603 402//603 393//603
f 392//604 399//604 401//604
f 393//605 402//605 403//605
f 393//606 403//606 404//606
f 393//607 404//607 394//607
f 394//608 404//608 405//608
f 394//609 405//609 395//609
f 395//610 406//610 396//610
f 395//611 405//611 406//611
f 396//612 407//612 408//612
f 396//613 408//613 409//613
f 396//614 409//614 397//614
f 396//615 406//615 407//615
f 397//616 409//616 351//616
f 397//617 351//617 350//617
f 398//618 400//618 410//618
f 398//619 410//619 411//619
f 398//620 411//620 412//620
f 398//621 412//621 413//621
f 398//622 413//622 401//622
f 398//623 401//623 399//623
f 384//624 383//624 400//624
f 400//625 383//625 410//625
f 401//626 414//626 402//626
f 401//627 413//627 415//627
f 401//628 415//628 416//628
f 401//629 416//629 414//629
f 402//630 414//630 417//630
f 402//631 417//631 418//631
f 402//632 418//632 403//632
f 403//633 418//633 404//633
f 404//634 419//634 405//634
f 404//635 418//635 420//635
f 404//636 420//636 419//636
f 405//637 419//637 406//637
f 406//638 419//638 421//638
f 406//639 421//639 422//639
f 406//640 422//640 407//640
f 407//641 422//641 423//641
f 407//642 423//642 424//642
f 407//643 424//643 425//643
f 407//644 425//644 408//644
f 408//645 425//645 409//645
f 409//646 425//646 426//646
f 409//647 426//647 351//647
f 351//648 426//648 352//648
f 410//649 383//649 427//649
f 410//650 427//650 411//650
f 411//651 427//651 428//651
f 411//652 428//652 429//652
f 411//653 429//653 430//653
f 411//654 430//654 412//654
f 412//655 430//655 431//655
f 412//656 431//656 413//656
f 413//657 431//657 432//657
f 413//658 432//658 415//658
f 383//659 382//659 427//659
f 414//660 416//660 433//660
f 414//661 433//661 417//661
f 415//662 432//662 434//662
f 415//663 434//663 416//663
f 416//664 434//664 433//664
f 417//665 435//665 436//665
f 417//666 436//666 437//666
f 417//667 437//667 418//667
f 417//668 433//668 435//668
f 418//669 437//669 438//669
f 418//670 438//670 420//670
f 419//671 420//671 439//671
f 419//672 439//672 440//672
f 419//673 440//673 441//673
f 419//674 441//674 421//674
f 420//675 438//675 442//675
f 420//676 442//676 439//676
f 421//677 441//677 443//677
f 421//678 443//678 422//678
f 422//679 444//679 445//679
f 422//680 445//680 423//680
f 422//681 443//681 444//681
f 423//682 446//682 447//682
f 423//683 447//683 448//683
f 423//684 448//684 424//684
f 423//685 445//685 446//685
f 424//686 448//686 449//686
f 424//687 449//687 450//687
f 424//688 450//688 425//688
f 425//689 450//689 426//689
f 426//690 450//690 451//690
f 426//691 451//691 352//691
f 352//692 451//692 353//692
f 427//693 382//693 381//693
f 427//694 381//694 452//694
f 427//695 452//695 453//695
f 427//696 453//696 428//696
f 428//697 453//697 454//697
f 428//698 454//698 429//698
f 429//699 454//699 434//699
f 429//700 434//700 430//700
f 430//701 434//701 431//701
f 431//702 434//702 432//702
f 433//703 434//703 435//703
f 434//704 455//704 456//704
f 434//705 456//705 457//705
f 434//706 457//706 458//706
f 434//707 458//707 459//707
f 434//708 459//708 460//708
f 434//709 460//709 461//709
f 434//710 461//710 462//710
f 434//711 462//711 463//711
f 434//712 463//712 464//712
f 434//713 464//713 465//713
f 434//714 465//714 466//714
f 434//715 466//715 435//715
f 434//716 454//716 453//716
f 434//717 453//717 467//717
f 434//718 467//718 468//718
f 434//719 468//719 469//719
f 434//720 469//720 470//720
f 434//721 470//721 471//721
f 434//722 471//722 472//722
f 434//723 472//723 473//723
f 434//724 473//724 474//724
f 434//725 474//725 475//725
f 434//726 475//726 476//726
f 434//727 476//727 477//727
f 434//728 477//728 478//728
f 434//729 478//729 479//729
f 434//730 479//730 480//730
f 434//731 480//731 455//731
f 435//732 466//732 436//732
f 436//733 466//733 437//733
f 437//734 466//734 465//734
f 437//735 465//735 481//735
f 437//736 481//736 482//736
f 437//737 482//737 483//737
f 437//738 483//738 484//738
f 437//738 484//738 438//738
f 438//739 484//739 485//739
f 438//739 485//739 442//739
f 439//740 442//740 485//740
f 439//740 485//740 486//740
f 439//741 486//741 487//741
f 439//741 487//741 440//741
f 440//742 487//742 488//742
f 440//742 488//742 441//742
f 441//743 488//743 489//743
f 441//743 489//743 443//743
f 443//744 489//744 490//744
f 443//744 490//744 444//744
f 444//745 490//745 491//745
f 444//745 491//745 445//745
f 445//746 491//746 492//746
f 445//746 492//746 446//746
f 446//747 492//747 493//747
f 446//747 493//747 447//747
f 447//748 493//748 494//748
f 447//748 494//748 495//748
f 447//749 495//749 448//749
f 448//750 495//750 496//750
f 448//751 496//751 497//751
f 448//752 497//752 449//752
f 449//753 497//753 450//753
f 450//754 497//754 498//754
f 450//755 498//755 451//755
f 451//756 498//756 499//756
f 451//757 499//757 354//757
f 451//758 354//758 353//758
f 381//759 380//759 452//759
f 452//760 380//760 500//760
f 452//761 500//761 467//761
f 452//762 467//762 453//762
f 455//763 501//763 456//763
f 455//764 480//764 502//764
f 455//765 502//765 501//765
f 456//766 501//766 503//766
f 456//767 503//767 457//767
f 457//768 503//768 504//768
f 457//769 504//769 458//769
f 458//770 505//770 459//770
f 458//771 504//771 505//771
f 459//772 505//772 506//772
f 459//773 506//773 460//773
f 460//774 506//774 507//774
f 460//775 507//775 461//775
f 461//776 507//776 508//776
f 461//777 508//777 509//777
f 461//778 509//778 510//778
f 461//779 510//779 511//779
f 461//780 511//780 512//780
f 461//781 512//781 513//781
f 461//782 513//782 514//782
f 461//783 514//783 515//783
f 461//784 515//784 516//784
f 461//785 516//785 517//785
f 461//786 517//786 518//786
f 461//787 518//787 519//787
f 461//788 519//788 520//788
f 461//789 520//789 521//789
f 461//790 521//790 522//790
f 461//791 522//791 523//791
f 461//792 523//792 524//792
f 461//793 524//793 462//793
f 462//794 524//794 525//794
f 462//795 525//795 526//795
f 462//796 526//796 527//796
f 462//797 527//797 528//797
f 462//798 528//798 529//798
f 462//799 529//799 530//799
f 462//800 530//800 463//800
f 463//801 531//801 483//801
f 463//802 483//802 482//802
f 463//803 482//803 464//803
f 463//804 530//804 531//804
f 464//805 482//805 465//805
f 465//806 482//806 481//806
f 467//807 500//807 468//807
f 468//808 500//808 532//808
f 468//809 532//809 379//809
f 468//810 379//810 378//810
f 468//811 378//811 377//811
f 468//812 377//812 470//812
f 468//813 470//813 469//813
f 470//814 377//814 376//814
f 470//815 376//815 375//815
f 470//816 375//816 374//816
f 470//817 374//817 373//817
f 470//818 373//818 372//818
f 470//819 372//819 471//819
f 471//820 372//820 371//820
f 471//821 371//821 370//821
f 471//822 370//822 369//822
f 471//823 369//823 533//823
f 471//824 533//824 534//824
f 471//825 534//825 472//825
f 472//826 535//826 536//826
f 472//827 536//827 537//827
f 472//828 537//828 473//828
f 472//829 534//829 535//829
f 473//830 537//830 538//830
f 473//831 538//831 474//831
f 474//832 539//832 540//832
f 474//833 540//833 475//833
f 474//834 538//834 539//834
f 475//835 540//835 541//835
f 475//836 541//836 542//836
f 475//837 542//837 476//837
f 476//838 542//838 543//838
f 476//839 543//839 544//839
f 476//840 544//840 477//840
f 477//841 544//841 545//841
f 477//842 545//842 546//842
f 477//843 546//843 547//843
f 477//844 547//844 478//844
f 478//845 547//845 548//845
f 478//846 548//846 549//846
f 478//847 549//847 479//847
f 479//848 549//848 480//848
f 480//849 549//849 502//849
f 483//850 531//850 550//850
f 483//851 550//851 551//851
f 483//852 551//852 484//852
f 484//853 551//853 552//853
f 484//854 552//854 485//854
f 486//855 485//855 552//855
f 486//856 552//856 553//856
f 486//857 553//857 487//857
f 487//858 553//858 488//858
f 488//859 554//859 489//859
f 488//860 553//860 554//860
f 489//861 554//861 555//861
f 489//862 555//862 490//862
f 490//863 555//863 491//863
f 491//864 556//864 492//864
f 491//865 555//865 556//865
f 492//866 556//866 493//866
f 493//867 557//867 494//867
f 493//868 556//868 557//868
f 495//869 494//869 558//869
f 495//869 558//869 559//869
f 495//870 559//870 496//870
f 496//871 559//871 560//871
f 496//872 560//872 561//872
f 496//873 561//873 497//873
f 497//874 561//874 562//874
f 497//875 562//875 563//875
f 497//876 563//876 498//876
f 498//877 563//877 564//877
f 498//878 564//878 499//878
f 499//879 564//879 354//879
f 354//880 564//880 355//880
f 380//881 379//881 500//881
f 500//882 379//882 532//882
f 501//883 502//883 565//883
f 501//884 565//884 566//884
f 501//885 566//885 503//885
f 502//886 549//886 567//886
f 502//887 567//887 568//887
f 502//888 568//888 569//888
f 502//889 569//889 570//889
f 502//890 570//890 571//890
f 502//891 571//891 572//891
f 502//892 572//892 565//892
f 503//893 573//893 574//893
f 503//894 574//894 504//894
f 503//895 566//895 575//895
f 503//896 575//896 573//896
f 504//897 574//897 506//897
f 504//898 506//898 505//898
f 506//899 574//899 507//899
f 507//900 576//900 577//900
f 507//901 577//901 578//901
f 507//902 578//902 579//902
f 507//903 579//903 508//903
f 507//904 574//904 576//904
f 508//905 580//905 509//905
f 508//906 579//906 580//906
f 509//907 580//907 581//907
f 509//908 581//908 582//908
f 509//909 582//909 510//909
f 510//910 583//910 584//910
f 510//911 584//911 511//911
f 510//912 582//912 583//912
f 511//913 584//913 585//913
f 511//914 585//914 586//914
f 511//915 586//915 512//915
f 512//916 586//916 587//916
f 512//917 587//917 588//917
f 512//918 588//918 513//918
f 513//919 588//919 589//919
f 513//920 589//920 590//920
f 513//921 590//921 514//921
f 514//922 590//922 591//922
f 514//923 591//923 515//923
f 515//924 591//924 592//924
f 515//925 592//925 593//925
f 515//926 593//926 594//926
f 515//927 594//927 516//927
f 516//928 594//928 595//928
f 516//929 595//929 596//929
f 516//930 596//930 597//930
f 516//931 597//931 598//931
f 516//932 598//932 599//932
f 516//933 599//933 517//933
f 517//934 599//934 600//934
f 517//935 600//935 601//935
f 517//936 601//936 602//936
f 517//937 602//937 603//937
f 517//938 603//938 604//938
f 517//939 604//939 519//939
f 517//940 519//940 518//940
f 519//941 604//941 605//941
f 519//942 605//942 606//942
f 519//943 606//943 607//943
f 519//944 607//944 608//944
f 519//945 608//945 520//945
f 520//946 608//946 609//946
f 520//947 609//947 521//947
f 521//948 609//948 610//948
f 521//949 610//949 611//949
f 521//950 611//950 522//950
f 522//951 611//951 523//951
f 523//952 611//952 612//952
f 523//953 612//953 524//953
f 524//954 612//954 613//954
f 524//955 613//955 525//955
f 525//956 613//956 614//956
f 525//957 614//957 526//957
f 526//958 614//958 527//958
f 527//959 614//959 615//959
f 527//960 615//960 528//960
f 528//961 615//961 616//961
f 528//962 616//962 529//962
f 529//963 616//963 550//963
f 529//964 550//964 530//964
f 530//965 550//965 531//965
f 369//966 368//966 534//966
f 369//967 534//967 533//967
f 534//968 368//968 367//968
f 534//969 367//969 617//969
f 534//970 617//970 535//970
f 535//971 618//971 536//971
f 535//972 617//972 619//972
f 535//973 619//973 618//973
f 536//974 618//974 537//974
f 537//975 620//975 538//975
f 537//976 618//976 620//976
f 538//977 620//977 621//977
f 538//978 621//978 622//978
f 538//979 622//979 539//979
f 539//980 622//980 623//980
f 539//981 623//981 540//981
f 540//982 623//982 624//982
f 540//983 624//983 541//983
f 541//984 624//984 542//984
f 542//985 625//985 543//985
f 542//986 624//986 625//986
f 543//987 626//987 545//987
f 543//988 545//988 544//988
f 543//989 625//989 626//989
f 545//990 626//990 546//990
f 546//991 626//991 547//991
f 547//992 626//992 548//992
f 548//993 627//993 549//993
f 548//994 626//994 625//994
f 548//995 625//995 627//995
f 549//996 627//996 567//996
f 550//997 616//997 628//997
f 550//998 628//998 551//998
f 551//999 628//999 629//999
f 551//1000 629//1000 630//1000
f 551//1001 630//1001 552//1001
f 552//1002 630//1002 553//1002
f 553//1003 630//1003 631//1003
f 553//1004 631//1004 632//1004
f 553//1005 632//1005 554//1005
f 554//1006 632//1006 555//1006
f 555//1007 632//1007 633//1007
f 555//1008 633//1008 556//1008
f 556//1009 633//1009 634//1009
f 556//1010 634//1010 557//1010
f 557//1011 635//1011 636//1011
f 557//1012 636//1012 637//1012
f 557//1013 637//1013 494//1013
f 557//1014 634//1014 635//1014
f 494//1015 637//1015 558//1015
f 559//1016 558//1016 638//1016
f 559//1016 638//1016 560//1016
f 560//1017 638//1017 639//1017
f 560//1017 639//1017 640//1017
f 560//1018 640//1018 561//1018
f 561//1019 640//1019 641//1019
f 561//1020 641//1020 642//1020
f 561//1021 642//1021 643//1021
f 561//1022 643//1022 562//1022
f 562//1023 643//1023 563//1023
f 563//1024 643//1024 644//1024
f 563//1025 644//1025 645//1025
f 563//1026 645//1026 564//1026
f 564//1027 645//1027 355//1027
f 355//1028 645//1028 356//1028
f 565//1029 646//1029 647//1029
f 565//1030 647//1030 566//1030
f 565//1031 572//1031 571//1031
f 565//1032 571//1032 648//1032
f 565//1033 648//1033 646//1033
f 566//1034 647//1034 649//1034
f 566//1035 649//1035 650//1035
f 566//1036 650//1036 651//1036
f 566//1036 651//1036 575//1036
f 567//1037 627//1037 652//1037
f 567//1038 652//1038 653//1038
f 567//1039 653//1039 568//1039
f 568//1040 653//1040 569//1040
f 569//1041 653//1041 654//1041
f 569//1042 654//1042 655//1042
f 569//1043 655//1043 648//1043
f 569//1044 648//1044 571//1044
f 569//1045 571//1045 570//1045
f 573//1046 656//1046 577//1046
f 573//1047 577//1047 576//1047
f 573//1048 576//1048 574//1048
f 573//1049 575//1049 656//1049
f 577//1050 656//1050 657//1050
f 577//1051 657//1051 578//1051
f 578//1052 657//1052 656//1052
f 578//1053 656//1053 658//1053
f 578//1054 658//1054 579//1054
f 579//1055 658//1055 580//1055
f 580//1056 659//1056 660//1056
f 580//1057 660//1057 581//1057
f 580//1058 658//1058 659//1058
f 581//1059 660//1059 661//1059
f 581//1060 661//1060 662//1060
f 581//1061 662//1061 582//1061
f 582//1062 662//1062 583//1062
f 583//1063 662//1063 584//1063
f 584//1064 662//1064 585//1064
f 585//1065 662//1065 661//1065
f 585//1066 661//1066 586//1066
f 586//1067 661//1067 663//1067
f 586//1068 663//1068 587//1068
f 587//1069 663//1069 588//1069
f 588//1070 664//1070 589//1070
f 588//1071 663//1071 664//1071
f 589//1072 665//1072 590//1072
f 589//1073 664//1073 665//1073
f 590//1074 666//1074 591//1074
f 590//1075 665//1075 667//1075
f 590//1076 667//1076 666//1076
f 591//1077 668//1077 592//1077
f 591//1078 666//1078 668//1078
f 592//1079 668//1079 593//1079
f 593//1080 669//1080 594//1080
f 593//1081 668//1081 670//1081
f 593//1082 670//1082 669//1082
f 594//1083 669//1083 671//1083
f 594//1084 671//1084 672//1084
f 594//1085 672//1085 596//1085
f 594//1086 596//1086 595//1086
f 596//1087 672//1087 671//1087
f 596//1087 671//1087 673//1087
f 596//1087 673//1087 674//1087
f 596//1087 674//1087 675//1087
f 596//1087 675//1087 676//1087
f 596//1087 676//1087 677//1087
f 596//1087 677//1087 678//1087
f 596//1087 678//1087 679//1087
f 596//1087 679//1087 680//1087
f 596//1087 680//1087 681//1087
f 596//1087 681//1087 682//1087
f 596//1088 682//1088 683//1088
f 596//1087 683//1087 684//1087
f 596//1087 684//1087 685//1087
f 596//1087 685//1087 686//1087
f 596//1087 686//1087 687//1087
f 596//1087 687//1087 688//1087
f 596//1088 688//1088 689//1088
f 596//1087 689//1087 690//1087
f 596//1087 690//1087 691//1087
f 596//1087 691//1087 692//1087
f 596//1087 692//1087 693//1087
f 596//1087 693//1087 694//1087
f 596//1087 694//1087 695//1087
f 596//1087 695//1087 696//1087
f 596//1087 696//1087 697//1087
f 596//1087 697//1087 698//1087
f 596//1087 698//1087 699//1087
f 596//1087 699//1087 606//1087
f 596//1087 606//1087 605//1087
f 596//1087 605//1087 604//1087
f 596//1087 604//1087 603//1087
f 596//1088 603//1088 602//1088
f 596//1087 602//1087 601//1087
f 596//1087 601//1087 600//1087
f 596//1087 600//1087 599//1087
f 596//1087 599//1087 598//1087
f 596//1087 598//1087 597//1087
f 606//1089 699//1089 608//1089
f 606//1090 608//1090 607//1090
f 608//1091 699//1091 609//1091
f 609//1092 699//1092 698//1092
f 609//1093 698//1093 610//1093
f 610//1094 698//1094 697//1094
f 610//1095 697//1095 696//1095
f 610//1096 696//1096 700//1096
f 610//1097 700//1097 612//1097
f 610//1098 612//1098 611//1098
f 612//1099 700//1099 701//1099
f 612//1100 701//1100 613//1100
f 613//1101 701//1101 614//1101
f 614//1102 701//1102 615//1102
f 615//1103 702//1103 628//1103
f 615//1104 628//1104 616//1104
f 615//1105 701//1105 703//1105
f 615//1106 703//1106 702//1106
f 367//1107 619//1107 617//1107
f 367//1108 366//1108 619//1108
f 618//1109 704//1109 620//1109
f 618//1110 619//1110 705//1110
f 618//1111 705//1111 706//1111
f 618//1112 706//1112 704//1112
f 619//1113 366//1113 365//1113
f 619//1114 365//1114 705//1114
f 620//1115 707//1115 621//1115
f 620//1116 704//1116 707//1116
f 621//1117 707//1117 622//1117
f 622//1118 654//1118 623//1118
f 622//1119 707//1119 654//1119
f 623//1120 653//1120 624//1120
f 623//1121 654//1121 653//1121
f 624//1122 653//1122 652//1122
f 624//1123 652//1123 625//1123
f 625//1124 652//1124 708//1124
f 625//1125 708//1125 627//1125
f 627//1126 708//1126 652//1126
f 628//1127 702//1127 709//1127
f 628//1128 709//1128 629//1128
f 629//1129 709//1129 630//1129
f 630//1130 709//1130 710//1130
f 630//1131 710//1131 631//1131
f 631//1132 710//1132 711//1132
f 631//1133 711//1133 632//1133
f 632//1134 711//1134 712//1134
f 632//1135 712//1135 633//1135
f 633//1136 712//1136 713//1136
f 633//1137 713//1137 714//1137
f 633//1138 714//1138 634//1138
f 634//1139 714//1139 715//1139
f 634//1140 715//1140 635//1140
f 635//1141 715//1141 636//1141
f 636//1142 716//1142 717//1142
f 636//1143 717//1143 718//1143
f 636//1144 718//1144 719//1144
f 636//1145 719//1145 637//1145
f 636//1146 715//1146 716//1146
f 637//1147 719//1147 638//1147
f 637//1148 638//1148 558//1148
f 638//1149 719//1149 639//1149
f 640//1150 639//1150 720//1150
f 640//1150 720//1150 641//1150
f 641//1151 720//1151 721//1151
f 641//1151 721//1151 722//1151
f 641//1152 722//1152 642//1152
f 642//1153 722//1153 723//1153
f 642//1154 723//1154 724//1154
f 642//1155 724//1155 725//1155
f 642//1156 725//1156 643//1156
f 643//1157 725//1157 726//1157
f 643//1158 726//1158 644//1158
f 644//1159 726//1159 727//1159
f 644//1160 727//1160 645//1160
f 645//1161 727//1161 356//1161
f 356//1162 727//1162 357//1162
f 646//1163 728//1163 729//1163
f 646//1164 729//1164 647//1164
f 646//1165 648//1165 730//1165
f 646//1166 730//1166 731//1166
f 646//1167 731//1167 728//1167
f 647//1168 729//1168 732//1168
f 647//1169 732//1169 733//1169
f 647//1170 733//1170 649//1170
f 648//1171 655//1171 730//1171
f 649//1172 733//1172 734//1172
f 649//1172 734//1172 735//1172
f 649//1173 735//1173 651//1173
f 649//1174 651//1174 650//1174
f 575//1175 651//1175 736//1175
f 575//1176 736//1176 656//1176
f 654//1177 707//1177 655//1177
f 655//1178 707//1178 730//1178
f 656//1179 736//1179 658//1179
f 658//1180 736//1180 737//1180
f 658//1181 737//1181 738//1181
f 658//1182 738//1182 739//1182
f 658//1183 739//1183 740//1183
f 658//1184 740//1184 741//1184
f 658//1185 741//1185 659//1185
f 659//1186 741//1186 742//1186
f 659//1187 742//1187 743//1187
f 659//1188 743//1188 660//1188
f 660//1189 743//1189 744//1189
f 660//1190 744//1190 661//1190
f 661//1191 744//1191 743//1191
f 661//1192 743//1192 663//1192
f 663//1193 742//1193 664//1193
f 663//1194 743//1194 742//1194
f 664//1195 742//1195 745//1195
f 664//1196 745//1196 665//1196
f 665//1197 745//1197 746//1197
f 665//1198 746//1198 667//1198
f 666//1199 667//1199 746//1199
f 666//1200 746//1200 747//1200
f 666//1201 747//1201 668//1201
f 668//1202 747//1202 748//1202
f 668//1203 748//1203 749//1203
f 668//1204 749//1204 670//1204
f 669//1205 670//1205 671//1205
f 670//1206 749//1206 674//1206
f 670//1207 674//1207 673//1207
f 670//1208 673//1208 671//1208
f 696//1209 695//1209 750//1209
f 696//1210 750//1210 700//1210
f 700//1211 750//1211 701//1211
f 701//1212 750//1212 751//1212
f 701//1213 751//1213 703//1213
f 702//1214 703//1214 751//1214
f 702//1215 751//1215 752//1215
f 702//1216 752//1216 753//1216
f 702//1217 753//1217 709//1217
f 704//1218 731//1218 707//1218
f 704//1219 706//1219 731//1219
f 705//1220 365//1220 754//1220
f 705//1221 754//1221 706//1221
f 706//1222 754//1222 728//1222
f 706//1223 728//1223 731//1223
f 365//1224 364//1224 754//1224
f 707//1225 731//1225 730//1225
f 709//1226 753//1226 710//1226
f 710//1227 753//1227 755//1227
f 710//1228 755//1228 756//1228
f 710//1229 756//1229 711//1229
f 711//1230 756//1230 712//1230
f 712//1231 756//1231 757//1231
f 712//1232 757//1232 758//1232
f 712//1233 758//1233 713//1233
f 713//1234 758//1234 714//1234
f 714//1235 758//1235 759//1235
f 714//1236 759//1236 715//1236
f 715//1237 759//1237 760//1237
f 715//1238 760//1238 716//1238
f 716//1239 760//1239 761//1239
f 716//1240 761//1240 762//1240
f 716//1241 762//1241 717//1241
f 717//1242 762//1242 763//1242
f 717//1243 763//1243 764//1243
f 717//1244 764//1244 765//1244
f 717//1245 765//1245 718//1245
f 718//1246 765//1246 719//1246
f 719//1247 765//1247 766//1247
f 719//1248 766//1248 720//1248
f 719//1249 720//1249 639//1249
f 720//1250 766//1250 721//1250
f 722//1251 721//1251 767//1251
f 722//1251 767//1251 723//1251
f 723//1252 767//1252 768//1252
f 723//1252 768//1252 769//1252
f 723//1253 769//1253 724//1253
f 724//1254 769//1254 770//1254
f 724//1255 770//1255 771//1255
f 724//1256 771//1256 772//1256
f 724//1257 772//1257 725//1257
f 725//1258 772//1258 726//1258
f 726//1259 772//1259 773//1259
f 726//1260 773//1260 774//1260
f 726//1261 774//1261 727//1261
f 727//1262 774//1262 358//1262
f 727//1263 358//1263 357//1263
f 728//1264 754//1264 775//1264
f 728//1265 775//1265 729//1265
f 729//1266 775//1266 776//1266
f 729//1267 776//1267 777//1267
f 729//1268 777//1268 732//1268
f 732//1269 777//1269 778//1269
f 732//1270 778//1270 779//1270
f 732//1271 779//1271 780//1271
f 732//1272 780//1272 733//1272
f 733//1273 780//1273 781//1273
f 733//1273 781//1273 734//1273
f 735//1274 734//1274 782//1274
f 735//1275 782//1275 651//1275
f 651//1276 782//1276 736//1276
f 736//1277 782//1277 783//1277
f 736//1278 783//1278 738//1278
f 736//1279 738//1279 737//1279
f 738//1280 783//1280 784//1280
f 738//1281 784//1281 785//1281
f 738//1282 785//1282 740//1282
f 738//1283 740//1283 739//1283
f 740//1284 785//1284 745//1284
f 740//1285 745//1285 742//1285
f 740//1286 742//1286 741//1286
f 745//1287 785//1287 746//1287
f 746//1288 784//1288 786//1288
f 746//1289 786//1289 747//1289
f 746//1290 785//1290 784//1290
f 747//1291 786//1291 748//1291
f 748//1292 787//1292 788//1292
f 748//1293 788//1293 749//1293
f 748//1294 786//1294 787//1294
f 749//1295 788//1295 674//1295
f 674//1296 788//1296 675//1296
f 695//1297 694//1297 751//1297
f 695//1298 751//1298 750//1298
f 751//1299 693//1299 752//1299
f 751//1300 694//1300 693//1300
f 752//1301 693//1301 753//1301
f 753//1302 693//1302 692//1302
f 753//1303 692//1303 691//1303
f 753//1304 691//1304 755//1304
f 754//1305 364//1305 789//1305
f 754//1306 789//1306 775//1306
f 364//1307 363//1307 789//1307
f 755//1308 691//1308 756//1308
f 756//1309 691//1309 690//1309
f 756//1310 690//1310 757//1310
f 757//1311 690//1311 689//1311
f 757//1312 689//1312 688//1312
f 757//1313 688//1313 758//1313
f 758//1314 688//1314 759//1314
f 759//1315 687//1315 760//1315
f 759//1316 688//1316 687//1316
f 760//1317 686//1317 685//1317
f 760//1318 685//1318 761//1318
f 760//1319 687//1319 686//1319
f 761//1320 685//1320 762//1320
f 762//1321 684//1321 763//1321
f 762//1322 685//1322 684//1322
f 763//1323 683//1323 790//1323
f 763//1324 790//1324 791//1324
f 763//1325 791//1325 764//1325
f 763//1326 684//1326 683//1326
f 764//1327 791//1327 765//1327
f 765//1328 791//1328 792//1328
f 765//1329 792//1329 793//1329
f 765//1330 793//1330 766//1330
f 766//1331 767//1331 721//1331
f 766//1332 793//1332 767//1332
f 767//1333 793//1333 768//1333
f 769//1334 768//1334 794//1334
f 769//1334 794//1334 770//1334
f 770//1335 794//1335 795//1335
f 770//1335 795//1335 796//1335
f 770//1336 796//1336 771//1336
f 771//1337 796//1337 797//1337
f 771//1338 797//1338 798//1338
f 771//1339 798//1339 772//1339
f 772//1340 798//1340 799//1340
f 772//1341 799//1341 800//1341
f 772//1342 800//1342 773//1342
f 773//1343 800//1343 774//1343
f 774//1344 800//1344 801//1344
f 774//1345 801//1345 359//1345
f 774//1346 359//1346 358//1346
f 775//1347 789//1347 776//1347
f 776//1348 789//1348 802//1348
f 776//1349 802//1349 803//1349
f 776//1350 803//1350 804//1350
f 776//1351 804//1351 778//1351
f 776//1352 778//1352 777//1352
f 778//1353 804//1353 805//1353
f 778//1354 805//1354 806//1354
f 778//1355 806//1355 807//1355
f 778//1356 807//1356 779//1356
f 779//1357 807//1357 808//1357
f 779//1358 808//1358 809//1358
f 779//1359 809//1359 780//1359
f 780//1360 809//1360 810//1360
f 780//1360 810//1360 781//1360
f 734//1361 781//1361 811//1361
f 734//1362 811//1362 782//1362
f 782//1363 811//1363 812//1363
f 782//1364 812//1364 783//1364
f 783//1365 812//1365 787//1365
f 783//1366 787//1366 786//1366
f 783//1367 786//1367 784//1367
f 787//1368 812//1368 813//1368
f 787//1369 813//1369 788//1369
f 788//1370 813//1370 814//1370
f 788//1371 814//1371 675//1371
f 675//1372 814//1372 676//1372
f 789//1373 363//1373 362//1373
f 789//1374 362//1374 802//1374
f 683//1375 682//1375 790//1375
f 790//1376 682//1376 815//1376
f 790//1377 815//1377 791//1377
f 791//1378 815//1378 816//1378
f 791//1379 816//1379 792//1379
f 792//1380 816//1380 817//1380
f 792//1381 817//1381 793//1381
f 793//1382 817//1382 818//1382
f 793//1383 818//1383 794//1383
f 793//1384 794//1384 768//1384
f 794//1385 818//1385 795//1385
f 796//1386 795//1386 819//1386
f 796//1386 819//1386 797//1386
f 797//1387 819//1387 820//1387
f 797//1387 820//1387 821//1387
f 797//1388 821//1388 798//1388
f 798//1389 821//1389 822//1389
f 798//1390 822//1390 807//1390
f 798//1391 807//1391 806//1391
f 798//1392 806//1392 799//1392
f 799//1393 806//1393 805//1393
f 799//1394 805//1394 800//1394
f 800//1395 805//1395 801//1395
f 801//1396 805//1396 823//1396
f 801//1397 823//1397 359//1397
f 359//1398 823//1398 360//1398
f 802//1399 362//1399 803//1399
f 803//1400 362//1400 361//1400
f 803//1401 361//1401 360//1401
f 803//1402 360//1402 823//1402
f 803//1403 823//1403 805//1403
f 803//1404 805//1404 804//1404
f 807//1405 822//1405 808//1405
f 808//1406 822//1406 824//1406
f 808//1406 824//1406 825//1406
f 808//1407 825//1407 810//1407
f 808//1407 810//1407 809//1407
f 781//1408 810//1408 826//1408
f 781//1409 826//1409 811//1409
f 811//1410 826//1410 827//1410
f 811//1411 827//1411 828//1411
f 811//1412 828//1412 812//1412
f 812//1413 828//1413 829//1413
f 812//1414 829//1414 813//1414
f 813//1415 829//1415 814//1415
f 814//1416 829//1416 830//1416
f 814//1417 830//1417 677//1417
f 814//1418 677//1418 676//1418
f 682//1419 681//1419 815//1419
f 815//1420 681//1420 680//1420
f 815//1421 680//1421 831//1421
f 815//1422 831//1422 832//1422
f 815//1423 832//1423 816//1423
f 816//1424 832//1424 817//1424
f 817//1425 832//1425 833//1425
f 817//1426 833//1426 834//1426
f 817//1427 834//1427 818//1427
f 818//1428 834//1428 819//1428
f 818//1429 819//1429 795//1429
f 819//1430 834//1430 820//1430
f 821//1431 820//1431 824//1431
f 821//1431 824//1431 822//1431
f 825//1432 824//1432 835//1432
f 825//1433 835//1433 826//1433
f 825//1434 826//1434 810//1434
f 826//1435 835//1435 827//1435
f 827//1436 829//1436 828//1436
f 827//1437 835//1437 836//1437
f 827//1438 836//1438 837//1438
f 827//1439 837//1439 838//1439
f 827//1440 838//1440 829//1440
f 829//1441 838//1441 839//1441
f 829//1442 839//1442 830//1442
f 830//1443 839//1443 677//1443
f 677//1444 839//1444 678//1444
f 680//1445 679//1445 840//1445
f 680//1446 840//1446 831//1446
f 831//1447 840//1447 837//1447
f 831//1448 837//1448 832//1448
f 832//1449 837//1449 833//1449
f 833//1450 837//1450 836//1450
f 833//1451 836//1451 834//1451
f 834//1452 836//1452 835//1452
f 834//1453 835//1453 824//1453
f 834//1454 824//1454 820//1454
f 837//1455 840//1455 839//1455
f 837//1456 839//1456 838//1456
f 839//1457 840//1457 679//1457
f 839//1458 679//1458 678//1458
