# mmind_convex 2.1.2 1
o geometry1
v 0.003134206 0.014315089 0.013602
v 0.0025502837 0.014195421 0.013602
v 0.0020033184 0.013958182 0.013602
v 0.0015191803 0.013609673 0.013602
v 0.0011200435 0.013166688 0.013602
v 0.0008219228 0.0126502225 0.013602
v 0.0006383691 0.012083369 0.013602
v 0.0005792378 0.011489224 0.013602
v 0.00064699247 0.010897178 0.013602
v 0.00070119626 0.010687232 0.013602
v 0.00084409706 0.0103135295 0.013602
v 0.0010387378 0.009965019 0.013602
v 0.001280191 0.009648003 0.013602
v 0.0015635288 0.009366675 0.013602
v 0.0018838238 0.009129437 0.013602
v 0.0022349162 0.008938387 0.013602
v 0.002609415 0.008799823 0.013602
v 0.0029986966 0.008715844 0.013602
v 0.0033966014 0.008686451 0.013602
v 0.0037945062 0.008715844 0.013602
v 0.0041850195 0.008799823 0.013602
v 0.0045595183 0.008936287 0.013602
v 0.004910611 0.009125238 0.013602
v 0.0052321376 0.009362476 0.013602
v 0.006217661 0.010305131 0.013602
v 0.006445563 0.013563485 0.013602
v 0.0043119057 0.014174426 0.013602
v 0.0037304473 0.0143066915 0.013602
v 0.0037550854 0.0145145375 0.013563237
v 0.0031144954 0.014522935 0.013563237
v 0.0024874564 0.014394869 0.013563237
v 0.0043796604 0.014373874 0.013563237
v 0.0037809554 0.014730781 0.013423691
v 0.003094785 0.014739179 0.013423691
v 0.0024209337 0.014602715 0.013423691
v 0.0018998384 0.014138736 0.013563237
v 0.0013799751 0.013765032 0.013563237
v 0.00643694 0.013588678 0.013600707
v 0.006466505 0.013666358 0.013555484
v 0.004449879 0.014579621 0.013423691
v 0.00379697 0.014867246 0.013205327
v 0.0044942275 0.014709787 0.013205327
v 0.002380281 0.014734981 0.013205327
v 0.0030812342 0.014875644 0.013205327
v 0.0017926629 0.014327686 0.013423691
v 0.0012358425 0.01392669 0.013423691
v 0.00077511044 0.013418622 0.013423691
v 0.00095127267 0.013290556 0.013563237
v 0.006238603 0.0018044396 0.013538687
v 0.006457882 0.0011347136 0.013484419
v 0.0064652734 0.009076951 0.012126432
v 0.0064677373 0.014342383 0.0010312479
v 0.00643694 0.014407465 0.012890058
v 0.006302662 0.014590118 0.01261355
v 0.0061030937 0.014726583 0.012315078
v 0.005986063 0.01477487 0.012163903
v 0.0038006657 0.014902937 0.013001177
v 0.0035641403 0.014923931 0.013001177
v 0.0025786173 0.014827357 0.013001177
v 0.0023691938 0.014768572 0.013001177
v 0.0017064296 0.014478847 0.013001177
v 0.0017236762 0.014447356 0.013205327
v 0.0030775385 0.014911335 0.013001177
v 0.0011434497 0.014029563 0.013205327
v 0.00030575518 0.012879062 0.013205327
v 0.00043140934 0.0128223775 0.013423691
v 0.00066300726 0.013498402 0.013205327
v 0.00063097774 0.0127342 0.013563237
v -0.003912283 -0.0031124828 0.012380974
v -0.003014225 -0.003987956 0.012380974
v -0.0019276862 -0.004611494 0.012380974
v -0.00072042056 -0.0049474062 0.012380974
v 0.00053119357 -0.0049705002 0.012380974
v 0.0017520101 -0.0046828752 0.012380974
v 0.0028607233 -0.0040992266 0.012380974
v 0.0036824031 -0.0043868516 0.011944247
v 0.0038216081 -0.004552709 0.011803409
v 0.00451517 -0.0038682865 0.011803409
v 0.005086773 -0.0030767922 0.011803409
v 0.005205036 -0.003148174 0.011585046
v 0.0064381715 -0.00035589933 0.012249181
v 0.0064480267 -0.000530154 0.012066996
v 0.0064517222 -0.00053435285 0.001938296
v 0.00645665 0.0011305148 0.0005247486
v 0.006441867 0.013559286 0.0004019998
v 0.00643694 0.013588678 0.000403292
v 0.0047529275 0.014457853 0.0005803085
v 0.0040803077 0.014680395 0.0005803085
v 0.006403678 0.014472549 0.0011992198
v 0.0063617933 0.014529234 0.00128579
v 0.00617824 0.014684593 0.0015855553
v 0.0061030937 0.014726583 0.0016889223
v 0.004601403 0.015333325 0.0058029396
v 0.004601403 0.015333325 0.00820106
v 0.004605099 0.0153312255 0.008388413
v 0.00461249 0.015327027 0.008575766
v 0.0056103324 0.014907136 0.011654818
v 0.0055265627 0.01493023 0.011537239
v 0.0025786173 0.014827357 0.004902352
v 0.0026328212 0.014839954 0.0010028221
v 0.0019281723 0.014594317 0.0010028221
v 0.0016620811 0.014453653 0.0010028221
v 0.0016620811 0.014453653 0.009101648
v 0.0011200435 0.014056857 0.013001177
v 0.0008921413 0.013832215 0.013001177
v 0.00033039326 0.0130176265 0.013001177
v -0.005296943 0.002992731 0.011585046
v -0.005698543 0.002129855 0.011585046
v -0.005569193 0.0020815677 0.011803409
v 0.00022198574 0.012169447 0.013423691
v 0.00043387315 0.012125358 0.013563237
v 0.00063467346 0.013519396 0.013001177
v -0.004562728 -0.0020417613 0.012380974
v -0.004636642 -0.0033623185 0.011944247
v -0.004025618 -0.0040740333 0.011944247
v -0.0033049544 -0.004678676 0.011944247
v -0.0024955936 -0.0051552523 0.011944247
v -0.0016197102 -0.0054932646 0.011944247
v -0.0006994782 -0.005684315 0.011944247
v 0.00023800047 -0.0057221055 0.011944247
v 0.0011693196 -0.0056066355 0.011944247
v 0.002071073 -0.0053400043 0.011944247
v 0.0029161589 -0.004930611 0.011944247
v 0.0030257984 -0.005117462 0.011803409
v 0.003911537 -0.004659781 0.011585046
v 0.0046198815 -0.003956464 0.011585046
v 0.0046469835 -0.0039816573 0.011380896
v 0.0052358336 -0.003167069 0.011380896
v 0.00643078 -0.0011075037 0.011449376
v 0.0064135334 -0.0010235258 0.011630269
v 0.0064381715 -0.00035589933 0.001754819
v 0.00643078 -0.0011075037 0.0025533312
v 0.0064135334 -0.0010235258 0.0023750225
v 0.005203804 -0.003148174 0.0024150773
v 0.0062349075 0.0017393567 0.00050924346
v 0.0062336754 0.01030933 0.0004019998
v 0.0050843093 -0.0030767922 0.002198006
v 0.004513938 -0.0038661873 0.002198006
v 0.0038203762 -0.004552709 0.002198006
v 0.0036811712 -0.0043868516 0.0020597526
v 0.0033522528 -0.0037087286 0.0016230256
v 0.0023248452 -0.004424642 0.0016230256
v 0.0011508411 -0.004865528 0.0016230256
v -9.46135e-05 -0.0049977936 0.0016230256
v -0.0013351404 -0.00481724 0.0016230256
v -0.002490666 -0.004334366 0.0016230256
v -0.0034909719 -0.0035785623 0.0016230256
v -0.004270767 -0.0025981166 0.0016230256
v 0.0011089563 0.009862146 0.0004019998
v 0.0015204122 0.009404466 0.0004019998
v 0.005425547 0.009545129 0.0004019998
v 0.004952496 0.009152531 0.0004019998
v 0.0044042985 0.008871203 0.0004019998
v 0.003809289 0.008717943 0.0004019998
v 0.0031933372 0.00869485 0.0004019998
v 0.0025884726 0.008806121 0.0004019998
v 0.002021797 0.0090475585 0.0004019998
v 0.00080713996 0.010397507 0.0004019998
v 0.00070119626 0.010687232 0.0004019998
v 0.0006285139 0.010985354 0.0004019998
v 0.0005804697 0.011600494 0.0004019998
v 0.00066793483 0.012209337 0.0004019998
v 0.0008859818 0.012784587 0.0004019998
v 0.0012222915 0.013298954 0.0004019998
v 0.001663313 0.013729342 0.0004019998
v 0.002186872 0.014052657 0.0004019998
v 0.0027683305 0.014256305 0.0004019998
v 0.0033793547 0.014327686 0.0004019998
v 0.003991611 0.014264703 0.0004019998
v 0.004034728 0.0144683495 0.00044076238
v 0.0046617663 0.014260503 0.00044076238
v 0.003375659 0.014753875 0.0005803085
v 0.0041098734 0.01481686 0.000798672
v 0.0056374343 0.014900837 0.0023117103
v 0.00461249 0.015327027 0.005428233
v 0.004605099 0.0153312255 0.0056155864
v 0.0026414446 0.014806362 0.000798672
v 0.003374427 0.014926031 0.0010028221
v 0.003374427 0.014892439 0.000798672
v 0.001944187 0.014562826 0.000798672
v 0.0013159162 0.014174426 0.000798672
v 0.0012937419 0.014201719 0.0010028221
v 0.0008921413 0.013832215 0.0010028221
v 0.0007590957 0.013681054 0.0010028221
v 0.0004215541 0.013189782 0.011380896
v -0.00532774 0.0030116262 0.011380896
v -0.0057318048 0.002142452 0.011380896
v -0.0058241975 0.0018779205 0.011380896
v -0.005970794 0.0011704043 0.011585046
v -0.0058352845 0.0011431114 0.011803409
v -0.005365929 0.0020059873 0.011944247
v 0.00037104607 0.0114871245 0.013563237
v -0.004724107 0.0016364832 0.012380974
v -0.004982807 0.00041040173 0.012380974
v 0.0004215541 0.013189782 0.002623104
v -0.0047832387 -0.0014539137 0.012380974
v -0.005474337 -0.0016869535 0.011944247
v -0.0051244763 -0.0025582272 0.011944247
v -0.0048128045 -0.0034903847 0.011803409
v -0.004178374 -0.004229393 0.011803409
v -0.0053191166 -0.0026569013 0.011803409
v -0.0034306087 -0.00485503 0.011803409
v -0.0025904502 -0.0053505013 0.011803409
v -0.0016813054 -0.00570321 0.011803409
v -0.0007265801 -0.005900559 0.011803409
v 0.00024662382 -0.0059404485 0.011803409
v 0.0012149 -0.005820779 0.011803409
v 0.002148683 -0.005543651 0.011803409
v 0.0021991911 -0.005671718 0.011585046
v 0.0030972487 -0.0052350312 0.011585046
v 0.0039337114 -0.0046870736 0.011380896
v 0.004565678 -0.0040740333 0.011380896
v 0.0035468936 -0.0049851965 0.011380896
v 0.004565678 -0.0040740333 0.002623104
v 0.0046469835 -0.0039816573 0.002623104
v 0.0046925643 -0.0039270716 0.004902352
v 0.0046925643 -0.0039270716 0.009101648
v 0.0048403926 -0.0037444187 0.00907839
v 0.00497467 -0.003561766 0.009009909
v 0.0050941645 -0.003389611 0.008898789
v 0.006173312 -0.0017898264 0.009101648
v 0.006188095 -0.0017625336 0.009407872
v 0.00622382 -0.0016953512 0.00982005
v 0.0063987505 -0.0013636374 0.010843386
v 0.006392591 -0.0012397696 0.011250394
v 0.006381504 -0.0013846317 0.0031748267
v 0.006392591 -0.0012397696 0.0027536051
v 0.0052358336 -0.003167069 0.002623104
v 0.00461865 -0.003956464 0.0024150773
v 0.003910305 -0.004657682 0.0024150773
v 0.0030960168 -0.0052350312 0.0024150773
v 0.0030257984 -0.005115363 0.002198006
v 0.0029149272 -0.0049285116 0.0020597526
v 0.0020698411 -0.0053400043 0.0020597526
v 0.0011693196 -0.0056066355 0.0020597526
v 0.00023800047 -0.0057221055 0.0020597526
v -0.0006994782 -0.005684315 0.0020597526
v -0.0016197102 -0.0054932646 0.0020597526
v -0.0024955936 -0.0051552523 0.0020597526
v -0.0033037225 -0.0046765767 0.0020597526
v -0.004024386 -0.0040740333 0.0020597526
v -0.004636642 -0.0033623185 0.0020597526
v -0.005123244 -0.0025582272 0.0020597526
v -0.0047832387 -0.0014539137 0.0016230256
v 0.0033781228 0.014535532 0.00044076238
v 0.0027215183 0.014459952 0.00044076238
v 0.002672242 0.014669897 0.0005803085
v 0.004117265 0.014850451 0.0010028221
v 0.0020033184 0.014436858 0.0005803085
v 0.0014009175 0.0140652545 0.0005803085
v 0.0008933732 0.013569783 0.0005803085
v 0.0007874295 0.01365796 0.000798672
v 0.0003821332 0.0130407205 0.000798672
v 0.00035133562 0.013057516 0.0010028221
v -0.00532774 0.0030116262 0.002623104
v -0.0057318048 0.002142452 0.002623104
v -0.0058241975 0.0018779205 0.002623104
v -0.006005287 0.0011767028 0.002623104
v -0.006005287 0.0011767028 0.011380896
v -0.006082897 0.0006707343 0.011380896
v -0.0060816654 0.00017946167 0.011585046
v -0.005943692 0.0001752628 0.011803409
v -0.005725645 0.00016896473 0.011944247
v -0.005620933 0.0011011225 0.011944247
v -0.0049273716 -0.00084297266 0.012380974
v -0.0056763687 -0.0007694918 0.011944247
v -0.005891952 -0.00079888385 0.011803409
v -0.0056812963 -0.0017520366 0.011803409
v -0.004924908 -0.0035701646 0.011585046
v -0.0042744623 -0.0043280674 0.011585046
v -0.0035094505 -0.004968401 0.011585046
v -0.00581311 -0.0017919261 0.011585046
v -0.0054423073 -0.0027177855 0.011585046
v -0.0026508137 -0.005474369 0.011585046
v -0.0017194944 -0.0058354754 0.011585046
v -0.0007425948 -0.006037023 0.011585046
v 0.00025278333 -0.0060790125 0.011585046
v 0.0012420019 -0.0059551448 0.011585046
v 0.0023507152 -0.005648624 0.011380896
v 0.0012493933 -0.005990835 0.011380896
v 0.0022115102 -0.005705309 0.011380896
v 0.0031144954 -0.005266524 0.011380896
v 0.0039337114 -0.0046870736 0.002623104
v 0.0035468936 -0.0049851965 0.002623104
v 0.0031144954 -0.005266524 0.002623104
v 0.00497467 -0.003561766 0.0049940906
v 0.0048391605 -0.0037444187 0.0049256096
v 0.0050941645 -0.003389611 0.0051052105
v 0.006173312 -0.0017898264 0.004902352
v 0.006188095 -0.0017625336 0.0045909584
v 0.00622382 -0.0016932515 0.004176197
v 0.0023494833 -0.005648624 0.002623104
v 0.0021991911 -0.005669619 0.0024150773
v 0.002148683 -0.005541552 0.002198006
v 0.0012136681 -0.00581868 0.002198006
v 0.00024662382 -0.0059383493 0.002198006
v -0.0007265801 -0.005898459 0.002198006
v -0.0016800734 -0.0057011107 0.002198006
v -0.0025892183 -0.005348402 0.002198006
v -0.0034293768 -0.004852931 0.002198006
v -0.0041759103 -0.0042272937 0.002198006
v -0.0048115724 -0.0034882855 0.002198006
v -0.005316653 -0.002654802 0.002198006
v -0.0056800647 -0.001749937 0.002198006
v -0.005473105 -0.0016869535 0.0020597526
v -0.005675137 -0.0007694918 0.0020597526
v -0.0049951263 -0.0002173353 0.0016230256
v 0.002096943 0.014241609 0.00044076238
v 0.001535195 0.0138930995 0.00044076238
v 0.0010609122 0.013433319 0.00044076238
v 0.0005053236 0.012977737 0.0005803085
v -0.0056973114 0.002129855 0.0024150773
v -0.0052957106 0.002992731 0.0024150773
v -0.00596833 0.0011704043 0.0024150773
v -0.006082897 0.0006707343 0.002623104
v -0.0061173905 0.00017946167 0.011380896
v -0.0060927523 -0.0005658446 0.011380896
v -0.006028693 -0.000817779 0.011585046
v -0.0049532414 -0.0035911584 0.011380896
v -0.0043003326 -0.0043532606 0.011380896
v -0.005474337 -0.002734581 0.011380896
v -0.004061343 -0.004575803 0.011380896
v -0.0035303927 -0.0049977936 0.011380896
v -0.0029427747 -0.0053651975 0.011380896
v -0.005854995 -0.0017793295 0.011380896
v -0.0058476035 -0.0018024235 0.011380896
v -0.0026655963 -0.005507961 0.011380896
v -0.0017305815 -0.0058690673 0.011380896
v -0.00074752246 -0.006072714 0.011380896
v -0.0003286752 -0.0061105043 0.011380896
v 0.00025401523 -0.0061147027 0.011380896
v 0.001036274 -0.0060307253 0.011380896
v 0.0022115102 -0.005705309 0.002623104
v 0.0023507152 -0.005648624 0.009101648
v 0.001036274 -0.0060307253 0.002623104
v 0.0012493933 -0.005990835 0.002623104
v 0.0017803438 -0.005854371 0.002623104
v 0.0012420019 -0.0059530456 0.0024150773
v 0.00025278333 -0.0060769133 0.0024150773
v -0.0007425948 -0.006037023 0.0024150773
v -0.0017194944 -0.005833376 0.0024150773
v -0.0026495818 -0.005474369 0.0024150773
v -0.0035094505 -0.004966302 0.0024150773
v -0.0042744623 -0.004325968 0.0024150773
v -0.0049236757 -0.0035701646 0.0024150773
v -0.005441075 -0.0027177855 0.0024150773
v -0.0058118785 -0.0017919261 0.0024150773
v -0.0060274615 -0.000817779 0.0024150773
v -0.0058894884 -0.00079888385 0.002198006
v -0.005941228 0.0001752628 0.002198006
v -0.0057244133 0.00016896473 0.0020597526
v -0.004891646 0.0010318405 0.0016230256
v 0.00037227798 0.011606794 0.00044076238
v 0.00042278602 0.010947565 0.00044076238
v 0.00069996435 0.012879062 0.00044076238
v 0.00046590265 0.012261823 0.00044076238
v 0.00025524714 0.012314309 0.0005803085
v -0.0055679614 0.0020815677 0.002198006
v -0.0058328207 0.0011431114 0.002198006
v -0.0060792016 0.00017946167 0.0024150773
v -0.0061161583 0.00017946167 0.002623104
v -0.0060927523 -0.0005658446 0.002623104
v -0.0060631866 -0.00082197785 0.002623104
v -0.0060631866 -0.00082197785 0.011380896
v -0.0049766474 -0.0035596667 0.009101648
v -0.0049766474 -0.0035596667 0.004902352
v -0.0049532414 -0.0035911584 0.002623104
v -0.0043003326 -0.0043532606 0.002623104
v -0.004061343 -0.004575803 0.002623104
v -0.0056431075 -0.0023650774 0.009101648
v -0.0056431075 -0.0023650774 0.004902352
v -0.005474337 -0.002734581 0.002623104
v -0.0035303927 -0.0049977936 0.002623104
v -0.0029427747 -0.0053651975 0.002623104
v -0.0026655963 -0.005507961 0.002623104
v -0.005854995 -0.0017793295 0.002623104
v -0.0058476035 -0.0018024235 0.002623104
v -0.0017305815 -0.0058690673 0.002623104
v -0.0016776096 -0.0058837635 0.004902352
v -0.0016776096 -0.0058837635 0.009101648
v -0.00074752246 -0.006072714 0.002623104
v -0.0003286752 -0.0061105043 0.002623104
v 0.00025401523 -0.0061147027 0.002623104
v -0.0056197015 0.0011011225 0.0020597526
v -0.0053646974 0.0020059873 0.0020597526
vn 0 0 1
vn 0 0 0.99999994
vn 0.002578013 0.18303958 0.9831021
vn 0.0024063014 0.18355551 0.9830064
vn -0.03673136 0.17984448 0.983009
vn -0.03678109 0.17947339 0.983075
vn -0.07290781 0.16809256 0.9830713
vn 0.04035292 0.17739731 0.98331165
vn 0.040218312 0.17857794 0.98310345
vn 0.118976705 0.5282821 0.84069175
vn 0.0071001425 0.5416079 0.8406013
vn 0.0066410988 0.54263675 0.8399412
vn -0.10775961 0.532111 0.8397891
vn -0.10825206 0.53002495 0.84104407
vn -0.073593125 0.1688365 0.9828928
vn -0.2160444 0.49564657 0.84122485
vn -0.10732436 0.14909163 0.98298174
vn -0.107430786 0.14944825 0.982916
vn 0.016259946 0.056786407 0.99825394
vn 0.048719592 0.17457944 0.983437
vn 0.15643507 0.45178598 0.8783038
vn 0.17624661 0.5106236 0.8415467
vn 0.11954627 0.5290236 0.8401445
vn 0.010373793 0.84763217 0.530483
vn 0.18681256 0.8266945 0.53073275
vn 0.18673325 0.82689077 0.5304548
vn -0.16788937 0.8290285 0.5334089
vn 0.009952594 0.84825534 0.529494
vn -0.1668498 0.83144605 0.5299609
vn -0.33936694 0.7752435 0.53275466
vn -0.2175616 0.49699366 0.84003824
vn -0.3167609 0.44064987 0.8399347
vn -0.3177305 0.4411987 0.83928
vn -0.4028188 0.36528867 0.8392265
vn -0.40189856 0.3631265 0.840605
vn -0.13628843 0.12314038 0.98298615
vn -0.1359178 0.12246432 0.983122
vn 0.57504225 0.23700342 0.78304267
vn 0.10231978 -0.007156647 0.99472576
vn 0.21415435 -0.0090282 0.97675806
vn 0.9142508 -0.0029265645 0.40513825
vn 0.99999994 -0.00029406455 8.250761e-05
vn 0.9991156 0.041981004 0.0023643156
vn 0.24875101 0.6525687 0.7157353
vn 0.99999887 -0.0006958925 0.0013729807
vn 0.21382487 0.8193895 0.53186435
vn 0.19890304 0.88078094 0.42972365
vn 0.17639911 0.93446076 0.30929974
vn 0.13755839 0.9694348 0.20315981
vn 0.12356657 0.9771281 0.17306627
vn 0.08707739 0.9810489 0.1730912
vn 0.011342821 0.9667443 0.25549352
vn 0.2094102 0.859581 0.46611995
vn -0.19076456 0.95061815 0.24481447
vn -0.26629448 0.9486816 0.170559
vn -0.39471522 0.9029384 0.17000678
vn -0.39522147 0.90223134 0.17256494
vn -0.33967912 0.7754365 0.5322746
vn -0.025488852 0.98466074 0.1726077
vn -0.16348884 0.9712991 0.17276993
vn -0.4945454 0.6868207 0.5326369
vn -0.49454343 0.68672 0.53276855
vn -0.6267893 0.56839204 0.53297824
vn -0.73362625 0.42289367 0.5319337
vn -0.46924916 0.27049533 0.8406173
vn -0.6286672 0.5686379 0.5304983
vn -0.73381054 0.42328197 0.5313704
vn -0.46883288 0.2699076 0.84103847
vn -0.15923163 0.09166983 0.982976
vn -0.15860024 0.09154915 0.9830893
vn 0.007106906 -0.0074301003 0.99994713
vn 0.0029791761 -0.008175792 0.99996215
vn 0.0018306938 -0.008512939 0.9999621
vn 0.0006594328 -0.008927123 0.99996
vn -0.00070092647 -0.009488842 0.99995476
vn -0.0021984386 -0.010190761 0.99994564
vn -0.0041439636 -0.011199946 0.9999287
vn -0.0069518634 -0.0127754705 0.99989426
vn -0.011437257 -0.015441385 0.99981534
vn -0.02151625 -0.021669993 0.99953365
vn -0.062150907 -0.047336873 0.99694353
vn -0.08382492 -0.06112922 0.99460375
vn -0.075742185 -0.07769623 0.9940957
vn -0.06131036 -0.100539245 0.9930423
vn 0.0056276675 -0.0076271486 0.99995506
vn 0.004240259 -0.007878866 0.99995995
vn -0.059543837 -0.103757486 0.99281865
vn -0.037624676 -0.13522269 0.9901006
vn -0.0032256783 -0.17482236 0.98459464
vn 0.05367527 -0.22782339 0.9722219
vn 0.16291568 -0.3094785 0.93684655
vn 0.31732938 -0.39942223 0.8600954
vn 0.35618478 -0.41286215 0.83825856
vn 0.42689025 -0.43259096 0.794122
vn 0.63133013 -0.4559352 0.627332
vn 0.7172994 -0.44689772 0.53456914
vn 0.7249342 -0.44516978 0.52563703
vn 0.9198314 -0.25746208 0.2960125
vn 0.99998045 -0.006232247 0.0003674296
vn 0.9999954 -0.0030396443 -9.408967e-05
vn 0.99999964 -0.0009468532 -9.476812e-05
vn 0.99999964 -0.00083256525 -0.00017304829
vn 0.9526298 0.17075668 -0.25167158
vn 0.23890615 0.615789 -0.7508181
vn 0.22757389 0.68782735 -0.6892777
vn 0.21755001 0.8099375 -0.54467726
vn 0.89718467 0.44165552 -9.386552e-05
vn 0.99911565 0.0007731731 -0.04203885
vn 0.80500054 0.5932733 0.001012474
vn 0.80497277 0.59331095 0.0010130493
vn 0.5637231 0.8259635 0.00071575365
vn 0.64534974 0.76388687 -0.0007369933
vn 0.48778775 0.87296224 0
vn 0.38141167 0.92440534 0
vn 0.3744013 0.9272667 -9.15123e-05
vn 0.3740398 0.9274126 0
vn 0.36613876 0.9305548 0.003203486
vn 0.35758036 0.9338575 0.006820361
vn 0.28554168 0.95761055 0.038052928
vn 0.12067265 0.97884136 0.16525078
vn 0.092808224 0.98744494 0.12782447
vn 0.0877527 0.98865724 0.12188692
vn 0.077929504 0.99101216 0.108728975
vn -0.025784437 0.99607944 0.084621415
vn -0.27025443 0.96278894 0
vn -0.16588296 0.98552287 0.035036687
vn -0.17836308 0.98353505 0.029076261
vn -0.20881638 0.9778387 0.015075501
vn -0.2426582 0.97011185 0
vn -0.31921664 0.9476808 -0.0013757572
vn -0.3291669 0.9442703 -0.001614668
vn -0.4005456 0.9162758 0.0014155563
vn -0.49395168 0.8694894 0
vn -0.584115 0.81166965 0.0013989707
vn -0.5754153 0.79958075 0.17195298
vn -0.46734875 0.884073 -0.0001289532
vn -0.57553655 0.7993006 0.17284727
vn -0.6914031 0.7014386 0.1730483
vn -0.71697503 0.6485135 0.25568923
vn -0.84332573 0.48645332 0.22839624
vn -0.865492 0.45679027 0.20558763
vn -0.79091805 0.3681098 0.4888188
vn -0.77009475 0.34974083 0.53351223
vn -0.76994306 0.3496197 0.53381056
vn -0.5277414 0.16926987 0.8323682
vn -0.5180289 0.16615467 0.83907014
vn -0.5145486 0.16657837 0.841125
vn -0.76087046 0.6262395 0.17000052
vn -0.84269005 0.5110192 0.16950746
vn -0.17471449 0.056561526 0.98299325
vn -0.1746767 0.05656235 0.983
vn -0.09857802 -0.05505521 0.9936052
vn -0.09411127 -0.05717097 0.9939188
vn -0.4305874 -0.26157448 0.86381316
vn -0.3965745 -0.34046856 0.85253143
vn -0.34518218 -0.35408705 0.8691788
vn -0.33469376 -0.3989161 0.8537248
vn -0.2571903 -0.4367815 0.862018
vn -0.2493999 -0.43458876 0.8654087
vn -0.1882915 -0.4879154 0.8523408
vn -0.13264488 -0.47672448 0.8689874
vn -0.10571607 -0.5092019 0.8541297
vn -0.020564897 -0.5101617 0.85983264
vn -0.009219977 -0.49969044 0.8661549
vn 0.06447763 -0.52004194 0.8517035
vn 0.11363576 -0.4823239 0.8685911
vn 0.14695784 -0.49701533 0.85520715
vn 0.2237167 -0.46180454 0.85830504
vn 0.23174447 -0.44022748 0.8674643
vn 0.30318215 -0.42723244 0.851794
vn 0.3162633 -0.4456659 0.83747214
vn 0.31627873 -0.44567743 0.83746004
vn 0.592073 -0.5999794 0.5380281
vn 0.48784694 -0.68743914 0.53798956
vn 0.59764177 -0.6019137 0.52964544
vn 0.6868248 -0.49722075 0.53013504
vn 0.6857831 -0.4952602 0.5333094
vn 0.79721993 -0.5771404 0.17705773
vn 0.7980926 -0.5769257 0.17379557
vn 0.84920067 -0.49849433 0.17424634
vn 0.8264344 -0.47646004 0.2999866
vn 0.77355766 -0.4495069 0.44671258
vn 0.76103467 -0.44774118 0.46941882
vn 0.94673383 -0.24800538 0.20539796
vn 0.99954194 -0.030262046 0.00037723122
vn 0.8651199 -0.3261113 -0.38107607
vn 0.99933314 -0.036514334 0
vn 0.93924457 -0.26648042 -0.21635124
vn 0.7779278 -0.45118043 -0.437338
vn 0.74863917 -0.4467722 -0.48983058
vn 0.03555323 -0.012499882 -0.9992896
vn 0.14964937 -0.009586514 -0.9886927
vn 0.7244775 -0.44478387 -0.52659255
vn 0.71321326 -0.44727486 -0.5396962
vn 0.63052464 -0.45558062 -0.6283988
vn 0.4277801 -0.4321669 -0.793874
vn 0.34870046 -0.4099024 -0.84284514
vn 0.318308 -0.3993248 -0.8597788
vn 0.25576538 -0.3670491 -0.8943484
vn 0.09886452 -0.2632591 -0.95964605
vn 0.021039248 -0.19811249 -0.9799535
vn -0.022299679 -0.15321389 -0.9879415
vn -0.049453475 -0.11834296 -0.9917405
vn -0.06745206 -0.08927288 -0.99372053
vn -0.07978943 -0.06346028 -0.99478966
vn -0.07996524 -0.06295971 -0.9948073
vn -0.0489528 -0.04400865 -0.99783105
vn -0.045656975 -0.04204591 -0.9980719
vn 0 0 -1
vn 0 0 -0.99999994
vn 0.013283466 0.04613992 -0.99884665
vn 0.049358748 0.17666231 -0.9830331
vn 0.13460293 0.4060757 -0.903872
vn 0.17630316 0.5127131 -0.8402633
vn 0.17073382 0.5150768 -0.8399678
vn 0.1706601 0.5158091 -0.83953327
vn 0.08753176 0.8393956 -0.53642637
vn 0.2162649 0.8145236 -0.53831285
vn 0.05635053 0.5403797 -0.8395323
vn 0.21005173 0.8614216 -0.46241868
vn 0.1936643 0.91445166 -0.35534808
vn 0.16254558 0.94971395 -0.26762357
vn 0.12454321 0.97576964 -0.17989625
vn 0.3231204 0.9460756 -0.02311151
vn 0.35901716 0.9333065 -0.006751501
vn 0.36711362 0.93017066 -0.0031800973
vn -0.20835306 0.9779376 -0.015067533
vn -0.2425586 0.97013664 -0.00023765581
vn 0.15222885 0.9846878 0.08494895
vn -0.32455015 0.93102634 -0.16690479
vn -0.17714022 0.98375726 -0.029032897
vn -0.115103215 0.99167883 -0.057656575
vn -0.11378514 0.98032284 -0.1613072
vn -0.11501464 0.9793934 -0.16601253
vn -0.32499778 0.9304867 -0.16902943
vn -0.46050546 0.87112767 -0.17050284
vn -0.5564108 0.8134987 -0.16919482
vn -0.56455016 0.82539886 0
vn -0.5074312 0.8208148 -0.26225305
vn -0.58440804 0.81145877 0.0013367891
vn -0.7019938 0.71218306 0
vn -0.6770876 0.73590183 -0.0009171594
vn -0.75065476 0.66069454 0
vn -0.7721092 0.6354896 0.0005554448
vn -0.85504293 0.51851016 0.006985296
vn -0.8706892 0.49182275 0.0032694445
vn -0.86899805 0.46322468 0.17396894
vn -0.8929187 0.4155828 0.17316762
vn -0.89341575 0.415334 0.1711903
vn -0.9300729 0.32484615 0.17157935
vn -0.9321336 0.2644993 0.24731988
vn -0.8138731 0.23094206 0.5331756
vn -0.81358886 0.23068632 0.5337199
vn -0.5251742 0.14890875 0.8378653
vn -0.5199498 0.16383824 0.8383371
vn -0.5187704 0.16306147 0.8392188
vn -0.1831873 0.018032778 0.98291266
vn -0.18260157 0.018173102 0.983019
vn -0.4967674 0.14789553 0.8551895
vn -0.3714185 0.078368455 0.9251522
vn -0.26712444 0.026295468 0.96330315
vn -0.8256815 0.56413585 -0.0009614695
vn -0.8397561 0.54296374 0
vn -0.11952817 -0.045706596 0.99177814
vn -0.48121324 -0.18051048 0.8578168
vn -0.48434007 -0.19448714 0.8529886
vn -0.43101016 -0.2614896 0.863628
vn -0.120617524 -0.045245487 0.99166745
vn -0.41296273 -0.354524 0.8389127
vn -0.41293025 -0.35451037 0.8389345
vn -0.46455982 -0.2818438 0.8394928
vn -0.4652166 -0.28260288 0.83887374
vn -0.34969154 -0.4167917 0.83904743
vn -0.3506105 -0.41905168 0.83753675
vn -0.2776879 -0.47086877 0.8373602
vn -0.2767935 -0.47007325 0.8381029
vn -0.19733202 -0.5086448 0.8380575
vn -0.19534485 -0.50619245 0.8400056
vn -0.110279016 -0.53118014 0.84005123
vn -0.11011423 -0.5327049 0.8391069
vn -0.022283113 -0.5436525 0.8390145
vn -0.021869704 -0.5425306 0.8397513
vn 0.066613495 -0.53898734 0.83967584
vn 0.066742785 -0.53831136 0.84009904
vn 0.15372781 -0.51991147 0.8402736
vn 0.1547371 -0.52138656 0.83917356
vn 0.23726669 -0.48977494 0.8389428
vn 0.23871915 -0.4912943 0.8376413
vn 0.37000778 -0.76149195 0.5321881
vn 0.3704471 -0.7618337 0.53139275
vn 0.48850688 -0.6915002 0.5321546
vn 0.6862481 -0.7074346 0.16911459
vn 0.6878971 -0.6928142 0.21634735
vn 0.556859 -0.78825516 0.26184347
vn 0.60159093 -0.78057116 0.1696968
vn 0.7386289 -0.6501093 0.17828403
vn 0.7506551 -0.66069424 0
vn 0.76758 -0.64095306 0
vn 0.76758003 -0.6409531 0
vn 0.77734435 -0.6290752 0.00047973086
vn 0.80692506 -0.5906133 0.0069274157
vn 0.8103983 -0.5858212 0.00825609
vn 0.8227022 -0.56845844 0.0040104385
vn 0.82884735 -0.5594676 0.0028535957
vn 0.83349395 -0.55245525 0.009002041
vn 0.83804667 -0.5453563 0.016252847
vn 0.8440164 -0.53551596 0.029310018
vn 0.85057443 -0.4993496 0.16484235
vn 0.8501596 -0.49885747 0.16843405
vn 0.8555438 -0.4915527 0.16254476
vn 0.9922718 -0.1240838 0
vn 0.9838823 -0.17880915 -0.0017232359
vn 0.8794836 -0.45670077 -0.13391398
vn 0.85027826 -0.4989975 -0.1674168
vn 0.8488614 -0.49846545 -0.17597373
vn 0.8254377 -0.47571567 -0.3038867
vn 0.79788536 -0.57677597 -0.17523804
vn 0.7970189 -0.5769944 -0.17843284
vn 0.68392134 -0.49511847 -0.5358258
vn 0.68308365 -0.49355677 -0.53832924
vn -0.017707745 -0.024875939 -0.99953365
vn -0.008285994 -0.019447934 -0.9997766
vn -0.0030840763 -0.016764957 -0.9998546
vn 0.0005686705 -0.0151681 -0.99988484
vn 0.0036326707 -0.014103263 -0.99989396
vn 0.006817981 -0.0132855745 -0.99988854
vn 0.010497504 -0.012648699 -0.9998648
vn 0.011830309 -0.012510328 -0.99985176
vn 0.593921 -0.5999574 -0.53601205
vn 0.59383893 -0.5999286 -0.5361353
vn 0.48846528 -0.68892705 -0.5355194
vn 0.48744455 -0.68836755 -0.53716666
vn 0.31174102 -0.4402396 -0.84202534
vn 0.31059533 -0.4393749 -0.8428999
vn 0.29233038 -0.41353694 -0.862282
vn 0.28746977 -0.4125481 -0.8643872
vn 0.22905116 -0.47040424 -0.85220623
vn 0.17391041 -0.46309346 -0.86907965
vn 0.14785774 -0.4993756 -0.8536756
vn 0.06267915 -0.5055361 -0.8605257
vn 0.052857168 -0.49772018 -0.8657255
vn -0.021095581 -0.52332664 -0.85187095
vn -0.071302675 -0.48989812 -0.86885893
vn -0.10544882 -0.50791466 -0.85492873
vn -0.18425335 -0.47745132 -0.8591222
vn -0.19223626 -0.4600246 -0.8668463
vn -0.29941547 -0.39627627 -0.86793745
vn -0.26733908 -0.45133784 -0.8513659
vn -0.33189532 -0.3969587 -0.85572726
vn -0.3901841 -0.3356577 -0.8573741
vn -0.38915417 -0.30951282 -0.8676179
vn -0.44884732 -0.27162343 -0.8513265
vn -0.45394793 -0.20331669 -0.8675216
vn -0.111201786 -0.049805667 -0.992549
vn -0.097812645 -0.05514323 -0.993676
vn 0.018835906 0.18310195 -0.98291343
vn 0.0550625 0.5381482 -0.84104973
vn 0.018766306 0.18341073 -0.98285717
vn -0.09864293 0.839982 -0.5335728
vn 0.08646918 0.84140986 -0.53343457
vn -0.06181299 0.53699905 -0.8413152
vn -0.064685784 0.5418196 -0.83800197
vn -0.09997091 0.837374 -0.5374111
vn 0.109791845 0.9801224 -0.16524488
vn 0.10082599 0.9811125 -0.16508316
vn 0.07512576 0.99099773 -0.110813744
vn 0.10001558 0.9829957 -0.15400112
vn -0.2775294 0.79662955 -0.5369905
vn -0.2785013 0.7973646 -0.5353941
vn 0.0998935 0.98179585 -0.16154958
vn -0.44358033 0.71908176 -0.5349372
vn -0.44491678 0.7196922 -0.5330031
vn -0.5911211 0.605525 -0.53283703
vn -0.59191567 0.6056925 -0.5317634
vn -0.6777422 0.69351673 -0.24433598
vn -0.66729724 0.7252611 -0.1694423
vn -0.7389204 0.6503664 -0.17612526
vn -0.8229526 0.5403731 -0.17534529
vn -0.82491803 0.53945154 -0.16882582
vn -0.8369019 0.5472884 -0.008407115
vn -0.8706939 0.4918254 0
vn -0.9068019 0.421557 0
vn -0.94407314 0.329736 0
vn -0.9682338 0.2500466 0
vn -0.9543318 0.2464564 0.16884899
vn -0.97418624 0.14942928 0.16921008
vn -0.95857596 0.10725028 0.26387402
vn -0.84081733 0.09407486 0.53308177
vn -0.8405969 0.09415407 0.5334154
vn -0.5403413 0.060522866 0.8392665
vn -0.5397866 0.060635712 0.8396152
vn -0.52280754 0.14733475 0.83962184
vn -0.50019574 0.1409624 0.8543616
vn -0.19828677 -0.0087699955 0.98010486
vn -0.18286607 -0.01567536 0.98301286
vn -0.1737806 -0.019887736 0.98458356
vn -0.4841572 0.10215591 0.8689971
vn -0.51999146 0.05841209 0.85217196
vn -0.5013263 -0.022173194 0.86497414
vn -0.8706914 0.49182397 -0.0024151169
vn -0.14017382 -0.03619 0.98946536
vn -0.5016284 -0.118343875 0.8569502
vn -0.14470762 -0.03413934 0.9888853
vn -0.50871754 -0.11202334 0.8536143
vn -0.53191596 -0.1171318 0.838657
vn -0.53309155 -0.11781831 0.8378139
vn -0.5065385 -0.20274632 0.83804107
vn -0.5045638 -0.202608 0.83926475
vn -0.6427773 -0.5516427 0.53153324
vn -0.64248663 -0.55156773 0.5319624
vn -0.72362995 -0.43957993 0.53209877
vn -0.5433224 -0.64911175 0.5324046
vn -0.54296255 -0.648952 0.5329664
vn -0.7861081 -0.31464642 0.5320074
vn -0.7863709 -0.31493825 0.53144586
vn -0.7242703 -0.43963668 0.53118
vn -0.4296773 -0.7285935 0.53341246
vn -0.4297278 -0.7292558 0.53246605
vn -0.3061845 -0.78922385 0.53233147
vn -0.17138293 -0.82910746 0.5321735
vn -0.3061527 -0.7895899 0.5318067
vn -0.035700902 -0.8463021 0.5315057
vn -0.034605473 -0.8442874 0.53477216
vn -0.17120095 -0.8298098 0.5311365
vn 0.10362795 -0.83848095 0.53498685
vn 0.24093632 -0.8118348 0.531859
vn 0.10531512 -0.84105563 0.5305979
vn 0.24073526 -0.8130119 0.5301492
vn 0.42682976 -0.8777861 0.21750416
vn 0.27952868 -0.94402516 0.17515846
vn 0.28024969 -0.9443383 0.17229338
vn 0.371481 -0.9122707 0.17252216
vn 0.53715634 -0.8256054 0.17273945
vn 0.44065598 -0.8808273 0.1731057
vn 0.69627696 -0.7177731 0
vn 0.61044466 -0.79205894 0
vn 0.54535437 -0.83820564 0
vn 0.8103983 -0.5858213 -0.008256092
vn 0.8041523 -0.59439427 -0.005874601
vn 0.7799183 -0.62588096 -0.00060770474
vn 0.7384902 -0.6499873 -0.17930084
vn 0.7773145 -0.6291122 0
vn 0.8031562 -0.59576845 -0.00023829834
vn 0.80570656 -0.59231484 0
vn 0.77989507 -0.6259103 -0.00023139671
vn 0.8214981 -0.57021123 0
vn 0.8214981 -0.5702113 0
vn 0.8290184 -0.55922115 0
vn 0.8290186 -0.5592212 0
vn 0.8793022 -0.4762643 0
vn 0.87930214 -0.4762643 0
vn 0.8829281 -0.46950823 0
vn 0.88460624 -0.4663389 -5.218437e-05
vn 0.8875479 -0.46071523 -0.00051008345
vn 0.88951164 -0.45691195 -0.00074962893
vn 0.84518963 -0.53354657 -0.03134754
vn 0.8521691 -0.5013134 -0.14997566
vn 0.8227022 -0.5684584 -0.0040104385
vn 0.83937246 -0.54324347 -0.018445209
vn 0.8333955 -0.5526058 -0.008870482
vn 0.8288473 -0.5594676 -0.0028535961
vn 0.68672884 -0.6937086 -0.21719103
vn 0.6852935 -0.7064505 -0.17691965
vn 0.6007272 -0.7794504 -0.1777185
vn 0.5578453 -0.78677994 -0.26417038
vn 0.53715986 -0.82561076 -0.1727021
vn 0.44013563 -0.8812062 -0.17250009
vn 0.42551485 -0.87810266 -0.21879852
vn 0.3685663 -0.7605824 -0.53448427
vn 0.36856842 -0.75852966 -0.53739196
vn 0.23580654 -0.48530003 -0.84194964
vn 0.23559362 -0.4838405 -0.8428488
vn 0.15337324 -0.51747286 -0.84184235
vn 0.1530943 -0.5170616 -0.8421458
vn 0.06635551 -0.53518784 -0.8421229
vn 0.06627888 -0.5355975 -0.84186834
vn -0.021733325 -0.5391474 -0.841931
vn -0.02214543 -0.5402808 -0.8411934
vn -0.10955246 -0.52930576 -0.8413285
vn -0.10966492 -0.52822226 -0.84199446
vn -0.19431883 -0.5035338 -0.8418396
vn -0.19631293 -0.5060179 -0.8398851
vn -0.27571654 -0.46752596 -0.8398809
vn -0.27494463 -0.46417806 -0.8419882
vn -0.34591153 -0.4137226 -0.84212756
vn -0.34764677 -0.41482493 -0.8408697
vn -0.41027087 -0.3529375 -0.84090006
vn -0.41036454 -0.35297737 -0.84083754
vn -0.46273288 -0.28041032 -0.84098047
vn -0.46201882 -0.27959427 -0.8416446
vn -0.50113004 -0.2012638 -0.8416422
vn -0.50104815 -0.20119627 -0.84170705
vn -0.4778561 -0.1918835 -0.85722476
vn -0.5045137 -0.111097895 -0.8562262
vn -0.48938695 -0.083856374 -0.86802566
vn -0.15973091 -0.027369868 -0.9867811
vn -0.14301936 -0.03486811 -0.98910546
vn -0.12199393 -0.04460973 -0.9915279
vn -0.021287166 0.18221843 -0.98302764
vn -0.021084828 0.18317403 -0.9828544
vn -0.17942116 0.51501644 -0.8381922
vn -0.060546085 0.17319348 -0.9830251
vn -0.17954102 0.5135813 -0.8390466
vn -0.2855252 0.46286085 -0.83918726
vn -0.37639338 0.3882652 -0.84117675
vn -0.3807028 0.3899795 -0.8384398
vn -0.28507414 0.45949948 -0.84118545
vn -0.45544222 0.2985141 -0.8387262
vn -0.707653 0.4638225 -0.5330065
vn -0.7081446 0.46498695 -0.5313364
vn -0.7693325 0.3494356 -0.5348103
vn -0.7904833 0.36790738 -0.48967376
vn -0.8689016 0.46270996 -0.17581068
vn -0.8694054 0.46417332 -0.16934401
vn -0.89259815 0.41543406 -0.1751661
vn -0.8930928 0.41518387 -0.17322683
vn -0.92970216 0.32471663 -0.17381893
vn -0.9318816 0.26323104 -0.24961163
vn -0.9529887 0.24610953 -0.17675582
vn -0.9884395 0.15161556 0
vn -0.99754417 0.0700399 0
vn -0.98268396 0.06899652 0.1719643
vn -0.9845096 -0.03254566 0.17228378
vn -0.9692574 -0.051485796 0.24060182
vn -0.8449322 -0.044881787 0.53298706
vn -0.8449221 -0.04487616 0.5330035
vn -0.54393077 -0.028889671 0.83863264
vn -0.5429305 -0.028508078 0.8392937
vn -0.50547373 -0.026541308 0.8624337
vn -0.82610816 -0.18257779 0.5331142
vn -0.8265302 -0.18291476 0.5323439
vn -0.748387 -0.6411587 0.16980153
vn -0.74729854 -0.64134467 0.17384492
vn -0.84178305 -0.51096773 0.17410715
vn -0.84196496 -0.512206 0.16952816
vn -0.6710831 -0.72068 0.17397702
vn -0.62112576 -0.74206406 0.25207886
vn -0.6127268 -0.7709356 0.17385086
vn -0.5220809 -0.8350049 0.17377663
vn -0.4907025 -0.83273107 0.2564565
vn -0.9597421 -0.21239515 0.18380238
vn -0.9378957 -0.3001819 0.1739035
vn -0.9142905 -0.3661121 0.17330527
vn -0.9142292 -0.36614498 0.17355873
vn -0.45069373 -0.87503225 0.17661762
vn -0.35581985 -0.9176851 0.17676602
vn -0.19990908 -0.96501637 0.16964583
vn -0.19899599 -0.9645323 0.17343047
vn -0.35499278 -0.9191848 0.17052689
vn -0.088494875 -0.9808299 0.17361256
vn -0.04064713 -0.9635542 0.26440713
vn -0.0070974296 -0.9850424 0.17216569
vn 0.10515072 -0.9794912 0.17187254
vn 0.12075769 -0.9643812 0.23534329
vn 0.18111627 -0.9676354 0.17572285
vn 0.37713593 -0.92615795 0
vn 0.37713596 -0.9261579 0
vn 0.4474104 -0.8943288 0
vn 0.44741043 -0.8943287 0
vn 0.18397903 -0.9829302 0
vn 0.24892774 -0.9685221 0
vn 0.28450355 -0.9586723 0.0023103007
vn 0.32674253 -0.94511336 0
vn 0.4468339 -0.89461696 -8.49678e-05
vn 0.38001877 -0.9249788 -7.226126e-05
vn 0.3739298 -0.910158 -0.17829505
vn 0.3214903 -0.929921 -0.17858031
vn 0.27340838 -0.9233557 -0.26955906
vn 0.24015775 -0.81106156 -0.5333888
vn 0.24024127 -0.81056076 -0.5341117
vn 0.10510511 -0.8393784 -0.5332886
vn 0.103581466 -0.8370386 -0.53724957
vn -0.033778217 -0.8428617 -0.5370691
vn -0.03448184 -0.8412513 -0.5395435
vn -0.17070702 -0.8247758 -0.5390768
vn -0.17238928 -0.82695675 -0.53518635
vn -0.30414867 -0.7879644 -0.5353556
vn -0.30442145 -0.7846795 -0.54000527
vn -0.42764032 -0.72513944 -0.53971887
vn -0.42899016 -0.7260363 -0.5374372
vn -0.54128635 -0.6466793 -0.5374151
vn -0.54100174 -0.64554316 -0.539065
vn -0.63836724 -0.5490953 -0.5394272
vn -0.63963836 -0.5494307 -0.53757674
vn -0.72092324 -0.43760502 -0.53737456
vn -0.7201435 -0.4363979 -0.539398
vn -0.78158206 -0.31389892 -0.5390706
vn -0.7834475 -0.31376782 -0.5364323
vn -0.82435596 -0.18243358 -0.5358688
vn -0.82276654 -0.18117477 -0.5387308
vn -0.5270715 -0.11606216 -0.8418582
vn -0.52706146 -0.11606307 -0.8418643
vn -0.53902495 -0.028629106 -0.84180313
vn -0.53802025 -0.028250257 -0.8424584
vn -0.5242621 -0.027527843 -0.85111195
vn -0.4971809 0.041185852 -0.86666894
vn -0.26009843 0.021546235 -0.9653417
vn -0.18517998 -0.0141877895 -0.9826022
vn -0.18236683 -0.015606082 -0.9831067
vn -0.1826093 -0.014262299 -0.98308206
vn -0.060542207 0.1728612 -0.9830838
vn -0.096251555 0.15586455 -0.98307776
vn -0.09717207 0.15662773 -0.9828658
vn -0.12826133 0.13230681 -0.98287535
vn -0.12743728 0.13058573 -0.98321265
vn -0.15291089 0.099978134 -0.9831696
vn -0.15392518 0.10024057 -0.98298466
vn -0.45331767 0.29521373 -0.8410422
vn -0.5057724 0.19179255 -0.8410766
vn -0.5083903 0.19163573 -0.8395326
vn -0.61790985 0.2329187 -0.75095695
vn -0.76885396 0.3489968 -0.53578436
vn -0.8127914 0.22959131 -0.5354045
vn -0.8391725 0.09399452 -0.5356815
vn -0.83939433 0.09391564 -0.5353476
vn -0.95693254 0.107066415 -0.26984578
vn -0.972773 0.1492125 -0.1773368
vn -0.81246614 0.22930126 -0.53602207
vn -0.98240316 0.06651288 -0.17452766
vn -0.997716 0.06754963 -0.00014036938
vn -0.9995073 -0.031389065 -0.00014062136
vn -0.9994541 -0.03303969 0
vn -0.99340373 -0.11466976 -0
vn -0.9793196 -0.11304402 0.1677922
vn -0.96342385 -0.20951208 0.16709055
vn -0.8543301 -0.5197283 0.0015923236
vn -0.80259573 -0.5965233 0
vn -0.80259573 -0.5965232 -0
vn -0.7594149 -0.6506066 -0
vn -0.68147576 -0.7318407 -0
vn -0.9283047 -0.37172383 0.008475246
vn -0.90960974 -0.41546363 0
vn -0.9096098 -0.41546372 -0
vn -0.8562828 -0.51650745 -0
vn -0.8562827 -0.5165074 0
vn -0.62220174 -0.78285694 -0
vn -0.530147 -0.8479057 -0
vn -0.457892 -0.8890078 -0
vn -0.9524079 -0.3048266 -0
vn -0.9771612 -0.21249948 0
vn -0.93985 -0.3415877 -0
vn -0.93984985 -0.34158766 0
vn -0.36026964 -0.9328482 -0
vn -0.2673375 -0.96360296 -0
vn -0.2028491 -0.97920877 0.0015993948
vn -0.19908676 -0.97998196 0
vn -0.19908674 -0.9799819 -0
vn -0.08985947 -0.99595445 -0
vn -0.0072050146 -0.999974 -0
vn 0.1067391 -0.9942871 0
vn 0.24478377 -0.95239884 -0.18170662
vn 0.18090628 -0.9665136 -0.18200101
vn 0.120604336 -0.9631565 -0.240383
vn 0.10502787 -0.97834677 -0.1783447
vn -0.0070890565 -0.98388064 -0.17868604
vn -0.038627174 -0.9638569 -0.26360536
vn -0.08854417 -0.98137623 -0.17047176
vn -0.19988675 -0.96490866 -0.17028385
vn -0.20088813 -0.9636665 -0.17604266
vn -0.3544489 -0.9182783 -0.1764397
vn -0.49171114 -0.83218724 -0.25628966
vn -0.35467172 -0.91835356 -0.17559825
vn -0.45074326 -0.8751283 -0.17601418
vn -0.5216039 -0.83424205 -0.17880039
vn -0.6122376 -0.77031994 -0.17824781
vn -0.620687 -0.74153984 -0.25468895
vn -0.67060757 -0.72016925 -0.17788078
vn -0.74659604 -0.64130425 -0.17698392
vn -0.7482253 -0.6410201 -0.17103258
vn -0.8417029 -0.51204664 -0.17130218
vn -0.8415267 -0.5108121 -0.1757945
vn -0.9138812 -0.36600605 -0.17567216
vn -0.9375164 -0.3000604 -0.17614415
vn -0.9593419 -0.21230656 -0.18598154
vn -0.9139426 -0.36597276 -0.1754218
vn -0.9788775 -0.11299298 -0.17038631
vn -0.9686826 -0.050258406 -0.24316238
vn -0.84352225 -0.04376468 -0.5353082
vn -0.8413402 -0.044685908 -0.53865564
vn -0.963004 -0.20942076 -0.16960663
vn -0.53544456 0.059974384 -0.84243816
vn -0.5348878 0.060085427 -0.842784
vn -0.5095491 0.05723906 -0.8585356
vn -0.49940065 0.14073832 -0.8548636
vn -0.49323767 0.14501278 -0.8577224
vn -0.3002271 0.042911977 -0.952902
vn -0.18221754 0.026044734 -0.9829133
vn -0.18343422 -0.014054144 -0.98293155
vn -0.18181361 0.026118968 -0.9829861
vn -0.17169428 0.06508025 -0.9829984
vn -0.1717565 0.06513131 -0.9829841
vn -0.51407397 0.15920763 -0.84284085
vn -0.51681024 0.16118367 -0.8407895
vn -0.5185662 0.14635427 -0.8424189
vn -0.51799726 0.14597917 -0.8428339
vn -0.9841132 -0.030905625 -0.17483146
vn -0.8543301 -0.5197283 -0.0015923236
vn -0.9283047 -0.37172383 -0.008475246
vn -0.2028491 -0.97920877 -0.0015993948
f 1//1 2//1 3//1
f 1//1 3//1 4//1
f 1//2 4//2 5//2
f 1//2 5//2 6//2
f 1//1 6//1 7//1
f 1//1 7//1 8//1
f 1//1 8//1 9//1
f 1//1 9//1 10//1
f 1//1 10//1 11//1
f 1//2 11//2 12//2
f 1//1 12//1 13//1
f 1//1 13//1 14//1
f 1//1 14//1 15//1
f 1//1 15//1 16//1
f 1//1 16//1 17//1
f 1//1 17//1 18//1
f 1//1 18//1 19//1
f 1//1 19//1 20//1
f 1//1 20//1 21//1
f 1//2 21//2 22//2
f 1//1 22//1 23//1
f 1//1 23//1 24//1
f 1//1 24//1 25//1
f 1//1 25//1 26//1
f 1//1 26//1 27//1
f 1//1 27//1 28//1
f 1//3 28//3 29//3
f 1//4 29//4 30//4
f 1//5 30//5 31//5
f 1//6 31//6 2//6
f 2//7 31//7 3//7
f 28//8 27//8 32//8
f 28//9 32//9 29//9
f 29//10 32//10 33//10
f 29//11 33//11 30//11
f 30//12 33//12 34//12
f 30//13 34//13 35//13
f 30//14 35//14 31//14
f 31//15 36//15 3//15
f 31//16 35//16 36//16
f 3//17 37//17 4//17
f 3//18 36//18 37//18
f 27//19 26//19 38//19
f 27//20 38//20 32//20
f 32//21 38//21 39//21
f 32//22 39//22 40//22
f 32//23 40//23 33//23
f 33//24 41//24 34//24
f 33//25 40//25 42//25
f 33//26 42//26 41//26
f 34//27 43//27 35//27
f 34//28 41//28 44//28
f 34//29 44//29 43//29
f 35//30 43//30 45//30
f 35//31 45//31 36//31
f 36//32 45//32 37//32
f 37//33 45//33 46//33
f 37//34 46//34 47//34
f 37//35 47//35 48//35
f 37//36 48//36 4//36
f 4//37 48//37 5//37
f 26//38 39//38 38//38
f 26//39 25//39 49//39
f 26//40 49//40 50//40
f 26//41 50//41 39//41
f 39//42 51//42 52//42
f 39//43 52//43 53//43
f 39//44 53//44 40//44
f 39//45 50//45 51//45
f 40//46 53//46 42//46
f 41//47 42//47 54//47
f 41//48 54//48 55//48
f 41//49 55//49 56//49
f 41//50 56//50 57//50
f 41//51 57//51 58//51
f 41//52 58//52 44//52
f 42//53 53//53 54//53
f 43//54 44//54 59//54
f 43//55 59//55 60//55
f 43//56 60//56 61//56
f 43//57 61//57 62//57
f 43//58 62//58 45//58
f 44//59 58//59 63//59
f 44//60 63//60 59//60
f 45//61 62//61 64//61
f 45//62 64//62 46//62
f 46//63 64//63 47//63
f 47//64 65//64 66//64
f 47//65 66//65 48//65
f 47//66 64//66 67//66
f 47//67 67//67 65//67
f 48//68 66//68 68//68
f 48//69 68//69 6//69
f 48//70 6//70 5//70
f 25//71 24//71 49//71
f 49//72 22//72 21//72
f 49//73 21//73 20//73
f 49//74 20//74 19//74
f 49//75 19//75 18//75
f 49//76 18//76 17//76
f 49//77 17//77 16//77
f 49//78 16//78 15//78
f 49//79 15//79 14//79
f 49//80 14//80 13//80
f 49//81 13//81 12//81
f 49//82 12//82 69//82
f 49//83 69//83 70//83
f 49//84 70//84 50//84
f 49//85 24//85 23//85
f 49//86 23//86 22//86
f 50//87 70//87 71//87
f 50//88 71//88 72//88
f 50//89 72//89 73//89
f 50//90 73//90 74//90
f 50//91 74//91 75//91
f 50//92 75//92 76//92
f 50//93 76//93 77//93
f 50//94 77//94 78//94
f 50//95 78//95 79//95
f 50//96 79//96 80//96
f 50//97 80//97 81//97
f 50//98 81//98 82//98
f 50//99 82//99 83//99
f 50//100 83//100 84//100
f 50//101 84//101 51//101
f 51//102 84//102 52//102
f 52//103 85//103 86//103
f 52//104 86//104 87//104
f 52//105 87//105 88//105
f 52//106 88//106 89//106
f 52//107 89//107 53//107
f 52//108 84//108 85//108
f 53//109 89//109 90//109
f 53//110 90//110 54//110
f 54//111 91//111 55//111
f 54//112 90//112 91//112
f 55//113 91//113 92//113
f 55//114 92//114 56//114
f 56//115 92//115 93//115
f 56//116 93//116 94//116
f 56//117 94//117 95//117
f 56//118 95//118 96//118
f 56//119 96//119 97//119
f 56//120 97//120 57//120
f 57//121 97//121 98//121
f 57//122 98//122 58//122
f 58//123 98//123 96//123
f 58//124 96//124 63//124
f 59//125 99//125 60//125
f 59//126 63//126 96//126
f 59//127 96//127 95//127
f 59//128 95//128 94//128
f 59//129 94//129 93//129
f 59//129 93//129 99//129
f 60//130 99//130 100//130
f 60//131 100//131 101//131
f 60//132 101//132 61//132
f 61//133 102//133 103//133
f 61//134 103//134 104//134
f 61//135 104//135 62//135
f 61//136 101//136 102//136
f 62//137 104//137 64//137
f 64//138 104//138 105//138
f 64//139 105//139 67//139
f 65//140 67//140 106//140
f 65//141 106//141 107//141
f 65//142 107//142 108//142
f 65//143 108//143 109//143
f 65//144 109//144 66//144
f 66//145 109//145 110//145
f 66//146 110//146 111//146
f 66//147 111//147 68//147
f 67//148 105//148 112//148
f 67//149 112//149 106//149
f 68//150 111//150 7//150
f 68//151 7//151 6//151
f 12//152 11//152 113//152
f 12//153 113//153 69//153
f 69//154 113//154 114//154
f 69//155 114//155 115//155
f 69//156 115//156 70//156
f 70//157 115//157 116//157
f 70//158 116//158 117//158
f 70//159 117//159 71//159
f 71//160 117//160 118//160
f 71//161 118//161 72//161
f 72//162 118//162 119//162
f 72//163 119//163 120//163
f 72//164 120//164 73//164
f 73//165 120//165 121//165
f 73//166 121//166 74//166
f 74//167 121//167 122//167
f 74//168 122//168 123//168
f 74//169 123//169 75//169
f 75//170 123//170 76//170
f 76//171 123//171 124//171
f 76//172 124//172 77//172
f 77//173 125//173 78//173
f 77//174 124//174 125//174
f 78//175 125//175 126//175
f 78//176 126//176 80//176
f 78//177 80//177 79//177
f 80//178 126//178 127//178
f 80//179 127//179 128//179
f 80//180 128//180 129//180
f 80//181 129//181 130//181
f 80//182 130//182 82//182
f 80//183 82//183 81//183
f 82//184 130//184 129//184
f 82//185 129//185 83//185
f 83//186 131//186 84//186
f 83//187 129//187 132//187
f 83//188 132//188 133//188
f 83//189 133//189 134//189
f 83//190 134//190 131//190
f 84//191 135//191 136//191
f 84//192 136//192 85//192
f 84//193 131//193 134//193
f 84//194 134//194 137//194
f 84//195 137//195 138//195
f 84//196 138//196 139//196
f 84//197 139//197 140//197
f 84//198 140//198 141//198
f 84//199 141//199 142//199
f 84//200 142//200 143//200
f 84//201 143//201 144//201
f 84//202 144//202 145//202
f 84//203 145//203 146//203
f 84//204 146//204 147//204
f 84//205 147//205 148//205
f 84//206 148//206 149//206
f 84//207 149//207 150//207
f 84//208 150//208 135//208
f 85//209 136//209 151//209
f 85//210 151//210 152//210
f 85//209 152//209 153//209
f 85//210 153//210 154//210
f 85//209 154//209 155//209
f 85//209 155//209 156//209
f 85//209 156//209 157//209
f 85//209 157//209 150//209
f 85//209 150//209 149//209
f 85//209 149//209 158//209
f 85//209 158//209 159//209
f 85//209 159//209 160//209
f 85//209 160//209 161//209
f 85//210 161//210 162//210
f 85//209 162//209 163//209
f 85//209 163//209 164//209
f 85//209 164//209 165//209
f 85//209 165//209 166//209
f 85//209 166//209 167//209
f 85//209 167//209 168//209
f 85//209 168//209 169//209
f 85//211 169//211 86//211
f 86//212 169//212 170//212
f 86//213 170//213 171//213
f 86//214 171//214 87//214
f 87//215 171//215 170//215
f 87//216 170//216 88//216
f 88//217 172//217 173//217
f 88//218 173//218 89//218
f 88//219 170//219 172//219
f 89//220 173//220 90//220
f 90//221 173//221 91//221
f 91//222 173//222 92//222
f 92//223 173//223 174//223
f 92//224 174//224 175//224
f 92//225 175//225 176//225
f 92//226 176//226 93//226
f 93//227 176//227 100//227
f 93//228 100//228 99//228
f 96//229 98//229 97//229
f 100//230 177//230 101//230
f 100//231 176//231 175//231
f 100//232 175//232 178//232
f 100//233 178//233 179//233
f 100//234 179//234 177//234
f 101//235 177//235 180//235
f 101//236 180//236 102//236
f 102//237 181//237 182//237
f 102//238 182//238 103//238
f 102//239 180//239 181//239
f 103//240 182//240 104//240
f 104//241 183//241 105//241
f 104//242 182//242 183//242
f 105//243 183//243 184//243
f 105//244 184//244 112//244
f 106//245 112//245 185//245
f 106//246 185//246 186//246
f 106//247 186//247 107//247
f 107//248 186//248 108//248
f 108//249 186//249 187//249
f 108//250 187//250 188//250
f 108//251 188//251 189//251
f 108//252 189//252 109//252
f 109//253 189//253 190//253
f 109//254 190//254 191//254
f 109//255 191//255 110//255
f 110//256 191//256 111//256
f 111//257 192//257 8//257
f 111//258 8//258 7//258
f 111//259 191//259 193//259
f 111//260 193//260 194//260
f 111//261 194//261 192//261
f 112//262 184//262 195//262
f 112//263 195//263 185//263
f 11//264 10//264 113//264
f 113//265 196//265 197//265
f 113//266 197//266 198//266
f 113//267 198//267 114//267
f 113//268 10//268 196//268
f 114//269 199//269 200//269
f 114//270 200//270 115//270
f 114//271 198//271 201//271
f 114//272 201//272 199//272
f 115//273 200//273 116//273
f 116//274 200//274 202//274
f 116//275 202//275 203//275
f 116//276 203//276 117//276
f 117//277 203//277 204//277
f 117//278 204//278 118//278
f 118//279 204//279 119//279
f 119//280 204//280 205//280
f 119//281 205//281 206//281
f 119//282 206//282 120//282
f 120//283 206//283 207//283
f 120//284 207//284 121//284
f 121//285 207//285 122//285
f 122//286 207//286 208//286
f 122//287 208//287 123//287
f 123//288 208//288 124//288
f 124//289 208//289 209//289
f 124//290 209//290 210//290
f 124//291 210//291 125//291
f 125//292 211//292 212//292
f 125//293 212//293 126//293
f 125//294 210//294 213//294
f 125//295 213//295 211//295
f 126//296 212//296 127//296
f 127//297 212//297 214//297
f 127//297 214//297 215//297
f 127//298 215//298 216//298
f 127//299 216//299 217//299
f 127//300 217//300 218//300
f 127//301 218//301 219//301
f 127//302 219//302 128//302
f 128//303 219//303 220//303
f 128//304 220//304 221//304
f 128//305 221//305 222//305
f 128//306 222//306 223//306
f 128//307 223//307 224//307
f 128//308 224//308 225//308
f 128//309 225//309 129//309
f 129//310 225//310 224//310
f 129//311 224//311 132//311
f 132//312 224//312 226//312
f 132//313 226//313 227//313
f 132//314 227//314 228//314
f 132//315 228//315 134//315
f 132//316 134//316 133//316
f 134//317 228//317 215//317
f 134//318 215//318 229//318
f 134//319 229//319 138//319
f 134//320 138//320 137//320
f 135//321 150//321 157//321
f 135//322 157//322 156//322
f 135//323 156//323 155//323
f 135//324 155//324 154//324
f 135//325 154//325 153//325
f 135//326 153//326 152//326
f 135//327 152//327 151//327
f 135//328 151//328 136//328
f 138//329 229//329 230//329
f 138//330 230//330 139//330
f 139//331 230//331 231//331
f 139//332 231//332 232//332
f 139//333 232//333 140//333
f 140//334 232//334 233//334
f 140//335 233//335 141//335
f 141//336 233//336 142//336
f 142//337 233//337 234//337
f 142//338 234//338 143//338
f 143//339 234//339 235//339
f 143//340 235//340 236//340
f 143//341 236//341 144//341
f 144//342 236//342 237//342
f 144//343 237//343 145//343
f 145//344 237//344 238//344
f 145//345 238//345 239//345
f 145//346 239//346 146//346
f 146//347 240//347 147//347
f 146//348 239//348 240//348
f 147//349 240//349 241//349
f 147//350 241//350 242//350
f 147//351 242//351 148//351
f 148//352 242//352 243//352
f 148//353 243//353 244//353
f 148//354 244//354 158//354
f 148//355 158//355 149//355
f 169//356 168//356 170//356
f 170//357 245//357 172//357
f 170//358 168//358 245//358
f 172//359 177//359 179//359
f 172//360 179//360 173//360
f 172//361 245//361 246//361
f 172//362 246//362 247//362
f 172//363 247//363 177//363
f 173//364 248//364 174//364
f 173//365 179//365 248//365
f 174//366 178//366 175//366
f 174//367 248//367 178//367
f 177//368 247//368 249//368
f 177//369 249//369 180//369
f 178//370 248//370 179//370
f 180//371 249//371 250//371
f 180//372 250//372 181//372
f 181//373 250//373 251//373
f 181//374 251//374 252//374
f 181//375 252//375 183//375
f 181//376 183//376 182//376
f 183//377 252//377 184//377
f 184//378 252//378 253//378
f 184//379 253//379 254//379
f 184//380 254//380 195//380
f 185//381 195//381 255//381
f 185//381 255//381 186//381
f 186//382 255//382 256//382
f 186//382 256//382 187//382
f 187//383 256//383 257//383
f 187//383 257//383 188//383
f 188//384 257//384 258//384
f 188//384 258//384 259//384
f 188//385 259//385 189//385
f 189//386 259//386 260//386
f 189//387 260//387 261//387
f 189//388 261//388 262//388
f 189//389 262//389 190//389
f 190//390 262//390 263//390
f 190//391 263//391 264//391
f 190//392 264//392 191//392
f 191//393 264//393 193//393
f 192//394 194//394 265//394
f 192//395 265//395 8//395
f 8//396 265//396 9//396
f 193//397 264//397 194//397
f 194//398 264//398 263//398
f 194//399 263//399 265//399
f 195//400 254//400 255//400
f 10//401 9//401 196//401
f 196//402 265//402 197//402
f 196//403 9//403 265//403
f 197//404 265//404 266//404
f 197//405 266//405 267//405
f 197//406 267//406 268//406
f 197//407 268//407 201//407
f 197//408 201//408 198//408
f 199//409 269//409 270//409
f 199//410 270//410 200//410
f 199//411 201//411 269//411
f 200//412 270//412 271//412
f 200//413 271//413 202//413
f 201//414 268//414 272//414
f 201//415 272//415 273//415
f 201//416 273//416 269//416
f 202//417 271//417 203//417
f 203//418 271//418 274//418
f 203//419 274//419 204//419
f 204//420 275//420 205//420
f 204//421 274//421 275//421
f 205//422 276//422 277//422
f 205//423 277//423 206//423
f 205//424 275//424 276//424
f 206//425 277//425 207//425
f 207//426 209//426 208//426
f 207//427 277//427 278//427
f 207//428 278//428 209//428
f 209//429 279//429 210//429
f 209//430 278//430 280//430
f 209//431 280//431 281//431
f 209//432 281//432 279//432
f 210//433 282//433 213//433
f 210//434 279//434 282//434
f 211//435 283//435 214//435
f 211//435 214//435 212//435
f 211//436 213//436 284//436
f 211//436 284//436 283//436
f 213//437 282//437 285//437
f 213//437 285//437 284//437
f 215//438 228//438 286//438
f 215//439 286//439 287//439
f 215//440 287//440 216//440
f 215//441 214//441 229//441
f 217//442 216//442 218//442
f 218//443 287//443 286//443
f 218//444 286//444 219//444
f 218//445 216//445 287//445
f 219//446 286//446 288//446
f 219//447 288//447 220//447
f 220//448 288//448 289//448
f 220//449 289//449 221//449
f 221//450 289//450 290//450
f 221//451 290//451 222//451
f 222//452 290//452 223//452
f 223//453 290//453 224//453
f 224//454 290//454 291//454
f 224//455 291//455 226//455
f 226//456 291//456 228//456
f 226//457 228//457 227//457
f 228//458 288//458 286//458
f 228//459 291//459 290//459
f 228//460 290//460 289//460
f 228//461 289//461 288//461
f 229//462 214//462 230//462
f 230//463 214//463 283//463
f 230//464 283//464 284//464
f 230//465 284//465 231//465
f 231//466 284//466 285//466
f 231//467 285//467 292//467
f 231//468 292//468 293//468
f 231//469 293//469 294//469
f 231//470 294//470 232//470
f 232//471 294//471 234//471
f 232//472 234//472 233//472
f 234//473 294//473 295//473
f 234//474 295//474 235//474
f 235//475 295//475 236//475
f 236//476 295//476 296//476
f 236//477 296//477 237//477
f 237//478 296//478 297//478
f 237//479 297//479 298//479
f 237//480 298//480 238//480
f 238//481 298//481 239//481
f 239//482 298//482 299//482
f 239//483 299//483 300//483
f 239//484 300//484 240//484
f 240//485 300//485 241//485
f 241//486 300//486 301//486
f 241//487 301//487 242//487
f 242//488 301//488 302//488
f 242//489 302//489 303//489
f 242//490 303//490 243//490
f 243//491 303//491 304//491
f 243//492 304//492 305//492
f 243//493 305//493 244//493
f 244//494 305//494 306//494
f 244//495 306//495 307//495
f 244//496 307//496 160//496
f 244//497 160//497 159//497
f 244//498 159//498 158//498
f 168//499 167//499 246//499
f 168//500 246//500 245//500
f 246//501 249//501 247//501
f 246//502 167//502 308//502
f 246//503 308//503 249//503
f 249//504 308//504 250//504
f 250//505 309//505 310//505
f 250//506 310//506 251//506
f 250//507 308//507 309//507
f 251//508 310//508 311//508
f 251//509 311//509 253//509
f 251//510 253//510 252//510
f 253//511 311//511 312//511
f 253//512 312//512 313//512
f 253//513 313//513 255//513
f 253//514 255//514 254//514
f 255//515 313//515 312//515
f 255//516 312//516 256//516
f 256//517 312//517 257//517
f 257//518 312//518 314//518
f 257//519 314//519 258//519
f 259//520 258//520 315//520
f 259//520 315//520 260//520
f 260//521 315//521 316//521
f 260//522 316//522 261//522
f 261//523 316//523 317//523
f 261//524 317//524 318//524
f 261//525 318//525 267//525
f 261//526 267//526 262//526
f 262//527 267//527 266//527
f 262//528 266//528 263//528
f 263//529 266//529 265//529
f 267//530 318//530 268//530
f 268//531 318//531 272//531
f 269//532 319//532 320//532
f 269//533 320//533 270//533
f 269//534 273//534 321//534
f 269//535 321//535 319//535
f 270//536 320//536 322//536
f 270//537 322//537 271//537
f 271//538 322//538 323//538
f 271//539 323//539 324//539
f 271//540 324//540 274//540
f 272//541 318//541 325//541
f 272//542 325//542 326//542
f 272//543 326//543 321//543
f 272//544 321//544 273//544
f 274//545 324//545 327//545
f 274//546 327//546 275//546
f 275//547 328//547 329//547
f 275//548 329//548 276//548
f 275//549 327//549 328//549
f 276//550 329//550 330//550
f 276//551 330//551 277//551
f 277//552 330//552 331//552
f 277//553 331//553 332//553
f 277//554 332//554 278//554
f 278//555 332//555 280//555
f 279//556 281//556 333//556
f 279//557 333//557 334//557
f 279//558 334//558 285//558
f 279//559 285//559 282//559
f 280//560 332//560 335//560
f 280//560 335//560 336//560
f 280//561 336//561 337//561
f 280//562 337//562 281//562
f 281//563 337//563 333//563
f 285//564 334//564 292//564
f 292//565 334//565 333//565
f 292//566 333//566 293//566
f 293//567 333//567 337//567
f 293//568 337//568 338//568
f 293//569 338//569 295//569
f 293//570 295//570 294//570
f 295//571 338//571 339//571
f 295//572 339//572 296//572
f 296//573 339//573 340//573
f 296//574 340//574 297//574
f 297//575 340//575 298//575
f 298//576 340//576 341//576
f 298//577 341//577 342//577
f 298//578 342//578 299//578
f 299//579 342//579 300//579
f 300//580 342//580 343//580
f 300//581 343//581 344//581
f 300//582 344//582 301//582
f 301//583 344//583 302//583
f 302//584 344//584 345//584
f 302//585 345//585 346//585
f 302//586 346//586 303//586
f 303//587 346//587 304//587
f 304//588 346//588 347//588
f 304//589 347//589 348//589
f 304//590 348//590 349//590
f 304//591 349//591 306//591
f 304//592 306//592 305//592
f 306//593 349//593 350//593
f 306//594 350//594 351//594
f 306//595 351//595 307//595
f 307//596 351//596 352//596
f 307//597 352//597 353//597
f 307//598 353//598 354//598
f 307//599 354//599 160//599
f 160//600 354//600 161//600
f 167//601 166//601 308//601
f 308//602 166//602 165//602
f 308//603 165//603 309//603
f 309//604 165//604 310//604
f 310//605 165//605 164//605
f 310//606 164//606 163//606
f 310//607 163//607 355//607
f 310//608 355//608 311//608
f 311//609 355//609 356//609
f 311//610 356//610 357//610
f 311//611 357//611 358//611
f 311//612 358//612 312//612
f 312//613 358//613 314//613
f 314//614 359//614 350//614
f 314//615 350//615 360//615
f 314//616 360//616 315//616
f 314//617 315//617 258//617
f 314//618 358//618 359//618
f 315//619 360//619 361//619
f 315//620 361//620 316//620
f 316//621 361//621 362//621
f 316//622 362//622 317//622
f 317//623 362//623 363//623
f 317//623 363//623 364//623
f 317//624 364//624 318//624
f 318//625 364//625 325//625
f 319//626 321//626 365//626
f 319//627 365//627 366//627
f 319//628 366//628 367//628
f 319//629 367//629 368//629
f 319//629 368//629 320//629
f 320//630 368//630 369//630
f 320//630 369//630 322//630
f 321//631 326//631 370//631
f 321//632 370//632 371//632
f 321//633 371//633 372//633
f 321//634 372//634 366//634
f 321//635 366//635 365//635
f 322//636 369//636 373//636
f 322//636 373//636 323//636
f 323//637 373//637 374//637
f 323//637 374//637 324//637
f 324//638 374//638 375//638
f 324//638 375//638 327//638
f 325//639 376//639 377//639
f 325//639 377//639 326//639
f 325//640 364//640 363//640
f 325//640 363//640 376//640
f 326//641 377//641 371//641
f 326//642 371//642 370//642
f 327//643 375//643 378//643
f 327//643 378//643 328//643
f 328//644 378//644 379//644
f 328//644 379//644 380//644
f 328//645 380//645 329//645
f 329//646 380//646 379//646
f 329//647 379//647 381//647
f 329//648 381//648 382//648
f 329//648 382//648 330//648
f 330//649 382//649 383//649
f 330//649 383//649 331//649
f 331//650 383//650 335//650
f 331//650 335//650 332//650
f 336//651 338//651 337//651
f 336//652 335//652 338//652
f 338//653 335//653 339//653
f 339//654 335//654 383//654
f 339//655 383//655 382//655
f 339//656 382//656 340//656
f 340//657 382//657 381//657
f 340//658 381//658 378//658
f 340//659 378//659 341//659
f 341//660 378//660 342//660
f 342//661 374//661 343//661
f 342//662 378//662 375//662
f 342//663 375//663 374//663
f 343//664 374//664 373//664
f 343//665 373//665 369//665
f 343//666 369//666 344//666
f 344//667 369//667 368//667
f 344//668 368//668 345//668
f 345//669 368//669 367//669
f 345//670 367//670 372//670
f 345//671 372//671 346//671
f 346//672 372//672 347//672
f 347//673 377//673 376//673
f 347//674 376//674 348//674
f 347//675 372//675 377//675
f 348//676 363//676 362//676
f 348//677 362//677 360//677
f 348//678 360//678 350//678
f 348//679 350//679 349//679
f 348//680 376//680 363//680
f 350//681 359//681 351//681
f 351//682 359//682 384//682
f 351//683 384//683 352//683
f 352//684 384//684 385//684
f 352//685 385//685 356//685
f 352//686 356//686 353//686
f 353//687 356//687 161//687
f 353//688 161//688 354//688
f 161//689 356//689 162//689
f 163//690 162//690 356//690
f 163//691 356//691 355//691
f 356//692 385//692 358//692
f 356//693 358//693 357//693
f 358//694 385//694 359//694
f 359//695 385//695 384//695
f 360//696 362//696 361//696
f 367//697 366//697 372//697
f 372//698 371//698 377//698
f 378//699 381//699 379//699
o geometry2
v 0.019878887 0.020512052 0.008200826
v 0.02112899 0.020491976 0.0086727915
v 0.02112899 0.020507593 0.008200826
v 0.019878887 0.020512052 0.005803175
v 0.019165412 0.020489747 0.008200826
v 0.019168459 0.020474132 0.0086727915
v 0.021122891 0.020349214 0.009698946
v 0.023068178 0.020219836 0.009698946
v 0.023083422 0.020360367 0.0086727915
v 0.02255289 0.020425057 0.008200826
v 0.021089353 0.020507593 0.005803175
v 0.02255289 0.020425057 0.005803175
v 0.021086304 0.020491976 0.0053295647
v 0.019116625 0.0204719 0.0053295647
v 0.019113578 0.020487515 0.005803175
v 0.017210979 0.020322446 0.008200826
v 0.017214026 0.020306831 0.0086727915
v 0.017232321 0.0201663 0.009698946
v 0.019174557 0.020331368 0.009698946
v 0.021116795 0.02006146 0.0106938565
v 0.019186754 0.020045843 0.0106938565
v 0.023040738 0.01993208 0.0106938565
v 0.024946384 0.019657709 0.0106938565
v 0.024998218 0.01993877 0.009698946
v 0.02502566 0.020079304 0.0086727915
v 0.023086473 0.020375982 0.008200826
v 0.02502871 0.020094918 0.008200826
v 0.023059031 0.020378213 0.005803175
v 0.023055982 0.020362597 0.0053295647
v 0.021083254 0.020349214 0.004296832
v 0.019122723 0.020326909 0.004296832
v 0.01716829 0.020157378 0.004296832
v 0.017149998 0.02029791 0.0053295647
v 0.017146949 0.020313524 0.005803175
v 0.0152748395 0.020007923 0.008200826
v 0.015277889 0.019992307 0.0086727915
v 0.01726586 0.019880775 0.0106938565
v 0.01530533 0.019851776 0.009698946
v 0.015363262 0.019570712 0.0106938565
v 0.021104598 0.019635402 0.011636144
v 0.019208098 0.019617556 0.011636144
v 0.017317694 0.019456947 0.011636144
v 0.022995003 0.019508254 0.011636144
v 0.02487016 0.01923611 0.011636144
v 0.027025828 0.018979585 0.0111724
v 0.02683069 0.01923611 0.0106938565
v 0.026903868 0.019514944 0.009698946
v 0.026940454 0.019651014 0.0086727915
v 0.026943505 0.01966663 0.008200826
v 0.025010414 0.020097148 0.005803175
v 0.025007365 0.020081535 0.0053295647
v 0.023040738 0.020219836 0.004296832
v 0.024982974 0.019941002 0.004296832
v 0.023010246 0.019929849 0.003296988
v 0.021077156 0.020056996 0.003296988
v 0.01913797 0.02003692 0.003296988
v 0.01720488 0.01986739 0.003296988
v 0.015293134 0.019550636 0.003296988
v 0.015232153 0.019836161 0.004296832
v 0.015204712 0.019976694 0.0053295647
v 0.015201663 0.019992307 0.005803175
v 0.014579659 0.019856237 0.008200826
v 0.01337529 0.01953056 0.0086727915
v 0.013414928 0.01939226 0.009698946
v 0.013491154 0.019115657 0.0106938565
v 0.015448635 0.019151345 0.011636144
v 0.013610066 0.018705212 0.011636144
v 0.01923249 0.019059889 0.012509362
v 0.021086304 0.019075504 0.012509362
v 0.02293707 0.018952817 0.012509362
v 0.017387822 0.018901512 0.012509362
v 0.0155584 0.018604834 0.012509362
v 0.02476954 0.018687367 0.012509362
v 0.026373334 0.018622678 0.012108109
v 0.026720924 0.018823437 0.011636144
v 0.027108151 0.01902866 0.011016175
v 0.027379517 0.018836822 0.0112299565
v 0.027263653 0.019122347 0.010682345
v 0.027440496 0.019240573 0.0101824235
v 0.027562458 0.019343182 0.009641389
v 0.027577704 0.019358799 0.009544365
v 0.027653929 0.019434642 0.008893152
v 0.025202505 0.02006146 0.005803175
v 0.027678322 0.019461408 0.008200826
v 0.02493114 0.019655477 0.003296988
v 0.026934357 0.019653246 0.0053295647
v 0.02689777 0.019514944 0.004296832
v 0.022964511 0.01949933 0.0023481236
v 0.021064961 0.019626478 0.0023481236
v 0.019159313 0.019604173 0.0023481236
v 0.017259764 0.019439101 0.0023481236
v 0.015378507 0.01912681 0.0023481236
v 0.013411879 0.019088887 0.003296988
v 0.0133326035 0.019367721 0.004296832
v 0.013292966 0.019506022 0.0053295647
v 0.014579659 0.019856237 0.005803175
v 0.013372241 0.019543944 0.008200826
v 0.012009322 0.019117886 0.008200826
v 0.011509279 0.018923819 0.0086727915
v 0.011558064 0.018789977 0.009698946
v 0.0116586825 0.018520068 0.0106938565
v 0.011805036 0.018118547 0.011636144
v 0.013762518 0.018167622 0.012509362
v 0.01926603 0.018381767 0.013292134
v 0.02106801 0.018399611 0.013292134
v 0.017470147 0.01823008 0.013292134
v 0.022863893 0.018276924 0.013292134
v 0.024647579 0.018020399 0.013292134
v 0.015692558 0.017940093 0.013292134
v 0.01394546 0.017516267 0.013292134
v 0.02547082 0.018149776 0.012984617
v 0.025952566 0.018401843 0.012557052
v 0.026620306 0.018441994 0.01226269
v 0.027010582 0.018642753 0.011792369
v 0.026727023 0.018814515 0.011647655
v 0.027705763 0.019026428 0.0105458535
v 0.02771796 0.018537913 0.01148814
v 0.028120432 0.018745365 0.010751413
v 0.027839921 0.019113425 0.010154467
v 0.028019814 0.01915804 0.009738414
v 0.028117383 0.019256188 0.008980309
v 0.02815397 0.019289646 0.008200826
v 0.026937407 0.019668862 0.005803175
v 0.02815397 0.019289646 0.005803175
v 0.027678322 0.019461408 0.005707795
v 0.024851866 0.01922942 0.0023481236
v 0.026821543 0.01923388 0.003296988
v 0.026973994 0.018948356 0.0027378649
v 0.02764783 0.01943018 0.005051648
v 0.027562458 0.019343182 0.004362611
v 0.027437449 0.019238342 0.003808421
v 0.02290658 0.018939432 0.0014732606
v 0.021049716 0.01906212 0.0014732606
v 0.019186754 0.019042043 0.0014732606
v 0.01732989 0.018879205 0.0014732606
v 0.015491322 0.018573605 0.0014732606
v 0.013686292 0.0181297 0.0014732606
v 0.013530791 0.018671753 0.0023481236
v 0.011719663 0.018076165 0.0023481236
v 0.01157026 0.018482145 0.003296988
v 0.011466593 0.018754289 0.004296832
v 0.011417808 0.018890359 0.0053295647
v 0.012009322 0.019117886 0.005803175
v 0.013286868 0.019521637 0.005803175
v 0.011506231 0.018939432 0.008200826
v 0.009698152 0.018178776 0.0086727915
v 0.009756083 0.018049397 0.009698946
v 0.009874996 0.017788408 0.0106938565
v 0.012000174 0.017594341 0.012509362
v 0.010051839 0.01739804 0.011636144
v 0.0050758114 0.0142884925 0.013423692
v 0.019302618 0.017601032 0.01396966
v 0.021043617 0.017616648 0.01396966
v 0.02278157 0.017498422 0.01396966
v 0.01584806 0.017172744 0.01396966
v 0.017567717 0.017451577 0.01396966
v 0.024306087 0.017538574 0.013777256
v 0.024918944 0.017862022 0.013395736
v 0.012231901 0.016958602 0.013292134
v 0.012503265 0.016224712 0.01396966
v 0.014158892 0.016762301 0.01396966
v 0.025824508 0.018042706 0.01300435
v 0.026223931 0.018243466 0.012660654
v 0.026848983 0.01812524 0.012534029
v 0.027288046 0.01833046 0.012066997
v 0.028291177 0.018843513 0.010312337
v 0.028050303 0.018167622 0.011724945
v 0.028294228 0.018274695 0.011361515
v 0.028525954 0.018383997 0.0109405285
v 0.028733289 0.01848884 0.010457052
v 0.02850461 0.018883666 0.009833794
v 0.028620474 0.018990738 0.009029644
v 0.028611328 0.019057658 0.008200826
v 0.028611328 0.019057658 0.005803175
v 0.028117383 0.019256188 0.005023692
v 0.026788004 0.018845744 0.0024402142
v 0.026711777 0.018814515 0.0023481236
v 0.026632503 0.01876098 0.002219854
v 0.026214784 0.018540144 0.0017182878
v 0.024751246 0.018673982 0.0014732606
v 0.02724231 0.019106733 0.0032673874
v 0.027108151 0.01902866 0.0029861815
v 0.027410008 0.018814515 0.0027493765
v 0.028019814 0.01915804 0.0042655864
v 0.027879559 0.01909335 0.0038347328
v 0.027742352 0.019004121 0.0034384134
v 0.02283645 0.018256849 0.0006871992
v 0.024626236 0.018000323 0.0006871992
v 0.021028373 0.018375074 0.0006871992
v 0.019220293 0.018357228 0.0006871992
v 0.017415263 0.018198851 0.0006871992
v 0.015631577 0.017902173 0.0006871992
v 0.013875332 0.017471654 0.0006871992
v 0.01191785 0.017547496 0.0014732606
v 0.005030076 0.01451602 0.0010029394
v 0.009960368 0.017344505 0.0023481236
v 0.009777427 0.017737104 0.003296988
v 0.009655464 0.018002553 0.004296832
v 0.01141171 0.018903743 0.005803175
v 0.009597533 0.01813193 0.0053295647
v 0.009591435 0.018145315 0.005803175
v 0.009692053 0.018192159 0.008200826
v 0.0016639391 0.014453562 0.009100356
v 0.00042298157 0.013188774 0.011381249
v 0.005030076 0.01451602 0.013001061
v 0.0018133419 0.012354504 0.013601296
v 0.0049629975 0.014103347 0.013563473
v 0.019345304 0.01672884 0.014528783
v 0.021019226 0.016744457 0.014528783
v 0.017674431 0.01658608 0.014528783
v 0.02290353 0.016773455 0.014436692
v 0.023635298 0.017177206 0.014124241
v 0.016021853 0.016316168 0.014528783
v 0.014396717 0.01592134 0.014528783
v 0.024336576 0.016958602 0.014166998
v 0.025150672 0.017337814 0.013769032
v 0.02502566 0.017643414 0.013566762
v 0.01280512 0.015406056 0.014528783
v 0.025989156 0.01772595 0.0132444445
v 0.02641602 0.01792448 0.012918837
v 0.027074613 0.017752718 0.012779057
v 0.02755941 0.01795571 0.012316957
v 0.028364355 0.01772149 0.0119321495
v 0.028641816 0.017828561 0.011552274
v 0.028913181 0.017937863 0.011103332
v 0.029157106 0.018047165 0.010578743
v 0.028986359 0.018517837 0.009914373
v 0.029114418 0.018633831 0.0090724
v 0.029160153 0.018673982 0.008200826
v 0.029160153 0.018673982 0.005803175
v 0.028620474 0.018990738 0.004974357
v 0.027034976 0.018615987 0.0021869643
v 0.026641648 0.018417457 0.0017166436
v 0.026242226 0.018216696 0.0013186792
v 0.02572389 0.018283617 0.0012364555
v 0.025153719 0.017986938 0.00077600125
v 0.02815397 0.018720828 0.0032361425
v 0.0277454 0.018511144 0.0024961266
v 0.02850461 0.018883666 0.0041702064
v 0.028324718 0.018818976 0.003680152
v 0.022754127 0.017469423 9.673648e-06
v 0.02100703 0.01758542 9.673648e-06
v 0.024546962 0.017665721 0.0003698147
v 0.024159733 0.017458271 0.00014616549
v 0.024921993 0.017866481 0.0006131977
v 0.017515883 0.017413657 9.673648e-06
v 0.019256882 0.017565342 9.673648e-06
v 0.015790127 0.017128132 9.673648e-06
v 0.014094863 0.016708765 9.673648e-06
v 0.012430089 0.016164484 9.673648e-06
v 0.012155675 0.016905066 0.0006871992
v 0.0052313125 0.013920432 0.00044052722
v 2.0508654e-05 0.011618384 0.000799024
v 0.00042298157 0.013188774 0.0026227515
v 0.00495385 0.014553942 0.0011427202
v 0.0016639391 0.014453562 0.004902
v 0.000892533 0.013831206 0.004902
v 0.000892533 0.013831206 0.009100356
v 0.000334559 0.013017012 0.002542172
v 0.000334559 0.013017012 0.01150623
v 0.00015466567 0.011486774 0.013423692
v 0.0035756854 0.013298076 0.013601296
v 0.00037419703 0.011489005 0.013563473
v 0.0070973234 0.011199018 0.014999103
v 0.009582289 0.012825174 0.014956348
v 0.010213438 0.013188774 0.014956348
v 0.011646486 0.013909278 0.014956348
v 0.01125316 0.014768085 0.014528783
v 0.01938799 0.01578527 0.014956348
v 0.020991784 0.015800884 0.014956348
v 0.017790295 0.0156492 0.014956348
v 0.021235706 0.01581873 0.014948124
v 0.021943083 0.016231403 0.01475901
v 0.022098584 0.01632063 0.014712964
v 0.016207846 0.015392672 0.014956348
v 0.022790715 0.01622025 0.014714609
v 0.023552975 0.01658831 0.014474515
v 0.014652836 0.015013459 0.014956348
v 0.024525618 0.01632509 0.014426825
v 0.025385447 0.016639614 0.014096284
v 0.025269583 0.017003214 0.0139466375
v 0.026150756 0.017366812 0.013459871
v 0.013128318 0.014518251 0.014956348
v 0.026605062 0.01755642 0.013152353
v 0.027284997 0.017324429 0.012991194
v 0.027815528 0.017518498 0.012534029
v 0.028644867 0.017206203 0.012094953
v 0.028952818 0.017306585 0.011700278
v 0.029257722 0.017411426 0.011228312
v 0.029532136 0.017518498 0.010667545
v 0.029437616 0.018056089 0.009973574
v 0.029580921 0.018178776 0.009105289
v 0.029437616 0.01842415 0.008200826
v 0.029437616 0.01842415 0.005803175
v 0.029114418 0.018633831 0.0049316008
v 0.027309388 0.018303692 0.00191727
v 0.026867278 0.018098472 0.0014502378
v 0.026431266 0.01789548 0.0010654293
v 0.025839753 0.018015936 0.000978272
v 0.025037855 0.017616648 0.00041914918
v 0.028763779 0.01846207 0.0035387266
v 0.028553396 0.018354997 0.0030503161
v 0.02831862 0.018245695 0.0026276847
v 0.028074697 0.018138623 0.0022626105
v 0.028986359 0.018517837 0.0040896274
v 0.023857879 0.017297663 -1.17043965e-05
v 0.023406621 0.017050058 -0.0002254867
v 0.023092572 0.016876066 -0.00035868958
v 0.020982638 0.016704304 -0.00054616015
v 0.019302618 0.016686458 -0.00054616015
v 0.025159817 0.017311046 0.00022016698
v 0.024345726 0.016934063 -0.00017450796
v 0.017625647 0.016539235 -0.00054616015
v 0.01596697 0.016264863 -0.00054616015
v 0.014335737 0.015863344 -0.00054616015
v 0.012738042 0.015336906 -0.00054616015
v 0.005106302 0.013753132 0.00040270435
v 0.0016090563 0.011683073 0.00040270435
v 0.011186082 0.014692243 -0.00054616015
v 0.009685956 0.013927124 -0.00054616015
v 0.00042603072 0.010946953 0.00044052722
v 0.00021259766 0.010906801 0.000580308
v 7.5391494e-05 0.010882264 0.000799024
v 8.312054e-06 0.011085254 0.0010029394
v -1.6080216e-05 0.011620615 0.0010029394
v 0.00021869596 0.012756024 0.0024237693
v 7.234234e-05 0.012490574 0.011591742
v 0.00029492192 0.012934477 0.011563786
v 9.673461e-05 0.010775192 0.013204977
v 0.00023089163 0.01080419 0.013423692
v 0.0004443247 0.010851035 0.013563473
v 1.7459504e-05 0.011486774 0.013204977
v 0.006740586 0.006039486 0.015344445
v 0.0067710765 0.0069116764 0.015374046
v 0.006859498 0.008383917 0.015374046
v 0.006896087 0.009093269 0.015346089
v 0.007048538 0.009809313 0.015298398
v 0.00707293 0.010525357 0.015170129
v 0.007088176 0.010888956 0.015084617
v 0.009777427 0.012499497 0.015084617
v 0.0120611545 0.013003628 0.015244132
v 0.013472859 0.013585832 0.015244132
v 0.020299653 0.015256602 0.01514053
v 0.020543575 0.015403826 0.015096128
v 0.017912257 0.014663244 0.015244132
v 0.0220498 0.01585442 0.014903724
v 0.016406033 0.01441564 0.015244132
v 0.0149242 0.014056503 0.015244132
v 0.022924874 0.01572058 0.014869189
v 0.023708476 0.01601949 0.014676785
v 0.024696365 0.015629124 0.014579762
v 0.025492162 0.016255941 0.014211398
v 0.026437365 0.016541466 0.013785478
v 0.026300158 0.016969753 0.013642408
v 0.026781905 0.017143745 0.013351335
v 0.027474036 0.016849298 0.013157287
v 0.028044205 0.01702106 0.012706699
v 0.028876593 0.016632922 0.0122034885
v 0.029211987 0.016719919 0.011797302
v 0.029541284 0.016813606 0.011305602
v 0.029843139 0.016911756 0.010715235
v 0.029833991 0.017502883 0.010006464
v 0.029989492 0.017627802 0.009123378
v 0.029629705 0.018221159 0.008200826
v 0.029629705 0.018221159 0.005803175
v 0.029580921 0.018178776 0.004898711
v 0.027577704 0.01792671 0.001670598
v 0.027089857 0.01772372 0.0012084991
v 0.026617257 0.017529652 0.0008368469
v 0.0260044 0.017699182 0.0007414669
v 0.029181497 0.018018167 0.003420324
v 0.028934525 0.017908864 0.0028924462
v 0.028663162 0.017799562 0.0024418589
v 0.02838265 0.01769249 0.0020603398
v 0.029437616 0.018056089 0.004030426
v 0.023559073 0.016566003 -0.0004787366
v 0.022257134 0.016407626 -0.00066127395
v 0.021308884 0.01585442 -0.0009276797
v 0.019348353 0.015736194 -0.0009704358
v 0.01774456 0.015595663 -0.0009704358
v 0.026159901 0.017342275 0.0005293293
v 0.02527873 0.016978677 4.585227e-05
v 0.024531715 0.016305014 -0.0004294021
v 0.016159061 0.015332444 -0.0009704358
v 0.014597953 0.0149487695 -0.0009704358
v 0.013070386 0.014444639 -0.0009704358
v 0.010152457 0.013097316 -0.0009704358
v 0.0070973234 0.01187491 -0.0007615872
v 0.0006303154 0.010987105 0.00040270435
v 0.0070973234 0.011199018 -0.0009951028
v 0.011585506 0.013826745 -0.0009704358
v 0.0006181197 0.010315674 0.00044052722
v 0.00041688327 0.010228679 0.000580308
v 0.00707293 0.010525357 -0.001166129
v 0.007048538 0.009809313 -0.0012943982
v 0.006896087 0.009093269 -0.0013420884
v 0.006859498 0.008383917 -0.0013700449
v 0.0067710765 0.0069116764 -0.0013700449
v 0.006740586 0.006032794 -0.0013404437
v 0.006707046 0.005158372 -0.0012319083
v 0.00028882362 0.010175142 0.000799024
v 0.0001302734 0.010511973 0.0010029394
v 4.1851774e-05 0.0108755715 0.0010029394
v -0.00046428852 0.01040044 0.011981484
v 2.9655173e-05 0.01207567 0.0021721642
v 7.5391494e-05 0.012298737 0.0022445214
v -0.0004307488 0.010764038 0.0119633945
v -0.0003789151 0.011089716 0.011920638
v -0.00023256149 0.011674151 0.011805525
v -0.00017463043 0.011850373 0.011762768
v 0.00016076397 0.012597647 0.0117907245
v 0.00020649936 0.0105365105 0.013300356
v 0.00029492192 0.010563279 0.013423692
v 0.00041688327 0.010598969 0.013520717
v 0.006707046 0.005167295 0.015237553
v -0.00033927802 0.011263708 0.011891037
v 0.00012112688 0.012468268 0.011872948
v 0.0068686455 0.005711578 0.015329644
v 0.006877792 0.0060261018 0.015362533
v 0.006899135 0.006606075 0.015397068
v 0.0069082826 0.006904985 0.015402
v 0.006996705 0.008374994 0.015402
v 0.0070210975 0.009086577 0.015375689
v 0.010475656 0.011332858 0.015362533
v 0.010094526 0.011970829 0.015244132
v 0.010695186 0.012316583 0.015244132
v 0.012484971 0.012071209 0.015385557
v 0.013826547 0.012622184 0.015385557
v 0.015201663 0.013070548 0.015385557
v 0.0206259 0.015127223 0.015168484
v 0.019436775 0.014792623 0.015244132
v 0.019320913 0.014649861 0.015278665
v 0.022165664 0.015421671 0.0150188375
v 0.018290337 0.013987352 0.015362533
v 0.016610319 0.01341184 0.015385557
v 0.022278477 0.014971076 0.015082972
v 0.02385483 0.015412748 0.014793543
v 0.02477259 0.015267755 0.014611007
v 0.025678154 0.015435055 0.014328156
v 0.02558973 0.01585219 0.014290333
v 0.026559325 0.016081948 0.013882502
v 0.027080711 0.016204635 0.013612808
v 0.026940454 0.016690921 0.013505917
v 0.027635636 0.016334014 0.013270756
v 0.028236296 0.016474545 0.012823457
v 0.029050387 0.016015029 0.01224789
v 0.029401027 0.01608418 0.011833481
v 0.029745568 0.016162252 0.0113286255
v 0.030065719 0.016247017 0.01071688
v 0.030151092 0.016867142 0.010008109
v 0.03009011 0.017014368 0.010009753
v 0.030315738 0.01698983 0.009123378
v 0.030080963 0.017605495 0.008200826
v 0.030080963 0.017605495 0.005803175
v 0.029989492 0.017627802 0.004880622
v 0.027827725 0.0174895 0.00145846
v 0.027297191 0.017297663 0.0010029394
v 0.026791051 0.017116979 0.0006427984
v 0.02955043 0.0174895 0.0033331667
v 0.029272968 0.017382428 0.0027707545
v 0.028968064 0.017279817 0.0022971444
v 0.028657064 0.017179437 0.0019024694
v 0.029833991 0.017502883 0.0039975364
v 0.023714574 0.016001645 -0.0006777188
v 0.022796813 0.016200174 -0.0007188306
v 0.022052849 0.015838806 -0.0009046565
v 0.020543575 0.015394903 -0.0010904833
v 0.020958245 0.015751809 -0.0009704358
v 0.020348437 0.015274446 -0.0011266614
v 0.017872619 0.014598555 -0.0012516421
v 0.016360298 0.01434872 -0.0012516421
v 0.026309304 0.016945217 0.0003517256
v 0.025391545 0.01661731 -9.8861754e-05
v 0.024699412 0.015615739 -0.00057740556
v 0.02549826 0.016235864 -0.00021233084
v 0.013421025 0.013505528 -0.0012516421
v 0.014875416 0.01398289 -0.0012516421
v 0.009777427 0.012499497 -0.0010806159
v 0.009609729 0.012782792 -0.0009704358
v 0.007088176 0.010888956 -0.0010806159
v 0.012006273 0.012916632 -0.0012516421
v 0.0066735065 0.0042906427 -0.0010444378
v 0.0064814175 0.0034831413 -0.00071060844
v 0.00076447334 0.009613014 0.000580308
v 0.0049843406 -0.00040714163 0.0016229078
v 0.010121968 0.011921754 -0.0012516421
v 0.010475656 0.011332858 -0.0013585328
v 0.0070210975 0.009088808 -0.0013716887
v 0.006996705 0.008374994 -0.0013980004
v 0.0069082826 0.006904985 -0.0013980004
v 0.006899135 0.006619459 -0.0013930672
v 0.0068686455 0.0057071163 -0.0013256432
v 0.0068503506 0.0051985243 -0.0012516421
v 0.00025833305 0.010161758 0.0010029394
v 0.005469137 -0.0016897749 0.0020570508
v 0.0055575594 -0.0019262256 0.0021425635
v -0.0003636703 0.010097069 0.011981484
v 0.00037419703 0.010094838 0.013300356
v 0.0005754335 0.010186296 0.013520717
v 0.0068503506 0.0051851403 0.015252354
v 0.0066735065 0.004301796 0.015051726
v 0.01961362 0.013251232 0.015304977
v 0.019558737 0.0134430695 0.015329644
v 0.018333023 0.01307724 0.015365822
v 0.018119592 0.013237848 0.015387202
v 0.017253665 0.01301032 0.015397068
v 0.01672618 0.012954554 0.015402
v 0.015329722 0.012615492 0.015402
v 0.013988147 0.012180512 0.015402
v 0.012683159 0.011642922 0.015402
v 0.011420857 0.011007181 0.015402
v 0.010862883 0.010685965 0.015402
v 0.01062201 0.011089716 0.015385557
v 0.011192179 0.011419854 0.015385557
v 0.016945712 0.013101777 0.015400358
v 0.020711273 0.014819391 0.0152227525
v 0.019327011 0.014210419 0.015337866
v 0.01806166 0.013414071 0.015392134
v 0.022385195 0.014511559 0.015096128
v 0.023171846 0.014652091 0.0149760805
v 0.023921909 0.015098224 0.01481821
v 0.020796645 0.014507098 0.015253998
v 0.023985937 0.0147814695 0.01481821
v 0.02483967 0.014901926 0.014609362
v 0.02575133 0.015013459 0.014326511
v 0.026662992 0.015604585 0.013930192
v 0.027193524 0.015693812 0.01366543
v 0.027763695 0.01578973 0.013325023
v 0.02838265 0.015892342 0.01287608
v 0.029154055 0.015370365 0.012224867
v 0.02847717 0.015292292 0.0128629245
v 0.029510792 0.01541944 0.01180388
v 0.029861432 0.0154774375 0.011290803
v 0.03018463 0.015546588 0.0106691895
v 0.030364525 0.016173406 0.00997193
v 0.030324886 0.016340706 0.009983441
v 0.03053222 0.016291631 0.009106934
v 0.030504778 0.016655229 0.008200826
v 0.030370621 0.017032214 0.008200826
v 0.030370621 0.017032214 0.005803175
v 0.030315738 0.01698983 0.004880622
v 0.028053354 0.01699429 0.0012907232
v 0.027483184 0.01682476 0.00084013585
v 0.026949603 0.016666383 0.00049150595
v 0.029852286 0.016884988 0.0032871212
v 0.02955043 0.01678684 0.002696753
v 0.029221134 0.016695382 0.002203409
v 0.02888574 0.016608385 0.001797223
v 0.030151092 0.016867142 0.0039958917
v 0.023857879 0.015399365 -0.00079118786
v 0.022927921 0.015704965 -0.0008684783
v 0.022168713 0.015408287 -0.0010164813
v 0.020628948 0.015113839 -0.001166129
v 0.019397138 0.014732394 -0.0012516421
v 0.019348353 0.014652091 -0.0012664427
v 0.019269079 0.014391103 -0.001314132
v 0.018268995 0.013965046 -0.001356889
v 0.01656763 0.013335997 -0.0013864893
v 0.015155927 0.012990244 -0.0013864893
v 0.02644651 0.016516928 0.0002119448
v 0.02477564 0.015256602 -0.00060700625
v 0.025595829 0.015834345 -0.00028797705
v 0.025681201 0.015421671 -0.00032579992
v 0.026565423 0.016064104 0.000118209515
v 0.013780812 0.012537419 -0.0013864893
v 0.010640304 0.012220664 -0.0012516421
v 0.012439236 0.011977522 -0.0013864893
v 0.0066399677 0.0034452202 -0.0007763873
v 0.006819861 0.004275028 -0.0010444378
v 0.0068046153 0.0038177413 -0.0009063012
v 0.0065210545 0.0026421798 -0.0004096683
v 0.011143395 0.011319474 -0.0013864893
v 0.010655548 0.01103618 -0.0013864893
v 0.010862883 0.010685965 -0.0013980004
v 0.011341582 0.010964799 -0.0013980004
v 0.012609982 0.011609461 -0.0013980004
v 0.013921067 0.012155974 -0.0013980004
v 0.015268742 0.012599877 -0.0013980004
v 0.016649956 0.012938939 -0.0013980004
v 0.01672618 0.012954554 -0.0013980004
v 0.01806166 0.01341184 -0.001388134
v 0.017848227 0.013054933 -0.001381556
v 0.018171426 0.013070548 -0.0013684002
v 0.019558737 0.0134430695 -0.0013256432
v 0.020293554 0.013516681 -0.0012713759
v 0.020077072 0.013061626 -0.001215463
v 0.021113746 0.0132623855 -0.0011299509
v 0.005591099 -0.0020132223 0.002195187
v 0.006609477 0.0026265653 -0.0004294021
v 0.0065820357 0.001845832 -1.9324943e-07
v 0.0056307362 -0.0021046791 0.002277411
v -1.9129366e-05 0.00939664 0.011981484
v 0.0024932772 0.0043352563 0.012381093
v 0.0007888656 0.00980039 0.013520717
v 0.0064814175 0.0034942948 0.014721187
v 0.006819861 0.0042861816 0.015053371
v 0.021116795 0.0132579245 0.015132306
v 0.020360634 0.013266847 0.015232619
v 0.0066399677 0.0034563732 0.014785321
v 0.0068046153 0.0038110493 0.0149086565
v 0.021040568 0.013563525 0.01519973
v 0.020964343 0.013878049 0.015242487
v 0.019503854 0.013634907 0.015344445
v 0.019448971 0.013826745 0.015351022
v 0.022485811 0.014052041 0.01505666
v 0.020882018 0.014192574 0.015260575
v 0.02327856 0.014110039 0.014921812
v 0.024095703 0.014152422 0.014744209
v 0.024897601 0.014536096 0.014576472
v 0.025809262 0.014589632 0.014283756
v 0.026742268 0.015118301 0.013926903
v 0.02727585 0.015171836 0.013658853
v 0.027852118 0.015227603 0.013316801
v 0.028937574 0.014832775 0.012409048
v 0.029178448 0.014951 0.012168955
v 0.029352244 0.015035765 0.01197655
v 0.027897853 0.014667706 0.0132428
v 0.028516807 0.014690012 0.012779057
v 0.029718127 0.015207527 0.01150294
v 0.030023031 0.015345829 0.01099973
v 0.030270003 0.0154551305 0.010471852
v 0.030455995 0.015535435 0.009911085
v 0.03062674 0.015604585 0.009065822
v 0.030684672 0.015629124 0.008200826
v 0.030590152 0.016331783 0.008200826
v 0.030590152 0.016331783 0.005803175
v 0.030504778 0.016655229 0.005803175
v 0.03053222 0.016291631 0.0048970664
v 0.030330984 0.0163184 0.0040222034
v 0.028242394 0.016452238 0.0011772541
v 0.027641732 0.016311707 0.00072995573
v 0.02708376 0.01618456 0.00038790377
v 0.030071815 0.016224712 0.0032871212
v 0.029751666 0.016139947 0.0026770192
v 0.029056486 0.015994953 0.0017544664
v 0.029404078 0.016064104 0.00217052
v 0.023985937 0.014774777 -0.0008125664
v 0.023171846 0.0146453995 -0.0009704358
v 0.022278477 0.014959923 -0.0010806159
v 0.020714322 0.014810468 -0.0012203972
v 0.019330058 0.014203727 -0.0013338658
v 0.01800068 0.013585832 -0.0013848445
v 0.017073771 0.013186542 -0.0013947119
v 0.02483967 0.014893003 -0.00060536154
v 0.026666041 0.015591202 7.2163995e-05
v 0.02575133 0.015004536 -0.00032251095
v 0.027196575 0.015678197 0.00033856975
v 0.0067924196 0.0034296056 -0.0007681651
v 0.021882102 0.013228925 -0.0009967475
v 0.022656558 0.013173159 -0.00082572224
v 0.01939104 0.014016351 -0.001345377
v 0.019448971 0.013824513 -0.0013470217
v 0.020882018 0.014190342 -0.0012565753
v 0.020964343 0.013875819 -0.0012384863
v 0.021040568 0.013567987 -0.0011957292
v 0.021799779 0.0135969855 -0.0010954165
v 0.006740586 0.001845832 2.282951e-05
v 0.025412887 0.012822944 0.00018398836
v 0.006764978 0.0025596456 -0.0003850013
v 0.005761845 -0.002249673 0.003489392
v 0.0057496484 -0.002271979 0.010501453
v 0.005527069 -0.0018503834 0.011897616
v 0.025620222 0.012720333 0.0003714594
v 0.026470903 0.013005858 0.0007085777
v 0.027263653 0.0134252235 0.0009322269
v 0.027227065 0.013264616 0.0012200107
v 0.027958833 0.013623754 0.0015719291
v 0.028306425 0.013791054 0.001800512
v 0.028638769 0.0139449695 0.0020636283
v 0.028952818 0.014087732 0.0023612794
v 0.02923943 0.014214881 0.002693464
v 0.005435598 -0.0015916256 0.0119633945
v 0.0064417804 0.002677871 0.014380779
v 0.0065241037 0.0026533334 0.014420247
v 0.021882102 0.013224464 0.014999103
v 0.021802828 0.013592524 0.015097773
v 0.006609477 0.0026377188 0.0144399805
v 0.0067924196 0.0034407587 0.0147787435
v 0.022656558 0.013166467 0.014828078
v 0.022577282 0.013599216 0.014966214
v 0.023370033 0.013583601 0.014796833
v 0.024181075 0.013543449 0.014579762
v 0.024949435 0.014172498 0.014512338
v 0.02585195 0.014174728 0.0141998865
v 0.02679715 0.014632015 0.013869346
v 0.027327683 0.014649861 0.013594719
v 0.028812565 0.014453562 0.012402471
v 0.029166251 0.0146230925 0.012070285
v 0.02847717 0.014600785 0.012790568
v 0.029492497 0.014774777 0.011698633
v 0.027986275 0.014342029 0.013114531
v 0.027349025 0.014139038 0.013473026
v 0.029788256 0.014910849 0.011290803
v 0.030047424 0.015024612 0.010846794
v 0.030260857 0.015118301 0.010371539
v 0.030425504 0.01518522 0.009863394
v 0.030648082 0.015274446 0.008200826
v 0.030590152 0.01525214 0.009041155
v 0.030684672 0.015629124 0.005803175
v 0.030648082 0.015274446 0.005803175
v 0.03062674 0.015604585 0.0049381787
v 0.030364525 0.016173406 0.0040320703
v 0.028385699 0.015874496 0.0011262754
v 0.027766744 0.015771886 0.0006773323
v 0.03018768 0.015530974 0.0033364557
v 0.029861432 0.0154640535 0.0027148426
v 0.029510792 0.015406056 0.0022001201
v 0.029157106 0.015356982 0.0017791335
v 0.028480219 0.015278908 0.0011427202
v 0.02404387 0.014462484 -0.0007878989
v 0.02327856 0.014110039 -0.00091781234
v 0.022485811 0.014049811 -0.0010526604
v 0.022385195 0.014504867 -0.0010921271
v 0.020799695 0.014502636 -0.0012516421
v 0.024900649 0.014531635 -0.0005724719
v 0.027278898 0.015160684 0.00034514768
v 0.026742268 0.015107147 7.874193e-05
v 0.025809262 0.014585171 -0.00027811015
v 0.02344321 0.013092855 -0.0006086505
v 0.022577282 0.013603678 -0.00096385786
v 0.023366984 0.013588063 -0.00079447683
v 0.025047004 0.012854174 1.9540545e-05
v 0.025540948 0.0129054785 0.00018727733
v 0.024239007 0.012985783 -0.00033237785
v 0.00577709 -0.002258595 0.0040074033
v 0.029498596 0.014328644 0.0030552498
v 0.029724225 0.014426794 0.0034466358
v 0.029910218 0.014507098 0.003865978
v 0.03005657 0.014569556 0.0043099876
v 0.030202925 0.014629784 0.005048359
v 0.005819776 -0.002077911 0.0111066215
v 0.0057557467 -0.0022697486 0.0104044285
v 0.030202925 0.014629784 0.008955642
v 0.03005657 0.014569556 0.009694013
v 0.029910218 0.014507098 0.010134733
v 0.029724225 0.014426794 0.010552431
v 0.029501647 0.014330875 0.010942172
v 0.029242478 0.01421711 0.011305602
v 0.02895587 0.0140899625 0.011637788
v 0.0065820357 0.0018547545 0.014009127
v 0.026470903 0.01300809 0.013295423
v 0.025620222 0.012722564 0.0136325415
v 0.025126278 0.01264226 0.013816724
v 0.0067283893 0.0014510038 0.013713121
v 0.006743635 0.0018547545 0.013986104
v 0.026434314 0.013193235 0.00046354998
v 0.027248409 0.01364829 0.0006888439
v 0.027650882 0.013864665 0.00085493596
v 0.02803201 0.013815591 0.0012923675
v 0.028403994 0.013996275 0.0015308172
v 0.02875768 0.014165806 0.0018070899
v 0.029096123 0.014319722 0.0021211854
v 0.029404078 0.014462484 0.0024747485
v 0.029684588 0.014585171 0.0028612008
v 0.006764978 0.0025574146 0.014389002
v 0.02344321 0.013083932 0.014609362
v 0.024239007 0.01297686 0.014331445
v 0.025016513 0.01347876 0.014296912
v 0.02587939 0.013770977 0.014078195
v 0.02682764 0.014154652 0.013762455
v 0.028763779 0.014168036 0.012191977
v 0.029099174 0.014324183 0.011876237
v 0.02844058 0.0142706465 0.012693543
v 0.029410176 0.0144647155 0.011522674
v 0.029687637 0.014587401 0.011136222
v 0.028053354 0.014074348 0.01294186
v 0.027464889 0.014056503 0.013376003
v 0.027653929 0.013866896 0.013147419
v 0.026916062 0.013741979 0.013581563
v 0.02993156 0.014694474 0.010715235
v 0.030132797 0.014779239 0.010266292
v 0.030288298 0.014846159 0.009787749
v 0.030446846 0.014910849 0.009003332
v 0.030608445 0.01514953 0.008200826
v 0.030608445 0.01514953 0.005803175
v 0.030590152 0.01525214 0.0049628457
v 0.030425504 0.01518522 0.004140606
v 0.030455995 0.015535435 0.004092916
v 0.0302822 0.015461823 0.0035650383
v 0.027852118 0.015216449 0.0006888439
v 0.030019982 0.015345829 0.0029993374
v 0.029690687 0.015194143 0.0024615927
v 0.02930041 0.015008997 0.001966604
v 0.029178448 0.014951 0.0018350459
v 0.02885525 0.014792623 0.0015209503
v 0.028516807 0.01468332 0.0012265886
v 0.027897853 0.014661014 0.0007628454
v 0.024095703 0.014150191 -0.0007402091
v 0.024949435 0.014172498 -0.0005083373
v 0.027327683 0.014643168 0.00041092653
v 0.02679715 0.014625323 0.00013465434
v 0.02585195 0.014172498 -0.00019588601
v 0.024181075 0.01354791 -0.00057740556
v 0.025016513 0.013483221 -0.00029455498
v 0.025891587 0.013391764 8.038618e-05
v 0.026059283 0.013228925 0.0002316786
v 0.00577709 -0.002258595 0.009988375
v 0.030251708 0.014649861 0.005803175
v 0.030251708 0.014649861 0.008200826
v 0.029928511 0.014692243 0.0032821877
v 0.030132797 0.014779239 0.0037344196
v 0.030288298 0.014846159 0.004216252
v 0.030446846 0.014910849 0.0050006686
v 0.030349277 0.014739087 0.005803175
v 0.028644867 0.0139472 0.011935439
v 0.028312523 0.013791054 0.012200199
v 0.027961884 0.013625984 0.012430427
v 0.027230114 0.013266847 0.012783989
v 0.027263653 0.013427455 0.013071774
v 0.030349277 0.014739087 0.008200826
v 0.026434314 0.013195465 0.0135404505
v 0.025736086 0.013028165 0.013806856
v 0.025540948 0.0129054785 0.013816724
v 0.025047004 0.012845251 0.0139778815
v 0.026364187 0.013414071 0.00028265733
v 0.026690435 0.0136103695 0.00035830354
v 0.027300242 0.013962815 0.00055893
v 0.02683069 0.013699597 0.00039612642
v 0.027821627 0.014252801 0.00080066826
v 0.028047256 0.014072117 0.0010604961
v 0.028434483 0.014268416 0.001307168
v 0.028809514 0.0144513305 0.0015965966
v 0.029160153 0.014620861 0.0019271369
v 0.02948945 0.014772547 0.0022971444
v 0.029785207 0.014908617 0.00270662
v 0.030044373 0.015024612 0.0031506293
v 0.025037855 0.013150852 0.014148908
v 0.025891587 0.013385072 0.013920326
v 0.026333697 0.013396226 0.013727921
v 0.02683069 0.013697365 0.0136078745
v 0.028407041 0.013998506 0.012469894
v 0.02803506 0.013817822 0.012708344
v 0.027251456 0.013650522 0.013313512
v 0.03049868 0.014930924 0.008200826
v 0.03049868 0.014930924 0.005803175
v 0.030260857 0.015118301 0.003629173
v 0.028364355 0.014542788 0.0011312086
v 0.027349025 0.014139038 0.00053097354
v 0.02682764 0.014152422 0.0002415455
v 0.02587939 0.0137732085 -7.4194744e-05
v 0.026248325 0.01334492 0.013742721
v 0.025888536 0.013124084 0.013792056
v 0.025760477 0.01304378 0.0138052115
vn 0.0035650705 0.99944675 0.033069752
vn 0.003567021 0.9999937 0
vn -0.031247461 0.99951166 0
vn -0.03123018 0.99895895 0.033251304
vn -0.009081168 0.9977455 0.066493705
vn -0.009014564 0.9904277 0.13773842
vn 0.065727726 0.98826545 0.1378818
vn 0.06655903 0.9884219 0.1363523
vn 0.06706093 0.9958753 0.061116543
vn 0.057835795 0.99778 0.0330146
vn 0.0036838225 0.9999932 -6.0899598e-05
vn 0.057867337 0.9983243 0
vn 0.056305125 0.9984131 -0.00093081564
vn 0.0036818192 0.9994493 -0.032978695
vn -0.010168052 0.9976192 -0.06820984
vn -0.032027014 0.9989374 -0.033140253
vn -0.032044612 0.9994864 -0.00023744664
vn -0.08528883 0.9963559 0.0009165292
vn -0.08524099 0.9957971 0.03349543
vn -0.085241005 0.99579716 0.03349543
vn -0.084488496 0.9870063 0.13667598
vn -0.08387527 0.98690194 0.13780172
vn -0.009071795 0.9904121 0.13784553
vn 0.063752666 0.95856905 0.2776342
vn -0.008803629 0.9611347 0.27593964
vn -0.007772541 0.96061134 0.27778664
vn 0.06443305 0.95815533 0.2789028
vn 0.13686183 0.9505739 0.2787077
vn 0.13851292 0.9511491 0.2759158
vn 0.14272729 0.9800886 0.13804102
vn 0.14188138 0.980444 0.13637868
vn 0.09153482 0.9952375 0.03351827
vn 0.14313841 0.9891305 0.033649255
vn 0.14313853 0.9891304 0.033649813
vn 0.09158629 0.99579716 0
vn 0.05627399 0.997861 -0.033264916
vn 0.0921569 0.9957446 -0.00012806259
vn 0.09210547 0.9951888 -0.033407494
vn 0.06541876 0.995939 -0.06185431
vn -0.010095835 0.9905336 -0.1368991
vn 0.06492775 0.98846376 -0.13683447
vn -0.08557793 0.9865852 -0.13901837
vn -0.08731097 0.98687637 -0.13583753
vn -0.088078685 0.9955538 -0.03338968
vn -0.088078596 0.9955538 -0.03338934
vn -0.011265792 0.9902158 -0.1390893
vn -0.08812766 0.9961083 -0.0013532051
vn -0.16034631 0.98706067 0.0006090947
vn -0.16025537 0.98650086 0.03367673
vn -0.16025646 0.98650086 0.033672214
vn -0.15884127 0.9777892 0.13673933
vn -0.082255185 0.95720464 0.27747667
vn -0.08139735 0.957746 0.27585706
vn -0.15954457 0.977479 0.13813145
vn -0.154789 0.9483431 0.27692163
vn -0.15453646 0.9482602 0.27734637
vn 0.061139867 0.909184 0.41188145
vn -0.0073727085 0.911197 0.41190484
vn -0.0085655935 0.9102691 0.41392857
vn -0.077992894 0.9076042 0.41251856
vn -0.0770594 0.90700984 0.41399866
vn 0.06115073 0.9091745 0.41190082
vn 0.1298539 0.90190023 0.41196355
vn 0.13075987 0.90097713 0.41369328
vn 0.19482297 0.88933825 0.41366816
vn 0.20028743 0.8951709 0.39818826
vn 0.20972836 0.93736655 0.27813292
vn 0.20867236 0.9382535 0.27592796
vn 0.2150188 0.9667888 0.1381529
vn 0.21625467 0.9668306 0.13591374
vn 0.21815632 0.9753325 0.033682164
vn 0.21815524 0.9753328 0.033677414
vn 0.14321963 0.9896909 -0.00017250018
vn 0.14256282 0.9897855 -0.0007105302
vn 0.14248273 0.98922926 -0.03352752
vn 0.14248085 0.9892294 -0.033535313
vn 0.06532267 0.9883333 -0.13758716
vn 0.14122157 0.9804864 -0.13675861
vn 0.14075464 0.98043454 -0.1376087
vn 0.0633162 0.9579753 -0.2797755
vn 0.063001096 0.9578357 -0.28032425
vn -0.009936567 0.9598149 -0.2804578
vn -0.0109256515 0.9603186 -0.2786908
vn -0.082991555 0.9567681 -0.2787599
vn -0.08385917 0.95621246 -0.28040212
vn -0.15690252 0.94697404 -0.28039575
vn -0.15712063 0.94704604 -0.28003034
vn -0.16211925 0.9771753 -0.13728043
vn -0.16140781 0.97748965 -0.1358727
vn -0.16282693 0.9860839 -0.033554815
vn -0.16282783 0.98608357 -0.033558704
vn -0.16291943 0.9866383 -0.0014538638
vn -0.21318142 0.9770126 0.00014284853
vn -0.21306044 0.97645813 0.033685584
vn -0.23529078 0.9695027 0.06857863
vn -0.2335876 0.9624848 0.13805807
vn -0.14652663 0.8991106 0.41246817
vn -0.23391648 0.9623079 0.13873205
vn -0.22696 0.9336896 0.27697104
vn -0.22695245 0.9336877 0.27698332
vn -0.14693879 0.8986749 0.41327044
vn -0.2151425 0.88510126 0.41268578
vn -0.21472788 0.8849197 0.41329047
vn -0.007929466 0.84266686 0.5383769
vn -0.007090957 0.841863 0.5396448
vn 0.05568205 0.83998 0.5397527
vn 0.056546282 0.8407165 0.5385148
vn -0.07134427 0.83974105 0.5382798
vn -0.07202941 0.83894914 0.5394221
vn -0.13603877 0.8320106 0.5378213
vn -0.13478534 0.8311334 0.5394906
vn 0.12080371 0.8339415 0.53846836
vn 0.12105766 0.83412594 0.5381256
vn 0.16799206 0.82582766 0.53831893
vn 0.18862772 0.8459623 0.49876577
vn 0.19682895 0.8827435 0.4266408
vn 0.2124138 0.8946775 0.39297888
vn 0.266796 0.8466264 0.460482
vn 0.2803892 0.8635927 0.41903406
vn 0.24556571 0.89752066 0.36627063
vn 0.24956384 0.9188773 0.30558515
vn 0.22654046 0.93340814 0.2782601
vn 0.2645107 0.9348275 0.2369211
vn 0.26339087 0.94508314 0.19350219
vn 0.25410655 0.95681673 0.14117847
vn 0.24880409 0.9589538 0.13602978
vn 0.21827854 0.9758841 0.0022038757
vn 0.18266274 0.9831756 -0.0004795202
vn 0.27661437 0.9598381 0.04685475
vn 0.26883838 0.96259934 0.033588443
vn 0.18255982 0.98262155 -0.033567734
vn 0.13648188 0.9506723 -0.2785585
vn 0.1357527 0.9504145 -0.27979162
vn 0.21671392 0.97505623 -0.047960825
vn 0.21492787 0.9670202 -0.13666698
vn 0.21514527 0.96690935 -0.13710867
vn 0.20860115 0.9374985 -0.27853528
vn 0.060768414 0.9078611 -0.41484374
vn 0.059771314 0.9087321 -0.41307807
vn 0.12865646 0.9007333 -0.4148819
vn -0.009427626 0.91065454 -0.41306096
vn -0.07876174 0.90634674 -0.41512895
vn -0.07952868 0.90683365 -0.4139177
vn -0.010647848 0.9097012 -0.41512665
vn -0.14879663 0.89805156 -0.41396022
vn -0.14903551 0.89779717 -0.41442543
vn -0.2169495 0.88389325 -0.41432545
vn -0.22882454 0.93227446 -0.2801853
vn -0.22997373 0.9325553 -0.27830306
vn -0.237146 0.9616393 -0.13788255
vn -0.2368014 0.96182525 -0.13717604
vn -0.23850179 0.9687317 -0.06837981
vn -0.21358658 0.9763475 -0.033560663
vn -0.21370696 0.9768978 0
vn -0.25040498 0.9681412 0
vn -0.25029925 0.96773237 0.029058184
vn -0.29824257 0.95405006 0.02897996
vn -0.30859888 0.949084 0.063295595
vn -0.30628517 0.94196826 0.13742319
vn -0.30554605 0.94201183 0.1387635
vn -0.29647288 0.91403884 0.2768336
vn -0.29692948 0.91357535 0.27787247
vn -0.28153327 0.86620516 0.41282865
vn -0.28153065 0.8662043 0.41283247
vn -0.19880933 0.8193174 0.5377675
vn -0.26041037 0.8012222 0.53872955
vn -0.19928169 0.81856656 0.53873515
vn -0.007482775 0.7556431 0.6549408
vn -0.0063757165 0.75694734 0.6534449
vn -0.06474087 0.7540574 0.6536101
vn -0.06359613 0.7529428 0.6550058
vn 0.050072636 0.75536036 0.6533938
vn 0.051475834 0.7535001 0.6554296
vn 0.10750493 0.74750894 0.6554944
vn 0.10839483 0.7482797 0.6544678
vn -0.12115769 0.7471005 0.65357614
vn -0.121727705 0.74617594 0.65452564
vn -0.17900833 0.73529196 0.65368325
vn -0.17824127 0.7347466 0.6545055
vn 0.12746799 0.7450639 0.65469956
vn 0.15859008 0.76196754 0.6278971
vn 0.17288795 0.8099427 0.56044865
vn 0.20967732 0.7851483 0.5827328
vn 0.24500372 0.8015362 0.5454475
vn 0.2320451 0.82167965 0.52057433
vn 0.22766323 0.82433075 0.51831293
vn 0.23754594 0.8246589 0.51333183
vn 0.27178767 0.84068537 0.46837977
vn 0.30847895 0.8685714 0.38784578
vn 0.30811018 0.8689121 0.38737562
vn 0.331847 0.80313736 0.49482128
vn 0.38348752 0.81286585 0.4383908
vn 0.36590803 0.8371652 0.40652892
vn 0.29355556 0.9018125 0.31711122
vn 0.30816397 0.90082264 0.3058653
vn 0.30962512 0.91899574 0.24408846
vn 0.3209024 0.91695994 0.23707826
vn 0.33079425 0.922178 0.20040682
vn 0.347189 0.9233048 0.16421969
vn 0.33116767 0.9320022 0.14730853
vn 0.34948093 0.9352355 0.056548472
vn 0.33924833 0.9394574 0.048273627
vn 0.2689902 0.96314293 0.00021221659
vn 0.22071299 0.9753387 0.00034635747
vn 0.22058865 0.9747893 -0.033562016
vn 0.3396443 0.9405541 0
vn 0.3396443 0.940554 0
vn 0.26962703 0.96296483 0
vn 0.12879369 0.9005933 -0.4151433
vn 0.20900463 0.9371583 -0.27937675
vn 0.19930674 0.8936738 -0.40202487
vn 0.19398138 0.8887705 -0.41528088
vn 0.26547694 0.9635358 -0.033479974
vn 0.27705646 0.95906985 -0.05852159
vn 0.24650171 0.95938003 -0.13721128
vn 0.26139688 0.95307297 -0.15272091
vn 0.2649707 0.9347762 -0.23660944
vn 0.22536482 0.93330956 -0.27954212
vn 0.056176174 0.83925456 -0.5408291
vn 0.1190822 0.8326854 -0.54079056
vn 0.055408668 0.8385964 -0.541928
vn -0.009056751 0.84036493 -0.5419454
vn -0.009845126 0.8411207 -0.5407578
vn -0.07282482 0.8380277 -0.5407458
vn -0.073429115 0.837322 -0.5417566
vn -0.13765068 0.8292144 -0.5417157
vn -0.13779603 0.8290152 -0.5419834
vn -0.20070158 0.8161057 -0.54193217
vn -0.20104061 0.816306 -0.5415047
vn -0.2175135 0.88319254 -0.41552243
vn -0.28415307 0.86408293 -0.4154729
vn -0.28475034 0.8642912 -0.41463
vn -0.30045617 0.91196233 -0.2793759
vn -0.29996467 0.9124679 -0.27825055
vn -0.30928496 0.94081944 -0.13856979
vn -0.30896378 0.94102657 -0.13787857
vn -0.31124863 0.94798565 -0.06669023
vn -0.3011574 0.95292103 -0.035294823
vn -0.2504089 0.96750283 -0.035122126
vn -0.2505635 0.9681002 -8.5172825e-05
vn -0.29836738 0.9544494 0.0017439659
vn -0.3013451 0.9535151 0
vn -0.3343071 0.9424643 0
vn -0.3341215 0.941941 0.033317495
vn -0.38022998 0.9243019 0.033031795
vn -0.376862 0.91611475 0.13678093
vn -0.37652487 0.9161611 0.13739645
vn -0.36527634 0.88879126 0.27680904
vn -0.36455154 0.8887266 0.27797008
vn -0.34566906 0.84269375 0.4127715
vn -0.26054806 0.8009598 0.5390529
vn -0.34605113 0.84204066 0.4137828
vn -0.33294803 0.8101571 0.48248422
vn -0.30374238 0.7853878 0.5393575
vn -0.23411994 0.7197162 0.6536026
vn -0.006488466 0.6552342 0.755398
vn -0.055150256 0.6529484 0.7553918
vn -0.005870257 0.65444905 0.75608337
vn 0.044415355 0.65291834 0.7561249
vn 0.0446203 0.6531492 0.75591356
vn -0.10540122 0.64609647 0.755943
vn -0.10464646 0.6453914 0.7566498
vn -0.05611943 0.65144503 0.7566174
vn 0.07831248 0.64975077 0.7561026
vn 0.09655698 0.67138517 0.73479176
vn 0.10741109 0.66657716 0.73765695
vn 0.14771731 0.70611244 0.6925206
vn -0.15433083 0.63618296 0.75594527
vn -0.23417993 0.7195741 0.6537376
vn -0.20266716 0.62274355 0.7557224
vn -0.20207682 0.6223411 0.75621194
vn -0.15449446 0.6358174 0.7562193
vn 0.18717884 0.73783195 0.648512
vn 0.18567142 0.74058354 0.6458035
vn 0.16849646 0.6868897 0.7069594
vn 0.21888947 0.7684192 0.60134804
vn 0.26561984 0.73059857 0.62902457
vn 0.30064017 0.736314 0.60618246
vn 0.29542 0.76533455 0.5718304
vn 0.3436495 0.77356 0.53245646
vn 0.4027947 0.84735286 0.34604838
vn 0.39821848 0.857026 0.326999
vn 0.44715255 0.7309845 0.5154767
vn 0.4504943 0.7643466 0.46133414
vn 0.4056495 0.7222905 0.5601294
vn 0.46562675 0.7598987 0.4535921
vn 0.50752443 0.7709274 0.3848244
vn 0.5044129 0.7799365 0.3704952
vn 0.42096588 0.86447626 0.27471557
vn 0.43462026 0.8604235 0.2660385
vn 0.45700794 0.8706895 0.18177874
vn 0.44659063 0.87821174 0.17117481
vn 0.46053132 0.8851574 0.066386424
vn 0.4515705 0.8902554 0.059409685
vn 0.45236948 0.89183056 0
vn 0.34911102 0.9353743 -0.056537032
vn 0.34364963 0.9371424 -0.060572576
vn 0.1952965 0.88315654 -0.42649025
vn 0.19386387 0.86904275 -0.455172
vn 0.19142431 0.8581068 -0.4764551
vn 0.18222779 0.83489823 -0.51936305
vn 0.1660871 0.8237464 -0.5420859
vn 0.11970668 0.83186877 -0.5419084
vn 0.2542888 0.9146628 -0.3142119
vn 0.24545196 0.8975434 -0.36629128
vn 0.20574613 0.8931274 -0.39998996
vn 0.27559555 0.8610545 -0.42735505
vn 0.2715178 0.8448831 -0.46092382
vn 0.33473024 0.9288459 -0.15874812
vn 0.34014452 0.92602146 -0.16366465
vn 0.31963882 0.9162168 -0.24161525
vn 0.31527156 0.9169424 -0.24458213
vn 0.3128602 0.8976438 -0.31040984
vn 0.2955335 0.8983113 -0.32511032
vn 0.049682047 0.7519256 -0.65737337
vn 0.10740924 0.74641097 -0.65676004
vn 0.10692026 0.74598616 -0.6573223
vn 0.04912999 0.7513657 -0.6580546
vn -0.0074323607 0.7530154 -0.65796083
vn -0.008123822 0.7537993 -0.65705454
vn -0.0658561 0.7509657 -0.6570491
vn -0.065887436 0.7509222 -0.6570957
vn -0.12360473 0.7436369 -0.65705866
vn -0.12367037 0.74352926 -0.657168
vn -0.17943703 0.73199004 -0.6572618
vn -0.18013732 0.7324859 -0.6565172
vn -0.23587841 0.7164781 -0.6565216
vn -0.26280862 0.79827845 -0.5419253
vn -0.26262814 0.7986277 -0.5414982
vn -0.30719188 0.7820857 -0.5421946
vn -0.33871982 0.81446004 -0.4710877
vn -0.34937835 0.8400887 -0.41495264
vn -0.34922385 0.84035623 -0.41454083
vn -0.36836904 0.8864264 -0.28027216
vn -0.36807242 0.8867829 -0.27953312
vn -0.37966233 0.914706 -0.13845366
vn -0.33716652 0.94093674 -0.030933777
vn -0.38103655 0.9145114 -0.13594127
vn -0.38442177 0.9226361 -0.031025065
vn -0.38442177 0.9226361 -0.031025043
vn -0.33732784 0.94138694 -0.0007140164
vn -0.38086218 0.9246309 0.0012516137
vn -0.38067797 0.9241837 0.03112505
vn -0.4190821 0.907414 0.031145727
vn -0.4106907 0.90144753 0.13684142
vn -0.40796584 0.8743355 0.2628712
vn -0.40408862 0.8717753 0.27698427
vn -0.37930876 0.8380636 0.39214072
vn -0.36585146 0.8335333 0.41397443
vn -0.25388783 0.71265906 0.65395564
vn -0.33770725 0.81304187 0.47425407
vn -0.39271355 0.7913607 0.46853447
vn -0.4093379 0.7395822 0.5342852
vn -0.37764347 0.6934053 0.6136567
vn -0.23844226 0.6735157 0.6996584
vn -0.0050331433 0.53950274 0.8419688
vn -0.0048416634 0.5397739 0.8417962
vn -0.046347562 0.5380114 0.8416624
vn -0.045926172 0.5375207 0.84199893
vn 0.032851793 0.5387415 0.8418303
vn 0.037114583 0.54559463 0.8372269
vn 0.054674506 0.5472367 0.8351902
vn 0.08404646 0.6045681 0.7921071
vn -0.08690821 0.5321085 0.8422039
vn -0.08643275 0.5330611 0.8416503
vn -0.12730896 0.52393633 0.84218943
vn -0.12728614 0.5239169 0.84220505
vn 0.14044169 0.5573094 0.81834126
vn 0.14730743 0.5871087 0.79599243
vn 0.12515369 0.64851373 0.7508438
vn 0.12389228 0.5579432 0.8205791
vn 0.18336836 0.659699 0.72881633
vn -0.21471713 0.61846197 0.75591093
vn -0.16671647 0.51344097 0.8417743
vn -0.18766904 0.50584435 0.8419632
vn -0.1660757 0.5129716 0.8421871
vn 0.1891234 0.6537055 0.73273563
vn 0.23518108 0.66180265 0.71183366
vn 0.23696469 0.6934353 0.68043745
vn 0.26665437 0.69826716 0.66431797
vn 0.3594028 0.6549293 0.6647536
vn 0.35755742 0.6834319 0.6364539
vn 0.3160469 0.6475232 0.69341755
vn 0.4131261 0.69313335 0.5906716
vn 0.5335386 0.78918415 0.30417916
vn 0.52830327 0.6341237 0.56460863
vn 0.5307608 0.6473959 0.5469658
vn 0.47739494 0.62357956 0.6190659
vn 0.565504 0.65492755 0.5012736
vn 0.5653727 0.66753227 0.4845145
vn 0.6030479 0.6772431 0.4215151
vn 0.6005532 0.688359 0.40681392
vn 0.63302636 0.6990595 0.3325561
vn 0.5456697 0.78385055 0.29634935
vn 0.5718755 0.7964101 0.19669592
vn 0.56443006 0.8037086 0.18833792
vn 0.5804598 0.811458 0.06784116
vn 0.5719354 0.81812 0.059744507
vn 0.57295895 0.81958413 0
vn 0.45157048 0.89025533 -0.059409656
vn 0.46053135 0.88515747 -0.066386394
vn 0.44659063 0.87821174 -0.17117472
vn 0.28048998 0.8310013 -0.48037723
vn 0.26085448 0.82782704 -0.49664614
vn 0.25627956 0.825468 -0.50291497
vn 0.2448014 0.8028397 -0.5436182
vn 0.2294947 0.80579704 -0.5459151
vn 0.21779682 0.76588804 -0.60496277
vn 0.19582847 0.7687705 -0.6088045
vn 0.17125581 0.7865873 -0.59325534
vn 0.13984543 0.7444721 -0.65284353
vn 0.12945898 0.74265194 -0.6570452
vn 0.3109073 0.86735225 -0.38863456
vn 0.31031603 0.8674528 -0.38888267
vn 0.3724516 0.8331158 -0.4088983
vn 0.39239824 0.80510795 -0.44477493
vn 0.3371005 0.7944299 -0.5052172
vn 0.45700806 0.87068945 -0.18177877
vn 0.4334199 0.85973996 -0.2701747
vn 0.43437645 0.85843635 -0.2727717
vn 0.40835825 0.8500132 -0.3327477
vn 0.41134188 0.84378743 -0.3447036
vn 0.043091394 0.6490287 -0.7595424
vn 0.042496506 0.6499169 -0.75881624
vn 0.096439816 0.6728638 -0.7334532
vn 0.08562866 0.6521863 -0.75320697
vn 0.07889396 0.6454419 -0.75972396
vn 0.13671072 0.69330466 -0.7075584
vn 0.11873978 0.66837245 -0.73428816
vn -0.0064279614 0.6512536 -0.75883293
vn -0.05686092 0.6480465 -0.7594751
vn -0.007455457 0.6498912 -0.75999063
vn -0.056419183 0.6475663 -0.7599176
vn -0.10617913 0.6417628 -0.7595172
vn -0.10684709 0.64238465 -0.75889766
vn -0.1550483 0.63249934 -0.7588839
vn -0.20180966 0.61726785 -0.7604296
vn -0.20382869 0.61864156 -0.758773
vn -0.23598187 0.71622974 -0.65675527
vn -0.15595622 0.6304429 -0.7604073
vn -0.26566157 0.7055361 -0.65699524
vn -0.31334722 0.5938776 -0.74102837
vn -0.40329388 0.7355417 -0.5443643
vn -0.38660216 0.8148671 -0.43189177
vn -0.36149457 0.8311002 -0.42260388
vn -0.24150535 0.6218622 -0.7449581
vn -0.36461675 0.8334855 -0.41515848
vn -0.37996355 0.83915186 -0.38916838
vn -0.40330103 0.87103283 -0.2804464
vn -0.40815294 0.874238 -0.2629049
vn -0.41068417 0.9015801 -0.13598436
vn -0.38460618 0.9230788 -0.0018943425
vn -0.41905266 0.9074311 -0.03104124
vn -0.4221564 0.906523 4.9094137e-06
vn -0.6279082 0.77828753 0
vn -0.6253833 0.7751581 0.089586236
vn -0.4221581 0.9065222 0
vn -0.80734205 0.5900837 0
vn -0.88910276 0.45770755 0
vn -0.88910276 0.45770752 0
vn -0.60793996 0.6474139 0.45963487
vn -0.43432614 0.7192269 0.5422854
vn -0.26714367 0.49895424 0.82442635
vn -0.41057518 0.65497816 0.63437504
vn -0.18952519 0.27393597 0.9428888
vn -0.18152887 0.30200416 0.9358637
vn -0.1815663 0.31516957 0.93150514
vn -0.18262699 0.34109926 0.92211634
vn -0.18133205 0.35546404 0.91693187
vn -0.18043305 0.35887223 0.9157809
vn -0.17906652 0.3715325 0.9109878
vn -0.18150862 0.44154686 0.8786871
vn -0.0040169177 0.41258338 0.91091096
vn -0.0038513578 0.41282666 0.9108015
vn -0.035143614 0.4113216 0.9108125
vn -0.03501784 0.41116956 0.910886
vn 0.0005125333 0.41272438 0.9108559
vn 0.0024691394 0.41310275 0.91068107
vn 0.017101683 0.43481818 0.9003559
vn 0.035726834 0.47344723 0.88009727
vn -0.06665728 0.40811923 0.9104919
vn -0.06605869 0.40749878 0.91081333
vn 0.061398678 0.43803805 0.8968572
vn 0.07204418 0.4359744 0.89707077
vn 0.09222307 0.49947158 0.8614076
vn 0.102688804 0.49785936 0.8611568
vn -0.09763537 0.40187263 0.91047555
vn -0.12723358 0.3929967 0.9106949
vn -0.09786061 0.4012894 0.91070855
vn 0.15608974 0.414325 0.8966442
vn 0.18763027 0.4201315 0.88785374
vn 0.18882985 0.42460468 0.88546836
vn 0.17466436 0.509349 0.8426482
vn 0.23845924 0.52008086 0.82015425
vn 0.22661346 0.5739772 0.7868904
vn 0.20786631 0.5975849 0.7743926
vn -0.15688498 0.3816462 0.9108969
vn -0.15682502 0.38160738 0.9109236
vn -0.12743768 0.39232183 0.9109573
vn 0.27471805 0.58249396 0.7650036
vn 0.27917674 0.6125552 0.7394838
vn 0.31416333 0.61838454 0.7203485
vn 0.41426137 0.5591869 0.7181208
vn 0.41540504 0.58795047 0.69408417
vn 0.3658041 0.55114836 0.7499486
vn 0.48047432 0.59934396 0.6402588
vn 0.60438365 0.51977885 0.6037801
vn 0.60691506 0.52963156 0.5925745
vn 0.5446116 0.5074515 0.66775084
vn 0.6480369 0.53875095 0.5383266
vn 0.6489609 0.5496249 0.52608186
vn 0.6957671 0.56165457 0.44771892
vn 0.6951849 0.5673082 0.4414515
vn 0.7354888 0.58045006 0.3494766
vn 0.65821785 0.68367374 0.31518176
vn 0.685298 0.6968542 0.21156774
vn 0.6768062 0.70832545 0.20052023
vn 0.692707 0.71624494 0.08455806
vn 0.667533 0.74135935 0.069181
vn 0.6691361 0.7431398 0
vn 0.5719354 0.81812 -0.059744477
vn 0.5804598 0.811458 -0.06784112
vn 0.56443 0.8037086 -0.18833792
vn 0.3471628 0.768819 -0.5370245
vn 0.3021203 0.76112443 -0.573945
vn 0.30793962 0.7286912 -0.6117044
vn 0.27056128 0.7226213 -0.6360936
vn 0.27172786 0.68935734 -0.6715285
vn 0.24077186 0.68433654 -0.6882676
vn 0.19829784 0.72354984 -0.66117597
vn 0.16773964 0.72103804 -0.67228526
vn 0.17715283 0.6536434 -0.7357764
vn 0.18951912 0.6499542 -0.7359633
vn 0.51205987 0.77591985 -0.36843333
vn 0.5168199 0.7622424 -0.38972273
vn 0.4749762 0.7513212 -0.45816374
vn 0.45757625 0.7566432 -0.467028
vn 0.45457914 0.7256305 -0.51654446
vn 0.40948546 0.7162162 -0.5651158
vn 0.5718755 0.7964101 -0.19669592
vn 0.54476094 0.7833248 -0.29939565
vn 0.5408012 0.7850105 -0.30214623
vn 0.08089262 0.61723316 -0.7826107
vn 0.07318778 0.5719991 -0.8169826
vn 0.050899968 0.54754984 -0.8352235
vn 0.035973903 0.5418274 -0.8397196
vn -0.0056686555 0.5336438 -0.8456903
vn -0.006129076 0.53427017 -0.8452915
vn 0.031785216 0.532641 -0.84574425
vn 0.14000666 0.6470576 -0.7494764
vn 0.13902253 0.5944051 -0.79205763
vn 0.14468496 0.5798082 -0.80180347
vn 0.14213176 0.5527451 -0.8211403
vn 0.13669321 0.5517774 -0.82271296
vn -0.046368644 0.5322085 -0.8453426
vn -0.046677515 0.5316872 -0.8456535
vn -0.0871083 0.5266019 -0.84563744
vn -0.08712933 0.52662283 -0.8456222
vn -0.12758371 0.51832837 -0.845611
vn -0.12839259 0.51901865 -0.84506506
vn -0.16616327 0.50823754 -0.84503514
vn -0.16679873 0.5062196 -0.8461205
vn -0.2041173 0.49233997 -0.84613097
vn -0.23475206 0.60735154 -0.758957
vn -0.21706492 0.3667187 -0.9046547
vn -0.2372233 0.39903474 -0.8857179
vn -0.20397736 0.4910549 -0.84691113
vn -0.19957273 0.39129117 -0.8983662
vn -0.20248179 0.35742137 -0.91172975
vn -0.2406535 0.34004593 -0.9090955
vn -0.5583989 0.10229815 -0.82324106
vn -0.8422533 -0.0627958 -0.53541195
vn -0.966533 -0.0720617 -0.24621326
vn -0.98337734 -0.044804957 -0.17595889
vn -0.90344656 0.3950772 -0.1664284
vn -0.8448666 0.48116016 -0.23384899
vn -0.7867483 0.542858 -0.29382363
vn -0.6253796 0.7751536 -0.089650355
vn -0.8951077 0.44584998 0
vn -0.892771 0.44952488 0.029789392
vn -0.65923977 0.61665666 0.43027607
vn -0.84302044 -0.09414231 0.5295788
vn -0.53763145 -0.060038723 0.8410398
vn -0.5357324 -0.05888938 0.84233177
vn -0.6728804 0.60749483 0.42211607
vn -0.84336376 -0.093956426 0.52906495
vn -0.2948991 -0.03241624 0.95497835
vn -0.28712177 -0.022463502 0.95763063
vn -0.26187232 0.015727848 0.96497446
vn -0.24589863 0.05083215 0.96796167
vn -0.2234812 0.112069234 0.9682442
vn -0.20497751 0.1793463 0.962195
vn -0.19512711 0.2322816 0.9528749
vn -0.19029579 0.26622528 0.94494
vn -0.15980053 0.26683176 0.95040226
vn -0.16369349 0.27505258 0.94739145
vn -0.15979703 0.27738178 0.94737756
vn -0.13121362 0.26097727 0.95638573
vn -0.12214476 0.24934475 0.9606809
vn -0.10589713 0.2567749 0.9606521
vn -0.10576875 0.25737053 0.9605069
vn -0.013162597 0.3086497 0.95108473
vn -0.0032648686 0.3353394 0.9420917
vn -0.024746908 0.2905712 0.95653325
vn 0.008206494 0.323798 0.94609064
vn -0.044552267 0.27483127 0.9604597
vn -0.027161913 0.27699086 0.96048856
vn 0.040311567 0.27537793 0.9604905
vn 0.03462896 0.3666913 0.92969793
vn 0.05344484 0.3710156 0.9270874
vn 0.05334738 0.38294023 0.92223144
vn -0.045016944 0.27384776 0.96071887
vn -0.065887995 0.27018178 0.9605522
vn -0.06536918 0.269719 0.9607176
vn 0.10885843 0.32034755 0.94102454
vn 0.11709904 0.36100352 0.92518336
vn 0.08553127 0.31534925 0.9451133
vn 0.14420281 0.3663043 0.91925335
vn -0.0859761 0.26468077 0.9604958
vn -0.08578987 0.26453814 0.9605518
vn 0.19406573 0.25572833 0.94707
vn 0.22776552 0.26196256 0.9378158
vn 0.22772135 0.33738756 0.91340715
vn 0.29534158 0.34898427 0.88937247
vn 0.29432654 0.38630202 0.8741526
vn 0.2675309 0.43839568 0.85804224
vn 0.26232207 0.48281053 0.8355125
vn 0.31342942 0.49147728 0.8125343
vn 0.31979352 0.5191984 0.79256874
vn 0.36191598 0.5261443 0.7695381
vn 0.41157535 0.4423099 0.7968486
vn 0.46561158 0.45136 0.7612359
vn 0.46874827 0.47418442 0.7452679
vn 0.5448021 0.48733175 0.68242097
vn 0.6015096 0.37652698 0.7045663
vn 0.66734564 0.38988122 0.63454103
vn 0.67065036 0.39962122 0.62492484
vn 0.71955526 0.4105067 0.56011105
vn 0.72012436 0.41359943 0.5570965
vn 0.77410287 0.4275388 0.46687827
vn 0.77419597 0.43311387 0.46155503
vn 0.81743664 0.4475063 0.36267808
vn 0.7571742 0.5622843 0.33245072
vn 0.78669965 0.57676077 0.22011523
vn 0.7816678 0.58659726 0.21189384
vn 0.7244989 0.6855882 0.07120397
vn 0.8001 0.5956421 0.071066886
vn 0.7263426 0.6873328 0
vn 0.667533 0.74135935 -0.06918097
vn 0.69270706 0.716245 -0.084558025
vn 0.6768062 0.7083255 -0.20052023
vn 0.362375 0.67704594 -0.6405414
vn 0.4168925 0.686523 -0.5957237
vn 0.3641677 0.6478775 -0.66905653
vn 0.3187984 0.64020324 -0.69893306
vn 0.28355256 0.60768384 -0.74183434
vn 0.23920767 0.65807974 -0.71394014
vn 0.31709424 0.6132485 -0.72344834
vn 0.19011246 0.64932543 -0.73636526
vn 0.20936677 0.590861 -0.7791333
vn 0.64214027 0.692155 -0.32951075
vn 0.6068374 0.680561 -0.41059098
vn 0.609133 0.67034215 -0.4237905
vn 0.57087153 0.6603436 -0.48790586
vn 0.57102746 0.64990485 -0.50154907
vn 0.53675306 0.64237994 -0.5470321
vn 0.5338689 0.626154 -0.5682564
vn 0.48131317 0.6152883 -0.62430596
vn 0.685298 0.6968542 -0.21156774
vn 0.657245 0.6831318 -0.31837064
vn 0.11075609 0.5261322 -0.84315944
vn 0.10722464 0.48720378 -0.8666806
vn 0.09930144 0.48565584 -0.86849153
vn 0.036830798 0.49504575 -0.8680859
vn 0.07006318 0.4500836 -0.8902335
vn 0.014168621 0.41401643 -0.9101592
vn -0.0043355324 0.40814644 -0.9129062
vn -0.0046581556 0.40750012 -0.9131933
vn -0.035575844 0.40600526 -0.913178
vn -0.035651762 0.40609673 -0.9131344
vn 0.22666924 0.5687212 -0.7906815
vn 0.23812723 0.51655376 -0.8224765
vn 0.17531855 0.50573176 -0.8446886
vn 0.15563639 0.41015053 -0.89864004
vn 0.19006926 0.41645238 -0.88906753
vn -0.06653079 0.4022032 -0.91312987
vn -0.06670979 0.401825 -0.9132834
vn -0.097212784 0.39554316 -0.9132881
vn -0.09740185 0.39571002 -0.9131957
vn -0.1275379 0.38706648 -0.91318876
vn -0.15622474 0.37609532 -0.91331595
vn -0.12763363 0.38674304 -0.91331244
vn -0.20265907 0.3530755 -0.9133822
vn -0.20304775 0.35132053 -0.91397244
vn -0.20616357 0.34830147 -0.91443026
vn -0.23407218 0.32917604 -0.9147969
vn -0.2073219 0.319457 -0.9246431
vn -0.21102856 0.2967698 -0.9313403
vn -0.15631956 0.3756561 -0.91348064
vn -0.18457328 0.36261597 -0.91347826
vn -0.18508859 0.36289293 -0.913264
vn -0.51664937 -0.15720902 -0.84164053
vn -0.5202998 -0.15674135 -0.8394762
vn -0.21737805 0.20752674 -0.9537712
vn -0.22038598 0.17926303 -0.95879865
vn -0.23339707 0.11400797 -0.9656748
vn -0.25164813 0.051070012 -0.9664705
vn -0.2649918 0.015915211 -0.96411926
vn -0.28740805 -0.022279786 -0.95754915
vn -0.3432534 -0.10271593 -0.9336095
vn -0.3451212 -0.105015464 -0.9326645
vn -0.80902475 -0.2437203 -0.53486377
vn -0.80953896 -0.244345 -0.5337998
vn -0.9249271 -0.27917287 -0.25801605
vn -0.9583182 -0.23304835 -0.16527145
vn -0.97386485 -0.15577427 -0.16529241
vn -0.99791557 -0.04546735 -0.045794066
vn -0.98609686 -0.15773082 -0.052288014
vn -0.9756082 0.21476772 -0.045424454
vn -0.93395454 0.3380939 -0.115851015
vn -0.9954442 0.09030098 -0.030603629
vn -0.98776424 0.15388164 -0.025344148
vn -0.9863151 0.16298775 -0.024853181
vn -0.95295614 0.30291212 -0.010905866
vn -0.95065236 0.3100983 -0.009966368
vn -0.93337756 0.35886776 -0.004509394
vn -0.91350675 0.40681404 -0.0028039494
vn -0.8802126 0.45071098 0.1486118
vn -0.8989659 0.396515 0.18610798
vn -0.7684822 0.53871584 0.34528315
vn -0.8299549 -0.16927624 0.5315263
vn -0.8925972 -0.099441364 0.4397519
vn -0.86195886 -0.21245015 0.4603172
vn -0.7736706 -0.20562866 0.5992917
vn -0.5866048 -0.15590969 0.7947245
vn -0.53280705 -0.084813505 0.8419759
vn -0.3554424 -0.11856943 0.92714727
vn -0.3417419 -0.10136328 0.9343115
vn -0.91253996 0.35094494 0.2100201
vn -0.9358853 0.2861505 0.20551538
vn -0.9440146 0.2514 0.21362203
vn -0.9539092 0.18304099 0.2378092
vn -0.9531748 0.102086745 0.28466833
vn -0.87342656 0.42200595 0.24297552
vn -0.8949514 0.38960117 0.21742316
vn -0.17646062 -0.11304821 0.9777943
vn -0.13954236 -0.0989672 0.985258
vn -0.13567856 -0.053915333 0.9892848
vn -0.23393664 -0.02480828 0.9719353
vn -0.20010014 -0.010042733 0.97972393
vn -0.19906582 0.011955742 0.97991323
vn -0.19887735 0.011962678 0.9799514
vn -0.19677088 0.042963654 0.9795078
vn -0.22757673 0.050064895 0.9724723
vn -0.22327141 0.112028174 0.9682971
vn -0.06684254 0.10860614 0.99183506
vn -0.07898182 0.13609338 0.98754257
vn -0.109520234 0.1788821 0.97775584
vn -0.12700675 0.21592933 0.96811354
vn -0.1390806 0.23223403 0.9626651
vn -0.12498906 0.21713723 0.9681059
vn -0.11996398 0.23850976 0.96370214
vn -0.06741997 0.1340429 0.98867947
vn -0.057035957 0.12432504 0.99060094
vn -0.052182294 0.12652944 0.99058944
vn -0.04233698 0.12984596 0.99062985
vn -0.04222604 0.1302065 0.99058735
vn -0.051887155 0.12634064 0.990629
vn 0.019768646 0.25852707 0.9658017
vn -0.021744374 0.25622082 0.96637374
vn -0.017190944 0.24823771 0.96854657
vn 0.0027384069 0.21778493 0.975993
vn 0.04298912 0.26479572 0.9633458
vn 0.042922795 0.2675452 0.9625887
vn -0.022670332 0.16018829 0.9868261
vn -0.021333871 0.25138372 0.9676523
vn -0.026030058 0.15834647 0.9870405
vn 0.08004261 0.2761996 0.95776147
vn -0.03223817 0.13301751 0.99058926
vn -0.03222497 0.1330059 0.9905913
vn -0.032002646 0.1330513 0.99059236
vn 0.12550345 0.1705276 0.9773276
vn 0.13364328 0.16354032 0.97744256
vn 0.15182191 0.22196688 0.9631619
vn 0.18413733 0.22838344 0.9559992
vn 0.21296553 0.12866522 0.9685509
vn 0.27162817 0.13962711 0.9522197
vn 0.27227524 0.14398116 0.9513862
vn 0.24368596 0.24247779 0.9390536
vn 0.3225943 0.2561071 0.9112311
vn 0.32395953 0.27698547 0.9046156
vn 0.38580564 0.28749362 0.8766421
vn 0.39216566 0.30395544 0.8682264
vn 0.3532156 0.396257 0.84747803
vn 0.35786247 0.411451 0.83823776
vn 0.4060434 0.41934928 0.8119575
vn 0.44818506 0.32402247 0.8331503
vn 0.5112142 0.33464536 0.7916267
vn 0.51440346 0.3482268 0.7836627
vn 0.6001819 0.36320433 0.71264607
vn 0.71853495 0.24877273 0.6494765
vn 0.7194074 0.25077978 0.64773655
vn 0.6458416 0.23388034 0.7267659
vn 0.777292 0.26363865 0.5712371
vn 0.77739567 0.26399466 0.5709314
vn 0.8345432 0.27853918 0.4753456
vn 0.834849 0.28071162 0.47352728
vn 0.8823488 0.29634926 0.365565
vn 0.86528605 0.3544462 0.35446873
vn 0.82760453 0.43627423 0.3531791
vn 0.8640664 0.45447 0.2164398
vn 0.8706191 0.44521785 0.20929281
vn 0.88769144 0.45394835 0.077038005
vn 0.80481446 0.58989745 0.065533556
vn 0.8065483 0.5911682 0
vn 0.724499 0.68558824 -0.07120394
vn 0.8001 0.59564203 -0.07106684
vn 0.7816678 0.58659726 -0.21189384
vn 0.4843938 0.5902971 -0.6456872
vn 0.42044535 0.5792722 -0.6983333
vn 0.41936222 0.55185366 -0.7208279
vn 0.3695428 0.5434732 -0.7537076
vn 0.27916077 0.5775841 -0.76711535
vn 0.36558765 0.5176937 -0.7735237
vn 0.32546958 0.51113063 -0.7954968
vn 0.74132544 0.57453024 -0.34691715
vn 0.699153 0.56098384 -0.44326302
vn 0.69983834 0.5541191 -0.45075303
vn 0.6548804 0.5426154 -0.526023
vn 0.65409315 0.5331236 -0.5366017
vn 0.6097313 0.52341527 -0.59520096
vn 0.60676455 0.51170707 -0.6082702
vn 0.5465893 0.49922916 -0.67231715
vn 0.78669965 0.57676077 -0.22011523
vn 0.7566052 0.5619836 -0.33424968
vn 0.1443888 0.36418322 -0.92006654
vn 0.11916392 0.35919252 -0.9256245
vn 0.072486416 0.43727365 -0.89640254
vn 0.04696596 0.37863776 -0.9243525
vn 0.036594626 0.38197532 -0.9234477
vn 0.03557208 0.28058296 -0.95917034
vn 0.034140464 0.2827592 -0.9585832
vn -0.003838645 0.3957718 -0.91834086
vn -0.0031237216 0.32206193 -0.9467134
vn -0.00956698 0.30182 -0.9533169
vn -0.023960358 0.27344474 -0.9615893
vn -0.04393335 0.26594117 -0.9629876
vn -0.044195876 0.26621294 -0.9629005
vn -0.024664616 0.26841578 -0.9629874
vn 0.31935522 0.48446217 -0.8144376
vn 0.2645273 0.47495714 -0.8393099
vn 0.26975232 0.4293718 -0.86190116
vn 0.19086677 0.4156969 -0.8892502
vn 0.19493684 0.25101724 -0.9481508
vn 0.22920868 0.33589017 -0.913587
vn 0.22923708 0.25734082 -0.9387364
vn -0.064410575 0.2620762 -0.96289533
vn -0.08470572 0.25666708 -0.96278083
vn -0.06450585 0.26182535 -0.96295714
vn -0.084090374 0.25620002 -0.9629591
vn -0.10383393 0.24952638 -0.9627851
vn -0.159143 0.27460954 -0.9482949
vn -0.20208618 0.34871024 -0.9151843
vn -0.13186732 0.25906888 -0.95681465
vn -0.19288132 0.32042018 -0.9274307
vn -0.21198371 0.26563185 -0.9404799
vn -0.21439567 0.23212509 -0.9487636
vn -0.16253388 0.27260378 -0.9482985
vn -0.15979896 0.26682916 -0.9504034
vn -0.103844784 0.24947487 -0.9627972
vn -0.11924051 0.24236692 -0.9628292
vn -0.4545321 -0.24581276 -0.8561406
vn -0.4713128 -0.26260123 -0.84196484
vn -0.3986131 -0.17892633 -0.89949596
vn -0.55735105 -0.3146675 -0.7683386
vn -0.75603557 -0.37711447 -0.5349719
vn -0.478186 -0.26997277 -0.83573496
vn -0.139082 0.23223637 -0.9626643
vn -0.12455544 0.21261711 -0.96916455
vn -0.109345935 0.17887977 -0.9777759
vn -0.077524304 0.132791 -0.98810756
vn -0.06699141 0.108942986 -0.991788
vn -0.22515121 0.11239532 -0.9678193
vn -0.22842826 0.050100874 -0.9722707
vn -0.19678673 0.042830035 -0.97951037
vn -0.19888373 0.011963063 -0.97995013
vn -0.19907218 0.011956123 -0.9799119
vn -0.20012769 -0.010515615 -0.9797134
vn -0.23128584 -0.024732769 -0.97257143
vn -0.06638355 -0.071331926 -0.99524117
vn -0.17817064 -0.114473216 -0.9773183
vn -0.096499786 -0.13991345 -0.9854502
vn -0.07608315 -0.20775238 -0.97521806
vn -0.9269521 -0.33894986 -0.16085012
vn -0.8844592 -0.40981844 -0.22311589
vn -0.88594043 -0.40983045 -0.21713717
vn -0.8982121 -0.40895793 -0.16114774
vn -0.93775195 -0.34289894 -0.055150013
vn -0.94774485 -0.31433612 -0.05452016
vn -0.97021306 -0.23594101 -0.05494053
vn -0.8437503 -0.27984446 0.45800936
vn -0.9781241 0.2070537 -0.020053087
vn -0.97552824 0.21910074 -0.018425964
vn -0.9684676 0.2486905 -0.0149475895
vn -0.89831203 0.39606962 0.19016892
vn -0.7488818 -0.28434145 0.5986033
vn -0.82861406 -0.31461483 0.46305108
vn -0.6414229 -0.2950113 0.70819837
vn -0.5676883 -0.21810769 0.7938255
vn -0.37419638 -0.14376746 0.9161375
vn -0.084197655 -0.14187993 0.9862965
vn -0.39762264 -0.17785706 0.9001461
vn -0.07503537 -0.20654857 0.97555494
vn 0.08929282 -0.14771739 0.98499054
vn 0.066170014 -0.108608216 0.99187994
vn 0.064358704 -0.10563521 0.9923201
vn 0.05722294 -0.093427695 0.9939802
vn 0.044747323 -0.07316099 0.99631584
vn 0.036782753 -0.06074964 0.997475
vn 0.019795908 -0.032006476 0.99929154
vn 0.011275867 -0.01823108 0.99977016
vn 0.01036088 -0.016814763 0.99980503
vn 0 0 1
vn 0 0 0.99999994
vn -0.01793382 0.030002676 0.9993889
vn -0.023739405 0.037753273 0.9990051
vn -0.041380208 0.06947623 0.996725
vn -0.040525705 0.06999051 0.9967242
vn -0.042148847 0.08365592 0.99560285
vn -0.078502946 0.13637924 0.98754144
vn -0.015684653 0.031130487 0.9993923
vn -0.015672125 0.03111797 0.9993928
vn -0.013275847 0.032226816 0.99939245
vn -0.013284515 0.03234662 0.9993885
vn -0.010838586 0.033241548 0.99938864
vn -0.009082079 0.033557266 0.99939555
vn -0.00915664 0.037793264 0.9992436
vn -0.010729923 0.0330935 0.99939466
vn 0.017813344 0.17837608 0.98380107
vn 0.05908344 0.18918037 0.9801633
vn 0.023527866 0.13379504 0.9907297
vn -0.005131649 0.1334396 0.9910437
vn 0.07250595 0.15831159 0.9847235
vn -0.004607222 0.05339819 0.99856263
vn 0.013858723 0.046046752 0.99884313
vn -0.0045931423 0.042721592 0.99907655
vn 0.13995728 0.06079829 0.9882892
vn 0.1512647 0.09389596 0.98402363
vn 0.14987624 0.10903245 0.9826744
vn 0.07666838 0.119992614 0.98980993
vn 0.09861973 0.051355783 0.9937992
vn 0.21202786 0.12127093 0.96971
vn 0.22773404 0.046033874 0.9726346
vn 0.23235554 0.038235925 0.97187907
vn 0.2895627 0.04879737 0.95591444
vn 0.36512935 0.05975074 0.92903733
vn 0.3465932 0.15731788 0.9247293
vn 0.29077995 0.04674219 0.95564747
vn 0.34818384 0.16775458 0.9222942
vn 0.41500318 0.17923805 0.89199
vn 0.41714248 0.18381362 0.8900589
vn 0.47863114 0.19391891 0.8563339
vn 0.4804054 0.19821213 0.85435504
vn 0.44450223 0.3127185 0.83941936
vn 0.5509596 0.21015418 0.8076379
vn 0.5514261 0.21155481 0.8069535
vn 0.6446111 0.22799876 0.72972125
vn 0.75166863 0.09757941 0.65228254
vn 0.6736026 0.090022385 0.7335908
vn 0.6784715 0.08303601 0.72991884
vn 0.81316274 0.10881371 0.5717745
vn 0.75391155 0.09554689 0.649991
vn 0.8152731 0.10649897 0.5691991
vn 0.8724293 0.12145988 0.47340757
vn 0.9243859 0.13257894 0.357678
vn 0.91706985 0.1932878 0.34874457
vn 0.8938017 0.2786069 0.3514212
vn 0.87579095 0.116793856 0.46834743
vn 0.93046296 0.29713243 0.2143618
vn 0.9022385 0.37126017 0.21938883
vn 0.93612325 0.2854133 0.20545672
vn 0.9519603 0.29307193 0.08877114
vn 0.9397259 0.33441913 0.07126792
vn 0.8901184 0.44974434 0.07361487
vn 0.89254016 0.450968 0
vn 0.8048145 0.58989745 -0.065533526
vn 0.88769144 0.4539483 -0.07703796
vn 0.86932665 0.44455695 -0.2159638
vn 0.5467504 0.4812042 -0.6852054
vn 0.4720998 0.46811768 -0.7469856
vn 0.41248542 0.43733814 -0.7991189
vn 0.4691597 0.44676876 -0.76176566
vn 0.40750095 0.41629395 -0.8127991
vn 0.36090901 0.4084887 -0.8383804
vn 0.8233374 0.43856433 -0.3602456
vn 0.77771884 0.42371467 -0.46434826
vn 0.7776497 0.4203634 -0.4674992
vn 0.725403 0.40691626 -0.55516624
vn 0.72476137 0.4034173 -0.5585476
vn 0.6716405 0.39169353 -0.62886816
vn 0.6694237 0.385147 -0.635243
vn 0.6022018 0.37139687 -0.7066947
vn 0.8721551 0.4355971 -0.2227122
vn 0.840032 0.41988719 -0.34357092
vn 0.18535937 0.22434844 -0.9567181
vn 0.15168406 0.21773586 -0.96414894
vn 0.11019264 0.31412926 -0.94296354
vn 0.08643015 0.3090875 -0.94709814
vn 0.081098214 0.270964 -0.9591672
vn 0.043567438 0.26213127 -0.9640483
vn 0.038820755 0.27067497 -0.96188766
vn 0.015640564 0.26428783 -0.964317
vn -0.00421439 0.23168981 -0.9727806
vn -0.02308041 0.26290113 -0.9645467
vn -0.016774887 0.19107701 -0.9814318
vn -0.01655197 0.18458803 -0.9826766
vn -0.021867828 0.15051802 -0.98836535
vn -0.024589393 0.1488466 -0.9885545
vn -0.030793345 0.1257285 -0.9915867
vn -0.03102563 0.12593116 -0.9915537
vn -0.029344179 0.12602602 -0.9915928
vn 0.2944772 0.38045484 -0.87666255
vn 0.3555895 0.39098284 -0.8489338
vn 0.29526716 0.3473638 -0.8900312
vn 0.21390617 0.1252512 -0.9687911
vn 0.24574073 0.23680441 -0.93996555
vn 0.2722062 0.14351885 -0.95147574
vn 0.27109662 0.13607885 -0.9528846
vn 0.32443395 0.27268922 -0.90575004
vn 0.32299381 0.25043353 -0.9126653
vn -0.040458217 0.12326494 -0.9915488
vn -0.040522173 0.12305568 -0.9915721
vn -0.049788825 0.11961178 -0.99157155
vn -0.11717369 0.22997552 -0.96611685
vn -0.12310751 0.21347927 -0.96915996
vn -0.04983407 0.11940797 -0.99159384
vn -0.052862827 0.11801304 -0.991604
vn -0.06700308 0.1315062 -0.9890484
vn -0.4223006 -0.2586958 -0.868757
vn -0.02327288 -0.2181357 -0.97564095
vn -0.030737048 -0.28809702 -0.9571078
vn -0.07492206 -0.29868189 -0.9514074
vn -0.42750165 -0.32238358 -0.84457743
vn -0.46338573 -0.31785277 -0.82719004
vn -0.5005545 -0.29547042 -0.8137214
vn -0.31807575 -0.4096237 -0.8550066
vn -0.076820426 0.13321339 -0.9881056
vn -0.04011913 0.07900347 -0.99606675
vn -0.040339656 0.06946681 -0.99676836
vn -0.041049514 0.06903646 -0.99676925
vn -0.024242604 0.03765219 -0.99899685
vn -0.014505902 0.024267888 -0.99960023
vn 0 0 -1
vn 0 -0 -0.99999994
vn 0.01085817 -0.017621817 -0.9997858
vn 0.016318742 -0.026092097 -0.9995264
vn 0.018314049 -0.029371256 -0.9994008
vn 0.044094373 -0.07323847 -0.9963392
vn 0.04517491 -0.075127274 -0.99615014
vn 0.054777406 -0.0898571 -0.9944471
vn 0.08712706 -0.14292361 -0.9858913
vn 0.08923593 -0.14655386 -0.9851695
vn 0.103554204 -0.16968183 -0.9800432
vn 0.11786456 -0.19378175 -0.9739387
vn 0.1332764 -0.22116077 -0.96608764
vn -0.9085078 -0.407146 -0.094051175
vn -0.9126868 -0.40506357 -0.054096214
vn -0.2897921 -0.4194851 -0.8602633
vn -0.26808125 -0.42615896 -0.8640144
vn -0.06777951 -0.4788126 -0.8752968
vn 0.048356414 -0.5032489 -0.8627875
vn -0.89731544 -0.4413893 0.0007055794
vn -0.8961509 -0.44081643 0.05093558
vn -0.81082046 -0.37062088 0.45300138
vn -0.9066352 -0.4207773 -0.030970342
vn -0.619491 -0.34079346 0.707171
vn -0.61501586 -0.34014574 0.7113764
vn -0.46229017 -0.255678 0.84906805
vn -0.45107475 -0.24409555 0.8584573
vn -0.03389604 -0.21489668 0.9760484
vn 0.13177098 -0.21849084 0.9669013
vn 0.1261964 -0.20859577 0.9698258
vn 0.09849395 -0.16225596 0.9818207
vn -0.4147363 -0.25847152 0.8724599
vn -0.07316248 -0.29709885 0.95203966
vn -0.041672997 -0.28988543 0.9561536
vn 0.09815716 -0.11538171 0.98845947
vn 0.09721976 -0.11089418 0.9890657
vn 0.09263725 -0.10086862 0.99057746
vn 0.0785364 -0.05433052 0.9954297
vn 0.048841476 -0.06293336 0.9968219
vn 0.049408898 -0.0669946 0.99652916
vn 0.03759669 -0.023494456 0.9990168
vn 0.03455335 -0.016609153 0.9992649
vn 0.01725076 -0.022306692 0.99960226
vn 0.010220202 -0.008233174 0.9999139
vn 0.007287085 0.00029251873 0.9999733
vn -0.0042463597 0.017489031 0.99983805
vn -0.017380357 0.030190863 0.999393
vn -0.017516289 0.030251762 0.99938875
vn 0.034711692 0.10888677 0.99344796
vn 0.047011938 0.049153667 0.99768424
vn 0.017738916 0.039895218 0.9990464
vn 0.1593587 -0.049790278 0.98596436
vn 0.09864885 0.047561754 0.99398506
vn 0.11440563 -0.027165461 0.9930626
vn 0.12747282 -0.057135392 0.9901951
vn 0.17193207 -0.064564705 0.9829908
vn 0.19903734 -0.058751736 0.9782292
vn 0.18452688 0.03730001 0.98211944
vn 0.05391983 0.03550297 0.99791396
vn 0.23733991 -0.07254468 0.9687142
vn 0.24379168 -0.04847629 0.96861535
vn 0.2155662 -0.07690195 0.97345644
vn 0.30036044 -0.038120057 0.9530637
vn 0.3774658 -0.041726258 0.925083
vn 0.3685541 0.053805493 0.9280478
vn 0.3081252 -0.053700604 0.9498289
vn 0.436793 0.0651387 0.8972006
vn 0.44342035 0.058666065 0.8943917
vn 0.50289875 0.068459705 0.8616299
vn 0.57671696 0.07882413 0.81313235
vn 0.50449586 0.06676596 0.8608288
vn 0.58096516 0.0737421 0.81058097
vn 0.68737364 -0.028147643 0.7257583
vn 0.7174631 -0.05089302 0.69473493
vn 0.7509581 -0.044163216 0.6588715
vn 0.76414716 -0.025707567 0.6445296
vn 0.5905125 -0.058150653 0.8049308
vn 0.59972334 -0.07151405 0.7970054
vn 0.67040473 -0.058876507 0.7396561
vn 0.82530916 0.0056081214 0.5646533
vn 0.80067587 -0.062730946 0.59580445
vn 0.8833544 0.055268783 0.46543565
vn 0.86094 -0.06007932 0.50514627
vn 0.9084946 -0.04774306 0.41516042
vn 0.93019414 0.11922044 0.34716764
vn 0.93952334 0.10357229 0.32644868
vn 0.9712203 0.119607 0.2059737
vn 0.97123474 0.121357225 0.20487912
vn 0.95376295 0.21126783 0.21378066
vn 0.98879796 0.1318467 0.06996376
vn 0.9887041 0.13299805 0.06910614
vn 0.9643104 0.25453168 0.072931886
vn 0.9668853 0.2552113 0
vn 0.9421215 0.33527166 0
vn 0.8901185 0.44974443 -0.07361486
vn 0.9397258 0.33441913 -0.07126788
vn 0.9519603 0.29307196 -0.088771105
vn 0.9359109 0.28532174 -0.20654878
vn 0.9311803 0.29499495 -0.2141989
vn 0.6009751 0.35906768 -0.7140724
vn 0.5169515 0.34434056 -0.7837032
vn 0.4504908 0.31834057 -0.83409667
vn 0.5133411 0.32886687 -0.7926711
vn 0.44620767 0.30513796 -0.8413023
vn 0.39492032 0.29690307 -0.86941737
vn 0.8834393 0.29372713 -0.36504725
vn 0.83578813 0.27788398 -0.47353834
vn 0.7801694 0.2600525 -0.5689537
vn 0.83529633 0.27437934 -0.476441
vn 0.72093415 0.24582894 -0.6479369
vn 0.77886444 0.25555438 -0.5727671
vn 0.7240425 0.24344935 -0.6453642
vn 0.6456447 0.2304554 -0.7280338
vn 0.894738 0.27650318 -0.35069916
vn 0.20753586 0.07593284 -0.9752759
vn 0.17912233 0.070313804 -0.9813109
vn 0.15422933 0.093508266 -0.9836002
vn 0.13427913 0.16133922 -0.97772115
vn 0.124059774 0.1702038 -0.9775683
vn 0.07283151 0.1586743 -0.984641
vn 0.058551364 0.19172996 -0.9796997
vn 0.01269206 0.1795345 -0.9836698
vn 0.012955784 0.17538342 -0.984415
vn 0.005126664 0.17824022 -0.98397356
vn 0.031116322 0.11469688 -0.99291307
vn -0.0018462643 0.10414307 -0.99456054
vn -0.013304256 0.082872994 -0.9964713
vn 0.0060689505 0.06924714 -0.99758106
vn -0.0053055817 0.037011355 -0.9993008
vn -0.0073620514 0.030059082 -0.999521
vn -0.0070929173 0.027426373 -0.99959874
vn -0.008863032 0.026914805 -0.9995984
vn 0.38988543 0.28373164 -0.8760626
vn 0.23095565 0.036273483 -0.97228783
vn 0.28850493 0.046480075 -0.9563496
vn 0.34787312 0.16389717 -0.92310464
vn 0.34676415 0.15649863 -0.92480415
vn 0.36606905 0.054218538 -0.9290069
vn 0.29143882 0.04146133 -0.95569044
vn 0.4206914 0.18035106 -0.88909626
vn 0.4185824 0.17581572 -0.8909981
vn -0.010903134 0.026156625 -0.9995985
vn -0.010930893 0.026191633 -0.99959725
vn -0.008862702 0.026906887 -0.9995987
vn -0.012848703 0.025301946 -0.99959725
vn -0.26396653 -0.3680501 -0.89154965
vn 0.016411234 -0.33570725 -0.9418234
vn 0.009648429 -0.39052844 -0.9205403
vn 0.1544054 -0.25465614 -0.9546252
vn 0.17539832 -0.29004407 -0.94080275
vn 0.1844427 -0.30447325 -0.9344929
vn 0.20180926 -0.33401808 -0.92070895
vn -0.014223934 0.024494288 -0.9995988
vn -0.012841727 0.025266627 -0.99959826
vn -0.014230555 0.024430905 -0.99960023
vn -0.0041887867 0.020448256 -0.99978215
vn 0.005203805 0.0063778874 -0.9999662
vn 0.002172803 0.019663526 -0.99980426
vn 0.020315498 0.02601564 -0.9994551
vn 0.02484094 0.016071318 -0.9995622
vn 0.042575523 -0.043690227 -0.99813753
vn 0.04257872 -0.043858305 -0.99812996
vn 0.04279156 -0.04480366 -0.9980789
vn 0.071892604 -0.03517842 -0.9967918
vn 0.07351539 -0.038072865 -0.99656713
vn 0.079185806 -0.05675753 -0.9952428
vn 0.10764692 -0.110577956 -0.98802054
vn 0.11098738 -0.17304574 -0.9786404
vn 0.11586356 -0.18241248 -0.97637147
vn 0.13556758 -0.17734867 -0.9747661
vn 0.1570936 -0.22278818 -0.9621263
vn 0.12322831 -0.514424 -0.84863573
vn 0.32150015 -0.53541243 -0.7810065
vn 0.3315993 -0.5472108 -0.76850647
vn 0.08625344 -0.40384996 -0.91075003
vn 0.042187426 -0.4824606 -0.8749012
vn 0.12482681 -0.49541375 -0.85964143
vn -0.7272158 -0.68640006 -0.0034484114
vn -0.8800908 -0.4747955 0.003066648
vn -0.8968718 -0.44228584 0.0020264708
vn 0.36502066 -0.5852639 -0.7240346
vn 0.45513374 -0.6865777 -0.56697834
vn 0.5141712 -0.75196487 -0.41252485
vn 0.52883464 -0.76795846 -0.36134976
vn 0.53787875 -0.7781222 -0.32436445
vn 0.55110383 -0.7938746 -0.25699732
vn 0.55481786 -0.798474 -0.23370163
vn 0.55880636 -0.8037972 -0.20407245
vn 0.5618993 -0.80840063 -0.17537826
vn 0.5633661 -0.81096643 -0.1579624
vn -0.8962662 -0.44222438 0.033828657
vn -0.5646659 -0.33352438 0.75492644
vn -0.72374284 -0.39897305 0.5630425
vn -0.5255394 -0.32201427 0.7874739
vn -0.5117225 -0.3093515 0.8015247
vn -0.4851246 -0.31635118 0.81521535
vn -0.42037246 -0.32455337 0.84732056
vn 0.1766444 -0.29196325 0.9399757
vn 0.1549464 -0.2553117 0.95436245
vn 0.15761212 -0.2238891 0.96178585
vn 0.13714398 -0.1806692 0.9739354
vn 0.12715276 -0.18334985 0.9747898
vn -0.27255708 -0.36532208 0.89008564
vn -5.362823e-05 -0.38867122 0.9213766
vn 0.006783194 -0.3312483 0.9435193
vn 0.19959034 -0.33024257 0.9225527
vn 0.18376324 -0.3033177 0.9350024
vn 0.13597254 -0.114048846 0.9841262
vn 0.13209043 -0.10202289 0.98597336
vn 0.075797535 -0.037463967 0.99641925
vn 0.06681805 -0.015087693 0.9976511
vn 0.16664723 -0.16065054 0.97284126
vn 0.17682374 -0.15831241 0.971427
vn 0.20138174 -0.19299279 0.960312
vn 0.21791455 -0.18943055 0.9574076
vn 0.2605886 -0.21747799 0.94063634
vn 0.26270935 -0.13116218 0.95591855
vn 0.24190514 -0.2212076 0.94474816
vn 0.30991495 -0.12213402 0.94288707
vn 0.32351914 -0.15538807 0.9333756
vn 0.38804698 -0.14408588 0.91030693
vn 0.3883849 -0.06496462 0.9192044
vn 0.45258075 -0.054271337 0.8900703
vn 0.46046212 -0.06306739 0.88543606
vn 0.51354444 -0.054222137 0.85634804
vn 0.52553695 -0.069144845 0.84795636
vn 0.7238178 -0.2497658 0.64319885
vn 0.7406213 -0.21872246 0.6353271
vn 0.6850194 -0.21448503 0.696236
vn 0.68810296 -0.23872104 0.6852201
vn 0.76976395 -0.21001598 0.6027909
vn 0.80860394 -0.16639848 0.5643325
vn 0.77577484 -0.21488196 0.5932952
vn 0.59636545 -0.14876144 0.7888081
vn 0.52092904 -0.17715895 0.8350135
vn 0.52584463 -0.1842805 0.83037835
vn 0.6029378 -0.16720642 0.7800691
vn 0.8238492 -0.1876872 0.53483266
vn 0.8634005 -0.14206518 0.48410434
vn 0.9084816 -0.12140893 0.3999012
vn 0.8699288 -0.15659557 0.4676557
vn 0.9476983 -0.11446177 0.2979367
vn 0.91333985 -0.13880539 0.3828101
vn 0.94878 -0.12227555 0.29131648
vn 0.97590697 -0.110580415 0.18808882
vn 0.99270815 -0.102411345 0.06358014
vn 0.97585547 -0.11433036 0.18610409
vn 0.99203515 -0.10757144 0.06553295
vn 0.9910734 0.13331679 0
vn 0.99472064 -0.102618955 0
vn 0.9643104 0.25453165 -0.072931856
vn 0.98870414 0.13299806 -0.06910611
vn 0.988798 0.13184671 -0.06996372
vn 0.97123474 0.121357225 -0.20487903
vn 0.954931 0.20638114 -0.21333914
vn 0.9183531 0.18876678 -0.347843
vn 0.55236524 0.2082333 -0.80717504
vn 0.6443635 0.22433771 -0.73107344
vn 0.5518099 0.206553 -0.8079862
vn 0.48004678 0.19455582 -0.8553965
vn 0.47820488 0.1900798 -0.85743207
vn 0.925906 0.1294009 -0.3548994
vn 0.87478685 0.11258951 -0.4712447
vn 0.8729142 0.11523285 -0.47406968
vn 0.81240624 0.105954915 -0.5733844
vn 0.81691444 0.100889534 -0.5678664
vn 0.75624394 0.09423981 -0.64746743
vn 0.6780339 0.07868228 -0.7308073
vn 0.672676 0.08646345 -0.734868
vn 0.75688505 0.093648575 -0.6468037
vn 0.23993528 -0.032129645 -0.97025704
vn 0.19648045 -0.040932916 -0.97965294
vn 0.17196913 -0.062357783 -0.98312664
vn 0.16137062 -0.049803287 -0.9856364
vn 0.14241977 0.058394473 -0.98808235
vn 0.19290674 -0.057828877 -0.9795115
vn 0.09991753 0.048571844 -0.9938095
vn 0.07680219 0.12174289 -0.98958576
vn 0.03319772 0.11003427 -0.9933733
vn 0.040608943 0.0744281 -0.9963991
vn 0.008489023 0.06406754 -0.9979094
vn -0.0056214407 0.022899685 -0.99972194
vn 0.24710558 -0.046392675 -0.9678773
vn 0.30015758 -0.036105093 -0.95320606
vn 0.44027835 0.058649134 -0.89594376
vn 0.43937075 0.057007547 -0.8964951
vn 0.37084895 0.04579483 -0.92756337
vn 0.3789764 -0.045507386 -0.9242867
vn 0.3107535 -0.057521764 -0.94874847
vn 0.50120485 0.068764925 -0.86259204
vn 0.21480444 -0.35511208 -0.9098102
vn 0.2392769 -0.3976774 -0.8857761
vn 0.16456182 -0.22089978 -0.961313
vn 0.18928033 -0.2682221 -0.9445792
vn 0.19709776 -0.26643196 -0.9434864
vn 0.22295597 -0.31221476 -0.92347854
vn 0.05587982 0.030495055 -0.99797165
vn 0.056456603 0.025606018 -0.9980766
vn 0.09995621 0.04205286 -0.99410284
vn 0.11433129 -0.02718839 -0.9930706
vn 0.12752955 -0.0576778 -0.9901563
vn 0.13230285 -0.10415343 -0.9857221
vn 0.13433504 -0.11053724 -0.9847515
vn 0.16603085 -0.15965565 -0.9731104
vn 0.28983772 -0.48223522 -0.8267062
vn 0.31274426 -0.5203182 -0.79464453
vn 0.32683527 -0.47454724 -0.8173026
vn 0.38241503 -0.56419426 -0.7317401
vn 0.24874352 -0.4124667 -0.8763548
vn 0.28547978 -0.47425586 -0.8328162
vn -0.41076568 -0.91173387 -0.0036147973
vn 0.56437314 -0.8119678 -0.14896771
vn 0.56678116 -0.81472063 -0.12243199
vn 0.5684906 -0.8171083 -0.09566887
vn 0.56936216 -0.81888545 -0.072478965
vn 0.56965286 -0.82059836 -0.045977313
vn 0.5693324 -0.82152635 -0.030904904
vn 0.06474976 -0.95239407 0.29791445
vn 0.33619148 -0.9417935 -0.00052038836
vn 0.569227 -0.8220071 0.016880475
vn 0.5699513 -0.8203869 0.04605379
vn 0.56963724 -0.8186348 0.07314677
vn 0.56875503 -0.8168603 0.09621341
vn 0.5670012 -0.8144253 0.1233738
vn 0.5647049 -0.81180906 0.1485747
vn 0.5616053 -0.8086826 0.17501988
vn 0.558961 -0.8062346 0.19377367
vn -0.06870189 -0.47912174 0.8750556
vn -0.27675265 -0.4222333 0.86320734
vn -0.4375876 -0.36372897 0.82232505
vn 0.5103646 -0.7576564 0.4067982
vn 0.45439103 -0.693129 0.5595543
vn 0.3647028 -0.58873254 0.72137785
vn 0.32650155 -0.54390913 0.77301985
vn 0.3033815 -0.5415453 0.78402066
vn 0.12071434 -0.517231 0.84729
vn 0.40351865 -0.5526464 -0.72921515
vn 0.45655513 -0.6725247 -0.5824671
vn 0.5039398 -0.6481572 -0.5709089
vn 0.5583359 -0.59388274 -0.57927895
vn 0.56860316 -0.60001963 -0.5627316
vn 0.5525289 -0.74765104 -0.36841515
vn 0.54392326 -0.76027584 -0.355145
vn 0.51074404 -0.61762756 -0.59806085
vn 0.5815745 -0.73374444 -0.35126936
vn 0.5824875 -0.73449415 -0.34817618
vn 0.60109913 -0.7256903 -0.33474383
vn 0.6078976 -0.718911 -0.33708662
vn 0.6237555 -0.71156937 -0.3234162
vn 0.6246912 -0.71373045 -0.31678024
vn 0.64928573 -0.7025486 -0.29129612
vn 0.6572377 -0.6948698 -0.29188067
vn 0.67386544 -0.687398 -0.27090463
vn 0.67371744 -0.68953353 -0.26579732
vn -0.48707297 -0.34056365 0.8042241
vn 0.18868832 -0.26708835 0.94501877
vn 0.16515735 -0.22203943 0.96094817
vn 0.0375173 -0.48277968 0.8749379
vn 0.08956808 -0.40437248 0.9101981
vn 0.23958215 -0.39813107 0.8854897
vn 0.21545538 -0.3560536 0.90928805
vn 0.22369786 -0.31348875 0.92286724
vn 0.1964577 -0.26531866 0.9439335
vn 0.23120788 -0.3118965 0.92155486
vn 0.2629022 -0.36461094 0.89327556
vn 0.27356985 -0.36249277 0.89093125
vn 0.29187715 -0.25779423 0.92105913
vn 0.31705084 -0.25316632 0.91399425
vn 0.31753522 -0.25379547 0.9136516
vn 0.39293104 -0.24078435 0.8874841
vn 0.39970148 -0.17590877 0.8996082
vn 0.45770785 -0.16633613 0.87340474
vn 0.47267523 -0.18548363 0.86149514
vn 0.70673025 -0.49407065 0.50638586
vn 0.7102359 -0.4884666 0.50691736
vn 0.6728396 -0.2762611 0.68627006
vn 0.671377 -0.51066875 0.5370944
vn 0.74648523 -0.47199756 0.46901828
vn 0.7506308 -0.46542996 0.46896538
vn 0.6276908 -0.28272945 0.7253058
vn 0.7872655 -0.4489117 0.42271894
vn 0.788361 -0.4471732 0.42251986
vn 0.6195743 -0.30993092 0.72115916
vn 0.53038704 -0.21837592 0.8191469
vn 0.5643393 -0.34275842 0.7510244
vn 0.5644997 -0.3428829 0.7508471
vn 0.46087474 -0.27159992 0.8448833
vn 0.4795892 -0.2972768 0.8256033
vn 0.82256615 -0.43240014 0.3693441
vn 0.82278335 -0.43467885 0.36617184
vn 0.85473776 -0.42097747 0.3036468
vn 0.85684144 -0.41751692 0.30249342
vn 0.8836901 -0.40604165 0.23285626
vn 0.8832492 -0.40870175 0.22985545
vn 0.9044322 -0.39942783 0.14986598
vn 0.9057103 -0.39682242 0.14906657
vn 0.9515842 -0.30194607 0.057584796
vn 0.95316595 -0.30244797 0
vn 0.91717964 -0.39264446 0.06791078
vn 0.99270815 -0.102411345 -0.063580096
vn 0.9920352 -0.10757145 -0.06553293
vn 0.97585547 -0.11433036 -0.18610409
vn 0.97590697 -0.11058045 -0.18808882
vn 0.9712203 0.11960683 -0.20597367
vn 0.9297177 0.12077786 -0.34790465
vn 0.9403081 0.103911154 -0.32407293
vn 0.57972586 0.06958705 -0.81183475
vn 0.5777734 0.07195752 -0.81301916
vn 0.5089653 0.060435258 -0.85866284
vn 0.88169444 0.054705888 -0.46863857
vn 0.910505 -0.08973386 -0.40364403
vn 0.85924846 -0.067813635 -0.50704366
vn 0.8261237 0.006071463 -0.5634561
vn 0.76700884 -0.029442208 -0.6409605
vn 0.7955978 -0.067470014 -0.60205656
vn 0.71048564 -0.0592226 -0.7012152
vn 0.68671477 -0.0351344 -0.72607744
vn 0.74379754 -0.05266654 -0.6663268
vn 0.5996427 -0.07535289 -0.79671234
vn 0.5885274 -0.058967575 -0.80632406
vn 0.666552 -0.06364195 -0.742737
vn 0.25048178 -0.10538731 -0.9623681
vn 0.2163084 -0.11220285 -0.96985626
vn 0.20214626 -0.19264305 -0.96022165
vn 0.17719677 -0.15705824 -0.9715626
vn 0.21742176 -0.1894175 -0.95752215
vn 0.26298836 -0.13487658 -0.95532477
vn 0.3124487 -0.1257033 -0.94158083
vn 0.4625976 -0.06874052 -0.88389945
vn 0.44824612 -0.052496772 -0.89236736
vn 0.5175849 -0.059699025 -0.8535466
vn 0.3869361 -0.06268366 -0.9199735
vn 0.32331687 -0.15263268 -0.9339001
vn 0.3865361 -0.14159799 -0.91133964
vn 0.23057206 -0.31055084 -0.92216855
vn 0.26166216 -0.36287323 -0.89434665
vn 0.24105133 -0.22126329 -0.9449533
vn 0.30617434 -0.4133521 -0.8575531
vn 0.32260093 -0.41027957 -0.8529943
vn 0.33041602 -0.42364153 -0.84341747
vn 0.3392168 -0.4286575 -0.8373677
vn 0.40290502 -0.54470366 -0.73550355
vn 0.27397212 -0.36042717 -0.89164543
vn 0.4631527 -0.88627845 0
vn 0.56907994 -0.82214695 -0.014912608
vn 0.56840277 -0.82275045 0
vn 0.56840277 -0.8227505 0
vn 0.69629586 -0.6795714 -0.23098657
vn 0.6966776 -0.6792049 -0.23091328
vn 0.7155865 -0.6709947 -0.194171
vn 0.71398425 -0.6745911 -0.18749191
vn 0.72979337 -0.66776127 -0.146617
vn 0.7338135 -0.6637763 -0.1446328
vn 0.74660033 -0.6582188 -0.0966225
vn 0.7440297 -0.6615701 -0.09351393
vn 0.7500951 -0.65944123 -0.04994456
vn 0.67465866 -0.7377402 -0.02397988
vn 0.55852604 -0.8057223 0.19712962
vn 0.55462354 -0.80152744 0.22348705
vn 0.5473678 -0.79405624 0.26431632
vn 0.53645 -0.7829362 0.31501156
vn 0.5223422 -0.76908076 0.36833858
vn 0.5141753 -0.7611945 0.39523
vn 0.5687406 -0.8224861 0.007126691
vn 0.5691662 -0.82208717 0.01491981
vn 0.6746587 -0.7377403 0.023979897
vn 0.75009525 -0.6594413 0.049944595
vn 0.7440297 -0.66157013 0.09351392
vn 0.74660033 -0.6582188 0.0966225
vn 0.7335559 -0.6638648 0.14553076
vn 0.72944224 -0.6679349 0.14757001
vn 0.7137366 -0.6746835 0.18810177
vn 0.71506995 -0.67167914 0.19370626
vn 0.6964335 -0.679605 0.23047201
vn 0.69646525 -0.679489 0.23071809
vn 0.674234 -0.6893247 0.26502848
vn 0.6742424 -0.68921876 0.26528206
vn 0.6514199 -0.69927716 0.2943867
vn 0.65138006 -0.6989995 0.29513356
vn 0.6296432 -0.7088686 0.31789127
vn 0.12243579 -0.4964743 0.85937345
vn 0.50394017 -0.6481577 0.57090795
vn 0.4565556 -0.67252517 0.5824662
vn 0.40886718 -0.56417066 0.7173138
vn 0.39101392 -0.56338716 0.727807
vn 0.36608562 -0.5767238 0.73032254
vn 0.32252228 -0.5080951 0.7986356
vn 0.30919078 -0.5143221 0.7999212
vn 0.32312477 -0.5384065 0.77827287
vn 0.29017633 -0.48263606 0.8263535
vn 0.42447776 -0.48926842 -0.7618629
vn 0.4583896 -0.47152853 -0.75335234
vn 0.47177193 -0.4768008 -0.7416821
vn 0.52442366 -0.39745164 -0.753002
vn 0.4810259 -0.4329717 -0.76233166
vn 0.49238747 -0.40036172 -0.7728292
vn 0.5463977 -0.34694552 -0.76228493
vn 0.5699325 -0.35437152 -0.7413485
vn 0.59307677 -0.55901015 -0.5794545
vn 0.62389225 -0.54412925 -0.5609651
vn 0.6666655 -0.5164012 -0.5374821
vn 0.66696775 -0.51677704 -0.53674525
vn 0.629939 -0.53401375 -0.5639203
vn 0.69991046 -0.5017729 -0.5082807
vn 0.7474413 -0.46478856 -0.47466105
vn 0.75032896 -0.47181702 -0.4630282
vn 0.71330184 -0.48046294 -0.5102508
vn 0.78235155 -0.4574979 -0.42263678
vn 0.78909606 -0.44688997 -0.42144614
vn 0.8234824 -0.43195695 -0.3678178
vn 0.8235274 -0.4324147 -0.36717862
vn 0.28641894 -0.47574762 0.83164203
vn 0.2499007 -0.4142639 0.87517715
vn 0.2918475 -0.46043354 0.8383472
vn 0.28381938 -0.3790698 0.8807682
vn 0.33361298 -0.3697015 0.86719275
vn 0.33914685 -0.3469893 0.8744014
vn 0.38253844 -0.33944997 0.8593241
vn 0.40029272 -0.3180279 0.85943246
vn 0.40597486 -0.2902292 0.8665745
vn 0.41653165 -0.2886407 0.8620835
vn 0.66464543 -0.52157015 0.5349869
vn 0.60652703 -0.7186054 0.34019303
vn 0.6070538 -0.71928805 0.33780232
vn 0.6295891 -0.7087427 0.31827882
vn 0.6311248 -0.5374384 0.5593225
vn 0.5901932 -0.5660322 0.57556885
vn 0.62338936 -0.55020046 0.5555764
vn 0.50934434 -0.38615134 0.7690615
vn 0.52292424 -0.39146048 0.75717163
vn 0.5584595 -0.59540665 0.57759327
vn 0.568708 -0.6016346 0.5608983
vn 0.47295156 -0.46288082 0.74970543
vn 0.7884627 -0.6140535 0.03556541
vn 0.8927046 -0.44824246 0.04644632
vn 0.9515842 -0.3019461 -0.057584763
vn 0.89366907 -0.44872677 0
vn 0.9171797 -0.39264444 -0.067910746
vn 0.9057103 -0.39682242 -0.14906657
vn 0.9044322 -0.39942783 -0.14986598
vn 0.88368005 -0.4085614 -0.228445
vn 0.8841458 -0.405804 -0.23153666
vn 0.94931656 -0.12209394 -0.28963968
vn 0.9482497 -0.11422498 -0.29626882
vn 0.91273236 -0.12907572 -0.38763243
vn 0.90993965 -0.11815146 -0.39755505
vn 0.5255294 -0.069696255 -0.8479158
vn 0.8615045 -0.13488436 -0.48950595
vn 0.87032187 -0.15420634 -0.46771818
vn 0.80336 -0.15968876 -0.57368314
vn 0.82481635 -0.18534777 -0.5341575
vn 0.7717184 -0.21812409 -0.59738815
vn 0.7615495 -0.2129512 -0.6121227
vn 0.7331731 -0.22011293 -0.6434341
vn 0.72482806 -0.24024488 -0.6456831
vn 0.68009365 -0.2443409 -0.6912092
vn 0.59847564 -0.11071608 -0.7934538
vn 0.6722341 -0.25837338 -0.69378984
vn 0.52110356 -0.17471308 -0.83541983
vn 0.5805616 -0.1819436 -0.79362756
vn 0.261126 -0.21722627 -0.9405455
vn 0.29195535 -0.2572942 -0.92117417
vn 0.3165266 -0.25276676 -0.91428655
vn 0.47333118 -0.18504362 -0.86122966
vn 0.4597743 -0.16747801 -0.8721001
vn 0.51960933 -0.17704324 -0.83586
vn 0.39955556 -0.1775215 -0.8993561
vn 0.319105 -0.25615546 -0.91244525
vn 0.3926283 -0.2433249 -0.88692504
vn 0.3392024 -0.34397933 -0.87556833
vn 0.383934 -0.3362272 -0.85996854
vn 0.3776995 -0.3908906 -0.8393734
vn 0.6748527 -0.7379525 0
vn 0.85499734 -0.41901857 -0.30561933
vn 0.8556581 -0.41792896 -0.3052615
vn 0.89270455 -0.44824243 -0.046446294
vn 0.7884627 -0.6140534 -0.035565384
vn 0.7889619 -0.6144422 0
vn 0.58322465 -0.7297069 0.35689908
vn 0.5786126 -0.7344684 0.3546316
vn 0.5523598 -0.7469231 0.37014112
vn 0.5452617 -0.75742453 0.3591627
vn 0.5104692 -0.61896545 0.5969111
vn 0.42766887 -0.4931045 0.7575931
vn 0.41469607 -0.5067867 0.7557741
vn 0.4106208 -0.5336883 0.73930204
vn 0.40891862 -0.5631279 0.7181034
vn 0.46975887 -0.47127292 0.7464773
vn 0.4652029 -0.46830696 0.75118226
vn 0.33390233 -0.43341678 0.8370539
vn 0.32674965 -0.4529955 0.82947564
vn 0.3259036 -0.45425105 0.8291217
vn 0.3939551 -0.32317019 -0.8604419
vn 0.40455496 -0.2892743 -0.8675573
vn 0.41732684 -0.2910692 -0.8608815
vn 0.5255513 -0.27329838 -0.8056697
vn 0.45282006 -0.28531286 -0.8447192
vn 0.4631673 -0.26250678 -0.8465023
vn 0.6077869 -0.29894894 -0.73567975
vn 0.6171313 -0.30691898 -0.72453403
vn 0.66770446 -0.27338967 -0.692408
vn 0.33984804 -0.41518474 0.843875
vn 0.34767622 -0.4168382 0.8398614
vn 0.36804643 -0.413586 0.83275956
vn 0.37665123 -0.38350478 0.84324247
f 386//700 387//700 388//700
f 386//701 388//701 389//701
f 386//702 389//702 390//702
f 386//703 390//703 391//703
f 386//704 391//704 387//704
f 387//705 391//705 392//705
f 387//706 392//706 393//706
f 387//707 393//707 394//707
f 387//708 394//708 395//708
f 387//709 395//709 388//709
f 388//710 396//710 389//710
f 388//711 395//711 397//711
f 388//712 397//712 396//712
f 389//713 396//713 398//713
f 389//714 398//714 399//714
f 389//715 399//715 400//715
f 389//716 400//716 390//716
f 390//717 400//717 401//717
f 390//718 401//718 402//718
f 390//719 402//719 391//719
f 391//720 402//720 403//720
f 391//721 403//721 404//721
f 391//722 404//722 392//722
f 392//723 405//723 393//723
f 392//724 404//724 406//724
f 392//725 406//725 405//725
f 393//726 405//726 407//726
f 393//727 407//727 408//727
f 393//728 408//728 409//728
f 393//729 409//729 410//729
f 393//730 410//730 394//730
f 394//731 411//731 395//731
f 394//732 410//732 412//732
f 394//733 412//733 411//733
f 395//734 411//734 397//734
f 396//735 397//735 398//735
f 397//736 411//736 413//736
f 397//737 413//737 414//737
f 397//738 414//738 398//738
f 398//739 415//739 399//739
f 398//740 414//740 415//740
f 399//741 416//741 417//741
f 399//742 417//742 418//742
f 399//743 418//743 419//743
f 399//744 419//744 400//744
f 399//745 415//745 416//745
f 400//746 419//746 401//746
f 401//747 419//747 420//747
f 401//748 420//748 421//748
f 401//749 421//749 402//749
f 402//750 421//750 403//750
f 403//751 422//751 406//751
f 403//752 406//752 404//752
f 403//753 421//753 423//753
f 403//754 423//754 424//754
f 403//755 424//755 422//755
f 405//756 425//756 407//756
f 405//757 406//757 425//757
f 406//758 426//758 425//758
f 406//759 422//759 427//759
f 406//760 427//760 426//760
f 407//761 425//761 428//761
f 407//762 428//762 408//762
f 408//763 428//763 429//763
f 408//764 429//764 430//764
f 408//765 430//765 431//765
f 408//766 431//766 432//766
f 408//767 432//767 409//767
f 409//768 432//768 410//768
f 410//769 432//769 433//769
f 410//770 433//770 434//770
f 410//771 434//771 412//771
f 411//772 412//772 435//772
f 411//773 435//773 413//773
f 413//774 435//774 436//774
f 413//775 436//775 414//775
f 414//776 437//776 415//776
f 414//777 436//777 438//777
f 414//778 438//778 437//778
f 415//779 437//779 439//779
f 415//780 439//780 440//780
f 415//781 440//781 441//781
f 415//782 441//782 416//782
f 416//783 441//783 417//783
f 417//784 441//784 442//784
f 417//785 442//785 443//785
f 417//786 443//786 444//786
f 417//787 444//787 445//787
f 417//788 445//788 418//788
f 418//789 445//789 446//789
f 418//790 446//790 419//790
f 419//791 446//791 420//791
f 420//792 446//792 447//792
f 420//793 447//793 421//793
f 421//794 447//794 448//794
f 421//795 448//795 423//795
f 422//796 424//796 427//796
f 423//797 448//797 449//797
f 423//798 449//798 450//798
f 423//799 450//799 424//799
f 424//800 451//800 427//800
f 424//801 450//801 452//801
f 424//802 452//802 451//802
f 425//803 426//803 453//803
f 425//804 453//804 454//804
f 425//805 454//805 455//805
f 425//806 455//806 428//806
f 426//807 427//807 453//807
f 427//808 456//808 453//808
f 427//809 451//809 457//809
f 427//810 457//810 456//810
f 428//811 455//811 458//811
f 428//812 458//812 429//812
f 429//813 458//813 459//813
f 429//814 459//814 460//814
f 429//815 460//815 430//815
f 430//816 461//816 431//816
f 430//817 460//817 462//817
f 430//818 462//818 461//818
f 431//819 461//819 463//819
f 431//820 463//820 464//820
f 431//821 464//821 432//821
f 432//822 464//822 465//822
f 432//823 465//823 466//823
f 432//824 466//824 467//824
f 432//825 467//825 433//825
f 412//826 434//826 468//826
f 412//827 468//827 435//827
f 433//828 467//828 469//828
f 433//829 469//829 434//829
f 435//830 468//830 436//830
f 437//831 438//831 470//831
f 437//832 470//832 439//832
f 436//833 468//833 471//833
f 436//834 471//834 438//834
f 438//835 471//835 472//835
f 438//836 472//836 470//836
f 439//837 473//837 474//837
f 439//838 474//838 440//838
f 439//839 470//839 473//839
f 440//840 474//840 441//840
f 441//841 475//841 476//841
f 441//842 476//842 442//842
f 441//843 474//843 475//843
f 442//844 476//844 443//844
f 443//845 476//845 477//845
f 443//846 477//846 478//846
f 443//847 478//847 444//847
f 444//848 478//848 479//848
f 444//849 479//849 480//849
f 444//850 480//850 445//850
f 445//851 480//851 481//851
f 445//852 481//852 446//852
f 446//853 481//853 447//853
f 447//854 481//854 482//854
f 447//855 482//855 448//855
f 448//856 482//856 483//856
f 448//857 483//857 484//857
f 448//858 484//858 485//858
f 448//859 485//859 449//859
f 449//860 485//860 450//860
f 450//861 485//861 486//861
f 450//862 486//862 487//862
f 450//863 487//863 452//863
f 451//864 452//864 457//864
f 452//865 487//865 488//865
f 452//866 488//866 457//866
f 453//867 489//867 490//867
f 453//868 490//868 454//868
f 453//869 456//869 491//869
f 453//870 491//870 489//870
f 454//871 490//871 455//871
f 455//872 490//872 492//872
f 455//873 492//873 493//873
f 455//874 493//874 458//874
f 456//875 457//875 491//875
f 457//876 494//876 491//876
f 457//877 488//877 495//877
f 457//878 495//878 494//878
f 458//879 493//879 496//879
f 458//880 496//880 497//880
f 458//881 497//881 459//881
f 459//882 497//882 498//882
f 459//883 498//883 499//883
f 459//884 499//884 500//884
f 459//885 500//885 460//885
f 460//886 500//886 499//886
f 460//887 499//887 462//887
f 461//888 462//888 501//888
f 461//889 501//889 463//889
f 462//890 499//890 502//890
f 462//891 502//891 503//891
f 462//892 503//892 501//892
f 463//893 501//893 464//893
f 464//894 501//894 504//894
f 464//895 504//895 465//895
f 465//896 504//896 505//896
f 465//897 505//897 466//897
f 466//898 505//898 506//898
f 466//899 506//899 467//899
f 467//900 506//900 507//900
f 467//901 507//901 469//901
f 434//902 469//902 508//902
f 434//903 508//903 468//903
f 468//904 508//904 471//904
f 469//905 507//905 509//905
f 469//906 509//906 510//906
f 469//907 510//907 508//907
f 470//908 511//908 473//908
f 470//909 472//909 512//909
f 470//910 512//910 513//910
f 470//911 513//911 511//911
f 471//912 508//912 510//912
f 471//913 510//913 514//913
f 471//914 514//914 472//914
f 472//915 514//915 515//915
f 472//916 515//916 516//916
f 472//917 516//917 512//917
f 473//918 517//918 474//918
f 473//919 511//919 517//919
f 474//920 517//920 518//920
f 474//921 518//921 519//921
f 474//922 519//922 475//922
f 475//923 519//923 476//923
f 476//924 519//924 520//924
f 476//925 520//925 477//925
f 477//926 520//926 521//926
f 477//927 521//927 522//927
f 477//928 522//928 523//928
f 477//929 523//929 478//929
f 478//930 523//930 524//930
f 478//931 524//931 525//931
f 478//932 525//932 526//932
f 478//933 526//933 479//933
f 479//934 526//934 527//934
f 479//935 527//935 480//935
f 480//936 527//936 528//936
f 480//937 528//937 529//937
f 480//938 529//938 481//938
f 481//939 529//939 482//939
f 482//940 529//940 483//940
f 483//941 529//941 528//941
f 483//942 528//942 530//942
f 483//943 530//943 484//943
f 484//944 530//944 531//944
f 484//945 531//945 532//945
f 484//946 532//946 485//946
f 485//947 532//947 533//947
f 485//948 533//948 486//948
f 486//949 533//949 487//949
f 487//950 534//950 488//950
f 487//951 533//951 535//951
f 487//952 535//952 536//952
f 487//953 536//953 534//953
f 488//954 534//954 495//954
f 489//955 537//955 490//955
f 489//956 491//956 537//956
f 490//957 537//957 538//957
f 490//958 538//958 539//958
f 490//959 539//959 492//959
f 491//960 494//960 540//960
f 491//961 540//961 541//961
f 491//962 541//962 537//962
f 492//963 539//963 542//963
f 492//964 542//964 493//964
f 493//965 542//965 543//965
f 493//966 543//966 496//966
f 494//967 495//967 540//967
f 495//968 534//968 544//968
f 495//969 544//969 545//969
f 495//970 545//970 546//970
f 495//971 546//971 540//971
f 496//972 547//972 548//972
f 496//973 548//973 497//973
f 496//974 543//974 547//974
f 497//975 548//975 498//975
f 498//976 548//976 549//976
f 498//977 549//977 550//977
f 498//978 550//978 499//978
f 499//979 550//979 502//979
f 501//980 503//980 551//980
f 501//981 551//981 504//981
f 502//982 552//982 553//982
f 502//983 553//983 503//983
f 502//984 550//984 552//984
f 503//985 553//985 554//985
f 503//986 554//986 555//986
f 503//987 555//987 551//987
f 504//988 551//988 505//988
f 505//989 551//989 556//989
f 505//990 556//990 557//990
f 505//991 557//991 506//991
f 506//992 557//992 558//992
f 506//993 558//993 507//993
f 507//994 558//994 559//994
f 507//994 559//994 509//994
f 510//995 509//995 560//995
f 510//996 560//996 514//996
f 511//997 513//997 561//997
f 511//998 561//998 562//998
f 511//999 562//999 563//999
f 511//1000 563//1000 564//1000
f 511//1001 564//1001 565//1001
f 511//1002 565//1002 517//1002
f 512//1003 516//1003 566//1003
f 512//1004 566//1004 567//1004
f 512//1005 567//1005 513//1005
f 513//1006 567//1006 568//1006
f 513//1007 568//1007 561//1007
f 514//1008 560//1008 515//1008
f 515//1009 560//1009 569//1009
f 515//1010 569//1010 570//1010
f 515//1011 570//1011 516//1011
f 516//1012 570//1012 571//1012
f 516//1013 571//1013 566//1013
f 517//1014 572//1014 518//1014
f 517//1015 565//1015 573//1015
f 517//1016 573//1016 572//1016
f 518//1017 572//1017 574//1017
f 518//1018 574//1018 575//1018
f 518//1019 575//1019 519//1019
f 519//1020 575//1020 520//1020
f 520//1021 575//1021 576//1021
f 520//1022 576//1022 521//1022
f 521//1023 576//1023 577//1023
f 521//1024 577//1024 578//1024
f 521//1025 578//1025 522//1025
f 522//1026 578//1026 579//1026
f 522//1027 579//1027 524//1027
f 522//1028 524//1028 523//1028
f 524//1029 579//1029 580//1029
f 524//1030 580//1030 581//1030
f 524//1031 581//1031 582//1031
f 524//1032 582//1032 525//1032
f 525//1033 582//1033 583//1033
f 525//1034 583//1034 526//1034
f 526//1035 583//1035 527//1035
f 527//1036 584//1036 528//1036
f 527//1037 583//1037 585//1037
f 527//1038 585//1038 586//1038
f 527//1039 586//1039 584//1039
f 528//1040 584//1040 530//1040
f 530//1041 584//1041 587//1041
f 530//1042 587//1042 531//1042
f 531//1043 587//1043 588//1043
f 531//1044 588//1044 532//1044
f 532//1045 588//1045 589//1045
f 532//1046 589//1046 533//1046
f 533//1047 589//1047 590//1047
f 533//1048 590//1048 535//1048
f 534//1049 536//1049 544//1049
f 535//1050 590//1050 536//1050
f 536//1051 590//1051 589//1051
f 536//1052 589//1052 591//1052
f 536//1053 591//1053 592//1053
f 536//1054 592//1054 544//1054
f 537//1055 593//1055 594//1055
f 537//1056 594//1056 538//1056
f 537//1057 541//1057 595//1057
f 537//1058 595//1058 593//1058
f 538//1059 594//1059 596//1059
f 538//1060 596//1060 539//1060
f 539//1061 596//1061 597//1061
f 539//1062 597//1062 542//1062
f 540//1063 598//1063 595//1063
f 540//1064 595//1064 541//1064
f 540//1065 546//1065 599//1065
f 540//1066 599//1066 598//1066
f 542//1067 600//1067 601//1067
f 542//1068 601//1068 602//1068
f 542//1069 602//1069 543//1069
f 542//1070 597//1070 600//1070
f 543//1071 602//1071 547//1071
f 544//1072 592//1072 545//1072
f 545//1073 603//1073 546//1073
f 545//1074 592//1074 603//1074
f 546//1075 603//1075 599//1075
f 547//1076 602//1076 604//1076
f 547//1077 604//1077 605//1077
f 547//1078 605//1078 548//1078
f 548//1079 605//1079 549//1079
f 549//1080 606//1080 607//1080
f 549//1081 607//1081 550//1081
f 549//1082 605//1082 606//1082
f 550//1083 607//1083 552//1083
f 551//1084 555//1084 556//1084
f 552//1085 608//1085 609//1085
f 552//1086 609//1086 553//1086
f 552//1087 607//1087 608//1087
f 553//1088 609//1088 610//1088
f 553//1089 610//1089 554//1089
f 554//1090 610//1090 611//1090
f 554//1091 611//1091 555//1091
f 555//1092 611//1092 612//1092
f 555//1093 612//1093 556//1093
f 556//1094 612//1094 613//1094
f 556//1095 613//1095 557//1095
f 557//1096 613//1096 614//1096
f 557//1097 614//1097 558//1097
f 558//1098 614//1098 615//1098
f 558//1098 615//1098 559//1098
f 509//1099 559//1099 560//1099
f 560//1100 559//1100 616//1100
f 560//1101 616//1101 569//1101
f 561//1102 568//1102 617//1102
f 561//1103 617//1103 562//1103
f 562//1104 617//1104 563//1104
f 563//1105 617//1105 618//1105
f 563//1106 618//1106 564//1106
f 564//1107 618//1107 619//1107
f 564//1108 619//1108 620//1108
f 564//1109 620//1109 565//1109
f 565//1110 620//1110 621//1110
f 565//1111 621//1111 573//1111
f 566//1112 571//1112 568//1112
f 566//1113 568//1113 567//1113
f 568//1114 571//1114 622//1114
f 568//1115 622//1115 623//1115
f 568//1116 623//1116 617//1116
f 569//1117 616//1117 624//1117
f 569//1118 624//1118 570//1118
f 570//1119 624//1119 625//1119
f 570//1120 625//1120 571//1120
f 571//1121 625//1121 622//1121
f 572//1122 626//1122 627//1122
f 572//1123 627//1123 574//1123
f 572//1124 573//1124 628//1124
f 572//1125 628//1125 629//1125
f 572//1126 629//1126 626//1126
f 573//1127 621//1127 630//1127
f 573//1128 630//1128 628//1128
f 574//1129 627//1129 575//1129
f 575//1130 631//1130 576//1130
f 575//1131 627//1131 632//1131
f 575//1132 632//1132 631//1132
f 576//1133 631//1133 633//1133
f 576//1134 633//1134 577//1134
f 577//1135 633//1135 578//1135
f 578//1136 634//1136 635//1136
f 578//1137 635//1137 636//1137
f 578//1138 636//1138 579//1138
f 578//1139 633//1139 634//1139
f 579//1140 636//1140 580//1140
f 580//1141 637//1141 638//1141
f 580//1142 638//1142 639//1142
f 580//1143 639//1143 640//1143
f 580//1144 640//1144 581//1144
f 580//1145 636//1145 637//1145
f 581//1146 640//1146 582//1146
f 582//1147 640//1147 639//1147
f 582//1148 639//1148 583//1148
f 583//1149 639//1149 641//1149
f 583//1150 641//1150 585//1150
f 584//1151 586//1151 587//1151
f 585//1152 641//1152 586//1152
f 587//1153 586//1153 588//1153
f 588//1154 641//1154 642//1154
f 588//1154 642//1154 643//1154
f 588//1155 643//1155 589//1155
f 588//1156 586//1156 641//1156
f 589//1157 643//1157 642//1157
f 589//1157 642//1157 639//1157
f 589//1158 639//1158 644//1158
f 589//1159 644//1159 645//1159
f 589//1160 645//1160 646//1160
f 589//1161 646//1161 591//1161
f 591//1162 647//1162 592//1162
f 591//1163 646//1163 648//1163
f 591//1164 648//1164 649//1164
f 591//1165 649//1165 650//1165
f 591//1166 650//1166 651//1166
f 591//1167 651//1167 647//1167
f 592//1168 647//1168 651//1168
f 592//1169 651//1169 652//1169
f 592//1170 652//1170 653//1170
f 592//1171 653//1171 603//1171
f 593//1172 654//1172 655//1172
f 593//1173 655//1173 594//1173
f 593//1174 595//1174 656//1174
f 593//1175 656//1175 654//1175
f 594//1176 655//1176 657//1176
f 594//1177 657//1177 658//1177
f 594//1178 658//1178 659//1178
f 594//1179 659//1179 596//1179
f 595//1180 598//1180 660//1180
f 595//1181 660//1181 656//1181
f 596//1182 659//1182 661//1182
f 596//1183 661//1183 662//1183
f 596//1184 662//1184 597//1184
f 597//1185 662//1185 600//1185
f 598//1186 599//1186 660//1186
f 599//1187 603//1187 663//1187
f 599//1188 663//1188 660//1188
f 600//1189 662//1189 664//1189
f 600//1190 664//1190 665//1190
f 600//1191 665//1191 666//1191
f 600//1192 666//1192 601//1192
f 601//1193 666//1193 667//1193
f 601//1194 667//1194 604//1194
f 601//1195 604//1195 602//1195
f 603//1196 653//1196 652//1196
f 603//1197 652//1197 668//1197
f 603//1198 668//1198 663//1198
f 604//1199 667//1199 669//1199
f 604//1200 669//1200 605//1200
f 605//1201 669//1201 606//1201
f 606//1202 670//1202 671//1202
f 606//1203 671//1203 607//1203
f 606//1204 669//1204 670//1204
f 607//1205 671//1205 608//1205
f 608//1206 672//1206 673//1206
f 608//1207 673//1207 609//1207
f 608//1208 671//1208 672//1208
f 609//1209 673//1209 674//1209
f 609//1210 674//1210 610//1210
f 610//1211 674//1211 675//1211
f 610//1212 675//1212 611//1212
f 611//1213 675//1213 676//1213
f 611//1214 676//1214 612//1214
f 612//1215 676//1215 677//1215
f 612//1216 677//1216 613//1216
f 613//1217 677//1217 678//1217
f 613//1218 678//1218 614//1218
f 614//1219 678//1219 679//1219
f 614//1219 679//1219 615//1219
f 559//1220 615//1220 616//1220
f 616//1221 615//1221 680//1221
f 616//1222 680//1222 624//1222
f 617//1223 623//1223 681//1223
f 617//1224 681//1224 618//1224
f 618//1225 681//1225 682//1225
f 618//1226 682//1226 619//1226
f 619//1227 682//1227 683//1227
f 619//1228 683//1228 684//1228
f 619//1229 684//1229 620//1229
f 620//1230 684//1230 621//1230
f 621//1231 685//1231 630//1231
f 621//1232 684//1232 685//1232
f 622//1233 625//1233 686//1233
f 622//1234 686//1234 687//1234
f 622//1235 687//1235 688//1235
f 622//1236 688//1236 623//1236
f 623//1237 688//1237 689//1237
f 623//1238 689//1238 681//1238
f 624//1239 680//1239 690//1239
f 624//1240 690//1240 686//1240
f 624//1241 686//1241 625//1241
f 626//1242 629//1242 691//1242
f 626//1243 691//1243 692//1243
f 626//1244 692//1244 693//1244
f 626//1245 693//1245 627//1245
f 627//1246 694//1246 695//1246
f 627//1247 695//1247 632//1247
f 627//1248 693//1248 694//1248
f 628//1249 630//1249 685//1249
f 628//1250 685//1250 629//1250
f 629//1251 685//1251 696//1251
f 629//1252 696//1252 697//1252
f 629//1253 697//1253 691//1253
f 631//1254 632//1254 695//1254
f 631//1255 695//1255 698//1255
f 631//1256 698//1256 699//1256
f 631//1257 699//1257 633//1257
f 633//1258 699//1258 700//1258
f 633//1259 700//1259 634//1259
f 634//1260 700//1260 635//1260
f 635//1261 700//1261 701//1261
f 635//1262 701//1262 637//1262
f 635//1263 637//1263 636//1263
f 637//1264 702//1264 703//1264
f 637//1265 703//1265 638//1265
f 637//1266 701//1266 704//1266
f 637//1267 704//1267 705//1267
f 637//1268 705//1268 702//1268
f 638//1269 703//1269 706//1269
f 638//1270 706//1270 707//1270
f 638//1271 707//1271 708//1271
f 638//1272 708//1272 709//1272
f 638//1273 709//1273 710//1273
f 638//1274 710//1274 711//1274
f 638//1275 711//1275 644//1275
f 638//1276 644//1276 639//1276
f 639//1277 642//1277 641//1277
f 645//1278 644//1278 712//1278
f 645//1279 712//1279 713//1279
f 645//1280 713//1280 646//1280
f 646//1281 714//1281 715//1281
f 646//1282 715//1282 716//1282
f 646//1283 716//1283 648//1283
f 646//1284 713//1284 717//1284
f 646//1285 717//1285 714//1285
f 648//1286 716//1286 718//1286
f 648//1287 718//1287 719//1287
f 648//1288 719//1288 720//1288
f 648//1289 720//1289 721//1289
f 648//1290 721//1290 722//1290
f 648//1291 722//1291 723//1291
f 648//1292 723//1292 724//1292
f 648//1293 724//1293 649//1293
f 649//1294 724//1294 725//1294
f 649//1295 725//1295 650//1295
f 650//1296 725//1296 651//1296
f 651//1297 725//1297 652//1297
f 652//1298 725//1298 726//1298
f 652//1299 726//1299 727//1299
f 652//1300 727//1300 668//1300
f 654//1301 728//1301 729//1301
f 654//1302 729//1302 655//1302
f 654//1303 656//1303 728//1303
f 655//1304 729//1304 657//1304
f 656//1305 660//1305 730//1305
f 656//1306 730//1306 728//1306
f 657//1307 729//1307 731//1307
f 657//1308 731//1308 658//1308
f 658//1309 731//1309 661//1309
f 658//1310 661//1310 659//1310
f 660//1311 732//1311 730//1311
f 660//1312 663//1312 733//1312
f 660//1313 733//1313 732//1313
f 661//1314 734//1314 735//1314
f 661//1315 735//1315 662//1315
f 661//1316 731//1316 734//1316
f 662//1317 735//1317 664//1317
f 663//1318 668//1318 727//1318
f 663//1319 727//1319 733//1319
f 664//1320 735//1320 736//1320
f 664//1321 736//1321 737//1321
f 664//1322 737//1322 665//1322
f 665//1323 737//1323 738//1323
f 665//1324 738//1324 739//1324
f 665//1325 739//1325 666//1325
f 666//1326 739//1326 667//1326
f 667//1327 739//1327 740//1327
f 667//1328 740//1328 669//1328
f 669//1329 740//1329 670//1329
f 670//1330 740//1330 741//1330
f 670//1331 741//1331 742//1331
f 670//1332 742//1332 671//1332
f 671//1333 742//1333 672//1333
f 672//1334 742//1334 743//1334
f 672//1335 743//1335 744//1335
f 672//1336 744//1336 673//1336
f 673//1337 744//1337 745//1337
f 673//1338 745//1338 674//1338
f 674//1339 745//1339 746//1339
f 674//1340 746//1340 675//1340
f 675//1341 746//1341 747//1341
f 675//1342 747//1342 676//1342
f 676//1343 747//1343 748//1343
f 676//1344 748//1344 677//1344
f 677//1345 749//1345 678//1345
f 677//1346 748//1346 749//1346
f 678//1347 749//1347 750//1347
f 678//1347 750//1347 679//1347
f 615//1348 679//1348 680//1348
f 680//1349 679//1349 751//1349
f 680//1350 751//1350 690//1350
f 681//1351 752//1351 682//1351
f 681//1352 689//1352 752//1352
f 682//1353 752//1353 753//1353
f 682//1354 753//1354 683//1354
f 683//1355 754//1355 755//1355
f 683//1356 755//1356 684//1356
f 683//1357 753//1357 754//1357
f 684//1358 755//1358 685//1358
f 685//1359 755//1359 696//1359
f 686//1360 690//1360 756//1360
f 686//1361 756//1361 687//1361
f 687//1362 756//1362 757//1362
f 687//1363 757//1363 688//1363
f 688//1364 757//1364 758//1364
f 688//1365 758//1365 689//1365
f 689//1366 758//1366 759//1366
f 689//1367 759//1367 752//1367
f 690//1368 751//1368 760//1368
f 690//1369 760//1369 756//1369
f 691//1370 697//1370 692//1370
f 692//1371 697//1371 761//1371
f 692//1372 761//1372 693//1372
f 693//1373 762//1373 694//1373
f 693//1374 761//1374 762//1374
f 694//1375 762//1375 763//1375
f 694//1376 763//1376 695//1376
f 695//1377 763//1377 764//1377
f 695//1378 764//1378 765//1378
f 695//1379 765//1379 698//1379
f 696//1380 755//1380 766//1380
f 696//1381 766//1381 767//1381
f 696//1382 767//1382 697//1382
f 697//1383 768//1383 761//1383
f 697//1384 767//1384 768//1384
f 698//1385 765//1385 699//1385
f 699//1386 765//1386 769//1386
f 699//1387 769//1387 770//1387
f 699//1388 770//1388 700//1388
f 700//1389 770//1389 701//1389
f 701//1390 771//1390 704//1390
f 701//1391 770//1391 771//1391
f 702//1392 705//1392 772//1392
f 702//1393 772//1393 773//1393
f 702//1394 773//1394 703//1394
f 703//1395 774//1395 706//1395
f 703//1396 773//1396 775//1396
f 703//1397 775//1397 774//1397
f 704//1398 771//1398 776//1398
f 704//1399 776//1399 772//1399
f 704//1400 772//1400 705//1400
f 706//1401 777//1401 778//1401
f 706//1402 778//1402 707//1402
f 706//1403 774//1403 779//1403
f 706//1404 779//1404 780//1404
f 706//1405 780//1405 781//1405
f 706//1406 781//1406 782//1406
f 706//1407 782//1407 783//1407
f 706//1408 783//1408 784//1408
f 706//1409 784//1409 785//1409
f 706//1410 785//1410 777//1410
f 707//1411 778//1411 708//1411
f 708//1412 778//1412 786//1412
f 708//1413 786//1413 787//1413
f 708//1414 787//1414 788//1414
f 708//1415 788//1415 709//1415
f 709//1416 789//1416 710//1416
f 709//1417 788//1417 789//1417
f 710//1418 790//1418 791//1418
f 710//1419 791//1419 711//1419
f 710//1420 789//1420 792//1420
f 710//1421 792//1421 793//1421
f 710//1422 793//1422 790//1422
f 711//1423 791//1423 794//1423
f 711//1424 794//1424 795//1424
f 711//1425 795//1425 712//1425
f 711//1426 712//1426 644//1426
f 712//1427 796//1427 713//1427
f 712//1428 795//1428 796//1428
f 713//1429 796//1429 717//1429
f 714//1430 797//1430 715//1430
f 714//1431 717//1431 789//1431
f 714//1432 789//1432 797//1432
f 715//1433 797//1433 798//1433
f 715//1434 798//1434 799//1434
f 715//1435 799//1435 716//1435
f 716//1436 799//1436 800//1436
f 716//1437 800//1437 718//1437
f 717//1438 795//1438 794//1438
f 717//1439 794//1439 801//1439
f 717//1440 801//1440 793//1440
f 717//1441 793//1441 792//1441
f 717//1442 792//1442 789//1442
f 717//1443 796//1443 802//1443
f 717//1444 802//1444 795//1444
f 718//1445 800//1445 803//1445
f 718//1446 803//1446 804//1446
f 718//1447 804//1447 805//1447
f 718//1448 805//1448 719//1448
f 719//1449 805//1449 806//1449
f 719//1450 806//1450 720//1450
f 720//1451 806//1451 807//1451
f 720//1452 807//1452 808//1452
f 720//1453 808//1453 721//1453
f 721//1454 808//1454 722//1454
f 722//1455 808//1455 809//1455
f 722//1456 809//1456 810//1456
f 722//1457 810//1457 723//1457
f 723//1458 810//1458 725//1458
f 723//1459 725//1459 724//1459
f 725//1460 810//1460 811//1460
f 725//1461 811//1461 726//1461
f 726//1462 811//1462 809//1462
f 726//1463 809//1463 812//1463
f 726//1464 812//1464 727//1464
f 727//1465 813//1465 814//1465
f 727//1466 814//1466 733//1466
f 727//1467 812//1467 813//1467
f 728//1468 815//1468 729//1468
f 728//1469 730//1469 816//1469
f 728//1470 816//1470 817//1470
f 728//1471 817//1471 815//1471
f 729//1472 815//1472 818//1472
f 729//1473 818//1473 731//1473
f 730//1474 819//1474 817//1474
f 730//1475 817//1475 816//1475
f 730//1476 732//1476 819//1476
f 731//1477 818//1477 734//1477
f 732//1478 733//1478 814//1478
f 732//1479 814//1479 820//1479
f 732//1480 820//1480 819//1480
f 734//1481 818//1481 821//1481
f 734//1482 821//1482 822//1482
f 734//1483 822//1483 735//1483
f 735//1484 822//1484 736//1484
f 736//1485 822//1485 823//1485
f 736//1486 823//1486 824//1486
f 736//1487 824//1487 825//1487
f 736//1488 825//1488 737//1488
f 737//1489 825//1489 826//1489
f 737//1490 826//1490 738//1490
f 738//1491 826//1491 827//1491
f 738//1492 827//1492 828//1492
f 738//1493 828//1493 739//1493
f 739//1494 828//1494 740//1494
f 740//1495 828//1495 741//1495
f 741//1496 828//1496 829//1496
f 741//1497 829//1497 830//1497
f 741//1498 830//1498 742//1498
f 742//1499 830//1499 743//1499
f 743//1500 831//1500 832//1500
f 743//1501 832//1501 744//1501
f 743//1502 830//1502 831//1502
f 744//1503 832//1503 833//1503
f 744//1504 833//1504 745//1504
f 745//1505 833//1505 834//1505
f 745//1506 834//1506 746//1506
f 746//1507 834//1507 835//1507
f 746//1508 835//1508 836//1508
f 746//1509 836//1509 747//1509
f 747//1510 836//1510 748//1510
f 748//1511 836//1511 837//1511
f 748//1512 837//1512 838//1512
f 748//1513 838//1513 749//1513
f 749//1514 838//1514 839//1514
f 749//1514 839//1514 750//1514
f 679//1515 750//1515 751//1515
f 751//1516 750//1516 840//1516
f 751//1517 840//1517 760//1517
f 752//1518 759//1518 841//1518
f 752//1519 841//1519 753//1519
f 753//1520 841//1520 842//1520
f 753//1521 842//1521 754//1521
f 754//1522 766//1522 755//1522
f 754//1523 842//1523 843//1523
f 754//1524 843//1524 766//1524
f 756//1525 760//1525 844//1525
f 756//1526 844//1526 757//1526
f 757//1527 844//1527 845//1527
f 757//1528 845//1528 758//1528
f 758//1529 845//1529 846//1529
f 758//1530 846//1530 759//1530
f 759//1531 846//1531 847//1531
f 759//1532 847//1532 841//1532
f 760//1533 840//1533 848//1533
f 760//1534 848//1534 844//1534
f 761//1535 768//1535 849//1535
f 761//1536 849//1536 850//1536
f 761//1537 850//1537 762//1537
f 762//1538 850//1538 851//1538
f 762//1539 851//1539 763//1539
f 763//1540 851//1540 852//1540
f 763//1541 852//1541 853//1541
f 763//1542 853//1542 764//1542
f 764//1543 853//1543 852//1543
f 764//1544 852//1544 854//1544
f 764//1545 854//1545 765//1545
f 765//1546 855//1546 856//1546
f 765//1547 856//1547 769//1547
f 765//1548 854//1548 855//1548
f 766//1549 843//1549 857//1549
f 766//1550 857//1550 767//1550
f 767//1551 857//1551 858//1551
f 767//1552 858//1552 768//1552
f 768//1553 859//1553 849//1553
f 768//1554 858//1554 860//1554
f 768//1555 860//1555 859//1555
f 769//1556 856//1556 770//1556
f 770//1557 861//1557 771//1557
f 770//1558 856//1558 862//1558
f 770//1559 862//1559 861//1559
f 771//1560 861//1560 776//1560
f 772//1561 863//1561 864//1561
f 772//1562 864//1562 773//1562
f 772//1563 776//1563 863//1563
f 773//1564 864//1564 775//1564
f 774//1565 775//1565 865//1565
f 774//1566 865//1566 779//1566
f 775//1567 864//1567 863//1567
f 775//1568 863//1568 865//1568
f 776//1569 861//1569 866//1569
f 776//1570 866//1570 863//1570
f 777//1571 867//1571 868//1571
f 777//1572 868//1572 778//1572
f 777//1573 785//1573 867//1573
f 778//1574 869//1574 870//1574
f 778//1575 870//1575 786//1575
f 778//1576 868//1576 869//1576
f 779//1577 865//1577 863//1577
f 779//1578 863//1578 871//1578
f 779//1579 871//1579 780//1579
f 780//1580 871//1580 872//1580
f 780//1581 872//1581 873//1581
f 780//1582 873//1582 781//1582
f 781//1583 873//1583 782//1583
f 782//1584 873//1584 874//1584
f 782//1585 874//1585 875//1585
f 782//1586 875//1586 783//1586
f 783//1587 875//1587 876//1587
f 783//1588 876//1588 784//1588
f 784//1589 876//1589 877//1589
f 784//1590 877//1590 785//1590
f 785//1591 877//1591 878//1591
f 785//1592 878//1592 867//1592
f 786//1593 879//1593 787//1593
f 786//1594 870//1594 880//1594
f 786//1595 880//1595 881//1595
f 786//1596 881//1596 879//1596
f 787//1597 879//1597 882//1597
f 787//1598 882//1598 789//1598
f 787//1599 789//1599 788//1599
f 789//1600 882//1600 797//1600
f 790//1601 793//1601 791//1601
f 791//1602 793//1602 801//1602
f 791//1603 801//1603 794//1603
f 795//1604 802//1604 796//1604
f 797//1605 883//1605 798//1605
f 797//1606 882//1606 883//1606
f 798//1607 883//1607 884//1607
f 798//1608 884//1608 799//1608
f 799//1609 884//1609 800//1609
f 800//1610 885//1610 803//1610
f 800//1611 884//1611 886//1611
f 800//1612 886//1612 885//1612
f 803//1613 885//1613 887//1613
f 803//1614 887//1614 888//1614
f 803//1615 888//1615 804//1615
f 804//1616 888//1616 889//1616
f 804//1617 889//1617 890//1617
f 804//1618 890//1618 805//1618
f 805//1619 890//1619 891//1619
f 805//1620 891//1620 892//1620
f 805//1621 892//1621 806//1621
f 806//1622 892//1622 893//1622
f 806//1622 893//1622 894//1622
f 806//1622 894//1622 895//1622
f 806//1622 895//1622 896//1622
f 806//1623 896//1623 897//1623
f 806//1622 897//1622 807//1622
f 807//1624 897//1624 898//1624
f 807//1625 898//1625 808//1625
f 808//1626 898//1626 809//1626
f 809//1627 898//1627 899//1627
f 809//1628 899//1628 812//1628
f 809//1629 811//1629 810//1629
f 812//1630 899//1630 896//1630
f 812//1631 896//1631 895//1631
f 812//1632 895//1632 894//1632
f 812//1633 894//1633 813//1633
f 813//1634 894//1634 814//1634
f 814//1635 893//1635 900//1635
f 814//1636 900//1636 820//1636
f 814//1637 894//1637 893//1637
f 815//1638 817//1638 901//1638
f 815//1639 901//1639 818//1639
f 817//1640 902//1640 901//1640
f 817//1641 819//1641 902//1641
f 818//1642 901//1642 821//1642
f 819//1643 820//1643 903//1643
f 819//1644 903//1644 902//1644
f 820//1645 900//1645 903//1645
f 821//1646 904//1646 905//1646
f 821//1647 905//1647 906//1647
f 821//1648 906//1648 822//1648
f 821//1649 901//1649 907//1649
f 821//1650 907//1650 904//1650
f 822//1651 906//1651 823//1651
f 823//1652 906//1652 908//1652
f 823//1653 908//1653 909//1653
f 823//1654 909//1654 824//1654
f 824//1655 910//1655 911//1655
f 824//1656 911//1656 825//1656
f 824//1657 909//1657 910//1657
f 825//1658 911//1658 826//1658
f 826//1659 911//1659 912//1659
f 826//1660 912//1660 827//1660
f 827//1661 912//1661 913//1661
f 827//1662 913//1662 829//1662
f 827//1663 829//1663 828//1663
f 829//1664 913//1664 914//1664
f 829//1665 914//1665 830//1665
f 830//1666 914//1666 831//1666
f 831//1667 915//1667 832//1667
f 831//1668 914//1668 916//1668
f 831//1669 916//1669 915//1669
f 832//1670 917//1670 833//1670
f 832//1671 915//1671 917//1671
f 833//1672 917//1672 918//1672
f 833//1673 918//1673 834//1673
f 834//1674 919//1674 920//1674
f 834//1675 920//1675 921//1675
f 834//1676 921//1676 835//1676
f 834//1677 918//1677 919//1677
f 835//1678 921//1678 837//1678
f 835//1679 837//1679 836//1679
f 837//1680 921//1680 922//1680
f 837//1681 922//1681 923//1681
f 837//1682 923//1682 924//1682
f 837//1683 924//1683 838//1683
f 838//1684 924//1684 925//1684
f 838//1684 925//1684 839//1684
f 750//1685 839//1685 840//1685
f 840//1686 839//1686 926//1686
f 840//1687 926//1687 848//1687
f 841//1688 847//1688 927//1688
f 841//1689 927//1689 842//1689
f 842//1690 928//1690 843//1690
f 842//1691 927//1691 928//1691
f 843//1692 928//1692 929//1692
f 843//1693 929//1693 857//1693
f 844//1694 848//1694 930//1694
f 844//1695 930//1695 845//1695
f 845//1696 930//1696 931//1696
f 845//1697 931//1697 846//1697
f 846//1698 931//1698 932//1698
f 846//1699 932//1699 847//1699
f 847//1700 932//1700 933//1700
f 847//1701 933//1701 927//1701
f 848//1702 926//1702 934//1702
f 848//1703 934//1703 930//1703
f 849//1704 859//1704 935//1704
f 849//1705 935//1705 936//1705
f 849//1706 936//1706 850//1706
f 850//1707 936//1707 851//1707
f 851//1708 936//1708 937//1708
f 851//1709 937//1709 938//1709
f 851//1710 938//1710 852//1710
f 852//1711 938//1711 854//1711
f 854//1712 938//1712 939//1712
f 854//1713 939//1713 855//1713
f 855//1714 939//1714 940//1714
f 855//1715 940//1715 941//1715
f 855//1716 941//1716 942//1716
f 855//1717 942//1717 856//1717
f 856//1718 943//1718 944//1718
f 856//1719 944//1719 862//1719
f 856//1720 942//1720 943//1720
f 857//1721 945//1721 858//1721
f 857//1722 929//1722 945//1722
f 858//1723 945//1723 860//1723
f 859//1724 946//1724 935//1724
f 859//1725 860//1725 947//1725
f 859//1726 947//1726 948//1726
f 859//1727 948//1727 946//1727
f 860//1728 945//1728 949//1728
f 860//1729 949//1729 947//1729
f 861//1730 862//1730 944//1730
f 861//1731 944//1731 950//1731
f 861//1732 950//1732 866//1732
f 863//1733 866//1733 951//1733
f 863//1734 951//1734 871//1734
f 866//1735 950//1735 952//1735
f 866//1736 952//1736 872//1736
f 866//1737 872//1737 951//1737
f 867//1738 953//1738 868//1738
f 867//1739 878//1739 954//1739
f 867//1740 954//1740 955//1740
f 867//1741 955//1741 953//1741
f 868//1742 953//1742 956//1742
f 868//1743 956//1743 870//1743
f 868//1744 870//1744 869//1744
f 870//1745 956//1745 880//1745
f 871//1746 951//1746 872//1746
f 872//1747 952//1747 957//1747
f 872//1748 957//1748 958//1748
f 872//1749 958//1749 873//1749
f 873//1750 958//1750 874//1750
f 874//1751 958//1751 959//1751
f 874//1752 959//1752 960//1752
f 874//1752 960//1752 961//1752
f 874//1752 961//1752 962//1752
f 874//1752 962//1752 963//1752
f 874//1752 963//1752 964//1752
f 874//1752 964//1752 965//1752
f 874//1753 965//1753 875//1753
f 875//1754 965//1754 876//1754
f 876//1755 965//1755 966//1755
f 876//1756 966//1756 967//1756
f 876//1757 967//1757 968//1757
f 876//1758 968//1758 877//1758
f 877//1759 968//1759 969//1759
f 877//1760 969//1760 970//1760
f 877//1761 970//1761 878//1761
f 878//1762 970//1762 971//1762
f 878//1763 971//1763 972//1763
f 878//1764 972//1764 954//1764
f 879//1765 881//1765 973//1765
f 879//1766 973//1766 882//1766
f 880//1767 956//1767 881//1767
f 881//1768 956//1768 974//1768
f 881//1769 974//1769 975//1769
f 881//1770 975//1770 973//1770
f 882//1771 976//1771 977//1771
f 882//1772 977//1772 978//1772
f 882//1773 978//1773 883//1773
f 882//1774 973//1774 976//1774
f 883//1775 978//1775 884//1775
f 884//1776 978//1776 979//1776
f 884//1777 979//1777 980//1777
f 884//1778 980//1778 886//1778
f 885//1779 886//1779 981//1779
f 885//1780 981//1780 982//1780
f 885//1781 982//1781 983//1781
f 885//1782 983//1782 887//1782
f 886//1783 980//1783 984//1783
f 886//1784 984//1784 985//1784
f 886//1785 985//1785 981//1785
f 887//1786 983//1786 986//1786
f 887//1787 986//1787 987//1787
f 887//1788 987//1788 888//1788
f 888//1789 987//1789 988//1789
f 888//1790 988//1790 890//1790
f 888//1791 890//1791 889//1791
f 890//1792 988//1792 989//1792
f 890//1793 989//1793 903//1793
f 890//1794 903//1794 891//1794
f 891//1795 903//1795 892//1795
f 892//1796 903//1796 900//1796
f 892//1797 900//1797 893//1797
f 897//1798 896//1798 899//1798
f 897//1799 899//1799 898//1799
f 901//1800 902//1800 907//1800
f 902//1801 989//1801 907//1801
f 902//1802 903//1802 989//1802
f 904//1803 990//1803 905//1803
f 904//1804 907//1804 991//1804
f 904//1805 991//1805 987//1805
f 904//1806 987//1806 990//1806
f 905//1807 990//1807 992//1807
f 905//1808 992//1808 908//1808
f 905//1809 908//1809 906//1809
f 907//1810 989//1810 991//1810
f 908//1811 993//1811 994//1811
f 908//1812 994//1812 909//1812
f 908//1813 992//1813 993//1813
f 909//1814 994//1814 910//1814
f 910//1815 995//1815 996//1815
f 910//1816 996//1816 911//1816
f 910//1817 994//1817 995//1817
f 911//1818 996//1818 912//1818
f 912//1819 996//1819 997//1819
f 912//1820 997//1820 913//1820
f 913//1821 998//1821 914//1821
f 913//1822 997//1822 998//1822
f 914//1823 998//1823 916//1823
f 915//1824 916//1824 999//1824
f 915//1825 999//1825 1000//1825
f 915//1826 1000//1826 1001//1826
f 915//1827 1001//1827 917//1827
f 916//1828 998//1828 1002//1828
f 916//1829 1002//1829 1003//1829
f 916//1830 1003//1830 999//1830
f 917//1831 1004//1831 918//1831
f 917//1832 1001//1832 1004//1832
f 918//1833 1005//1833 919//1833
f 918//1834 1004//1834 1005//1834
f 919//1835 1005//1835 1006//1835
f 919//1836 1006//1836 920//1836
f 920//1837 1006//1837 1007//1837
f 920//1838 1007//1838 1008//1838
f 920//1839 1008//1839 922//1839
f 920//1840 922//1840 921//1840
f 922//1841 1008//1841 1009//1841
f 922//1842 1009//1842 1010//1842
f 922//1843 1010//1843 923//1843
f 923//1844 1010//1844 1011//1844
f 923//1844 1011//1844 1012//1844
f 923//1845 1012//1845 925//1845
f 923//1845 925//1845 924//1845
f 839//1846 925//1846 926//1846
f 926//1847 925//1847 1012//1847
f 926//1848 1012//1848 1013//1848
f 926//1849 1013//1849 1014//1849
f 926//1850 1014//1850 934//1850
f 927//1851 933//1851 1015//1851
f 927//1852 1015//1852 928//1852
f 928//1853 1016//1853 929//1853
f 928//1854 1015//1854 1016//1854
f 929//1855 1016//1855 1017//1855
f 929//1856 1017//1856 945//1856
f 930//1857 934//1857 1018//1857
f 930//1858 1018//1858 931//1858
f 931//1859 1019//1859 932//1859
f 931//1860 1018//1860 1019//1860
f 932//1861 1020//1861 933//1861
f 932//1862 1019//1862 1021//1862
f 932//1863 1021//1863 1020//1863
f 933//1864 1020//1864 1015//1864
f 934//1865 1014//1865 1018//1865
f 935//1866 946//1866 1022//1866
f 935//1867 1022//1867 1023//1867
f 935//1868 1023//1868 1024//1868
f 935//1869 1024//1869 936//1869
f 936//1870 1024//1870 937//1870
f 937//1871 1024//1871 1025//1871
f 937//1872 1025//1872 938//1872
f 938//1873 1025//1873 939//1873
f 939//1874 1025//1874 941//1874
f 939//1875 941//1875 940//1875
f 941//1876 1025//1876 1026//1876
f 941//1877 1026//1877 942//1877
f 942//1878 1027//1878 943//1878
f 942//1879 1026//1879 1027//1879
f 943//1880 1027//1880 1028//1880
f 943//1881 1028//1881 944//1881
f 944//1882 1028//1882 963//1882
f 944//1883 963//1883 950//1883
f 945//1884 1017//1884 949//1884
f 946//1885 1029//1885 1022//1885
f 946//1886 948//1886 1029//1886
f 947//1887 949//1887 1030//1887
f 947//1888 1030//1888 948//1888
f 948//1889 1030//1889 1031//1889
f 948//1890 1031//1890 1029//1890
f 949//1891 1017//1891 1032//1891
f 949//1892 1032//1892 1030//1892
f 950//1893 962//1893 961//1893
f 950//1894 961//1894 952//1894
f 950//1895 963//1895 962//1895
f 952//1896 961//1896 957//1896
f 953//1897 974//1897 956//1897
f 953//1898 955//1898 1033//1898
f 953//1899 1033//1899 974//1899
f 954//1900 972//1900 1034//1900
f 954//1901 1034//1901 955//1901
f 955//1902 1034//1902 1035//1902
f 955//1903 1035//1903 1033//1903
f 957//1904 960//1904 958//1904
f 957//1905 961//1905 960//1905
f 958//1906 960//1906 959//1906
f 965//1907 964//1907 1028//1907
f 965//1908 1028//1908 966//1908
f 966//1909 1028//1909 1027//1909
f 966//1910 1027//1910 1036//1910
f 966//1911 1036//1911 1037//1911
f 966//1912 1037//1912 969//1912
f 966//1913 969//1913 967//1913
f 967//1914 969//1914 968//1914
f 969//1915 1037//1915 1038//1915
f 969//1916 1038//1916 1039//1916
f 969//1917 1039//1917 970//1917
f 970//1918 1039//1918 1040//1918
f 970//1919 1040//1919 971//1919
f 971//1920 1040//1920 972//1920
f 972//1921 1040//1921 1041//1921
f 972//1922 1041//1922 1034//1922
f 973//1923 975//1923 1042//1923
f 973//1924 1042//1924 1043//1924
f 973//1925 1043//1925 976//1925
f 974//1926 1033//1926 1044//1926
f 974//1927 1044//1927 975//1927
f 975//1928 1044//1928 1042//1928
f 976//1929 1045//1929 1046//1929
f 976//1930 1046//1930 1047//1930
f 976//1931 1047//1931 977//1931
f 976//1932 1043//1932 1048//1932
f 976//1933 1048//1933 1049//1933
f 976//1934 1049//1934 1050//1934
f 976//1935 1050//1935 1051//1935
f 976//1936 1051//1936 1052//1936
f 976//1937 1052//1937 1053//1937
f 976//1938 1053//1938 1054//1938
f 976//1939 1054//1939 1055//1939
f 976//1940 1055//1940 1056//1940
f 976//1941 1056//1941 1045//1941
f 977//1942 1047//1942 978//1942
f 978//1943 1057//1943 979//1943
f 978//1944 1047//1944 1057//1944
f 979//1945 1057//1945 1058//1945
f 979//1946 1058//1946 980//1946
f 980//1947 1058//1947 1059//1947
f 980//1948 1059//1948 984//1948
f 981//1949 985//1949 1060//1949
f 981//1950 1060//1950 982//1950
f 982//1951 1060//1951 1061//1951
f 982//1952 1061//1952 986//1952
f 982//1953 986//1953 983//1953
f 984//1954 1059//1954 1062//1954
f 984//1955 1062//1955 1063//1955
f 984//1956 1063//1956 985//1956
f 985//1957 1063//1957 1064//1957
f 985//1958 1064//1958 1060//1958
f 986//1959 1061//1959 990//1959
f 986//1960 990//1960 987//1960
f 987//1961 991//1961 988//1961
f 988//1962 991//1962 989//1962
f 990//1963 1061//1963 1065//1963
f 990//1964 1065//1964 992//1964
f 992//1965 1065//1965 1066//1965
f 992//1966 1066//1966 993//1966
f 993//1967 1067//1967 1068//1967
f 993//1968 1068//1968 994//1968
f 993//1969 1066//1969 1067//1969
f 994//1970 1068//1970 995//1970
f 995//1971 1068//1971 1069//1971
f 995//1972 1069//1972 1070//1972
f 995//1973 1070//1973 996//1973
f 996//1974 1070//1974 997//1974
f 997//1975 1070//1975 1071//1975
f 997//1976 1071//1976 998//1976
f 998//1977 1071//1977 1002//1977
f 999//1978 1072//1978 1073//1978
f 999//1979 1073//1979 1000//1979
f 999//1980 1003//1980 1074//1980
f 999//1981 1074//1981 1072//1981
f 1000//1982 1073//1982 1001//1982
f 1001//1983 1075//1983 1004//1983
f 1001//1984 1073//1984 1075//1984
f 1002//1985 1076//1985 1003//1985
f 1002//1986 1071//1986 1077//1986
f 1002//1987 1077//1987 1076//1987
f 1003//1988 1076//1988 1074//1988
f 1004//1989 1075//1989 1078//1989
f 1004//1990 1078//1990 1005//1990
f 1005//1991 1079//1991 1006//1991
f 1005//1992 1078//1992 1079//1992
f 1006//1993 1080//1993 1007//1993
f 1006//1994 1079//1994 1080//1994
f 1007//1995 1080//1995 1081//1995
f 1007//1996 1081//1996 1008//1996
f 1008//1997 1082//1997 1009//1997
f 1008//1998 1081//1998 1083//1998
f 1008//1999 1083//1999 1082//1999
f 1009//2000 1084//2000 1011//2000
f 1009//2000 1011//2000 1010//2000
f 1009//2001 1082//2001 1085//2001
f 1009//2001 1085//2001 1084//2001
f 1012//2002 1011//2002 1013//2002
f 1013//2003 1011//2003 1084//2003
f 1013//2004 1084//2004 1086//2004
f 1013//2005 1086//2005 1087//2005
f 1013//2006 1087//2006 1014//2006
f 1014//2007 1087//2007 1018//2007
f 1015//2008 1088//2008 1016//2008
f 1015//2009 1020//2009 1088//2009
f 1016//2010 1088//2010 1089//2010
f 1016//2011 1089//2011 1017//2011
f 1017//2012 1089//2012 1032//2012
f 1018//2013 1087//2013 1090//2013
f 1018//2014 1090//2014 1091//2014
f 1018//2015 1091//2015 1019//2015
f 1019//2016 1092//2016 1021//2016
f 1019//2017 1091//2017 1092//2017
f 1020//2018 1021//2018 1093//2018
f 1020//2019 1093//2019 1094//2019
f 1020//2020 1094//2020 1088//2020
f 1021//2021 1092//2021 1093//2021
f 1022//2022 1029//2022 1095//2022
f 1022//2023 1095//2023 1023//2023
f 1023//2024 1096//2024 1097//2024
f 1023//2025 1097//2025 1098//2025
f 1023//2026 1098//2026 1024//2026
f 1023//2027 1095//2027 1096//2027
f 1024//2028 1098//2028 1099//2028
f 1024//2029 1099//2029 1025//2029
f 1025//2030 1099//2030 1026//2030
f 1026//2031 1099//2031 1036//2031
f 1026//2032 1036//2032 1027//2032
f 1028//2033 964//2033 963//2033
f 1029//2034 1100//2034 1095//2034
f 1029//2035 1031//2035 1100//2035
f 1030//2036 1032//2036 1101//2036
f 1030//2037 1101//2037 1102//2037
f 1030//2038 1102//2038 1031//2038
f 1031//2039 1102//2039 1103//2039
f 1031//2040 1103//2040 1100//2040
f 1032//2041 1089//2041 1101//2041
f 1033//2042 1035//2042 1104//2042
f 1033//2043 1104//2043 1044//2043
f 1034//2044 1041//2044 1105//2044
f 1034//2045 1105//2045 1035//2045
f 1035//2046 1105//2046 1106//2046
f 1035//2047 1106//2047 1104//2047
f 1036//2048 1099//2048 1038//2048
f 1036//2049 1038//2049 1037//2049
f 1038//2050 1099//2050 1098//2050
f 1038//2051 1098//2051 1039//2051
f 1039//2052 1098//2052 1097//2052
f 1039//2053 1097//2053 1040//2053
f 1040//2054 1097//2054 1041//2054
f 1041//2055 1097//2055 1105//2055
f 1042//2056 1044//2056 1107//2056
f 1042//2057 1107//2057 1043//2057
f 1043//2058 1107//2058 1108//2058
f 1043//2059 1108//2059 1048//2059
f 1044//2060 1104//2060 1109//2060
f 1044//2061 1109//2061 1107//2061
f 1045//2062 1110//2062 1046//2062
f 1045//2063 1056//2063 1111//2063
f 1045//2064 1111//2064 1112//2064
f 1045//2065 1112//2065 1113//2065
f 1045//2066 1113//2066 1114//2066
f 1045//2067 1114//2067 1115//2067
f 1045//2068 1115//2068 1110//2068
f 1046//2069 1116//2069 1047//2069
f 1046//2070 1110//2070 1117//2070
f 1046//2071 1117//2071 1118//2071
f 1046//2072 1118//2072 1119//2072
f 1046//2073 1119//2073 1120//2073
f 1046//2074 1120//2074 1121//2074
f 1046//2075 1121//2075 1122//2075
f 1046//2076 1122//2076 1123//2076
f 1046//2077 1123//2077 1124//2077
f 1046//2078 1124//2078 1116//2078
f 1047//2079 1125//2079 1062//2079
f 1047//2080 1062//2080 1059//2080
f 1047//2081 1059//2081 1057//2081
f 1047//2082 1116//2082 1126//2082
f 1047//2083 1126//2083 1127//2083
f 1047//2084 1127//2084 1128//2084
f 1047//2085 1128//2085 1129//2085
f 1047//2086 1129//2086 1130//2086
f 1047//2087 1130//2087 1125//2087
f 1048//2088 1108//2088 1131//2088
f 1048//2089 1131//2089 1049//2089
f 1049//2090 1131//2090 1050//2090
f 1050//2091 1132//2091 1133//2091
f 1050//2092 1133//2092 1134//2092
f 1050//2093 1134//2093 1052//2093
f 1050//2094 1052//2094 1051//2094
f 1050//2095 1131//2095 1132//2095
f 1052//2096 1134//2096 1135//2096
f 1052//2097 1135//2097 1053//2097
f 1053//2098 1135//2098 1054//2098
f 1054//2099 1135//2099 1136//2099
f 1054//2100 1136//2100 1137//2100
f 1054//2101 1137//2101 1055//2101
f 1055//2102 1137//2102 1056//2102
f 1056//2103 1137//2103 1138//2103
f 1056//2104 1138//2104 1139//2104
f 1056//2105 1139//2105 1111//2105
f 1057//2106 1059//2106 1058//2106
f 1060//2107 1064//2107 1065//2107
f 1060//2108 1065//2108 1061//2108
f 1062//2109 1125//2109 1140//2109
f 1062//2110 1140//2110 1063//2110
f 1063//2111 1140//2111 1141//2111
f 1063//2112 1141//2112 1064//2112
f 1064//2113 1141//2113 1066//2113
f 1064//2114 1066//2114 1065//2114
f 1066//2115 1141//2115 1067//2115
f 1067//2116 1141//2116 1142//2116
f 1067//2117 1142//2117 1143//2117
f 1067//2118 1143//2118 1068//2118
f 1068//2119 1143//2119 1069//2119
f 1069//2120 1143//2120 1144//2120
f 1069//2121 1144//2121 1145//2121
f 1069//2122 1145//2122 1070//2122
f 1070//2123 1145//2123 1071//2123
f 1071//2124 1145//2124 1077//2124
f 1072//2125 1146//2125 1147//2125
f 1072//2126 1147//2126 1073//2126
f 1072//2127 1074//2127 1148//2127
f 1072//2128 1148//2128 1146//2128
f 1073//2129 1147//2129 1149//2129
f 1073//2130 1149//2130 1075//2130
f 1074//2131 1076//2131 1148//2131
f 1075//2132 1149//2132 1150//2132
f 1075//2133 1150//2133 1078//2133
f 1076//2134 1151//2134 1148//2134
f 1076//2135 1077//2135 1152//2135
f 1076//2136 1152//2136 1153//2136
f 1076//2137 1153//2137 1151//2137
f 1077//2138 1145//2138 1154//2138
f 1077//2139 1154//2139 1152//2139
f 1078//2140 1150//2140 1079//2140
f 1079//2141 1150//2141 1155//2141
f 1079//2142 1155//2142 1156//2142
f 1079//2143 1156//2143 1080//2143
f 1080//2144 1156//2144 1081//2144
f 1081//2145 1156//2145 1157//2145
f 1081//2146 1157//2146 1158//2146
f 1081//2147 1158//2147 1083//2147
f 1082//2148 1083//2148 1159//2148
f 1082//2149 1159//2149 1160//2149
f 1082//2149 1160//2149 1085//2149
f 1083//2150 1158//2150 1159//2150
f 1084//2151 1085//2151 1086//2151
f 1086//2152 1085//2152 1161//2152
f 1086//2153 1161//2153 1162//2153
f 1086//2154 1162//2154 1163//2154
f 1086//2155 1163//2155 1087//2155
f 1087//2156 1164//2156 1090//2156
f 1087//2157 1163//2157 1164//2157
f 1088//2158 1094//2158 1165//2158
f 1088//2159 1165//2159 1089//2159
f 1089//2160 1165//2160 1101//2160
f 1090//2161 1166//2161 1091//2161
f 1090//2162 1164//2162 1166//2162
f 1091//2163 1166//2163 1167//2163
f 1091//2164 1167//2164 1092//2164
f 1092//2165 1168//2165 1093//2165
f 1092//2166 1167//2166 1168//2166
f 1093//2167 1169//2167 1170//2167
f 1093//2168 1170//2168 1094//2168
f 1093//2169 1168//2169 1169//2169
f 1094//2170 1171//2170 1172//2170
f 1094//2171 1172//2171 1165//2171
f 1094//2172 1170//2172 1171//2172
f 1095//2173 1100//2173 1173//2173
f 1095//2174 1173//2174 1096//2174
f 1096//2175 1106//2175 1105//2175
f 1096//2176 1105//2176 1097//2176
f 1096//2177 1173//2177 1106//2177
f 1100//2178 1174//2178 1173//2178
f 1100//2179 1103//2179 1174//2179
f 1101//2180 1175//2180 1176//2180
f 1101//2181 1176//2181 1102//2181
f 1101//2182 1165//2182 1175//2182
f 1102//2183 1176//2183 1103//2183
f 1103//2184 1177//2184 1174//2184
f 1103//2185 1176//2185 1177//2185
f 1104//2186 1106//2186 1178//2186
f 1104//2187 1178//2187 1109//2187
f 1106//2188 1173//2188 1178//2188
f 1107//2189 1109//2189 1179//2189
f 1107//2190 1179//2190 1180//2190
f 1107//2191 1180//2191 1108//2191
f 1108//2192 1180//2192 1181//2192
f 1108//2193 1181//2193 1131//2193
f 1109//2194 1178//2194 1179//2194
f 1110//2195 1182//2195 1117//2195
f 1110//2196 1115//2196 1183//2196
f 1110//2197 1183//2197 1184//2197
f 1110//2198 1184//2198 1182//2198
f 1111//2199 1139//2199 1112//2199
f 1112//2200 1139//2200 1185//2200
f 1112//2201 1185//2201 1186//2201
f 1112//2202 1186//2202 1113//2202
f 1113//2203 1186//2203 1114//2203
f 1114//2204 1186//2204 1187//2204
f 1114//2205 1187//2205 1188//2205
f 1114//2206 1188//2206 1115//2206
f 1115//2207 1188//2207 1189//2207
f 1115//2208 1189//2208 1183//2208
f 1116//2209 1124//2209 1190//2209
f 1116//2210 1190//2210 1191//2210
f 1116//2211 1191//2211 1192//2211
f 1116//2212 1192//2212 1193//2212
f 1116//2213 1193//2213 1194//2213
f 1116//2214 1194//2214 1126//2214
f 1117//2215 1182//2215 1184//2215
f 1117//2216 1184//2216 1118//2216
f 1118//2217 1184//2217 1195//2217
f 1118//2218 1195//2218 1158//2218
f 1118//2219 1158//2219 1119//2219
f 1119//2220 1158//2220 1157//2220
f 1119//2221 1157//2221 1156//2221
f 1119//2222 1156//2222 1120//2222
f 1120//2223 1156//2223 1121//2223
f 1121//2224 1156//2224 1155//2224
f 1121//2225 1155//2225 1122//2225
f 1122//2226 1155//2226 1150//2226
f 1122//2227 1150//2227 1123//2227
f 1123//2228 1150//2228 1149//2228
f 1123//2229 1149//2229 1124//2229
f 1124//2230 1149//2230 1147//2230
f 1124//2231 1147//2231 1190//2231
f 1125//2232 1130//2232 1140//2232
f 1126//2233 1194//2233 1196//2233
f 1126//2234 1196//2234 1127//2234
f 1127//2235 1196//2235 1197//2235
f 1127//2236 1197//2236 1198//2236
f 1127//2237 1198//2237 1128//2237
f 1128//2238 1198//2238 1199//2238
f 1128//2239 1199//2239 1130//2239
f 1128//2240 1130//2240 1129//2240
f 1130//2241 1199//2241 1140//2241
f 1131//2242 1181//2242 1200//2242
f 1131//2243 1200//2243 1201//2243
f 1131//2244 1201//2244 1132//2244
f 1132//2245 1202//2245 1133//2245
f 1132//2246 1201//2246 1203//2246
f 1132//2247 1203//2247 1202//2247
f 1133//2248 1202//2248 1204//2248
f 1133//2249 1204//2249 1205//2249
f 1133//2250 1205//2250 1134//2250
f 1134//2251 1205//2251 1135//2251
f 1135//2252 1206//2252 1207//2252
f 1135//2253 1207//2253 1136//2253
f 1135//2254 1205//2254 1206//2254
f 1136//2255 1207//2255 1137//2255
f 1137//2256 1208//2256 1209//2256
f 1137//2257 1209//2257 1138//2257
f 1137//2258 1207//2258 1208//2258
f 1138//2259 1209//2259 1139//2259
f 1139//2260 1209//2260 1210//2260
f 1139//2261 1210//2261 1211//2261
f 1139//2262 1211//2262 1185//2262
f 1140//2263 1199//2263 1142//2263
f 1140//2264 1142//2264 1141//2264
f 1142//2265 1199//2265 1212//2265
f 1142//2266 1212//2266 1143//2266
f 1143//2267 1212//2267 1213//2267
f 1143//2268 1213//2268 1144//2268
f 1144//2269 1213//2269 1214//2269
f 1144//2270 1214//2270 1215//2270
f 1144//2271 1215//2271 1145//2271
f 1145//2272 1215//2272 1154//2272
f 1146//2273 1148//2273 1216//2273
f 1146//2274 1216//2274 1191//2274
f 1146//2275 1191//2275 1190//2275
f 1146//2276 1190//2276 1147//2276
f 1148//2277 1151//2277 1216//2277
f 1151//2278 1153//2278 1217//2278
f 1151//2279 1217//2279 1216//2279
f 1152//2280 1154//2280 1218//2280
f 1152//2281 1218//2281 1153//2281
f 1153//2282 1218//2282 1194//2282
f 1153//2283 1194//2283 1217//2283
f 1154//2284 1215//2284 1218//2284
f 1158//2285 1195//2285 1219//2285
f 1158//2286 1219//2286 1159//2286
f 1085//2287 1160//2287 1161//2287
f 1159//2288 1219//2288 1220//2288
f 1159//2288 1220//2288 1160//2288
f 1161//2289 1160//2289 1188//2289
f 1161//2290 1188//2290 1162//2290
f 1162//2291 1188//2291 1187//2291
f 1162//2292 1187//2292 1186//2292
f 1162//2293 1186//2293 1221//2293
f 1162//2294 1221//2294 1163//2294
f 1163//2295 1221//2295 1164//2295
f 1164//2296 1221//2296 1211//2296
f 1164//2297 1211//2297 1166//2297
f 1165//2298 1172//2298 1175//2298
f 1166//2299 1210//2299 1167//2299
f 1166//2300 1211//2300 1210//2300
f 1167//2301 1209//2301 1168//2301
f 1167//2302 1210//2302 1209//2302
f 1168//2303 1209//2303 1208//2303
f 1168//2304 1208//2304 1169//2304
f 1169//2305 1208//2305 1170//2305
f 1170//2306 1208//2306 1207//2306
f 1170//2307 1207//2307 1171//2307
f 1171//2308 1222//2308 1172//2308
f 1171//2309 1207//2309 1222//2309
f 1172//2310 1204//2310 1175//2310
f 1172//2311 1222//2311 1204//2311
f 1173//2312 1174//2312 1178//2312
f 1174//2313 1179//2313 1178//2313
f 1174//2314 1177//2314 1179//2314
f 1175//2315 1223//2315 1224//2315
f 1175//2316 1224//2316 1176//2316
f 1175//2317 1204//2317 1223//2317
f 1176//2318 1224//2318 1177//2318
f 1177//2319 1225//2319 1179//2319
f 1177//2320 1224//2320 1225//2320
f 1179//2321 1225//2321 1180//2321
f 1180//2322 1225//2322 1200//2322
f 1180//2323 1200//2323 1181//2323
f 1183//2324 1189//2324 1195//2324
f 1183//2324 1195//2324 1184//2324
f 1185//2325 1211//2325 1186//2325
f 1186//2326 1211//2326 1221//2326
f 1188//2327 1160//2327 1220//2327
f 1188//2328 1220//2328 1189//2328
f 1189//2329 1220//2329 1219//2329
f 1189//2329 1219//2329 1195//2329
f 1191//2330 1216//2330 1217//2330
f 1191//2331 1217//2331 1192//2331
f 1192//2332 1217//2332 1194//2332
f 1192//2333 1194//2333 1193//2333
f 1194//2334 1218//2334 1196//2334
f 1196//2335 1214//2335 1226//2335
f 1196//2336 1226//2336 1227//2336
f 1196//2337 1227//2337 1228//2337
f 1196//2338 1228//2338 1197//2338
f 1196//2339 1218//2339 1215//2339
f 1196//2340 1215//2340 1214//2340
f 1197//2341 1228//2341 1212//2341
f 1197//2342 1212//2342 1198//2342
f 1198//2343 1212//2343 1199//2343
f 1200//2344 1225//2344 1201//2344
f 1201//2345 1225//2345 1224//2345
f 1201//2346 1224//2346 1203//2346
f 1202//2347 1223//2347 1204//2347
f 1202//2348 1203//2348 1224//2348
f 1202//2349 1224//2349 1223//2349
f 1204//2350 1222//2350 1205//2350
f 1205//2351 1222//2351 1206//2351
f 1206//2352 1222//2352 1207//2352
f 1212//2353 1228//2353 1213//2353
f 1213//2354 1228//2354 1227//2354
f 1213//2355 1227//2355 1226//2355
f 1213//2356 1226//2356 1214//2356
