# mmind_convex 2.1.2 1
o geometry1
v -0.0013396045 0.012457798 0.01739186
v -0.0045763208 0.00201342 0.01739186
v -0.004913035 0.00092433393 0.01739186
v -0.004994219 -0.00021482538 0.01739186
v -0.00481588 -0.0013414659 0.01739186
v -0.004386004 -0.002399257 0.01739186
v -0.0037272149 -0.0033318647 0.01739186
v -0.0028741166 -0.004089218 0.01739186
v -0.0018706282 -0.0046358476 0.01739186
v -0.000771316 -0.004938371 0.01739186
v 0.0003679228 -0.0049842712 0.01739186
v 0.00148986 -0.0047714612 0.01739186
v 0.002533275 -0.0043082866 0.01739186
v 0.0034449322 -0.0036218702 0.01739186
v 0.0041769193 -0.0027455944 0.01739186
v 0.0046906415 -0.001727445 0.01739186
v 0.0049608117 -0.0006174948 0.01739186
v 0.0049714586 0.00052375067 0.01739186
v 0.005040665 0.011235184 0.01739186
v -0.0019145475 0.014917631 0.016419783
v -0.0021833866 0.0151137505 0.01634828
v -0.0024735199 0.015257709 0.016259756
v -0.002832859 0.0153828915 0.016130373
v -0.003244103 0.015483037 0.015955023
v 0.0066976184 0.013926605 0.012305047
v 0.0066483757 0.0140350945 0.01244124
v 0.0050739376 0.011452166 0.017170547
v 0.004407163 0.014072649 0.015384715
v 0.0041569564 0.014074737 0.01555155
v 0.003836213 0.01405596 0.01574052
v 0.0034915132 0.014016317 0.015915867
v 0.0031241886 0.013962073 0.016075894
v 0.0027395624 0.013897395 0.016217194
v 0.0024813705 0.013855668 0.016297208
v 0.0020581486 0.01379725 0.016406164
v 0.0032226741 0.014746549 0.012519551
v -0.003467692 0.016023409 0.011680262
v -0.003760487 0.016058877 0.011765382
v -0.0040652603 0.016096432 0.011802835
v -0.0043713637 0.016136073 0.011790918
v -0.0041477745 0.015656207 0.015428977
v -0.0049542924 0.015810598 0.014742904
v -0.005539882 0.015923262 0.014046617
v -0.006072237 0.016025495 0.013154552
v 0.006746861 0.013772212 0.0120173395
v 0.006793442 0.013657462 0.011705798
v 0.006833369 0.013588611 0.011397662
v 0.0068653105 0.013563575 0.011094632
v 0.0068732956 0.013561489 0.011004403
v 0.006877288 0.013586525 0.0104698455
v 0.006877288 0.013586525 0.0068947766
v 0.00668431 0.013924519 0.005097027
v 0.006674994 0.013939122 0.0050936225
v 0.0032226741 0.014746549 0.0048723086
v 0.004648054 0.0140496995 0.015204258
v 0.004864988 0.0140038 0.015018696
v 0.0050579663 0.013932863 0.014833132
v -0.0028900872 0.0159483 0.0060316524
v -0.0031908676 0.01598794 0.011545771
v -0.0031908676 0.01598794 0.0058460897
v -0.003467692 0.016023409 0.005711599
v -0.005784765 0.0163155 0.006625795
v -0.005784765 0.0163155 0.010766066
v -0.0046721445 0.016173627 0.011731334
v -0.006430245 0.016094344 0.012204605
v -0.0065859593 0.016123554 0.01136191
v -0.006644518 0.016133986 0.010587312
v -0.006701746 0.016146503 0.009116426
v -0.004994219 -0.00021482538 0
v -0.00481588 -0.0013414659 0
v -0.004958285 0.016209096 0.0116223795
v -0.0052218 0.016242476 0.011465758
v -0.0054520434 0.016271686 0.011268278
v -0.00564236 0.016296722 0.011031643
v 0.0046906415 -0.001727445 0
v 0.0049608117 -0.0006174948 0
v 0.0068919286 0.013557317 0.0069203125
v 0.0068919286 0.013557317 0.010333653
v 0.006870634 0.013561489 0.0064027784
v 0.0068253838 0.013590699 0.0059822826
v 0.0067362143 0.013772212 0.0053813304
v 0.0049714586 0.00052375067 0
v 0.005040665 0.011235184 0
v 0.0050739376 0.011452166 0.00022131391
v 0.0051670996 0.013874445 0.002674492
v 0.004995415 0.013959985 0.0024957387
v 0.0047957823 0.014020491 0.002311878
v 0.0046799947 0.014043441 0.0022148406
v -0.0028847638 0.0153974965 0.0012819176
v -0.003244103 0.015483037 0.0014368375
v 0.0044098245 0.014072649 0.0020088484
v -0.003760487 0.016058877 0.005626478
v -0.0043713637 0.016136073 0.0055992394
v -0.0058726035 0.016325932 0.006915205
v -0.0058726035 0.016325932 0.010476655
v -0.006656496 0.016136073 0.0069135027
v -0.006597937 0.01612564 0.006087832
v -0.006428914 0.016094344 0.0051736357
v -0.006082884 0.016027581 0.004261142
v -0.004913035 0.00092433393 0
v -0.0045763208 0.00201342 0
v -0.0013396045 0.012457798 0
v 0.0041769193 -0.0027455944 0
v 0.0034449322 -0.0036218702 0
v 0.002533275 -0.0043082866 0
v 0.00148986 -0.0047714612 0
v 0.0003679228 -0.0049842712 0
v -0.000771316 -0.004938371 0
v -0.0018706282 -0.0046358476 0
v -0.0028741166 -0.004089218 0
v -0.0037272149 -0.0033318647 0
v -0.004386004 -0.002399257 0
v 0.0067827953 0.013659548 0.00567755
v 0.006859987 0.013563575 0.006297229
v -0.001954474 0.014951013 0.0009822929
v -0.0020263419 0.015007345 0.0010010195
v 0.002251127 0.013822285 0.0010316628
v 0.002639746 0.013880704 0.0011423198
v 0.0030310266 0.013945382 0.0012785131
v 0.0034209762 0.014005886 0.0014436468
v 0.0037749922 0.0140496995 0.0016172933
v 0.0041103754 0.014072649 0.0018113684
v -0.0024735199 0.015257709 0.0011321055
v -0.004058606 0.015639516 0.0019015963
v -0.0040652603 0.016096432 0.005589025
v -0.0046721445 0.016173627 0.0056605265
v -0.00564236 0.016296722 0.0063602184
v -0.0054520434 0.016271686 0.006123583
v -0.005557184 0.015927434 0.003369077
v -0.0048704464 0.015793907 0.0025655376
v -0.002305828 0.015180513 0.0010793307
v -0.004958285 0.016209096 0.005769481
v -0.0052218 0.016242476 0.005926103
vn 0 0 1
vn 0 0 0.99999994
vn 0.07305951 0.38126445 0.92157453
vn 0.024958842 0.37244904 0.9277169
vn -0.122446366 0.32901278 0.93635327
vn -0.23739065 0.27997205 0.9301942
vn -0.33583036 0.22320637 0.9150939
vn -0.44683826 0.13847531 0.88383275
vn -0.44806746 0.13852957 0.88320166
vn 0.9517641 -0.0061493483 0.30676928
vn 0.9464526 0.025581447 0.3218277
vn 0.81836355 0.34404317 0.46034268
vn 0.52644604 0.5661919 0.6342565
vn 0.4554026 0.57966214 0.675722
vn 0.38669553 0.5832891 0.7143111
vn 0.31691328 0.57630754 0.7532832
vn 0.2594019 0.5615085 0.7857601
vn 0.20869036 0.5401238 0.81530035
vn 0.1750069 0.52012765 0.83596635
vn 0.14993402 0.502195 0.8516573
vn 0.14274918 0.49575266 0.85665166
vn 0.14678796 0.51018536 0.8474457
vn 0.1472764 0.51171476 0.84643817
vn 0.16052683 0.56227475 0.81122017
vn 0.17459618 0.6246116 0.7611679
vn 0.18925013 0.71232253 0.6758557
vn 0.1950106 0.76808697 0.60992897
vn 0.19871032 0.7967184 0.5707486
vn 0.20291883 0.87887096 0.43175197
vn 0.20006017 0.9206773 0.33515587
vn 0.19912584 0.9370344 0.28690648
vn 0.19094846 0.97018677 0.14925222
vn 0.18107708 0.9745806 0.13192311
vn 0.17233366 0.97834283 0.114658356
vn 0.15263593 0.9814416 0.11608035
vn 0.13576254 0.9836338 0.118461356
vn 0.122838914 0.98499584 0.12121839
vn 0.117377274 0.98546934 0.12277118
vn -0.4778817 0.14036192 0.8671377
vn -0.626928 0.13480528 0.7673258
vn -0.7512337 0.11361582 0.6501841
vn -0.85192263 0.0798256 0.51754785
vn -0.8827141 0.06290827 0.46568063
vn 0.9538267 -0.0088984165 0.3002259
vn 0.9867836 0.12686534 0.10081353
vn 0.9863012 0.13255307 0.09818186
vn 0.9844395 0.15010384 0.091365755
vn 0.98067814 0.17729221 0.08269021
vn 0.9315272 0.36288187 0.023952976
vn 0.91809994 0.39600548 0.016500276
vn 0.9797597 -0.049128618 0.19405504
vn 0.8907213 0.45454994 0
vn 0.8752069 0.4837396 -0.0030010215
vn 0.8434683 0.5371643 -0.003960686
vn 0.22844037 0.9734854 -0.0118878605
vn 0.20334233 0.9791077 0
vn 0.20438643 0.96841127 0.1428492
vn 0.45216262 0.83141416 0.32295406
vn 0.66338253 0.5853731 0.46611357
vn 0.7225636 0.47653812 0.50081235
vn 0.6888182 0.49948627 0.52539784
vn 0.6103849 0.53926957 0.5801884
vn 0.5281857 0.56585383 0.6331108
vn 0.20081986 0.9688587 0.14485891
vn 0.19290444 0.98121756 0
vn 0.18954971 0.9818657 0.0032808327
vn 0.17433734 0.97954273 0.1005115
vn 0.12708737 0.9918915 0
vn 0.12507038 0.9921478 0
vn 0.12507036 0.9921478 0
vn 0.12403623 0.9922741 0.0026613956
vn 0.12620154 0.9917856 0.020841667
vn 0.12686098 0.9911744 0.038464524
vn 0.12312666 0.9923832 0.0039349073
vn 0.098679446 0.98734236 0.124167375
vn 0.08138543 0.9885848 0.12679373
vn -0.9345886 0.03043702 0.35442573
vn -0.98311615 -0.0291056 0.18065266
vn -0.99481285 -0.06950728 0.07427052
vn -0.99568224 -0.084683545 0.038018476
vn -0.99459827 -0.10379983 -0
vn -0.9877023 -0.15634607 -0
vn 0.07455172 0.98919594 0.12622716
vn 0.05033929 0.9906949 0.12644956
vn 0.03918126 0.99107593 0.12741058
vn 0.018643083 0.99198264 0.12499146
vn -0.017059363 0.99215007 0.12388371
vn -0.021646168 0.9922462 0.12238814
vn -0.07653474 0.99085826 0.11109621
vn -0.09737711 0.98932636 0.108401656
vn 0.971631 -0.23650222 0
vn 0.9908472 -0.13498886 0
vn 0.9908471 -0.13498889 0
vn 0.992239 -0.1210785 0.028316779
vn 0.9915756 -0.093242064 0.0899087
vn 0.990268 -0.08357407 0.111286536
vn 0.98720527 -0.0695919 0.14346679
vn 0.98387015 -0.05905046 0.16885641
vn 0.93364465 0.35741472 0.02371272
vn 0.893982 0.44810268 0
vn 0.89398205 0.44810277 0
vn 0.898776 0.43818158 -0.014096376
vn 0.93537706 0.3518506 -0.035650834
vn 0.98176163 0.16515131 -0.09417641
vn 0.9842503 0.14399567 -0.10255058
vn 0.9782212 -0.0449081 -0.20264916
vn 0.9547077 -0.008906693 -0.2974123
vn 0.9526651 -0.0061551644 -0.30395943
vn 0.8397462 0.31922722 -0.43922696
vn 0.7921876 0.3973968 -0.4631572
vn 0.7494558 0.45665058 -0.47936013
vn 0.73396856 0.48972878 -0.47059092
vn 0.55250883 0.75593483 -0.35113606
vn 0.36268932 0.905929 -0.2185157
vn 0.23360042 0.9640093 -0.12695226
vn 0.17803697 0.9759352 -0.12591013
vn 0.17233364 0.97834283 -0.114658356
vn 0.17433722 0.9795427 -0.10051178
vn 0.17789337 0.980889 -0.078806885
vn 0.21134704 0.96732783 -0.14003368
vn 0.19106531 0.9701849 -0.1491146
vn 0.13066332 0.9914268 0
vn 0.12626845 0.9917721 -0.021077303
vn 0.12403998 0.9922736 -0.0026517273
vn 0.15263605 0.9814416 -0.11608035
vn 0.117941976 0.9930204 0
vn 0.11794199 0.99302053 0
vn -0.1540515 0.9846335 0.08225011
vn 0.122792855 0.99242294 0.0043255
vn 0.12107909 0.99262 0.0067365626
vn 0.11826179 0.99290204 0.012640491
vn -0.19167712 0.9790046 0.06935321
vn -0.23701023 0.97101253 0.030995812
vn -0.23890479 0.9708842 0.01755714
vn -0.21150683 0.9773765 0
vn -0.23536515 0.97186124 -0.009436376
vn -0.9954889 -0.09274382 -0.020009162
vn -0.99499077 -0.0716992 -0.06966125
vn -0.9830947 -0.029139163 -0.18076369
vn -0.9338291 0.030904742 -0.35638192
vn -0.8828655 0.062919065 -0.46539202
vn 0 0 -0.99999994
vn 0 0 -1
vn -0.9264212 -0.3764887 -0
vn 0.11566236 0.99321544 0.012058612
vn 0.8927911 -0.4504709 0
vn 0.982876 -0.055563666 -0.17569171
vn 0.98614407 -0.06518464 -0.15254775
vn 0.989955 -0.08117483 -0.11575778
vn 0.9909558 -0.08755592 -0.101688474
vn 0.9925074 -0.114825465 -0.041763805
vn 0.9862706 0.13376063 -0.096842244
vn 0.9873108 0.11186553 -0.1127094
vn 0.07303237 0.3811229 -0.9216353
vn 0.100812875 0.42729613 -0.8984736
vn 0.14363034 0.4962938 -0.8561908
vn 0.16312437 0.51215655 -0.8432592
vn 0.19773419 0.53431445 -0.82183284
vn 0.2487166 0.5579249 -0.79174477
vn 0.30246004 0.5734942 -0.7613293
vn 0.37666285 0.5830331 -0.7198594
vn 0.44817457 0.5807722 -0.6795904
vn 0.5266775 0.5660707 -0.6341724
vn 0.5384812 0.5637048 -0.6263186
vn 0.59995097 0.5431291 -0.5874264
vn 0.65961874 0.5161507 -0.54634374
vn 0.7390809 0.46508485 -0.48729423
vn 0.19942097 0.93208915 -0.30239233
vn 0.19959962 0.92712474 -0.31717464
vn -0.24447107 0.27675265 -0.9293234
vn -0.3419184 0.21880731 -0.91390115
vn 0.11955946 0.9852779 -0.122200415
vn 0.12350963 0.9849295 -0.12107601
vn 0.13576257 0.9836338 -0.11846138
vn -0.44683835 0.13847534 -0.88383263
vn -0.44806737 0.13852966 -0.8832018
vn -0.4703113 0.13990882 -0.8713396
vn 0.12701975 0.99110013 -0.039830994
vn 0.12309798 0.9923865 -0.0039684824
vn 0.097953655 0.98739636 -0.124312386
vn 0.12279288 0.99242294 -0.004325515
vn -0.07638651 0.9908784 -0.11101834
vn -0.09516452 0.98953235 -0.10848705
vn -0.15323098 0.98478174 -0.082006425
vn -0.19168995 0.9790301 -0.0689566
vn -0.23523687 0.9715066 -0.028958995
vn -0.021935273 0.9922117 -0.12261672
vn -0.020102948 0.9921742 -0.12323247
vn -0.85500246 0.07841364 -0.51266176
vn -0.7455674 0.11538219 -0.6563659
vn -0.61151654 0.13622884 -0.77941597
vn -0.81677073 -0.5769625 -0
vn 0.76746374 -0.64109224 0
vn 0.05527748 0.37777355 -0.92424655
vn -0.14797038 0.3186368 -0.93625605
vn -0.04138947 0.35547405 -0.9337693
vn 0.17278413 0.6236349 -0.76238126
vn 0.17000462 0.6066979 -0.7765411
vn 0.15501806 0.5381139 -0.8284943
vn 0.18662372 0.69428724 -0.6950804
vn 0.19734928 0.7766005 -0.598285
vn 0.19942595 0.81011665 -0.5513079
vn 0.20299128 0.8678743 -0.45341885
vn 0.08436889 0.98835105 -0.12666535
vn 0.11826184 0.992902 -0.012640385
vn 0.12107908 0.99262 -0.006736573
vn 0.07458475 0.98920417 -0.12614313
vn 0.1156625 0.9932154 -0.0120584695
vn 0.01889639 0.99201435 -0.1247011
vn 0.04318828 0.9908662 -0.1277458
vn 0.050003182 0.99064106 -0.12700325
vn -0.6638954 -0.7478253 -0
vn 0.6014983 -0.7988741 0
vn -0.47836122 -0.8781632 -0
vn 0.40572488 -0.9139952 0
vn -0.26532975 -0.96415776 -0
vn 0.18635799 -0.9824819 0
vn -0.0402576 -0.99918926 -0
f 1//1 2//1 3//1
f 1//1 3//1 4//1
f 1//1 4//1 5//1
f 1//1 5//1 6//1
f 1//1 6//1 7//1
f 1//1 7//1 8//1
f 1//1 8//1 9//1
f 1//2 9//2 10//2
f 1//1 10//1 11//1
f 1//1 11//1 12//1
f 1//2 12//2 13//2
f 1//1 13//1 14//1
f 1//1 14//1 15//1
f 1//1 15//1 16//1
f 1//1 16//1 17//1
f 1//1 17//1 18//1
f 1//1 18//1 19//1
f 1//3 19//3 20//3
f 1//4 20//4 21//4
f 1//5 21//5 22//5
f 1//6 22//6 23//6
f 1//7 23//7 24//7
f 1//8 24//8 2//8
f 2//9 24//9 3//9
f 19//10 18//10 25//10
f 19//11 25//11 26//11
f 19//12 26//12 27//12
f 19//13 27//13 28//13
f 19//14 28//14 29//14
f 19//15 29//15 30//15
f 19//16 30//16 31//16
f 19//17 31//17 32//17
f 19//18 32//18 33//18
f 19//19 33//19 34//19
f 19//20 34//20 35//20
f 19//21 35//21 20//21
f 20//22 35//22 21//22
f 21//23 35//23 34//23
f 21//24 34//24 33//24
f 21//25 33//25 32//25
f 21//26 32//26 31//26
f 21//27 31//27 22//27
f 22//28 31//28 30//28
f 22//29 30//29 29//29
f 22//30 29//30 23//30
f 23//31 29//31 28//31
f 23//32 28//32 36//32
f 23//33 36//33 24//33
f 24//34 36//34 37//34
f 24//35 37//35 38//35
f 24//36 38//36 39//36
f 24//37 39//37 40//37
f 24//38 40//38 41//38
f 24//39 41//39 3//39
f 3//40 41//40 42//40
f 3//41 42//41 43//41
f 3//42 43//42 44//42
f 3//43 44//43 4//43
f 18//44 17//44 25//44
f 25//45 45//45 46//45
f 25//46 46//46 47//46
f 25//47 47//47 48//47
f 25//48 48//48 49//48
f 25//49 49//49 50//49
f 25//50 50//50 26//50
f 25//51 17//51 45//51
f 26//52 50//52 51//52
f 26//53 51//53 52//53
f 26//54 52//54 53//54
f 26//55 53//55 54//55
f 26//56 54//56 36//56
f 26//57 36//57 55//57
f 26//58 55//58 56//58
f 26//59 56//59 57//59
f 26//60 57//60 27//60
f 27//61 57//61 56//61
f 27//62 56//62 55//62
f 27//63 55//63 28//63
f 28//64 55//64 36//64
f 36//65 54//65 58//65
f 36//66 58//66 59//66
f 36//67 59//67 37//67
f 37//68 59//68 60//68
f 37//68 60//68 61//68
f 37//69 61//69 62//69
f 37//70 62//70 63//70
f 37//71 63//71 40//71
f 37//72 40//72 38//72
f 38//73 40//73 39//73
f 40//74 63//74 64//74
f 40//75 64//75 41//75
f 41//76 64//76 42//76
f 4//77 44//77 65//77
f 4//78 65//78 66//78
f 4//79 66//79 67//79
f 4//80 67//80 68//80
f 4//81 68//81 69//81
f 4//82 69//82 70//82
f 4//82 70//82 5//82
f 42//83 64//83 71//83
f 42//84 71//84 72//84
f 42//85 72//85 43//85
f 43//86 72//86 73//86
f 43//87 73//87 44//87
f 44//88 73//88 74//88
f 44//89 74//89 63//89
f 44//90 63//90 65//90
f 17//91 16//91 75//91
f 17//91 75//91 76//91
f 17//92 76//92 77//92
f 17//93 77//93 78//93
f 17//94 78//94 49//94
f 17//95 49//95 48//95
f 17//96 48//96 47//96
f 17//97 47//97 46//97
f 17//98 46//98 45//98
f 49//99 78//99 50//99
f 50//100 78//100 77//100
f 50//101 77//101 51//101
f 51//102 77//102 52//102
f 52//103 77//103 79//103
f 52//104 79//104 80//104
f 52//105 80//105 81//105
f 52//106 81//106 76//106
f 52//107 76//107 82//107
f 52//108 82//108 83//108
f 52//109 83//109 84//109
f 52//110 84//110 53//110
f 53//111 84//111 85//111
f 53//112 85//112 86//112
f 53//113 86//113 87//113
f 53//114 87//114 88//114
f 53//115 88//115 54//115
f 54//116 89//116 90//116
f 54//117 90//117 61//117
f 54//118 61//118 60//118
f 54//119 60//119 58//119
f 54//120 88//120 91//120
f 54//121 91//121 89//121
f 58//122 60//122 59//122
f 61//123 92//123 93//123
f 61//124 93//124 62//124
f 61//125 90//125 92//125
f 63//126 62//126 94//126
f 63//127 94//127 95//127
f 63//128 95//128 65//128
f 63//129 74//129 64//129
f 64//130 74//130 72//130
f 64//131 72//131 71//131
f 65//132 95//132 66//132
f 66//133 95//133 67//133
f 67//134 95//134 68//134
f 68//135 95//135 94//135
f 68//136 94//136 96//136
f 68//137 96//137 69//137
f 69//138 96//138 97//138
f 69//139 97//139 98//139
f 69//140 98//140 99//140
f 69//141 99//141 100//141
f 69//142 100//142 101//142
f 69//142 101//142 102//142
f 69//143 102//143 83//143
f 69//142 83//142 82//142
f 69//143 82//143 76//143
f 69//143 76//143 75//143
f 69//143 75//143 103//143
f 69//143 103//143 104//143
f 69//143 104//143 105//143
f 69//143 105//143 106//143
f 69//143 106//143 107//143
f 69//143 107//143 108//143
f 69//143 108//143 109//143
f 69//143 109//143 110//143
f 69//143 110//143 111//143
f 69//143 111//143 112//143
f 69//143 112//143 70//143
f 5//144 70//144 112//144
f 5//144 112//144 6//144
f 72//145 74//145 73//145
f 16//146 15//146 103//146
f 16//146 103//146 75//146
f 76//147 81//147 113//147
f 76//148 113//148 80//148
f 76//149 80//149 114//149
f 76//150 114//150 79//150
f 76//151 79//151 77//151
f 79//152 114//152 80//152
f 80//153 113//153 81//153
f 83//154 102//154 115//154
f 83//155 115//155 116//155
f 83//156 116//156 117//156
f 83//157 117//157 118//157
f 83//158 118//158 119//158
f 83//159 119//159 120//159
f 83//160 120//160 121//160
f 83//161 121//161 122//161
f 83//162 122//162 91//162
f 83//163 91//163 84//163
f 84//164 91//164 88//164
f 84//165 88//165 87//165
f 84//166 87//166 86//166
f 84//167 86//167 85//167
f 89//168 91//168 122//168
f 89//169 122//169 123//169
f 89//170 123//170 102//170
f 89//171 102//171 90//171
f 90//172 124//172 93//172
f 90//173 93//173 125//173
f 90//174 125//174 92//174
f 90//175 102//175 101//175
f 90//176 101//176 100//176
f 90//177 100//177 124//177
f 92//178 125//178 93//178
f 93//179 126//179 62//179
f 93//180 124//180 126//180
f 62//181 126//181 127//181
f 62//182 127//182 99//182
f 62//183 99//183 98//183
f 62//184 98//184 94//184
f 94//185 98//185 97//185
f 94//186 97//186 96//186
f 99//187 127//187 128//187
f 99//188 128//188 129//188
f 99//189 129//189 100//189
f 100//190 129//190 130//190
f 100//191 130//191 124//191
f 6//192 112//192 111//192
f 6//192 111//192 7//192
f 15//193 14//193 104//193
f 15//193 104//193 103//193
f 102//194 116//194 115//194
f 102//195 123//195 131//195
f 102//196 131//196 116//196
f 116//197 131//197 119//197
f 116//198 119//198 118//198
f 116//199 118//199 117//199
f 119//200 131//200 120//200
f 120//201 131//201 121//201
f 121//202 131//202 123//202
f 121//203 123//203 122//203
f 124//204 130//204 126//204
f 126//205 132//205 133//205
f 126//206 133//206 127//206
f 126//207 130//207 132//207
f 127//208 133//208 128//208
f 128//209 133//209 129//209
f 129//210 133//210 130//210
f 130//211 133//211 132//211
f 7//212 111//212 110//212
f 7//212 110//212 8//212
f 14//213 13//213 105//213
f 14//213 105//213 104//213
f 8//214 110//214 109//214
f 8//214 109//214 9//214
f 13//215 12//215 106//215
f 13//215 106//215 105//215
f 9//216 109//216 108//216
f 9//216 108//216 10//216
f 12//217 11//217 107//217
f 12//217 107//217 106//217
f 10//218 108//218 107//218
f 10//218 107//218 11//218
o geometry2
v 0.0076079974 0.040902585 0.015680451
v 0.009352231 0.04235488 0.014961576
v 0.008906237 0.042010058 0.015203118
v 0.009535486 0.043708332 0.015683327
v 0.009230797 0.043625213 0.015844356
v 0.009308074 0.0438667 0.015891802
v 0.009166768 0.043674637 0.015891802
v 0.008405046 0.042841226 0.015921993
v 0.007965676 0.042481802 0.015955063
v 0.007054921 0.041009292 0.015827103
v 0.0061176713 0.04098683 0.015942123
v 0.0054884222 0.040919434 0.015946437
v 0.004905539 0.040917188 0.01594356
v 0.0048779403 0.040916067 0.001448161
v 0.0055016694 0.04092056 0.001445285
v 0.0072977887 0.04096324 0.0016221288
v 0.0090320865 0.042103283 0.002253301
v 0.009343399 0.042349264 0.0024258308
v 0.010733267 0.0435275 0.013860259
v 0.0097617945 0.042747997 0.014704219
v 0.010122785 0.044296887 0.015404403
v 0.009938426 0.044387866 0.015683327
v 0.009690039 0.04451142 0.015891802
v 0.009042023 0.044053152 0.016012572
v 0.008953706 0.043839745 0.015999632
v 0.008198608 0.04302655 0.01601401
v 0.0075020185 0.042145964 0.015982378
v 0.007009659 0.041837085 0.016005384
v 0.0067237373 0.041091286 0.015887488
v 0.0064764535 0.041580997 0.016019762
v 0.0061883237 0.0414844 0.016025512
v 0.0058891545 0.041421503 0.01602695
v 0.0042343405 0.041475415 0.01602695
v 0.0042497953 0.04098458 0.015942123
v 0.004223301 0.040975593 0.001448161
v 0.004787417 0.040919434 0.001448161
v 0.0047565065 0.04130132 0.0013849
v 0.006147478 0.040990196 0.0014539119
v 0.0059024016 0.041335016 0.001382024
v 0.00634398 0.04102389 0.0014654137
v 0.0068363394 0.041051973 0.0015229238
v 0.0073066205 0.04201455 0.0013992772
v 0.0077250153 0.042300966 0.0014222814
v 0.008293548 0.043119777 0.0013791486
v 0.008507713 0.042929955 0.0014797915
v 0.009166768 0.043674637 0.0014999197
v 0.009386454 0.04350503 0.0017083935
v 0.008193089 0.041597847 0.0018766103
v 0.0083862785 0.041696686 0.0019528111
v 0.00964588 0.04387232 0.0017083935
v 0.009818096 0.043761123 0.001987317
v 0.0097617945 0.042747997 0.0026875017
v 0.0108359335 0.046671323 0.014839368
v 0.010811647 0.04667245 0.015079472
v 0.010738786 0.045837913 0.015079472
v 0.010622872 0.045855884 0.015404403
v 0.010430785 0.045058414 0.015404403
v 0.010717811 0.043735288 0.00348114
v 0.010805023 0.046147913 0.0025523528
v 0.010235388 0.045121312 0.015683327
v 0.009971544 0.045205552 0.015891802
v 0.00966244 0.045304395 0.016012572
v 0.009398596 0.044655185 0.016012572
v 0.008909549 0.04387232 0.016012572
v 0.0088366885 0.044195797 0.01603989
v 0.007370649 0.042289734 0.01602695
v 0.008148931 0.043336555 0.01603989
v 0.008018665 0.043188293 0.01603989
v 0.006767895 0.042010058 0.01603989
v 0.0064245677 0.041797776 0.01603989
v 0.006106632 0.04166299 0.01603989
v 0.005795319 0.041589983 0.01603989
v 0.005344909 0.04155741 0.01603989
v 0.004764234 0.04157538 0.01603989
v 0.0042685624 0.04164614 0.01603989
v 0.0038865977 0.041786544 0.01603989
v 0.00379497 0.04160908 0.016022636
v 0.0040864116 0.041008167 0.015940685
v 0.004096347 0.040993564 0.0014495985
v 0.004180247 0.041387808 0.001383462
v 0.0042961612 0.041639403 0.0013518315
v 0.0047796895 0.041572012 0.0013532694
v 0.005875907 0.041513607 0.0013547069
v 0.0061287107 0.04146868 0.0013662088
v 0.00638593 0.041547302 0.0013690847
v 0.0063660587 0.041028384 0.0014668517
v 0.0068617305 0.041756216 0.001382024
v 0.007190706 0.042149335 0.0013618958
v 0.007575983 0.042455968 0.0013676467
v 0.008029705 0.043199524 0.0013518315
v 0.008710839 0.044026196 0.0013518315
v 0.008909549 0.04387232 0.0013791486
v 0.008954811 0.0438375 0.0013920884
v 0.009412948 0.04402283 0.0014999197
v 0.00978277 0.0447091 0.0014999197
v 0.010036677 0.0445979 0.0017083935
v 0.010224348 0.044514786 0.001987317
v 0.010830414 0.046980202 0.014839368
v 0.010830414 0.046981327 0.0025523528
v 0.010830414 0.046981327 0.0038722078
v 0.010758657 0.047509227 0.015079472
v 0.010693524 0.04667357 0.015404403
v 0.010488191 0.046675816 0.015683327
v 0.010419746 0.04588958 0.015683327
v 0.010508062 0.04532124 0.001987317
v 0.0106217675 0.045290917 0.0023122486
v 0.010780737 0.04615016 0.0023122486
v 0.010147071 0.045933384 0.015891802
v 0.009825824 0.045986176 0.016012572
v 0.00957854 0.046025485 0.01603989
v 0.009422883 0.04538077 0.01603989
v 0.009174496 0.04476638 0.01603989
v 0.008710839 0.044026196 0.01603989
v 0.009635945 0.046685927 0.01603989
v 0.009593995 0.04734749 0.01603989
v 0.009453794 0.04799557 0.01603989
v 0.009218654 0.04861558 0.01603989
v 0.008894093 0.049194023 0.01603989
v 0.0084867375 0.049717434 0.01603989
v 0.0080065215 0.05017345 0.01603989
v 0.0074633807 0.050554216 0.01603989
v 0.0068694577 0.050849617 0.01603989
v 0.0062380014 0.051052913 0.01603989
v 0.0060315635 0.05109784 0.01603989
v 0.0059112334 0.051119182 0.01603989
v 0.0052378266 0.051176466 0.01603989
v 0.00456442 0.05113154 0.01603989
v 0.0039042607 0.050984398 0.01603989
v 0.0032750117 0.05073954 0.01603989
v 0.0026899208 0.05040146 0.01603989
v 0.0021622349 0.049978014 0.01603989
v 0.0017063054 0.04948044 0.01603989
v 0.0013298602 0.04891884 0.01603989
v 0.0010439381 0.0483067 0.01603989
v 0.0008540596 0.047658615 0.01603989
v 0.00076353597 0.046988066 0.01603989
v 0.00077678356 0.046314146 0.01603989
v 0.00089269783 0.04564809 0.01603989
v 0.001107967 0.04500787 0.01603989
v 0.0014181756 0.04440696 0.01603989
v 0.0018155961 0.043861087 0.01603989
v 0.002463612 0.043109667 0.01603989
v 0.0030431834 0.04246383 0.01603989
v 0.0032661804 0.042247053 0.01603989
v 0.0035465825 0.04200781 0.01603989
v 0.0038071135 0.041830346 0.01603989
v 0.0070394655 0.042222343 0.01603989
v 0.0072580464 0.04241441 0.01603989
v 0.007546176 0.04268959 0.01603989
v 0.003390926 0.04180676 0.016012572
v 0.003533335 0.04112049 0.015904741
v 0.0036437297 0.04108342 0.001475478
v 0.0037872423 0.041612446 0.0013690847
v 0.004242068 0.04165176 0.0013518315
v 0.0040267985 0.041720275 0.0013518315
v 0.00387887 0.04178879 0.0013518315
v 0.0035874285 0.041975237 0.0013518315
v 0.0030431834 0.04246383 0.0013518315
v 0.0029460362 0.042564917 0.0013518315
v 0.002463612 0.043109667 0.0013518315
v 0.0018961842 0.043767862 0.0013518315
v 0.001656628 0.04405877 0.0013518315
v 0.0012834943 0.044640586 0.0013518315
v 0.0010053003 0.045272943 0.0013518315
v 0.00082866894 0.045941245 0.0013518315
v 0.0007580165 0.046628643 0.0013518315
v 0.00079444656 0.047317162 0.0013518315
v 0.00093795964 0.047993325 0.0013518315
v 0.0011852435 0.048638042 0.0013518315
v 0.0015285702 0.04923783 0.0013518315
v 0.0019602128 0.049776964 0.0013518315
v 0.0024713397 0.050241966 0.0013518315
v 0.003048703 0.05062273 0.0013518315
v 0.003676848 0.050909143 0.0013518315
v 0.004342527 0.051094472 0.0013518315
v 0.005029181 0.05117422 0.0013518315
v 0.005718043 0.05114614 0.0013518315
v 0.0060315635 0.05109784 0.0013518315
v 0.006395865 0.051011354 0.0013518315
v 0.007044985 0.050773237 0.0013518315
v 0.0076488433 0.050437402 0.0013518315
v 0.008193089 0.050012834 0.0013518315
v 0.008664473 0.049507394 0.0013518315
v 0.009053062 0.04893569 0.0013518315
v 0.009346711 0.048311193 0.0013518315
v 0.009541006 0.047648504 0.0013518315
v 0.009630425 0.046963356 0.0013518315
v 0.009611659 0.046273712 0.0013518315
v 0.009485808 0.04559418 0.0013518315
v 0.009256188 0.044942725 0.0013518315
v 0.008928316 0.044333953 0.0013518315
v 0.007527409 0.0426705 0.0013518315
v 0.006983164 0.04217517 0.0013518315
v 0.006592368 0.041893248 0.0013518315
v 0.006240209 0.041707918 0.0013518315
v 0.0059653264 0.04161694 0.0013518315
v 0.0054012104 0.041558534 0.0013518315
v 0.006339564 0.04164502 0.0013561449
v 0.006100008 0.0415619 0.0013561449
v 0.0067822463 0.041871905 0.0013590204
v 0.009139169 0.044198044 0.0013791486
v 0.009485808 0.044840515 0.0013791486
v 0.010042196 0.045445915 0.0014999197
v 0.009728676 0.045529034 0.0013791486
v 0.010309352 0.045374032 0.0017083935
v 0.01078184 0.0475126 0.014839368
v 0.010828206 0.047024008 0.0025523528
v 0.010803919 0.047022883 0.0023122486
v 0.010580922 0.048329163 0.015079472
v 0.010468319 0.048295468 0.015404403
v 0.010641639 0.04749238 0.015404403
v 0.010650471 0.048168544 0.014839368
v 0.010438513 0.0474643 0.015683327
v 0.010211101 0.046679188 0.015891802
v 0.010663718 0.046162516 0.001987317
v 0.010459488 0.046183858 0.0017083935
v 0.0106869005 0.04701727 0.001987317
v 0.0098865405 0.046682555 0.016012572
v 0.002809147 0.042427886 0.016024074
v 0.0030177925 0.042041507 0.01599532
v 0.0030586384 0.04124067 0.015829977
v 0.0031027964 0.041219328 0.0015531164
v 0.0030122728 0.042048246 0.0013949638
v 0.0033843024 0.041812375 0.0013791486
v 0.010183502 0.04621306 0.0014999197
v 0.00986115 0.046246756 0.0013791486
v 0.010715604 0.047894485 0.0025523528
v 0.01069242 0.047889993 0.0023122486
v 0.010283961 0.049113154 0.015079472
v 0.010177982 0.04906373 0.015404403
v 0.010604105 0.048335902 0.014839368
v 0.01030604 0.04912326 0.014839368
v 0.009991415 0.048976123 0.015683327
v 0.010270713 0.04823706 0.015683327
v 0.010650471 0.048168544 0.0025523528
v 0.0100057665 0.048158437 0.015891802
v 0.010163631 0.047426112 0.015891802
v 0.009842383 0.047382306 0.016012572
v 0.010204477 0.04699256 0.0014999197
v 0.010481567 0.047006037 0.0017083935
v 0.010576506 0.047865283 0.001987317
v 0.010375588 0.047822602 0.0017083935
v 0.0016257174 0.043699346 0.016012572
v 0.0022152243 0.04299735 0.016009696
v 0.0026689458 0.04229535 0.01597519
v 0.001656628 0.04355221 0.01599532
v 0.002018722 0.04282887 0.015920557
v 0.0013795376 0.043489307 0.01589324
v 0.0025309527 0.041413642 0.015694829
v 0.0025982934 0.04138556 0.001676763
v 0.0014678533 0.043382604 0.0014999197
v 0.002018722 0.04283336 0.0014697271
v 0.0016599398 0.043555576 0.0013949638
v 0.002665634 0.042300966 0.0014165305
v 0.0022174323 0.043002963 0.0013805865
v 0.002808043 0.042434625 0.0013676467
v 0.009881021 0.04697571 0.0013791486
v 0.01033695 0.04868634 0.001987317
v 0.010446241 0.048727896 0.0023122486
v 0.009873293 0.049844354 0.015079472
v 0.010223243 0.04929174 0.014839368
v 0.0097750425 0.04977921 0.015404403
v 0.009603931 0.049665768 0.015683327
v 0.010469424 0.04873688 0.0025523528
v 0.010223243 0.04929174 0.0025523528
v 0.00974082 0.04885931 0.015891802
v 0.009694453 0.048066333 0.016012572
v 0.010105122 0.04776644 0.0014999197
v 0.010144863 0.048613332 0.0017083935
v 0.0012051142 0.04427667 0.016012572
v 0.000930232 0.044107065 0.01589324
v 0.0020750233 0.041601215 0.015529487
v 0.0020750233 0.04159897 0.001862233
v 0.0011973865 0.0437117 0.0014999197
v 0.0014557098 0.043907136 0.0013791486
v 0.0017096172 0.043600503 0.0013791486
v 0.009787185 0.04770017 0.0013791486
v 0.009971544 0.04946022 0.001987317
v 0.010074211 0.049518626 0.0023122486
v 0.009793809 0.04935801 0.0017083935
v 0.009358855 0.050505918 0.015079472
v 0.009271643 0.05042729 0.015404403
v 0.009893164 0.049857832 0.014839368
v 0.009568604 0.05029925 0.014839368
v 0.0100951865 0.049530983 0.0025523528
v 0.009119298 0.05028914 0.015683327
v 0.008913965 0.050103813 0.015891802
v 0.009373206 0.049511887 0.015891802
v 0.009102739 0.049332175 0.016012572
v 0.009446066 0.048721157 0.016012572
v 0.009885436 0.048515614 0.0014999197
v 0.009553149 0.04922098 0.0014999197
v 0.0008783466 0.04491015 0.016012572
v 0.000580281 0.044784352 0.01589324
v 0.0003263736 0.044676527 0.01568764
v 0.0006961953 0.043962173 0.01568764
v 0.0015760399 0.04184944 0.015290821
v 0.0007999665 0.042208865 0.002611301
v 0.0016400688 0.041812375 0.0020678313
v 0.0009765974 0.043544345 0.0017083935
v 0.0007756795 0.04436877 0.0014999197
v 0.0010627052 0.04452265 0.0013791486
v 0.009581852 0.048399925 0.0013791486
v 0.009491328 0.050168958 0.001987317
v 0.009582955 0.050241966 0.0023122486
v 0.009602826 0.05025657 0.0025523528
v 0.009331256 0.05003979 0.0017083935
v 0.00875058 0.051084362 0.015079472
v 0.0086766165 0.050993383 0.015404403
v 0.009376518 0.050522763 0.014839368
v 0.0087660365 0.051103458 0.014839368
v 0.009568604 0.05029925 0.0025523528
v 0.0085463505 0.05083389 0.015683327
v 0.008370823 0.05061936 0.015891802
v 0.008673305 0.049885914 0.016012572
v 0.009114883 0.049866818 0.0014999197
v 0.0092705395 0.049060363 0.0013791486
v 0.0088609755 0.049664643 0.0013791486
v 0.0006509335 0.04558744 0.016012572
v 0.00033741305 0.04550769 0.01589324
v 7.025851e-05 0.0454403 0.01568764
v -0.00012955582 0.045389757 0.015411593
v 0.0001364951 0.04459678 0.015411593
v 0.000520668 0.043853223 0.015411593
v 0.0009456873 0.042180784 0.014886813
v 0.00022591464 0.043000717 0.0032165935
v 0.0005515786 0.042560425 0.0028514052
v 6.2296167e-06 0.04492363 0.001987317
v 0.00035066064 0.044140764 0.001987317
v 0.0005317074 0.04423848 0.0017083935
v 0.0005504745 0.042560425 0.014540316
v 0.00022591464 0.043004088 0.014175127
v 0.000200524 0.044992145 0.0017083935
v 0.00046215905 0.045083124 0.0014999197
v 0.0007690559 0.045189828 0.0013791486
v 0.0089073405 0.050793454 0.001987317
v 0.008986825 0.05087994 0.0023122486
v 0.008581677 0.050437402 0.0014999197
v 0.008768244 0.050641824 0.0017083935
v 0.008063927 0.051565092 0.015079472
v 0.008714151 0.051145017 0.014839368
v 0.00800321 0.051464003 0.015404403
v 0.007898334 0.051287662 0.015683327
v 0.009003384 0.05089791 0.0025523528
v 0.008714151 0.051145017 0.0025523528
v 0.00775703 0.051049545 0.015891802
v 0.00816549 0.050367765 0.016012572
v 0.0083619915 0.05019816 0.0013791486
v 0.00052839564 0.04629056 0.016012572
v 0.00020714756 0.046259113 0.01589324
v -6.7734625e-05 0.046233278 0.01568764
v -0.00027306844 0.04621306 0.015411593
v -0.0002454701 0.045360554 0.015088098
v 2.7204398e-05 0.044549607 0.015088098
v 0.00017071748 0.04310742 0.0032913568
v -0.000104164705 0.04488544 0.0023122486
v 0.00017071748 0.04310742 0.014101801
v -0.0003282656 0.045730084 0.0023122486
v -0.00021235133 0.045751426 0.001987317
v -9.225681e-06 0.045788493 0.0017083935
v 0.00026234472 0.045837913 0.0014999197
v 0.0005824892 0.045896318 0.0013791486
v 0.00823283 0.051320232 0.001987317
v 0.008297963 0.051417954 0.0023122486
v 0.007966779 0.050918132 0.0014999197
v 0.008119124 0.051148385 0.0017083935
v 0.00731214 0.051937994 0.015079472
v 0.0072679822 0.051829044 0.015404403
v 0.00807607 0.05158643 0.014839368
v 0.0077007287 0.05178973 0.014839368
v 0.00831121 0.05143817 0.0025523528
v 0.007190706 0.05163922 0.015683327
v 0.007086935 0.051383134 0.015891802
v 0.006964397 0.051082116 0.016012572
v 0.0075914385 0.05076987 0.016012572
v 0.0077868365 0.05064744 0.0013791486
v 0.0005151485 0.047002666 0.016012572
v 0.00019279635 0.047020636 0.01589324
v -8.318992e-05 0.047036365 0.01568764
v -0.00028852373 0.047048718 0.015411593
v -0.0004077498 0.047055457 0.015088098
v -0.00039119087 0.04620183 0.015088098
v -0.00041326974 0.046154656 0.014839368
v -0.00017260946 0.043968912 0.0135195125
v 5.701091e-05 0.0433534 0.013933585
v 0.00011993619 0.043213002 0.014027039
v 0.000118832104 0.043213002 0.0033646822
v -0.0004176856 0.04659944 0.0023122486
v -0.00011962 0.04381279 0.003767252
v -0.00017260946 0.043970037 0.0038722078
v -0.00035144854 0.04572559 0.0025523528
v -0.00041326974 0.046154656 0.0025523528
v -0.00029956317 0.046602808 0.001987317
v -9.4229355e-05 0.0466073 0.0017083935
v 0.000182861 0.04661404 0.0014999197
v 0.00050742086 0.046621904 0.0013791486
v 0.0074854596 0.05173582 0.001987317
v 0.0075340327 0.051842522 0.0023122486
v 0.0077007287 0.05178973 0.0025523528
v 0.0072845416 0.051296648 0.0014999197
v 0.0073993513 0.051548243 0.0017083935
v 0.0065139877 0.052195206 0.015079472
v 0.006486389 0.052081764 0.015404403
v 0.007322076 0.051960457 0.014839368
v 0.0065736007 0.052206438 0.014839368
v 0.0075439685 0.051864985 0.0025523528
v 0.0064389193 0.05188183 0.015683327
v 0.0063737864 0.051612265 0.015891802
v 0.0062976144 0.051296648 0.016012572
v 0.007148756 0.051001247 0.0013791486
v 0.0006089839 0.04771028 0.016012572
v 0.00029325532 0.04777767 0.01589324
v 2.3892615e-05 0.047834955 0.01568764
v -0.00017812941 0.047877636 0.015411593
v -0.0002951473 0.047902346 0.015088098
v -0.00040885387 0.04735535 0.014839368
v -0.00043424452 0.04705658 0.014839368
v -0.0004176856 0.046199583 0.014839368
v -0.00037021562 0.04747104 0.0023122486
v -0.00025430135 0.047455315 0.001987317
v -0.00044197217 0.046598315 0.0025523528
v -0.00040885387 0.04735423 0.0025523528
v -5.0071627e-05 0.04742836 0.0017083935
v 0.00022370694 0.047392417 0.0014999197
v 0.0005460591 0.047349736 0.0013791486
v 0.0066817873 0.052030094 0.001987317
v 0.0067138015 0.052143537 0.0023122486
v 0.00662659 0.05183241 0.0017083935
v 0.006551522 0.051566213 0.0014999197
v 0.006253456 0.05225024 0.015088098
v 0.006519507 0.05221879 0.014839368
v 0.006257872 0.052276075 0.014839368
v 0.0062302733 0.05213343 0.015411593
v 0.006720425 0.052167125 0.0025523528
v 0.0065736007 0.052206438 0.0025523528
v 0.0061916355 0.051931255 0.01568764
v 0.00613975 0.05165944 0.01589324
v 0.006079033 0.0513427 0.016012572
v 0.00646431 0.051252842 0.0013791486
v 0.00080990186 0.048395433 0.016012572
v 0.00050852494 0.048508875 0.01589324
v 0.00025020167 0.048606593 0.01568764
v 5.701091e-05 0.048679598 0.015411593
v -5.4487493e-05 0.048722282 0.015088098
v -0.0001505306 0.048527967 0.014839368
v -0.0003205384 0.04790684 0.014839368
v -0.00039450265 0.04747441 0.0025523528
v -0.00040885387 0.04735535 0.0135195125
v -0.00018916884 0.048325792 0.0023122486
v -7.656636e-05 0.048292097 0.001987317
v 0.000121039804 0.048234813 0.0017083935
v 0.00038598664 0.04815619 0.0014999197
v 0.0006972994 0.048064087 0.0013791486
v 0.0058427886 0.052196328 0.001987317
v 0.005818502 0.051993027 0.0017083935
v 0.00585714 0.05231314 0.0023122486
v 0.006257872 0.052276075 0.0025523528
v 0.0057864874 0.051717848 0.0014999197
v 0.0057478496 0.051395487 0.0013791486
v 0.006100008 0.0522772 0.015088098
v 0.0061044237 0.05230303 0.014839368
v 0.006080137 0.05215926 0.015411593
v 0.006047019 0.051955964 0.01568764
v 0.0060028606 0.05168415 0.01589324
v 0.005950975 0.051365163 0.016012572
v 0.0011123829 0.049041267 0.016012572
v 0.00083087664 0.049200762 0.01589324
v 0.00059132045 0.049335547 0.01568764
v 0.00041137775 0.049436633 0.015411593
v 0.00030760653 0.049496163 0.015088098
v 0.00028442405 0.04950852 0.014839368
v -7.877406e-05 0.048731267 0.014839368
v -0.0001505306 0.048527967 0.0025523528
v -0.00021235133 0.04833253 0.0025523528
v 0.00012214389 0.049142357 0.0023122486
v 0.00022812281 0.049091812 0.001987317
v 0.00041468954 0.049004205 0.0017083935
v 0.0006641811 0.048885144 0.0014999197
v 0.00095783034 0.048745867 0.0013791486
v 0.004989439 0.052231148 0.001987317
v 0.0049850233 0.052349083 0.0023122486
v 0.005007102 0.051749296 0.0014999197
v 0.0049971663 0.0520256 0.0017083935
v 0.0053835474 0.052373793 0.0025523528
v 0.005859348 0.05233785 0.0025523528
v 0.0050192457 0.051424693 0.0013791486
v 0.0053835474 0.052373793 0.014839368
v 0.005248866 0.052350204 0.015088098
v 0.005247762 0.052231148 0.015411593
v 0.0052455543 0.0520256 0.01568764
v 0.0052433466 0.051749296 0.01589324
v 0.0052400343 0.051425815 0.016012572
v 0.0015098031 0.049634315 0.016012572
v 0.001255896 0.049834244 0.01589324
v 0.0010384186 0.05000497 0.01568764
v 0.00087724254 0.05013189 0.015411593
v 0.00078340713 0.050206024 0.015088098
v 0.00034955656 0.049620837 0.014839368
v 0.00034955656 0.049620837 0.0025523528
v 0.00010006502 0.049152464 0.0025523528
v 0.00055709854 0.049900513 0.0023122486
v 0.0006542457 0.049834244 0.001987317
v 0.0008242531 0.049718555 0.0017083935
v 0.0010527698 0.049562432 0.0014999197
v 0.0013210285 0.049379352 0.0013791486
v 0.004139401 0.052132305 0.001987317
v 0.004116218 0.052247994 0.0023122486
v 0.004185767 0.05228506 0.0025523528
v 0.004983919 0.05237267 0.0025523528
v 0.0042321323 0.05165944 0.0014999197
v 0.004179143 0.05193013 0.0017083935
v 0.005248866 0.05237604 0.014839368
v 0.0042939535 0.051340453 0.0013791486
v 0.0043933084 0.052318756 0.014839368
v 0.00439662 0.05229292 0.015088098
v 0.0044142837 0.052174985 0.015411593
v 0.004442986 0.05197169 0.01568764
v 0.004482728 0.05169875 0.01589324
v 0.004529094 0.05137864 0.016012572
v 0.0019922273 0.050161097 0.016012572
v 0.0017714382 0.050396968 0.01589324
v 0.0015826635 0.050598018 0.01568764
v 0.0014424624 0.050748527 0.015411593
v 0.0013607705 0.050835013 0.015088098
v 0.0010704328 0.050582293 0.014839368
v 0.00076243235 0.05022175 0.014839368
v 0.0005372274 0.04991399 0.0025523528
v 0.0011035511 0.050582293 0.0023122486
v 0.0011896589 0.050501425 0.001987317
v 0.0013397955 0.050361026 0.0017083935
v 0.0015407137 0.050171204 0.0014999197
v 0.001778062 0.04994881 0.0013791486
v 0.003314754 0.051903173 0.001987317
v 0.0033854065 0.051709983 0.0017083935
v 0.0032750117 0.05201325 0.0023122486
v 0.0032661804 0.05203571 0.0025523528
v 0.004111802 0.052271582 0.0025523528
v 0.004185767 0.05228506 0.014839368
v 0.0034803455 0.051449403 0.0014999197
v 0.0035907403 0.051145017 0.0013791486
v 0.0035631415 0.052107595 0.015088098
v 0.0035973638 0.051994152 0.015411593
v 0.003658081 0.05179647 0.01568764
v 0.003737565 0.051532518 0.01589324
v 0.0038325042 0.05122364 0.016012572
v 0.0025486157 0.050607003 0.016012572
v 0.0023664648 0.050874326 0.01589324
v 0.0022108085 0.05110121 0.01568764
v 0.0020948942 0.051271938 0.015411593
v 0.0020275535 0.051369656 0.015088098
v 0.0020120984 0.05139212 0.014839368
v 0.0013431075 0.05085411 0.014839368
v 0.0010858881 0.050598018 0.0025523528
v 0.0010704328 0.050582293 0.0038722078
v 0.0017493593 0.051169727 0.0023122486
v 0.0018222197 0.051077623 0.001987317
v 0.0017350081 0.05118882 0.0025523528
v 0.0019480695 0.05091476 0.0017083935
v 0.0021180771 0.05069686 0.0014999197
v 0.0023178912 0.05043965 0.0013791486
v 0.0025364724 0.051548243 0.001987317
v 0.0024790673 0.05165158 0.0023122486
v 0.0026358275 0.05136853 0.0017083935
v 0.0027694048 0.05112592 0.0014999197
v 0.0030332478 0.051945854 0.0025523528
v 0.0030332478 0.051945854 0.014839368
v 0.0035554138 0.052132305 0.014839368
v 0.002927269 0.050841752 0.0013791486
v 0.0027671969 0.05179759 0.015088098
v 0.0028190825 0.051689766 0.015411593
v 0.002907398 0.05150444 0.01568764
v 0.003027728 0.05125509 0.01589324
v 0.0031668253 0.05096418 0.016012572
v 0.0027561574 0.05182118 0.014839368
v 0.0024680279 0.051672917 0.0025523528
v 0.00197898 0.05136853 0.0025523528
v 0.00197898 0.05136853 0.0135195125
vn 0.6804856 -0.6658462 0.30592188
vn 0.60465556 -0.41608164 0.6791669
vn 0.510602 -0.351577 0.7846523
vn 0.4218633 -0.302894 0.85456806
vn 0.38593337 -0.2839387 0.8777439
vn 0.29594487 -0.2369661 0.9253452
vn 0.25157833 -0.22083846 0.942305
vn 0.21163188 -0.21376978 0.9536847
vn 0.114968866 -0.5452688 0.8303398
vn 0.08138684 -0.7154809 0.6938756
vn 0.0033934496 -0.9959241 0.09013072
vn -0.00539504 -0.9999855 8.762737e-05
vn 0.007192034 -0.99997145 -0.0023268291
vn 0.024232768 -0.9996945 -0.0048479373
vn 0.5532402 -0.832872 -0.015801167
vn 0.62138015 -0.7834983 -0.004159092
vn 0.6398383 -0.7685096 -0.00010643339
vn 0.64719045 -0.76232827 -0.000114381306
vn 0.75382185 -0.5496606 0.36003584
vn 0.7349175 -0.41406822 0.5370696
vn 0.69354063 -0.41022485 0.59221345
vn 0.6920703 -0.4103741 0.5938281
vn 0.6614866 -0.4206557 0.62087375
vn 0.517976 -0.3071421 0.79835117
vn 0.50945467 -0.31996617 0.79879767
vn 0.51774395 -0.30673933 0.79865646
vn 0.3005498 -0.17806186 0.9369972
vn 0.2988707 -0.18050317 0.9370672
vn 0.29925787 -0.2201699 0.9284234
vn 0.29032382 -0.23171608 0.92845017
vn 0.23938736 -0.205323 0.94896585
vn 0.23855604 -0.20472923 0.9493034
vn 0.19166008 -0.1862272 0.9636316
vn 0.21061 -0.21316907 0.9540452
vn 0.16970037 -0.1986117 0.96527463
vn 0.12699826 -0.20219596 0.97107583
vn 0.12404042 -0.2127609 0.96919906
vn 0.12223146 -0.20081386 0.97197396
vn 0.07845518 -0.17560257 0.98133
vn 0.040632524 -0.17075899 0.98447466
vn 0.02584684 -0.17836623 0.98362464
vn -0.0042768987 -0.15500881 0.9879038
vn -0.005004938 -0.15362403 0.9881167
vn -0.019720014 -0.17086598 0.9850969
vn -0.10223283 -0.99476016 0.00080356956
vn -0.09906207 -0.995081 0.0006530421
vn -0.037176505 -0.99930876 0.00014808594
vn -0.0060975915 -0.16390397 -0.98645747
vn -0.0033745181 -0.16307047 -0.9866086
vn 0.08578172 -0.70879453 -0.7001798
vn 0.002012506 -0.15278926 -0.9882568
vn 0.032715354 -0.18164551 -0.9828198
vn 0.122804806 -0.40723553 -0.9050294
vn 0.12850508 -0.36336187 -0.922743
vn 0.16770284 -0.20577852 -0.9641218
vn 0.19310184 -0.20501657 -0.95952064
vn 0.24369398 -0.21897611 -0.9448083
vn 0.24772462 -0.22067446 -0.9433638
vn 0.33284202 -0.27015057 -0.9034572
vn 0.47705334 -0.36487308 -0.79955477
vn 0.4900531 -0.3760008 -0.7864296
vn 0.5106274 -0.4194056 -0.75057214
vn 0.5896818 -0.77895385 -0.2133221
vn 0.5861155 -0.41798717 -0.69408596
vn 0.5913087 -0.4176595 -0.6898657
vn 0.6709006 -0.4208462 -0.61055785
vn 0.6902755 -0.41596416 -0.592025
vn 0.7325409 -0.4141031 -0.54028
vn 0.6931216 -0.72075164 -0.009981547
vn 0.992867 -0.06379338 0.10072558
vn 0.98365074 -0.085879885 0.15829006
vn 0.92304677 -0.18125887 0.33930796
vn 0.89550936 -0.21570219 0.38927567
vn 0.8111501 -0.32806933 0.48415503
vn 0.7628627 -0.40546328 0.5036269
vn 0.724265 -0.6893613 -0.014879514
vn 0.99931353 -0.03698121 -0.0022285047
vn 0.999478 -0.032284655 -0.0011391153
vn 0.7473437 -0.3022629 0.5917048
vn 0.74684495 -0.30238643 0.59227115
vn 0.55844724 -0.226107 0.7981305
vn 0.55775267 -0.2261962 0.79859084
vn 0.3240266 -0.13140877 0.93687695
vn 0.3234616 -0.13145714 0.9370654
vn 0.3004976 -0.17797947 0.93702966
vn 0.18515477 -0.1356401 0.9733034
vn 0.093696274 -0.05549466 0.99405307
vn 0.08764675 -0.064207986 0.9940802
vn 0.1767867 -0.14694989 0.9732175
vn 0.15672174 -0.15898901 0.97476184
vn 0.08459969 -0.0694234 0.9939937
vn 0.07990292 -0.07020389 0.9943274
vn 0.0789547 -0.07125891 0.9943281
vn 0.1494584 -0.16563642 0.97479576
vn 0.080032215 -0.11102117 0.9905903
vn 0.1225721 -0.20063993 0.97196686
vn 0.06275503 -0.08925785 0.99402964
vn 0.049784046 -0.080516644 0.9955092
vn 0.047081076 -0.08117089 0.99558765
vn 0.028510012 -0.06725062 0.99732876
vn 0.019771503 -0.071242526 0.997263
vn 0.015892224 -0.067765675 0.9975746
vn 0.005324821 -0.07362794 0.99727154
vn -0.0033437498 -0.10804373 0.99414057
vn -0.003574402 -0.10971447 0.9939568
vn -0.01049009 -0.07348082 0.9972415
vn -0.025874881 -0.07039257 0.99718374
vn -0.03392022 -0.079346694 0.9962699
vn -0.059273947 -0.16305701 0.98483455
vn -0.03338633 -0.17122194 0.98466665
vn -0.14290115 -0.98973656 0.0008994139
vn -0.14014654 -0.9901304 0.00087000354
vn -0.033594526 -0.15839234 -0.98680454
vn -0.021125397 -0.1571748 -0.98734486
vn -0.016395798 -0.1646962 -0.9862081
vn -0.015205645 -0.11782412 -0.9929181
vn -0.013066575 -0.11494742 -0.9932856
vn -0.004859152 -0.115649484 -0.9932782
vn 0.0019567271 -0.15091692 -0.9885446
vn 0.03687527 -0.17876816 -0.98319995
vn 0.065213315 -0.17743126 -0.98197013
vn 0.08935988 -0.18719985 -0.97824895
vn 0.01859804 -0.1484781 -0.98874074
vn 0.12806383 -0.3300135 -0.93524903
vn 0.10186776 -0.18795066 -0.9768815
vn 0.12586008 -0.19898562 -0.9718869
vn 0.1531923 -0.19917652 -0.9679157
vn 0.13041839 -0.15924373 -0.978587
vn 0.13690606 -0.15366593 -0.97859263
vn 0.17316875 -0.17512108 -0.9691983
vn 0.17547806 -0.17289518 -0.9691825
vn 0.08150586 -0.07088054 -0.9941492
vn 0.082418 -0.067908086 -0.9942816
vn 0.08364572 -0.06846904 -0.99414045
vn 0.17107882 -0.14003828 -0.9752545
vn 0.25232813 -0.21547149 -0.94334644
vn 0.29228538 -0.23361129 -0.92735916
vn 0.49067488 -0.3469194 -0.7993028
vn 0.30568168 -0.21612456 -0.9272804
vn 0.4910651 -0.3468543 -0.79909146
vn 0.50168645 -0.38235658 -0.7759602
vn 0.5300321 -0.28562593 -0.79842585
vn 0.53031313 -0.28562546 -0.79823935
vn 0.7098571 -0.3823274 -0.59154755
vn 0.7100739 -0.38275585 -0.5910102
vn 0.74954766 -0.40403366 -0.52434266
vn 0.79263264 -0.39243516 -0.4666133
vn 0.99477464 0.017777544 0.1005363
vn 0.99953556 -0.03045166 -0.0012173431
vn 0.9998415 0.017803244 0
vn 0.9998404 0.017868076 1.8329808e-06
vn 0.93822986 0.05941497 0.34087315
vn 0.93665177 -0.08093117 0.3407838
vn 0.93726397 -0.08183001 0.33888063
vn 0.98561865 0.06241595 0.15703596
vn 0.80310863 -0.069392405 0.59177786
vn 0.8023517 -0.06984757 0.59275043
vn 0.78302157 -0.18789881 0.59293437
vn 0.783783 -0.18879056 0.59164363
vn 0.84883887 -0.29862535 -0.4362288
vn 0.9190909 -0.19886672 -0.34018192
vn 0.93573695 -0.1731217 -0.30728662
vn 0.9920688 -0.07476083 -0.10104539
vn 0.9944383 -0.030296367 -0.10086902
vn 0.58694094 -0.14084604 0.79728466
vn 0.5856031 -0.14122666 0.79820055
vn 0.33984894 -0.081959486 0.936902
vn 0.105785035 -0.02535063 0.99406576
vn 0.10526083 -0.025413672 0.99411976
vn 0.100419395 -0.040597875 0.9941166
vn 0.10083962 -0.040981956 0.9940583
vn 0.33900768 -0.08124077 0.93726933
vn 0.09366052 -0.05545059 0.99405885
vn 0.086795405 -0.06440499 0.9941422
vn 0.08379717 -0.06827657 0.99414104
vn 0 0 1
vn 0 0 0.99999994
vn 0.0634013 -0.060068883 0.99617875
vn 0.053061754 -0.055558097 0.9970445
vn 0.05069598 -0.057694983 0.99704623
vn 0.052628122 -0.06732551 0.99634206
vn -0.041554827 -0.075406484 0.99628663
vn -0.050990656 -0.074857675 0.99588966
vn -0.06590019 -0.08407571 0.99427783
vn -0.11079357 -0.1766613 0.9780162
vn -0.10056048 -0.18216419 0.9781123
vn -0.19908367 -0.9799821 0.0009942875
vn -0.19468166 -0.980866 0.0008549733
vn -0.09037397 -0.1727371 -0.9808132
vn -0.052166145 -0.15441056 -0.9866286
vn -0.02795586 -0.11247919 -0.9932606
vn -0.025809107 -0.11298212 -0.99326175
vn 0 0 -1
vn 0 0 -0.99999994
vn -0.0032845964 -0.044883188 -0.9989869
vn -0.004770447 -0.11398931 -0.9934705
vn 0.01691239 -0.04874317 -0.9986681
vn 0.027687615 -0.09886093 -0.9947161
vn 0.0031631088 -0.03055145 -0.99952817
vn 0.0128959175 -0.038963523 -0.9991574
vn 0.015551351 -0.04393842 -0.9989132
vn 0.03366322 -0.0970207 -0.9947129
vn 0.044793148 -0.110225305 -0.99289674
vn 0.05939094 -0.1032961 -0.9928759
vn 0.08680576 -0.13657974 -0.9868185
vn 0.1091246 -0.18807626 -0.97607327
vn 0.095606856 -0.13053392 -0.9868233
vn 0.041979596 -0.051464804 -0.99779207
vn 0.04257307 -0.046777297 -0.99799764
vn 0.062130217 -0.059379585 -0.99630016
vn 0.062459577 -0.059303813 -0.9962839
vn 0.088330165 -0.062418535 -0.9941336
vn 0.1807697 -0.12743409 -0.9752348
vn 0.08855407 -0.062426433 -0.99411327
vn 0.29532805 -0.18465292 -0.9373818
vn 0.30726743 -0.16578326 -0.93707126
vn 0.3076714 -0.16579928 -0.9369359
vn 0.56795496 -0.19997248 -0.79839724
vn 0.32959408 -0.11626063 -0.9369372
vn 0.3300497 -0.116207905 -0.93678325
vn 0.56880856 -0.19983692 -0.7978233
vn 0.7602559 -0.26709726 -0.592174
vn 0.760607 -0.26758504 -0.59150255
vn 0.99117047 0.09042937 0.09697281
vn 0.9986569 0.051810008 5.314795e-06
vn 0.9958639 0.09085758 0.00014502901
vn 0.99311316 -0.02638043 -0.114150636
vn 0.99358463 0.05138334 -0.100743845
vn 0.99866545 0.05164609 -0
vn 0.9193425 0.19928347 0.33925712
vn 0.91884136 0.19830188 0.34118453
vn 0.9381974 0.059449937 0.34095657
vn 0.97590744 0.19545002 0.09697372
vn 0.9676807 0.2097616 0.13997956
vn 0.80485785 0.051000733 0.5912722
vn 0.80447656 0.0506853 0.5918179
vn 0.6010754 0.037870187 0.7982946
vn 0.600014 -0.05151295 0.79832935
vn 0.6012221 -0.05233852 0.79736614
vn 0.92486733 -0.17112224 -0.33961403
vn 0.79226965 -0.14688183 -0.5922285
vn 0.79272944 -0.14667362 -0.5916646
vn 0.9248788 -0.17111284 -0.3395874
vn 0.9402318 -0.025500832 -0.3395791
vn 0.940691 -0.02498792 -0.33834293
vn 0.34831423 -0.029903783 0.93690073
vn 0.3473696 -0.0302868 0.93723905
vn 0.10831432 -0.009443817 0.99407184
vn 0.10823864 -0.00940798 0.9940804
vn -0.06820169 -0.082293026 0.9942717
vn -0.064213894 -0.07526155 0.99509406
vn -0.13802677 -0.14741947 0.97939575
vn -0.16172662 -0.18584184 0.96917856
vn -0.245534 -0.96938777 0.0006896877
vn -0.2435858 -0.9698791 0.00062785996
vn -0.20333093 -0.20791067 0.95678085
vn -0.18909784 -0.20391823 -0.9605516
vn -0.15820393 -0.18448877 -0.9700182
vn -0.10775261 -0.16784053 -0.97990763
vn -0.06645416 -0.08388462 -0.9942572
vn -0.04679857 -0.07315239 -0.99622214
vn -0.036388136 -0.07856382 -0.9962448
vn -0.029688843 -0.09327965 -0.99519724
vn 0.019689903 -0.037414286 -0.9991059
vn 0.032161947 -0.050100982 -0.99822617
vn 0.032705497 -0.045335833 -0.9984363
vn 0.095395915 -0.051378276 -0.9941126
vn 0.09555698 -0.051556874 -0.99408793
vn 0.10221604 -0.036055565 -0.99410856
vn 0.5917816 -0.109004386 -0.79869425
vn 0.59292215 -0.109924056 -0.79772186
vn 0.34403276 -0.06350013 -0.936808
vn 0.34431434 -0.06342166 -0.93670976
vn 0.10215721 -0.036007795 -0.99411637
vn 0.106523626 -0.01972831 -0.9941144
vn 0.10671645 -0.019697277 -0.99409443
vn 0.991736 0.12828816 -0.0013589666
vn 0.98052835 0.19637547 0.0008176415
vn 0.98682094 0.12689215 -0.100413494
vn 0.9869935 0.12767467 -0.097688735
vn 0.9333834 0.12002079 -0.33821663
vn 0.880193 0.3334 0.33779374
vn 0.8799026 0.3325272 0.33940688
vn 0.95886534 0.26564893 0.10003983
vn 0.93056566 0.352278 0.09973878
vn 0.930437 0.35243148 0.10039357
vn 0.7531144 0.2846122 0.5931395
vn 0.7531105 0.2846063 0.5931473
vn 0.7867521 0.17083858 0.59315705
vn 0.7883445 0.1701384 0.5912409
vn 0.97290134 0.23122062 0
vn 0.9636997 0.26698828 0
vn 0.5895481 0.12801687 0.7975241
vn 0.5881641 0.12678851 0.79874134
vn 0.60047174 0.038161952 0.79873496
vn 0.34915552 0.022189986 0.936802
vn 0.34885883 0.022014715 0.9369167
vn 0.80584776 -0.021856083 -0.5917194
vn 0.60157245 -0.016187493 -0.79865426
vn 0.60163397 -0.016156329 -0.79860854
vn 0.805544 -0.021632148 -0.5921408
vn 0.93195087 0.12132122 -0.3416851
vn 0.7989772 0.10369627 -0.5923533
vn 0.79938084 0.10406328 -0.5917441
vn 0.10845697 0.0068441667 0.99407756
vn 0.10836615 0.006871472 0.9940873
vn -0.14184524 -0.123139314 0.9821999
vn -0.18183845 -0.1651746 0.96935654
vn -0.17861368 -0.16859022 0.9693681
vn -0.058154337 -0.059822597 0.9965136
vn -0.0592038 -0.0531294 0.99683106
vn -0.06499921 -0.0560545 0.9963097
vn -0.08404164 -0.06923057 0.9940544
vn -0.20647538 -0.2079311 0.9561029
vn -0.2618663 -0.22594392 0.93828326
vn -0.27959356 -0.23614807 0.93062425
vn -0.29085454 -0.24321999 0.92533654
vn -0.31968218 -0.2643122 0.90991336
vn -0.31159282 -0.95021564 0.00045670953
vn -0.30883777 -0.25593686 -0.91603255
vn -0.29688835 -0.24706236 -0.9223977
vn -0.27640885 -0.2338117 -0.93216425
vn -0.25802538 -0.22299217 -0.94005185
vn -0.20912993 -0.20525722 -0.9561036
vn -0.31286058 -0.949799 0.00039971885
vn -0.1805786 -0.16494082 -0.9696318
vn -0.17766315 -0.16252781 -0.9705774
vn -0.12899722 -0.13761544 -0.98204964
vn -0.06828256 -0.081615075 -0.9943221
vn -0.058854442 -0.06555797 -0.99611163
vn 0.34995034 -0.009539815 -0.9367198
vn 0.3502058 -0.009423565 -0.9366255
vn 0.10852444 -0.0029584288 -0.9940893
vn 0.10850965 -0.0029526933 -0.994091
vn 0.9682379 0.23011228 -0.09779452
vn 0.90214336 0.26321363 -0.3418421
vn 0.9030876 0.26533064 -0.33768678
vn 0.9474857 0.27837497 -0.15741098
vn 0.82065517 0.46090877 0.3377697
vn 0.8929306 0.43881458 0.10058074
vn 0.86302763 0.48470667 0.14227657
vn 0.819335 0.4614284 0.34025583
vn 0.7023796 0.3955621 0.5917715
vn 0.70180726 0.39431807 0.5932788
vn 0.95282274 0.30352712 -0.0005387328
vn 0.9352282 0.3540431 0.001302682
vn 0.9140704 0.40555495 -0.00059850933
vn 0.897482 0.44105127 0
vn 0.52583784 0.2954477 0.79762477
vn 0.5641629 0.21326694 0.79764485
vn 0.56428623 0.21324813 0.79756266
vn 0.947774 0.30191883 -0.102807894
vn 0.3269123 0.12358059 0.9369398
vn 0.3416141 0.07387837 0.9369322
vn 0.3421099 0.07374744 0.93676144
vn 0.10611288 0.022948252 0.9940893
vn 0.5970583 0.07665387 -0.7985272
vn 0.3474024 0.04460157 -0.93665475
vn 0.59847605 0.07767397 -0.79736644
vn 0.7737493 0.22575282 -0.5919018
vn 0.5794366 0.16907218 -0.7972878
vn 0.7737217 0.22576207 -0.59193426
vn 0.106092185 0.022951227 0.9940914
vn -0.21778451 -0.1586648 0.9630137
vn -0.17484349 -0.15081203 0.97297764
vn -0.088245206 -0.064290196 0.9940219
vn -0.20067523 -0.17706268 0.9635239
vn -0.088187054 -0.06420406 0.99403256
vn -0.28410238 -0.19939712 0.9378308
vn -0.2944867 -0.21418525 0.9313443
vn -0.2872507 -0.23964712 0.92739224
vn -0.4471848 -0.3252452 0.83321136
vn -0.43721178 -0.32277212 0.83944273
vn -0.38051325 -0.9247755 0.00015199599
vn -0.3776227 -0.9259596 4.085612e-05
vn -0.43055046 -0.32335937 -0.8426536
vn -0.31592274 -0.25964054 -0.9125676
vn -0.29089946 -0.23907515 -0.9264019
vn -0.29007247 -0.24000506 -0.92642087
vn -0.17715639 -0.14669462 -0.97318876
vn -0.1739911 -0.15020704 -0.973224
vn -0.2008634 -0.17757244 -0.96339077
vn -0.28215653 -0.2060629 -0.93697685
vn -0.1309392 -0.11364769 -0.98485494
vn -0.08592791 -0.07115273 -0.9937574
vn -0.08342309 -0.06884941 -0.99413294
vn -0.066329256 -0.05718221 -0.99615794
vn -0.06220172 -0.055085182 -0.99654233
vn -0.059878808 -0.057545777 -0.9965455
vn 0.1076763 0.013946853 -0.9940882
vn 0.3465546 0.04488774 -0.93695515
vn 0.107370816 0.0140130315 -0.99412024
vn 0.8501428 0.40141526 -0.34076858
vn 0.851692 0.4007118 -0.33771384
vn 0.728998 0.34366274 -0.5919948
vn 0.7294323 0.34441894 -0.5910195
vn 0.8935787 0.42041892 -0.15736963
vn 0.9092201 0.40340295 -0.10288328
vn 0.7426523 0.57749414 0.3390693
vn 0.7426371 0.576846 0.34020406
vn 0.8596047 0.5012225 0.0992755
vn 0.801668 0.58944166 0.09943287
vn 0.77935046 0.60603106 0.15918334
vn 0.8816462 0.4719109 0
vn 0.86387205 0.50371075 0.00080442446
vn 0.6366572 0.4945257 0.59170264
vn 0.47600007 0.3700603 0.79779655
vn 0.4755276 0.3689339 0.79859966
vn 0.52447045 0.29544818 0.79852444
vn 0.63607246 0.4945066 0.5923471
vn 0.8771567 0.46950775 -0.10079031
vn 0.30443135 0.17149428 0.9369692
vn 0.30396694 0.17079666 0.93724734
vn 0.3260455 0.123675376 0.9372293
vn 0.10153291 0.038513396 0.9940864
vn 0.10151948 0.038501665 0.99408823
vn 0.57778084 0.16942692 -0.79841334
vn 0.33540037 0.09835192 -0.93692774
vn 0.5448315 0.25666165 -0.7983004
vn 0.5450364 0.25693992 -0.7980709
vn -0.30835453 -0.15905783 0.9378795
vn -0.30867064 -0.15948851 0.93770236
vn -0.09686963 -0.050007325 0.99404
vn -0.096971154 -0.050020415 0.99402946
vn -0.53188205 -0.27482072 0.8009838
vn -0.53243536 -0.27564216 0.8003336
vn -0.49228805 -0.34114492 0.80079496
vn -0.5438379 -0.36812526 0.75413793
vn -0.4461396 -0.8949613 0.0019375341
vn -0.43143487 -0.90214413 0.00014827642
vn -0.47396043 -0.8755236 -0.09391287
vn -0.5379623 -0.36388284 -0.76038533
vn -0.4946443 -0.3424602 -0.79877913
vn -0.5070017 -0.3253931 -0.7981657
vn -0.29477358 -0.18918534 -0.9366522
vn -0.29380345 -0.18759274 -0.9372772
vn -0.09171146 -0.058557536 -0.9940623
vn -0.09107943 -0.05841161 -0.99412906
vn -0.083359584 -0.068644755 -0.9941524
vn 0.103917345 0.030467656 -0.99411917
vn 0.10397609 0.030510344 -0.9941117
vn 0.33525676 0.09837645 -0.9369765
vn 0.7783278 0.5273687 -0.3407171
vn 0.66767246 0.45239237 -0.59123147
vn 0.7784731 0.52869976 -0.3383138
vn 0.8229306 0.558893 -0.10209651
vn 0.82327276 0.5586477 -0.100670606
vn 0.49867013 0.3383218 -0.7980392
vn 0.6668195 0.45240238 -0.5921856
vn 0.6484286 0.68186796 0.33852077
vn 0.6484619 0.6816074 0.33898154
vn 0.75453573 0.64843994 0.1010027
vn 0.6856833 0.72085625 0.10101825
vn 0.68555814 0.7209122 0.10146661
vn 0.5553049 0.5836888 0.5924052
vn 0.8274758 0.5614998 -0.0013312593
vn 0.80566067 0.59237736 0.00018625919
vn 0.78017414 0.6255625 0
vn 0.75841415 0.65177304 0
vn 0.4155048 0.43701318 0.7977312
vn 0.5548882 0.5836116 0.59287155
vn 0.41452432 0.4367121 0.79840595
vn 0.24063538 0.2535156 0.9369228
vn 0.27617192 0.21426554 0.9369201
vn 0.276106 0.21412553 0.9369716
vn 0.08599283 0.06668909 0.99406123
vn 0.094858356 0.053300172 0.99406284
vn 0.09473493 0.053154975 0.99408245
vn 0.31602243 0.14887328 -0.9369987
vn 0.49853855 0.3383085 -0.798127
vn 0.3158351 0.14887594 -0.93706137
vn 0.28908217 0.19593199 -0.937039
vn 0.28930685 0.19632377 -0.9368877
vn -0.1034541 -0.03478561 0.99402577
vn -0.103589974 -0.034782447 0.9940117
vn -0.32888323 -0.11042927 0.9378918
vn -0.56761384 -0.1905816 0.8009327
vn -0.32889104 -0.110428214 0.9378893
vn -0.56809 -0.19049673 0.8006152
vn -0.76049584 -0.25501588 0.5971709
vn -0.7606304 -0.25519857 0.5969213
vn -0.71288764 -0.3683271 0.5967632
vn -0.7117623 -0.36847985 0.59801084
vn -0.7117398 -0.36852047 0.59801257
vn -0.6333205 -0.38936287 0.6688062
vn -0.46704653 -0.8842257 0.003521502
vn -0.8587788 -0.47410554 -0.19422407
vn -0.85648793 -0.3397364 -0.3885968
vn -0.78912824 -0.34718624 -0.5066935
vn -0.7203247 -0.35918784 -0.593394
vn -0.6225137 -0.3853141 -0.68118256
vn -0.6957518 -0.7182518 0.0066161063
vn -0.80729175 -0.5901522 0.0005080628
vn -0.8095644 -0.58703095 0.00018059945
vn -0.5817768 -0.3728755 -0.7228413
vn -0.50778455 -0.325452 -0.79764396
vn -0.552086 -0.24260394 -0.79771197
vn -0.5517303 -0.24214698 -0.7980969
vn -0.31990987 -0.1404041 -0.93698686
vn -0.31907877 -0.14043835 -0.93726504
vn -0.099579215 -0.043828487 -0.99406385
vn -0.099538706 -0.04379025 -0.99406964
vn 0.09808481 0.046121277 -0.99410874
vn 0.09830122 0.04633648 -0.9940773
vn 0.6871206 0.64254963 -0.33910945
vn 0.6875933 0.6424945 -0.33825493
vn 0.58839715 0.55022997 -0.59248275
vn 0.7255252 0.67793846 -0.118375145
vn 0.77609885 0.6222949 -0.102076836
vn 0.4401768 0.41134107 -0.79814965
vn 0.44032636 0.4117868 -0.79783726
vn 0.5883587 0.5502244 -0.5925262
vn 0.5396324 0.7707862 0.33865234
vn 0.6219127 0.7764433 0.101786025
vn 0.5694404 0.8133627 0.11907396
vn 0.5386225 0.77071154 0.34042522
vn 0.46188098 0.6609026 0.5915013
vn 0.46190235 0.65962404 0.59291
vn 0.7271236 0.6865056 -0.0011209933
vn 0.6892084 0.72456217 0.001192367
vn 0.6495656 0.7603056 -0.00017135625
vn 0.6251597 0.7804969 0
vn 0.7234051 0.6829949 -0.10100936
vn 0.34564182 0.49359712 0.7980561
vn 0.34559226 0.4930949 0.79838794
vn 0.20052582 0.2861125 0.93697864
vn 0.24051271 0.25347215 0.9369661
vn 0.07465607 0.07867873 0.9941007
vn 0.07460889 0.07856817 0.99411297
vn 0.08548202 0.066528246 0.99411607
vn 0.2555016 0.23876385 -0.9368622
vn 0.08992498 0.060948696 -0.9940819
vn 0.08951227 0.060841583 -0.99412566
vn 0.07913806 0.073805876 -0.9941276
vn 0.07934771 0.0742117 -0.9940808
vn 0.255184 0.23866646 -0.9369736
vn -0.10754503 -0.018716156 0.99402404
vn -0.107611485 -0.018754171 0.9940161
vn -0.3418215 -0.05957151 0.93787485
vn -0.5896343 -0.102218345 0.80117583
vn -0.5902604 -0.10271664 0.800651
vn -0.34248888 -0.05937349 0.9376439
vn -0.7899045 -0.13745855 0.5976253
vn -0.7901859 -0.1377397 0.59718835
vn -0.9243812 -0.16113168 0.34576875
vn -0.88960755 -0.29847154 0.34570664
vn -0.88990676 -0.299224 0.34428343
vn -0.8834712 -0.317232 0.34473523
vn -0.86850137 -0.33347577 0.36674136
vn -0.78761286 -0.37070355 0.49218395
vn -0.7130137 -0.36839226 0.59657234
vn -0.9195082 -0.2889189 -0.26651555
vn -0.8858776 -0.31746578 -0.33828437
vn -0.8668876 -0.33502266 -0.3691417
vn -0.8820882 -0.47108433 0.00014492887
vn -0.88819826 -0.45946035 0
vn -0.9098496 -0.24140166 -0.33748925
vn -0.9092196 -0.24008077 -0.340119
vn -0.7786105 -0.20559324 -0.59287184
vn -0.7371362 -0.32392085 -0.59304774
vn -0.7374624 -0.32445517 -0.59234965
vn -0.89924264 -0.30236313 0.31613177
vn -0.9151936 -0.29106945 0.27874595
vn -0.5839208 -0.15379861 -0.7971088
vn -0.5823767 -0.15417194 -0.79816556
vn -0.7780452 -0.20492895 -0.5938433
vn -0.33765844 -0.08938794 -0.93701476
vn -0.10523328 -0.02778953 -0.99405926
vn -0.10516568 -0.027795149 -0.99406624
vn -0.33729085 -0.08907024 -0.9371773
vn 0.57905185 0.7414436 -0.33905798
vn 0.579082 0.7414449 -0.33900377
vn 0.49586278 0.63492465 -0.59244466
vn 0.6067185 0.7768301 -0.16860567
vn 0.64623195 0.7564037 -0.10118138
vn 0.37126517 0.47488254 -0.79790276
vn 0.2152486 0.27532288 -0.9369447
vn 0.37145215 0.47598767 -0.7971568
vn 0.49536312 0.63477015 -0.59302807
vn 0.41798946 0.84268665 0.3393584
vn 0.41818285 0.84225976 0.34017885
vn 0.5659896 0.8181607 0.10133459
vn 0.47379652 0.8747422 0.101700686
vn 0.43836188 0.8837585 0.16373703
vn 0.58831173 0.8086343 0
vn 0.56891793 0.8223937 0.00096428563
vn 0.35870996 0.72247577 0.5910635
vn 0.35876715 0.72213626 0.5914435
vn 0.26847088 0.5403854 0.7974378
vn 0.26852226 0.53939325 0.79809207
vn 0.5853602 0.8045774 -0.10004243
vn 0.15561962 0.3126004 0.9370504
vn 0.15562049 0.31251112 0.9370801
vn 0.2003449 0.28601617 0.9370468
vn 0.0622947 0.08893309 0.9940876
vn 0.062264193 0.088816375 0.99410003
vn 0.06668345 0.08548028 -0.9941058
vn 0.066860616 0.08559276 -0.99408424
vn 0.21495718 0.2751811 -0.9370532
vn -0.10911877 -0.0021450047 0.9940264
vn -0.10943844 -0.0020358618 0.99399143
vn -0.347477 -0.0064640455 0.93766624
vn -0.34764487 -0.0065514976 0.9376033
vn -0.5977851 -0.011265495 0.8015772
vn -0.59821624 -0.011512589 0.801252
vn -0.80173135 -0.01542921 0.59748536
vn -0.9382779 -0.017353248 0.34544668
vn -0.9389778 -0.018214557 0.34349516
vn -0.92538583 -0.16028999 0.34346494
vn -0.80259794 -0.014843876 0.5963357
vn -0.9783284 -0.16946042 0.11898194
vn -0.9789742 -0.17302585 0.108034484
vn -0.955265 -0.2418636 0.1702083
vn -0.9362685 -0.27021214 0.22446993
vn -0.93024945 -0.2771125 0.24050911
vn -0.9263542 -0.28120393 -0.25058344
vn -0.8974855 -0.44104388 0
vn -0.94728875 -0.25133505 -0.19868256
vn -0.9012095 -0.43338382 9.332003e-05
vn -0.93547666 -0.096221015 -0.3400368
vn -0.9494003 -0.24878582 -0.19168867
vn -0.9628812 -0.22166854 -0.1540224
vn -0.9799757 -0.17340706 -0.09786495
vn -0.9850374 -0.14192797 -0.09776464
vn -0.98047936 -0.10084989 -0.16878845
vn -0.9351839 -0.09579618 -0.34096053
vn -0.8019621 -0.08214952 -0.59169954
vn -0.8002799 -0.08308025 -0.59384316
vn -0.60057926 -0.062348522 -0.7971306
vn -0.5991241 -0.061356727 -0.7983017
vn -0.3477662 -0.035614986 -0.9369046
vn -0.34699222 -0.03589943 -0.9371807
vn -0.108260736 -0.011200537 -0.99405944
vn -0.10806481 -0.011107167 -0.99408185
vn 0.45721716 0.82223827 -0.33893463
vn 0.39129272 0.7036828 -0.5930605
vn 0.45711863 0.8224999 -0.3384323
vn 0.4807512 0.8650223 -0.14357866
vn 0.49653777 0.86223596 -0.09999678
vn 0.2926109 0.52740276 -0.7976373
vn 0.29319844 0.52777827 -0.79717296
vn 0.16945012 0.3054174 -0.93702024
vn 0.3907796 0.7034313 -0.59369665
vn 0.28874642 0.8960042 0.33734563
vn 0.28939193 0.8950097 0.33942607
vn 0.40889633 0.9068888 0.10176668
vn 0.31060916 0.94512695 0.10127689
vn 0.30451712 0.944942 0.11980855
vn 0.24816127 0.7674946 0.5910736
vn 0.49903885 0.86657906 -0.0009061658
vn 0.47626588 0.8793013 0
vn 0.43277633 0.90150136 0
vn 0.41103032 0.9116217 0.00033942494
vn 0.18528472 0.57415146 0.79750836
vn 0.24752976 0.7670334 0.5919366
vn 0.18412884 0.57308257 0.7985443
vn 0.106901444 0.33272004 0.9369468
vn 0.10695101 0.33241233 0.9370505
vn 0.033232514 0.10328932 0.994096
vn 0.033235088 0.103231 0.994102
vn 0.048287243 0.09708479 0.9941041
vn 0.048395798 0.0971866 0.9940888
vn 0.052663032 0.094692394 -0.9941126
vn 0.052730195 0.095097676 -0.99407035
vn 0.1692856 0.3053026 -0.93708736
vn -0.10773886 0.014544677 0.99407285
vn -0.108473726 0.014384478 0.99399525
vn -0.34456348 0.045691863 0.93765044
vn -0.5926734 0.07864811 0.8015939
vn -0.3446226 0.045731623 0.9376268
vn -0.594047 0.079655424 0.80047685
vn -0.79446673 0.106529586 0.59789133
vn -0.7955755 0.105953805 0.59651786
vn -0.9300621 0.12386457 0.34589288
vn -0.9302581 0.123687275 0.34542906
vn -0.97831595 0.13007706 0.16117619
vn -0.99080294 0.08420282 0.10592116
vn -0.9942002 -0.019209908 0.10581529
vn -0.99417126 -0.019285213 0.10607326
vn -0.989567 -0.09726434 0.10628706
vn -0.99520427 -0.09781843 -0
vn -0.99399304 -0.10944315 -0
vn -0.993986 -0.10950645 -1.2770291e-05
vn -0.9476491 -0.31931365 -3.7237332e-05
vn -0.93703634 -0.34923148 0.00049938034
vn -0.9293786 -0.3691276 -0.0005327172
vn -0.91256213 -0.4089381 9.4495015e-05
vn -0.9398425 0.051186744 -0.33775133
vn -0.938823 0.049844578 -0.340774
vn -0.9928386 -0.064231396 -0.100726664
vn -0.9939998 0.043549396 -0.10033909
vn -0.9896447 0.053899128 -0.13303456
vn -0.98825383 -0.14239137 -0.055489
vn -0.99791396 -0.064559735 -0.00012258298
vn -0.804909 0.04273473 -0.59185743
vn -0.6028077 0.03241991 -0.7972276
vn -0.60140055 0.031558953 -0.79832405
vn -0.8040868 0.04324501 -0.592937
vn -0.34907687 0.018318081 -0.9369151
vn -0.10856994 0.0057636243 -0.99407214
vn -0.108517505 0.005741745 -0.994078
vn -0.348631 0.018507684 -0.93707734
vn 0.3233357 0.8830361 -0.3401492
vn 0.32417694 0.8833458 -0.3385402
vn 0.27773643 0.755269 -0.59365916
vn 0.27724233 0.7571541 -0.59148484
vn 0.3427389 0.93392503 -0.10155844
vn 0.4305316 0.8968253 -0.10172047
vn 0.20814396 0.5659979 -0.79769826
vn 0.120514326 0.32771003 -0.9370605
vn 0.20814157 0.5660146 -0.79768705
vn 0.20520772 0.9184679 0.3380928
vn 0.2215091 0.96997905 0.10037053
vn 0.21279916 0.971928 0.100361735
vn 0.20885698 0.9723252 0.10470059
vn 0.17517667 0.7858387 0.5931025
vn 0.19488157 0.9179832 0.34543893
vn 0.34442905 0.9388118 -0.001074605
vn 0.31221437 0.95001143 0.0006912095
vn 0.25864413 0.96597266 0
vn 0.22263339 0.9749023 0
vn 0.34266064 0.9339915 -0.101210795
vn 0.13115633 0.58645856 0.7992899
vn 0.16714475 0.78411955 0.597678
vn 0.07442497 0.3406676 0.9372334
vn 0.12258803 0.5837165 0.80265015
vn 0.02244835 0.10654886 0.994054
vn 0.023022886 0.10578931 0.99412197
vn 0.07155247 0.3396167 0.9378384
vn 0.037365858 0.10186141 -0.9940966
vn 0.037504274 0.10202773 -0.99407434
vn 0.12043451 0.32763356 -0.9370975
vn -0.10435891 0.030575486 0.99406946
vn -0.1044208 0.030620977 0.9940617
vn -0.33351937 0.0978032 0.9376563
vn -0.5738677 0.1689492 0.80133146
vn -0.57512426 0.16867472 0.80048794
vn -0.33413333 0.09837034 0.93737835
vn -0.7691445 0.22557774 0.5979393
vn -0.76923877 0.2255457 0.59783
vn -0.9003811 0.26399747 0.34586027
vn -0.90052056 0.26431212 0.3452562
vn -0.94883937 0.27849418 0.14881158
vn -0.9594249 0.26260206 0.1026842
vn -0.9821569 0.15728283 0.10310241
vn -0.987419 0.15812552 0.00037892067
vn -0.9928136 0.11967116 0
vn -0.9964083 0.08467917 0
vn -0.99641144 0.08464121 -8.654131e-06
vn -0.9990411 0.043770265 -0.0010041668
vn -0.9998124 -0.019318348 0.0013493231
vn -0.9207533 0.19502643 -0.33790243
vn -0.98780996 0.1179571 -0.10157524
vn -0.9732589 0.20614775 -0.10134169
vn -0.92020136 0.19545348 -0.3391571
vn -0.7879288 0.1673584 -0.59258693
vn -0.7877204 0.16713648 -0.59292674
vn -0.9929456 0.11857038 -1.212296e-05
vn -0.59058326 0.12530842 -0.7971882
vn -0.5902409 0.12540899 -0.79742604
vn -0.34196573 0.07265776 -0.9368993
vn -0.34151345 0.07230426 -0.9370916
vn -0.106372274 0.022520838 -0.99407125
vn -0.10620963 0.022542614 -0.99408823
vn 0.18277185 0.9224689 -0.34006712
vn 0.15717761 0.7907894 -0.59156334
vn 0.15683623 0.7915691 -0.5906104
vn 0.18266135 0.92260826 -0.33974826
vn 0.19138074 0.9666492 -0.1701844
vn 0.2135837 0.9683735 -0.12897545
vn 0.2573082 0.9609831 -0.10150792
vn 0.11757362 0.5915345 -0.7976611
vn 0.11714224 0.5910134 -0.79811084
vn 0.06813288 0.34220952 -0.9371503
vn 0.06795855 0.34286872 -0.9369219
vn 0.16239391 0.9243011 0.34539208
vn 0.17206742 0.9794955 0.1047922
vn 0.17209074 0.9794929 0.104777664
vn 0.21538264 0.9765298 -3.355766e-05
vn 0.21387902 0.9768601 0
vn 0.17302006 0.98491836 0
vn 0.15903886 0.9243675 0.34677258
vn 0.13593993 0.79011166 0.5976989
vn 0.13498856 0.79003304 0.5980182
vn 0.100762576 0.5897224 0.80129546
vn 0.10594448 0.5869191 0.80268407
vn 0.061647583 0.34151998 0.9378505
vn 0.018831272 0.10735152 0.99404275
vn 0.019015916 0.10721432 0.99405414
vn 0.05985238 0.34120074 0.93808293
vn 0.02501393 0.10536482 -0.994119
vn 0.022403484 0.11252549 -0.9933962
vn -0.098574094 0.04604261 0.994064
vn -0.09880914 0.046277903 0.99402964
vn -0.3141987 0.14715701 0.9378828
vn -0.31577533 0.14712045 0.93735886
vn -0.54223084 0.25262657 0.8013523
vn -0.54347837 0.25432438 0.79996896
vn -0.72599125 0.33973253 0.5979285
vn -0.84981006 0.3977948 0.3458064
vn -0.84999776 0.39770877 0.3454439
vn -0.726072 0.33987316 0.5977505
vn -0.90076023 0.4214602 0.10489186
vn -0.9011311 0.42108494 0.103200175
vn -0.93791705 0.33104572 0.10353935
vn -0.9429852 0.33283457 0
vn -0.9534368 0.30159286 0
vn -0.96452314 0.26399752 0.0006537677
vn -0.9782041 0.20764117 -0.0014191995
vn -0.9733239 0.20660527 -0.09977495
vn -0.87911266 0.33515882 -0.3388651
vn -0.87902296 0.3349051 -0.33934814
vn -0.94865596 0.3000806 -0.100016795
vn -0.92411304 0.35231507 -0.14794938
vn -0.7529092 0.28685609 -0.59231865
vn -0.56369483 0.2151425 -0.79747224
vn -0.56367356 0.21511772 -0.797494
vn -0.75211185 0.28705463 -0.5932348
vn -0.32659152 0.124638855 -0.9369115
vn -0.10143991 0.038763568 -0.9940862
vn -0.3262469 0.1246698 -0.9370274
vn -0.10104061 0.03875451 -0.9941271
vn 0.038334586 0.93947524 -0.34046552
vn 0.03873032 0.9397844 -0.3395662
vn 0.032901153 0.80631673 -0.59056824
vn 0.024286833 0.6018906 -0.79820913
vn 0.023901934 0.6026754 -0.79762846
vn 0.031927444 0.80503464 -0.59236795
vn 0.04058668 0.9848286 -0.16871728
vn 0.074925795 0.9918796 -0.10276637
vn 0.15237586 0.9829864 -0.10256343
vn 0.15318367 0.9881977 -0.00025492455
vn 0.014095221 0.3493161 -0.936899
vn 0.016474504 0.10694128 -0.9941288
vn 0.0044180457 0.108379304 -0.9940998
vn 0.004352796 0.10858845 -0.9940772
vn 0.01399498 0.34913036 -0.93696964
vn 0.0971564 0.98976636 0.10451425
vn 0.0846244 0.9866152 0.13938853
vn 0.080227055 0.93534756 0.3445119
vn 0.08073581 0.9348359 0.3457794
vn 0.097691365 0.99521637 0.00087180996
vn 0.06908151 0.79989123 0.5961558
vn 0.0694457 0.7992646 0.59695345
vn 0.051877618 0.5970699 0.80051
vn 0.0511158 0.5959237 0.8014125
vn 0.029677643 0.34599113 0.9377683
vn 0.009289533 0.10888955 0.99401045
vn 0.029490834 0.34568408 0.9378875
vn 0.00925671 0.10881842 0.99401855
vn -0.09062148 0.06074449 0.9940312
vn -0.09065961 0.060753923 0.9940271
vn -0.28817075 0.19311251 0.9379047
vn -0.49641076 0.33305475 0.8016551
vn -0.4990208 0.33328873 0.7999355
vn -0.2883827 0.19348337 0.93776304
vn -0.6667184 0.4452915 0.59766376
vn -0.77939844 0.5222436 0.34612095
vn -0.66747504 0.4472483 0.5953538
vn -0.7794187 0.52242285 0.34580454
vn -0.8227573 0.5514715 0.1376577
vn -0.8602912 0.4988797 0.10496609
vn -0.8650701 0.501651 0
vn -0.88259345 0.47013697 -0.00038096443
vn -0.9059676 0.42334497 0.0013256995
vn -0.9280674 0.37241143 -0.0007419565
vn -0.9233685 0.37052587 -0.10050518
vn -0.8160372 0.468161 -0.33898166
vn -0.87813044 0.46775958 -0.10043817
vn -0.8551072 0.4905755 -0.1677119
vn -0.8158144 0.4682413 -0.33940712
vn -0.69880503 0.4010831 -0.59228694
vn -0.69852394 0.40048954 -0.59301984
vn -0.52329034 0.30002168 -0.79759276
vn -0.522903 0.30001175 -0.79785055
vn -0.30312446 0.17391543 -0.9369466
vn -0.3029867 0.17371222 -0.9370289
vn -0.09406898 0.053932842 -0.9941038
vn -0.09392419 0.05376359 -0.99412656
vn -0.09305915 0.80029666 -0.592339
vn -0.10860223 0.93396515 -0.3404625
vn -0.10867694 0.9340151 -0.34030136
vn -0.11475344 0.9862391 -0.11901328
vn -0.10859048 0.98927504 -0.09768857
vn -0.0027924343 0.99520373 -0.09778453
vn -0.040246148 0.34709924 -0.93696445
vn -0.069483116 0.59925085 -0.79754037
vn -0.07002985 0.60003155 -0.7969053
vn -0.09334136 0.79976994 -0.5930053
vn -0.0028058777 0.999996 -0.00021357834
vn 0.01667668 0.99986094 -0
vn 0.0753246 0.99715906 -0
vn -0.012533604 0.10791901 -0.9940807
vn -0.012534636 0.10792111 -0.9940805
vn -0.040297408 0.3469539 -0.93701607
vn 0.016587468 0.99451226 0.10329712
vn -0.066449456 0.9924507 0.103083
vn -0.06670039 0.99234235 0.10395984
vn -0.062958315 0.93666923 0.3445096
vn -0.06310618 0.93652624 0.34487134
vn -0.053996976 0.80134124 0.5957656
vn -0.053814866 0.801116 0.59608483
vn -0.0401341 0.5974571 0.800896
vn -0.039652083 0.5967015 0.8014831
vn -0.023011198 0.3462822 0.93784815
vn -0.022972642 0.3462161 0.93787354
vn -0.0072301696 0.108964495 0.99401945
vn -0.0072622728 0.10885354 0.99403125
vn -0.080394685 0.07366577 0.9940373
vn -0.08047616 0.07369962 0.99402815
vn -0.25607952 0.23451622 0.9377768
vn -0.44080585 0.40384656 0.8016221
vn -0.25613472 0.23465915 0.937726
vn -0.44114524 0.4048428 0.80093265
vn -0.5914413 0.54277074 0.5963196
vn -0.5922617 0.54287785 0.5954072
vn -0.6916628 0.6339907 0.34591666
vn -0.6916281 0.63486105 0.3443863
vn -0.72592825 0.666346 0.1703268
vn -0.7561659 0.64596546 0.10460277
vn -0.81967056 0.56318116 0.10472442
vn -0.8242023 0.56629485 0.0009223575
vn -0.84220344 0.5391598 0
vn -0.8380266 0.5364859 -0.09947082
vn -0.7339719 0.5882846 -0.33942065
vn -0.7764461 0.62232804 -0.0991931
vn -0.73323953 0.5884253 -0.34075716
vn -0.6284734 0.50435036 -0.5921586
vn -0.6284579 0.50429785 -0.5922198
vn -0.47062573 0.37764746 -0.79742944
vn -0.4703512 0.37699664 -0.7978992
vn -0.27266788 0.21854916 -0.93695706
vn -0.084840335 0.068090715 -0.9940653
vn -0.08463822 0.067763075 -0.99410486
vn -0.27217054 0.21843722 -0.93712777
vn -0.2517143 0.905923 -0.34050474
vn -0.2151927 0.77587724 -0.5930487
vn -0.21569654 0.7762947 -0.5923188
vn -0.2529664 0.9065009 -0.3380296
vn -0.26745453 0.95841897 -0.099504285
vn -0.26735327 0.958491 -0.09908195
vn -0.17838258 0.9789223 -0.09945287
vn -0.17927133 0.98379964 0
vn -0.16025594 0.98707557 0
vn -0.10911234 0.9940291 -0.0008829419
vn -0.0668053 0.99776536 0.0011670626
vn -0.16198671 0.579804 -0.7984908
vn -0.16145672 0.58213216 -0.7969027
vn -0.09355293 0.3366197 -0.9369818
vn -0.09427207 0.33743092 -0.936618
vn -0.029095469 0.1045071 -0.9940985
vn -0.029085094 0.10465322 -0.99408334
vn -0.15938538 0.9817136 0.10408994
vn -0.21454974 0.9649099 0.15138483
vn -0.20387553 0.9169041 0.34310594
vn -0.20284608 0.9163646 0.34515116
vn -0.17360626 0.7842726 0.59563184
vn -0.13048111 0.5844987 0.8008345
vn -0.13036166 0.5843625 0.8009534
vn -0.1745633 0.7819678 0.59837604
vn -0.07563313 0.33903497 0.9377287
vn -0.07536736 0.33870643 0.93786865
vn -0.023698688 0.10650363 0.9940298
vn -0.023713289 0.10639107 0.99404156
vn -0.06820088 0.08498987 0.99404496
vn -0.06826542 0.085179575 0.99402434
vn -0.21701555 0.27078557 0.937859
vn -0.21736822 0.27094904 0.93773013
vn -0.37474173 0.4671148 0.8008573
vn -0.37489715 0.4679904 0.8002731
vn -0.50131536 0.6258003 0.5975423
vn -0.50226814 0.6260774 0.5964509
vn -0.58753407 0.7323615 0.34416628
vn -0.58747333 0.73267126 0.34361002
vn -0.62185687 0.7755529 0.10868198
vn -0.62331104 0.77505857 0.10376679
vn -0.70216644 0.7043852 0.1039407
vn -0.70599043 0.7082213 1.8319997e-05
vn -0.7131841 0.70097667 0
vn -0.760337 0.6495287 0
vn -0.7803767 0.6253082 -0.001359038
vn -0.7800663 0.62569463 -0.0016800704
vn -0.776321 0.62269044 -0.0978893
vn -0.6329922 0.69589406 -0.3391938
vn -0.63310254 0.6950315 -0.34075272
vn -0.6698986 0.7360251 -0.097482674
vn -0.66960686 0.7361472 -0.09855826
vn -0.54270947 0.5957964 -0.59202456
vn -0.40613508 0.44613686 -0.7975062
vn -0.40611732 0.4460651 -0.79755545
vn -0.54228854 0.5957006 -0.5925064
vn -0.23498988 0.2581047 -0.93710285
vn -0.07322069 0.08052915 -0.99405926
vn -0.073185444 0.080444925 -0.9940686
vn -0.23450576 0.25791276 -0.937277
vn -0.39007324 0.855341 -0.3409321
vn -0.38935435 0.856871 -0.33789843
vn -0.333973 0.73315907 -0.59240174
vn -0.33449355 0.7334675 -0.5917259
vn -0.24932933 0.54797 -0.798476
vn -0.2497648 0.54829985 -0.7981132
vn -0.40842655 0.8988442 -0.15895544
vn -0.35811004 0.9283065 -0.10002145
vn -0.35991493 0.9329851 0
vn -0.33627704 0.941763 0.0005123122
vn -0.26867512 0.9632301 -0.0012477818
vn -0.23551649 0.9718703 0.0003516675
vn -0.2342563 0.96667 0.10331079
vn -0.14513384 0.3189717 -0.93658596
vn -0.04500356 0.0986998 -0.9940991
vn -0.0452132 0.098915756 -0.9940681
vn -0.14516973 0.31759688 -0.9370474
vn -0.34090617 0.87528753 0.34300837
vn -0.3344729 0.93671036 0.10344809
vn -0.35795256 0.91905475 0.16494998
vn -0.3417309 0.8737681 0.34604806
vn -0.29253978 0.7479918 0.595759
vn -0.29043904 0.7465952 0.5985322
vn -0.21718615 0.5582932 0.80071145
vn -0.21743907 0.55634344 0.8019989
vn -0.12664185 0.3240281 0.9375328
vn -0.12610461 0.32353926 0.937774
vn -0.039668296 0.101774625 0.9940163
vn -0.039550617 0.10164015 0.9940347
vn -0.05463376 0.09455037 0.9940198
vn -0.05463657 0.094566114 0.9940182
vn -0.17356284 0.3004062 0.93788695
vn -0.29800424 0.51753926 0.802089
vn -0.30044213 0.519022 0.8002192
vn -0.17363442 0.30154815 0.93750715
vn -0.4016271 0.6938219 0.5977516
vn -0.4688675 0.81264997 0.3460683
vn -0.47032648 0.8129124 0.34346247
vn -0.40145063 0.69580173 0.5955646
vn -0.49782726 0.86044466 0.108642034
vn -0.49684733 0.86161244 0.103763424
vn -0.49954343 0.86628795 0.001261081
vn -0.5284139 0.84898686 -0.00020558853
vn -0.58013755 0.8145186 0
vn -0.6266931 0.7792641 0.0017982681
vn -0.6274474 0.778658 0.0011986255
vn -0.6731039 0.7395468 -0.0013230351
vn -0.5184469 0.78512764 -0.33880284
vn -0.59016466 0.8011917 -0.09898208
vn -0.54377556 0.82348496 -0.16180429
vn -0.5172202 0.78497773 -0.34101772
vn -0.44354352 0.67315966 -0.5917139
vn -0.44356558 0.67229134 -0.59268373
vn -0.59307724 0.8051457 0
vn -0.33230826 0.5036639 -0.7974295
vn -0.33150235 0.50323147 -0.79803777
vn -0.19206266 0.29155743 -0.93707323
vn -0.191984 0.29094654 -0.9372791
vn -0.05994034 0.09083796 -0.99406016
vn -0.059873536 0.09078757 -0.9940688
vn -0.52580464 0.84479475 -0.09925357
vn -0.43268356 0.89603543 -0.099525936
vn -0.43484244 0.9005063 -0.0006690528
vn -0.41031986 0.91194165 0
vn -0.4080894 0.9069844 0.10412694
f 134//219 135//219 136//219
f 134//220 136//220 137//220
f 134//221 137//221 138//221
f 134//222 138//222 139//222
f 134//223 139//223 140//223
f 134//224 140//224 141//224
f 134//225 141//225 142//225
f 134//226 142//226 143//226
f 134//227 143//227 144//227
f 134//228 144//228 145//228
f 134//229 145//229 146//229
f 134//230 146//230 147//230
f 134//231 147//231 148//231
f 134//232 148//232 149//232
f 134//233 149//233 150//233
f 134//234 150//234 151//234
f 134//235 151//235 135//235
f 135//236 151//236 152//236
f 135//237 152//237 153//237
f 135//238 153//238 154//238
f 135//239 154//239 155//239
f 135//240 155//240 137//240
f 135//241 137//241 136//241
f 137//242 155//242 139//242
f 137//243 139//243 138//243
f 139//244 155//244 156//244
f 139//245 156//245 157//245
f 139//246 157//246 158//246
f 139//247 158//247 140//247
f 140//248 158//248 141//248
f 141//249 158//249 142//249
f 142//250 158//250 159//250
f 142//251 159//251 160//251
f 142//252 160//252 143//252
f 143//253 160//253 161//253
f 143//254 161//254 162//254
f 143//255 162//255 144//255
f 144//256 162//256 163//256
f 144//257 163//257 164//257
f 144//258 164//258 165//258
f 144//259 165//259 145//259
f 145//260 165//260 146//260
f 146//261 165//261 166//261
f 146//262 166//262 167//262
f 146//263 167//263 168//263
f 146//264 168//264 169//264
f 146//265 169//265 147//265
f 147//266 169//266 170//266
f 147//267 170//267 148//267
f 148//268 171//268 149//268
f 148//269 170//269 172//269
f 148//270 172//270 171//270
f 149//271 171//271 173//271
f 149//272 173//272 174//272
f 149//273 174//273 175//273
f 149//274 175//274 176//274
f 149//275 176//275 177//275
f 149//276 177//276 178//276
f 149//277 178//277 179//277
f 149//278 179//278 180//278
f 149//279 180//279 181//279
f 149//280 181//280 182//280
f 149//281 182//281 150//281
f 150//282 182//282 180//282
f 150//283 180//283 183//283
f 150//284 183//284 151//284
f 151//285 183//285 184//285
f 151//286 184//286 185//286
f 151//287 185//287 152//287
f 152//288 186//288 187//288
f 152//289 187//289 188//289
f 152//290 188//290 189//290
f 152//291 189//291 190//291
f 152//292 190//292 154//292
f 152//293 154//293 153//293
f 152//294 185//294 191//294
f 152//295 191//295 192//295
f 152//296 192//296 186//296
f 154//297 190//297 193//297
f 154//298 193//298 155//298
f 155//299 193//299 194//299
f 155//300 194//300 156//300
f 156//301 194//301 195//301
f 156//302 195//302 196//302
f 156//303 196//303 157//303
f 157//304 197//304 158//304
f 157//305 196//305 198//305
f 157//306 198//306 197//306
f 158//307 197//307 159//307
f 159//308 199//308 160//308
f 159//309 197//309 200//309
f 159//310 200//310 201//310
f 159//311 201//311 199//311
f 160//312 199//312 161//312
f 161//313 199//313 163//313
f 161//314 163//314 162//314
f 163//315 199//315 202//315
f 163//316 202//316 203//316
f 163//317 203//317 164//317
f 164//318 203//318 204//318
f 164//319 204//319 165//319
f 165//320 204//320 205//320
f 165//321 205//321 206//321
f 165//322 206//322 207//322
f 165//323 207//323 166//323
f 166//324 207//324 208//324
f 166//325 208//325 209//325
f 166//326 209//326 210//326
f 166//327 210//327 211//327
f 166//328 211//328 167//328
f 167//329 211//329 212//329
f 167//330 212//330 168//330
f 168//331 212//331 213//331
f 168//332 213//332 170//332
f 168//333 170//333 169//333
f 170//334 213//334 214//334
f 170//335 214//335 215//335
f 170//336 215//336 216//336
f 170//337 216//337 172//337
f 171//338 172//338 217//338
f 171//339 217//339 218//339
f 171//340 218//340 173//340
f 172//341 216//341 217//341
f 173//342 219//342 174//342
f 173//343 218//343 219//343
f 174//344 219//344 220//344
f 174//345 220//345 175//345
f 175//346 220//346 221//346
f 175//347 221//347 222//347
f 175//348 222//348 176//348
f 176//349 222//349 177//349
f 177//350 222//350 223//350
f 177//351 223//351 224//351
f 177//352 224//352 225//352
f 177//353 225//353 226//353
f 177//354 226//354 178//354
f 178//355 226//355 179//355
f 179//356 227//356 180//356
f 179//357 226//357 227//357
f 180//358 227//358 183//358
f 180//359 182//359 181//359
f 183//360 227//360 228//360
f 183//361 228//361 229//361
f 183//362 229//362 230//362
f 183//363 230//363 184//363
f 184//364 230//364 185//364
f 185//365 230//365 191//365
f 186//366 231//366 187//366
f 186//367 192//367 232//367
f 186//368 232//368 233//368
f 186//369 233//369 231//369
f 187//370 234//370 235//370
f 187//371 235//371 189//371
f 187//372 189//372 188//372
f 187//373 231//373 234//373
f 189//374 235//374 236//374
f 189//375 236//375 237//375
f 189//376 237//376 193//376
f 189//377 193//377 190//377
f 191//378 230//378 238//378
f 191//379 238//379 239//379
f 191//380 239//380 240//380
f 191//381 240//381 192//381
f 192//382 240//382 232//382
f 193//383 237//383 241//383
f 193//384 241//384 194//384
f 194//385 241//385 195//385
f 195//386 242//386 243//386
f 195//387 243//387 244//387
f 195//388 244//388 245//388
f 195//389 245//389 196//389
f 195//390 241//390 242//390
f 196//391 245//391 198//391
f 197//392 198//392 246//392
f 197//393 246//393 200//393
f 198//394 245//394 244//394
f 198//394 244//394 243//394
f 198//394 243//394 247//394
f 198//394 247//394 248//394
f 198//394 248//394 249//394
f 198//394 249//394 250//394
f 198//394 250//394 251//394
f 198//394 251//394 252//394
f 198//394 252//394 253//394
f 198//395 253//395 254//395
f 198//394 254//394 255//394
f 198//395 255//395 256//395
f 198//394 256//394 257//394
f 198//394 257//394 258//394
f 198//394 258//394 259//394
f 198//394 259//394 260//394
f 198//394 260//394 261//394
f 198//395 261//395 262//395
f 198//394 262//394 263//394
f 198//395 263//395 264//395
f 198//394 264//394 265//394
f 198//394 265//394 266//394
f 198//394 266//394 267//394
f 198//394 267//394 268//394
f 198//395 268//395 269//395
f 198//395 269//395 270//395
f 198//394 270//394 271//394
f 198//394 271//394 272//394
f 198//394 272//394 273//394
f 198//394 273//394 274//394
f 198//394 274//394 275//394
f 198//394 275//394 276//394
f 198//394 276//394 277//394
f 198//394 277//394 278//394
f 198//394 278//394 279//394
f 198//395 279//395 209//395
f 198//395 209//395 208//395
f 198//394 208//394 207//394
f 198//395 207//395 206//395
f 198//394 206//394 205//394
f 198//394 205//394 204//394
f 198//395 204//395 203//395
f 198//394 203//394 202//394
f 198//394 202//394 280//394
f 198//394 280//394 281//394
f 198//395 281//395 282//395
f 198//394 282//394 201//394
f 198//394 201//394 200//394
f 198//394 200//394 246//394
f 199//396 201//396 282//396
f 199//397 282//397 281//397
f 199//398 281//398 280//398
f 199//399 280//399 202//399
f 209//400 279//400 210//400
f 210//401 279//401 278//401
f 210//402 278//402 283//402
f 210//403 283//403 284//403
f 210//404 284//404 211//404
f 211//405 284//405 285//405
f 211//406 285//406 212//406
f 212//407 285//407 286//407
f 212//408 286//408 213//408
f 213//409 286//409 287//409
f 213//410 287//410 214//410
f 214//411 287//411 288//411
f 214//412 288//412 289//412
f 214//411 289//411 290//411
f 214//411 290//411 291//411
f 214//411 291//411 292//411
f 214//412 292//412 293//412
f 214//412 293//412 294//412
f 214//411 294//411 295//411
f 214//412 295//412 296//412
f 214//411 296//411 297//411
f 214//412 297//412 298//412
f 214//411 298//411 299//411
f 214//411 299//411 300//411
f 214//411 300//411 301//411
f 214//411 301//411 302//411
f 214//411 302//411 303//411
f 214//411 303//411 304//411
f 214//411 304//411 305//411
f 214//411 305//411 306//411
f 214//411 306//411 307//411
f 214//411 307//411 308//411
f 214//411 308//411 309//411
f 214//411 309//411 310//411
f 214//411 310//411 311//411
f 214//411 311//411 312//411
f 214//411 312//411 313//411
f 214//411 313//411 314//411
f 214//411 314//411 315//411
f 214//412 315//412 316//412
f 214//412 316//412 317//412
f 214//411 317//411 318//411
f 214//411 318//411 319//411
f 214//411 319//411 320//411
f 214//411 320//411 321//411
f 214//411 321//411 322//411
f 214//412 322//412 323//412
f 214//411 323//411 324//411
f 214//412 324//412 224//412
f 214//411 224//411 223//411
f 214//411 223//411 325//411
f 214//411 325//411 326//411
f 214//411 326//411 327//411
f 214//411 327//411 328//411
f 214//411 328//411 329//411
f 214//411 329//411 330//411
f 214//413 330//413 215//413
f 215//414 330//414 216//414
f 216//415 331//415 332//415
f 216//416 332//416 217//416
f 216//417 330//417 329//417
f 216//418 329//418 328//418
f 216//419 328//419 331//419
f 217//420 332//420 331//420
f 217//421 331//421 218//421
f 218//422 331//422 333//422
f 218//423 333//423 220//423
f 218//424 220//424 219//424
f 220//425 333//425 221//425
f 221//426 333//426 326//426
f 221//427 326//427 325//427
f 221//428 325//428 222//428
f 222//429 325//429 223//429
f 224//430 324//430 225//430
f 225//431 334//431 226//431
f 225//432 324//432 334//432
f 226//433 334//433 227//433
f 227//434 334//434 335//434
f 227//435 335//435 228//435
f 228//436 336//436 229//436
f 228//437 335//437 337//437
f 228//438 337//438 336//438
f 229//439 336//439 338//439
f 229//440 338//440 238//440
f 229//441 238//441 230//441
f 231//442 339//442 234//442
f 231//443 233//443 340//443
f 231//444 340//444 339//444
f 232//445 240//445 341//445
f 232//446 341//446 340//446
f 232//447 340//447 233//447
f 234//448 342//448 343//448
f 234//449 343//449 344//449
f 234//450 344//450 235//450
f 234//451 339//451 345//451
f 234//452 345//452 342//452
f 235//453 344//453 346//453
f 235//454 346//454 236//454
f 236//455 346//455 347//455
f 236//456 347//456 241//456
f 236//457 241//457 237//457
f 238//458 348//458 239//458
f 238//459 338//459 349//459
f 238//460 349//460 348//460
f 239//461 348//461 240//461
f 240//462 348//462 350//462
f 240//463 350//463 341//463
f 241//464 347//464 351//464
f 241//465 351//465 242//465
f 242//466 351//466 243//466
f 243//467 351//467 247//467
f 278//468 352//468 283//468
f 278//469 277//469 352//469
f 283//470 352//470 353//470
f 283//471 353//471 284//471
f 284//472 354//472 355//472
f 284//473 355//473 285//473
f 284//474 353//474 354//474
f 285//475 355//475 356//475
f 285//476 356//476 357//476
f 285//477 357//477 286//477
f 286//478 357//478 290//478
f 286//479 290//479 289//479
f 286//480 289//480 288//480
f 286//481 288//481 287//481
f 331//482 328//482 327//482
f 331//483 327//483 333//483
f 333//484 327//484 326//484
f 324//485 323//485 335//485
f 324//486 335//486 334//486
f 335//487 323//487 337//487
f 336//488 358//488 349//488
f 336//489 349//489 338//489
f 336//490 337//490 359//490
f 336//491 359//491 358//491
f 337//492 323//492 322//492
f 337//493 322//493 321//493
f 337//494 321//494 359//494
f 339//495 340//495 360//495
f 339//496 360//496 345//496
f 340//497 341//497 361//497
f 340//498 361//498 360//498
f 341//499 350//499 361//499
f 342//500 362//500 363//500
f 342//501 363//501 343//501
f 342//502 345//502 364//502
f 342//503 364//503 365//503
f 342//504 365//504 362//504
f 343//505 363//505 366//505
f 343//506 366//506 367//506
f 343//507 367//507 346//507
f 343//508 346//508 344//508
f 345//509 360//509 368//509
f 345//510 368//510 364//510
f 346//511 367//511 369//511
f 346//512 369//512 370//512
f 346//513 370//513 347//513
f 347//514 370//514 371//514
f 347//515 371//515 351//515
f 348//516 349//516 350//516
f 349//517 358//517 372//517
f 349//518 372//518 373//518
f 349//519 373//519 350//519
f 350//520 374//520 361//520
f 350//521 373//521 375//521
f 350//522 375//522 374//522
f 351//523 371//523 247//523
f 247//524 371//524 248//524
f 352//525 376//525 377//525
f 352//526 377//526 378//526
f 352//527 378//527 353//527
f 352//528 277//528 276//528
f 352//529 276//529 275//529
f 352//530 275//530 274//530
f 352//531 274//531 376//531
f 353//532 378//532 354//532
f 354//533 378//533 379//533
f 354//534 379//534 380//534
f 354//535 380//535 381//535
f 354//536 381//536 382//536
f 354//537 382//537 355//537
f 355//538 383//538 384//538
f 355//539 384//539 385//539
f 355//540 385//540 386//540
f 355//541 386//541 387//541
f 355//542 387//542 356//542
f 355//543 382//543 383//543
f 356//544 387//544 388//544
f 356//545 388//545 389//545
f 356//546 389//546 357//546
f 357//547 389//547 290//547
f 290//548 389//548 291//548
f 358//549 359//549 390//549
f 358//550 390//550 372//550
f 359//551 321//551 390//551
f 321//552 320//552 390//552
f 360//553 361//553 368//553
f 361//554 374//554 391//554
f 361//555 391//555 392//555
f 361//556 392//556 368//556
f 362//557 393//557 363//557
f 362//558 365//558 394//558
f 362//559 394//559 393//559
f 363//560 393//560 395//560
f 363//561 395//561 396//561
f 363//562 396//562 366//562
f 364//563 368//563 397//563
f 364//564 397//564 365//564
f 365//565 397//565 398//565
f 365//566 398//566 394//566
f 366//567 396//567 399//567
f 366//568 399//568 369//568
f 366//569 369//569 367//569
f 368//570 392//570 397//570
f 369//571 399//571 400//571
f 369//572 400//572 371//572
f 369//573 371//573 370//573
f 371//574 400//574 248//574
f 372//575 401//575 373//575
f 372//576 390//576 401//576
f 373//577 401//577 375//577
f 374//578 375//578 391//578
f 375//579 401//579 402//579
f 375//580 402//580 391//580
f 248//581 400//581 249//581
f 376//582 403//582 379//582
f 376//583 379//583 377//583
f 376//584 274//584 403//584
f 377//585 379//585 378//585
f 274//586 273//586 403//586
f 379//587 403//587 404//587
f 379//588 404//588 381//588
f 379//589 381//589 380//589
f 381//590 404//590 405//590
f 381//591 405//591 382//591
f 382//592 405//592 406//592
f 382//593 406//593 383//593
f 383//594 406//594 407//594
f 383//595 407//595 384//595
f 384//596 407//596 386//596
f 384//597 386//597 385//597
f 386//598 408//598 409//598
f 386//599 409//599 388//599
f 386//600 388//600 387//600
f 386//601 407//601 408//601
f 388//602 409//602 389//602
f 389//603 409//603 408//603
f 389//604 408//604 294//604
f 389//605 294//605 293//605
f 389//606 293//606 292//606
f 389//607 292//607 291//607
f 390//608 320//608 410//608
f 390//609 410//609 401//609
f 320//610 319//610 410//610
f 391//611 411//611 412//611
f 391//612 412//612 392//612
f 391//613 402//613 413//613
f 391//614 413//614 411//614
f 392//615 412//615 398//615
f 392//616 398//616 397//616
f 393//617 414//617 415//617
f 393//618 415//618 395//618
f 393//619 394//619 416//619
f 393//620 416//620 417//620
f 393//621 417//621 414//621
f 394//622 398//622 418//622
f 394//623 418//623 416//623
f 395//624 415//624 396//624
f 396//625 419//625 420//625
f 396//626 420//626 421//626
f 396//627 421//627 399//627
f 396//628 415//628 419//628
f 398//629 412//629 418//629
f 399//630 421//630 422//630
f 399//631 422//631 423//631
f 399//632 423//632 400//632
f 400//633 423//633 250//633
f 400//634 250//634 249//634
f 401//635 424//635 402//635
f 401//636 410//636 424//636
f 402//637 424//637 425//637
f 402//638 425//638 413//638
f 403//639 426//639 427//639
f 403//640 427//640 404//640
f 403//641 273//641 272//641
f 403//642 272//642 426//642
f 404//643 427//643 428//643
f 404//644 428//644 429//644
f 404//645 429//645 405//645
f 405//646 429//646 430//646
f 405//647 430//647 431//647
f 405//648 431//648 406//648
f 406//649 431//649 432//649
f 406//650 432//650 433//650
f 406//651 433//651 407//651
f 407//652 433//652 434//652
f 407//653 434//653 408//653
f 408//654 434//654 435//654
f 408//655 435//655 296//655
f 408//656 296//656 295//656
f 408//657 295//657 294//657
f 410//658 319//658 318//658
f 410//659 318//659 436//659
f 410//660 436//660 424//660
f 411//661 437//661 412//661
f 411//662 413//662 437//662
f 412//663 437//663 438//663
f 412//664 438//664 439//664
f 412//665 439//665 418//665
f 413//666 425//666 440//666
f 413//667 440//667 437//667
f 414//668 441//668 442//668
f 414//669 442//669 415//669
f 414//670 417//670 443//670
f 414//671 443//671 444//671
f 414//672 444//672 441//672
f 415//673 442//673 419//673
f 416//674 418//674 439//674
f 416//675 439//675 417//675
f 417//676 439//676 445//676
f 417//677 445//677 443//677
f 419//678 446//678 420//678
f 419//679 442//679 446//679
f 420//680 446//680 447//680
f 420//681 447//681 448//681
f 420//682 448//682 421//682
f 421//683 448//683 422//683
f 422//684 448//684 251//684
f 422//685 251//685 423//685
f 423//686 251//686 250//686
f 424//687 436//687 425//687
f 425//688 449//688 440//688
f 425//689 436//689 450//689
f 425//690 450//690 451//690
f 425//691 451//691 449//691
f 426//692 272//692 271//692
f 426//693 271//693 452//693
f 426//694 452//694 427//694
f 427//695 453//695 428//695
f 427//696 452//696 453//696
f 428//697 453//697 454//697
f 428//698 454//698 455//698
f 428//699 455//699 456//699
f 428//700 456//700 457//700
f 428//701 457//701 429//701
f 429//702 457//702 458//702
f 429//703 458//703 430//703
f 430//704 458//704 431//704
f 431//705 459//705 460//705
f 431//706 460//706 461//706
f 431//707 461//707 462//707
f 431//708 462//708 463//708
f 431//709 463//709 432//709
f 431//710 458//710 464//710
f 431//711 464//711 465//711
f 431//712 465//712 459//712
f 432//713 463//713 433//713
f 433//714 463//714 434//714
f 434//715 463//715 466//715
f 434//716 466//716 467//716
f 434//717 467//717 468//717
f 434//718 468//718 435//718
f 435//719 468//719 296//719
f 296//720 468//720 297//720
f 318//721 317//721 436//721
f 436//722 317//722 450//722
f 437//723 469//723 470//723
f 437//724 470//724 438//724
f 437//725 440//725 469//725
f 438//726 470//726 445//726
f 438//727 445//727 439//727
f 440//728 449//728 471//728
f 440//729 471//729 472//729
f 440//730 472//730 469//730
f 441//731 473//731 442//731
f 441//732 444//732 474//732
f 441//733 474//733 473//733
f 442//734 473//734 475//734
f 442//735 475//735 476//735
f 442//736 476//736 446//736
f 443//737 445//737 477//737
f 443//738 477//738 444//738
f 444//739 477//739 478//739
f 444//740 478//740 474//740
f 445//741 470//741 477//741
f 446//742 476//742 479//742
f 446//743 479//743 447//743
f 447//744 479//744 480//744
f 447//745 480//745 448//745
f 448//746 480//746 253//746
f 448//747 253//747 252//747
f 448//748 252//748 251//748
f 449//749 451//749 471//749
f 450//750 317//750 451//750
f 451//751 317//751 316//751
f 451//752 316//752 315//752
f 451//753 315//753 481//753
f 451//754 481//754 471//754
f 271//755 270//755 482//755
f 271//756 482//756 452//756
f 452//757 482//757 453//757
f 453//758 483//758 484//758
f 453//759 484//759 454//759
f 453//760 482//760 483//760
f 454//761 484//761 485//761
f 454//762 485//762 455//762
f 455//763 485//763 486//763
f 455//764 486//764 456//764
f 456//765 486//765 487//765
f 456//766 487//766 465//766
f 456//767 465//767 464//767
f 456//768 464//768 458//768
f 456//769 458//769 457//769
f 459//770 488//770 489//770
f 459//771 489//771 461//771
f 459//772 461//772 460//772
f 459//773 465//773 490//773
f 459//774 490//774 488//774
f 461//775 489//775 491//775
f 461//776 491//776 492//776
f 461//777 492//777 466//777
f 461//778 466//778 463//778
f 461//779 463//779 462//779
f 465//780 487//780 486//780
f 465//781 486//781 490//781
f 466//782 493//782 494//782
f 466//783 494//783 467//783
f 466//784 492//784 493//784
f 467//785 494//785 468//785
f 468//786 495//786 298//786
f 468//787 298//787 297//787
f 468//788 494//788 495//788
f 469//789 496//789 497//789
f 469//790 497//790 470//790
f 469//791 472//791 496//791
f 470//792 497//792 478//792
f 470//793 478//793 477//793
f 471//794 498//794 472//794
f 471//795 481//795 498//795
f 472//796 498//796 499//796
f 472//797 499//797 496//797
f 473//798 500//798 501//798
f 473//799 501//799 475//799
f 473//800 474//800 502//800
f 473//801 502//801 503//801
f 473//802 503//802 500//802
f 474//803 478//803 504//803
f 474//804 504//804 502//804
f 475//805 501//805 505//805
f 475//806 505//806 476//806
f 476//807 505//807 506//807
f 476//808 506//808 479//808
f 478//809 497//809 504//809
f 479//810 506//810 507//810
f 479//811 507//811 508//811
f 479//812 508//812 480//812
f 480//813 508//813 254//813
f 480//814 254//814 253//814
f 315//815 314//815 509//815
f 315//816 509//816 481//816
f 481//817 509//817 498//817
f 270//818 269//818 482//818
f 482//819 269//819 510//819
f 482//820 510//820 511//820
f 482//821 511//821 483//821
f 483//822 511//822 512//822
f 483//823 512//823 484//823
f 484//824 512//824 485//824
f 485//825 513//825 514//825
f 485//826 514//826 515//826
f 485//827 515//827 486//827
f 485//828 512//828 513//828
f 486//829 515//829 516//829
f 486//830 516//830 517//830
f 486//831 517//831 518//831
f 486//832 518//832 519//832
f 486//833 519//833 490//833
f 488//834 520//834 489//834
f 488//835 490//835 520//835
f 489//836 520//836 491//836
f 490//837 519//837 520//837
f 491//838 521//838 492//838
f 491//839 520//839 522//839
f 491//840 522//840 523//840
f 491//841 523//841 524//841
f 491//842 524//842 525//842
f 491//843 525//843 521//843
f 492//844 521//844 526//844
f 492//845 526//845 527//845
f 492//846 527//846 493//846
f 493//847 527//847 494//847
f 494//848 527//848 528//848
f 494//849 528//849 529//849
f 494//850 529//850 495//850
f 495//851 529//851 298//851
f 298//852 529//852 299//852
f 496//853 530//853 497//853
f 496//854 499//854 530//854
f 497//855 530//855 531//855
f 497//856 531//856 532//856
f 497//857 532//857 504//857
f 498//858 533//858 534//858
f 498//859 534//859 499//859
f 498//860 509//860 533//860
f 499//861 534//861 530//861
f 500//862 535//862 536//862
f 500//863 536//863 501//863
f 500//864 503//864 537//864
f 500//865 537//865 538//865
f 500//866 538//866 535//866
f 501//867 536//867 505//867
f 502//868 504//868 532//868
f 502//869 532//869 503//869
f 503//870 532//870 539//870
f 503//871 539//871 537//871
f 505//872 540//872 506//872
f 505//873 536//873 540//873
f 506//874 540//874 541//874
f 506//875 541//875 542//875
f 506//876 542//876 507//876
f 507//877 542//877 256//877
f 507//878 256//878 255//878
f 507//879 255//879 254//879
f 507//880 254//880 508//880
f 314//881 313//881 509//881
f 509//882 313//882 543//882
f 509//883 543//883 533//883
f 269//884 268//884 544//884
f 269//885 544//885 510//885
f 510//886 544//886 511//886
f 511//887 545//887 512//887
f 511//888 544//888 545//888
f 512//889 545//889 546//889
f 512//890 546//890 547//890
f 512//891 547//891 513//891
f 513//892 547//892 548//892
f 513//893 548//893 514//893
f 514//894 548//894 549//894
f 514//895 549//895 550//895
f 514//896 550//896 551//896
f 514//897 551//897 515//897
f 515//898 551//898 516//898
f 516//899 551//899 525//899
f 516//900 525//900 517//900
f 517//901 525//901 523//901
f 517//902 523//902 522//902
f 517//903 522//903 518//903
f 518//904 522//904 520//904
f 518//905 520//905 519//905
f 521//906 552//906 553//906
f 521//907 553//907 526//907
f 521//908 525//908 554//908
f 521//909 554//909 555//909
f 521//910 555//910 552//910
f 523//911 525//911 524//911
f 525//912 551//912 554//912
f 526//913 553//913 527//913
f 527//914 556//914 557//914
f 527//915 557//915 528//915
f 527//916 553//916 556//916
f 528//917 557//917 529//917
f 529//918 558//918 300//918
f 529//919 300//919 299//919
f 529//920 557//920 558//920
f 530//921 559//921 560//921
f 530//922 560//922 531//922
f 530//923 534//923 561//923
f 530//924 561//924 559//924
f 531//925 560//925 539//925
f 531//926 539//926 532//926
f 533//927 562//927 534//927
f 533//928 543//928 562//928
f 534//929 562//929 561//929
f 535//930 563//930 536//930
f 535//931 538//931 564//931
f 535//932 564//932 565//932
f 535//933 565//933 563//933
f 536//934 566//934 540//934
f 536//935 563//935 566//935
f 537//936 539//936 567//936
f 537//937 567//937 538//937
f 538//938 567//938 568//938
f 538//939 568//939 564//939
f 539//940 560//940 567//940
f 540//941 569//941 541//941
f 540//942 566//942 569//942
f 541//943 570//943 542//943
f 541//944 569//944 570//944
f 542//945 571//945 257//945
f 542//946 257//946 256//946
f 542//947 570//947 571//947
f 313//948 312//948 572//948
f 313//949 572//949 543//949
f 543//950 572//950 562//950
f 268//951 267//951 544//951
f 544//952 267//952 573//952
f 544//953 573//953 545//953
f 545//954 574//954 575//954
f 545//955 575//955 546//955
f 545//956 573//956 574//956
f 546//957 575//957 576//957
f 546//958 576//958 547//958
f 547//959 576//959 548//959
f 548//960 576//960 577//960
f 548//961 577//961 578//961
f 548//962 578//962 579//962
f 548//963 579//963 549//963
f 549//964 579//964 580//964
f 549//965 580//965 581//965
f 549//966 581//966 550//966
f 550//967 581//967 555//967
f 550//968 555//968 554//968
f 550//969 554//969 551//969
f 552//970 582//970 553//970
f 552//971 555//971 580//971
f 552//972 580//972 582//972
f 553//973 582//973 583//973
f 553//974 583//974 584//974
f 553//975 584//975 556//975
f 555//976 581//976 580//976
f 556//977 584//977 557//977
f 557//978 584//978 585//978
f 557//979 585//979 586//979
f 557//980 586//980 558//980
f 558//981 586//981 300//981
f 300//982 586//982 301//982
f 559//983 587//983 560//983
f 559//984 561//984 588//984
f 559//985 588//985 587//985
f 560//986 587//986 589//986
f 560//987 589//987 590//987
f 560//988 590//988 568//988
f 560//989 568//989 567//989
f 561//990 562//990 588//990
f 562//991 591//991 588//991
f 562//992 572//992 592//992
f 562//993 592//993 591//993
f 563//994 593//994 566//994
f 563//995 565//995 594//995
f 563//996 594//996 593//996
f 564//997 568//997 590//997
f 564//998 590//998 565//998
f 565//999 590//999 594//999
f 566//1000 593//1000 595//1000
f 566//1001 595//1001 569//1001
f 569//1002 595//1002 596//1002
f 569//1003 596//1003 597//1003
f 569//1004 597//1004 570//1004
f 570//1005 597//1005 571//1005
f 571//1006 598//1006 258//1006
f 571//1007 258//1007 257//1007
f 571//1008 597//1008 598//1008
f 312//1009 311//1009 572//1009
f 572//1010 311//1010 592//1010
f 267//1011 266//1011 573//1011
f 573//1012 266//1012 599//1012
f 573//1013 599//1013 600//1013
f 573//1014 600//1014 574//1014
f 574//1015 600//1015 575//1015
f 575//1016 600//1016 601//1016
f 575//1017 601//1017 576//1017
f 576//1018 602//1018 603//1018
f 576//1019 603//1019 577//1019
f 576//1020 601//1020 602//1020
f 577//1021 603//1021 604//1021
f 577//1022 604//1022 605//1022
f 577//1023 605//1023 578//1023
f 578//1024 605//1024 606//1024
f 578//1025 606//1025 607//1025
f 578//1026 607//1026 579//1026
f 579//1027 607//1027 580//1027
f 580//1028 607//1028 582//1028
f 582//1029 608//1029 609//1029
f 582//1030 609//1030 583//1030
f 582//1031 607//1031 606//1031
f 582//1032 606//1032 608//1032
f 583//1033 609//1033 584//1033
f 584//1034 610//1034 611//1034
f 584//1035 611//1035 585//1035
f 584//1036 609//1036 610//1036
f 585//1037 611//1037 586//1037
f 586//1038 612//1038 301//1038
f 586//1039 611//1039 612//1039
f 301//1040 612//1040 302//1040
f 587//1041 613//1041 614//1041
f 587//1042 614//1042 589//1042
f 587//1043 588//1043 613//1043
f 588//1044 591//1044 615//1044
f 588//1045 615//1045 616//1045
f 588//1046 616//1046 613//1046
f 589//1047 614//1047 617//1047
f 589//1048 617//1048 618//1048
f 589//1049 618//1049 590//1049
f 590//1050 618//1050 594//1050
f 591//1051 592//1051 615//1051
f 592//1052 311//1052 310//1052
f 592//1053 310//1053 309//1053
f 592//1054 309//1054 619//1054
f 592//1055 619//1055 615//1055
f 593//1056 594//1056 620//1056
f 593//1057 620//1057 621//1057
f 593//1058 621//1058 622//1058
f 593//1059 622//1059 595//1059
f 594//1060 618//1060 620//1060
f 595//1061 622//1061 623//1061
f 595//1062 623//1062 596//1062
f 596//1063 623//1063 597//1063
f 597//1064 623//1064 624//1064
f 597//1065 624//1065 598//1065
f 598//1066 625//1066 258//1066
f 598//1067 624//1067 625//1067
f 258//1068 625//1068 259//1068
f 266//1069 265//1069 626//1069
f 266//1070 626//1070 599//1070
f 599//1071 626//1071 600//1071
f 600//1072 627//1072 628//1072
f 600//1073 628//1073 601//1073
f 600//1074 626//1074 627//1074
f 601//1075 628//1075 602//1075
f 602//1076 629//1076 603//1076
f 602//1077 628//1077 629//1077
f 603//1078 629//1078 630//1078
f 603//1079 630//1079 631//1079
f 603//1080 631//1080 604//1080
f 604//1081 631//1081 632//1081
f 604//1082 632//1082 633//1082
f 604//1083 633//1083 605//1083
f 605//1084 633//1084 606//1084
f 606//1085 633//1085 608//1085
f 608//1086 634//1086 609//1086
f 608//1087 633//1087 632//1087
f 608//1088 632//1088 634//1088
f 609//1089 634//1089 635//1089
f 609//1090 635//1090 636//1090
f 609//1091 636//1091 610//1091
f 610//1092 636//1092 611//1092
f 611//1093 636//1093 637//1093
f 611//1094 637//1094 638//1094
f 611//1095 638//1095 612//1095
f 612//1096 638//1096 303//1096
f 612//1097 303//1097 302//1097
f 613//1098 616//1098 639//1098
f 613//1099 639//1099 614//1099
f 614//1100 639//1100 640//1100
f 614//1101 640//1101 641//1101
f 614//1102 641//1102 642//1102
f 614//1103 642//1103 617//1103
f 615//1104 619//1104 643//1104
f 615//1105 643//1105 616//1105
f 616//1106 643//1106 644//1106
f 616//1107 644//1107 639//1107
f 617//1108 642//1108 645//1108
f 617//1109 645//1109 620//1109
f 617//1110 620//1110 618//1110
f 309//1111 308//1111 619//1111
f 619//1112 308//1112 646//1112
f 619//1113 646//1113 643//1113
f 620//1114 645//1114 621//1114
f 621//1115 645//1115 647//1115
f 621//1116 647//1116 648//1116
f 621//1117 648//1117 622//1117
f 622//1118 648//1118 649//1118
f 622//1119 649//1119 650//1119
f 622//1120 650//1120 623//1120
f 623//1121 650//1121 651//1121
f 623//1122 651//1122 624//1122
f 624//1123 651//1123 652//1123
f 624//1124 652//1124 625//1124
f 625//1125 652//1125 259//1125
f 259//1126 652//1126 260//1126
f 265//1127 264//1127 653//1127
f 265//1128 653//1128 626//1128
f 626//1129 653//1129 627//1129
f 627//1130 654//1130 628//1130
f 627//1131 653//1131 654//1131
f 628//1132 654//1132 655//1132
f 628//1133 655//1133 656//1133
f 628//1134 656//1134 629//1134
f 629//1135 656//1135 630//1135
f 630//1136 656//1136 657//1136
f 630//1137 657//1137 658//1137
f 630//1138 658//1138 659//1138
f 630//1139 659//1139 631//1139
f 631//1140 659//1140 660//1140
f 631//1141 660//1141 632//1141
f 632//1142 660//1142 634//1142
f 634//1143 661//1143 635//1143
f 634//1144 660//1144 661//1144
f 635//1145 661//1145 662//1145
f 635//1146 662//1146 663//1146
f 635//1147 663//1147 636//1147
f 636//1148 663//1148 664//1148
f 636//1149 664//1149 637//1149
f 637//1150 664//1150 638//1150
f 638//1151 665//1151 304//1151
f 638//1152 304//1152 303//1152
f 638//1153 664//1153 665//1153
f 639//1154 666//1154 640//1154
f 639//1155 644//1155 667//1155
f 639//1156 667//1156 666//1156
f 640//1157 666//1157 668//1157
f 640//1158 668//1158 669//1158
f 640//1159 669//1159 670//1159
f 640//1160 670//1160 641//1160
f 641//1161 670//1161 671//1161
f 641//1162 671//1162 647//1162
f 641//1163 647//1163 642//1163
f 642//1164 647//1164 645//1164
f 643//1165 672//1165 667//1165
f 643//1166 667//1166 644//1166
f 643//1167 646//1167 673//1167
f 643//1168 673//1168 672//1168
f 308//1169 307//1169 673//1169
f 308//1170 673//1170 646//1170
f 647//1171 671//1171 648//1171
f 648//1172 671//1172 674//1172
f 648//1173 674//1173 675//1173
f 648//1174 675//1174 649//1174
f 649//1175 675//1175 650//1175
f 650//1176 676//1176 677//1176
f 650//1177 677//1177 651//1177
f 650//1178 675//1178 676//1178
f 651//1179 677//1179 678//1179
f 651//1180 678//1180 652//1180
f 652//1181 678//1181 260//1181
f 260//1182 678//1182 261//1182
f 264//1183 263//1183 653//1183
f 653//1184 263//1184 679//1184
f 653//1185 679//1185 680//1185
f 653//1186 680//1186 654//1186
f 654//1187 680//1187 655//1187
f 655//1188 680//1188 681//1188
f 655//1189 681//1189 682//1189
f 655//1190 682//1190 656//1190
f 656//1191 682//1191 657//1191
f 657//1192 682//1192 683//1192
f 657//1193 683//1193 684//1193
f 657//1194 684//1194 685//1194
f 657//1195 685//1195 658//1195
f 658//1196 685//1196 686//1196
f 658//1197 686//1197 687//1197
f 658//1198 687//1198 659//1198
f 659//1199 687//1199 660//1199
f 660//1200 687//1200 686//1200
f 660//1201 686//1201 661//1201
f 661//1202 688//1202 689//1202
f 661//1203 689//1203 662//1203
f 661//1204 686//1204 690//1204
f 661//1205 690//1205 688//1205
f 662//1206 689//1206 663//1206
f 663//1207 691//1207 692//1207
f 663//1208 692//1208 664//1208
f 663//1209 689//1209 691//1209
f 664//1210 692//1210 665//1210
f 665//1211 693//1211 305//1211
f 665//1212 305//1212 304//1212
f 665//1213 692//1213 693//1213
f 666//1214 694//1214 695//1214
f 666//1215 695//1215 668//1215
f 666//1216 667//1216 696//1216
f 666//1217 696//1217 694//1217
f 667//1218 672//1218 697//1218
f 667//1219 697//1219 696//1219
f 668//1220 695//1220 698//1220
f 668//1221 698//1221 669//1221
f 669//1222 698//1222 699//1222
f 669//1223 699//1223 700//1223
f 669//1224 700//1224 670//1224
f 670//1225 700//1225 671//1225
f 671//1226 700//1226 674//1226
f 672//1227 673//1227 697//1227
f 673//1228 307//1228 306//1228
f 673//1229 306//1229 701//1229
f 673//1230 701//1230 697//1230
f 674//1231 702//1231 675//1231
f 674//1232 700//1232 699//1232
f 674//1233 699//1233 702//1233
f 675//1234 702//1234 703//1234
f 675//1235 703//1235 704//1235
f 675//1236 704//1236 676//1236
f 676//1237 704//1237 677//1237
f 677//1238 704//1238 705//1238
f 677//1239 705//1239 706//1239
f 677//1240 706//1240 678//1240
f 678//1241 706//1241 262//1241
f 678//1242 262//1242 261//1242
f 263//1243 262//1243 679//1243
f 679//1244 262//1244 706//1244
f 679//1245 706//1245 680//1245
f 680//1246 705//1246 704//1246
f 680//1247 704//1247 681//1247
f 680//1248 706//1248 705//1248
f 681//1249 704//1249 682//1249
f 682//1250 703//1250 702//1250
f 682//1251 702//1251 683//1251
f 682//1252 704//1252 703//1252
f 683//1253 702//1253 684//1253
f 684//1254 702//1254 707//1254
f 684//1255 707//1255 708//1255
f 684//1256 708//1256 709//1256
f 684//1257 709//1257 710//1257
f 684//1258 710//1258 685//1258
f 685//1259 710//1259 690//1259
f 685//1260 690//1260 686//1260
f 688//1261 695//1261 689//1261
f 688//1262 690//1262 709//1262
f 688//1263 709//1263 695//1263
f 689//1264 695//1264 694//1264
f 689//1265 694//1265 696//1265
f 689//1266 696//1266 691//1266
f 690//1267 710//1267 709//1267
f 691//1268 696//1268 692//1268
f 692//1269 696//1269 697//1269
f 692//1270 697//1270 701//1270
f 692//1271 701//1271 693//1271
f 693//1272 701//1272 305//1272
f 305//1273 701//1273 306//1273
f 695//1274 709//1274 708//1274
f 695//1275 708//1275 698//1275
f 698//1276 708//1276 707//1276
f 698//1277 707//1277 699//1277
f 699//1278 707//1278 702//1278
o geometry3
v -0.006703077 0.016147451 0.009115364
v -0.0066553587 0.016138695 0.0069126855
v -0.0021892525 0.0151201645 0.0113421995
v -0.0021839505 0.015114328 0.016346917
v -0.006584664 0.016127022 0.011361825
v -0.0066447547 0.016138695 0.01058734
v -0.0015689109 0.042862743 0.00945958
v -0.0015848172 0.04287734 0.00865943
v -0.0028007575 0.036529757 0.008695663
v -0.004103298 0.029729817 0.008695663
v -0.005404071 0.022935715 0.008694153
v -0.0065970356 0.016127022 0.0060883793
v -0.0015706783 0.042865664 0.007894003
v -0.001533564 0.04283356 0.0071844347
v -0.0024190089 0.015236901 0.0059434464
v 0.0067942124 0.01364344 0.01155507
v -0.0064291367 0.01609492 0.0051734904
v -0.006082735 0.016030714 0.0042616203
v -0.0055578314 0.01592857 0.0033693765
v -0.0024737967 0.015260248 0.016259352
v -0.0028325696 0.015385741 0.016131025
v -0.0032443632 0.015484968 0.015954388
v -0.0041474816 0.015660074 0.015429007
v -0.0049533956 0.015814751 0.014742085
v -0.0055401577 0.01592565 0.014047614
v -0.006072131 0.016027795 0.013153861
v -0.0064309044 0.016097838 0.012204248
v 0.005088715 0.01392069 0.014802474
v 0.0041555515 0.014078286 0.015552804
v 0.0020241216 0.016141614 0.01636956
v 0.0014956824 0.01624376 0.016405795
v 0.00080464664 0.016375087 0.016405795
v -0.0005986332 0.016646503 0.016405795
v 0.002214996 0.04299699 0.016010247
v -0.0014522655 0.0427606 0.011055352
v -0.0015229597 0.042824805 0.0102884155
v 5.7055615e-05 0.04335304 0.013932876
v 0.00024969713 0.043405574 0.003210856
v -0.0052556135 0.02290945 0.0059374077
v -0.0014805433 0.042786866 0.006562431
v -0.0014451961 0.042754762 0.006251429
v -0.0028838231 0.015400333 0.0012814361
v 0.0067411917 0.01375434 0.005472414
v 0.003137555 0.014305923 0.0074727912
v 0.0076513793 0.016754484 0.0072251973
v 0.0076513793 0.016754484 0.010170658
v 0.0067942124 0.013658032 0.011706041
v -0.001349759 0.042673048 0.0057592606
v -0.0012914364 0.042623434 0.0055388417
v -0.0012083706 0.042550474 0.0052686026
v -0.0010599128 0.042422064 0.004873056
v -0.0009574061 0.042366613 0.0046496177
v -0.00089908345 0.04235786 0.0045394083
v 0.0008134834 0.043417245 0.0019864747
v -0.00487033 0.015797239 0.0025646966
v 0.0010131946 0.043175016 0.0154124
v -0.00032292586 0.043107893 0.013519213
v -0.00063398015 0.042471677 0.013247464
v -0.0006640253 0.04244541 0.013209721
v -0.0007842055 0.042378284 0.013040632
v -0.0008054136 0.04237245 0.013007419
v -0.0009255938 0.042360775 0.012803607
v -0.0009503367 0.042366613 0.0127537865
v -0.0010599128 0.042422064 0.01251978
v -0.0012401829 0.04257966 0.012020063
v -0.0012879015 0.042620517 0.011860033
v -0.0013727346 0.042693477 0.011518836
v 0.00505867 0.013935283 0.014832668
v 0.0048642606 0.014005325 0.015019873
v 0.004646876 0.014052019 0.015204059
v 0.004406516 0.014075367 0.015385225
v 0.0067464937 0.013774768 0.012017043
v 0.006697008 0.013929445 0.012305399
v 0.006647522 0.014122061 0.012569601
v 0.006598036 0.014355537 0.012815684
v 0.0065803626 0.014460599 0.012906267
v 0.006559154 0.014612358 0.013024026
v 0.0065308763 0.014889608 0.013194623
v 0.006520272 0.015096817 0.013294265
v 0.006046621 0.015371149 0.014053654
v 0.0056489664 0.015447028 0.014529215
v 0.0066086403 0.019570768 0.014320874
v 0.006165034 0.019655403 0.014751144
v 0.004208572 0.015724279 0.015663013
v 0.0036730636 0.015826423 0.015928723
v 0.003123416 0.015931487 0.016134046
v 0.0025702342 0.016036551 0.016280487
v 0.0047228727 0.015625052 0.015339933
v 0.005680779 0.019748792 0.015131593
v 0.0065556196 0.023887124 0.014976092
v 0.007345627 0.028040048 0.014874941
v 0.008671143 0.03639259 0.014829649
v 0.008692352 0.040694352 0.015210098
v 0.007502922 0.042144813 0.015983073
v 0.007038107 0.04222069 0.016038932
v 0.0038621705 0.04264678 0.016038932
v 0.003042118 0.042462923 0.016038932
v 0.008828438 0.042144813 0.0021208394
v 0.00064558466 0.043455187 0.0022884184
v -0.00032292586 0.043107893 0.0038721128
v -0.0017368095 0.016865384 0.0011244253
v -0.0012755301 0.016774913 0.0010398813
v -0.0008266219 0.016690278 0.0009960993
v -0.00035120337 0.016599808 0.0009840215
v 0.0014497312 0.016252514 0.0009855311
v 0.0018951045 0.01616788 0.0010096869
v 0.0023528496 0.016080327 0.0010700757
v 0.002814129 0.015989855 0.0011682073
v 0.003277176 0.015902303 0.0013086111
v 0.003734921 0.015814751 0.0014912868
v 0.006682869 0.013926527 0.005096494
v 0.0067358897 0.013774768 0.005381831
v -0.004059114 0.015642563 0.0019004205
v -0.0032443632 0.015484968 0.0014369371
v 0.0014214534 0.043338448 0.0015380881
v 0.007628404 0.016757403 0.006582057
v 0.008337113 0.019961838 0.0067315195
v 0.008358322 0.019958919 0.0073640915
v 0.008358322 0.019958919 0.0100362925
v 0.0076319384 0.016757403 0.010822856
v 0.007545338 0.016774913 0.011469016
v 0.0052053602 0.015531663 0.014959484
v 0.007384509 0.016804097 0.012122723
v 0.0071441485 0.016847875 0.012771903
v 0.006523807 0.015464539 0.013421081
v 0.006518505 0.0151756145 0.013325969
v 0.0068260245 0.01690916 0.013399946
v 0.006550317 0.0157593 0.013476941
v 0.006598036 0.016056981 0.013495058
v 0.0070045274 0.019494887 0.013846822
v 0.007879368 0.02363322 0.013691321
v 0.007483481 0.0237091 0.014165373
v 0.007038107 0.023793735 0.014595643
v 0.008294696 0.041949276 0.0155361965
v 0.007628404 0.042004727 0.015904568
v 0.007828115 0.027946657 0.014494492
v 0.00853329 0.032114174 0.014444671
v 0.008050801 0.032207564 0.01482512
v 0.009153631 0.0362992 0.0144492
v 0.009689139 0.040501736 0.0145050585
v 0.009206652 0.040595125 0.0148855075
v 0.009031683 0.042101033 0.002253695
v 0.009102378 0.040615555 0.0024333512
v 0.00786523 0.042153567 0.0015169522
v 0.007723841 0.042299487 0.0014218399
v 0.002216763 0.042999912 0.0013810778
v 0.0024624255 0.043107893 0.0013523931
v 0.0069833193 0.042173997 0.0013523931
v 0.0071901 0.04214773 0.0013629608
v 0.0041838293 0.015727198 0.0017147255
v 0.004618598 0.015645482 0.0019804356
v 0.0066316156 0.014116225 0.004830784
v 0.007373905 0.016807016 0.0052821897
v 0.007538269 0.016774913 0.0059343884
v 0.008246979 0.019979347 0.0060838503
v 0.008992802 0.023175027 0.0068477676
v 0.009015778 0.023172108 0.007474301
v 0.009015778 0.023172108 0.0099306125
v 0.008338881 0.019961838 0.010673394
v 0.0082540475 0.01997643 0.0113195535
v 0.008091451 0.020008532 0.011973262
v 0.007852858 0.020052308 0.01262244
v 0.007532967 0.020110678 0.013251993
v 0.0072395857 0.019369397 0.013495058
v 0.007361533 0.020116514 0.013519213
v 0.008669376 0.027786143 0.013588659
v 0.008271721 0.027862024 0.014064221
v 0.010132746 0.0404171 0.014074789
v 0.010530401 0.04034122 0.013600738
v 0.010659417 0.040851947 0.0038721128
v 0.008976895 0.03202954 0.014014401
v 0.009597237 0.036214564 0.0140189305
v 0.0099029895 0.040460877 0.0030810204
v 0.009514172 0.040536758 0.0027383142
v 0.008978663 0.03633422 0.0027956837
v 0.008565102 0.036413018 0.0024907207
v 0.007944761 0.032227993 0.00249374
v 0.007241353 0.028060475 0.002445429
v 0.0064513455 0.023907553 0.002342768
v 0.005576505 0.019769222 0.002188777
v 0.0059900656 0.019687504 0.00249374
v 0.005030392 0.015566684 0.002285399
v 0.0054192105 0.015490805 0.0026281048
v 0.006598036 0.014230044 0.004703968
v 0.0065803626 0.014343862 0.0045907386
v 0.0071300096 0.016850792 0.004633011
v 0.008080847 0.020008532 0.0054301424
v 0.008738303 0.023221722 0.0055479
v 0.008902667 0.023192538 0.006201608
v 0.009185444 0.024313213 0.00662131
v 0.009183676 0.024257764 0.006689247
v 0.00918721 0.024240253 0.0067481264
v 0.009190746 0.024240253 0.00678285
v 0.009210186 0.024234416 0.007018366
v 0.00922079 0.024234416 0.0075075147
v 0.00922079 0.024234416 0.01010876
v 0.008996337 0.023175027 0.010557146
v 0.008909736 0.02318962 0.011201795
v 0.008748907 0.023221722 0.011855504
v 0.008510314 0.023265498 0.012504682
v 0.008190423 0.023323867 0.0131342355
v 0.008100288 0.0241527 0.013519213
v 0.008801928 0.028270602 0.013519213
v 0.009374551 0.03195366 0.013540349
v 0.010267065 0.037939355 0.013519213
v 0.010822014 0.038870335 0.012675281
v 0.010949263 0.038771108 0.012383904
v 0.0110022845 0.03873025 0.01224803
v 0.011150742 0.038622268 0.011811722
v 0.011173718 0.03860476 0.011733216
v 0.011230273 0.03856682 0.011526385
v 0.011267387 0.03854639 0.011372393
v 0.011352221 0.03850261 0.010945143
v 0.0113469185 0.038531795 0.0064461827
v 0.011260319 0.038601838 0.006005345
v 0.0112232035 0.038631022 0.005857392
v 0.01117195 0.03867772 0.0056686774
v 0.011141906 0.038701065 0.005569036
v 0.010993447 0.03883823 0.0051342375
v 0.010945729 0.03887909 0.0050179893
v 0.010613467 0.036208726 0.0050496934
v 0.01004968 0.03638967 0.0038721128
v 0.010583421 0.04032955 0.0038630543
v 0.010259995 0.040393755 0.0034569404
v 0.009994892 0.036138687 0.013543369
v 0.009602539 0.03334575 0.013519213
v 0.009724487 0.036191218 0.0035143094
v 0.009367481 0.03626126 0.00313839
v 0.00874714 0.032073315 0.0031414093
v 0.008358322 0.032149196 0.0028002127
v 0.007653147 0.027981678 0.002750392
v 0.0068649068 0.023825835 0.0026492411
v 0.0072519574 0.023752876 0.0029904372
v 0.006377117 0.019614544 0.0028364463
v 0.0057762163 0.015423681 0.0030040247
v 0.0067358897 0.0195445 0.003210856
v 0.006562689 0.014448926 0.0044971365
v 0.006537946 0.014597766 0.004380888
v 0.006507901 0.014875016 0.0042057605
v 0.0064919945 0.015026774 0.004118197
v 0.006962111 0.018053185 0.0038721128
v 0.007836952 0.020055227 0.004782473
v 0.008494408 0.023268417 0.004900231
v 0.00910061 0.02649036 0.0049847756
v 0.009344505 0.026443668 0.0056324443
v 0.00950887 0.026414482 0.0062876623
v 0.009282649 0.024981534 0.0064461827
v 0.009217256 0.024584629 0.0064929835
v 0.009538915 0.026408646 0.0064461827
v 0.009800483 0.027929146 0.0064461827
v 0.010085028 0.029639347 0.0064461827
v 0.010085028 0.029595569 0.010945143
v 0.009194281 0.024237335 0.010594889
v 0.009190746 0.024240253 0.010653768
v 0.009192513 0.024307378 0.01075039
v 0.009203117 0.024415359 0.010830404
v 0.009222558 0.024570037 0.010890793
v 0.009259673 0.024806429 0.010936085
v 0.009293253 0.024996126 0.010945143
v 0.009515939 0.026411563 0.011117252
v 0.009355109 0.026443668 0.011770959
v 0.009724487 0.027427178 0.010945143
v 0.009116516 0.026487444 0.012418629
v 0.008796625 0.026545811 0.013048181
v 0.009351575 0.029773593 0.012995341
v 0.00946822 0.032464385 0.013519213
v 0.010012565 0.036135767 0.013519213
v 0.010629373 0.03620581 0.012353711
v 0.010867965 0.036159113 0.0117045315
v 0.011028795 0.03612993 0.011050824
v 0.010966937 0.035522897 0.010945143
v 0.011166648 0.037098847 0.0064461827
v 0.011021725 0.03612993 0.00635258
v 0.010857361 0.036162034 0.005698872
v 0.010403151 0.032913823 0.0057079303
v 0.010159256 0.0329576 0.005060261
v 0.009379853 0.031889454 0.0038721128
v 0.009104146 0.032006193 0.0035173292
v 0.00985527 0.033015966 0.012972695
v 0.008398971 0.027838675 0.0034690183
v 0.008041965 0.0279058 0.0030930983
v 0.007608963 0.023682833 0.0033663572
v 0.006099642 0.015362394 0.0034086294
v 0.007932389 0.023621546 0.0037724716
v 0.007057548 0.019483216 0.0036169705
v 0.006520272 0.014699911 0.004305402
v 0.006384186 0.015306944 0.0038373894
v 0.0064866925 0.015365312 0.0039853416
v 0.0072342837 0.019451112 0.0038721128
v 0.00651497 0.015753463 0.0038977782
v 0.006567991 0.016092002 0.0038721128
v 0.007513526 0.020116514 0.0041544302
v 0.0077397474 0.02214482 0.0038721128
v 0.008170982 0.023329703 0.004272188
v 0.008777184 0.026551649 0.0043567326
v 0.009655559 0.029718144 0.005039125
v 0.009899454 0.02967145 0.0056867944
v 0.010065586 0.029642263 0.0063405023
v 0.010284739 0.030897189 0.0064461827
v 0.010544539 0.032554857 0.010945143
v 0.010070888 0.029639347 0.0110629015
v 0.009545984 0.026405727 0.010945143
v 0.009910059 0.02967145 0.01171661
v 0.009671466 0.029715225 0.012365788
v 0.010175162 0.03295468 0.012343142
v 0.010415522 0.032910906 0.011695473
v 0.010576352 0.03288172 0.011041765
v 0.010763692 0.034113295 0.0064461827
v 0.011039399 0.036127012 0.0064461827
v 0.010569283 0.03288172 0.006363148
v 0.009332133 0.02977943 0.0044110822
v 0.008720629 0.027777389 0.0038721128
v 0.0084908735 0.026408646 0.0038721128
v 0.00800485 0.023609873 0.0038721128
v 0.010585189 0.0328788 0.0064461827
v 0.008653469 0.027374646 0.0038721128
vn -0.22148 -0.97516453 -0.00092151074
vn -0.22148885 -0.9751625 -0.00090261316
vn -0.22763886 -0.9737406 0.0031437785
vn -0.23365277 -0.9723138 0.0034737529
vn -0.9813389 0.18807912 0.04000116
vn -0.98182565 0.18839228 0.0229541
vn -0.9821124 0.18817204 0.006820818
vn -0.9821336 0.1881294 0.004555827
vn -0.9821602 0.18804032 0.001508481
vn -0.98219174 0.18658647 -0.022019643
vn -0.2206514 -0.97535104 -0.0017998386
vn -0.98184633 0.18777563 -0.026799466
vn -0.9802162 0.18867745 -0.059807174
vn -0.9794046 0.18864553 -0.07196847
vn -0.16185531 -0.9867087 -0.014447363
vn -0.16218294 -0.9867602 -0.0009789616
vn -0.21648422 -0.9762708 -0.0054721986
vn -0.20928997 -0.9777955 -0.01065791
vn -0.20884508 -0.97788787 -0.010914485
vn -0.20545872 -0.9785871 -0.012416109
vn -0.41439205 -0.3095412 0.8558408
vn -0.4414129 -0.42722642 0.78907055
vn -0.44785392 -0.72023344 0.5298025
vn -0.3496513 -0.9143253 0.20433623
vn -0.298253 -0.94918936 0.10042212
vn -0.26572248 -0.9628479 0.048119076
vn -0.24503098 -0.969286 0.021081174
vn -0.2339421 -0.9722087 0.009019115
vn -0.1621483 -0.98676604 -0.00091228966
vn -0.16031359 -0.98703426 0.00793454
vn 0.06923069 -0.3045299 0.94998354
vn 0.035365444 -0.16658822 0.98539203
vn -0.006115446 -0.03217901 0.9994634
vn -0.0061898446 -0.032002915 0.9994686
vn -0.05748267 0.021120677 0.9981231
vn -0.26410508 0.053294893 0.96302027
vn -0.96502316 0.18806566 0.18265162
vn -0.97619253 0.18933411 0.10583348
vn -0.97885865 0.18875237 0.07879266
vn -0.97999567 0.18879338 0.06297336
vn -0.44938514 0.8909193 0.06569438
vn -0.34861833 0.9369568 0.024021422
vn -0.27746233 0.96073645 -0.0002778754
vn -0.3324542 0.94289607 -0.020523049
vn -0.9819371 0.18803762 -0.02100636
vn -0.982143 0.1881312 -0.0013559257
vn -0.9819317 0.18800172 -0.02157702
vn -0.9650799 0.18678437 -0.18366389
vn -0.9770766 0.1892518 -0.097494625
vn -0.9732945 0.18910645 -0.13014057
vn -0.97093135 0.18875358 -0.14718826
vn -0.4298185 0.9006983 -0.06323418
vn -0.51305485 0.85157734 -0.10766016
vn -0.16067223 -0.986833 -0.01857515
vn -0.16060789 -0.9868682 -0.01721294
vn -0.16093999 -0.9868347 -0.015985928
vn -0.2042526 -0.97881883 -0.013949133
vn -0.16027574 -0.9869328 -0.016596854
vn 0.95901066 -0.2830471 -0.013519968
vn 0.9640761 -0.26562604 0
vn 0.9665407 -0.25532338 0.024678025
vn 0.021369873 -0.9951341 0.096183695
vn -0.96206915 0.18785322 -0.19782367
vn -0.9579384 0.18785408 -0.21694419
vn -0.9387497 0.18580182 -0.29021814
vn -0.9245858 0.1836587 -0.33378232
vn -0.91491574 0.18184596 -0.36036262
vn -0.90014106 0.18050028 -0.39644152
vn -0.87710625 0.17727338 -0.4463841
vn -0.8643788 0.17516416 -0.47134578
vn -0.8496317 0.17254551 -0.4983514
vn -0.840927 0.16904806 -0.5140667
vn -0.20605893 -0.9784026 -0.016367795
vn -0.74161875 0.13887547 -0.65628904
vn -0.31682295 0.062057864 0.9464523
vn -0.37820742 0.073176086 0.9228241
vn -0.4337766 0.08425526 0.89707243
vn -0.48733765 0.091928706 0.8683612
vn -0.6307931 0.11877378 0.7668069
vn -0.7440019 0.14627525 0.65196985
vn -0.80842835 0.16614246 0.5646595
vn -0.8208268 0.16815679 0.54586315
vn -0.82501554 0.16873358 0.5393313
vn -0.83384275 0.16991068 0.52520144
vn -0.83805275 0.17040469 0.51829505
vn -0.8437236 0.17150111 0.50864315
vn -0.8526866 0.1732054 0.4928747
vn -0.8731351 0.17668918 0.45433044
vn -0.8745763 0.17692578 0.45145705
vn -0.9054781 0.18116818 0.38378042
vn -0.91534185 0.18191546 0.35924348
vn -0.9280469 0.18415895 0.3237505
vn -0.9433521 0.18648659 0.27442586
vn -0.96309334 0.18812989 0.19250582
vn 0.6240054 -0.2483027 0.7409204
vn 0.48195192 -0.5245774 0.7018126
vn 0.47249115 -0.5400737 0.69647145
vn 0.4449968 -0.58662933 0.67664164
vn 0.54921436 -0.7511623 0.3662223
vn 0.67781264 -0.59312505 0.43447983
vn 0.74519056 -0.46464488 0.47832644
vn 0.7766545 -0.3715427 0.5086883
vn 0.7864865 -0.32206073 0.5269876
vn 0.78890055 -0.30410886 0.53399795
vn 0.7914225 -0.25975695 0.5533325
vn 0.7895053 -0.23269482 0.56792116
vn 0.78822553 -0.22481383 0.57285184
vn 0.74507105 -0.15744796 0.6481351
vn 0.68596774 -0.12340878 0.7170903
vn 0.6791311 -0.12098256 0.7239781
vn 0.6741352 -0.12000179 0.7287945
vn 0.431877 -0.07409717 0.89888364
vn 0.32912225 -0.11081805 0.93776214
vn 0.22003329 -0.17825694 0.9590672
vn 0.10383157 -0.2714943 0.9568229
vn 0.552423 -0.08854863 0.8288474
vn 0.5416968 -0.08357385 0.83640903
vn 0.5357657 -0.08168158 0.84040666
vn 0.53275424 -0.0808274 0.8424012
vn 0.5240705 -0.07856943 0.848043
vn 0.52048063 -0.077769026 0.8503245
vn 0.49871784 -0.07388842 0.86360925
vn 0.15748104 -0.018505765 0.9873486
vn 0.1176944 -0.010038852 0.9929991
vn 0.06831395 -0.00048578146 0.9976638
vn 0 0 1
vn 0.0026085386 0.0135647375 0.9999046
vn 0.0018502598 0.013791148 0.9999032
vn -0.003289683 0.014672769 0.99988693
vn -0.023365999 0.01749957 0.9995738
vn -0.008930823 0.039833713 0.9991664
vn 0.029061453 0.21661401 0.97582465
vn 0.1588042 0.98719543 0.015045657
vn 0.1584011 0.98726314 0.014849576
vn 0.14763094 0.98891085 0.016136417
vn 0.12892798 0.9910031 0.03592337
vn -0.68885475 0.691245 0.21831018
vn -0.68402326 0.69696677 0.21528916
vn -0.55250543 0.8248287 0.11998034
vn -0.78445053 0.29964003 0.5430039
vn -0.11805071 0.9930037 0.0027443548
vn -0.6521828 0.7186494 -0.24124815
vn -0.5992833 0.7830411 -0.16645177
vn -0.57515347 0.80446976 -0.14841455
vn -0.7261839 0.6414752 -0.24731877
vn -0.17430821 0.030991003 -0.9842034
vn -0.10630546 -0.0501319 -0.9930689
vn -0.05122529 -0.13712406 -0.98922855
vn -0.032852937 -0.17464063 -0.98408407
vn -0.005695378 -0.3020463 -0.9532763
vn 0.025816416 -0.4726178 -0.8808893
vn 0.04769936 -0.6125702 -0.78897566
vn 0.06323011 -0.73980045 -0.66984874
vn 0.06936733 -0.8206861 -0.5671531
vn 0.06986562 -0.85907096 -0.50706613
vn 0.054994334 -0.8772841 -0.47681054
vn -0.072761945 -0.97382027 -0.21535978
vn -0.22746462 -0.9724314 -0.051350947
vn -0.329416 -0.90427756 -0.27160108
vn -0.3817751 0.06729981 -0.9218018
vn -0.18182786 0.037046656 -0.9826322
vn 0.9634875 -0.2435179 -0.11131365
vn 0.9619123 -0.27103165 -0.03559293
vn 0.97612894 -0.21421377 -0.035842974
vn 0.9762697 -0.21391708 -0.033719633
vn 0.9765186 -0.21543354 0
vn 0.9765185 -0.21543351 0
vn 0.967043 -0.25284457 0.029957434
vn 0.9763416 -0.21413396 0.030061375
vn 0.9655095 -0.22237587 0.13542703
vn 0.95090055 -0.21200718 0.22547975
vn -0.8061534 0.49468738 -0.32465526
vn -0.8358863 0.40807623 -0.36710736
vn -0.85460126 0.3054839 -0.41992408
vn -0.8537249 0.25384575 -0.45466036
vn -0.8510692 0.23707385 -0.46848384
vn -0.8510926 0.23572479 -0.46912163
vn -0.8498286 0.18039957 -0.49522457
vn 0.06222915 0.99396867 -0.09029846
vn -0.58149016 0.10451235 -0.8068124
vn -0.6169499 0.11064755 -0.77918535
vn -0.7951644 0.5216144 0.30924433
vn -0.8300794 0.42846355 0.3569133
vn -0.8539856 0.3211534 0.40935192
vn -0.8532558 0.24984422 0.45774728
vn -0.8463291 0.21658248 0.48664045
vn -0.8410782 0.20283623 0.5014428
vn -0.8342544 0.18726465 0.51860553
vn -0.82603234 0.1750171 0.5357607
vn -0.86673594 0.20537102 0.45452338
vn 0.6732958 -0.11982797 0.7295986
vn 0.6659366 -0.11968764 0.7363446
vn 0.6286543 -0.110029854 0.7698618
vn 0.61795694 -0.104441345 0.779244
vn 0.60281295 -0.099333525 0.7916751
vn 0.5941158 -0.097669184 0.79842794
vn 0.59295726 -0.09768737 0.7992865
vn 0.94760376 -0.20803444 0.24242276
vn 0.9395449 -0.2073858 0.2724823
vn 0.9258279 -0.20108488 0.32001185
vn 0.9158454 -0.19299385 0.3521089
vn 0.91029716 -0.19302845 0.36619526
vn 0.89856094 -0.18994005 0.39561477
vn 0.89498746 -0.18860973 0.404257
vn 0.87988716 -0.18068461 0.4394901
vn 0.87251496 -0.17475457 0.45626584
vn 0.86019945 -0.17363048 0.47948876
vn 0.79296017 -0.21203369 0.57118815
vn 0.87157303 -0.17377147 0.45843646
vn 0.8610898 -0.17314735 0.47806302
vn 0.795936 -0.20242323 0.5705355
vn 0.797823 -0.1807514 0.5751585
vn 0.7948455 -0.16298881 0.5845128
vn 0.7912005 -0.15410489 0.5918222
vn 0.7485845 -0.14139862 0.6477867
vn 0.7482242 -0.14137718 0.64820755
vn 0.7499327 -0.13419521 0.6477596
vn 0.74993277 -0.1341952 0.64775956
vn 0.6799453 -0.116537265 0.723943
vn 0.67864054 -0.115921885 0.7252648
vn 0.6044679 -0.09781847 0.79060113
vn 0.60310125 -0.09774823 0.79165274
vn 0.48732617 -0.07172205 0.8702696
vn 0.47816348 -0.07026933 0.87545526
vn 0.4721671 -0.06951946 0.8787635
vn 0.43356887 -0.06494911 0.89877677
vn 0.34081152 -0.051533524 0.9387182
vn 0.24933338 -0.03608293 0.9677452
vn 0.604833 -0.095801406 0.7905689
vn 0.6048327 -0.09580131 0.79056907
vn 0.6053394 -0.09297758 0.79051846
vn 0.6053389 -0.092977405 0.7905188
vn 0.52617776 -0.07891108 0.8467054
vn 0.60575336 -0.09064564 0.7904721
vn 0.60575414 -0.09064561 0.7904716
vn 0.60626245 -0.0877589 0.79040766
vn 0.5213396 -0.07772706 0.8498021
vn 0.5254479 -0.05414151 0.8491014
vn 0.4789884 -0.061665714 0.87565255
vn 0.25300473 0.96713966 0.025088014
vn 0.19865339 0.97988564 0.018995369
vn 0.16291195 0.9865176 0.015577748
vn 0.53395975 -0.07642734 -0.8420486
vn 0.529066 -0.07790645 -0.8449968
vn 0.5305608 -0.03786863 -0.8468006
vn 0.16186665 0.9860965 -0.03758784
vn 0.15831546 0.98733705 0.01009007
vn -0.17850947 0.036660507 -0.98325497
vn -0.17334814 0.03588905 -0.9842065
vn -0.12895328 0.030068055 -0.99119467
vn -0.09238273 0.024926933 -0.9954116
vn -0.022301093 0.01625837 -0.99961907
vn 0.0028087995 0.013597102 -0.9999036
vn 0.0034261297 0.013420063 -0.99990404
vn 0.051438645 0.0031531507 -0.9986712
vn 0.054620564 0.0024453527 -0.9985042
vn 0.11227633 -0.0093718115 -0.99363285
vn 0.12834065 -0.012986351 -0.9916451
vn 0.20266837 -0.028384224 -0.97883594
vn 0.2823638 -0.043454163 -0.9583227
vn 0.3606701 -0.056762375 -0.93096465
vn 0.09391898 -0.84831274 -0.5210997
vn 0.43395442 -0.06771446 -0.89838654
vn 0.19955629 -0.7960763 -0.5713491
vn 0.26284787 -0.76055896 -0.59368426
vn 0.9250971 -0.20117046 -0.32206514
vn 0.936428 -0.20635825 -0.28375858
vn 0.9461609 -0.20725241 -0.24864835
vn 0.9626438 -0.2316284 -0.14023247
vn -0.4804516 0.08365226 -0.8730226
vn 0.14760846 0.9323342 -0.33009806
vn -0.15515688 0.09169348 -0.9836253
vn 0.96810186 -0.20756483 -0.14034137
vn 0.96810216 -0.20756459 -0.14033931
vn 0.9710904 -0.1930843 -0.14036374
vn 0.97940296 -0.1985259 -0.03684069
vn 0.97937065 -0.19923285 -0.03375584
vn 0.9797022 -0.20045845 0
vn 0.97970223 -0.20045848 0
vn 0.9763569 -0.21396238 0.030774064
vn 0.96925807 -0.20767754 0.13194229
vn 0.96867925 -0.20810927 0.13546519
vn 0.9794358 -0.19939092 0.030801253
vn 0.9495498 -0.19887805 0.24249278
vn 0.94892186 -0.19788307 0.24574293
vn 0.9180647 -0.18621403 0.34997347
vn 0.917185 -0.18642385 0.3521618
vn 0.87202436 -0.17147875 0.45844138
vn 0.85076666 -0.17070998 0.4970456
vn 0.8374616 -0.16593622 0.520695
vn 0.87182766 -0.17130603 0.45887995
vn 0.8383846 -0.16106254 0.52074
vn 0.8232766 -0.15945248 0.54478496
vn 0.79526657 -0.1540275 0.58636713
vn 0.7967964 -0.14898896 0.5855919
vn 0.79468536 -0.14585486 0.58923817
vn 0.7512558 -0.1268997 0.6476968
vn 0.7509149 -0.1267402 0.64812326
vn 0.68083465 -0.11159337 0.72388613
vn 0.6794189 -0.111581594 0.7252168
vn 0.62393844 0.045315247 0.78015846
vn 0.70210624 0.18690035 0.68710625
vn 0.74430937 0.35096046 0.5681816
vn 0.61112183 0.78998244 0.0495763
vn 0.5819206 0.8121825 0.041567665
vn 0.6816976 -0.10669547 0.72381246
vn 0.68169737 -0.10669537 0.7238127
vn 0.68251663 -0.10195179 0.7237243
vn 0.6825151 -0.10195187 0.7237258
vn 0.6834031 -0.09670068 0.7236085
vn 0.6834031 -0.09670068 0.7236084
vn 0.715527 0.028016169 -0.698023
vn 0.65757203 -0.030391108 -0.7527784
vn 0.58501536 -0.069880426 -0.8080061
vn 0.582388 -0.08524682 -0.8084289
vn 0.5807521 -0.08529861 -0.80959946
vn 0.5339495 -0.07975395 -0.84174657
vn 0.52810824 -0.07897476 -0.84549683
vn 0.52663714 -0.07907587 -0.8464044
vn 0.52573436 -0.07907289 -0.8469657
vn 0.5237066 -0.078973 -0.8482303
vn 0.50928617 -0.07736213 -0.85711294
vn 0.5011525 -0.076265566 -0.8619917
vn 0.06852045 0.14213121 -0.9874734
vn 0.0499248 0.24168062 -0.96907073
vn 0.5355589 -0.08194053 -0.84051317
vn 0.5788539 -0.09353674 -0.8100488
vn 0.5807597 -0.09436907 -0.80858684
vn 0.3137333 -0.72651064 -0.61135393
vn 0.4375202 -0.6347407 -0.63693035
vn 0.5317637 -0.5554338 -0.6393127
vn 0.5431741 -0.5482645 -0.6358993
vn 0.9064314 -0.19239612 -0.37598658
vn 0.9142795 -0.19241486 -0.35646805
vn 0.91564167 -0.18571077 -0.35652772
vn 0.9479043 -0.1977704 -0.2497284
vn 0.94811094 -0.19809 -0.24868883
vn 0.9503988 -0.18530771 -0.24980594
vn 0.9510866 -0.18501346 -0.24739532
vn 0.97106034 -0.19299999 -0.14068717
vn 0.97118574 -0.1923677 -0.14068753
vn 0.97299016 -0.19059524 -0.13024406
vn 0.9753118 -0.18872474 -0.114672385
vn 0.97718495 -0.18764642 -0.0994905
vn 0.9786285 -0.18705696 -0.085416265
vn 0.98007596 -0.19517484 -0.0368498
vn 0.9817836 -0.18880649 -0.021283641
vn 0.98188245 -0.189491 0
vn 0.97944343 -0.19927242 0.031320482
vn 0.97205615 -0.19411832 0.13200349
vn 0.97180516 -0.19336316 0.13492717
vn 0.9520656 -0.18536209 0.24333559
vn 0.95138603 -0.18565811 0.24575555
vn 0.98041 -0.19446051 0.031328082
vn 0.92016524 -0.17544886 0.35001957
vn 0.9201651 -0.17544883 0.35001954
vn 0.87360144 -0.1619307 0.45891064
vn 0.87360084 -0.16193078 0.45891163
vn 0.8379941 -0.15225962 0.52400655
vn 0.83038986 -0.15198867 0.5360522
vn 0.83026963 -0.15284908 0.53599393
vn 0.7985731 -0.14616515 0.58388066
vn 0.7863867 -0.13469073 0.60287184
vn 0.7776865 -0.124447025 0.61621153
vn 0.7521388 -0.11975531 0.6480322
vn 0.803865 -0.13696869 0.5788269
vn 0.75117683 -0.11934355 0.649223
vn 0.75361323 -0.10465465 0.64893335
vn 0.7536226 -0.1046518 0.648923
vn 0.9015693 -0.0877999 0.42363182
vn 0.9262684 -0.043053873 0.37439707
vn 0.9473115 0.008620295 0.32019755
vn 0.96148354 0.07048406 0.2656715
vn 0.964672 0.09181256 0.24693772
vn 0.9677972 0.12906088 0.21612945
vn 0.96786916 0.18197986 0.17352976
vn 0.92875373 0.36933875 0.031705935
vn 0.88259596 -0.11226199 0.45653224
vn 0.97967106 0.09321216 -0.1776404
vn 0.9709588 0.034905553 -0.23668686
vn 0.9658049 0.013736021 -0.25890625
vn 0.9562652 -0.015914293 -0.2920679
vn 0.93928313 -0.056344576 -0.33848545
vn 0.90618855 -0.10622702 -0.40931413
vn 0.89752984 -0.1167245 -0.42522407
vn 0.887904 -0.1213255 -0.44374153
vn 0.8845281 -0.12086421 -0.4505572
vn 0.77037644 -0.10115479 -0.62951404
vn 0.72447175 -0.0069935727 -0.68926907
vn 0.9585751 0.28483906 0.000718012
vn 0.75453955 -0.10535962 0.6477418
vn 0.7508257 -0.11199869 0.6509356
vn 0.75354224 -0.111461684 0.64788145
vn 0.71245825 -0.1002659 -0.6945143
vn 0.7120593 -0.100290366 -0.6949197
vn 0.64847636 -0.09301066 -0.75553113
vn 0.6480972 -0.092902325 -0.7558697
vn 0.6478818 -0.09651249 -0.7556022
vn 0.6457859 -0.096543685 -0.7573901
vn 0.5823467 -0.0871952 -0.8082508
vn 0.58051735 -0.086633466 -0.80962604
vn 0.58205825 -0.088826 -0.8082809
vn 0.5817561 -0.08881845 -0.80849934
vn 0.5814377 -0.09060233 -0.80853033
vn 0.58132666 -0.09059634 -0.808611
vn 0.5809889 -0.092435256 -0.80864555
vn 0.5790867 -0.092276745 -0.8100268
vn 0.64584833 -0.108133376 -0.7557691
vn 0.6474068 -0.10879173 -0.7543399
vn 0.64680254 -0.11213363 -0.75436896
vn 0.6446879 -0.11190497 -0.75621074
vn 0.5769304 -0.5090149 -0.638792
vn 0.53431123 -0.5530118 -0.63928837
vn 0.7039696 -0.12823272 -0.69855803
vn 0.70729524 -0.12983993 -0.6948922
vn 0.9027138 -0.1914238 -0.3853112
vn 0.6310983 -0.4541156 -0.6288832
vn 0.8857758 -0.18514477 -0.42558503
vn 0.8797773 -0.18205088 -0.4391461
vn 0.8703535 -0.17446958 -0.4604834
vn 0.8685481 -0.17269173 -0.46454477
vn 0.8705591 -0.17052855 -0.4615702
vn 0.91517633 -0.18520327 -0.35798332
vn 0.9172589 -0.17456177 -0.35800028
vn 0.919293 -0.1635699 -0.35797378
vn 0.91929305 -0.16356987 -0.35797358
vn 0.95335895 -0.1728801 -0.24742498
vn 0.9535108 -0.1728071 -0.24689
vn 0.96143985 -0.17523181 -0.2119609
vn 0.9667766 -0.18061271 -0.18089266
vn 0.97013044 -0.1868521 -0.15470406
vn 0.97564423 -0.17615728 -0.13071726
vn 0.9762706 -0.17530884 -0.12713173
vn 0.9776266 -0.17470363 -0.11715314
vn 0.97850704 -0.17409883 -0.11051456
vn 0.9798868 -0.17282581 -0.09976532
vn 0.9816015 -0.17084901 -0.08525994
vn 0.98253787 -0.16902342 -0.07778491
vn 0.9855653 -0.16397946 -0.042091656
vn 0.9865672 -0.16194983 -0.021387352
vn 0.98740804 -0.15818682 -0.0015392646
vn 0.9872546 -0.15914908 0
vn 0.9812604 -0.18478295 0.05461871
vn 0.9803629 -0.18509252 0.068039715
vn 0.9755939 -0.18829705 0.112963594
vn 0.9733026 -0.19047716 0.12806444
vn 0.9721155 -0.19179252 0.13493335
vn 0.9699823 -0.1839886 0.1590043
vn 0.96964157 -0.18325931 0.16189836
vn 0.96714354 -0.17978452 0.17975189
vn 0.96366245 -0.17603965 0.20090961
vn 0.9543648 -0.17317785 0.2433051
vn 0.9543653 -0.17317757 0.24330306
vn 0.9222148 -0.16432816 0.350023
vn 0.9859511 -0.16393532 0.032026406
vn 0.9840017 -0.16956134 0.054676794
vn 0.92198354 -0.16410165 0.35073787
vn 0.8753137 -0.1524319 0.45890146
vn 0.87531435 -0.15243177 0.45890024
vn 0.84668595 -0.14563319 0.51177526
vn 0.84383553 -0.14377917 0.5169809
vn 0.8554058 -0.1389006 0.49898657
vn 0.85207963 -0.13537852 0.5056015
vn 0.8521227 -0.13536194 0.50553346
vn 0.7944152 -0.12106781 0.59518665
vn 0.7521978 -0.11333485 0.64911765
vn 0.79545933 -0.11224525 0.5955212
vn 0.8800819 -0.12418611 0.45829424
vn 0.8845947 -0.11839402 0.45108202
vn 0.8949775 -0.116670966 0.43058482
vn 0.91245973 -0.118392885 0.39166367
vn 0.9286561 -0.12252447 0.35012212
vn 0.9300574 -0.121857 0.3466182
vn 0.9449638 -0.12170052 0.30369806
vn 0.95142037 -0.12226004 0.28258058
vn 0.96045333 -0.1261617 0.24821897
vn 0.961822 -0.12721242 0.24231265
vn 0.9708931 -0.123196065 0.20540088
vn 0.9798787 -0.12670042 0.15422279
vn 0.9917435 -0.12823457 -0.0008956066
vn 0.9921775 -0.12481986 -0.0019789631
vn 0.970065 -0.12203803 -0.2099536
vn 0.9683469 -0.123904884 -0.21668354
vn 0.9604009 -0.12750018 -0.2477377
vn 0.9562893 -0.12471642 -0.26449302
vn 0.94974184 -0.122225024 -0.28818643
vn 0.9420918 -0.121560775 -0.31254774
vn 0.9268796 -0.12202528 -0.35497046
vn 0.9261501 -0.12236439 -0.35675347
vn 0.9035426 -0.11731713 -0.4121258
vn 0.92500544 -0.13034262 -0.35689732
vn 0.9249176 -0.13037977 -0.35711136
vn 0.8871958 -0.12539223 -0.44402733
vn 0.87881154 -0.13080528 -0.4588902
vn 0.76593465 -0.114004314 -0.63273
vn 0.7658514 -0.11397782 -0.63283545
vn 0.76442945 -0.10608843 -0.63591886
vn 0.76964873 -0.10571311 -0.6296552
vn 0.79476875 -0.116800725 0.59556705
vn 0.8648523 -0.13180234 0.48441565
vn 0.8672105 -0.13136464 0.48030132
vn 0.8686359 -0.12765639 0.4787228
vn 0.71151394 -0.10596804 -0.69463557
vn 0.711119 -0.10583588 -0.6950601
vn 0.71046066 -0.11216163 -0.6947412
vn 0.7104604 -0.11216164 -0.69474155
vn 0.6467346 -0.10066812 -0.75604254
vn 0.6451553 -0.10010999 -0.7574646
vn 0.64611095 -0.10414492 -0.7561049
vn 0.64653 -0.104307234 -0.7557241
vn 0.70903194 -0.11769099 -0.695286
vn 0.70801777 -0.12324355 -0.69535744
vn 0.7049399 -0.12303149 -0.6985148
vn 0.694522 -0.37766352 -0.6123801
vn 0.76188505 -0.14575486 -0.63109964
vn 0.7645718 -0.13764314 -0.6296701
vn 0.7660947 -0.13836735 -0.627657
vn 0.76465964 -0.14601502 -0.6276745
vn 0.7215843 -0.34765452 -0.5987089
vn 0.76450956 -0.29230312 -0.57452923
vn 0.8342625 -0.22698677 -0.50247705
vn 0.78281397 -0.2650517 -0.5629831
vn 0.79186964 -0.24882457 -0.55769956
vn 0.81404096 -0.2238971 -0.5359174
vn 0.8404782 -0.18648742 -0.5087426
vn 0.8631968 -0.1726638 -0.47442433
vn 0.802631 -0.15627009 -0.5756416
vn 0.8697978 -0.1693473 -0.46343642
vn 0.85693157 -0.17203788 -0.48587173
vn 0.8504783 -0.17091258 -0.4974692
vn 0.81051326 -0.16288118 -0.56261706
vn 0.8000883 -0.15670887 -0.5790518
vn 0.8696368 -0.16798587 -0.46423325
vn 0.87082016 -0.16174048 -0.46423316
vn 0.8713857 -0.16131581 -0.4633188
vn 0.8710908 -0.16028367 -0.46423042
vn 0.87259364 -0.15199614 -0.46419564
vn 0.8725934 -0.15199614 -0.46419594
vn 0.9212453 -0.15236226 -0.3579007
vn 0.92124516 -0.15236229 -0.3579009
vn 0.95497966 -0.1599818 -0.24983941
vn 0.9556146 -0.1607796 -0.24688202
vn 0.9664119 -0.17353852 -0.1895588
vn 0.9622264 -0.16238424 -0.21852152
vn 0.9676601 -0.16646402 -0.18953498
vn 0.96980673 -0.16135754 -0.1828629
vn 0.9709731 -0.15416394 -0.18287885
vn 0.98762786 -0.15680829 -0.0015258444
vn 0.98815805 -0.15343899 -0.0005275197
vn 0.9732514 -0.15112431 0.17304102
vn 0.9709526 -0.16144149 0.1766005
vn 0.98299164 -0.1708003 0.06748904
vn 0.9820585 -0.17161897 0.07815302
vn 0.9792119 -0.17454119 0.10334119
vn 0.97888255 -0.17474072 0.10608833
vn 0.9772893 -0.17522077 0.119177006
vn 0.9735603 -0.17910708 0.14177802
vn 0.9713495 -0.18182851 0.15303129
vn 0.9691037 -0.17375314 0.17506512
vn 0.9698612 -0.16948743 0.17505266
vn 0.96393406 -0.1621748 0.21102244
vn 0.9566189 -0.16037484 0.24322881
vn 0.9566183 -0.16037515 0.2432308
vn 0.92417777 -0.15300022 0.3499806
vn 0.92388934 -0.1531025 0.3506965
vn 0.8768893 -0.14325128 0.45885095
vn 0.8768893 -0.14325127 0.45885095
vn 0.87849516 -0.13338819 0.45875248
vn 0.8782655 -0.1332291 0.4592383
vn 0.87958676 -0.1247686 0.45908603
vn 0.8800599 -0.1244417 0.4582672
vn 0.92657965 -0.13059771 0.35269585
vn 0.92755896 -0.13017651 0.35026932
vn 0.96080977 -0.1345072 0.24238895
vn 0.96080965 -0.13450724 0.24238928
vn 0.9680005 -0.13542207 0.21127255
vn 0.9900243 -0.14089568 -0.0005803679
vn 0.9907544 -0.13564858 -0.002257363
vn 0.9915353 -0.1298289 -0.0014633263
vn 0.9789732 -0.13932294 0.14899856
vn 0.97388303 -0.12751755 -0.187859
vn 0.97311145 -0.133233 -0.18789135
vn 0.95945376 -0.13426763 -0.24783197
vn 0.95913905 -0.13462588 -0.24885361
vn 0.95888877 -0.1347818 -0.24973205
vn 0.95704955 -0.14704701 -0.2498666
vn 0.9232979 -0.14110394 -0.35722634
vn 0.9230691 -0.14119186 -0.35778236
vn 0.8795146 -0.13377438 -0.45668224
vn 0.8749335 -0.13832487 -0.46406648
vn 0.8716077 -0.13973136 -0.46986723
vn 0.7665244 -0.12288498 -0.63034874
vn 0.76388276 -0.121908225 -0.6337362
vn 0.7094928 -0.11770761 -0.69481283
vn 0.763132 -0.12942745 -0.6331493
vn 0.76578534 -0.13093986 -0.6296249
vn 0.8117682 -0.16528496 -0.5601013
vn 0.7923377 -0.14337413 -0.5929964
vn 0.7839703 -0.14303155 -0.6040966
vn 0.7933008 -0.13776143 -0.5930393
vn 0.8036588 -0.15080334 -0.5756656
vn 0.82783145 -0.17017631 -0.5345421
vn 0.840318 -0.17682216 -0.5124446
vn 0.86572987 -0.16245075 -0.47341478
vn 0.86826116 -0.15711254 -0.4705722
vn 0.8707794 -0.151562 -0.46773085
vn 0.87412417 -0.14316784 -0.4641227
vn 0.87452966 -0.14255162 -0.4635484
vn 0.95706594 -0.14706595 -0.24979295
vn 0.9599816 -0.14760168 -0.2380107
vn 0.9704829 -0.14714374 -0.19108024
vn 0.9886986 -0.14990558 -0.0018606381
vn 0.98970616 -0.14310753 -0.001362047
vn 0.97060394 -0.15008368 0.18815656
vn 0.95881385 -0.14789148 0.24249546
vn 0.9586404 -0.1479936 0.24311808
vn 0.9259336 -0.14219356 0.34989718
vn 0.9249531 -0.14135236 0.3528191
vn 0.97147954 -0.14047202 -0.19103646
vn 0.8743038 -0.14210448 -0.46411106
vn 0.87112796 -0.14526522 -0.46907791
vn 0.76568854 -0.12768263 -0.6304112
vn 0.76490617 -0.12874809 -0.6311438
vn 0.8700094 -0.14643896 -0.47078562
vn 0.86996895 -0.15107532 -0.4693936
f 711//1279 712//1279 713//1279
f 711//1280 713//1280 714//1280
f 711//1281 714//1281 715//1281
f 711//1282 715//1282 716//1282
f 711//1283 716//1283 717//1283
f 711//1284 717//1284 718//1284
f 711//1285 718//1285 719//1285
f 711//1286 719//1286 720//1286
f 711//1287 720//1287 721//1287
f 711//1288 721//1288 712//1288
f 712//1289 722//1289 713//1289
f 712//1290 721//1290 723//1290
f 712//1291 723//1291 724//1291
f 712//1292 724//1292 722//1292
f 713//1293 725//1293 726//1293
f 713//1294 726//1294 714//1294
f 713//1295 722//1295 727//1295
f 713//1296 727//1296 728//1296
f 713//1297 728//1297 729//1297
f 713//1298 729//1298 725//1298
f 714//1299 730//1299 731//1299
f 714//1300 731//1300 732//1300
f 714//1301 732//1301 733//1301
f 714//1302 733//1302 734//1302
f 714//1303 734//1303 735//1303
f 714//1304 735//1304 736//1304
f 714//1305 736//1305 737//1305
f 714//1306 737//1306 715//1306
f 714//1307 726//1307 738//1307
f 714//1308 738//1308 739//1308
f 714//1309 739//1309 740//1309
f 714//1310 740//1310 741//1310
f 714//1311 741//1311 742//1311
f 714//1312 742//1312 743//1312
f 714//1313 743//1313 744//1313
f 714//1314 744//1314 730//1314
f 715//1315 737//1315 745//1315
f 715//1316 745//1316 746//1316
f 715//1317 746//1317 716//1317
f 716//1318 746//1318 717//1318
f 717//1319 746//1319 747//1319
f 717//1320 747//1320 718//1320
f 718//1321 747//1321 748//1321
f 718//1322 748//1322 723//1322
f 718//1323 723//1323 720//1323
f 718//1324 720//1324 719//1324
f 720//1325 723//1325 721//1325
f 722//1326 749//1326 727//1326
f 722//1327 724//1327 750//1327
f 722//1328 750//1328 751//1328
f 722//1329 751//1329 749//1329
f 723//1330 748//1330 724//1330
f 724//1331 748//1331 750//1331
f 725//1332 752//1332 753//1332
f 725//1333 753//1333 754//1333
f 725//1334 754//1334 726//1334
f 725//1335 729//1335 752//1335
f 726//1336 754//1336 753//1336
f 726//1337 753//1337 755//1337
f 726//1338 755//1338 756//1338
f 726//1339 756//1339 757//1339
f 726//1340 757//1340 738//1340
f 727//1341 749//1341 751//1341
f 727//1342 751//1342 758//1342
f 727//1343 758//1343 759//1343
f 727//1344 759//1344 760//1344
f 727//1345 760//1345 728//1345
f 728//1346 760//1346 761//1346
f 728//1347 761//1347 762//1347
f 728//1348 762//1348 763//1348
f 728//1349 763//1349 764//1349
f 728//1350 764//1350 729//1350
f 729//1351 765//1351 752//1351
f 729//1352 764//1352 765//1352
f 730//1353 744//1353 731//1353
f 731//1354 744//1354 732//1354
f 732//1355 744//1355 766//1355
f 732//1356 766//1356 733//1356
f 733//1357 766//1357 734//1357
f 734//1358 766//1358 735//1358
f 735//1359 766//1359 767//1359
f 735//1360 767//1360 768//1360
f 735//1361 768//1361 769//1361
f 735//1362 769//1362 770//1362
f 735//1363 770//1363 736//1363
f 736//1364 770//1364 771//1364
f 736//1365 771//1365 772//1365
f 736//1366 772//1366 773//1366
f 736//1367 773//1367 774//1367
f 736//1368 774//1368 775//1368
f 736//1369 775//1369 737//1369
f 737//1370 775//1370 776//1370
f 737//1371 776//1371 777//1371
f 737//1372 777//1372 745//1372
f 738//1373 778//1373 779//1373
f 738//1374 779//1374 780//1374
f 738//1375 780//1375 781//1375
f 738//1376 781//1376 739//1376
f 738//1377 757//1377 782//1377
f 738//1378 782//1378 783//1378
f 738//1379 783//1379 784//1379
f 738//1380 784//1380 785//1380
f 738//1381 785//1381 786//1381
f 738//1382 786//1382 787//1382
f 738//1383 787//1383 788//1383
f 738//1384 788//1384 789//1384
f 738//1385 789//1385 790//1385
f 738//1386 790//1386 791//1386
f 738//1387 791//1387 792//1387
f 738//1388 792//1388 793//1388
f 738//1389 793//1389 778//1389
f 739//1390 794//1390 795//1390
f 739//1391 795//1391 796//1391
f 739//1392 796//1392 797//1392
f 739//1393 797//1393 740//1393
f 739//1394 781//1394 798//1394
f 739//1395 798//1395 799//1395
f 739//1396 799//1396 800//1396
f 739//1397 800//1397 801//1397
f 739//1398 801//1398 802//1398
f 739//1399 802//1399 803//1399
f 739//1400 803//1400 794//1400
f 740//1401 797//1401 804//1401
f 740//1402 804//1402 805//1402
f 740//1403 805//1403 741//1403
f 741//1404 743//1404 742//1404
f 741//1405 805//1405 743//1405
f 743//1406 805//1406 806//1406
f 743//1407 806//1407 807//1407
f 743//1408 807//1408 744//1408
f 744//1409 807//1409 806//1409
f 744//1410 806//1410 805//1410
f 744//1411 805//1411 808//1411
f 744//1412 808//1412 809//1412
f 744//1413 809//1413 747//1413
f 744//1414 747//1414 766//1414
f 745//1415 777//1415 767//1415
f 745//1416 767//1416 747//1416
f 745//1417 747//1417 746//1417
f 747//1418 767//1418 766//1418
f 747//1419 809//1419 748//1419
f 748//1420 809//1420 810//1420
f 748//1421 810//1421 751//1421
f 748//1422 751//1422 750//1422
f 751//1423 810//1423 758//1423
f 752//1424 811//1424 812//1424
f 752//1425 812//1425 813//1425
f 752//1426 813//1426 814//1426
f 752//1427 814//1427 815//1427
f 752//1428 815//1428 816//1428
f 752//1429 816//1429 817//1429
f 752//1430 817//1430 818//1430
f 752//1431 818//1431 819//1431
f 752//1432 819//1432 820//1432
f 752//1433 820//1433 821//1433
f 752//1434 821//1434 822//1434
f 752//1435 822//1435 753//1435
f 752//1436 765//1436 823//1436
f 752//1437 823//1437 824//1437
f 752//1438 824//1438 825//1438
f 752//1439 825//1439 811//1439
f 753//1440 822//1440 826//1440
f 753//1441 826//1441 755//1441
f 755//1442 826//1442 827//1442
f 755//1443 827//1443 828//1443
f 755//1444 828//1444 829//1444
f 755//1445 829//1445 756//1445
f 756//1446 830//1446 757//1446
f 756//1447 829//1447 830//1447
f 757//1448 830//1448 831//1448
f 757//1449 831//1449 782//1449
f 758//1450 810//1450 759//1450
f 759//1451 810//1451 760//1451
f 760//1452 810//1452 761//1452
f 761//1453 810//1453 762//1453
f 762//1454 810//1454 809//1454
f 762//1455 809//1455 763//1455
f 763//1456 809//1456 764//1456
f 764//1457 809//1457 825//1457
f 764//1458 825//1458 823//1458
f 764//1459 823//1459 765//1459
f 767//1460 777//1460 776//1460
f 767//1461 776//1461 775//1461
f 767//1462 775//1462 774//1462
f 767//1463 774//1463 772//1463
f 767//1464 772//1464 771//1464
f 767//1465 771//1465 770//1465
f 767//1466 770//1466 769//1466
f 767//1467 769//1467 768//1467
f 772//1468 774//1468 773//1468
f 778//1469 793//1469 832//1469
f 778//1470 832//1470 779//1470
f 779//1471 832//1471 780//1471
f 780//1472 832//1472 793//1472
f 780//1473 793//1473 799//1473
f 780//1474 799//1474 798//1474
f 780//1475 798//1475 781//1475
f 782//1476 831//1476 833//1476
f 782//1477 833//1477 783//1477
f 783//1478 833//1478 784//1478
f 784//1479 833//1479 834//1479
f 784//1480 834//1480 785//1480
f 785//1481 834//1481 786//1481
f 786//1482 834//1482 787//1482
f 787//1483 834//1483 788//1483
f 788//1484 834//1484 789//1484
f 789//1485 835//1485 836//1485
f 789//1486 836//1486 790//1486
f 789//1487 834//1487 837//1487
f 789//1488 837//1488 835//1488
f 790//1489 836//1489 835//1489
f 790//1490 835//1490 838//1490
f 790//1491 838//1491 839//1491
f 790//1492 839//1492 840//1492
f 790//1493 840//1493 792//1493
f 790//1494 792//1494 791//1494
f 792//1495 840//1495 841//1495
f 792//1496 841//1496 842//1496
f 792//1497 842//1497 793//1497
f 793//1498 842//1498 843//1498
f 793//1499 843//1499 800//1499
f 793//1500 800//1500 799//1500
f 794//1501 803//1501 844//1501
f 794//1502 844//1502 845//1502
f 794//1503 845//1503 804//1503
f 794//1504 804//1504 795//1504
f 795//1505 804//1505 796//1505
f 796//1506 804//1506 797//1506
f 800//1507 843//1507 846//1507
f 800//1508 846//1508 801//1508
f 801//1509 846//1509 847//1509
f 801//1510 847//1510 848//1510
f 801//1511 848//1511 802//1511
f 802//1512 848//1512 847//1512
f 802//1513 847//1513 849//1513
f 802//1514 849//1514 850//1514
f 802//1514 850//1514 851//1514
f 802//1515 851//1515 803//1515
f 803//1516 851//1516 844//1516
f 804//1517 845//1517 844//1517
f 804//1518 844//1518 852//1518
f 804//1519 852//1519 808//1519
f 804//1520 808//1520 805//1520
f 808//1521 852//1521 853//1521
f 808//1522 853//1522 854//1522
f 808//1523 854//1523 855//1523
f 808//1524 855//1524 825//1524
f 808//1525 825//1525 809//1525
f 811//1526 825//1526 856//1526
f 811//1527 856//1527 812//1527
f 812//1528 856//1528 857//1528
f 812//1529 857//1529 813//1529
f 813//1530 857//1530 814//1530
f 814//1531 857//1531 858//1531
f 814//1532 858//1532 815//1532
f 815//1533 858//1533 859//1533
f 815//1534 859//1534 816//1534
f 816//1535 859//1535 855//1535
f 816//1536 855//1536 817//1536
f 817//1537 855//1537 818//1537
f 818//1538 855//1538 819//1538
f 819//1539 855//1539 820//1539
f 820//1540 860//1540 821//1540
f 820//1541 855//1541 860//1541
f 821//1542 860//1542 861//1542
f 821//1543 861//1543 862//1543
f 821//1544 862//1544 863//1544
f 821//1545 863//1545 822//1545
f 822//1546 863//1546 864//1546
f 822//1547 864//1547 826//1547
f 823//1548 825//1548 824//1548
f 825//1549 855//1549 857//1549
f 825//1550 857//1550 856//1550
f 826//1551 864//1551 865//1551
f 826//1552 865//1552 827//1552
f 827//1553 865//1553 866//1553
f 827//1554 866//1554 867//1554
f 827//1555 867//1555 828//1555
f 828//1556 867//1556 868//1556
f 828//1557 868//1557 829//1557
f 830//1558 829//1558 869//1558
f 830//1559 869//1559 870//1559
f 830//1560 870//1560 831//1560
f 829//1561 868//1561 869//1561
f 831//1562 870//1562 833//1562
f 833//1563 870//1563 871//1563
f 833//1564 871//1564 872//1564
f 833//1565 872//1565 834//1565
f 834//1566 872//1566 837//1566
f 835//1567 837//1567 838//1567
f 837//1568 839//1568 838//1568
f 837//1569 872//1569 873//1569
f 837//1570 873//1570 874//1570
f 837//1571 874//1571 839//1571
f 839//1572 874//1572 840//1572
f 840//1573 874//1573 875//1573
f 840//1574 875//1574 841//1574
f 842//1575 841//1575 876//1575
f 842//1576 876//1576 877//1576
f 842//1577 877//1577 846//1577
f 842//1578 846//1578 843//1578
f 844//1579 851//1579 850//1579
f 844//1580 850//1580 878//1580
f 844//1581 878//1581 879//1581
f 844//1582 879//1582 880//1582
f 844//1583 880//1583 852//1583
f 846//1584 877//1584 881//1584
f 846//1585 881//1585 847//1585
f 849//1586 847//1586 881//1586
f 849//1587 881//1587 882//1587
f 849//1588 882//1588 878//1588
f 849//1589 878//1589 850//1589
f 852//1590 880//1590 883//1590
f 852//1591 883//1591 884//1591
f 852//1592 884//1592 853//1592
f 853//1593 884//1593 885//1593
f 853//1594 885//1594 886//1594
f 853//1595 886//1595 887//1595
f 853//1596 887//1596 854//1596
f 854//1597 887//1597 888//1597
f 854//1598 888//1598 889//1598
f 854//1599 889//1599 861//1599
f 854//1600 861//1600 860//1600
f 854//1601 860//1601 855//1601
f 855//1602 859//1602 858//1602
f 855//1603 858//1603 857//1603
f 861//1604 889//1604 890//1604
f 861//1605 890//1605 891//1605
f 861//1606 891//1606 892//1606
f 861//1607 892//1607 862//1607
f 862//1608 892//1608 893//1608
f 862//1609 893//1609 894//1609
f 862//1610 894//1610 895//1610
f 862//1611 895//1611 896//1611
f 862//1612 896//1612 863//1612
f 863//1613 896//1613 897//1613
f 863//1614 897//1614 865//1614
f 863//1615 865//1615 864//1615
f 865//1616 897//1616 898//1616
f 865//1617 898//1617 899//1617
f 865//1618 899//1618 866//1618
f 866//1619 899//1619 900//1619
f 866//1620 900//1620 901//1620
f 866//1621 901//1621 902//1621
f 866//1622 902//1622 903//1622
f 866//1623 903//1623 904//1623
f 866//1624 904//1624 867//1624
f 867//1625 904//1625 905//1625
f 867//1626 905//1626 906//1626
f 867//1626 906//1626 868//1626
f 869//1627 868//1627 907//1627
f 869//1628 907//1628 870//1628
f 870//1629 907//1629 908//1629
f 870//1630 908//1630 909//1630
f 870//1631 909//1631 871//1631
f 868//1632 906//1632 907//1632
f 871//1633 909//1633 910//1633
f 871//1634 910//1634 872//1634
f 872//1635 910//1635 911//1635
f 872//1636 911//1636 873//1636
f 873//1637 911//1637 912//1637
f 873//1638 912//1638 875//1638
f 873//1639 875//1639 874//1639
f 875//1640 912//1640 841//1640
f 841//1641 912//1641 876//1641
f 876//1642 913//1642 914//1642
f 876//1643 914//1643 877//1643
f 876//1644 912//1644 913//1644
f 877//1645 914//1645 881//1645
f 878//1646 882//1646 915//1646
f 878//1647 915//1647 879//1647
f 879//1648 916//1648 917//1648
f 879//1649 917//1649 918//1649
f 879//1650 918//1650 919//1650
f 879//1651 919//1651 920//1651
f 879//1652 920//1652 921//1652
f 879//1653 921//1653 922//1653
f 879//1654 922//1654 923//1654
f 879//1655 923//1655 880//1655
f 879//1656 915//1656 916//1656
f 880//1657 924//1657 925//1657
f 880//1658 925//1658 926//1658
f 880//1659 926//1659 927//1659
f 880//1660 927//1660 928//1660
f 880//1661 928//1661 929//1661
f 880//1662 929//1662 930//1662
f 880//1663 930//1663 931//1663
f 880//1664 931//1664 932//1664
f 880//1665 932//1665 933//1665
f 880//1666 933//1666 934//1666
f 880//1667 934//1667 883//1667
f 880//1668 923//1668 924//1668
f 882//1669 935//1669 915//1669
f 882//1670 881//1670 936//1670
f 882//1671 936//1671 935//1671
f 883//1672 934//1672 937//1672
f 883//1673 937//1673 938//1673
f 883//1674 938//1674 885//1674
f 883//1675 885//1675 884//1675
f 885//1676 938//1676 939//1676
f 885//1677 939//1677 940//1677
f 885//1678 940//1678 887//1678
f 885//1679 887//1679 886//1679
f 887//1680 940//1680 941//1680
f 887//1681 941//1681 888//1681
f 888//1682 941//1682 942//1682
f 888//1683 942//1683 889//1683
f 889//1684 942//1684 891//1684
f 889//1685 891//1685 890//1685
f 891//1686 942//1686 943//1686
f 891//1687 943//1687 944//1687
f 891//1688 944//1688 893//1688
f 891//1689 893//1689 892//1689
f 893//1690 945//1690 895//1690
f 893//1691 895//1691 894//1691
f 893//1692 944//1692 946//1692
f 893//1693 946//1693 945//1693
f 895//1694 947//1694 896//1694
f 895//1695 945//1695 947//1695
f 896//1696 947//1696 948//1696
f 896//1697 948//1697 949//1697
f 896//1698 949//1698 950//1698
f 896//1699 950//1699 951//1699
f 896//1700 951//1700 952//1700
f 896//1701 952//1701 897//1701
f 897//1702 952//1702 953//1702
f 897//1702 953//1702 898//1702
f 898//1703 953//1703 954//1703
f 898//1704 954//1704 955//1704
f 898//1705 955//1705 899//1705
f 899//1706 955//1706 956//1706
f 899//1707 956//1707 957//1707
f 899//1708 957//1708 958//1708
f 899//1709 958//1709 900//1709
f 900//1710 958//1710 957//1710
f 900//1711 957//1711 959//1711
f 900//1712 959//1712 901//1712
f 901//1713 959//1713 902//1713
f 902//1714 959//1714 903//1714
f 903//1715 959//1715 904//1715
f 904//1716 959//1716 960//1716
f 904//1717 960//1717 961//1717
f 904//1718 961//1718 905//1718
f 905//1719 961//1719 962//1719
f 905//1720 962//1720 906//1720
f 907//1721 906//1721 963//1721
f 907//1722 963//1722 964//1722
f 907//1723 964//1723 965//1723
f 907//1724 965//1724 966//1724
f 907//1725 966//1725 908//1725
f 908//1726 966//1726 967//1726
f 908//1727 967//1727 968//1727
f 908//1728 968//1728 969//1728
f 908//1729 969//1729 970//1729
f 908//1730 970//1730 971//1730
f 908//1731 971//1731 909//1731
f 909//1732 971//1732 910//1732
f 906//1733 962//1733 972//1733
f 906//1734 972//1734 963//1734
f 910//1735 971//1735 973//1735
f 910//1736 973//1736 974//1736
f 910//1737 974//1737 911//1737
f 911//1738 974//1738 912//1738
f 912//1739 974//1739 913//1739
f 913//1740 974//1740 975//1740
f 913//1741 975//1741 914//1741
f 914//1742 975//1742 976//1742
f 914//1743 976//1743 936//1743
f 914//1744 936//1744 881//1744
f 915//1745 935//1745 977//1745
f 915//1746 977//1746 978//1746
f 915//1747 978//1747 916//1747
f 916//1748 978//1748 917//1748
f 917//1749 978//1749 918//1749
f 918//1750 978//1750 979//1750
f 918//1751 979//1751 919//1751
f 919//1752 979//1752 920//1752
f 920//1753 979//1753 921//1753
f 921//1754 979//1754 922//1754
f 922//1755 979//1755 980//1755
f 922//1756 980//1756 923//1756
f 923//1757 980//1757 981//1757
f 923//1758 981//1758 982//1758
f 923//1759 982//1759 924//1759
f 924//1760 982//1760 925//1760
f 925//1761 982//1761 983//1761
f 925//1762 983//1762 984//1762
f 925//1763 984//1763 926//1763
f 926//1764 984//1764 927//1764
f 927//1765 984//1765 928//1765
f 928//1766 984//1766 929//1766
f 929//1767 984//1767 931//1767
f 929//1768 931//1768 930//1768
f 931//1769 984//1769 985//1769
f 931//1770 985//1770 986//1770
f 931//1771 986//1771 932//1771
f 932//1772 986//1772 987//1772
f 932//1773 987//1773 988//1773
f 932//1774 988//1774 937//1774
f 932//1775 937//1775 934//1775
f 932//1776 934//1776 933//1776
f 935//1777 936//1777 977//1777
f 936//1778 976//1778 975//1778
f 936//1779 975//1779 989//1779
f 936//1780 989//1780 977//1780
f 937//1781 988//1781 939//1781
f 937//1782 939//1782 938//1782
f 939//1783 988//1783 990//1783
f 939//1784 990//1784 991//1784
f 939//1785 991//1785 941//1785
f 939//1786 941//1786 940//1786
f 941//1787 991//1787 942//1787
f 942//1788 991//1788 943//1788
f 943//1789 991//1789 992//1789
f 943//1790 992//1790 946//1790
f 943//1791 946//1791 944//1791
f 945//1792 993//1792 947//1792
f 945//1793 946//1793 993//1793
f 946//1794 992//1794 994//1794
f 946//1795 994//1795 995//1795
f 946//1796 995//1796 993//1796
f 947//1797 993//1797 948//1797
f 948//1798 993//1798 996//1798
f 948//1799 996//1799 949//1799
f 949//1800 996//1800 993//1800
f 949//1801 993//1801 997//1801
f 949//1802 997//1802 950//1802
f 950//1803 997//1803 998//1803
f 950//1804 998//1804 951//1804
f 951//1805 995//1805 999//1805
f 951//1806 999//1806 952//1806
f 951//1807 998//1807 1000//1807
f 951//1808 1000//1808 1001//1808
f 951//1809 1001//1809 993//1809
f 951//1810 993//1810 995//1810
f 952//1811 999//1811 1002//1811
f 952//1812 1002//1812 1003//1812
f 952//1813 1003//1813 953//1813
f 953//1814 1003//1814 1004//1814
f 953//1815 1004//1815 1005//1815
f 953//1816 1005//1816 954//1816
f 955//1817 954//1817 1006//1817
f 955//1818 1006//1818 1007//1818
f 955//1819 1007//1819 1008//1819
f 955//1820 1008//1820 956//1820
f 956//1821 959//1821 957//1821
f 956//1822 1008//1822 960//1822
f 956//1823 960//1823 959//1823
f 960//1824 1008//1824 961//1824
f 961//1825 1008//1825 1009//1825
f 961//1826 1009//1826 962//1826
f 962//1827 1009//1827 1010//1827
f 962//1828 1010//1828 1011//1828
f 962//1829 1011//1829 972//1829
f 963//1830 972//1830 964//1830
f 964//1831 972//1831 1012//1831
f 964//1832 1012//1832 965//1832
f 965//1833 1012//1833 966//1833
f 966//1834 1012//1834 969//1834
f 966//1835 969//1835 968//1835
f 966//1836 968//1836 967//1836
f 969//1837 1012//1837 970//1837
f 970//1838 1012//1838 972//1838
f 970//1839 972//1839 1011//1839
f 970//1840 1011//1840 1013//1840
f 970//1841 1013//1841 971//1841
f 971//1842 1013//1842 1014//1842
f 971//1843 1014//1843 973//1843
f 973//1844 1014//1844 975//1844
f 973//1845 975//1845 974//1845
f 975//1846 1014//1846 1015//1846
f 975//1847 1015//1847 989//1847
f 977//1848 989//1848 1015//1848
f 977//1849 1015//1849 978//1849
f 978//1850 1015//1850 1016//1850
f 978//1851 1016//1851 979//1851
f 979//1852 1016//1852 1017//1852
f 979//1853 1017//1853 980//1853
f 980//1854 1017//1854 981//1854
f 981//1855 1010//1855 1018//1855
f 981//1856 1018//1856 1019//1856
f 981//1857 1019//1857 982//1857
f 981//1858 1017//1858 1010//1858
f 982//1859 1019//1859 983//1859
f 983//1860 1019//1860 1018//1860
f 983//1861 1018//1861 984//1861
f 984//1862 1018//1862 1020//1862
f 984//1863 1020//1863 985//1863
f 985//1864 1020//1864 1007//1864
f 985//1865 1007//1865 986//1865
f 986//1866 1007//1866 1006//1866
f 986//1867 1006//1867 987//1867
f 987//1868 1006//1868 1021//1868
f 987//1869 1021//1869 1022//1869
f 987//1870 1022//1870 990//1870
f 987//1871 990//1871 988//1871
f 991//1872 990//1872 992//1872
f 992//1873 990//1873 1023//1873
f 992//1874 1023//1874 994//1874
f 993//1875 1001//1875 997//1875
f 994//1876 1024//1876 1003//1876
f 994//1877 1003//1877 995//1877
f 994//1878 1023//1878 1024//1878
f 995//1879 1003//1879 999//1879
f 997//1880 1001//1880 1000//1880
f 997//1881 1000//1881 998//1881
f 999//1882 1003//1882 1002//1882
f 1003//1883 1024//1883 1004//1883
f 1004//1884 1024//1884 1005//1884
f 954//1885 1005//1885 1022//1885
f 954//1886 1022//1886 1006//1886
f 1007//1887 1020//1887 1008//1887
f 1008//1888 1020//1888 1009//1888
f 1009//1889 1020//1889 1025//1889
f 1009//1890 1025//1890 1010//1890
f 1010//1891 1025//1891 1018//1891
f 1010//1892 1017//1892 1011//1892
f 1011//1893 1017//1893 1016//1893
f 1011//1894 1016//1894 1013//1894
f 1013//1895 1016//1895 1014//1895
f 1014//1896 1016//1896 1015//1896
f 1018//1897 1025//1897 1020//1897
f 1006//1898 1022//1898 1021//1898
f 1022//1899 1005//1899 1026//1899
f 1022//1900 1026//1900 990//1900
f 990//1901 1026//1901 1023//1901
f 1023//1902 1026//1902 1005//1902
f 1023//1903 1005//1903 1024//1903
