# mmind_convex 2.1.2 1
o geometry1
v -0.0013396045 0.012458833 0.01739186
v -0.0045763208 0.0020144237 0.01739186
v -0.004913035 0.0009233109 0.01739186
v -0.004994219 -0.00021405332 0.01739186
v -0.00481588 -0.0013409057 0.01739186
v -0.004386004 -0.0023983815 0.01739186
v -0.0037272149 -0.003331819 0.01739186
v -0.0028741166 -0.004090762 0.01739186
v -0.0018706282 -0.0046352674 0.01739186
v -0.000771316 -0.004940106 0.01739186
v 0.0003679228 -0.0049863574 0.01739186
v 0.00148986 -0.0047719195 0.01739186
v 0.002533275 -0.004309405 0.01739186
v 0.0034449322 -0.003621941 0.01739186
v 0.0041769193 -0.0027473695 0.01739186
v 0.0046906415 -0.0017277356 0.01739186
v 0.0049608117 -0.000617702 0.01739186
v 0.0049714586 0.0005238671 0.01739186
v 0.005040665 0.0112352725 0.01739186
v -0.0019145475 0.014916465 0.016419783
v -0.0021833866 0.015111983 0.01634828
v -0.0024735199 0.015257044 0.016259756
v -0.002832859 0.015381081 0.016130373
v -0.003244103 0.015481994 0.015955023
v 0.006599133 0.014353039 0.012815772
v 0.0065565445 0.014456052 0.012902595
v 0.0050739376 0.011451814 0.017170547
v 0.004648054 0.014050301 0.015204258
v 0.004407163 0.014073428 0.015384715
v 0.0041569564 0.014075531 0.01555155
v 0.003836213 0.014054507 0.01574052
v 0.0034915132 0.014014563 0.015915867
v 0.0031241886 0.013962004 0.016075894
v 0.0027395624 0.013896832 0.016217194
v 0.0024813705 0.013856888 0.016297208
v 0.0020581486 0.013798021 0.016406164
v 0.0033331378 0.015019478 0.012851523
v -0.0044578714 0.016491115 0.011486187
v -0.0041477745 0.015656488 0.015428977
v -0.0049542924 0.015809957 0.014742904
v -0.005539882 0.015923483 0.014046617
v -0.006072237 0.016024396 0.013154552
v 0.006647045 0.014119679 0.012570624
v 0.0066976184 0.013926264 0.012305047
v 0.006746861 0.013772793 0.0120173395
v 0.006793442 0.013657166 0.011705798
v 0.006833369 0.013587788 0.011397662
v 0.0068653105 0.01356256 0.011094632
v 0.0068732956 0.01356256 0.011004403
v 0.0068919286 0.013558355 0.010333653
v 0.0068919286 0.013558355 0.0069203125
v 0.006561868 0.014447644 0.0044977777
v 0.0065552136 0.014456052 0.0044892654
v -0.0044578714 0.016489012 0.0059073763
v -0.0058726035 0.016327133 0.006915205
v -0.0058726035 0.016327133 0.010476655
v -0.006430245 0.016093774 0.012204605
v -0.004994219 -0.00021405332 0
v -0.00481588 -0.0013409057 0
v -0.0065859593 0.016123205 0.01136191
v -0.006644518 0.01613582 0.010587312
v -0.006701746 0.016146332 0.009116426
v 0.0046906415 -0.0017277356 0
v 0.0049608117 -0.000617702 0
v 0.006870634 0.01356256 0.0064027784
v 0.0068253838 0.013591992 0.0059822826
v 0.0067827953 0.013659267 0.00567755
v 0.0067362143 0.013770692 0.0053813304
v 0.00668431 0.013924161 0.005097027
v 0.0065818317 0.014342526 0.004589708
v 0.0049714586 0.0005238671 0
v 0.005040665 0.0112352725 0
v 0.0046799947 0.014043994 0.0022148406
v 0.0044098245 0.014073428 0.0020088484
v 0.0041103754 0.014073428 0.0018113684
v -0.0028847638 0.015397901 0.0012819176
v 0.0050739376 0.011451814 0.00022131391
v -0.003244103 0.015481994 0.0014368375
v -0.004058606 0.015639668 0.0019015963
v -0.0048704464 0.015795242 0.0025655376
v -0.005557184 0.015925586 0.003369077
v -0.006082884 0.016026499 0.004261142
v -0.006428914 0.016093774 0.0051736357
v -0.006597937 0.016125308 0.006087832
v -0.006656496 0.016137922 0.0069135027
v -0.004913035 0.0009233109 0
v -0.0045763208 0.0020144237 0
v -0.0013396045 0.012458833 0
v 0.0041769193 -0.0027473695 0
v 0.0034449322 -0.003621941 0
v 0.002533275 -0.004309405 0
v 0.00148986 -0.0047719195 0
v 0.0003679228 -0.0049863574 0
v -0.000771316 -0.004940106 0
v -0.0018706282 -0.0046352674 0
v -0.0028741166 -0.004090762 0
v -0.0037272149 -0.003331819 0
v -0.004386004 -0.0023983815 0
v 0.0066310745 0.014115475 0.004831451
v 0.006859987 0.013564662 0.006297229
v -0.001954474 0.014952205 0.0009822929
v -0.0020263419 0.015006864 0.0010010195
v 0.002251127 0.01382325 0.0010316628
v 0.002639746 0.0138821155 0.0011423198
v 0.0030310266 0.013945185 0.0012785131
v 0.0034209762 0.014006153 0.0014436468
v 0.0037749922 0.0140482 0.0016172933
v -0.0024735199 0.015257044 0.0011321055
v -0.002305828 0.015181359 0.0010793307
vn 0 0 1
vn 0 0 0.99999994
vn 0.073176205 0.38157815 0.9214355
vn 0.024245681 0.3725994 0.92767555
vn -0.12074253 0.3298705 0.93627274
vn -0.23831984 0.2797022 0.9300378
vn -0.33531672 0.22371395 0.9151583
vn -0.4469177 0.13849953 0.88378876
vn -0.44911814 0.13859648 0.8826573
vn 0.947857 -0.0061241207 0.31863695
vn 0.92740613 0.07445416 0.36657128
vn 0.6678441 0.47933602 0.5694043
vn 0.5287964 0.56555945 0.63286406
vn 0.52851564 0.5656439 0.6330231
vn 0.45546398 0.57956475 0.67576426
vn 0.3836018 0.5832709 0.71599215
vn 0.3164322 0.576465 0.753365
vn 0.26133388 0.56231195 0.7845444
vn 0.20813906 0.53990537 0.8155859
vn 0.1777938 0.52191323 0.8342638
vn 0.14955014 0.50174284 0.85199106
vn 0.14238617 0.495318 0.8569634
vn 0.14686221 0.5113414 0.8467357
vn 0.14692383 0.51161754 0.8465583
vn 0.16188271 0.5688507 0.80635154
vn 0.17424445 0.6237185 0.76198035
vn 0.18974276 0.716809 0.67095643
vn 0.19465744 0.7644149 0.6146367
vn 0.19874135 0.7958284 0.5719783
vn 0.20290403 0.87395364 0.44162753
vn 0.19965415 0.9226258 0.33
vn 0.1993792 0.9282671 0.31395537
vn 0.16539136 0.9647661 0.20462681
vn 0.15730269 0.9693127 0.18891437
vn 0.1524099 0.9721332 0.1781247
vn 0.071532845 0.97693956 0.20117682
vn -0.4777279 0.140353 0.8672238
vn -0.6270222 0.13478838 0.76725173
vn -0.7511613 0.11362765 0.6502658
vn -0.8519786 0.079797044 0.51746005
vn -0.88256353 0.06299681 0.46595383
vn 0.95029426 -0.008862949 0.311227
vn 0.9849394 0.022073839 0.1714854
vn 0.9887885 0.07093474 0.13139798
vn 0.9888798 0.09873915 0.1112086
vn 0.98838097 0.1118895 0.102877155
vn 0.9872087 0.12928589 0.09329577
vn 0.9860099 0.14202136 0.08726143
vn 0.9608202 0.27604634 0.02496039
vn 0.9383364 0.34572357 0
vn 0.93773234 0.3473584 -0.00025036695
vn 0.92419726 0.3819154 0.00020330853
vn 0.97342575 -0.037471034 0.22591673
vn 0.7841985 0.62051 -0.0001240482
vn 0.18169197 0.9833555 -2.8740888e-05
vn 0.17019685 0.981579 0.086808406
vn 0.23868994 0.90716124 0.34653375
vn 0.44639853 0.7415272 0.5008651
vn 0.596099 0.54432905 0.59023035
vn -0.11394515 0.99348694 -0.00037449377
vn -0.115139194 0.9933494 0
vn -0.16951469 0.9824383 0.07797277
vn -0.15070346 0.9802071 0.12838376
vn -0.10431306 0.97937536 0.17303999
vn -0.045447104 0.9791739 0.19787145
vn 0.010710613 0.978435 0.20627703
vn 0.18148188 0.9833942 -0.00037068938
vn -0.98770684 -0.15631738 -0
vn -0.93458265 0.03044492 0.35444096
vn -0.98311746 -0.029110517 0.18064502
vn -0.99482197 -0.069585316 0.07407437
vn -0.9956825 -0.084629886 0.0381342
vn -0.9945976 -0.10380576 -0
vn 0.9716351 -0.23648545 0
vn 0.9908486 -0.1349772 0
vn 0.99084866 -0.13497722 0
vn 0.9922405 -0.1210652 0.02832256
vn 0.9916761 -0.09421453 0.087761655
vn 0.9902638 -0.083555706 0.111337274
vn 0.98719263 -0.06954801 0.1435745
vn 0.98384947 -0.058991816 0.16899759
vn 0.9797826 -0.049176537 0.19392715
vn 0.9755981 -0.041065276 0.21568988
vn 0.96596646 0.2559104 -0.03766684
vn 0.99250865 -0.114812 -0.041771047
vn 0.9859769 0.13609749 -0.096576594
vn 0.9878256 0.1048712 -0.11490331
vn 0.98791105 0.10150477 -0.11716888
vn 0.98726267 0.064361595 -0.14549896
vn 0.9859238 0.046894055 -0.16048436
vn 0.9691376 -0.02994009 -0.2446955
vn 0.95107317 -0.008870184 -0.3088386
vn 0.9485903 -0.006128861 -0.31644738
vn 0.8629576 0.22487961 -0.45247465
vn 0.47340193 0.7115471 -0.51922196
vn 0.21753334 0.91862607 -0.32985663
vn 0.1995259 0.9279662 -0.31475115
vn 0.15674162 0.97184163 -0.17594276
vn 0.6683702 0.4789531 -0.5691092
vn 0.5961165 0.54442877 -0.5901207
vn 0.15077613 0.9723922 -0.17810152
vn 0.07520473 0.97697663 -0.1996521
vn 0.01941863 0.9784589 -0.20552672
vn -0.045440555 0.9792136 -0.19767608
vn -0.104282275 0.97951615 -0.17225946
vn -0.14870532 0.98047364 -0.12867807
vn -0.16801354 0.9826935 -0.07800624
vn -0.19309661 0.9787179 -0.06946123
vn -0.23445483 0.97161746 -0.03147166
vn -0.2346096 0.9720523 -0.008529993
vn -0.21305184 0.9770409 0
vn -0.23834325 0.9710457 0.01621353
vn -0.23588195 0.97119904 0.033647783
vn -0.19308558 0.97869176 0.069860026
vn -0.99549115 -0.09270187 -0.020094432
vn -0.99499846 -0.071775556 -0.06947152
vn -0.98309606 -0.029144064 -0.18075626
vn -0.9338228 0.030912796 -0.35639766
vn -0.88271564 0.063007675 -0.46566412
vn 0 0 -1
vn 0 0 -0.99999994
vn -0.92638206 -0.37658504 -0
vn 0.89305484 -0.4499479 0
vn 0.97243226 -0.03462132 -0.23060098
vn 0.974248 -0.037538543 -0.22233258
vn 0.97819287 -0.044852935 -0.20279771
vn 0.98290646 -0.055645965 -0.1754952
vn 0.9861826 -0.06531055 -0.15224428
vn 0.98995155 -0.08114475 -0.11580767
vn 0.99095577 -0.08754157 -0.10170165
vn 0.98640305 0.13277112 -0.09685523
vn 0.9823623 0.014572477 -0.18641923
vn 0.073086865 0.3811123 -0.9216354
vn 0.12142321 0.46084958 -0.8791325
vn 0.14336671 0.4959408 -0.8564395
vn 0.16271135 0.51168394 -0.84362584
vn 0.19945087 0.53518176 -0.8208531
vn 0.24820456 0.557741 -0.79203504
vn 0.30462375 0.5740528 -0.76004463
vn 0.3736546 0.58294845 -0.7214939
vn 0.44821143 0.58067864 -0.67964613
vn 0.5289626 0.5654719 -0.6328033
vn 0.53884375 0.5634792 -0.6262096
vn 0.20288059 0.86294824 -0.46277416
vn 0.19960155 0.9254016 -0.32216617
vn -0.24358635 0.2773064 -0.9293905
vn -0.3428299 0.21828099 -0.91368544
vn -0.4469178 0.13849956 -0.88378865
vn -0.44911796 0.13859655 -0.8826574
vn -0.4701563 0.13989966 -0.8714248
vn -0.6113968 0.13622326 -0.77951086
vn -0.74580765 0.11531941 -0.65610397
vn -0.85497063 0.07843066 -0.51271224
vn -0.8170123 -0.5766201 -0
vn 0.7668492 -0.6418272 0
vn 0.044502616 0.3756605 -0.92568827
vn -0.15135631 0.3174081 -0.9361321
vn -0.03919487 0.3562047 -0.9335855
vn 0.1720511 0.61935675 -0.766026
vn 0.17065273 0.61083364 -0.77314943
vn 0.15464972 0.5374266 -0.8290091
vn 0.1865213 0.69305724 -0.6963344
vn 0.19792908 0.7808088 -0.5925889
vn 0.20018126 0.8187575 -0.5381112
vn -0.6646738 -0.7471338 -0
vn 0.60208374 -0.79843295 0
vn -0.47692567 -0.8789436 -0
vn 0.40524155 -0.91420966 0
vn -0.26721588 -0.9636366 -0
vn 0.18773353 -0.98222 0
vn -0.040565044 -0.99917686 -0
f 1//1 2//1 3//1
f 1//2 3//2 4//2
f 1//1 4//1 5//1
f 1//1 5//1 6//1
f 1//1 6//1 7//1
f 1//1 7//1 8//1
f 1//1 8//1 9//1
f 1//1 9//1 10//1
f 1//1 10//1 11//1
f 1//2 11//2 12//2
f 1//1 12//1 13//1
f 1//1 13//1 14//1
f 1//1 14//1 15//1
f 1//1 15//1 16//1
f 1//2 16//2 17//2
f 1//1 17//1 18//1
f 1//1 18//1 19//1
f 1//3 19//3 20//3
f 1//4 20//4 21//4
f 1//5 21//5 22//5
f 1//6 22//6 23//6
f 1//7 23//7 24//7
f 1//8 24//8 2//8
f 2//9 24//9 3//9
f 19//10 18//10 25//10
f 19//11 25//11 26//11
f 19//12 26//12 27//12
f 19//13 27//13 28//13
f 19//14 28//14 29//14
f 19//15 29//15 30//15
f 19//16 30//16 31//16
f 19//17 31//17 32//17
f 19//18 32//18 33//18
f 19//19 33//19 34//19
f 19//20 34//20 35//20
f 19//21 35//21 36//21
f 19//22 36//22 20//22
f 20//23 36//23 35//23
f 20//24 35//24 21//24
f 21//25 35//25 34//25
f 21//26 34//26 33//26
f 21//27 33//27 32//27
f 21//28 32//28 22//28
f 22//29 32//29 31//29
f 22//30 31//30 30//30
f 22//31 30//31 23//31
f 23//32 30//32 26//32
f 23//33 26//33 37//33
f 23//34 37//34 24//34
f 24//35 37//35 38//35
f 24//36 38//36 39//36
f 24//37 39//37 3//37
f 3//38 39//38 40//38
f 3//39 40//39 41//39
f 3//40 41//40 42//40
f 3//41 42//41 4//41
f 18//42 17//42 25//42
f 25//43 43//43 44//43
f 25//44 44//44 45//44
f 25//45 45//45 46//45
f 25//46 46//46 47//46
f 25//47 47//47 48//47
f 25//48 48//48 49//48
f 25//49 49//49 50//49
f 25//50 50//50 51//50
f 25//51 51//51 52//51
f 25//52 52//52 26//52
f 25//53 17//53 43//53
f 26//54 52//54 53//54
f 26//55 53//55 38//55
f 26//56 38//56 37//56
f 26//57 30//57 29//57
f 26//58 29//58 28//58
f 26//59 28//59 27//59
f 38//60 54//60 55//60
f 38//61 55//61 56//61
f 38//62 56//62 57//62
f 38//63 57//63 42//63
f 38//64 42//64 41//64
f 38//65 41//65 40//65
f 38//66 40//66 39//66
f 38//67 53//67 54//67
f 4//68 58//68 59//68
f 4//68 59//68 5//68
f 4//69 42//69 57//69
f 4//70 57//70 60//70
f 4//71 60//71 61//71
f 4//72 61//72 62//72
f 4//73 62//73 58//73
f 17//74 16//74 63//74
f 17//74 63//74 64//74
f 17//75 64//75 51//75
f 17//76 51//76 50//76
f 17//77 50//77 49//77
f 17//78 49//78 48//78
f 17//79 48//79 47//79
f 17//80 47//80 46//80
f 17//81 46//81 45//81
f 17//82 45//82 44//82
f 17//83 44//83 43//83
f 51//84 65//84 52//84
f 51//85 64//85 65//85
f 52//86 65//86 66//86
f 52//87 66//87 67//87
f 52//88 67//88 68//88
f 52//89 68//89 69//89
f 52//90 69//90 70//90
f 52//91 70//91 64//91
f 52//92 64//92 71//92
f 52//93 71//93 72//93
f 52//94 72//94 53//94
f 53//95 73//95 74//95
f 53//96 74//96 75//96
f 53//97 75//97 76//97
f 53//98 76//98 54//98
f 53//99 72//99 77//99
f 53//100 77//100 73//100
f 54//101 76//101 78//101
f 54//102 78//102 79//102
f 54//103 79//103 80//103
f 54//104 80//104 81//104
f 54//105 81//105 82//105
f 54//106 82//106 83//106
f 54//107 83//107 55//107
f 55//108 83//108 84//108
f 55//109 84//109 85//109
f 55//110 85//110 62//110
f 55//111 62//111 56//111
f 56//112 62//112 61//112
f 56//113 61//113 60//113
f 56//114 60//114 57//114
f 58//115 62//115 85//115
f 58//116 85//116 84//116
f 58//117 84//117 83//117
f 58//118 83//118 82//118
f 58//119 82//119 86//119
f 58//120 86//120 87//120
f 58//120 87//120 88//120
f 58//120 88//120 72//120
f 58//121 72//121 71//121
f 58//120 71//120 64//120
f 58//120 64//120 63//120
f 58//120 63//120 89//120
f 58//120 89//120 90//120
f 58//120 90//120 91//120
f 58//120 91//120 92//120
f 58//120 92//120 93//120
f 58//120 93//120 94//120
f 58//120 94//120 95//120
f 58//120 95//120 96//120
f 58//120 96//120 97//120
f 58//120 97//120 98//120
f 58//121 98//121 59//121
f 5//122 59//122 98//122
f 5//122 98//122 6//122
f 16//123 15//123 89//123
f 16//123 89//123 63//123
f 64//124 70//124 99//124
f 64//125 99//125 69//125
f 64//126 69//126 68//126
f 64//127 68//127 67//127
f 64//128 67//128 66//128
f 64//129 66//129 100//129
f 64//130 100//130 65//130
f 65//131 100//131 66//131
f 69//132 99//132 70//132
f 72//133 88//133 101//133
f 72//134 101//134 102//134
f 72//135 102//135 103//135
f 72//136 103//136 104//136
f 72//137 104//137 105//137
f 72//138 105//138 106//138
f 72//139 106//139 107//139
f 72//140 107//140 75//140
f 72//141 75//141 74//141
f 72//142 74//142 77//142
f 73//143 77//143 74//143
f 75//144 107//144 108//144
f 75//145 108//145 76//145
f 76//146 108//146 88//146
f 76//147 88//147 78//147
f 78//148 88//148 87//148
f 78//149 87//149 86//149
f 78//150 86//150 79//150
f 79//151 86//151 80//151
f 80//152 86//152 81//152
f 81//153 86//153 82//153
f 6//154 98//154 97//154
f 6//154 97//154 7//154
f 15//155 14//155 90//155
f 15//155 90//155 89//155
f 88//156 102//156 101//156
f 88//157 108//157 109//157
f 88//158 109//158 102//158
f 102//159 109//159 105//159
f 102//160 105//160 104//160
f 102//161 104//161 103//161
f 105//162 109//162 106//162
f 106//163 109//163 107//163
f 107//164 109//164 108//164
f 7//165 97//165 96//165
f 7//165 96//165 8//165
f 14//166 13//166 91//166
f 14//166 91//166 90//166
f 8//167 96//167 95//167
f 8//167 95//167 9//167
f 13//168 12//168 92//168
f 13//168 92//168 91//168
f 9//169 95//169 94//169
f 9//169 94//169 10//169
f 12//170 11//170 93//170
f 12//170 93//170 92//170
f 10//171 94//171 93//171
f 10//171 93//171 11//171
o geometry2
v 0.008667785 0.040699694 0.0021684738
v 0.004787417 0.040920306 0.001448161
v 0.0048779403 0.04091573 0.001448161
v 0.0055016694 0.040920306 0.001445285
v 0.008219583 0.040786568 0.0019441848
v 0.009412948 0.04402256 0.0014999197
v 0.00978277 0.044709537 0.0014999197
v 0.010036677 0.044597518 0.0017083935
v 0.010224348 0.044514075 0.001987317
v 0.010833725 0.042668037 0.0037931316
v 0.010833725 0.042668037 0.013598589
v 0.008156658 0.040797997 0.015474854
v 0.004905539 0.040916875 0.01594356
v 0.004223301 0.040975172 0.001448161
v 0.0047565065 0.041302085 0.0013849
v 0.0059024016 0.041334093 0.001382024
v 0.006147478 0.040990032 0.0014539119
v 0.0077603417 0.04087458 0.0017615901
v 0.009166768 0.04367393 0.0014999197
v 0.008954811 0.043838527 0.0013920884
v 0.009139169 0.04419859 0.0013791486
v 0.009485808 0.044840988 0.0013791486
v 0.010042196 0.045445666 0.0014999197
v 0.009728676 0.04552911 0.0013791486
v 0.010309352 0.045374796 0.0017083935
v 0.010508062 0.045321073 0.001987317
v 0.010663718 0.046162363 0.001987317
v 0.010780737 0.04615093 0.0023122486
v 0.010830414 0.04698079 0.0025523528
v 0.0108359335 0.046672165 0.014839368
v 0.010811647 0.046672165 0.015079472
v 0.010738786 0.045837734 0.015079472
v 0.010622872 0.04585602 0.015404403
v 0.010430785 0.04505817 0.015404403
v 0.010122785 0.044296894 0.015404403
v 0.009938426 0.04438834 0.015683327
v 0.009690039 0.044511788 0.015891802
v 0.009308074 0.043867104 0.015891802
v 0.009166768 0.04367393 0.015891802
v 0.0076079974 0.04090316 0.015680451
v 0.0054884222 0.040919162 0.015946437
v 0.0058891545 0.041422106 0.01602695
v 0.0042343405 0.04147583 0.01602695
v 0.0042497953 0.040984314 0.015942123
v 0.004096347 0.04099346 0.0014495985
v 0.004180247 0.041387815 0.001383462
v 0.0042961612 0.041639287 0.0013518315
v 0.0047796895 0.041571848 0.0013532694
v 0.005875907 0.04151355 0.0013547069
v 0.0061287107 0.04146897 0.0013662088
v 0.00634398 0.041024324 0.0014654137
v 0.0072977887 0.0409626 0.0016221288
v 0.00638593 0.0415467 0.0013690847
v 0.008293548 0.043119546 0.0013791486
v 0.008507713 0.042930942 0.0014797915
v 0.008909549 0.04387282 0.0013791486
v 0.008710839 0.044025987 0.0013518315
v 0.008928316 0.044334613 0.0013518315
v 0.009256188 0.04494272 0.0013518315
v 0.010183502 0.046212655 0.0014999197
v 0.010459488 0.04618408 0.0017083935
v 0.00986115 0.04624695 0.0013791486
v 0.009485808 0.045594264 0.0013518315
v 0.009611659 0.04627324 0.0013518315
v 0.0106869005 0.04701737 0.001987317
v 0.010803919 0.047023084 0.0023122486
v 0.010828206 0.047024228 0.0025523528
v 0.010830414 0.04698079 0.014839368
v 0.010758657 0.047508884 0.015079472
v 0.010641639 0.04749288 0.015404403
v 0.010693524 0.04667331 0.015404403
v 0.010488191 0.046675593 0.015683327
v 0.010419746 0.045889173 0.015683327
v 0.010235388 0.045121036 0.015683327
v 0.009971544 0.045205623 0.015891802
v 0.00966244 0.04530507 0.016012572
v 0.009398596 0.044655815 0.016012572
v 0.009042023 0.04405228 0.016012572
v 0.008953706 0.04383967 0.015999632
v 0.008405046 0.04284178 0.015921993
v 0.007965676 0.042482864 0.015955063
v 0.007054921 0.041009463 0.015827103
v 0.0061176713 0.0409866 0.015942123
v 0.0061883237 0.041484974 0.016025512
v 0.006106632 0.04166215 0.01603989
v 0.005795319 0.041590136 0.01603989
v 0.005344909 0.041556988 0.01603989
v 0.004764234 0.041575275 0.01603989
v 0.0042685624 0.041646145 0.01603989
v 0.0038865977 0.041785598 0.01603989
v 0.00379497 0.041608423 0.016022636
v 0.0040864116 0.04100832 0.015940685
v 0.0036437297 0.04108376 0.001475478
v 0.0037872423 0.041612998 0.0013690847
v 0.004242068 0.04165186 0.0013518315
v 0.0040267985 0.041719303 0.0013518315
v 0.00387887 0.04178903 0.0013518315
v 0.0035874285 0.041975345 0.0013518315
v 0.0030431834 0.04246343 0.0013518315
v 0.0029460362 0.042565163 0.0013518315
v 0.002463612 0.043109257 0.0013518315
v 0.0018961842 0.043767657 0.0013518315
v 0.001656628 0.04405914 0.0013518315
v 0.0012834943 0.044640955 0.0013518315
v 0.0010053003 0.045273066 0.0013518315
v 0.00082866894 0.045940608 0.0013518315
v 0.0007580165 0.046627585 0.0013518315
v 0.00079444656 0.04731685 0.0013518315
v 0.00093795964 0.047993537 0.0013518315
v 0.0011852435 0.04863822 0.0013518315
v 0.0015285702 0.049238328 0.0013518315
v 0.0019602128 0.049776707 0.0013518315
v 0.0024713397 0.050241932 0.0013518315
v 0.003048703 0.050622568 0.0013518315
v 0.003676848 0.050908335 0.0013518315
v 0.004342527 0.051093508 0.0013518315
v 0.005029181 0.051173523 0.0013518315
v 0.005718043 0.05114609 0.0013518315
v 0.0060315635 0.05109694 0.0013518315
v 0.006395865 0.05101121 0.0013518315
v 0.007044985 0.050773453 0.0013518315
v 0.0076488433 0.050437395 0.0013518315
v 0.008193089 0.050012175 0.0013518315
v 0.008664473 0.049508087 0.0013518315
v 0.009053062 0.04893656 0.0013518315
v 0.009346711 0.048311308 0.0013518315
v 0.009541006 0.047648337 0.0013518315
v 0.009630425 0.0469625 0.0013518315
v 0.008029705 0.043199558 0.0013518315
v 0.007527409 0.042670324 0.0013518315
v 0.006983164 0.042175382 0.0013518315
v 0.006592368 0.041893046 0.0013518315
v 0.006240209 0.04170787 0.0013518315
v 0.0059653264 0.041616425 0.0013518315
v 0.0054012104 0.04155813 0.0013518315
v 0.006339564 0.041645 0.0013561449
v 0.006100008 0.04156156 0.0013561449
v 0.0063660587 0.041028894 0.0014668517
v 0.0068363394 0.041051757 0.0015229238
v 0.0073066205 0.04201421 0.0013992772
v 0.0077250153 0.04230112 0.0014222814
v 0.0067822463 0.041871328 0.0013590204
v 0.0068617305 0.04175702 0.001382024
v 0.007575983 0.042455427 0.0013676467
v 0.010204477 0.04699222 0.0014999197
v 0.009881021 0.04697622 0.0013791486
v 0.010481567 0.047005937 0.0017083935
v 0.010576506 0.047865517 0.001987317
v 0.01069242 0.04788952 0.0023122486
v 0.010375588 0.047823224 0.0017083935
v 0.010715604 0.047894094 0.0025523528
v 0.01078184 0.04751231 0.014839368
v 0.010580922 0.048328456 0.015079472
v 0.010468319 0.048295304 0.015404403
v 0.010650471 0.048168425 0.014839368
v 0.010438513 0.047464304 0.015683327
v 0.010211101 0.046679024 0.015891802
v 0.010147071 0.04593375 0.015891802
v 0.009825824 0.045986332 0.016012572
v 0.00957854 0.046026338 0.01603989
v 0.009422883 0.045381654 0.01603989
v 0.009174496 0.04476669 0.01603989
v 0.008909549 0.04387282 0.016012572
v 0.0088366885 0.044196304 0.01603989
v 0.008198608 0.043026958 0.01601401
v 0.0075020185 0.042145662 0.015982378
v 0.0067237373 0.041091762 0.015887488
v 0.007009659 0.041837037 0.016005384
v 0.0064764535 0.041582134 0.016019762
v 0.0064245677 0.04179817 0.01603989
v 0.006767895 0.04201078 0.01603989
v 0.0070394655 0.042222247 0.01603989
v 0.0072580464 0.042414278 0.01603989
v 0.007546176 0.042689756 0.01603989
v 0.008018665 0.04318813 0.01603989
v 0.008148931 0.043335583 0.01603989
v 0.008710839 0.044025987 0.01603989
v 0.009635945 0.046685882 0.01603989
v 0.009593995 0.047347713 0.01603989
v 0.009453794 0.047995824 0.01603989
v 0.009218654 0.048615362 0.01603989
v 0.008894093 0.049193747 0.01603989
v 0.0084867375 0.049717266 0.01603989
v 0.0080065215 0.05017449 0.01603989
v 0.0074633807 0.050553985 0.01603989
v 0.0068694577 0.050848894 0.01603989
v 0.0062380014 0.051052358 0.01603989
v 0.0060315635 0.05109694 0.01603989
v 0.0059112334 0.051118657 0.01603989
v 0.0052378266 0.05117695 0.01603989
v 0.00456442 0.05113123 0.01603989
v 0.0039042607 0.05098492 0.01603989
v 0.0032750117 0.05073916 0.01603989
v 0.0026899208 0.050400816 0.01603989
v 0.0021622349 0.049977884 0.01603989
v 0.0017063054 0.049480654 0.01603989
v 0.0013298602 0.048919413 0.01603989
v 0.0010439381 0.048306737 0.01603989
v 0.0008540596 0.047658622 0.01603989
v 0.00076353597 0.046988793 0.01603989
v 0.00077678356 0.04631439 0.01603989
v 0.00089269783 0.045647986 0.01603989
v 0.001107967 0.045007873 0.01603989
v 0.0014181756 0.044406626 0.01603989
v 0.0018155961 0.043860245 0.01603989
v 0.002463612 0.043109257 0.01603989
v 0.0030431834 0.04246343 0.01603989
v 0.0032661804 0.04224625 0.01603989
v 0.0035465825 0.04200735 0.01603989
v 0.0038071135 0.04183018 0.01603989
v 0.003390926 0.041806173 0.016012572
v 0.003533335 0.04112034 0.015904741
v 0.0031027964 0.041219786 0.0015531164
v 0.0030122728 0.042048503 0.0013949638
v 0.0033843024 0.041811887 0.0013791486
v 0.007190706 0.04214909 0.0013618958
v 0.010105122 0.04776607 0.0014999197
v 0.009787185 0.04769977 0.0013791486
v 0.01033695 0.048686232 0.001987317
v 0.010446241 0.048728526 0.0023122486
v 0.010650471 0.048168425 0.0025523528
v 0.010144863 0.048613075 0.0017083935
v 0.010283961 0.049112592 0.015079472
v 0.010177982 0.04906344 0.015404403
v 0.010604105 0.048335314 0.014839368
v 0.01030604 0.049122877 0.014839368
v 0.009991415 0.048976567 0.015683327
v 0.010270713 0.04823701 0.015683327
v 0.0100057665 0.04815814 0.015891802
v 0.010163631 0.04742658 0.015891802
v 0.009842383 0.047382005 0.016012572
v 0.0098865405 0.04668245 0.016012572
v 0.007370649 0.042289685 0.01602695
v 0.002809147 0.042427994 0.016024074
v 0.0030177925 0.042041644 0.01599532
v 0.0030586384 0.04124036 0.015829977
v 0.0025982934 0.041385528 0.001676763
v 0.0014678533 0.04338359 0.0014999197
v 0.002018722 0.04283264 0.0014697271
v 0.0016599398 0.04355619 0.0013949638
v 0.002665634 0.04230112 0.0014165305
v 0.0025309527 0.04141296 0.015694829
v 0.0022174323 0.043002952 0.0013805865
v 0.002808043 0.042433713 0.0013676467
v 0.009885436 0.048515916 0.0014999197
v 0.009581852 0.048400465 0.0013791486
v 0.009971544 0.04946008 0.001987317
v 0.010074211 0.049518377 0.0023122486
v 0.009793809 0.04935835 0.0017083935
v 0.010223243 0.04929205 0.0025523528
v 0.010469424 0.048736524 0.0025523528
v 0.009873293 0.049844146 0.015079472
v 0.010223243 0.04929205 0.014839368
v 0.0097750425 0.049778994 0.015404403
v 0.009603931 0.04966583 0.015683327
v 0.00974082 0.048858833 0.015891802
v 0.009694453 0.048066694 0.016012572
v 0.0016257174 0.043699075 0.016012572
v 0.0017107213 0.04360077 0.016012572
v 0.0022152243 0.04299838 0.016009696
v 0.0026689458 0.0422954 0.01597519
v 0.001656628 0.04355162 0.01599532
v 0.002018722 0.042829208 0.015920557
v 0.0013795376 0.043489896 0.01589324
v 0.0020750233 0.04159928 0.001862233
v 0.0011973865 0.043711647 0.0014999197
v 0.0014557098 0.04390711 0.0013791486
v 0.0017096172 0.04360077 0.0013791486
v 0.0020750233 0.041601565 0.015529487
v 0.00040144194 0.042285115 0.0029391078
v 0.009553149 0.04922118 0.0014999197
v 0.0092705395 0.04906001 0.0013791486
v 0.009491328 0.050168775 0.001987317
v 0.009582955 0.050241932 0.0023122486
v 0.009602826 0.05025679 0.0025523528
v 0.0100951865 0.04953095 0.0025523528
v 0.009114883 0.049867008 0.0014999197
v 0.009331256 0.050039608 0.0017083935
v 0.009358855 0.050505977 0.015079472
v 0.009271643 0.050427105 0.015404403
v 0.009893164 0.049857862 0.014839368
v 0.009568604 0.050299082 0.014839368
v 0.009119298 0.050288796 0.015683327
v 0.008913965 0.05010362 0.015891802
v 0.009373206 0.049512662 0.015891802
v 0.009446066 0.048721664 0.016012572
v 0.0012051142 0.04427632 0.016012572
v 0.000930232 0.044106003 0.01589324
v 0.0016400688 0.04181303 0.0020678313
v 0.0009765974 0.04354476 0.0017083935
v 0.0005317074 0.044237453 0.0017083935
v 0.0007756795 0.044368908 0.0014999197
v 0.0010627052 0.044522077 0.0013791486
v 0.0015760399 0.04184961 0.015290821
v 0.00046215905 0.042273685 0.014505809
v 0.0006961953 0.04396198 0.01568764
v -0.00022118306 0.043089826 0.0037356215
v 6.2296167e-06 0.04492443 0.001987317
v 0.0007999665 0.042209674 0.002611301
v -0.00022007897 0.043089826 0.013656099
v 0.0088609755 0.049664687 0.0013791486
v 0.0089073405 0.050792884 0.001987317
v 0.008986825 0.050879758 0.0023122486
v 0.008768244 0.050642 0.0017083935
v 0.009568604 0.050299082 0.0025523528
v 0.008581677 0.050437395 0.0014999197
v 0.00875058 0.051084362 0.015079472
v 0.0086766165 0.05099292 0.015404403
v 0.009376518 0.05052198 0.014839368
v 0.0087660365 0.051102653 0.014839368
v 0.0085463505 0.050834034 0.015683327
v 0.008370823 0.05061914 0.015891802
v 0.00816549 0.05036881 0.016012572
v 0.008673305 0.049885295 0.016012572
v 0.009102739 0.049332056 0.016012572
v 0.0008783466 0.044910714 0.016012572
v 0.000580281 0.044784978 0.01589324
v 0.0003263736 0.04467639 0.01568764
v 0.000200524 0.044991873 0.0017083935
v 0.00046215905 0.045083318 0.0014999197
v 0.0007690559 0.045190763 0.0013791486
v 0.0001364951 0.044596374 0.015411593
v -0.00012955582 0.045389656 0.015411593
v -0.00044197217 0.04659787 0.0025523528
v -0.00041326974 0.04615436 0.0025523528
v -0.0003282656 0.045730285 0.0023122486
v -0.00021235133 0.04575086 0.001987317
v -0.0004176856 0.046198938 0.014839368
v -0.0002454701 0.045359936 0.015088098
v -0.00039119087 0.04620237 0.015088098
v -0.00041326974 0.04615436 0.014839368
v 0.0083619915 0.05019735 0.0013791486
v 0.00823283 0.051319834 0.001987317
v 0.008297963 0.051418137 0.0023122486
v 0.008714151 0.051144946 0.0025523528
v 0.009003384 0.050898045 0.0025523528
v 0.007966779 0.050917476 0.0014999197
v 0.008119124 0.051148374 0.0017083935
v 0.0077868365 0.050646573 0.0013791486
v 0.008063927 0.05156559 0.015079472
v 0.008714151 0.051144946 0.014839368
v 0.00800321 0.051463857 0.015404403
v 0.007898334 0.051286682 0.015683327
v 0.00775703 0.051048927 0.015891802
v 0.0075914385 0.050770022 0.016012572
v 0.0006509335 0.045587406 0.016012572
v 0.00033741305 0.04550739 0.01589324
v 7.025851e-05 0.04543995 0.01568764
v -9.225681e-06 0.045788582 0.0017083935
v 0.00026234472 0.045837734 0.0014999197
v 0.0005824892 0.04589603 0.0013791486
v -0.00027306844 0.0462138 0.015411593
v -0.00040885387 0.04735457 0.0025523528
v -0.0004176856 0.04659787 0.0023122486
v -0.00043424452 0.04705623 0.014839368
v -0.00029956317 0.046601295 0.001987317
v -9.4229355e-05 0.046605866 0.0017083935
v -0.0004077498 0.047055088 0.015088098
v 0.0074854596 0.051735908 0.001987317
v 0.0075340327 0.05184221 0.0023122486
v 0.0077007287 0.05178963 0.0025523528
v 0.00831121 0.05143871 0.0025523528
v 0.0072845416 0.05129697 0.0014999197
v 0.007148756 0.051002063 0.0013791486
v 0.0073993513 0.051548444 0.0017083935
v 0.00731214 0.05193823 0.015079472
v 0.0072679822 0.051829636 0.015404403
v 0.00807607 0.051586166 0.014839368
v 0.0077007287 0.05178963 0.014839368
v 0.007190706 0.051638745 0.015683327
v 0.007086935 0.0513827 0.015891802
v 0.006964397 0.05108208 0.016012572
v 0.00052839564 0.046290383 0.016012572
v 0.00020714756 0.046259522 0.01589324
v -6.7734625e-05 0.046233233 0.01568764
v 0.000182861 0.046612725 0.0014999197
v 0.00050742086 0.046620727 0.0013791486
v -0.00028852373 0.04704823 0.015411593
v -8.318992e-05 0.0470368 0.01568764
v -0.00039450265 0.04747459 0.0025523528
v -0.00037021562 0.047471162 0.0023122486
v -0.00040885387 0.04735457 0.014839368
v -0.00025430135 0.047455158 0.001987317
v -5.0071627e-05 0.04742887 0.0017083935
v 0.00022370694 0.04739229 0.0014999197
v -0.0002951473 0.047902092 0.015088098
v 0.0066817873 0.052030813 0.001987317
v 0.0067138015 0.052143976 0.0023122486
v 0.0075439685 0.05186507 0.0025523528
v 0.006551522 0.05156559 0.0014999197
v 0.00662659 0.051831923 0.0017083935
v 0.00646431 0.051253535 0.0013791486
v 0.007322076 0.051961087 0.014839368
v 0.0065736007 0.0522057 0.014839368
v 0.0065139877 0.052195415 0.015079472
v 0.006486389 0.052081108 0.015404403
v 0.0064389193 0.051881075 0.015683327
v 0.0063737864 0.051612455 0.015891802
v 0.0062976144 0.05129697 0.016012572
v 0.0005151485 0.04700251 0.016012572
v 0.00019279635 0.047020797 0.01589324
v 0.0005460591 0.047349997 0.0013791486
v -0.00017812941 0.047876947 0.015411593
v 0.00029325532 0.0477775 0.01589324
v 2.3892615e-05 0.047834653 0.01568764
v -0.00021235133 0.048333026 0.0025523528
v -0.00018916884 0.04832617 0.0023122486
v -0.0003205384 0.04790781 0.014839368
v -7.656636e-05 0.04829302 0.001987317
v 0.000121039804 0.048234724 0.0017083935
v 0.00038598664 0.04815585 0.0014999197
v 0.0006972994 0.048064407 0.0013791486
v 5.701091e-05 0.048679374 0.015411593
v -5.4487493e-05 0.048721664 0.015088098
v -0.0001505306 0.04852849 0.014839368
v 0.0058427886 0.05219656 0.001987317
v 0.005818502 0.051993094 0.0017083935
v 0.00585714 0.05231315 0.0023122486
v 0.006257872 0.052275427 0.0025523528
v 0.0065736007 0.0522057 0.0025523528
v 0.006720425 0.05216684 0.0025523528
v 0.0057864874 0.051717617 0.0014999197
v 0.0057478496 0.051395275 0.0013791486
v 0.006519507 0.05221942 0.014839368
v 0.006253456 0.05225028 0.015088098
v 0.006257872 0.052275427 0.014839368
v 0.0062302733 0.052132547 0.015411593
v 0.0061916355 0.051930226 0.01568764
v 0.00613975 0.05165932 0.01589324
v 0.006079033 0.051342696 0.016012572
v 0.0006089839 0.04771006 0.016012572
v 0.00025020167 0.04860736 0.01568764
v 0.00050852494 0.048509058 0.01589324
v 0.00080990186 0.04839475 0.016012572
v -0.0001505306 0.04852849 0.0025523528
v 0.00012214389 0.04914231 0.0023122486
v 0.00022812281 0.049092017 0.001987317
v 0.00041468954 0.049004 0.0017083935
v 0.0006641811 0.048885122 0.0014999197
v 0.00095783034 0.04874567 0.0013791486
v 0.00041137775 0.049437217 0.015411593
v 0.00030760653 0.049495514 0.015088098
v 0.00028442405 0.049508087 0.014839368
v -7.877406e-05 0.04873081 0.014839368
v 0.004989439 0.05223085 0.001987317
v 0.0049850233 0.052348584 0.0023122486
v 0.005007102 0.05174848 0.0014999197
v 0.0049971663 0.0520251 0.0017083935
v 0.0053835474 0.05237373 0.0025523528
v 0.005859348 0.052337155 0.0025523528
v 0.0061044237 0.05230286 0.014839368
v 0.0050192457 0.051424995 0.0013791486
v 0.006100008 0.052277714 0.015088098
v 0.006080137 0.05215998 0.015411593
v 0.006047019 0.051956516 0.01568764
v 0.0060028606 0.05168447 0.01589324
v 0.005950975 0.051365554 0.016012572
v 0.00083087664 0.049200606 0.01589324
v 0.00059132045 0.049335487 0.01568764
v 0.0011123829 0.049041722 0.016012572
v 0.00010006502 0.049152598 0.0025523528
v 0.00055709854 0.049900156 0.0023122486
v 0.00034955656 0.049620107 0.0025523528
v 0.0006542457 0.04983386 0.001987317
v 0.0008242531 0.04971841 0.0017083935
v 0.0010527698 0.049561813 0.0014999197
v 0.0013210285 0.049378924 0.0013791486
v 0.00087724254 0.050132196 0.015411593
v 0.00078340713 0.050205354 0.015088098
v 0.0010384186 0.050005317 0.01568764
v 0.00034955656 0.04962125 0.014839368
v 0.00034955656 0.04962125 0.0135195125
v 0.004139401 0.052132547 0.001987317
v 0.004116218 0.052247994 0.0023122486
v 0.004185767 0.052285716 0.0025523528
v 0.004983919 0.05237259 0.0025523528
v 0.0042321323 0.05165932 0.0014999197
v 0.004179143 0.051930226 0.0017083935
v 0.005248866 0.05237716 0.014839368
v 0.0053835474 0.05237373 0.014839368
v 0.0042939535 0.05134041 0.0013791486
v 0.005248866 0.05235087 0.015088098
v 0.005247762 0.05223085 0.015411593
v 0.0052455543 0.0520251 0.01568764
v 0.0052433466 0.051749624 0.01589324
v 0.0052400343 0.05142614 0.016012572
v 0.001255896 0.04983386 0.01589324
v 0.0015098031 0.049634967 0.016012572
v 0.0011035511 0.050581418 0.0023122486
v 0.0011896589 0.050501406 0.001987317
v 0.0005372274 0.049913872 0.0025523528
v 0.0010858881 0.050598565 0.0025523528
v 0.0013397955 0.05036081 0.0017083935
v 0.0015407137 0.050171062 0.0014999197
v 0.001778062 0.049948163 0.0013791486
v 0.0014424624 0.050748304 0.015411593
v 0.0013607705 0.050835177 0.015088098
v 0.0010704328 0.05058256 0.014839368
v 0.00076243235 0.050222497 0.014839368
v 0.0017714382 0.050396245 0.01589324
v 0.0015826635 0.05059742 0.01568764
v 0.003314754 0.051902793 0.001987317
v 0.0032750117 0.05201367 0.0023122486
v 0.0033854065 0.051709615 0.0017083935
v 0.0032661804 0.05203653 0.0025523528
v 0.004111802 0.052272 0.0025523528
v 0.004185767 0.052285716 0.014839368
v 0.0043933084 0.052318864 0.014839368
v 0.0034803455 0.05145014 0.0014999197
v 0.0035907403 0.051144946 0.0013791486
v 0.00439662 0.052293718 0.015088098
v 0.0044142837 0.05217484 0.015411593
v 0.004442986 0.051971376 0.01568764
v 0.004482728 0.051698186 0.01589324
v 0.004529094 0.05137813 0.016012572
v 0.0019922273 0.050160773 0.016012572
v 0.0017493593 0.051170092 0.0023122486
v 0.0018222197 0.051077504 0.001987317
v 0.0019480695 0.05091519 0.0017083935
v 0.0010704328 0.05058256 0.0038722078
v 0.0017350081 0.051189523 0.0025523528
v 0.0013431075 0.05085461 0.014839368
v 0.0021180771 0.05069687 0.0014999197
v 0.0023178912 0.050439678 0.0013791486
v 0.0020948942 0.051271826 0.015411593
v 0.0022108085 0.05110151 0.01568764
v 0.0020275535 0.05137013 0.015088098
v 0.0020120984 0.051391847 0.014839368
v 0.0023664648 0.05087404 0.01589324
v 0.0025486157 0.050607707 0.016012572
v 0.0025364724 0.051548444 0.001987317
v 0.0024790673 0.05165132 0.0023122486
v 0.0026358275 0.051368985 0.0017083935
v 0.0030332478 0.051945087 0.0025523528
v 0.0030332478 0.051945087 0.014839368
v 0.0035554138 0.052132547 0.014839368
v 0.0035631415 0.0521074 0.015088098
v 0.0027694048 0.051126655 0.0014999197
v 0.002927269 0.050842036 0.0013791486
v 0.0035973638 0.051993094 0.015411593
v 0.003658081 0.05179649 0.01568764
v 0.003737565 0.05153244 0.01589324
v 0.0038325042 0.051223814 0.016012572
v 0.00197898 0.051368985 0.0025523528
v 0.00197898 0.051368985 0.0135195125
v 0.0028190825 0.051690184 0.015411593
v 0.0027671969 0.051797632 0.015088098
v 0.002907398 0.051503867 0.01568764
v 0.0027561574 0.051821634 0.014839368
v 0.0024680279 0.051673036 0.0025523528
v 0.003027728 0.051255822 0.01589324
v 0.0031668253 0.05096434 0.016012572
vn -0.050442334 -0.99814904 -0.033969905
vn 0.005516924 -0.94947493 -0.31379434
vn 0.031437494 -0.90927327 -0.41501063
vn 0.38997787 -0.26489064 -0.8819015
vn 0.51801264 -0.2788628 -0.80863994
vn 0.5318712 -0.28107846 -0.79881656
vn 0.7353151 -0.32822624 -0.59294105
vn 0.7396782 -0.32970834 -0.5866589
vn 0.6725429 -0.7400582 0
vn 0.5857668 -0.8099789 0.028484404
vn -0.03567443 -0.99934536 0.006012488
vn -0.056803558 -0.99838537 0.0002265755
vn -0.016020024 -0.16471294 -0.9862115
vn -0.008293907 -0.16411957 -0.98640555
vn -0.096803464 -0.99530333 0.0005532609
vn -0.003356791 -0.16261338 -0.98668414
vn 0.0017883419 -0.15281911 -0.9882525
vn 0.032776736 -0.18198927 -0.9827541
vn 0.085077696 -0.7003037 -0.70875704
vn 0.060621507 -0.8309672 -0.55300874
vn 0.31728828 -0.24504459 -0.9161229
vn 0.3642563 -0.2572136 -0.8950746
vn 0.3048334 -0.21525307 -0.92776215
vn 0.29484272 -0.18465634 -0.93753386
vn 0.30693626 -0.1656238 -0.937208
vn 0.3077186 -0.16565476 -0.9369459
vn 0.5675321 -0.20000967 -0.7986885
vn 0.32955772 -0.11631515 -0.9369431
vn 0.329926 -0.116272524 -0.9368188
vn 0.5693287 -0.19972444 -0.79748046
vn 0.75996846 -0.26660213 -0.5927657
vn 0.7605265 -0.26737636 -0.5917004
vn 0.788306 -0.27714273 -0.549332
vn 0.89850235 -0.16624118 -0.40627253
vn 0.93134326 -0.13039275 -0.33999616
vn 0.99409866 -0.029287277 -0.10445139
vn 0.9999997 0.0006433038 -0.00043309192
vn 0.9999998 -0.0005514721 0
vn 0.9944229 -0.03171686 0.10058404
vn 0.96645254 -0.084388934 0.24258594
vn 0.9314224 -0.13077778 0.3396313
vn 0.86018443 -0.2070938 0.46604162
vn 0.75826967 -0.3067839 0.5752483
vn 0.72959614 -0.33962715 0.5935848
vn 0.6940131 -0.37992585 0.6115572
vn 0.51924527 -0.30406108 0.7987059
vn 0.505721 -0.29963186 0.8089914
vn 0.34473157 -0.25216857 0.90419644
vn 0.3001519 -0.23929332 0.9233892
vn 0.0683312 -0.80244833 0.5927963
vn 0.0024939943 -0.96504736 0.26206347
vn -0.004267203 -0.15475316 0.98794395
vn -0.0049800146 -0.15339968 0.98815167
vn -0.019709155 -0.17063685 0.98513687
vn -0.102305554 -0.9947527 0.00081443606
vn -0.03397181 -0.15826836 -0.9868116
vn -0.020891936 -0.15699257 -0.9873788
vn -0.14256617 -0.9897849 0.00088489696
vn -0.015068782 -0.11794329 -0.99290603
vn -0.01313183 -0.11533176 -0.9932403
vn -0.0048686345 -0.11604098 -0.99323255
vn 0.0017152601 -0.15023842 -0.9886484
vn 0.018939026 -0.14772579 -0.988847
vn 0.037714083 -0.17856655 -0.9832048
vn 0.12315724 -0.40130535 -0.9076268
vn 0.0902921 -0.6793572 -0.7282315
vn 0.064557925 -0.17730083 -0.98203695
vn 0.08998917 -0.18759686 -0.97811526
vn 0.24328256 -0.21876214 -0.94496393
vn 0.249508 -0.2199182 -0.9430704
vn 0.29031634 -0.2327124 -0.9282033
vn 0.29111663 -0.23299477 -0.9278818
vn 0.17210324 -0.1407403 -0.9749731
vn 0.18170205 -0.12807232 -0.9749778
vn 0.2531112 -0.21581957 -0.94305706
vn 0.08855201 -0.0624157 -0.99411416
vn 0.08854298 -0.062392954 -0.9941163
vn 0.09553409 -0.0515505 -0.99409044
vn 0.09546095 -0.051469374 -0.99410164
vn 0.10227203 -0.036096215 -0.99410135
vn 0.5919344 -0.10905477 -0.7985742
vn 0.5931583 -0.110041246 -0.79753006
vn 0.34398043 -0.06347992 -0.93682855
vn 0.34421137 -0.063415624 -0.93674815
vn 0.10215693 -0.036002755 -0.99411654
vn 0.10651864 -0.019743625 -0.99411476
vn 0.10676781 -0.019703485 -0.9940887
vn 0.79201925 -0.1469334 -0.5925504
vn 0.79263705 -0.14665392 -0.59179324
vn 0.94025517 -0.025493905 -0.33951476
vn 0.80583405 -0.021849236 -0.5917383
vn 0.9406932 -0.02500431 -0.33833572
vn 0.99310315 -0.026397403 -0.11423357
vn 0.9936299 0.050491057 -0.10074816
vn 0.99871147 0.050749272 -0
vn 0.9998401 0.017882736 -0
vn 0.994766 0.01779198 0.10061872
vn 0.93824893 0.059420418 0.3408197
vn 0.9382322 0.059397023 0.34087
vn 0.936647 -0.08097023 0.34078777
vn 0.93723774 -0.08183795 0.33895147
vn 0.9855823 0.062418092 0.15726247
vn 0.8031023 -0.06942571 0.5917828
vn 0.8024183 -0.06983715 0.59266156
vn 0.7831853 -0.18796998 0.59269565
vn 0.7838154 -0.18870756 0.5916274
vn 0.7473253 -0.30235603 0.59168047
vn 0.746507 -0.30255848 0.59260905
vn 0.5582088 -0.22624142 0.7982592
vn 0.5577652 -0.22629844 0.7985531
vn 0.32381088 -0.13137768 0.936956
vn 0.32337922 -0.1314146 0.93709975
vn 0.30056173 -0.17757462 0.9370858
vn 0.30107522 -0.17838241 0.93676764
vn 0.29910502 -0.18126383 0.93684554
vn 0.29952234 -0.21909809 0.9285916
vn 0.28982 -0.23159976 0.92863667
vn 0.29531828 -0.23674284 0.92560244
vn 0.25123018 -0.2207127 0.9424274
vn 0.21178715 -0.21373428 0.9536581
vn 0.11516819 -0.54578716 0.8299715
vn 0.08153566 -0.7164611 0.6928458
vn 0.02582584 -0.17804834 0.9836828
vn 0.019873304 -0.071761645 0.99722385
vn 0.015737476 -0.06803268 0.997559
vn 0.0054288036 -0.07376656 0.9972608
vn -0.0034403978 -0.10924171 0.99400926
vn -0.0035792596 -0.110252105 0.9938972
vn 0.040557656 -0.17048249 0.98452574
vn -0.010530095 -0.0736486 0.9972287
vn -0.025769109 -0.07058238 0.9971731
vn -0.03378679 -0.07954472 0.9962585
vn -0.058887735 -0.16309148 0.984852
vn -0.0337916 -0.17100267 0.98469096
vn -0.1453758 -0.98937607 0.0009149037
vn -0.09052184 -0.17262879 -0.98081857
vn -0.05233448 -0.15433158 -0.9866321
vn -0.19560477 -0.9806824 0.0008715507
vn -0.028073192 -0.112412564 -0.993265
vn -0.026228456 -0.11284463 -0.99326646
vn 0 0 -1
vn 0 0 -0.99999994
vn -0.0033041886 -0.04499132 -0.99898195
vn -0.0048521743 -0.11573237 -0.99326867
vn 0.016645823 -0.047788553 -0.9987188
vn 0.027702933 -0.09952513 -0.99464935
vn 0.0031718942 -0.030695042 -0.99952376
vn 0.013069794 -0.03928778 -0.9991424
vn 0.015557858 -0.043948926 -0.99891263
vn 0.033988073 -0.0975765 -0.99464744
vn 0.044287395 -0.109817006 -0.99296474
vn 0.12749511 -0.32056144 -0.9386083
vn 0.12803932 -0.36388457 -0.92260164
vn 0.10260714 -0.18835407 -0.9767265
vn 0.16753224 -0.20572668 -0.96416247
vn 0.19329837 -0.20495388 -0.95949453
vn 0.24312887 -0.21869731 -0.9450184
vn 0.059036687 -0.10285738 -0.9929426
vn 0.087654054 -0.1375977 -0.98660207
vn 0.1098548 -0.18847875 -0.9759137
vn 0.08146068 -0.070798546 -0.99415886
vn 0.08235926 -0.06787958 -0.9942883
vn 0.083824955 -0.06854925 -0.99411994
vn 0.17587255 -0.17324321 -0.9690488
vn 0.60159606 -0.016186744 -0.7986365
vn 0.34993517 -0.009535259 -0.93672526
vn 0.350184 -0.009422168 -0.9366336
vn 0.60164297 -0.016162941 -0.7986016
vn 0.8055515 -0.02164088 -0.59213036
vn 0.10853236 -0.0029573601 -0.9940885
vn 0.108525686 -0.0029547738 -0.9940892
vn 0.93203765 0.12131333 -0.34145117
vn 0.93336064 0.12011126 -0.33824718
vn 0.7989512 0.1036012 -0.5924051
vn 0.79945177 0.10405606 -0.5916496
vn 0.9868075 0.12698917 -0.10042244
vn 0.9869779 0.12776232 -0.09773246
vn 0.99172455 0.12837677 -0.00135724
vn 0.9958504 0.091005996 0.00014282897
vn 0.9911548 0.09057688 0.096994445
vn 0.9194274 0.19939066 0.33896396
vn 0.91897 0.19849351 0.34072644
vn 0.9759128 0.19540116 0.09701902
vn 0.9676003 0.2098376 0.14041984
vn 0.78817815 0.17024307 0.59143263
vn 0.8048189 0.050950978 0.5913294
vn 0.80448043 0.05067094 0.59181404
vn 0.60108066 0.03785961 0.798291
vn 0.60000545 -0.051548783 0.7983334
vn 0.60113084 -0.052318428 0.79743606
vn 0.5866928 -0.14081042 0.79747355
vn 0.5855089 -0.14114688 0.7982837
vn 0.33972815 -0.081897244 0.93695116
vn 0.10571409 -0.025352884 0.9940733
vn 0.10524017 -0.02540986 0.99412215
vn 0.1003992 -0.04055185 0.99412054
vn 0.10088898 -0.04099919 0.9940526
vn 0.339042 -0.08131075 0.9372508
vn 0.093765266 -0.05539738 0.99405193
vn 0.18357997 -0.13551378 0.9736193
vn 0.09343801 -0.055338006 0.994086
vn 0.08713936 -0.06432393 0.99411726
vn 0.17568512 -0.14600727 0.9735588
vn 0.23877527 -0.20505619 0.9491777
vn 0.23916335 -0.2053336 0.94901997
vn 0.19263014 -0.18683323 0.96332085
vn 0.21151419 -0.21357396 0.9537547
vn 0.124131955 -0.21175571 0.96940744
vn 0.16963354 -0.19866815 0.9652748
vn 0.12679727 -0.2022633 0.97108805
vn 0.12244986 -0.20073381 0.9719629
vn 0.12191342 -0.20018461 0.9721437
vn 0.07871707 -0.1753612 0.9813522
vn 0.04731318 -0.08139097 0.9955587
vn 0.028919509 -0.06759628 0.9972936
vn 0 0 1
vn 0 0 0.99999994
vn -0.042180687 -0.0752054 0.9962755
vn -0.0508022 -0.07470489 0.9959108
vn -0.065891825 -0.08402987 0.9942823
vn -0.11088411 -0.17678809 0.9779829
vn -0.10050192 -0.18237656 0.97807884
vn -0.19856828 -0.98008657 0.00096535153
vn -0.18915258 -0.20396957 -0.96052986
vn -0.1588247 -0.18489584 -0.9698393
vn -0.10734542 -0.16789085 -0.97994363
vn -0.2437915 -0.9698275 0.00059335266
vn -0.066227585 -0.08386311 -0.994274
vn -0.04683593 -0.07326202 -0.9962123
vn -0.03695701 -0.078406535 -0.99623626
vn -0.029657984 -0.09466506 -0.9950673
vn 0.019686114 -0.03743794 -0.999105
vn 0.032069445 -0.05004368 -0.998232
vn 0.12555069 -0.19870591 -0.971984
vn 0.1525249 -0.1988968 -0.9680786
vn 0.13010445 -0.15940778 -0.9786021
vn 0.1367885 -0.1536654 -0.9786091
vn 0.1735927 -0.17545004 -0.96906286
vn 0.09638718 -0.13152774 -0.98661536
vn 0.032634817 -0.0451716 -0.99844605
vn 0.041890956 -0.051272884 -0.9978057
vn 0.062024467 -0.059303425 -0.9963112
vn 0.062394336 -0.059218507 -0.99629325
vn 0.59701633 0.076651424 -0.79855883
vn 0.34750447 0.04461639 -0.93661636
vn 0.107600674 0.013954566 -0.99409634
vn 0.3465401 0.044942252 -0.9369579
vn 0.598312 0.07758402 -0.79749817
vn 0.10738632 0.014000972 -0.9941188
vn 0.9022914 0.2633668 -0.34133285
vn 0.77386993 0.22588229 -0.59169465
vn 0.9030012 0.26495656 -0.3382113
vn 0.94758433 0.27803805 -0.15741268
vn 0.9682816 0.22989455 -0.09787314
vn 0.57902324 0.16913962 -0.7975737
vn 0.7735924 0.2259756 -0.5920218
vn 0.9729529 0.23100364 0
vn 0.980538 0.19632724 0.00081442366
vn 0.88029695 0.3333776 0.3375453
vn 0.880051 0.3326381 0.338913
vn 0.95866007 0.26633906 0.10017162
vn 0.93057966 0.35219166 0.09991256
vn 0.93043417 0.3523651 0.10065291
vn 0.75343233 0.2847793 0.5926554
vn 0.75322145 0.28445897 0.5930772
vn 0.78678244 0.17085668 0.59311163
vn 0.96350634 0.26768544 0
vn 0.5894738 0.12800938 0.7975802
vn 0.5882759 0.12694563 0.79863393
vn 0.6005161 0.03813244 0.79870284
vn 0.3491116 0.022168398 0.9368189
vn 0.3488624 0.022021154 0.9369152
vn 0.34830895 -0.029924558 0.93690205
vn 0.34738487 -0.030299477 0.9372329
vn 0.10828784 -0.009445045 0.9940747
vn 0.108236246 -0.009420579 0.9940806
vn 0.08707264 -0.06433937 0.99412215
vn 0.08398064 -0.068350375 0.9941204
vn 0.0849131 -0.069679245 0.993949
vn 0.1566396 -0.158798 0.9748063
vn 0.0798332 -0.0705272 0.99431014
vn 0.07908542 -0.07136211 0.9943103
vn 0.14929515 -0.16550846 0.9748425
vn 0.07963892 -0.11071069 0.9906568
vn 0.062646896 -0.08927069 0.9940352
vn 0.049998485 -0.08073876 0.9954804
vn -0.06457217 -0.075790025 0.9950309
vn -0.0682256 -0.082223274 0.9942758
vn -0.13845937 -0.14765726 0.97929895
vn -0.16220956 -0.18604249 0.96905947
vn -0.20323946 -0.20779906 0.95682466
vn -0.24521899 -0.9694675 0.0006386702
vn -0.30853915 -0.25565305 -0.9162124
vn -0.2993645 -0.24884143 -0.9211182
vn -0.273379 -0.2320157 -0.9335056
vn -0.2583542 -0.2231713 -0.93991894
vn -0.20910151 -0.20530325 -0.9560999
vn -0.31097555 -0.9504178 0.00040783393
vn -0.3120338 -0.9500709 0.0003603041
vn -0.1805392 -0.16495444 -0.96963686
vn -0.1790586 -0.16372868 -0.970119
vn -0.12978508 -0.1384355 -0.98183066
vn -0.06812097 -0.081521414 -0.9943409
vn -0.058722895 -0.065479845 -0.9961244
vn 0.042478655 -0.046710096 -0.99800485
vn 0.57803786 0.16935071 -0.7982435
vn 0.3354108 0.098267026 -0.9369329
vn 0.103947006 0.030460943 -0.99411625
vn 0.3353617 0.09827539 -0.93694955
vn 0.10394019 0.030461341 -0.9941171
vn 0.85017455 0.40144768 -0.340651
vn 0.8512614 0.40095496 -0.33851025
vn 0.7290187 0.34339762 -0.5921231
vn 0.7296821 0.3445518 -0.59063375
vn 0.8933271 0.4207684 -0.15786251
vn 0.9095532 0.40306634 -0.10124562
vn 0.9478576 0.3020722 -0.101579726
vn 0.95278585 0.30364278 -0.00052884745
vn 0.54513896 0.25678274 -0.7980515
vn 0.82085574 0.46079838 0.33743265
vn 0.89361185 0.43735066 0.10090747
vn 0.8629301 0.4844174 0.1438448
vn 0.81935287 0.46139038 0.34026423
vn 0.70256263 0.395624 0.59151274
vn 0.7021509 0.3947286 0.592599
vn 0.9352587 0.3539625 0.0013063727
vn 0.91425085 0.40514812 -0.00058245624
vn 0.89819634 0.43959445 0
vn 0.52522755 0.29526752 0.79809344
vn 0.5637193 0.21315362 0.7979889
vn 0.56421256 0.21307854 0.79766023
vn 0.32711053 0.12368708 0.93685657
vn 0.34176236 0.07383886 0.93688107
vn 0.34194794 0.07378986 0.93681735
vn 0.10616243 0.022936733 0.9940842
vn 0.108380765 0.0068696137 0.9940858
vn 0.1084586 0.006846201 0.9940774
vn 0.06326204 -0.059976377 0.99619323
vn 0.053110823 -0.055550065 0.99704224
vn 0.050709527 -0.057720475 0.9970441
vn 0.052711852 -0.067693956 0.9963126
vn -0.058281265 -0.059842102 0.996505
vn -0.13425948 -0.11609596 0.98412204
vn -0.1444179 -0.12563612 0.98150855
vn -0.18193266 -0.16500488 0.9693677
vn -0.17856035 -0.16857536 0.9693805
vn -0.059305068 -0.05322089 0.9968201
vn -0.06502797 -0.056111574 0.99630463
vn -0.084146455 -0.069349 0.99403733
vn -0.20634376 -0.20781924 0.9561556
vn -0.2614723 -0.22574356 0.93844134
vn -0.28188658 -0.2374936 0.92958957
vn -0.29084113 -0.24311379 0.92536867
vn -0.3194469 -0.26403567 0.9100764
vn -0.43075857 -0.32347584 -0.84250253
vn -0.31277314 -0.25786644 -0.9141542
vn -0.3781621 -0.9257394 -4.9824575e-06
vn -0.29073983 -0.23970097 -0.92629033
vn -0.29063 -0.23982465 -0.9262927
vn -0.17763953 -0.147236 -0.9730189
vn -0.17458989 -0.15064506 -0.97304904
vn -0.20147686 -0.17799509 -0.9631847
vn -0.2819466 -0.20631729 -0.9369841
vn -0.43785426 -0.3228944 0.8390606
vn -0.38246313 -0.92397046 0.00067537976
vn -0.37917602 -0.92532456 3.4025306e-05
vn -0.1315942 -0.11415062 -0.9847094
vn -0.08716119 -0.072243266 -0.9935713
vn -0.08344397 -0.06882714 -0.99413276
vn -0.066259466 -0.057104267 -0.996167
vn -0.06191844 -0.054900393 -0.9965701
vn -0.059810445 -0.057113837 -0.9965745
vn 0.54502434 0.25678918 -0.7981277
vn 0.31610247 0.14893222 -0.93696237
vn 0.098032914 0.046041124 -0.99411756
vn 0.09847665 0.0464821 -0.9940532
vn 0.31554368 0.1489402 -0.9371494
vn 0.7783603 0.52742124 -0.34056148
vn 0.66796845 0.45261914 -0.59072345
vn 0.7784835 0.52854896 -0.33852527
vn 0.8229586 0.5587452 -0.10267926
vn 0.8233215 0.5584858 -0.101169094
vn 0.8768386 0.4700109 -0.10121138
vn 0.49854594 0.33831933 -0.7981178
vn 0.49868798 0.33859292 -0.797913
vn 0.66665167 0.45263478 -0.5921969
vn 0.8813644 0.47243685 -0
vn 0.74265695 0.57726365 0.33945155
vn 0.7426465 0.57682675 0.34021625
vn 0.85945433 0.5013823 0.09976988
vn 0.8014954 0.58957845 0.1000117
vn 0.7795113 0.6059105 0.15885422
vn 0.86376375 0.5038963 0.00079510966
vn 0.63685447 0.49465618 0.59138125
vn 0.47597665 0.37028328 0.7977071
vn 0.4757308 0.36969647 0.79812574
vn 0.5251551 0.29526755 0.7981411
vn 0.63580644 0.49462196 0.5925364
vn 0.30432293 0.17110503 0.9370755
vn 0.32636416 0.12376879 0.937106
vn 0.10150461 0.03849412 0.99409
vn 0.106082894 0.022948163 0.99409246
vn -0.17090642 -0.1477851 0.9741408
vn -0.088358454 -0.06438143 0.99400586
vn -0.21713631 -0.158214 0.96323425
vn -0.17392932 -0.15032454 0.97321695
vn -0.19871114 -0.17558056 0.9642019
vn -0.08820922 -0.064160645 0.9940335
vn -0.28380272 -0.19914825 0.9379744
vn -0.29503363 -0.21515782 0.93094695
vn -0.28798333 -0.24028152 0.92700076
vn -0.44530034 -0.32474214 0.834416
vn -0.54335797 -0.75741255 -0.36206144
vn -0.5381962 -0.36397865 -0.7601739
vn -0.4949903 -0.34261498 -0.79849833
vn -0.50718325 -0.32574487 -0.7979069
vn -0.50690156 -0.3252348 -0.7982939
vn -0.2947898 -0.18914106 -0.9366561
vn -0.2940404 -0.18791123 -0.9371391
vn -0.09150676 -0.05847886 -0.9940859
vn -0.09100304 -0.05836262 -0.99413896
vn -0.083340436 -0.06849392 -0.9941644
vn -0.5512855 -0.7420519 0.38137025
vn -0.3852614 -0.9228069 0.0011105181
vn -0.49286473 -0.34152576 0.8002777
vn -0.5437444 -0.36815885 0.754189
vn -0.8725089 -0.27603516 -0.40315348
vn -0.7378685 -0.3240079 -0.59208864
vn -0.62879425 -0.38419753 -0.6760252
vn -0.62404704 -0.4122254 -0.66380376
vn -0.7689768 -0.63926756 0.0034049242
vn -0.790861 -0.61199594 8.8017034e-05
vn 0.28889236 0.19567426 -0.93715143
vn 0.28924116 0.1962826 -0.9369166
vn 0.08963108 0.0609414 -0.99410886
vn 0.09018663 0.06108574 -0.9940497
vn 0.6867411 0.6425934 -0.33979446
vn 0.6874505 0.6425112 -0.33851308
vn 0.5885409 0.5500681 -0.5924903
vn 0.5887114 0.5508656 -0.5915792
vn 0.7254765 0.67805135 -0.118026264
vn 0.77326834 0.62570506 -0.10271013
vn 0.7773796 0.6290318 0
vn 0.8055341 0.5925493 0.00020399372
vn 0.82756686 0.56136554 -0.0013290857
vn 0.44028568 0.41158527 -0.79796374
vn 0.44040614 0.4116169 -0.79788095
vn 0.25539473 0.2387466 -0.9368957
vn 0.64818025 0.6816771 0.33938
vn 0.64818406 0.6816473 0.3394324
vn 0.7538231 0.649614 0.0987548
vn 0.6858424 0.7210513 0.09851532
vn 0.6856872 0.7211222 0.09907487
vn 0.55534536 0.5840157 0.59204483
vn 0.555276 0.5834967 0.5926215
vn 0.7575259 0.6528049 0
vn 0.41579473 0.43692666 0.7976276
vn 0.41425982 0.43645552 0.7986835
vn 0.24115008 0.2540707 0.93664
vn 0.24080257 0.2529056 0.93704474
vn 0.27579248 0.21432184 0.9370191
vn 0.27561054 0.21393415 0.9371611
vn 0.3041944 0.17109971 0.93711823
vn 0.09480323 0.053323817 0.9940669
vn 0.09460065 0.0530851 0.99409896
vn 0.10142126 0.03849356 0.99409854
vn -0.3084599 -0.15888327 0.93787444
vn -0.30857867 -0.15904471 0.9378081
vn -0.0968801 -0.049984522 0.99404013
vn -0.09709496 -0.050012223 0.9940178
vn -0.5317006 -0.27404413 0.80137026
vn -0.5329412 -0.27588245 0.7999141
vn -0.62257534 -0.3855793 -0.68097615
vn -0.58013874 -0.37260148 -0.72429764
vn -0.5515888 -0.24214248 -0.798196
vn -0.7377929 -0.32388443 -0.59225035
vn -0.5514983 -0.24202622 -0.7982937
vn -0.31965512 -0.14028135 -0.9370922
vn -0.31946105 -0.14028934 -0.9371571
vn -0.099691495 -0.043778904 -0.99405485
vn -0.09943121 -0.043759976 -0.9940817
vn -0.6250649 -0.38762847 0.6775235
vn -0.68248194 -0.35329375 0.63984525
vn -0.72803915 -0.3352659 0.59795976
vn -0.8565638 -0.28727445 0.42868617
vn -0.86232656 -0.28534767 0.4182936
vn -0.9978985 -0.064581 -0.005263086
vn -0.98295605 -0.11651804 -0.14220008
vn -0.9142026 -0.22040129 -0.34008348
vn -0.8994391 -0.23789108 -0.3666295
vn -0.9979836 -0.06347137 0.00011106891
vn -0.99802387 -0.062836364 -6.744841e-05
vn -0.7788831 -0.20600544 -0.5923705
vn -0.9094994 -0.22901896 0.34693113
vn -0.9553298 -0.16524914 0.24502592
vn -0.98871815 -0.10396509 0.107831396
vn -0.99086833 -0.09815739 0.092439145
vn 0.07918541 0.074048154 -0.99410594
vn 0.0793154 0.07430029 -0.99407667
vn 0.2546019 0.23850341 -0.9371734
vn 0.5789089 0.74101955 -0.34022707
vn 0.57915044 0.7410297 -0.33979356
vn 0.49645913 0.63548154 -0.5913473
vn 0.6069894 0.77664983 -0.1684606
vn 0.6458566 0.75659174 -0.10216736
vn 0.72351104 0.6827507 -0.10189876
vn 0.37084296 0.47498292 -0.7980393
vn 0.37092865 0.47549167 -0.7976964
vn 0.49550647 0.6351874 -0.59246135
vn 0.7272963 0.68632275 -0.0010806333
vn 0.21475819 0.27496287 -0.9371629
vn 0.21478818 0.27510494 -0.93711436
vn 0.53980553 0.77023375 0.33963203
vn 0.62869716 0.77129346 0.099228345
vn 0.56986207 0.8131207 0.11870913
vn 0.53858656 0.77014196 0.3417688
vn 0.46189696 0.6604811 0.5919596
vn 0.68919444 0.7245754 0.0012472362
vn 0.649254 0.76057166 -0.0001237135
vn 0.63181543 0.77511895 0
vn 0.34528282 0.49430996 0.7977702
vn 0.34514654 0.49291566 0.7986914
vn 0.4611831 0.6602338 0.59279126
vn 0.20097028 0.28701258 0.93660814
vn 0.06214312 0.08891357 0.9940989
vn 0.07479881 0.07856023 0.99409926
vn 0.07480228 0.078561924 0.9940989
vn 0.20037618 0.28669563 0.9368325
vn 0.08558268 0.06659284 0.9941031
vn 0.08593382 0.06670346 0.99406534
vn -0.10352514 -0.034815375 0.99401724
vn -0.10359214 -0.034813814 0.9940103
vn -0.32878995 -0.11049519 0.93791676
vn -0.32885146 -0.110556684 0.93788797
vn -0.567207 -0.19068953 0.80119514
vn -0.568056 -0.19053829 0.80062944
vn -0.76053953 -0.25510144 0.59707856
vn -0.5840268 -0.15375677 -0.7970393
vn -0.5821943 -0.15419976 -0.79829323
vn -0.77784324 -0.20478283 -0.5941583
vn -0.33747113 -0.08938248 -0.9370827
vn -0.10526219 -0.027845323 -0.99405456
vn -0.105242044 -0.027847001 -0.99405664
vn -0.33728784 -0.089223765 -0.9371638
vn -0.76058966 -0.25508657 0.5970211
vn -0.92432797 -0.16095853 0.3459917
vn -0.79027194 -0.1376146 0.5971033
vn -0.9939814 0.043503143 -0.10054129
vn -0.99286723 -0.064255364 -0.10042859
vn -0.9998126 -0.019311719 0.0013492282
vn -0.99904305 0.04372467 -0.0010028096
vn -0.9804848 -0.101056576 -0.16863343
vn -0.9355272 -0.096422896 -0.33984038
vn -0.93516845 -0.09590119 -0.34097362
vn -0.8019444 -0.08223911 -0.591711
vn -0.80016685 -0.083223365 -0.59397537
vn -0.9894431 -0.09801614 0.10674748
vn -0.99416125 -0.019305578 0.10616432
vn -0.9942004 -0.019203315 0.1058139
vn -0.92538995 -0.16007027 0.34355652
vn -0.93897367 -0.018233892 0.34350544
vn 0.06689933 0.08562553 -0.9940789
vn 0.06691562 0.08567454 -0.9940735
vn 0.45739663 0.82159615 -0.34024695
vn 0.39186522 0.70388573 -0.5924412
vn 0.45686617 0.82300603 -0.3375417
vn 0.4802937 0.8652088 -0.14398515
vn 0.49579385 0.8625161 -0.10126403
vn 0.5860868 0.8039007 -0.10122289
vn 0.5891126 0.808051 -0
vn 0.29309857 0.5269178 -0.7977786
vn 0.16988216 0.3049273 -0.9371016
vn 0.1699107 0.30545688 -0.9369239
vn 0.29310343 0.5273272 -0.7975063
vn 0.39100596 0.7034652 -0.59350747
vn 0.052887417 0.09492943 -0.99407816
vn 0.41788182 0.84306765 0.3385436
vn 0.4186189 0.8414378 0.34167352
vn 0.5659689 0.81848997 0.09875949
vn 0.47422406 0.8748262 0.09894727
vn 0.43823475 0.8841293 0.16206776
vn 0.568749 0.82251054 0.0010135095
vn 0.3587108 0.7210206 0.5928371
vn 0.35871446 0.72099876 0.59286153
vn 0.26881108 0.54029727 0.7973829
vn 0.2688401 0.5397303 0.7977569
vn 0.15594424 0.3130777 0.9368371
vn 0.048307497 0.09706834 0.9941047
vn 0.06210686 0.088888496 0.9941034
vn 0.15572788 0.3129172 0.9369267
vn -0.10751514 -0.018701226 0.99402755
vn -0.10761576 -0.01875879 0.9940156
vn -0.34177572 -0.05957584 0.9378913
vn -0.5895392 -0.10210518 0.80126023
vn -0.59025747 -0.10267657 0.8006583
vn -0.34258878 -0.059334625 0.9376099
vn -0.79009587 -0.13743891 0.5973767
vn -0.6006002 -0.062466934 -0.79710555
vn -0.59910256 -0.061444484 -0.7983112
vn -0.34775117 -0.03566566 -0.93690825
vn -0.34699517 -0.035943843 -0.93717784
vn -0.108273774 -0.011215648 -0.9940579
vn -0.10805942 -0.011113419 -0.99408233
vn -0.93827975 -0.01737877 0.34544036
vn -0.8017527 -0.015420395 0.5974569
vn -0.8025743 -0.014865241 0.59636694
vn -0.98778826 0.11811562 -0.10160276
vn -0.9896372 0.053794105 -0.13313368
vn -0.99639803 0.0847999 0
vn -0.99292654 0.11873003 0
vn -0.9398349 0.051086977 -0.33778772
vn -0.93882936 0.049765754 -0.34076798
vn -0.99079216 0.084322795 0.10592686
vn -0.80491656 0.042667266 -0.5918521
vn -0.60276794 0.03234118 -0.79726076
vn -0.60140944 0.031511307 -0.79831934
vn -0.8041442 0.04314591 -0.5928663
vn -0.93024546 0.12366872 0.3454696
vn -0.97835535 0.13006455 0.16094701
vn 0.052774996 0.0948306 -0.9940936
vn 0.324031 0.88304573 -0.33946177
vn 0.3250087 0.88340396 -0.3375898
vn 0.27726924 0.75561106 -0.5934422
vn 0.343439 0.93349916 -0.103097305
vn 0.43133134 0.8962729 -0.103189826
vn 0.43364626 0.9010831 -0
vn 0.4765627 0.8791405 -0
vn 0.49835545 0.8669724 -0.0008672145
vn 0.20743334 0.5660525 -0.79784465
vn 0.207755 0.56633687 -0.79755914
vn 0.12057018 0.32816294 -0.93689483
vn 0.12050169 0.3288299 -0.9366697
vn 0.03740526 0.10180811 -0.9941005
vn 0.27716035 0.7555347 -0.5935904
vn 0.41028544 0.90609455 0.103240035
vn 0.30900127 0.9454896 0.10279926
vn 0.30462322 0.9453669 0.116129175
vn 0.28858927 0.8956073 0.33853164
vn 0.28809285 0.89541376 0.33946562
vn 0.24681073 0.7671058 0.5921427
vn 0.24704117 0.766402 0.5929575
vn 0.41248962 0.9109623 0.00033057804
vn 0.18511252 0.5742792 0.7974564
vn 0.18497263 0.57414985 0.79758203
vn 0.10720709 0.33276784 0.936895
vn 0.10721992 0.33268774 0.936922
vn 0.033180248 0.10295346 0.9941327
vn 0.048103914 0.09687746 0.99413323
vn -0.1091153 -0.0021433965 0.9940267
vn -0.10943129 -0.0020356646 0.9939923
vn -0.3474826 -0.006463947 0.9376642
vn -0.34765527 -0.0065538413 0.9375995
vn -0.5977924 -0.011269326 0.80157167
vn -0.5982046 -0.011505478 0.8012608
vn -0.34908324 0.018290492 -0.9369132
vn -0.10855837 0.0057516466 -0.9940734
vn -0.10852005 0.0057356725 -0.9940778
vn -0.3486548 0.018472452 -0.9370692
vn -0.9300043 0.12388692 0.3460406
vn -0.7957411 0.10600157 0.5962884
vn -0.59262043 0.07867554 0.8016304
vn -0.5940578 0.07973051 0.8004614
vn -0.7945222 0.106635526 0.5977986
vn -0.9733293 0.20653021 -0.099875875
vn -0.9732665 0.20608827 -0.10138959
vn -0.987497 0.1576375 0.0003863841
vn -0.9782196 0.20756787 -0.0014299318
vn -0.92071235 0.19495998 -0.33805227
vn -0.98215604 0.15678492 0.103865914
vn -0.9203574 0.19523457 -0.33885947
vn -0.7879137 0.1671394 -0.5926689
vn -0.5903885 0.12536032 -0.79732436
vn -0.7876572 0.16724744 -0.59297925
vn -0.59016144 0.12542698 -0.79748195
vn -0.34208748 0.07270384 -0.9368512
vn -0.34158853 0.07231413 -0.9370635
vn -0.90031034 0.2638235 0.34617683
vn -0.9005881 0.26444966 0.34497476
vn -0.9486394 0.2785595 0.14995994
vn -0.95924807 0.26274437 0.1039634
vn 0.0371989 0.1015604 -0.99413365
vn 0.18230554 0.9228245 -0.3393518
vn 0.15737814 0.78907144 -0.5938
vn 0.15634783 0.79142743 -0.5909297
vn 0.18225196 0.92289186 -0.3391973
vn 0.19102208 0.96730226 -0.16684358
vn 0.2139783 0.9689186 -0.12413737
vn 0.25462636 0.96199733 -0.09862307
vn 0.34238467 0.9343913 -0.09841541
vn 0.34405464 0.9389489 -0.0011239955
vn 0.11735674 0.5905722 -0.7984057
vn 0.11792476 0.5912578 -0.79781455
vn 0.06824773 0.34344178 -0.9366909
vn 0.024729336 0.105084896 -0.99415576
vn 0.022166347 0.11204549 -0.99345577
vn 0.06783745 0.34290177 -0.93691856
vn 0.31064692 0.95052505 0.0007057071
vn 0.24457125 0.96424854 0.10202832
vn 0.25587377 0.96671015 0
vn 0.24585421 0.96930677 0
vn 0.20455112 0.91781706 0.34025106
vn 0.2082269 0.972743 0.10204212
vn 0.20823108 0.9727426 0.102037564
vn 0.17448807 0.7858567 0.5932816
vn 0.1939945 0.917299 0.34774804
vn 0.1307738 0.587864 0.79831964
vn 0.1662822 0.7840945 0.5979516
vn 0.07401941 0.34089148 0.9371841
vn 0.12208377 0.5850775 0.8017356
vn 0.022217425 0.10620885 0.9940956
vn 0.022777123 0.10547338 0.9941612
vn 0.03316812 0.10293811 0.9941346
vn 0.071084894 0.33981636 0.9378016
vn -0.10774864 0.014561611 0.99407154
vn -0.10852382 0.014392409 0.9939897
vn -0.3445241 0.045690723 0.9376649
vn -0.3446126 0.045750335 0.93762946
vn -0.10632254 0.02250843 -0.9940769
vn -0.106205046 0.022524145 -0.9940891
vn -0.769446 0.22535393 0.59763575
vn -0.76957285 0.22551271 0.59741235
vn -0.57367253 0.16881004 0.8015004
vn -0.57522595 0.16847113 0.8004577
vn -0.33349314 0.09786148 0.93765956
vn -0.3339261 0.09826178 0.93746364
vn -0.94865334 0.3000397 -0.100164354
vn -0.96447426 0.26417583 0.00065012445
vn -0.9534484 0.3015563 0
vn -0.879131 0.3353402 -0.33863783
vn -0.87909335 0.33523327 -0.33884153
vn -0.92400306 0.35245645 -0.14829937
vn -0.75236475 0.28690663 -0.59298563
vn -0.5637674 0.21520247 -0.79740477
vn -0.563585 0.21499053 -0.7975908
vn -0.75190824 0.28702003 -0.5935095
vn -0.32681462 0.12466985 -0.93682957
vn -0.10141663 0.03878413 -0.9940877
vn -0.32615438 0.124729194 -0.9370518
vn -0.8502346 0.397569 0.3450218
vn -0.7266143 0.3397642 0.59715325
vn -0.85031706 0.3978735 0.34446695
vn -0.9007194 0.42145735 0.10525397
vn -0.90111125 0.42106155 0.10346855
vn -0.93739206 0.33246264 0.10375338
vn -0.9424786 0.33426666 0
vn 0.03776041 0.93967944 -0.33996567
vn 0.038193867 0.94001806 -0.33897987
vn 0.032393612 0.806125 -0.59085804
vn 0.023820378 0.60151726 -0.79850453
vn 0.023466626 0.6022371 -0.79797226
vn 0.031358063 0.8047595 -0.5927721
vn 0.040009815 0.98471165 -0.16953528
vn 0.07626078 0.99207175 -0.09988928
vn 0.15230358 0.98329103 -0.099710725
vn 0.1530664 0.9882159 -0.00029477992
vn 0.17598668 0.9843925 -0
vn 0.20931953 0.9778472 -0
vn 0.21564633 0.9764716 -0.00014099077
vn 0.014248922 0.3493169 -0.9368963
vn 0.013867512 0.35018545 -0.93657774
vn 0.016770808 0.106975235 -0.99412024
vn 0.0044237287 0.10844908 -0.99409217
vn 0.17506686 0.9792476 0.102106415
vn 0.17506687 0.9792476 0.10210643
vn 0.16510089 0.9235022 0.34624457
vn 0.16852675 0.92231727 0.34774926
vn 0.14406252 0.78842884 0.5980183
vn 0.14331545 0.78837204 0.59827274
vn 0.1069567 0.5883641 0.801491
vn 0.107991025 0.5877999 0.80176634
vn 0.06272662 0.34142384 0.937814
vn 0.019084726 0.10691693 0.9940848
vn 0.019272367 0.10677775 0.9940961
vn 0.060886078 0.34109747 0.938054
vn -0.1043856 0.0305819 0.9940666
vn -0.104497544 0.030664155 0.99405235
vn -0.10109345 0.038776796 -0.99412096
vn -0.54187614 0.25258505 0.80160534
vn -0.54330397 0.25453156 0.8000216
vn -0.72561264 0.339941 0.5982696
vn -0.3154365 0.14703462 0.93748635
vn -0.098705925 0.046063818 0.9940499
vn -0.09886512 0.046222806 0.99402666
vn -0.3145344 0.1470555 0.9377861
vn -0.92326266 0.37071338 -0.10078526
vn -0.9279876 0.37261057 -0.00071600644
vn -0.81605697 0.46836334 -0.33865446
vn -0.8777405 0.4684162 -0.10078607
vn -0.8551655 0.4908091 -0.1667288
vn -0.815641 0.46851322 -0.33944836
vn -0.6988031 0.40140027 -0.5920743
vn -0.69829386 0.40032426 -0.5934022
vn -0.5234099 0.3000652 -0.797498
vn -0.5224949 0.30004165 -0.79810643
vn -0.3031282 0.17407078 -0.93691653
vn -0.30289117 0.17372078 -0.9370582
vn -0.09423094 0.0540454 -0.9940822
vn -0.094004095 0.053780604 -0.99411815
vn -0.7798221 0.5227376 0.34441647
vn -0.7798514 0.52272934 0.34436312
vn -0.6664239 0.44482496 0.5983395
vn -0.6674149 0.44738775 0.5953163
vn -0.8224796 0.55130273 0.1399732
vn -0.8618674 0.49605888 0.10540377
vn -0.8666954 0.4988377 0
vn -0.8669573 0.49838233 -5.197173e-05
vn -0.88223267 0.4708135 -0.00038428698
vn -0.905973 0.42333332 0.0013456279
vn -0.0925235 0.8000624 -0.5927392
vn -0.10803722 0.93421155 -0.33996585
vn -0.10817359 0.93430275 -0.3396716
vn -0.1141549 0.9859637 -0.1218365
vn -0.107668705 0.98920566 -0.099396475
vn -0.0028383322 0.9950338 -0.099497125
vn -0.04005634 0.34816143 -0.9365784
vn -0.06889898 0.59885573 -0.79788774
vn -0.06956376 0.59980613 -0.7971158
vn -0.09274172 0.7996557 -0.5932536
vn -0.002852487 0.99999595 -0.000310503
vn 0.025466627 0.9996757 -0
vn 0.07664411 0.9970585 -0
vn 0.09783909 0.9952019 0.00082627794
vn 0.09733068 0.9900304 0.101816416
vn 0.004307357 0.10816064 -0.99412405
vn -0.012526448 0.107495815 -0.99412656
vn -0.012539718 0.10752266 -0.9941235
vn -0.040467765 0.3469936 -0.93699396
vn 0.08483297 0.98698187 0.13663895
vn 0.08037052 0.93506396 0.34524783
vn 0.07956424 0.93449104 0.34698153
vn 0.06808496 0.79966545 0.5965732
vn 0.06838463 0.7991511 0.5972279
vn 0.051093053 0.59707963 0.80055314
vn 0.051200002 0.59683716 0.8007272
vn 0.02968671 0.34605727 0.93774366
vn 0.009279074 0.10888734 0.9940108
vn 0.009390044 0.10847412 0.9940549
vn 0.02945798 0.34568116 0.9378895
vn -0.49588108 0.33281875 0.80208075
vn -0.4990447 0.3331026 0.7999982
vn -0.28846493 0.1932453 0.9377868
vn -0.2888022 0.19383436 0.9375615
vn -0.09051438 0.06071136 0.9940429
vn -0.09069178 0.06075526 0.9940241
vn -0.7337653 0.58856606 -0.33937958
vn -0.7337641 0.5885243 -0.33945468
vn -0.8384888 0.5356654 -0.099994935
vn -0.77646846 0.62220216 -0.09980572
vn -0.7760304 0.62246764 -0.10154245
vn -0.8427126 0.5383638 -5.6141e-05
vn -0.6287294 0.5042799 -0.5919468
vn -0.47065476 0.37771237 -0.7973816
vn -0.4701657 0.37655297 -0.79821813
vn -0.6283328 0.504253 -0.59239084
vn -0.27283216 0.21850967 -0.9369185
vn -0.08490855 0.068171784 -0.99405396
vn -0.08479033 0.067980215 -0.9940771
vn -0.2718923 0.2182982 -0.93724084
vn -0.69162685 0.6345021 0.34504998
vn -0.69208956 0.6344429 0.34422985
vn -0.59206474 0.5431633 0.5953428
vn -0.7262093 0.66572076 0.17156929
vn -0.755444 0.64621 0.108244844
vn -0.8195373 0.56277555 0.10789893
vn -0.44018477 0.40352058 0.8021275
vn -0.44071963 0.405096 0.801039
vn -0.59073967 0.54298985 0.59681547
vn -0.8243497 0.5660803 0.0008904446
vn -0.8417577 0.53985554 0
vn -0.25239784 0.90592337 -0.33999744
vn -0.2523653 0.90597147 -0.3398933
vn -0.21556678 0.7755854 -0.5932945
vn -0.21623982 0.77614266 -0.59232
vn -0.26696703 0.9583906 -0.10107477
vn -0.26688555 0.9584491 -0.10073474
vn -0.18140304 0.9781945 -0.10113674
vn -0.18233798 0.98323596 0
vn -0.15771675 0.98748446 0
vn -0.10820451 0.99412835 -0.0008542412
vn -0.0679816 0.997686 0.0010947455
vn -0.16177928 0.5814334 -0.79734725
vn -0.16170037 0.5817801 -0.7971104
vn -0.09358297 0.33668286 -0.9369562
vn -0.09372343 0.3368413 -0.9368852
vn -0.06763231 0.99256 0.101244695
vn -0.06654281 0.9922565 0.1048759
vn 0.02532565 0.9941418 0.10507516
vn -0.02899183 0.10422283 -0.99413127
vn -0.028987192 0.104287036 -0.9941247
vn -0.06275496 0.9357737 0.34697175
vn -0.06287607 0.93565583 0.34726745
vn -0.05383543 0.8011225 0.5960742
vn -0.05360671 0.8008395 0.596475
vn -0.04001901 0.59785074 0.8006079
vn -0.040378645 0.59707344 0.8011696
vn -0.023418104 0.34628028 0.93783885
vn -0.023378788 0.34621295 0.9378646
vn -0.007362811 0.10903475 0.9940107
vn -0.007395203 0.10892228 0.9940227
vn -0.2564612 0.23509988 0.9375264
vn -0.080340125 0.073667064 0.9940415
vn -0.08038456 0.07375239 0.99403167
vn -0.25613979 0.23500682 0.9376375
vn -0.6337357 0.69524324 -0.33913988
vn -0.6701594 0.7352021 -0.1018054
vn -0.6332018 0.69526184 -0.34009787
vn -0.5427984 0.59599805 -0.59174
vn -0.5427324 0.59549505 -0.5923067
vn -0.7803639 0.6253237 -0.0015555994
vn -0.7805179 0.62513185 -0.0013961934
vn -0.6698556 0.73578304 -0.09958308
vn -0.7193272 0.6946715 0
vn -0.70629114 0.7079214 3.3655546e-05
vn -0.6732014 0.7394581 -0.00131623
vn -0.40639108 0.44589907 -0.79750884
vn -0.4059363 0.44573992 -0.79782933
vn -0.2347858 0.25780746 -0.93723583
vn -0.07329974 0.08050489 -0.99405533
vn -0.23470445 0.2577752 -0.93726504
vn -0.07325195 0.080479346 -0.99406105
vn -0.58743227 0.73207825 0.34494162
vn -0.50211054 0.6256813 0.5969992
vn -0.50211513 0.6257531 0.59692
vn -0.5874137 0.7321735 0.344771
vn -0.62223125 0.77557135 0.106383614
vn -0.6227005 0.77541083 0.104795694
vn -0.70239604 0.70401734 0.104877755
vn -0.75990903 0.6500295 0
vn -0.37485513 0.4668299 0.8009703
vn -0.2177134 0.27103138 0.9376262
vn -0.21774375 0.27116954 0.9375791
vn -0.37491876 0.46718726 0.8007322
vn -0.38970655 0.85593843 -0.33985025
vn -0.38968277 0.85598916 -0.3397498
vn -0.33330333 0.7334575 -0.5924095
vn -0.3341773 0.73397577 -0.5912742
vn -0.40930066 0.8990824 -0.15531881
vn -0.36353996 0.92602766 -0.101545304
vn -0.24964045 0.5493514 -0.7974288
vn -0.36542895 0.93083936 0
vn -0.33789042 0.94118524 0.0005990635
vn -0.26824984 0.96334857 -0.0012134532
vn -0.23611854 0.9717243 0.0003365964
vn -0.2348136 0.96635383 0.104990095
vn -0.21562986 0.96461 0.15176097
vn -0.15690371 0.98239404 0.10140557
vn -0.24968238 0.5487396 -0.7978368
vn -0.14484558 0.3183345 -0.9368473
vn -0.044798024 0.098470606 -0.994131
vn -0.04509849 0.098780066 -0.9940868
vn -0.14487301 0.31731805 -0.93718785
vn -0.20473927 0.91589147 0.34528923
vn -0.20363528 0.9153101 0.34747654
vn -0.17439693 0.78388804 0.5959069
vn -0.13021962 0.5844333 0.80092484
vn -0.12991819 0.58408934 0.80122465
vn -0.17456868 0.7834744 0.5964005
vn -0.0754758 0.33932588 0.9376361
vn -0.07505625 0.3388065 0.9378575
vn -0.023615537 0.10660136 0.99402136
vn -0.023619419 0.10657161 0.99402446
vn -0.06798429 0.084822945 0.9940741
vn -0.06828164 0.08500381 0.9940382
vn -0.5177779 0.78512824 -0.3398232
vn -0.5895665 0.8014929 -0.10010191
vn -0.54319453 0.82366854 -0.16281861
vn -0.51766217 0.785114 -0.340032
vn -0.4439183 0.67327005 -0.59130704
vn -0.44392997 0.672805 -0.5918273
vn -0.33206964 0.50327337 -0.79777545
vn -0.33206627 0.5032355 -0.79780066
vn -0.6273944 0.77870065 0.0012144665
vn -0.5925428 0.805539 0
vn -0.6261467 0.7797022 0.002205854
vn -0.1921034 0.2911264 -0.9371989
vn -0.19207416 0.2908999 -0.9372751
vn -0.059952773 0.09079959 -0.99406284
vn -0.05977024 0.09066199 -0.99408644
vn -0.46946833 0.8126624 0.34522346
vn -0.4697348 0.8127104 0.3447476
vn -0.40127456 0.69461715 0.5970643
vn -0.2996148 0.51871425 0.8007288
vn -0.4011975 0.69458133 0.59715766
vn -0.49758843 0.8609012 0.106089644
vn -0.49740413 0.8611201 0.1051731
vn -0.50017774 0.86592185 0.0012567443
vn -0.52799416 0.84924793 -0.00015701183
vn -0.5680991 0.8229603 0
vn -0.2994093 0.5185892 0.8008865
vn -0.17388146 0.3011698 0.93758297
vn -0.05441196 0.094092906 0.99407536
vn -0.05447021 0.09442195 0.99404097
vn -0.17365031 0.30101594 0.93767536
vn -0.5253173 0.84494245 -0.100568354
vn -0.43148214 0.8964596 -0.10091318
vn -0.43369588 0.901059 -0.000727195
vn -0.40696722 0.9134428 0
vn -0.40469113 0.9083341 0.10561418
vn -0.35787418 0.9195497 0.16234024
vn -0.33602044 0.9359764 0.10506343
vn -0.34040734 0.8746689 0.3450755
vn -0.3404178 0.87464964 0.34511408
vn -0.29106772 0.74785244 0.5966541
vn -0.21756902 0.55814534 0.8007107
vn -0.21747349 0.5580651 0.80079246
vn -0.2912419 0.74714375 0.59745646
vn -0.12616451 0.32375446 0.93769157
vn -0.039661877 0.10175232 0.9940188
vn -0.12617034 0.3236893 0.9377133
vn -0.039656743 0.10153902 0.99404085
f 110//172 111//172 112//172
f 110//173 112//173 113//173
f 110//174 113//174 114//174
f 110//175 114//175 115//175
f 110//176 115//176 116//176
f 110//177 116//177 117//177
f 110//178 117//178 118//178
f 110//179 118//179 119//179
f 110//180 119//180 120//180
f 110//181 120//181 121//181
f 110//182 121//182 122//182
f 110//183 122//183 111//183
f 111//184 123//184 124//184
f 111//185 124//185 112//185
f 111//186 122//186 123//186
f 112//187 124//187 113//187
f 113//188 124//188 125//188
f 113//189 125//189 126//189
f 113//190 126//190 127//190
f 113//191 127//191 114//191
f 114//192 127//192 128//192
f 114//193 128//193 115//193
f 115//194 128//194 129//194
f 115//195 129//195 130//195
f 115//196 130//196 131//196
f 115//197 131//197 116//197
f 116//198 132//198 117//198
f 116//199 131//199 133//199
f 116//200 133//200 132//200
f 117//201 132//201 134//201
f 117//202 134//202 135//202
f 117//203 135//203 118//203
f 118//204 135//204 119//204
f 119//205 135//205 136//205
f 119//206 136//206 137//206
f 119//207 137//207 138//207
f 119//208 138//208 139//208
f 119//209 139//209 120//209
f 120//210 139//210 140//210
f 120//211 140//211 141//211
f 120//212 141//212 142//212
f 120//213 142//213 143//213
f 120//214 143//214 144//214
f 120//215 144//215 145//215
f 120//216 145//216 121//216
f 121//217 145//217 146//217
f 121//218 146//218 147//218
f 121//219 147//219 148//219
f 121//220 148//220 149//220
f 121//221 149//221 150//221
f 121//222 150//222 122//222
f 122//223 150//223 151//223
f 122//224 151//224 152//224
f 122//225 152//225 153//225
f 122//226 153//226 123//226
f 123//227 154//227 155//227
f 123//228 155//228 124//228
f 123//229 153//229 154//229
f 124//230 155//230 156//230
f 124//231 156//231 157//231
f 124//232 157//232 158//232
f 124//233 158//233 125//233
f 125//234 158//234 159//234
f 125//235 159//235 126//235
f 126//236 160//236 161//236
f 126//237 161//237 127//237
f 126//238 159//238 162//238
f 126//239 162//239 160//239
f 127//240 161//240 163//240
f 127//241 163//241 164//241
f 127//242 164//242 129//242
f 127//243 129//243 128//243
f 129//244 163//244 165//244
f 129//245 165//245 130//245
f 129//246 164//246 163//246
f 130//247 165//247 166//247
f 130//248 166//248 167//248
f 130//249 167//249 131//249
f 131//250 167//250 168//250
f 131//251 168//251 133//251
f 132//252 169//252 170//252
f 132//253 170//253 134//253
f 132//254 133//254 171//254
f 132//255 171//255 169//255
f 133//256 168//256 172//256
f 133//257 172//257 173//257
f 133//258 173//258 171//258
f 134//259 170//259 135//259
f 135//260 170//260 136//260
f 136//261 174//261 137//261
f 136//262 170//262 174//262
f 137//263 174//263 175//263
f 137//264 175//264 138//264
f 138//265 175//265 176//265
f 138//266 176//266 177//266
f 138//267 177//267 139//267
f 139//268 177//268 140//268
f 140//269 178//269 179//269
f 140//270 179//270 180//270
f 140//271 180//271 142//271
f 140//272 142//272 141//272
f 140//273 177//273 178//273
f 142//274 180//274 181//274
f 142//275 181//275 182//275
f 142//276 182//276 183//276
f 142//277 183//277 143//277
f 143//278 183//278 144//278
f 144//279 183//279 145//279
f 145//280 183//280 184//280
f 145//281 184//281 146//281
f 146//282 184//282 185//282
f 146//283 185//283 186//283
f 146//284 186//284 187//284
f 146//285 187//285 147//285
f 147//286 187//286 188//286
f 147//287 188//287 148//287
f 148//288 188//288 189//288
f 148//289 189//289 149//289
f 149//290 189//290 190//290
f 149//291 190//291 191//291
f 149//292 191//292 192//292
f 149//293 192//293 150//293
f 150//294 192//294 151//294
f 151//295 193//295 194//295
f 151//296 194//296 195//296
f 151//297 195//297 196//297
f 151//298 196//298 197//298
f 151//299 197//299 152//299
f 151//300 192//300 193//300
f 152//301 197//301 198//301
f 152//302 198//302 199//302
f 152//303 199//303 200//303
f 152//304 200//304 201//304
f 152//305 201//305 153//305
f 153//306 201//306 154//306
f 154//307 202//307 203//307
f 154//308 203//308 155//308
f 154//309 201//309 202//309
f 155//310 203//310 204//310
f 155//311 204//311 156//311
f 156//312 204//312 205//312
f 156//313 205//313 206//313
f 156//312 206//312 207//312
f 156//312 207//312 208//312
f 156//313 208//313 209//313
f 156//312 209//312 210//312
f 156//312 210//312 211//312
f 156//312 211//312 212//312
f 156//312 212//312 213//312
f 156//312 213//312 214//312
f 156//312 214//312 215//312
f 156//312 215//312 216//312
f 156//312 216//312 217//312
f 156//312 217//312 218//312
f 156//312 218//312 219//312
f 156//312 219//312 220//312
f 156//312 220//312 221//312
f 156//312 221//312 222//312
f 156//313 222//313 223//313
f 156//312 223//312 224//312
f 156//312 224//312 225//312
f 156//312 225//312 226//312
f 156//313 226//313 227//313
f 156//312 227//312 228//312
f 156//312 228//312 229//312
f 156//312 229//312 230//312
f 156//312 230//312 231//312
f 156//313 231//313 232//313
f 156//313 232//313 233//313
f 156//312 233//312 234//312
f 156//312 234//312 235//312
f 156//312 235//312 236//312
f 156//312 236//312 237//312
f 156//312 237//312 173//312
f 156//312 173//312 172//312
f 156//312 172//312 168//312
f 156//312 168//312 167//312
f 156//312 167//312 166//312
f 156//312 166//312 238//312
f 156//312 238//312 239//312
f 156//312 239//312 240//312
f 156//313 240//313 241//313
f 156//312 241//312 242//312
f 156//312 242//312 243//312
f 156//312 243//312 244//312
f 156//314 244//314 157//314
f 157//315 244//315 158//315
f 158//316 245//316 246//316
f 158//317 246//317 159//317
f 158//318 244//318 243//318
f 158//319 243//319 242//319
f 158//320 242//320 245//320
f 159//321 246//321 245//321
f 159//322 245//322 162//322
f 160//323 247//323 248//323
f 160//324 248//324 161//324
f 160//325 162//325 247//325
f 161//326 248//326 249//326
f 161//327 249//327 250//327
f 161//328 250//328 163//328
f 162//329 245//329 251//329
f 162//330 251//330 252//330
f 162//331 252//331 247//331
f 163//332 253//332 238//332
f 163//333 238//333 166//333
f 163//334 166//334 165//334
f 163//335 250//335 253//335
f 169//336 254//336 170//336
f 169//337 171//337 255//337
f 169//338 255//338 254//338
f 170//339 254//339 256//339
f 170//340 256//340 174//340
f 171//341 173//341 255//341
f 173//342 237//342 255//342
f 174//343 257//343 258//343
f 174//344 258//344 175//344
f 174//345 256//345 259//345
f 174//346 259//346 257//346
f 175//347 258//347 176//347
f 176//348 258//348 260//348
f 176//349 260//349 261//349
f 176//350 261//350 177//350
f 177//351 261//351 178//351
f 178//352 262//352 263//352
f 178//353 263//353 179//353
f 178//354 261//354 264//354
f 178//355 264//355 262//355
f 179//356 263//356 265//356
f 179//357 265//357 180//357
f 180//358 265//358 181//358
f 181//359 265//359 266//359
f 181//360 266//360 267//360
f 181//361 267//361 182//361
f 182//362 267//362 183//362
f 183//363 267//363 184//363
f 184//364 267//364 185//364
f 185//365 268//365 269//365
f 185//366 269//366 270//366
f 185//367 270//367 271//367
f 185//368 271//368 186//368
f 185//369 267//369 268//369
f 186//370 271//370 187//370
f 187//371 272//371 188//371
f 187//372 271//372 273//372
f 187//373 273//373 272//373
f 188//374 272//374 274//374
f 188//375 274//375 190//375
f 188//376 190//376 189//376
f 190//377 274//377 275//377
f 190//378 275//378 191//378
f 191//379 276//379 192//379
f 191//380 275//380 277//380
f 191//381 277//381 276//381
f 192//382 276//382 277//382
f 192//383 277//383 278//383
f 192//384 278//384 193//384
f 193//385 278//385 279//385
f 193//386 279//386 194//386
f 194//387 279//387 280//387
f 194//387 280//387 281//387
f 194//388 281//388 282//388
f 194//387 282//387 283//387
f 194//387 283//387 284//387
f 194//387 284//387 285//387
f 194//387 285//387 286//387
f 194//387 286//387 273//387
f 194//387 273//387 271//387
f 194//387 271//387 270//387
f 194//388 270//388 269//388
f 194//387 269//387 287//387
f 194//387 287//387 288//387
f 194//387 288//387 289//387
f 194//387 289//387 290//387
f 194//387 290//387 291//387
f 194//387 291//387 292//387
f 194//387 292//387 293//387
f 194//388 293//388 294//388
f 194//387 294//387 295//387
f 194//387 295//387 296//387
f 194//387 296//387 297//387
f 194//387 297//387 298//387
f 194//387 298//387 299//387
f 194//387 299//387 300//387
f 194//387 300//387 301//387
f 194//387 301//387 302//387
f 194//387 302//387 303//387
f 194//387 303//387 304//387
f 194//387 304//387 305//387
f 194//387 305//387 306//387
f 194//387 306//387 307//387
f 194//387 307//387 308//387
f 194//387 308//387 309//387
f 194//388 309//388 310//388
f 194//387 310//387 311//387
f 194//387 311//387 312//387
f 194//387 312//387 313//387
f 194//387 313//387 314//387
f 194//387 314//387 315//387
f 194//387 315//387 316//387
f 194//387 316//387 317//387
f 194//387 317//387 318//387
f 194//387 318//387 319//387
f 194//387 319//387 199//387
f 194//387 199//387 198//387
f 194//387 198//387 197//387
f 194//388 197//388 196//388
f 194//387 196//387 195//387
f 199//389 319//389 200//389
f 200//390 319//390 318//390
f 200//391 318//391 320//391
f 200//392 320//392 321//392
f 200//393 321//393 201//393
f 201//394 321//394 202//394
f 202//395 322//395 323//395
f 202//396 323//396 324//396
f 202//397 324//397 203//397
f 202//398 321//398 322//398
f 203//399 324//399 207//399
f 203//400 207//400 206//400
f 203//401 206//401 205//401
f 203//402 205//402 204//402
f 245//403 242//403 241//403
f 245//404 241//404 251//404
f 247//405 252//405 248//405
f 248//406 252//406 249//406
f 249//407 252//407 325//407
f 249//408 325//408 253//408
f 249//409 253//409 250//409
f 251//410 325//410 252//410
f 251//411 241//411 240//411
f 251//412 240//412 325//412
f 253//413 325//413 239//413
f 253//414 239//414 238//414
f 254//415 326//415 256//415
f 254//416 255//416 326//416
f 255//417 237//417 327//417
f 255//418 327//418 326//418
f 256//419 326//419 259//419
f 237//420 236//420 327//420
f 257//421 328//421 258//421
f 257//422 259//422 328//422
f 258//423 328//423 329//423
f 258//424 329//424 330//424
f 258//425 330//425 260//425
f 259//426 326//426 331//426
f 259//427 331//427 328//427
f 260//428 330//428 264//428
f 260//429 264//429 261//429
f 262//430 332//430 333//430
f 262//431 333//431 263//431
f 262//432 264//432 334//432
f 262//433 334//433 335//433
f 262//434 335//434 332//434
f 263//435 333//435 336//435
f 263//436 336//436 337//436
f 263//437 337//437 265//437
f 264//438 330//438 334//438
f 265//439 337//439 338//439
f 265//440 338//440 339//440
f 265//441 339//441 266//441
f 266//442 339//442 340//442
f 266//443 340//443 341//443
f 266//444 341//444 267//444
f 267//445 341//445 268//445
f 268//446 341//446 269//446
f 269//447 341//447 287//447
f 272//448 273//448 286//448
f 272//449 286//449 285//449
f 272//450 285//450 274//450
f 274//451 342//451 275//451
f 274//452 285//452 284//452
f 274//453 284//453 342//453
f 275//454 342//454 277//454
f 277//455 342//455 278//455
f 278//456 342//456 280//456
f 278//457 280//457 279//457
f 318//458 317//458 343//458
f 318//459 343//459 320//459
f 320//460 343//460 344//460
f 320//461 344//461 321//461
f 321//462 344//462 345//462
f 321//463 345//463 322//463
f 322//464 346//464 347//464
f 322//465 347//465 348//465
f 322//466 348//466 349//466
f 322//467 349//467 350//467
f 322//468 350//468 323//468
f 322//469 345//469 351//469
f 322//470 351//470 346//470
f 323//471 350//471 352//471
f 323//472 352//472 353//472
f 323//473 353//473 324//473
f 324//474 353//474 207//474
f 207//475 353//475 208//475
f 325//476 240//476 239//476
f 326//477 354//477 331//477
f 326//478 327//478 354//478
f 327//479 236//479 355//479
f 327//480 355//480 354//480
f 236//481 235//481 355//481
f 328//482 356//482 357//482
f 328//483 357//483 329//483
f 328//484 331//484 358//484
f 328//485 358//485 356//485
f 329//486 357//486 359//486
f 329//487 359//487 360//487
f 329//488 360//488 330//488
f 330//489 360//489 334//489
f 331//490 354//490 358//490
f 332//491 361//491 333//491
f 332//492 335//492 362//492
f 332//493 362//493 361//493
f 333//494 361//494 363//494
f 333//495 363//495 364//495
f 333//496 364//496 336//496
f 334//497 360//497 335//497
f 335//498 360//498 359//498
f 335//499 359//499 362//499
f 336//500 364//500 365//500
f 336//501 365//501 338//501
f 336//502 338//502 337//502
f 338//503 365//503 366//503
f 338//504 366//504 340//504
f 338//505 340//505 339//505
f 340//506 366//506 288//506
f 340//507 288//507 287//507
f 340//508 287//508 341//508
f 342//509 284//509 283//509
f 342//510 283//510 282//510
f 342//511 282//511 281//511
f 342//512 281//512 280//512
f 317//513 316//513 343//513
f 343//514 367//514 368//514
f 343//515 368//515 369//515
f 343//516 369//516 370//516
f 343//517 370//517 344//517
f 343//518 316//518 315//518
f 343//519 315//519 314//519
f 343//520 314//520 367//520
f 344//521 370//521 345//521
f 345//522 370//522 371//522
f 345//523 371//523 372//523
f 345//524 372//524 373//524
f 345//525 373//525 351//525
f 346//526 374//526 375//526
f 346//527 375//527 347//527
f 346//528 351//528 374//528
f 347//529 375//529 349//529
f 347//530 349//530 348//530
f 349//531 376//531 377//531
f 349//532 377//532 352//532
f 349//533 352//533 350//533
f 349//534 375//534 376//534
f 351//535 373//535 378//535
f 351//536 378//536 379//536
f 351//537 379//537 374//537
f 352//538 377//538 353//538
f 353//539 377//539 376//539
f 353//540 376//540 211//540
f 353//541 211//541 210//541
f 353//542 210//542 209//542
f 353//543 209//543 208//543
f 354//544 380//544 358//544
f 354//545 355//545 380//545
f 355//546 235//546 234//546
f 355//547 234//547 381//547
f 355//548 381//548 380//548
f 356//549 382//549 357//549
f 356//550 358//550 382//550
f 357//551 382//551 383//551
f 357//552 383//552 384//552
f 357//553 384//553 385//553
f 357//554 385//554 359//554
f 358//555 380//555 386//555
f 358//556 386//556 387//556
f 358//557 387//557 382//557
f 359//558 385//558 362//558
f 361//559 388//559 389//559
f 361//560 389//560 363//560
f 361//561 362//561 390//561
f 361//562 390//562 391//562
f 361//563 391//563 388//563
f 362//564 385//564 390//564
f 363//565 389//565 364//565
f 364//566 392//566 393//566
f 364//567 393//567 394//567
f 364//568 394//568 365//568
f 364//569 389//569 392//569
f 365//570 394//570 395//570
f 365//571 395//571 366//571
f 366//572 395//572 289//572
f 366//573 289//573 288//573
f 367//574 369//574 368//574
f 367//575 314//575 396//575
f 367//576 396//576 371//576
f 367//577 371//577 369//577
f 369//578 371//578 370//578
f 314//579 313//579 396//579
f 371//580 396//580 397//580
f 371//581 397//581 373//581
f 371//582 373//582 372//582
f 373//583 397//583 378//583
f 374//584 379//584 398//584
f 374//585 398//585 399//585
f 374//586 399//586 375//586
f 375//587 399//587 400//587
f 375//588 400//588 401//588
f 375//589 401//589 376//589
f 376//590 401//590 402//590
f 376//591 402//591 213//591
f 376//592 213//592 212//592
f 376//593 212//593 211//593
f 378//594 403//594 404//594
f 378//595 404//595 379//595
f 378//596 397//596 405//596
f 378//597 405//597 403//597
f 379//598 406//598 407//598
f 379//599 407//599 400//599
f 379//600 400//600 408//600
f 379//601 408//601 398//601
f 379//602 404//602 409//602
f 379//603 409//603 406//603
f 380//604 381//604 410//604
f 380//605 410//605 386//605
f 234//606 233//606 410//606
f 234//607 410//607 381//607
f 382//608 411//608 412//608
f 382//609 412//609 383//609
f 382//610 387//610 413//610
f 382//611 413//611 411//611
f 383//612 412//612 414//612
f 383//613 414//613 384//613
f 384//614 414//614 391//614
f 384//615 391//615 390//615
f 384//616 390//616 385//616
f 386//617 415//617 413//617
f 386//618 413//618 387//618
f 386//619 410//619 415//619
f 388//620 416//620 417//620
f 388//621 417//621 389//621
f 388//622 391//622 418//622
f 388//623 418//623 419//623
f 388//624 419//624 416//624
f 389//625 417//625 420//625
f 389//626 420//626 392//626
f 391//627 414//627 418//627
f 392//628 420//628 393//628
f 393//629 420//629 421//629
f 393//630 421//630 422//630
f 393//631 422//631 423//631
f 393//632 423//632 394//632
f 394//633 423//633 424//633
f 394//634 424//634 395//634
f 395//635 424//635 291//635
f 395//636 291//636 290//636
f 395//637 290//637 289//637
f 396//638 425//638 426//638
f 396//639 426//639 397//639
f 396//640 313//640 312//640
f 396//641 312//641 425//641
f 397//642 426//642 427//642
f 397//643 427//643 405//643
f 398//644 408//644 400//644
f 398//645 400//645 399//645
f 400//646 428//646 401//646
f 400//647 407//647 428//647
f 401//648 428//648 429//648
f 401//649 429//649 430//649
f 401//650 430//650 402//650
f 402//651 430//651 214//651
f 402//652 214//652 213//652
f 403//653 405//653 404//653
f 404//654 405//654 427//654
f 404//655 427//655 431//655
f 404//656 431//656 432//656
f 404//657 432//657 409//657
f 406//658 433//658 434//658
f 406//659 434//659 435//659
f 406//660 435//660 436//660
f 406//661 436//661 407//661
f 406//662 409//662 437//662
f 406//663 437//663 433//663
f 407//664 436//664 428//664
f 409//665 432//665 438//665
f 409//666 438//666 439//666
f 409//667 439//667 440//667
f 409//668 440//668 437//668
f 410//669 233//669 232//669
f 410//670 232//670 441//670
f 410//671 441//671 415//671
f 411//672 442//672 443//672
f 411//673 443//673 412//673
f 411//674 413//674 442//674
f 412//675 443//675 444//675
f 412//676 444//676 445//676
f 412//677 445//677 414//677
f 413//678 415//678 446//678
f 413//679 446//679 447//679
f 413//680 447//680 442//680
f 414//681 445//681 418//681
f 415//682 441//682 448//682
f 415//683 448//683 446//683
f 416//684 449//684 417//684
f 416//685 419//685 450//685
f 416//686 450//686 449//686
f 417//687 449//687 451//687
f 417//688 451//688 420//688
f 418//689 445//689 419//689
f 419//690 445//690 444//690
f 419//691 444//691 450//691
f 420//692 452//692 453//692
f 420//693 453//693 421//693
f 420//694 451//694 452//694
f 421//695 453//695 422//695
f 422//696 454//696 293//696
f 422//697 293//697 292//697
f 422//698 292//698 423//698
f 422//699 453//699 454//699
f 423//700 292//700 291//700
f 423//701 291//701 424//701
f 425//702 312//702 311//702
f 425//703 311//703 455//703
f 425//704 455//704 456//704
f 425//705 456//705 426//705
f 426//706 456//706 427//706
f 427//707 456//707 457//707
f 427//708 457//708 431//708
f 428//709 458//709 459//709
f 428//710 459//710 429//710
f 428//711 436//711 458//711
f 429//712 459//712 430//712
f 430//713 460//713 215//713
f 430//714 215//714 214//714
f 430//715 459//715 460//715
f 431//716 457//716 432//716
f 432//717 461//717 438//717
f 432//718 457//718 461//718
f 433//719 462//719 463//719
f 433//720 463//720 434//720
f 433//721 437//721 464//721
f 433//722 464//722 462//722
f 434//723 463//723 435//723
f 435//724 463//724 436//724
f 436//725 463//725 465//725
f 436//726 465//726 466//726
f 436//727 466//727 458//727
f 437//728 440//728 439//728
f 437//729 439//729 467//729
f 437//730 467//730 464//730
f 438//731 461//731 439//731
f 439//732 461//732 467//732
f 232//733 231//733 441//733
f 441//734 231//734 448//734
f 442//735 468//735 443//735
f 442//736 447//736 468//736
f 443//737 468//737 469//737
f 443//738 469//738 470//738
f 443//739 470//739 471//739
f 443//740 471//740 444//740
f 444//741 471//741 450//741
f 446//742 472//742 447//742
f 446//743 448//743 473//743
f 446//744 473//744 472//744
f 447//745 472//745 474//745
f 447//746 474//746 468//746
f 448//747 231//747 473//747
f 449//748 475//748 476//748
f 449//749 476//749 451//749
f 449//750 450//750 477//750
f 449//751 477//751 478//751
f 449//752 478//752 475//752
f 450//753 471//753 477//753
f 451//754 476//754 479//754
f 451//755 479//755 452//755
f 452//756 479//756 480//756
f 452//757 480//757 453//757
f 453//758 480//758 454//758
f 454//759 481//759 294//759
f 454//760 294//760 293//760
f 454//761 480//761 481//761
f 311//762 310//762 482//762
f 311//763 482//763 455//763
f 455//764 482//764 456//764
f 456//765 483//765 484//765
f 456//766 484//766 457//766
f 456//767 482//767 483//767
f 457//768 484//768 461//768
f 458//769 466//769 459//769
f 459//770 466//770 485//770
f 459//771 485//771 486//771
f 459//772 486//772 460//772
f 460//773 486//773 215//773
f 215//774 486//774 216//774
f 461//775 487//775 467//775
f 461//776 484//776 488//776
f 461//777 488//777 487//777
f 462//778 489//778 490//778
f 462//779 490//779 463//779
f 462//780 464//780 491//780
f 462//781 491//781 489//781
f 463//782 490//782 492//782
f 463//783 492//783 465//783
f 464//784 467//784 491//784
f 465//785 492//785 466//785
f 466//786 493//786 494//786
f 466//787 494//787 485//787
f 466//788 492//788 493//788
f 467//789 487//789 495//789
f 467//790 495//790 491//790
f 231//791 230//791 473//791
f 468//792 496//792 497//792
f 468//793 497//793 469//793
f 468//794 474//794 496//794
f 469//795 497//795 498//795
f 469//796 498//796 470//796
f 470//797 498//797 478//797
f 470//798 478//798 477//798
f 470//799 477//799 471//799
f 472//800 499//800 500//800
f 472//801 500//801 474//801
f 472//802 473//802 501//802
f 472//803 501//803 499//803
f 473//804 230//804 501//804
f 474//805 500//805 496//805
f 475//806 478//806 502//806
f 475//807 502//807 503//807
f 475//808 503//808 504//808
f 475//809 504//809 476//809
f 476//810 504//810 505//810
f 476//811 505//811 506//811
f 476//812 506//812 479//812
f 478//813 498//813 502//813
f 479//814 506//814 480//814
f 480//815 506//815 507//815
f 480//816 507//816 508//816
f 480//817 508//817 481//817
f 481//818 508//818 295//818
f 481//819 295//819 294//819
f 310//820 309//820 482//820
f 482//821 309//821 509//821
f 482//822 509//822 510//822
f 482//823 510//823 483//823
f 483//824 510//824 488//824
f 483//825 488//825 484//825
f 485//826 494//826 486//826
f 486//827 511//827 217//827
f 486//828 217//828 216//828
f 486//829 494//829 511//829
f 487//830 512//830 495//830
f 487//831 488//831 512//831
f 488//832 510//832 513//832
f 488//833 513//833 514//833
f 488//834 514//834 512//834
f 489//835 515//835 516//835
f 489//836 516//836 490//836
f 489//837 491//837 517//837
f 489//838 517//838 515//838
f 490//839 516//839 492//839
f 491//840 495//840 517//840
f 492//841 516//841 518//841
f 492//842 518//842 493//842
f 493//843 519//843 494//843
f 493//844 518//844 519//844
f 494//845 519//845 520//845
f 494//846 520//846 521//846
f 494//847 521//847 511//847
f 495//848 512//848 522//848
f 495//849 522//849 523//849
f 495//850 523//850 524//850
f 495//851 524//851 517//851
f 230//852 229//852 501//852
f 496//853 525//853 497//853
f 496//854 500//854 526//854
f 496//855 526//855 525//855
f 497//856 525//856 527//856
f 497//857 527//857 528//857
f 497//858 528//858 529//858
f 497//859 529//859 530//859
f 497//860 530//860 498//860
f 498//861 530//861 502//861
f 499//862 531//862 526//862
f 499//863 526//863 500//863
f 499//864 501//864 531//864
f 501//865 229//865 228//865
f 501//866 228//866 532//866
f 501//867 532//867 531//867
f 502//868 530//868 503//868
f 503//869 533//869 504//869
f 503//870 530//870 529//870
f 503//871 529//871 533//871
f 504//872 534//872 505//872
f 504//873 533//873 535//873
f 504//874 535//874 534//874
f 505//875 536//875 506//875
f 505//876 534//876 536//876
f 506//877 537//877 507//877
f 506//878 536//878 537//878
f 507//879 538//879 508//879
f 507//880 537//880 538//880
f 508//881 539//881 297//881
f 508//882 297//882 296//882
f 508//883 296//883 295//883
f 508//884 538//884 539//884
f 309//885 308//885 540//885
f 309//886 540//886 509//886
f 509//887 540//887 510//887
f 510//888 540//888 513//888
f 511//889 521//889 217//889
f 217//890 521//890 218//890
f 512//891 514//891 541//891
f 512//892 541//892 522//892
f 513//893 542//893 541//893
f 513//894 541//894 514//894
f 513//895 540//895 543//895
f 513//896 543//896 542//896
f 515//897 544//897 516//897
f 515//898 517//898 524//898
f 515//899 524//899 544//899
f 516//900 545//900 546//900
f 516//901 546//901 518//901
f 516//902 544//902 545//902
f 518//903 546//903 519//903
f 519//904 547//904 548//904
f 519//905 548//905 520//905
f 519//906 546//906 547//906
f 520//907 548//907 521//907
f 521//908 549//908 218//908
f 521//909 548//909 549//909
f 522//910 550//910 523//910
f 522//911 541//911 550//911
f 523//912 550//912 551//912
f 523//913 551//913 552//913
f 523//914 552//914 553//914
f 523//915 553//915 524//915
f 524//916 553//916 544//916
f 525//917 554//917 555//917
f 525//918 555//918 527//918
f 525//919 526//919 554//919
f 526//920 531//920 556//920
f 526//921 556//921 557//921
f 526//922 557//922 554//922
f 527//923 555//923 558//923
f 527//924 558//924 559//924
f 527//925 559//925 528//925
f 528//926 559//926 560//926
f 528//927 560//927 535//927
f 528//928 535//928 533//928
f 528//929 533//929 529//929
f 531//930 532//930 561//930
f 531//931 561//931 556//931
f 228//932 227//932 532//932
f 532//933 227//933 561//933
f 534//934 535//934 560//934
f 534//935 560//935 562//935
f 534//936 562//936 563//936
f 534//937 563//937 536//937
f 536//938 563//938 537//938
f 537//939 563//939 564//939
f 537//940 564//940 565//940
f 537//941 565//941 538//941
f 538//942 565//942 539//942
f 539//943 566//943 298//943
f 539//944 298//944 297//944
f 539//945 565//945 566//945
f 308//946 307//946 540//946
f 540//947 307//947 543//947
f 218//948 549//948 219//948
f 541//949 542//949 567//949
f 541//950 567//950 568//950
f 541//951 568//951 550//951
f 542//952 543//952 567//952
f 543//953 307//953 306//953
f 543//954 306//954 569//954
f 543//955 569//955 567//955
f 544//956 570//956 545//956
f 544//957 553//957 570//957
f 545//958 571//958 546//958
f 545//959 570//959 572//959
f 545//960 572//960 571//960
f 546//961 571//961 573//961
f 546//962 573//962 574//962
f 546//963 574//963 547//963
f 547//964 574//964 548//964
f 548//965 574//965 575//965
f 548//966 575//966 576//966
f 548//967 576//967 549//967
f 549//968 576//968 220//968
f 549//969 220//969 219//969
f 550//970 577//970 578//970
f 550//971 578//971 551//971
f 550//972 568//972 579//972
f 550//973 579//973 577//973
f 551//974 578//974 580//974
f 551//975 580//975 552//975
f 552//976 580//976 581//976
f 552//977 581//977 572//977
f 552//978 572//978 570//978
f 552//979 570//979 553//979
f 554//980 557//980 582//980
f 554//981 582//981 555//981
f 555//982 582//982 583//982
f 555//983 583//983 584//983
f 555//984 584//984 585//984
f 555//985 585//985 558//985
f 556//986 561//986 586//986
f 556//987 586//987 557//987
f 557//988 586//988 587//988
f 557//989 587//989 582//989
f 558//990 585//990 588//990
f 558//991 588//991 589//991
f 558//992 589//992 559//992
f 559//993 589//993 560//993
f 560//994 589//994 562//994
f 561//995 227//995 226//995
f 561//996 226//996 225//996
f 561//997 225//997 590//997
f 561//998 590//998 586//998
f 562//999 589//999 591//999
f 562//1000 591//1000 563//1000
f 563//1001 591//1001 592//1001
f 563//1002 592//1002 593//1002
f 563//1003 593//1003 564//1003
f 564//1004 593//1004 594//1004
f 564//1005 594//1005 565//1005
f 565//1006 594//1006 566//1006
f 566//1007 595//1007 299//1007
f 566//1008 299//1008 298//1008
f 566//1009 594//1009 595//1009
f 567//1010 596//1010 579//1010
f 567//1011 579//1011 568//1011
f 567//1012 569//1012 597//1012
f 567//1013 597//1013 596//1013
f 306//1014 305//1014 597//1014
f 306//1015 597//1015 569//1015
f 571//1016 598//1016 599//1016
f 571//1017 599//1017 573//1017
f 571//1018 572//1018 600//1018
f 571//1019 600//1019 601//1019
f 571//1020 601//1020 598//1020
f 572//1021 581//1021 600//1021
f 573//1022 599//1022 574//1022
f 574//1023 602//1023 603//1023
f 574//1024 603//1024 575//1024
f 574//1025 599//1025 602//1025
f 575//1026 603//1026 576//1026
f 576//1027 604//1027 221//1027
f 576//1028 221//1028 220//1028
f 576//1029 603//1029 604//1029
f 577//1030 605//1030 606//1030
f 577//1031 606//1031 578//1031
f 577//1032 579//1032 605//1032
f 578//1033 606//1033 607//1033
f 578//1034 607//1034 608//1034
f 578//1035 608//1035 580//1035
f 579//1036 596//1036 609//1036
f 579//1037 609//1037 610//1037
f 579//1038 610//1038 605//1038
f 580//1039 608//1039 600//1039
f 580//1040 600//1040 581//1040
f 582//1041 611//1041 612//1041
f 582//1042 612//1042 583//1042
f 582//1043 587//1043 613//1043
f 582//1044 613//1044 611//1044
f 583//1045 612//1045 614//1045
f 583//1046 614//1046 615//1046
f 583//1047 615//1047 584//1047
f 584//1048 615//1048 616//1048
f 584//1049 616//1049 617//1049
f 584//1050 617//1050 585//1050
f 585//1051 617//1051 588//1051
f 586//1052 618//1052 613//1052
f 586//1053 613//1053 587//1053
f 586//1054 590//1054 619//1054
f 586//1055 619//1055 618//1055
f 588//1056 617//1056 620//1056
f 588//1057 620//1057 591//1057
f 588//1058 591//1058 589//1058
f 225//1059 224//1059 619//1059
f 225//1060 619//1060 590//1060
f 591//1061 620//1061 592//1061
f 592//1062 620//1062 621//1062
f 592//1063 621//1063 622//1063
f 592//1064 622//1064 593//1064
f 593//1065 622//1065 594//1065
f 594//1066 622//1066 623//1066
f 594//1067 623//1067 624//1067
f 594//1068 624//1068 595//1068
f 595//1069 624//1069 299//1069
f 299//1070 624//1070 300//1070
f 596//1071 597//1071 609//1071
f 597//1072 305//1072 304//1072
f 597//1073 304//1073 625//1073
f 597//1074 625//1074 609//1074
f 598//1075 626//1075 599//1075
f 598//1076 601//1076 626//1076
f 599//1077 626//1077 627//1077
f 599//1078 627//1078 628//1078
f 599//1079 628//1079 602//1079
f 600//1080 629//1080 601//1080
f 600//1081 608//1081 629//1081
f 601//1082 630//1082 626//1082
f 601//1083 629//1083 607//1083
f 601//1084 607//1084 631//1084
f 601//1085 631//1085 630//1085
f 602//1086 628//1086 603//1086
f 603//1087 628//1087 632//1087
f 603//1088 632//1088 604//1088
f 604//1089 633//1089 221//1089
f 604//1090 632//1090 633//1090
f 221//1091 633//1091 222//1091
f 605//1092 634//1092 606//1092
f 605//1093 610//1093 635//1093
f 605//1094 635//1094 634//1094
f 606//1095 634//1095 636//1095
f 606//1096 636//1096 637//1096
f 606//1097 637//1097 631//1097
f 606//1098 631//1098 607//1098
f 607//1099 629//1099 608//1099
f 609//1100 638//1100 610//1100
f 609//1101 625//1101 639//1101
f 609//1102 639//1102 638//1102
f 610//1103 638//1103 635//1103
f 611//1104 640//1104 641//1104
f 611//1105 641//1105 612//1105
f 611//1106 613//1106 642//1106
f 611//1107 642//1107 640//1107
f 612//1108 641//1108 643//1108
f 612//1109 643//1109 614//1109
f 613//1110 618//1110 642//1110
f 614//1111 643//1111 644//1111
f 614//1112 644//1112 645//1112
f 614//1113 645//1113 615//1113
f 615//1114 645//1114 616//1114
f 616//1115 645//1115 646//1115
f 616//1116 646//1116 620//1116
f 616//1117 620//1117 617//1117
f 618//1118 647//1118 642//1118
f 618//1119 619//1119 647//1119
f 619//1120 224//1120 223//1120
f 619//1121 223//1121 648//1121
f 619//1122 648//1122 647//1122
f 620//1123 646//1123 649//1123
f 620//1124 649//1124 621//1124
f 621//1125 649//1125 622//1125
f 622//1126 650//1126 651//1126
f 622//1127 651//1127 623//1127
f 622//1128 649//1128 650//1128
f 623//1129 651//1129 652//1129
f 623//1130 652//1130 624//1130
f 624//1131 652//1131 300//1131
f 300//1132 652//1132 301//1132
f 304//1133 303//1133 639//1133
f 304//1134 639//1134 625//1134
f 626//1135 641//1135 627//1135
f 626//1136 630//1136 653//1136
f 626//1137 653//1137 641//1137
f 627//1138 641//1138 640//1138
f 627//1139 640//1139 642//1139
f 627//1140 642//1140 628//1140
f 628//1141 642//1141 647//1141
f 628//1142 647//1142 632//1142
f 630//1143 631//1143 654//1143
f 630//1144 654//1144 653//1144
f 631//1145 637//1145 654//1145
f 632//1146 647//1146 648//1146
f 632//1147 648//1147 633//1147
f 633//1148 648//1148 222//1148
f 222//1149 648//1149 223//1149
f 634//1150 655//1150 656//1150
f 634//1151 656//1151 636//1151
f 634//1152 635//1152 655//1152
f 635//1153 638//1153 657//1153
f 635//1154 657//1154 655//1154
f 636//1155 656//1155 637//1155
f 637//1156 656//1156 658//1156
f 637//1157 658//1157 659//1157
f 637//1158 659//1158 653//1158
f 637//1159 653//1159 654//1159
f 638//1160 660//1160 657//1160
f 638//1161 639//1161 660//1161
f 639//1162 303//1162 302//1162
f 639//1163 302//1163 661//1163
f 639//1164 661//1164 660//1164
f 641//1165 653//1165 659//1165
f 641//1166 659//1166 643//1166
f 643//1167 659//1167 658//1167
f 643//1168 658//1168 644//1168
f 644//1169 658//1169 656//1169
f 644//1170 656//1170 646//1170
f 644//1171 646//1171 645//1171
f 646//1172 656//1172 649//1172
f 649//1173 656//1173 655//1173
f 649//1174 655//1174 650//1174
f 650//1175 657//1175 660//1175
f 650//1176 660//1176 651//1176
f 650//1177 655//1177 657//1177
f 651//1178 660//1178 652//1178
f 652//1179 661//1179 301//1179
f 652//1180 660//1180 661//1180
f 301//1181 661//1181 302//1181
o geometry3
v -0.006703077 0.016148532 0.009116501
v -0.0066553587 0.016139358 0.0069129867
v -0.0014027797 0.014246536 0.016537813
v -0.0066447547 0.0161363 0.010586022
v -0.0015689109 0.042865142 0.009460464
v -0.0015848172 0.042877376 0.008658907
v -0.0028007575 0.036529236 0.008697296
v -0.004103298 0.029728532 0.008695761
v -0.005404071 0.022937004 0.008694225
v -0.0065970356 0.016127126 0.0060883965
v -0.0014787759 0.014393314 0.0008705985
v -0.0015706783 0.042865142 0.007894203
v -0.001533564 0.042831507 0.0071847793
v -0.0014787759 0.014393314 0.016520921
v -0.0016820217 0.014686869 0.016474856
v -0.0019135452 0.014919268 0.016419576
v -0.0021839505 0.015114971 0.016347405
v -0.0024737967 0.015258691 0.016259879
v -0.0028325696 0.015384064 0.016130893
v -0.0032443632 0.015484974 0.015954304
v -0.0041474816 0.015659273 0.015429147
v -0.0049533956 0.015812166 0.014742755
v -0.0055401577 0.015925307 0.014047151
v -0.006072131 0.016026217 0.013154997
v -0.0064309044 0.016096547 0.0122044915
v -0.006584664 0.016127126 0.011361475
v -0.0011394438 0.01417009 0.01655317
v 0.0018155735 0.04385895 0.01603876
v 0.00093012885 0.04410358 0.015894419
v -0.0015229597 0.04282233 0.010288126
v -8.6100306e-05 0.04417697 0.013626411
v -0.00013912097 0.04436044 0.0038725985
v -0.0052556135 0.022909483 0.005937913
v -0.0064291367 0.016096547 0.005173209
v -0.0014805433 0.042788696 0.0065613464
v -0.0014451961 0.04275506 0.0062511647
v 0.0018703616 0.013778682 0.0009458405
v 0.00038931821 0.013870418 0.01655624
v -0.0006410496 0.01406918 0.016557775
v -0.0010758189 0.0141548 0.016554704
v -0.006082735 0.016029274 0.0042610923
v -0.0055578314 0.015928365 0.0033689379
v -0.00487033 0.015796877 0.0025658454
v -0.004059114 0.015640926 0.0019009523
v -0.0032443632 0.015484974 0.0014372165
v -0.0028838231 0.015399354 0.0012821257
v -0.0024737967 0.015258691 0.0011331774
v -0.002305898 0.015182245 0.0010794331
v -0.0020266557 0.015011004 0.0010011201
v -0.0017792261 0.014793895 0.0009381627
v -0.0015671437 0.014533976 0.00089056045
v 0.0014568006 0.04390482 0.0013788654
v 0.0016565117 0.044057712 0.0013527609
v 0.007495852 0.043103658 0.0013527609
v 0.000696838 0.04395986 0.01568712
v 0.00052010245 0.043852836 0.015412255
v -0.0010599128 0.04242175 0.0125192795
v -0.0012401829 0.042577703 0.012020226
v -0.0012879015 0.042620514 0.011860529
v -0.0013727346 0.0426939 0.011518101
v -0.0014522655 0.042761177 0.011055901
v 0.007022201 0.042843737 0.01603876
v 0.008404273 0.042840682 0.015922058
v 0.007495852 0.043103658 0.001745862
v 0.00029211375 0.043953747 0.014839495
v 0.000532474 0.04423507 0.0017074733
v 0.00035043643 0.044137217 0.0019869432
v -0.001349759 0.042672496 0.005759789
v -0.0012914364 0.042623572 0.005540205
v -0.0012083706 0.042550184 0.005268413
v 0.0022521103 0.01382455 0.0010318314
v 0.0034397729 0.013527937 0.001428003
v 0.0053361445 0.013136529 0.002938984
v 0.007527665 0.042669438 0.0013527609
v 0.008506779 0.04292936 0.001480212
v 0.00088947965 0.01378174 0.016554704
v 0.0075471057 0.042687785 0.01603876
v -0.0019541942 0.014952905 0.0009826939
v 0.008591613 0.042672496 0.015760824
v 0.008964524 0.042730596 0.015485961
v 0.010862663 0.042443156 0.013518922
v 0.0016600464 0.013763392 0.016482534
v 0.0020594685 0.013800087 0.016405756
v 0.0027611086 0.013500416 0.01623531
v 0.0031481592 0.013518763 0.016090969
v 0.0035086996 0.013530995 0.015932806
v 0.0038409624 0.013524879 0.01576236
v 0.0041414127 0.013500416 0.015584237
v 0.0043694014 0.013466779 0.015433753
v 0.004581484 0.013411738 0.015275592
v 0.009199582 0.042807043 0.0021205363
v 0.002639161 0.013885708 0.001142391
v 0.0037826397 0.013527937 0.001598449
v 0.004873098 0.013280249 0.0023631528
v 0.006567991 0.016090432 0.0038725985
v 0.006384186 0.015307617 0.003837281
v 0.0064919945 0.015029351 0.0041182865
v 0.006507901 0.014876458 0.0042058127
v 0.006537946 0.014598192 0.0043808655
v 0.006562689 0.014448356 0.004497567
v 0.0065803626 0.014344388 0.0045897
v 0.0066316156 0.014118106 0.0048307814
v 0.006682869 0.01392546 0.005096432
v 0.0067358897 0.013775624 0.005382044
v 0.0067836083 0.013662484 0.005678405
v 0.0068242573 0.013592152 0.0059824437
v 0.0068596043 0.013567689 0.0062972317
v 0.006870209 0.013564631 0.0064031845
v 0.006891417 0.013561574 0.0069191293
v 0.006893184 0.013561574 0.0070542577
v 0.0053343773 0.013127356 0.014455607
v 0.005060437 0.013136529 0.014844102
v 0.0067358897 0.019545825 0.0032123118
v 0.007057548 0.019484669 0.0036161616
v 0.006962111 0.018053584 0.0038725985
v 0.008607518 0.042840682 0.0015569893
v 0.004372936 0.013463722 0.0019608387
v 0.004098996 0.013506532 0.0017796438
v 0.0012853672 0.013754219 0.016530136
v 0.00853329 0.03211367 0.014444859
v 0.009153631 0.036299895 0.014449466
v 0.009689139 0.04050141 0.01450628
v 0.010132746 0.04041579 0.014074791
v 0.004765289 0.013338349 0.015125107
v 0.007828115 0.027948853 0.014493996
v 0.010862663 0.042443156 0.0038725985
v 0.010530401 0.040339343 0.013600307
v 0.010267065 0.037938915 0.013518922
v 0.010822014 0.038871564 0.012675906
v 0.010949263 0.038770653 0.012384151
v 0.0110022845 0.038730904 0.012247487
v 0.011150742 0.03862082 0.011812926
v 0.011173718 0.03860553 0.0117330775
v 0.011230273 0.038568836 0.011525778
v 0.011267387 0.03854437 0.0113722235
v 0.011352221 0.03850156 0.010945341
v 0.008699421 0.04275812 0.0016521933
v 0.010259995 0.040391326 0.0034564645
v 0.0099029895 0.040461656 0.0030817902
v 0.0047087334 0.013362812 0.0022188113
v 0.007653147 0.027982488 0.0027501113
v 0.008041965 0.027906042 0.003092539
v 0.0072519574 0.023753455 0.002991193
v 0.007608963 0.023683123 0.0033674026
v 0.00651497 0.015754066 0.0038971673
v 0.00648846 0.015417701 0.0039693383
v 0.0071300096 0.016851842 0.0046326956
v 0.007373905 0.016805973 0.0052822335
v 0.007538269 0.016775396 0.005934842
v 0.007628404 0.016760105 0.006582844
v 0.0076513793 0.01675399 0.0072247037
v 0.006891417 0.013561574 0.010334192
v 0.0076513793 0.01675399 0.010171424
v 0.006873743 0.013564631 0.011003692
v 0.0068649068 0.013564631 0.011095825
v 0.006833094 0.013592152 0.0113983285
v 0.0067942124 0.013659425 0.011706973
v 0.0067464937 0.013775624 0.012017155
v 0.006697008 0.013928518 0.012304302
v 0.006647522 0.014121164 0.012569953
v 0.006598036 0.01435662 0.01281564
v 0.0065803626 0.014460587 0.012906238
v 0.006559154 0.014610423 0.01302294
v 0.0065308763 0.014888689 0.013194921
v 0.006520272 0.015096624 0.013294732
v 0.006518505 0.015176129 0.013326978
v 0.006523807 0.015463568 0.013420647
v 0.006550317 0.015760183 0.013475927
v 0.006598036 0.016056795 0.013494354
v 0.004947326 0.013231323 0.014959268
v 0.0072395857 0.019371526 0.013494354
v 0.0070045274 0.01949384 0.013845995
v 0.007879368 0.02363114 0.013690904
v 0.007483481 0.023707587 0.014165388
v 0.008271721 0.027863232 0.014064042
v 0.007932389 0.023621965 0.003771252
v 0.0072342837 0.019451031 0.0038725985
v 0.0077397474 0.022145014 0.0038725985
v 0.007836952 0.02005649 0.0047831796
v 0.009367481 0.036260143 0.0031386055
v 0.00874714 0.03207392 0.0031416765
v 0.0046097618 0.013402564 0.0021374272
v 0.008976895 0.03202805 0.014014905
v 0.009597237 0.036214277 0.014017976
v 0.010659417 0.040853065 0.0038725985
v 0.0113469185 0.03853214 0.00644618
v 0.011260319 0.03860247 0.006005477
v 0.0112232035 0.03863305 0.0058580646
v 0.01117195 0.03867586 0.005667656
v 0.011141906 0.038703382 0.0055693807
v 0.010993447 0.03883793 0.00513482
v 0.010945729 0.038880736 0.005018119
v 0.009994892 0.036137827 0.013543491
v 0.010012565 0.036134772 0.013518922
v 0.010629373 0.0362051 0.01235344
v 0.010867965 0.036159232 0.011705438
v 0.011028795 0.036128655 0.011051293
v 0.010966937 0.0355232 0.010945341
v 0.011166648 0.037097998 0.00644618
v 0.010583421 0.040330168 0.0038618497
v 0.01004968 0.03639163 0.0038725985
v 0.009724487 0.036189813 0.0035148151
v 0.008398971 0.027838768 0.0034687486
v 0.009104146 0.032006647 0.0035178862
v 0.0084908735 0.026410744 0.0038725985
v 0.008080847 0.02001062 0.0054311818
v 0.008246979 0.019980043 0.00608379
v 0.008337113 0.019961696 0.0067317924
v 0.008358322 0.019958638 0.007364439
v 0.008358322 0.019958638 0.010036295
v 0.0076319384 0.016757049 0.010822497
v 0.007545338 0.016775396 0.011468964
v 0.007384509 0.016805973 0.012123108
v 0.0071441485 0.016848784 0.012771109
v 0.0068260245 0.016909942 0.013400685
v 0.007532967 0.020111531 0.013251737
v 0.007361533 0.02011459 0.013518922
v 0.008100288 0.024150977 0.013518922
v 0.008669376 0.027786786 0.013589557
v 0.00800485 0.023609735 0.0038725985
v 0.007513526 0.02011459 0.0041551394
v 0.008170982 0.02332841 0.004271841
v 0.008494408 0.023267254 0.0048998813
v 0.008738303 0.023221385 0.005547883
v 0.009374551 0.03195466 0.013540421
v 0.009602539 0.033345994 0.013518922
v 0.010613467 0.03620816 0.005050365
v 0.011021725 0.036131714 0.0063525112
v 0.010857361 0.03616229 0.005698367
v 0.00985527 0.033015743 0.012972266
v 0.010175162 0.032954585 0.012344226
v 0.010415522 0.032911777 0.011694689
v 0.010576352 0.032881197 0.011042081
v 0.010544539 0.032554004 0.010945341
v 0.010763692 0.03411352 0.00644618
v 0.011039399 0.036128655 0.00644618
v 0.010159256 0.032957643 0.005061114
v 0.009379853 0.03189045 0.0038725985
v 0.008720629 0.027777612 0.0038725985
v 0.008653469 0.02737703 0.0038725985
v 0.008777184 0.026551405 0.004357832
v 0.008902667 0.023190806 0.006202027
v 0.008992802 0.023175517 0.0068469583
v 0.009015778 0.023169402 0.007474998
v 0.009015778 0.023169402 0.009931878
v 0.008338881 0.019961696 0.010673549
v 0.0082540475 0.019976985 0.011320015
v 0.008091451 0.020007564 0.011972624
v 0.007852858 0.020053431 0.012622161
v 0.008510314 0.023264196 0.01250546
v 0.008190423 0.023325352 0.0131335
v 0.008796625 0.02654529 0.013049044
v 0.008801928 0.028269928 0.013518922
v 0.00910061 0.026490249 0.0049843364
v 0.009344505 0.02644438 0.0056323386
v 0.009351575 0.029774401 0.0129953
v 0.00946822 0.032465328 0.013518922
v 0.010403151 0.032911777 0.0057075806
v 0.010569283 0.032881197 0.00636326
v 0.009671466 0.029716302 0.012365725
v 0.009910059 0.029670432 0.011717722
v 0.010070888 0.029639855 0.011063578
v 0.010085028 0.029593986 0.010945341
v 0.010284739 0.03089664 0.00644618
v 0.010585189 0.032878138 0.00644618
v 0.009655559 0.029719358 0.0050380807
v 0.009332133 0.029777458 0.0044115763
v 0.00950887 0.026413802 0.006286483
v 0.009282649 0.024982719 0.00644618
v 0.009217256 0.024585195 0.0064922464
v 0.009185444 0.024313044 0.0066212323
v 0.009183676 0.024258003 0.006688797
v 0.00918721 0.024239656 0.0067471475
v 0.009190746 0.024239656 0.006782465
v 0.009210186 0.024236597 0.00701894
v 0.00922079 0.02423354 0.007507245
v 0.00922079 0.02423354 0.010108466
v 0.008996337 0.023175517 0.010556847
v 0.008909736 0.023190806 0.0112017775
v 0.008748907 0.023221385 0.011855922
v 0.009355109 0.026441323 0.011769931
v 0.009116516 0.02648719 0.012419469
v 0.009899454 0.02967349 0.005686083
v 0.010065586 0.029642912 0.006340227
v 0.009515939 0.026410744 0.011117322
v 0.009724487 0.027429014 0.010945341
v 0.010085028 0.029636797 0.00644618
v 0.009800483 0.027930506 0.00644618
v 0.009538915 0.026407685 0.00644618
v 0.009194281 0.024239656 0.010595236
v 0.009190746 0.024239656 0.010653586
v 0.009192513 0.024306929 0.010750326
v 0.009203117 0.024417013 0.01083171
v 0.009222558 0.024569906 0.010891597
v 0.0092455335 0.024719741 0.010923843
v 0.009259673 0.024805361 0.010936128
v 0.009293253 0.024998007 0.010945341
v 0.009545984 0.026407685 0.010945341
vn -0.33365875 -0.94268817 -0.0033010058
vn -0.34503797 -0.93857026 0.005881366
vn -0.9813216 0.18806028 0.04051195
vn -0.9818391 0.18839344 0.022358907
vn -0.98212874 0.18814889 0.0048342035
vn -0.98214406 0.18810965 0.0027843611
vn -0.98214453 0.18810833 0.0027384304
vn -0.9821931 0.18657586 -0.022046614
vn -0.32930687 -0.94417727 -0.009285879
vn -0.3272012 -0.94492674 -0.0072653457
vn -0.9818409 0.18778712 -0.026916532
vn -0.98018706 0.18869542 -0.0602259
vn -0.97939354 0.18866374 -0.07207101
vn -0.23299804 -0.008722085 0.9724381
vn -0.25344473 -0.02245344 0.96708924
vn -0.29570296 -0.05691147 0.9535831
vn -0.32807952 -0.088912755 0.9404565
vn -0.38127378 -0.1530977 0.91169703
vn -0.4304763 -0.2287352 0.8731382
vn -0.5159803 -0.4139205 0.7499561
vn -0.54723686 -0.67735887 0.49164706
vn -0.50657415 -0.80995107 0.29557064
vn -0.4588452 -0.87109774 0.17507087
vn -0.40941092 -0.9081601 0.087337784
vn -0.37074625 -0.9281133 0.03395546
vn -0.35562453 -0.93448305 0.016502934
vn -0.2783717 -0.960443 -0.00764757
vn -0.051703416 0.022445295 0.9984102
vn -0.1518748 0.0331541 0.9878436
vn -0.15498534 0.033386566 0.9873525
vn -0.97891486 0.18875282 0.07809025
vn -0.9799188 0.18879013 0.06416919
vn -0.7712769 0.6320047 0.075511396
vn -0.70056343 0.7131595 0.024786834
vn -0.6873226 0.7261439 0.017395074
vn -0.75414175 0.6562567 -0.024442472
vn -0.981934 0.188036 -0.021163533
vn -0.9821451 0.18810956 -0.0024305915
vn -0.98214585 0.18811102 -0.0019592866
vn -0.96514124 0.18681963 -0.18330547
vn -0.3507522 -0.93588394 -0.03307787
vn -0.97721696 0.1892378 -0.09610423
vn -0.97313076 0.18907964 -0.1313973
vn -0.97085285 0.18873873 -0.14772393
vn -0.18024737 -0.9835561 -0.0113210725
vn -0.1894167 -0.9818442 -0.010171974
vn -0.19314405 -0.9811199 -0.00995796
vn -0.23344569 -0.97233015 -0.008788856
vn -0.38440618 -0.9198506 -0.07814545
vn -0.42779887 -0.89118886 -0.15089822
vn -0.48231336 -0.8311113 -0.2768176
vn -0.5299076 -0.69705105 -0.48302972
vn -0.5070295 -0.43330264 -0.7450973
vn -0.43197396 -0.24867892 -0.866924
vn -0.38768226 -0.17091425 -0.90580946
vn -0.3539025 -0.12570626 -0.9267961
vn -0.3131117 -0.07771652 -0.9465312
vn -0.2967213 -0.061820064 -0.9529611
vn -0.21450329 0.0038531462 -0.9767156
vn -0.16879259 0.03375578 -0.9850734
vn -0.15382208 0.03230966 -0.9875702
vn 0.0026102033 0.015975904 -0.999869
vn 0.02415394 0.009238084 -0.9996655
vn -0.8078898 0.58516043 -0.07000973
vn -0.8397994 0.5320546 -0.107957914
vn -0.1728716 0.03477305 0.9843303
vn -0.19696176 0.036821235 0.9797195
vn -0.23057044 0.039961327 0.9722348
vn -0.26878536 0.043909706 0.96219873
vn -0.32237238 0.05001918 0.94529045
vn -0.38151208 0.057580296 0.92256874
vn -0.49070516 0.073394194 0.8682291
vn -0.63397175 0.10062821 0.76678145
vn -0.6988864 0.1166159 0.7056618
vn -0.7476877 0.12822747 0.6515526
vn -0.8404068 0.15661907 0.518832
vn -0.8575479 0.16359515 0.48769686
vn -0.8980341 0.18019241 0.40132967
vn -0.9055045 0.18118657 0.3837094
vn -0.91543406 0.18193749 0.3589976
vn -0.9271584 0.18400863 0.32637128
vn -0.9435519 0.18650459 0.27372596
vn -0.9629804 0.18811828 0.19308089
vn -0.96499234 0.18805225 0.18282823
vn -0.97628516 0.18933514 0.104974
vn -0.01948565 0.019259615 0.9996246
vn 0.07799392 0.40000036 0.9131903
vn 0.13677873 0.82160133 0.5534102
vn -0.0035749252 0.017714547 0.9998366
vn 0.0033428676 0.01714426 0.99984753
vn 0.16657528 0.98599935 0.0076165316
vn 0.16417485 0.9864101 0.0064735753
vn 0.030587655 0.9993584 0.018631797
vn -0.6900788 0.6440969 0.33004615
vn -0.8144458 0.5676519 0.12020572
vn -0.71194184 0.6169165 0.33548906
vn -0.86792463 0.44796914 0.2145475
vn -0.88857245 0.3510001 0.29536036
vn -0.89058924 0.30827248 0.3343931
vn 0.16242275 0.9867212 0
vn 0.16124482 0.9869076 -0.003662269
vn 0.15282689 0.9882043 -0.009816657
vn -0.7396795 0.61847836 -0.2652522
vn -0.8999364 0.33932483 -0.27381235
vn -0.8953459 0.37693074 -0.2372318
vn -0.86422473 0.48005554 -0.15054038
vn -0.96222484 0.18786083 -0.1970576
vn -0.9577904 0.18786208 -0.21759035
vn -0.93859994 0.1858079 -0.29069838
vn -0.92508185 0.1837659 -0.33234563
vn -0.9193779 0.1826979 -0.34837577
vn -0.9150566 0.18024 -0.36081177
vn 0.24248442 -0.2726409 -0.9310576
vn -0.12883665 -0.98719794 -0.094028264
vn -0.17609534 -0.98431253 -0.010922701
vn 0.052272104 0.003829613 -0.99862546
vn 0.13218352 -0.011923597 -0.9911536
vn 0.22340162 -0.033001598 -0.97416764
vn -0.17459711 -0.98458546 -0.010363718
vn 0.00599135 0.016466316 0.9998466
vn 0.0049677305 0.016720587 0.9998479
vn 0.0047255224 0.016776046 0.9998482
vn -0.8517249 0.1544256 -0.5007169
vn -0.8443556 0.15150222 -0.5139169
vn -0.74411005 0.1215411 -0.656908
vn -0.6201721 0.09431645 -0.77877533
vn -0.48299578 0.07165352 -0.872686
vn -0.38262454 0.05893175 -0.9220226
vn -0.32502496 0.052435543 -0.9442506
vn -0.31805384 0.05176002 -0.9466587
vn -0.28491893 0.04730551 -0.95738363
vn -0.24566843 0.0422788 -0.9684314
vn -0.24493846 0.0020012623 -0.9695365
vn -0.21685424 0.03889642 -0.9754288
vn -0.21345693 0.038506627 -0.97619337
vn -0.17819957 0.034696184 -0.98338246
vn -0.26824963 0.189112 -0.94460505
vn 0.16990806 0.98545986 -0
vn 0.12665261 0.009279049 -0.9919037
vn -0.8413798 0.3644005 0.39911437
vn -0.8981492 0.19828156 0.39244428
vn -0.8984642 0.20457214 0.38847432
vn -0.89322084 0.28905368 0.34439024
vn 0.08151396 0.27436072 0.9581659
vn 0.6001054 -0.093186714 0.7944745
vn 0.31126603 0.9361406 0.16356689
vn 0.16685686 0.98595184 0.0075976104
vn 0.13711908 -0.0127118565 0.9904729
vn 0.19095431 -0.02537585 0.98127097
vn 0.22282371 -0.03245448 0.9743184
vn 0.35123637 -0.05757771 0.9345147
vn 0.40273023 -0.06693296 0.91286826
vn 0.4540268 -0.07551019 0.8877826
vn 0.5031998 -0.08301406 0.8601737
vn 0.53965217 -0.08804658 0.83727133
vn 0.5795884 -0.09307193 0.80957705
vn 0.5988499 -0.095257625 0.7951759
vn 0.1700962 0.98540515 0.0066405623
vn 0.17078345 0.9853027 0.003434359
vn -0.9187397 0.20652024 -0.33655152
vn -0.9118677 0.27613556 -0.3037212
vn 0.28922525 -0.11174428 -0.9507165
vn 0.28103364 -0.04562644 -0.9586128
vn 0.34678775 -0.626978 -0.6975935
vn -0.020419076 -0.9737691 -0.22662036
vn 0.3146275 -0.052539557 -0.9477601
vn 0.4438984 -0.0749153 -0.89294004
vn 0.8181009 -0.16726671 -0.5502115
vn 0.8372879 -0.19242941 -0.5117809
vn 0.84092665 -0.20029949 -0.50271505
vn 0.8463192 -0.21516521 -0.4872861
vn 0.8494186 -0.22975498 -0.47507975
vn 0.85279363 -0.25760886 -0.4542913
vn 0.8537583 -0.276598 -0.4411238
vn 0.84929824 -0.33577982 -0.40736267
vn 0.83336574 -0.41053942 -0.37007943
vn 0.7969834 -0.5102926 -0.32313913
vn 0.7086388 -0.6607078 -0.24758068
vn 0.5129006 -0.849502 -0.12360983
vn 0.40546018 -0.91166216 -0.06688973
vn 0.30676958 -0.95160884 -0.018249203
vn 0.27208593 -0.9622664 -0.0035582806
vn 0.2651351 -0.96421105 -0.0007273551
vn -0.03460377 -0.99940085 -0.0008013792
vn -0.15430324 -0.9880171 -0.003573466
vn 0.7548504 -0.13750452 -0.6413217
vn 0.7640644 -0.14000967 -0.6297642
vn 0.8033168 -0.15653689 -0.5746116
vn 0.8141931 -0.16345662 -0.55711
vn 0.6850241 0.16354506 -0.70992595
vn 0.55178046 -0.09093376 -0.82901716
vn 0.5397167 -0.08937296 -0.8370892
vn 0.49111295 -0.08239805 -0.86719
vn -0.14559513 -0.9891788 0.018097619
vn -0.018728124 -0.80216515 0.5968085
vn 0.06218111 0.0034928091 0.99805886
vn 0.1262795 -0.010483141 0.9919393
vn 0.60020363 -0.095425874 0.79413444
vn 0.6662052 -0.09953588 0.73909616
vn 0.6822009 -0.09675084 0.7247353
vn 0.6846009 -0.09507234 0.7226913
vn 0.71325684 -0.065460004 0.6978392
vn 0.60720176 -0.09643288 0.78867406
vn 0.6358571 -0.100239486 0.7652698
vn 0.64595646 -0.100443356 0.7567374
vn 0.21374582 0.9768893 0
vn 0.7554923 -0.094236724 0.64834464
vn 0.82790494 -0.10947437 0.5500807
vn 0.88401175 -0.116893396 0.45261392
vn 0.8961707 -0.11156541 0.42945465
vn 0.9180347 -0.097134 0.38441822
vn 0.936668 -0.081432305 0.34061968
vn 0.9566525 -0.055501044 0.28589454
vn 0.96143025 -0.04809463 0.2708112
vn 0.97039545 -0.031138897 0.23950571
vn 0.98069155 -0.00582622 0.19547439
vn 0.99237496 0.12325573 0
vn 0.12661706 -0.34438863 0.9302498
vn 0.19634727 -0.095338576 0.9758885
vn 0.27211717 -0.720238 0.63812965
vn 0.3277556 -0.6368132 0.6978862
vn 0.36261016 -0.58213955 0.72775495
vn 0.407075 -0.51132774 0.7568579
vn 0.44381097 -0.45243722 0.7735194
vn 0.48486072 -0.3863656 0.78462195
vn 0.49642247 -0.36843154 0.7860171
vn 0.685478 -0.072386935 -0.7244861
vn 0.7162731 -0.06956463 -0.69434404
vn 0.7155649 -0.07024145 -0.6950059
vn 0.68540454 -0.09055917 -0.7225093
vn 0.37420303 -0.5818726 -0.7220778
vn 0.41752097 -0.510352 -0.75180924
vn 0.46888918 -0.42254558 -0.77562755
vn 0.62759405 -0.10034008 -0.7720476
vn 0.6459795 -0.10223813 -0.7564774
vn 0.64605665 -0.102254525 -0.7564092
vn 0.68948716 -0.11371363 -0.7153158
vn 0.70895696 -0.11934942 -0.6950798
vn 0.74408185 -0.13247325 -0.6548228
vn 0.8251413 -0.1694291 -0.53892076
vn 0.8484967 -0.17034334 -0.50103545
vn 0.8387579 -0.17661804 -0.51506454
vn 0.8408292 -0.18715492 -0.50791657
vn 0.86510915 -0.17273708 -0.4709014
vn 0.8683278 -0.17275262 -0.46493375
vn 0.8696217 -0.17402467 -0.46203184
vn 0.87938374 -0.1818571 -0.44001412
vn 0.88579637 -0.18515965 -0.42553562
vn 0.9014854 -0.19095017 -0.38840976
vn 0.90739846 -0.19250043 -0.37359276
vn 0.9141156 -0.19251089 -0.35683647
vn 0.92447096 -0.20087938 -0.3240384
vn 0.93683827 -0.20654066 -0.2822675
vn 0.946286 -0.20740266 -0.24804634
vn 0.9492445 -0.21090086 -0.23335756
vn 0.9594783 -0.21788596 -0.17868151
vn 0.96576726 -0.21871062 -0.1394962
vn 0.9669853 -0.22161491 -0.12580328
vn 0.9690563 -0.22411287 -0.103457294
vn 0.9726745 -0.228464 -0.041336
vn 0.9729416 -0.22806959 -0.03699919
vn 0.9730106 -0.23040953 -0.012724857
vn 0.26898 -0.96314573 0.0001449228
vn 0.97293675 -0.23107137 0
vn 0.9728215 -0.2315558 0.0005241432
vn 0.2985317 -0.95432127 0.01223899
vn 0.34011504 -0.9398179 0.032620035
vn 0.52904236 -0.83828187 0.13189985
vn 0.69252586 -0.68175364 0.23583852
vn 0.78984183 -0.524444 0.3179755
vn 0.8286152 -0.42220962 0.36760852
vn 0.8457675 -0.34453183 0.4074006
vn 0.8505681 -0.28342888 0.442947
vn 0.8490918 -0.25755927 0.46120086
vn 0.8476918 -0.24605665 0.46997306
vn 0.8419935 -0.21912245 0.492983
vn 0.83575743 -0.2023931 0.51043755
vn 0.8311061 -0.1930538 0.52152944
vn 0.82802236 -0.18747264 0.5284249
vn 0.8191067 -0.17501897 0.5462898
vn 0.8105836 -0.16530882 0.5618071
vn 0.8049808 -0.15974736 0.5713901
vn 0.5181892 -0.33679754 0.78615993
vn 0.8015468 -0.15513542 0.57745636
vn 0.796549 -0.15170574 0.5852307
vn 0.77701485 -0.14130683 0.6134169
vn 0.75082153 -0.13052815 0.6474793
vn 0.70477146 -0.11661444 0.69978434
vn 0.68070626 -0.11007153 0.72423977
vn 0.664109 -0.106597885 0.7399973
vn 0.7628996 -0.13730845 -0.63176787
vn 0.7644303 -0.13803363 -0.6297563
vn 0.80353206 -0.15649912 -0.5743208
vn 0.7865258 -0.14379935 -0.60058206
vn 0.8045889 -0.15096256 -0.57432294
vn 0.8699507 -0.1694351 -0.46311715
vn 0.8705496 -0.17036434 -0.46164858
vn 0.85689205 -0.17181541 -0.4860201
vn 0.6717155 -0.0988843 -0.7341799
vn 0.6691855 -0.0997043 -0.736376
vn 0.65410715 -0.101833776 -0.7495157
vn 0.64605975 -0.10223776 -0.75640875
vn 0.60826266 -0.09813348 -0.78764606
vn 0.5792631 -0.094628766 -0.80962944
vn 0.47235066 -0.41545075 -0.77735806
vn 0.6821403 -0.101880744 0.724089
vn 0.68128335 -0.10680882 0.7241857
vn 0.68128306 -0.10680882 0.72418594
vn 0.68346 -0.10180965 0.7228536
vn 0.68428034 -0.09698906 0.7227404
vn 0.6842796 -0.09698881 0.722741
vn 0.7534605 -0.1048105 0.6490854
vn 0.7538498 -0.10469222 0.64865255
vn 0.6370891 -0.10054377 0.7642045
vn 0.77026147 -0.098455176 -0.6300824
vn 0.99244845 0.1226623 -0.00033581367
vn 0.9810349 -0.006015852 -0.19373754
vn 0.9669947 -0.039654005 -0.25169232
vn 0.9615733 -0.049712557 -0.27001
vn 0.9483771 -0.06957393 -0.30941936
vn 0.9341087 -0.08730386 -0.3461489
vn 0.9049721 -0.11097579 -0.41074315
vn 0.8990219 -0.11491339 -0.42255703
vn 0.7537899 -0.10506077 0.6486625
vn 0.7999133 -0.112839 0.58941174
vn 0.88009435 -0.124149665 0.4582802
vn 0.8845214 -0.11846927 0.45120603
vn 0.8949146 -0.11673985 0.43069652
vn 0.9136036 -0.1185702 0.388934
vn 0.928517 -0.12238255 0.35054058
vn 0.929376 -0.121976115 0.3483994
vn 0.9474198 -0.12175747 0.2959238
vn 0.9518164 -0.1221417 0.28129524
vn 0.95957524 -0.1254983 0.25192338
vn 0.96179795 -0.12719883 0.24241522
vn 0.97091776 -0.1231688 0.2053001
vn 0.9801648 -0.12679496 0.1523158
vn 0.9917361 -0.12829183 -0.00088313123
vn 0.99219024 -0.1247174 -0.0020169502
vn 0.6796628 -0.09646022 -0.7271548
vn 0.77051675 -0.09904028 -0.62967837
vn 0.7694378 -0.10599133 -0.6298662
vn 0.764928 -0.10631756 -0.63528085
vn 0.7122684 -0.10043078 -0.6946851
vn 0.71089655 -0.100021854 -0.69614774
vn 0.709693 -0.11797723 -0.6945627
vn 0.7092092 -0.11795997 -0.6950596
vn 0.7107266 -0.112062186 -0.6944852
vn 0.7107263 -0.11206209 -0.6944856
vn 0.76359683 -0.12973756 -0.63252515
vn 0.764205 -0.13008347 -0.6317192
vn 0.91533434 -0.18512887 -0.3576177
vn 0.91557026 -0.18538648 -0.35687953
vn 0.94776595 -0.1974323 -0.25051975
vn 0.9482457 -0.19817345 -0.24810751
vn 0.9680755 -0.20755877 -0.14053182
vn 0.96815836 -0.20781969 -0.13957188
vn 0.9760586 -0.21434139 -0.036979914
vn 0.9762735 -0.213893 -0.03376289
vn 0.97652155 -0.21541987 0
vn 0.9765215 -0.21541989 0
vn 0.9727741 -0.23020831 0.02673099
vn 0.97634405 -0.21410902 0.030159175
vn 0.9728782 -0.22934744 0.030127268
vn 0.9698923 -0.22506861 0.09302151
vn 0.9673943 -0.22199321 0.12193134
vn 0.9662046 -0.21919627 0.1356533
vn 0.9610698 -0.21878196 0.16875789
vn 0.95085865 -0.21197186 0.22568923
vn 0.94754714 -0.20798361 0.2426877
vn 0.93959785 -0.20734635 0.27232948
vn 0.9263078 -0.20126316 0.3185074
vn 0.9157814 -0.19272943 0.35241985
vn 0.90964633 -0.19275777 0.36795112
vn 0.899435 -0.1900625 0.39356452
vn 0.8949252 -0.18837892 0.40450272
vn 0.8807708 -0.18095553 0.43760464
vn 0.87267214 -0.17442435 0.45609164
vn 0.87205034 -0.1737741 0.4575267
vn 0.86306614 -0.17324802 0.47444925
vn 0.8590653 -0.1728508 0.48179808
vn 0.84602517 -0.16980062 0.50538033
vn 0.83846515 -0.16711618 0.5186987
vn 0.81980735 -0.15866967 0.55021805
vn 0.8308021 -0.15402995 0.5348295
vn 0.79701513 -0.1501438 0.58499897
vn 0.83724624 -0.16055334 0.522725
vn 0.79408604 -0.14579205 0.59006095
vn 0.78644943 -0.13480785 0.6027637
vn 0.75144684 -0.12706406 0.64744294
vn 0.79850423 -0.14614527 0.58398
vn 0.7501522 -0.12645933 0.6490607
vn 0.7513645 -0.11956225 0.6489654
vn 0.79665166 -0.14418736 -0.5869891
vn 0.79765916 -0.13840775 -0.58701205
vn 0.8654352 -0.16237892 -0.4739779
vn 0.869861 -0.1686764 -0.4635622
vn 0.8676592 -0.15703914 -0.47170568
vn 0.87101007 -0.16079009 -0.46420696
vn 0.87122667 -0.16154958 -0.46353632
vn 0.87119275 -0.16157505 -0.46359107
vn 0.9173439 -0.17484164 -0.3576461
vn 0.9173439 -0.17484172 -0.35764584
vn 0.7113354 -0.10591986 -0.6948258
vn 0.71174854 -0.10605825 -0.6943815
vn 0.75279206 -0.11333579 0.6484281
vn 0.75121164 -0.111796476 0.65052485
vn 0.7517534 -0.11954557 0.648518
vn 0.752734 -0.11149606 0.64881444
vn 0.8975073 -0.116711915 -0.42527512
vn 0.8900176 -0.12031198 -0.4397654
vn 0.97005105 -0.12193452 -0.21007814
vn 0.96807146 -0.12407701 -0.21781293
vn 0.96051437 -0.12748931 -0.24730293
vn 0.95580435 -0.12430386 -0.26643327
vn 0.95109916 -0.12250042 -0.28355628
vn 0.9392059 -0.12147122 -0.3211495
vn 0.92711097 -0.12180674 -0.35444084
vn 0.92598957 -0.12232718 -0.3571826
vn 0.90341127 -0.11729081 -0.412421
vn 0.7991949 -0.117503285 0.5894747
vn 0.8686204 -0.12771071 0.47873643
vn 0.87911373 -0.12494604 0.45994285
vn 0.88008344 -0.12427734 0.45826668
vn 0.9269923 -0.13052988 0.35163486
vn 0.92737526 -0.13036479 0.3506852
vn 0.960625 -0.13464096 0.24304612
vn 0.96077466 -0.13454518 0.24250706
vn 0.968476 -0.13552316 0.20901614
vn 0.99003184 -0.14084195 -0.0005950674
vn 0.99076724 -0.13555478 -0.0022848698
vn 0.9914922 -0.13015702 -0.0015468118
vn 0.97896504 -0.13926758 0.14910364
vn 0.9738293 -0.12783834 -0.18791942
vn 0.8877931 -0.12152305 -0.44390938
vn 0.88710904 -0.125429 -0.44419035
vn 0.87881964 -0.13077846 -0.45888233
vn 0.7663518 -0.11404195 -0.6322179
vn 0.76594627 -0.1140502 -0.63270754
vn 0.7661596 -0.12845033 -0.6296824
vn 0.7658538 -0.12886934 -0.6299689
vn 0.763945 -0.12178311 -0.6336852
vn 0.76711714 -0.12295695 -0.6296132
vn 0.86996436 -0.1463879 -0.470885
vn 0.86991525 -0.15094544 -0.4695348
vn 0.9501689 -0.18545502 -0.25057024
vn 0.9510149 -0.18509392 -0.24761066
vn 0.9710562 -0.19312964 -0.14053789
vn 0.97109735 -0.19309744 -0.14029764
vn 0.97938097 -0.19846183 -0.037761353
vn 0.9793409 -0.19937219 -0.033795528
vn 0.9796724 -0.20060378 0
vn 0.9796725 -0.20060381 0
vn 0.9763582 -0.21395154 0.030813616
vn 0.9794032 -0.19954579 0.030837374
vn 0.9692375 -0.20767303 0.13210066
vn 0.9686509 -0.20811063 0.13566643
vn 0.9494851 -0.1988867 0.24273896
vn 0.9489133 -0.19798061 0.24569754
vn 0.9179274 -0.18622062 0.3503301
vn 0.9170627 -0.1864261 0.3524787
vn 0.8724625 -0.17168 0.4575315
vn 0.8718902 -0.17117664 0.45880932
vn 0.8735864 -0.16220345 0.45884302
vn 0.8728995 -0.16163416 0.46034855
vn 0.8388549 -0.1523796 0.5225925
vn 0.83106315 -0.15210433 0.53497493
vn 0.84707665 -0.14607173 0.511003
vn 0.8433654 -0.14366247 0.5177797
vn 0.80710095 -0.13748503 0.5741829
vn 0.7814145 -0.12500206 0.6113639
vn 0.8703254 -0.1511917 -0.46869484
vn 0.87219375 -0.15164 -0.46506265
vn 0.8726117 -0.15196356 -0.46417227
vn 0.9194278 -0.16356082 -0.35763168
vn 0.9194277 -0.16356075 -0.3576319
vn 0.8526825 -0.13515928 0.5046429
vn 0.80007356 -0.122027114 0.58735985
vn 0.85212696 -0.13537353 0.5055232
vn 0.8645038 -0.131854 0.48502344
vn 0.86722 -0.1313506 0.480288
vn 0.9248568 -0.13024771 -0.35731688
vn 0.9245516 -0.13037623 -0.35805902
vn 0.97311157 -0.13313916 -0.18795702
vn 0.959584 -0.13416763 -0.24738136
vn 0.9592091 -0.13459541 -0.24860032
vn 0.95901763 -0.13471496 -0.24927324
vn 0.8778331 -0.1331434 0.46008882
vn 0.87849206 -0.13359892 0.45869714
vn 0.9253245 -0.14159347 0.35174686
vn 0.9256244 -0.141851 0.35085312
vn 0.95866036 -0.14776783 0.24317709
vn 0.9587753 -0.14790471 0.24263996
vn 0.9705342 -0.15009746 0.18850465
vn 0.98816365 -0.153402 -0.00055179425
vn 0.98869723 -0.14991398 -0.0018675033
vn 0.98972076 -0.1430069 -0.0013606505
vn 0.9729253 -0.15103641 0.17494102
vn 0.9714015 -0.14035992 -0.19151561
vn 0.92293394 -0.1410092 -0.35820308
vn 0.87947464 -0.13354787 -0.45682523
vn 0.87476957 -0.13821582 -0.46440774
vn 0.8713409 -0.13966238 -0.47038233
vn 0.873568 -0.14371793 -0.4649989
vn 0.87040454 -0.14592747 -0.47021377
vn 0.8741281 -0.14211665 -0.46443835
vn 0.87434345 -0.14254208 -0.4639023
vn 0.9533207 -0.17281844 -0.24761559
vn 0.95332056 -0.17281829 -0.2476161
vn 0.961942 -0.17543876 -0.20949653
vn 0.9666015 -0.18013212 -0.1823021
vn 0.9701711 -0.18669531 -0.15463804
vn 0.97125053 -0.19232294 -0.14030068
vn 0.97306526 -0.19053942 -0.12976418
vn 0.9747589 -0.1891968 -0.11853104
vn 0.97733706 -0.18772632 -0.09783176
vn 0.9788376 -0.18709981 -0.08288942
vn 0.9801395 -0.19468248 -0.037752252
vn 0.9818209 -0.18847126 -0.022501012
vn 0.981943 -0.18917663 0
vn 0.9819431 -0.18917665 0
vn 0.97942555 -0.19918536 0.032416724
vn 0.9720492 -0.1940549 0.13214749
vn 0.9804151 -0.19425876 0.032399233
vn 0.9717976 -0.19329809 0.1350747
vn 0.95221233 -0.18533984 0.24277681
vn 0.95138204 -0.18570222 0.24573736
vn 0.9202938 -0.17557022 0.3496205
vn 0.9200024 -0.17565142 0.3503459
vn 0.92236364 -0.16431166 0.34963873
vn 0.9221447 -0.1640966 0.35031635
vn 0.87535286 -0.1524003 0.4588372
vn 0.87455046 -0.1525738 0.46030715
vn 0.8769507 -0.1430755 0.45878854
vn 0.8769507 -0.1430755 0.45878857
vn 0.85524625 -0.13867074 0.49932402
vn 0.92136806 -0.1523934 -0.357571
vn 0.92136806 -0.15239327 -0.3575714
vn 0.9571665 -0.14710793 -0.24938221
vn 0.95700943 -0.14719799 -0.24993141
vn 0.9231873 -0.1412233 -0.35746503
vn 0.970387 -0.14713763 -0.19157115
vn 0.9597888 -0.14759113 -0.23879327
vn 0.9238148 -0.15292396 0.3509706
vn 0.9240541 -0.15314375 0.35024428
vn 0.95659465 -0.16046579 0.24326396
vn 0.9567454 -0.16038461 0.24272427
vn 0.96442336 -0.16227041 0.2087007
vn 0.97052634 -0.16162552 0.17876202
vn 0.9874014 -0.1582281 -0.0015055939
vn 0.9876665 -0.15656541 -0.0014897728
vn 0.98586065 -0.1641792 0.03352455
vn 0.9872512 -0.15916954 0
vn 0.9702618 -0.1538064 -0.18691081
vn 0.9549416 -0.15995352 -0.25000256
vn 0.9554623 -0.16060638 -0.24758293
vn 0.96285176 -0.16241053 -0.21572962
vn 0.9679046 -0.16625233 -0.18846944
vn 0.9665655 -0.17382747 -0.18850765
vn 0.9759223 -0.17551021 -0.12950599
vn 0.97587883 -0.17556879 -0.12975428
vn 0.9776655 -0.17474027 -0.11677313
vn 0.9780234 -0.17449851 -0.114107266
vn 0.9800917 -0.17261294 -0.09810738
vn 0.9818551 -0.1705409 -0.08292328
vn 0.9827302 -0.16879886 -0.075817585
vn 0.98541325 -0.16432984 -0.044230435
vn 0.9865035 -0.16219513 -0.022438206
vn 0.9812429 -0.18453594 0.055756122
vn 0.98101 -0.18462545 0.0594372
vn 0.9755162 -0.1885155 0.11326905
vn 0.9726474 -0.19120431 0.1319012
vn 0.97209084 -0.19181518 0.13507889
vn 0.98392206 -0.1696853 0.055715445
vn 0.9701823 -0.18479128 0.15683912
vn 0.96959245 -0.18351974 0.16189781
vn 0.96952665 -0.18341152 0.16241407
vn 0.96505594 -0.1774386 0.19282772
vn 0.963902 -0.17623468 0.19958514
vn 0.9544736 -0.17332694 0.24277118
vn 0.95436394 -0.17317583 0.24330972
vn 0.9689562 -0.16158545 -0.18712033
vn 0.9695564 -0.17382489 0.17246854
vn 0.9702975 -0.1695838 0.17252259
vn 0.9819348 -0.17161769 0.07969557
vn 0.9836295 -0.17006259 0.059595846
vn 0.9792423 -0.17436074 0.10335764
vn 0.9785714 -0.17476116 0.10888716
vn 0.97711945 -0.17518084 0.12062029
vn 0.9761723 -0.17621091 0.12663817
vn 0.97253764 -0.18098012 0.14634454
vn 0.97005665 -0.18309297 0.15958399
f 662//1182 663//1182 664//1182
f 662//1183 664//1183 665//1183
f 662//1184 665//1184 666//1184
f 662//1185 666//1185 667//1185
f 662//1186 667//1186 668//1186
f 662//1187 668//1187 669//1187
f 662//1188 669//1188 670//1188
f 662//1189 670//1189 663//1189
f 663//1190 671//1190 672//1190
f 663//1191 672//1191 664//1191
f 663//1192 670//1192 673//1192
f 663//1193 673//1193 674//1193
f 663//1194 674//1194 671//1194
f 664//1195 675//1195 676//1195
f 664//1196 676//1196 677//1196
f 664//1197 677//1197 678//1197
f 664//1198 678//1198 679//1198
f 664//1199 679//1199 680//1199
f 664//1200 680//1200 681//1200
f 664//1201 681//1201 682//1201
f 664//1202 682//1202 683//1202
f 664//1203 683//1203 684//1203
f 664//1204 684//1204 685//1204
f 664//1205 685//1205 686//1205
f 664//1206 686//1206 687//1206
f 664//1207 687//1207 665//1207
f 664//1208 672//1208 688//1208
f 664//1209 688//1209 689//1209
f 664//1210 689//1210 690//1210
f 664//1211 690//1211 675//1211
f 665//1212 687//1212 691//1212
f 665//1213 691//1213 666//1213
f 666//1214 691//1214 692//1214
f 666//1215 692//1215 667//1215
f 667//1216 692//1216 693//1216
f 667//1217 693//1217 673//1217
f 667//1218 673//1218 670//1218
f 667//1219 670//1219 669//1219
f 667//1220 669//1220 668//1220
f 671//1221 694//1221 695//1221
f 671//1222 695//1222 672//1222
f 671//1223 674//1223 696//1223
f 671//1224 696//1224 697//1224
f 671//1225 697//1225 694//1225
f 672//1226 698//1226 699//1226
f 672//1227 699//1227 700//1227
f 672//1228 700//1228 701//1228
f 672//1229 701//1229 688//1229
f 672//1230 695//1230 702//1230
f 672//1231 702//1231 703//1231
f 672//1232 703//1232 704//1232
f 672//1233 704//1233 705//1233
f 672//1234 705//1234 706//1234
f 672//1235 706//1235 707//1235
f 672//1236 707//1236 708//1236
f 672//1237 708//1237 709//1237
f 672//1238 709//1238 710//1238
f 672//1239 710//1239 711//1239
f 672//1240 711//1240 712//1240
f 672//1241 712//1241 713//1241
f 672//1242 713//1242 714//1242
f 672//1243 714//1243 715//1243
f 672//1244 715//1244 698//1244
f 673//1245 693//1245 674//1245
f 674//1246 693//1246 696//1246
f 675//1247 690//1247 676//1247
f 676//1248 690//1248 677//1248
f 677//1249 690//1249 678//1249
f 678//1250 690//1250 679//1250
f 679//1251 690//1251 680//1251
f 680//1252 690//1252 681//1252
f 681//1253 690//1253 682//1253
f 682//1254 690//1254 683//1254
f 683//1255 690//1255 716//1255
f 683//1256 716//1256 684//1256
f 684//1257 716//1257 685//1257
f 685//1258 716//1258 717//1258
f 685//1259 717//1259 718//1259
f 685//1260 718//1260 719//1260
f 685//1261 719//1261 686//1261
f 686//1262 719//1262 720//1262
f 686//1263 720//1263 721//1263
f 686//1264 721//1264 722//1264
f 686//1265 722//1265 687//1265
f 687//1266 722//1266 691//1266
f 688//1267 701//1267 689//1267
f 689//1268 723//1268 724//1268
f 689//1269 724//1269 690//1269
f 689//1270 701//1270 700//1270
f 689//1271 700//1271 723//1271
f 690//1272 724//1272 725//1272
f 690//1273 725//1273 693//1273
f 690//1274 693//1274 692//1274
f 690//1275 692//1275 716//1275
f 691//1276 722//1276 692//1276
f 692//1277 726//1277 716//1277
f 692//1278 722//1278 721//1278
f 692//1279 721//1279 720//1279
f 692//1280 720//1280 726//1280
f 693//1281 725//1281 715//1281
f 693//1282 715//1282 714//1282
f 693//1283 714//1283 727//1283
f 693//1284 727//1284 728//1284
f 693//1285 728//1285 729//1285
f 693//1286 729//1286 697//1286
f 693//1287 697//1287 696//1287
f 694//1288 697//1288 695//1288
f 695//1289 697//1289 729//1289
f 695//1290 729//1290 730//1290
f 695//1291 730//1291 731//1291
f 695//1292 731//1292 728//1292
f 695//1293 728//1293 702//1293
f 698//1294 732//1294 733//1294
f 698//1295 733//1295 734//1295
f 698//1296 734//1296 699//1296
f 698//1297 715//1297 735//1297
f 698//1298 735//1298 736//1298
f 698//1299 736//1299 732//1299
f 699//1300 734//1300 737//1300
f 699//1301 737//1301 738//1301
f 699//1302 738//1302 723//1302
f 699//1303 723//1303 700//1303
f 702//1304 728//1304 727//1304
f 702//1305 727//1305 703//1305
f 703//1306 727//1306 704//1306
f 704//1307 727//1307 705//1307
f 705//1308 727//1308 706//1308
f 706//1309 727//1309 707//1309
f 707//1310 727//1310 708//1310
f 708//1311 727//1311 713//1311
f 708//1312 713//1312 709//1312
f 709//1313 713//1313 710//1313
f 710//1314 739//1314 711//1314
f 710//1315 713//1315 739//1315
f 711//1316 739//1316 713//1316
f 711//1317 713//1317 712//1317
f 713//1318 727//1318 714//1318
f 715//1319 725//1319 736//1319
f 715//1320 736//1320 735//1320
f 716//1321 726//1321 717//1321
f 717//1322 726//1322 718//1322
f 718//1323 726//1323 719//1323
f 719//1324 726//1324 720//1324
f 723//1325 738//1325 724//1325
f 724//1326 740//1326 741//1326
f 724//1327 741//1327 742//1327
f 724//1328 742//1328 725//1328
f 724//1329 738//1329 743//1329
f 724//1330 743//1330 744//1330
f 724//1331 744//1331 745//1331
f 724//1332 745//1332 746//1332
f 724//1333 746//1333 747//1333
f 724//1334 747//1334 748//1334
f 724//1335 748//1335 749//1335
f 724//1336 749//1336 750//1336
f 724//1337 750//1337 751//1337
f 724//1338 751//1338 740//1338
f 725//1339 742//1339 752//1339
f 725//1340 752//1340 736//1340
f 728//1341 731//1341 730//1341
f 728//1342 730//1342 729//1342
f 732//1343 753//1343 733//1343
f 732//1344 736//1344 753//1344
f 733//1345 754//1345 755//1345
f 733//1346 755//1346 734//1346
f 733//1347 753//1347 736//1347
f 733//1348 736//1348 754//1348
f 734//1349 756//1349 757//1349
f 734//1350 757//1350 758//1350
f 734//1351 758//1351 759//1351
f 734//1352 759//1352 760//1352
f 734//1353 760//1353 761//1353
f 734//1354 761//1354 762//1354
f 734//1355 762//1355 763//1355
f 734//1356 763//1356 764//1356
f 734//1357 764//1357 765//1357
f 734//1358 765//1358 766//1358
f 734//1359 766//1359 767//1359
f 734//1360 767//1360 768//1360
f 734//1361 768//1361 769//1361
f 734//1362 769//1362 770//1362
f 734//1363 770//1363 771//1363
f 734//1364 771//1364 772//1364
f 734//1365 772//1365 773//1365
f 734//1366 773//1366 737//1366
f 734//1367 755//1367 774//1367
f 734//1368 774//1368 775//1368
f 734//1369 775//1369 776//1369
f 734//1370 776//1370 756//1370
f 736//1371 752//1371 777//1371
f 736//1372 777//1372 778//1372
f 736//1373 778//1373 779//1373
f 736//1374 779//1374 754//1374
f 737//1375 773//1375 745//1375
f 737//1376 745//1376 780//1376
f 737//1377 780//1377 738//1377
f 738//1378 780//1378 743//1378
f 740//1379 751//1379 741//1379
f 741//1380 781//1380 782//1380
f 741//1381 782//1381 783//1381
f 741//1382 783//1382 784//1382
f 741//1383 784//1383 742//1383
f 741//1384 751//1384 785//1384
f 741//1385 785//1385 786//1385
f 741//1386 786//1386 781//1386
f 742//1387 787//1387 752//1387
f 742//1388 784//1388 788//1388
f 742//1389 788//1389 789//1389
f 742//1390 789//1390 790//1390
f 742//1391 790//1391 791//1391
f 742//1392 791//1392 792//1392
f 742//1393 792//1393 793//1393
f 742//1394 793//1394 794//1394
f 742//1395 794//1395 795//1395
f 742//1396 795//1396 796//1396
f 742//1397 796//1397 797//1397
f 742//1398 797//1398 787//1398
f 743//1399 780//1399 745//1399
f 743//1400 745//1400 744//1400
f 745//1401 773//1401 746//1401
f 746//1402 773//1402 747//1402
f 747//1403 773//1403 748//1403
f 748//1404 773//1404 749//1404
f 749//1405 773//1405 750//1405
f 750//1406 773//1406 751//1406
f 751//1407 773//1407 785//1407
f 752//1408 798//1408 777//1408
f 752//1409 787//1409 799//1409
f 752//1410 799//1410 800//1410
f 752//1411 800//1411 798//1411
f 754//1412 779//1412 755//1412
f 755//1413 779//1413 778//1413
f 755//1414 778//1414 801//1414
f 755//1415 801//1415 777//1415
f 755//1416 777//1416 802//1416
f 755//1417 802//1417 803//1417
f 755//1418 803//1418 804//1418
f 755//1419 804//1419 805//1419
f 755//1420 805//1420 774//1420
f 756//1421 806//1421 757//1421
f 756//1422 776//1422 806//1422
f 757//1423 806//1423 807//1423
f 757//1424 807//1424 758//1424
f 758//1425 807//1425 776//1425
f 758//1426 776//1426 808//1426
f 758//1427 808//1427 759//1427
f 759//1428 808//1428 760//1428
f 760//1429 808//1429 761//1429
f 761//1430 808//1430 762//1430
f 762//1431 808//1431 763//1431
f 763//1432 808//1432 809//1432
f 763//1433 809//1433 764//1433
f 764//1434 809//1434 765//1434
f 765//1435 809//1435 810//1435
f 765//1436 810//1436 766//1436
f 766//1437 810//1437 767//1437
f 767//1438 810//1438 811//1438
f 767//1439 811//1439 768//1439
f 768//1440 811//1440 769//1440
f 769//1441 811//1441 770//1441
f 770//1442 811//1442 812//1442
f 770//1443 812//1443 771//1443
f 771//1444 813//1444 772//1444
f 771//1445 812//1445 814//1445
f 771//1446 814//1446 813//1446
f 772//1447 813//1447 815//1447
f 772//1448 815//1448 816//1448
f 772//1449 816//1449 817//1449
f 772//1450 817//1450 818//1450
f 772//1451 818//1451 819//1451
f 772//1452 819//1452 820//1452
f 772//1453 820//1453 821//1453
f 772//1454 821//1454 822//1454
f 772//1455 822//1455 823//1455
f 772//1456 823//1456 824//1456
f 772//1457 824//1457 825//1457
f 772//1458 825//1458 826//1458
f 772//1459 826//1459 827//1459
f 772//1460 827//1460 828//1460
f 772//1461 828//1461 829//1461
f 772//1462 829//1462 830//1462
f 772//1463 830//1463 773//1463
f 773//1464 831//1464 785//1464
f 773//1465 830//1465 832//1465
f 773//1466 832//1466 833//1466
f 773//1467 833//1467 834//1467
f 773//1468 834//1468 835//1468
f 773//1469 835//1469 836//1469
f 773//1470 836//1470 786//1470
f 773//1471 786//1471 831//1471
f 774//1472 805//1472 837//1472
f 774//1473 837//1473 775//1473
f 775//1474 838//1474 776//1474
f 775//1475 837//1475 839//1475
f 775//1476 839//1476 838//1476
f 776//1477 838//1477 840//1477
f 776//1478 840//1478 808//1478
f 776//1479 807//1479 806//1479
f 777//1480 798//1480 841//1480
f 777//1481 841//1481 842//1481
f 777//1482 842//1482 803//1482
f 777//1483 803//1483 802//1483
f 777//1484 801//1484 843//1484
f 777//1485 843//1485 778//1485
f 778//1486 843//1486 801//1486
f 781//1487 844//1487 782//1487
f 781//1488 786//1488 836//1488
f 781//1489 836//1489 844//1489
f 782//1490 844//1490 845//1490
f 782//1491 845//1491 784//1491
f 782//1492 784//1492 783//1492
f 784//1493 845//1493 789//1493
f 784//1494 789//1494 788//1494
f 785//1495 831//1495 786//1495
f 787//1496 846//1496 799//1496
f 787//1497 797//1497 847//1497
f 787//1498 847//1498 848//1498
f 787//1499 848//1499 849//1499
f 787//1500 849//1500 850//1500
f 787//1501 850//1501 851//1501
f 787//1502 851//1502 852//1502
f 787//1503 852//1503 853//1503
f 787//1504 853//1504 846//1504
f 789//1505 845//1505 854//1505
f 789//1506 854//1506 855//1506
f 789//1507 855//1507 856//1507
f 789//1508 856//1508 790//1508
f 790//1509 856//1509 791//1509
f 791//1510 856//1510 792//1510
f 792//1511 856//1511 857//1511
f 792//1512 857//1512 793//1512
f 793//1513 857//1513 794//1513
f 794//1514 857//1514 795//1514
f 795//1515 857//1515 796//1515
f 796//1516 857//1516 858//1516
f 796//1517 858//1517 797//1517
f 797//1518 858//1518 859//1518
f 797//1519 859//1519 860//1519
f 797//1520 860//1520 847//1520
f 798//1521 800//1521 841//1521
f 799//1522 846//1522 861//1522
f 799//1523 861//1523 862//1523
f 799//1524 862//1524 863//1524
f 799//1525 863//1525 841//1525
f 799//1526 841//1526 800//1526
f 803//1527 864//1527 805//1527
f 803//1528 805//1528 804//1528
f 803//1529 842//1529 865//1529
f 803//1530 865//1530 864//1530
f 805//1531 864//1531 866//1531
f 805//1532 866//1532 837//1532
f 808//1533 840//1533 867//1533
f 808//1534 867//1534 809//1534
f 809//1535 867//1535 868//1535
f 809//1536 868//1536 810//1536
f 810//1537 868//1537 869//1537
f 810//1538 869//1538 811//1538
f 811//1539 869//1539 812//1539
f 812//1540 869//1540 870//1540
f 812//1541 870//1541 871//1541
f 812//1542 871//1542 814//1542
f 813//1543 814//1543 815//1543
f 814//1544 871//1544 872//1544
f 814//1545 872//1545 815//1545
f 815//1546 872//1546 816//1546
f 816//1547 872//1547 817//1547
f 817//1548 872//1548 873//1548
f 817//1549 873//1549 818//1549
f 818//1550 873//1550 819//1550
f 819//1551 873//1551 874//1551
f 819//1552 874//1552 820//1552
f 820//1553 874//1553 821//1553
f 821//1554 874//1554 875//1554
f 821//1555 875//1555 822//1555
f 822//1556 875//1556 823//1556
f 823//1557 875//1557 824//1557
f 824//1558 875//1558 825//1558
f 825//1559 875//1559 826//1559
f 826//1560 875//1560 876//1560
f 826//1561 876//1561 827//1561
f 827//1562 876//1562 828//1562
f 828//1563 876//1563 829//1563
f 829//1564 876//1564 830//1564
f 830//1565 876//1565 832//1565
f 832//1566 877//1566 878//1566
f 832//1567 878//1567 833//1567
f 832//1568 876//1568 877//1568
f 833//1569 878//1569 834//1569
f 834//1570 879//1570 880//1570
f 834//1571 880//1571 835//1571
f 834//1572 878//1572 879//1572
f 835//1573 880//1573 836//1573
f 836//1574 880//1574 844//1574
f 837//1575 881//1575 839//1575
f 837//1576 866//1576 881//1576
f 838//1577 839//1577 882//1577
f 838//1578 882//1578 840//1578
f 839//1579 881//1579 883//1579
f 839//1580 883//1580 884//1580
f 839//1581 884//1581 840//1581
f 839//1582 840//1582 882//1582
f 840//1583 884//1583 885//1583
f 840//1584 885//1584 867//1584
f 841//1585 863//1585 842//1585
f 842//1586 863//1586 865//1586
f 844//1587 886//1587 887//1587
f 844//1588 887//1588 845//1588
f 844//1589 880//1589 886//1589
f 845//1590 887//1590 854//1590
f 846//1591 853//1591 888//1591
f 846//1592 888//1592 861//1592
f 847//1593 860//1593 848//1593
f 848//1594 860//1594 889//1594
f 848//1595 889//1595 890//1595
f 848//1596 890//1596 849//1596
f 849//1597 890//1597 850//1597
f 850//1598 890//1598 851//1598
f 851//1599 890//1599 852//1599
f 852//1600 890//1600 888//1600
f 852//1601 888//1601 853//1601
f 854//1602 887//1602 855//1602
f 855//1603 887//1603 891//1603
f 855//1604 891//1604 892//1604
f 855//1605 892//1605 856//1605
f 856//1606 892//1606 893//1606
f 856//1607 893//1607 857//1607
f 857//1608 893//1608 894//1608
f 857//1609 894//1609 858//1609
f 858//1610 894//1610 859//1610
f 859//1611 895//1611 896//1611
f 859//1612 896//1612 897//1612
f 859//1613 897//1613 860//1613
f 859//1614 894//1614 895//1614
f 860//1615 897//1615 889//1615
f 861//1616 888//1616 862//1616
f 862//1617 888//1617 898//1617
f 862//1618 898//1618 899//1618
f 862//1619 899//1619 863//1619
f 863//1620 899//1620 865//1620
f 864//1621 900//1621 901//1621
f 864//1622 901//1622 866//1622
f 864//1623 865//1623 899//1623
f 864//1624 899//1624 900//1624
f 866//1625 901//1625 902//1625
f 866//1626 902//1626 881//1626
f 867//1627 885//1627 868//1627
f 868//1628 885//1628 903//1628
f 868//1629 903//1629 869//1629
f 869//1630 903//1630 904//1630
f 869//1631 904//1631 905//1631
f 869//1632 905//1632 870//1632
f 870//1633 905//1633 906//1633
f 870//1634 906//1634 871//1634
f 871//1635 907//1635 872//1635
f 871//1636 906//1636 907//1636
f 872//1637 907//1637 908//1637
f 872//1638 908//1638 873//1638
f 873//1639 908//1639 874//1639
f 874//1640 908//1640 909//1640
f 874//1641 909//1641 910//1641
f 874//1642 910//1642 875//1642
f 875//1643 910//1643 876//1643
f 876//1644 910//1644 877//1644
f 877//1645 910//1645 911//1645
f 877//1646 911//1646 912//1646
f 877//1647 912//1647 879//1647
f 877//1648 879//1648 878//1648
f 879//1649 912//1649 913//1649
f 879//1650 913//1650 914//1650
f 879//1651 914//1651 880//1651
f 880//1652 914//1652 886//1652
f 881//1653 902//1653 883//1653
f 883//1654 902//1654 915//1654
f 883//1655 915//1655 884//1655
f 884//1656 915//1656 916//1656
f 884//1657 916//1657 885//1657
f 886//1658 917//1658 918//1658
f 886//1659 918//1659 887//1659
f 886//1660 914//1660 917//1660
f 887//1661 918//1661 917//1661
f 887//1662 917//1662 891//1662
f 888//1663 890//1663 919//1663
f 888//1664 919//1664 898//1664
f 889//1665 897//1665 896//1665
f 889//1666 896//1666 890//1666
f 890//1667 896//1667 920//1667
f 890//1668 920//1668 919//1668
f 891//1669 917//1669 892//1669
f 892//1670 917//1670 921//1670
f 892//1671 921//1671 893//1671
f 893//1672 921//1672 922//1672
f 893//1673 922//1673 894//1673
f 894//1674 922//1674 923//1674
f 894//1675 923//1675 895//1675
f 895//1676 924//1676 925//1676
f 895//1677 925//1677 926//1677
f 895//1678 926//1678 896//1678
f 895//1679 923//1679 924//1679
f 896//1680 926//1680 920//1680
f 898//1681 919//1681 927//1681
f 898//1682 927//1682 899//1682
f 899//1683 927//1683 928//1683
f 899//1684 928//1684 900//1684
f 900//1685 915//1685 902//1685
f 900//1686 902//1686 901//1686
f 900//1687 928//1687 927//1687
f 900//1688 927//1688 915//1688
f 885//1689 916//1689 929//1689
f 885//1690 929//1690 903//1690
f 903//1691 929//1691 930//1691
f 903//1692 930//1692 931//1692
f 903//1693 931//1693 932//1693
f 903//1694 932//1694 904//1694
f 904//1695 932//1695 933//1695
f 904//1696 933//1696 934//1696
f 904//1697 934//1697 935//1697
f 904//1698 935//1698 936//1698
f 904//1699 936//1699 905//1699
f 905//1700 936//1700 937//1700
f 905//1701 937//1701 938//1701
f 905//1702 938//1702 906//1702
f 907//1703 906//1703 939//1703
f 907//1704 939//1704 908//1704
f 906//1705 938//1705 939//1705
f 908//1706 939//1706 940//1706
f 908//1707 940//1707 941//1707
f 908//1708 941//1708 909//1708
f 909//1709 941//1709 911//1709
f 909//1710 911//1710 910//1710
f 911//1711 941//1711 942//1711
f 911//1712 942//1712 943//1712
f 911//1713 943//1713 913//1713
f 911//1714 913//1714 912//1714
f 913//1715 943//1715 921//1715
f 913//1716 921//1716 917//1716
f 913//1717 917//1717 914//1717
f 915//1718 927//1718 944//1718
f 915//1719 944//1719 916//1719
f 919//1720 920//1720 945//1720
f 919//1721 945//1721 944//1721
f 919//1722 944//1722 927//1722
f 920//1723 926//1723 925//1723
f 920//1724 925//1724 945//1724
f 921//1725 943//1725 922//1725
f 922//1726 943//1726 942//1726
f 922//1727 942//1727 946//1727
f 922//1728 946//1728 923//1728
f 923//1729 946//1729 947//1729
f 923//1730 947//1730 924//1730
f 924//1731 937//1731 948//1731
f 924//1732 948//1732 925//1732
f 924//1733 947//1733 938//1733
f 924//1734 938//1734 937//1734
f 925//1735 948//1735 945//1735
f 916//1736 944//1736 945//1736
f 916//1737 945//1737 929//1737
f 929//1738 945//1738 949//1738
f 929//1739 949//1739 950//1739
f 929//1740 950//1740 930//1740
f 930//1741 950//1741 932//1741
f 930//1742 932//1742 931//1742
f 932//1743 950//1743 933//1743
f 933//1744 950//1744 934//1744
f 934//1745 950//1745 935//1745
f 935//1746 950//1746 936//1746
f 936//1747 950//1747 949//1747
f 936//1748 949//1748 948//1748
f 936//1749 948//1749 937//1749
f 939//1750 938//1750 951//1750
f 939//1751 951//1751 952//1751
f 939//1752 952//1752 953//1752
f 939//1753 953//1753 954//1753
f 939//1754 954//1754 940//1754
f 938//1755 947//1755 951//1755
f 940//1756 954//1756 955//1756
f 940//1757 955//1757 956//1757
f 940//1758 956//1758 957//1758
f 940//1759 957//1759 958//1759
f 940//1760 958//1760 946//1760
f 940//1761 946//1761 941//1761
f 941//1762 946//1762 942//1762
f 945//1763 948//1763 949//1763
f 946//1764 958//1764 959//1764
f 946//1765 959//1765 947//1765
f 947//1766 959//1766 952//1766
f 947//1767 952//1767 951//1767
f 952//1768 959//1768 953//1768
f 953//1769 959//1769 954//1769
f 954//1770 959//1770 958//1770
f 954//1771 958//1771 957//1771
f 954//1772 957//1772 955//1772
f 955//1773 957//1773 956//1773
