# mmind_convex 2.1.2 1
o geometry1
v -0.0013399145 0.0124585945 0.01739186
v 0.005039974 0.011235038 0.01739186
v -0.0012946358 0.013952816 0.016576404
v -0.0049136244 0.00092379143 0.01739186
v -0.004995347 -0.00021448685 0.01739186
v -0.0048153363 -0.0013416423 0.01739186
v -0.00438574 -0.002400204 0.01739186
v -0.0037264368 -0.0033308486 0.01739186
v -0.0028738708 -0.0040909373 0.01739186
v -0.0018711118 -0.004635976 0.01739186
v -0.0007711691 -0.004940011 0.01739186
v 0.000369635 -0.0049863583 0.01739186
v 0.0014894563 -0.0047713085 0.01739186
v 0.0025330768 -0.004309694 0.01739186
v 0.0034452782 -0.0036219074 0.01739186
v 0.004177469 -0.0027468787 0.01739186
v 0.0046909964 -0.0017272481 0.01739186
v 0.00496046 -0.0006186315 0.01739186
v 0.0049726083 0.00052335486 0.01739186
v 0.006179674 0.011299923 0.011777299
v 0.0050742095 0.011451941 0.017170547
v 0.0020670365 0.0134615395 0.016429996
v 0.001654006 0.013454124 0.01651001
v 0.0012630625 0.013467101 0.016559381
v 0.00084561424 0.013509741 0.016586618
v -0.0012383134 0.013693273 0.000760979
v -0.0049136244 0.00092379143 0
v -0.004995347 -0.00021448685 0
v 0.006265814 0.011288799 0.011147406
v 0.0052950815 0.012866447 0.014545424
v 0.00522882 0.012916502 0.014650974
v 0.0044204285 0.012875715 0.015600922
v 0.0041984515 0.012944309 0.0157269
v 0.0039002746 0.013007341 0.01588182
v 0.0035667578 0.013053687 0.016033335
v 0.0052707857 0.012708867 0.002759613
v 0.004650135 0.012779314 0.0019339421
v 0.0022923262 0.013124134 0.0009397324
v 0.0018826085 0.01314082 0.0008546114
v 0.0014806213 0.013166774 0.00079502724
v 0.0012741061 0.013185313 0.0007728962
v 0.0009140846 0.013227951 0.00074735936
v 0.005039974 0.011235038 0
v -0.0013399145 0.0124585945 0
v 0.0049726083 0.00052335486 0
v 0.00496046 -0.0006186315 0
v 0.0046909964 -0.0017272481 0
v 0.004177469 -0.0027468787 0
v 0.0034452782 -0.0036219074 0
v 0.0025330768 -0.004309694 0
v 0.0014894563 -0.0047713085 0
v 0.000369635 -0.0049863583 0
v -0.0007711691 -0.004940011 0
v -0.0018711118 -0.004635976 0
v -0.0028738708 -0.0040909373 0
v -0.0037264368 -0.0033308486 0
v -0.00438574 -0.002400204 0
v -0.0048153363 -0.0013416423 0
v 0.0062856926 0.011285092 0.010541347
v 0.006286797 0.011286946 0.0067432616
v 0.006255875 0.011288799 0.0061457143
v 0.0061730477 0.011301776 0.0055788103
v 0.0050742095 0.011451941 0.00022131391
vn 0.09108293 0.47492605 0.8752994
vn -0.8580242 0.26583287 0.43946278
vn 0 0 1
vn 0.97873497 0.048808087 0.1992375
vn 0.2736549 0.6654245 0.69449484
vn 0.14888655 0.55295956 0.81979775
vn 0.12381963 0.52383995 0.84276956
vn 0.10724746 0.50163066 0.8584081
vn 0.09630363 0.4852252 0.86906976
vn 0.98000836 -0.0061632767 0.1988607
vn 0.11030405 0.55187464 0.8265999
vn 0.1196567 0.60243684 0.7891465
vn 0.1296864 0.6694177 0.731479
vn 0.14391603 0.989465 -0.015725333
vn -0.96083075 0.27702108 -0.007967864
vn -0.96352136 0.26763117 0
vn -0.99743265 0.07161062 0
vn 0.94142574 0.31390977 0.12319935
vn 0.9600307 0.20458603 0.19101277
vn 0.9815387 -0.010441374 0.1909784
vn 0.9900048 -0.03718625 0.13604291
vn 0.8370288 0.4491714 0.3124546
vn 0.5008295 0.7346051 0.45773923
vn 0.49116448 0.73715144 0.4640746
vn 0.42443424 0.7457844 0.5134796
vn 0.36030373 0.7412122 0.56637937
vn 0.35276288 0.7392621 0.5736286
vn 0.35070795 0.7669586 0.53738105
vn 0.30512896 0.91562593 0.26177362
vn 0.16074094 0.986856 -0.016664185
vn 0.15493408 0.9877594 -0.0180748
vn 0.16034466 0.9863907 -0.036370065
vn 0.16098061 0.98615694 -0.03974471
vn 0.15676826 0.7837651 -0.60094583
vn 0.14731267 0.7166652 -0.68168175
vn 0.1383317 0.6670267 -0.7320789
vn 0.12802158 0.61495197 -0.77810305
vn 0.112459116 0.5445195 -0.8311747
vn 0.09899705 0.516192 -0.85073227
vn -0.9008384 0.27909753 -0.33255783
vn 0 0 -1
vn 0 0 -0.99999994
vn -0.9874863 -0.15770502 -0
vn 0.875211 0.48305547 0.025751628
vn 0.9952339 -0.09168973 0.033204384
vn 0.59046906 0.8069709 -0.012006663
vn 0.8480276 0.52995175 0.0005053628
vn 0.8256727 0.56407374 -0.009243918
vn 0.97170776 -0.23618628 0
vn 0.99385166 -0.110719725 0
vn 0.9938747 -0.11051201 0.00023510713
vn 0.3484189 0.88430816 0.310811
vn 0.4852277 0.7525438 0.44523254
vn 0.866263 0.49770957 -0.043284196
vn 0.9315419 0.34024295 -0.12831369
vn 0.9539658 0.23275833 -0.18913722
vn 0.6003083 0.6972491 -0.3917571
vn 0.33539405 0.7830165 -0.5238282
vn 0.22681446 0.67780477 -0.69938254
vn 0.18160303 0.6368673 -0.7492799
vn 0.15476844 0.60622513 -0.7800884
vn 0.13814552 0.58381164 -0.8000499
vn 0.124714136 0.5642492 -0.81613064
vn 0.9787028 0.048941247 -0.19936302
vn 0.9799873 -0.0061631445 -0.19896472
vn -0.9266021 -0.3760431 -0
vn 0.99532294 -0.081567265 -0.05175956
vn 0.8931228 -0.44981307 0
vn 0.9815286 -0.010441261 -0.19103092
vn 0.9888608 -0.03262511 -0.1452238
vn -0.8159845 -0.5780738 -0
vn 0.7669265 -0.64173484 0
vn -0.6654647 -0.7464294 -0
vn 0.60203457 -0.79846996 0
vn -0.47755468 -0.8786021 -0
vn 0.40451577 -0.91453105 0
vn -0.26641953 -0.9638572 -0
vn 0.18859334 -0.98205537 0
vn -0.040593356 -0.9991757 -0
f 1//1 2//1 3//1
f 1//2 3//2 4//2
f 1//3 4//3 5//3
f 1//3 5//3 6//3
f 1//3 6//3 7//3
f 1//3 7//3 8//3
f 1//3 8//3 9//3
f 1//3 9//3 10//3
f 1//3 10//3 11//3
f 1//3 11//3 12//3
f 1//3 12//3 13//3
f 1//3 13//3 14//3
f 1//3 14//3 15//3
f 1//3 15//3 16//3
f 1//3 16//3 17//3
f 1//3 17//3 18//3
f 1//3 18//3 19//3
f 1//3 19//3 2//3
f 2//4 20//4 21//4
f 2//5 21//5 22//5
f 2//6 22//6 23//6
f 2//7 23//7 24//7
f 2//8 24//8 25//8
f 2//9 25//9 3//9
f 2//10 19//10 20//10
f 3//11 25//11 24//11
f 3//12 24//12 23//12
f 3//13 23//13 22//13
f 3//14 22//14 26//14
f 3//15 26//15 27//15
f 3//16 27//16 4//16
f 4//17 27//17 28//17
f 4//17 28//17 5//17
f 20//18 29//18 30//18
f 20//19 30//19 21//19
f 20//20 19//20 18//20
f 20//21 18//21 29//21
f 21//22 30//22 31//22
f 21//23 31//23 32//23
f 21//24 32//24 33//24
f 21//25 33//25 34//25
f 21//26 34//26 35//26
f 21//27 35//27 22//27
f 22//28 35//28 34//28
f 22//29 34//29 31//29
f 22//30 31//30 36//30
f 22//31 36//31 26//31
f 26//32 36//32 37//32
f 26//33 37//33 38//33
f 26//34 38//34 39//34
f 26//35 39//35 40//35
f 26//36 40//36 41//36
f 26//37 41//37 42//37
f 26//38 42//38 43//38
f 26//39 43//39 44//39
f 26//40 44//40 27//40
f 27//41 44//41 43//41
f 27//41 43//41 45//41
f 27//41 45//41 46//41
f 27//41 46//41 47//41
f 27//41 47//41 48//41
f 27//41 48//41 49//41
f 27//41 49//41 50//41
f 27//41 50//41 51//41
f 27//41 51//41 52//41
f 27//41 52//41 53//41
f 27//41 53//41 54//41
f 27//41 54//41 55//41
f 27//42 55//42 56//42
f 27//42 56//42 57//42
f 27//41 57//41 58//41
f 27//41 58//41 28//41
f 5//43 28//43 58//43
f 5//43 58//43 6//43
f 29//44 59//44 30//44
f 29//45 18//45 59//45
f 30//46 36//46 31//46
f 30//47 59//47 60//47
f 30//48 60//48 36//48
f 18//49 17//49 47//49
f 18//49 47//49 46//49
f 18//50 46//50 60//50
f 18//51 60//51 59//51
f 31//52 34//52 33//52
f 31//53 33//53 32//53
f 36//54 60//54 61//54
f 36//55 61//55 62//55
f 36//56 62//56 63//56
f 36//57 63//57 37//57
f 37//58 63//58 38//58
f 38//59 63//59 43//59
f 38//60 43//60 39//60
f 39//61 43//61 40//61
f 40//62 43//62 41//62
f 41//63 43//63 42//63
f 43//64 63//64 62//64
f 43//65 62//65 45//65
f 6//66 58//66 57//66
f 6//66 57//66 7//66
f 60//67 46//67 61//67
f 17//68 16//68 48//68
f 17//68 48//68 47//68
f 46//69 45//69 62//69
f 46//70 62//70 61//70
f 7//71 57//71 56//71
f 7//71 56//71 8//71
f 16//72 15//72 49//72
f 16//72 49//72 48//72
f 8//73 56//73 55//73
f 8//73 55//73 9//73
f 15//74 14//74 50//74
f 15//74 50//74 49//74
f 9//75 55//75 54//75
f 9//75 54//75 10//75
f 14//76 13//76 51//76
f 14//76 51//76 50//76
f 10//77 54//77 53//77
f 10//77 53//77 11//77
f 13//78 12//78 52//78
f 13//78 52//78 51//78
f 11//79 53//79 52//79
f 11//79 52//79 12//79
o geometry2
v 0.008668436 0.040699694 0.0021684738
v 0.004787286 0.040920306 0.001448161
v 0.004878949 0.04091573 0.001448161
v 0.0055015874 0.040920306 0.001445285
v 0.008219063 0.040786568 0.0019441848
v 0.00941292 0.04402256 0.0014999197
v 0.009782925 0.044709537 0.0014999197
v 0.010036675 0.044597518 0.0017083935
v 0.010224473 0.044514075 0.001987317
v 0.010833697 0.042668037 0.0037931316
v 0.010833697 0.042668037 0.013598589
v 0.0081564635 0.040797997 0.015474854
v 0.004904659 0.040916875 0.01594356
v 0.004222775 0.040975172 0.001448161
v 0.004755986 0.041302085 0.0013849
v 0.005902893 0.041334093 0.001382024
v 0.006146583 0.040990032 0.0014539119
v 0.0077607473 0.04087458 0.0017615901
v 0.009166994 0.04367393 0.0014999197
v 0.008954604 0.043838527 0.0013920884
v 0.0091401655 0.04419859 0.0013791486
v 0.010042265 0.045445666 0.0014999197
v 0.009485579 0.044840988 0.0013791486
v 0.009728151 0.04552911 0.0013791486
v 0.01030943 0.045374796 0.0017083935
v 0.010508405 0.045321073 0.001987317
v 0.010663785 0.046162363 0.001987317
v 0.01078116 0.04615093 0.0023122486
v 0.010830345 0.04698079 0.0025523528
v 0.0108359335 0.046672165 0.014839368
v 0.010811341 0.046672165 0.015079472
v 0.010738681 0.045837734 0.015079472
v 0.010622425 0.04585602 0.015404403
v 0.010431275 0.04505817 0.015404403
v 0.01012275 0.044296894 0.015404403
v 0.009938305 0.04438834 0.015683327
v 0.009690145 0.044511788 0.015891802
v 0.009307843 0.043867104 0.015891802
v 0.009166994 0.04367393 0.015891802
v 0.0076076034 0.04090316 0.015680451
v 0.005488173 0.040919162 0.015946437
v 0.005888361 0.041422106 0.01602695
v 0.0042339535 0.04147583 0.01602695
v 0.004249603 0.040984314 0.015942123
v 0.0040964587 0.04099346 0.0014495985
v 0.004180297 0.041387815 0.001383462
v 0.0042965524 0.041639287 0.0013518315
v 0.004779461 0.041571848 0.0013532694
v 0.0058760648 0.04151355 0.0013547069
v 0.006128697 0.04146897 0.0013662088
v 0.006344441 0.041024324 0.0014654137
v 0.007297961 0.0409626 0.0016221288
v 0.006385801 0.0415467 0.0013690847
v 0.0077249766 0.04230112 0.0014222814
v 0.008292841 0.043119546 0.0013791486
v 0.008507467 0.042930942 0.0014797915
v 0.00890989 0.04387282 0.0013791486
v 0.008710914 0.044025987 0.0013518315
v 0.008928893 0.044334613 0.0013518315
v 0.009256422 0.04494272 0.0013518315
v 0.010184231 0.046212655 0.0014999197
v 0.009861175 0.04624695 0.0013791486
v 0.009485579 0.045594264 0.0013518315
v 0.009611895 0.04627324 0.0013518315
v 0.01045922 0.04618408 0.0017083935
v 0.01068726 0.04701737 0.001987317
v 0.010804635 0.047023084 0.0023122486
v 0.0108281085 0.047024228 0.0025523528
v 0.010830345 0.04698079 0.014839368
v 0.010757685 0.047508884 0.015079472
v 0.010641429 0.04749288 0.015404403
v 0.010693967 0.04667331 0.015404403
v 0.010420096 0.045889173 0.015683327
v 0.010235652 0.045121036 0.015683327
v 0.00997184 0.045205623 0.015891802
v 0.009399505 0.044655815 0.016012572
v 0.0090417955 0.04405228 0.016012572
v 0.008953486 0.04383967 0.015999632
v 0.008404626 0.04284178 0.015921993
v 0.007965313 0.042482864 0.015955063
v 0.0070553888 0.041009463 0.015827103
v 0.0061186366 0.0409866 0.015942123
v 0.006187943 0.041484974 0.016025512
v 0.0061063403 0.04166215 0.01603989
v 0.005794462 0.041590136 0.01603989
v 0.0053450894 0.041556988 0.01603989
v 0.004764929 0.041575275 0.01603989
v 0.0042686067 0.041646145 0.01603989
v 0.0038863043 0.041785598 0.01603989
v 0.0037946412 0.041608423 0.016022636
v 0.004086398 0.04100832 0.015940685
v 0.0036437323 0.04108376 0.001475478
v 0.0037868163 0.041612998 0.0013690847
v 0.0042417785 0.04165186 0.0013518315
v 0.0040271524 0.041719303 0.0013518315
v 0.0038784794 0.04178903 0.0013518315
v 0.0035867223 0.041975345 0.0013518315
v 0.0030434506 0.04246343 0.0013518315
v 0.0029461985 0.042565163 0.0013518315
v 0.0024632902 0.043109257 0.0013518315
v 0.0018965439 0.043767657 0.0013518315
v 0.0016562077 0.04405914 0.0013518315
v 0.001283966 0.044640955 0.0013518315
v 0.001005623 0.045273066 0.0013518315
v 0.00082900375 0.045940608 0.0013518315
v 0.00075857993 0.046627585 0.0013518315
v 0.0007954687 0.04731685 0.0013518315
v 0.00093855243 0.047993537 0.0013518315
v 0.0011844779 0.04863822 0.0013518315
v 0.0015287737 0.049238328 0.0013518315
v 0.001960261 0.049776707 0.0013518315
v 0.0024711152 0.050241932 0.0013518315
v 0.0030479222 0.050622568 0.0013518315
v 0.0036772676 0.050908335 0.0013518315
v 0.004342384 0.051093508 0.0013518315
v 0.0050287396 0.051173523 0.0013518315
v 0.0057184487 0.05114609 0.0013518315
v 0.0060314448 0.05109694 0.0013518315
v 0.0063958615 0.05101121 0.0013518315
v 0.0070442106 0.050773453 0.0013518315
v 0.0076489635 0.050437395 0.0013518315
v 0.008193353 0.050012175 0.0013518315
v 0.008665083 0.049508087 0.0013518315
v 0.009052974 0.04893656 0.0013518315
v 0.009346967 0.048311308 0.0013518315
v 0.0095414715 0.047648337 0.0013518315
v 0.00962978 0.0469625 0.0013518315
v 0.00802903 0.043199558 0.0013518315
v 0.0075271185 0.042670324 0.0013518315
v 0.006983847 0.042175382 0.0013518315
v 0.006592602 0.041893046 0.0013518315
v 0.0062404815 0.04170787 0.0013518315
v 0.0059654918 0.041616425 0.0013518315
v 0.0054009813 0.04155813 0.0013518315
v 0.006339969 0.041645 0.0013561449
v 0.006100751 0.04156156 0.0013561449
v 0.0063667977 0.041028894 0.0014668517
v 0.0068362914 0.041051757 0.0015229238
v 0.0073057855 0.04201421 0.0013992772
v 0.006782635 0.041871328 0.0013590204
v 0.006862002 0.04175702 0.001382024
v 0.007575186 0.042455427 0.0013676467
v 0.01020547 0.04699222 0.0014999197
v 0.009880178 0.04697622 0.0013791486
v 0.010481577 0.047005937 0.0017083935
v 0.010576594 0.047865517 0.001987317
v 0.010691732 0.04788952 0.0023122486
v 0.010375382 0.047823224 0.0017083935
v 0.010715207 0.047894094 0.0025523528
v 0.010782277 0.04751231 0.014839368
v 0.010581065 0.048328456 0.015079472
v 0.010650372 0.048168425 0.014839368
v 0.010468163 0.048295304 0.015404403
v 0.010271423 0.04823701 0.015683327
v 0.010437981 0.047464304 0.015683327
v 0.010488285 0.046675593 0.015683327
v 0.01021106 0.046679024 0.015891802
v 0.010146225 0.04593375 0.015891802
v 0.009826521 0.045986332 0.016012572
v 0.009662198 0.04530507 0.016012572
v 0.00942298 0.045381654 0.01603989
v 0.009173701 0.04476669 0.01603989
v 0.008836113 0.044196304 0.01603989
v 0.00890989 0.04387282 0.016012572
v 0.0081978245 0.043026958 0.01601401
v 0.007502526 0.042145662 0.015982378
v 0.0067233895 0.041091762 0.015887488
v 0.0070095574 0.041837037 0.016005384
v 0.0064763464 0.041582134 0.016019762
v 0.0064249253 0.04179817 0.01603989
v 0.006768103 0.04201078 0.01603989
v 0.007038621 0.042222247 0.01603989
v 0.0072577186 0.042414278 0.01603989
v 0.007546122 0.042689756 0.01603989
v 0.00801897 0.04318813 0.01603989
v 0.008148639 0.043335583 0.01603989
v 0.008710914 0.044025987 0.01603989
v 0.00957836 0.046026338 0.01603989
v 0.00963537 0.046685882 0.01603989
v 0.00959401 0.047347713 0.01603989
v 0.009453162 0.047995824 0.01603989
v 0.009218415 0.048615362 0.01603989
v 0.0088942405 0.049193747 0.01603989
v 0.008487346 0.049717266 0.01603989
v 0.008006673 0.05017449 0.01603989
v 0.007463401 0.050553985 0.01603989
v 0.006869827 0.050848894 0.01603989
v 0.0062382454 0.051052358 0.01603989
v 0.0060314448 0.05109694 0.01603989
v 0.005910718 0.051118657 0.01603989
v 0.0052377763 0.05117695 0.01603989
v 0.0045648348 0.05113123 0.01603989
v 0.0039041897 0.05098492 0.01603989
v 0.003274844 0.05073916 0.01603989
v 0.0026902123 0.050400816 0.01603989
v 0.0021625906 0.049977884 0.01603989
v 0.0017065105 0.049480654 0.01603989
v 0.0013297976 0.048919413 0.01603989
v 0.0010436298 0.048306737 0.01603989
v 0.0008535967 0.047658622 0.01603989
v 0.00076416926 0.046988793 0.01603989
v 0.0007775831 0.04631439 0.01603989
v 0.0008927211 0.045647986 0.01603989
v 0.0011084648 0.045007873 0.01603989
v 0.0014181072 0.044406626 0.01603989
v 0.0018149414 0.043860245 0.01603989
v 0.0024632902 0.043109257 0.01603989
v 0.0030434506 0.04246343 0.01603989
v 0.0032659015 0.04224625 0.01603989
v 0.00354648 0.04200735 0.01603989
v 0.003808055 0.04183018 0.01603989
v 0.0033910999 0.041806173 0.016012572
v 0.0035330658 0.04112034 0.015904741
v 0.0031026963 0.041219786 0.0015531164
v 0.003012151 0.042048503 0.0013949638
v 0.003383275 0.041811887 0.0013791486
v 0.0071906475 0.04214909 0.0013618958
v 0.010104865 0.04776607 0.0014999197
v 0.009787397 0.04769977 0.0013791486
v 0.0103362575 0.048686232 0.001987317
v 0.010446925 0.048728526 0.0023122486
v 0.010650372 0.048168425 0.0025523528
v 0.0098857675 0.048515916 0.0014999197
v 0.010143989 0.048613075 0.0017083935
v 0.01028372 0.049112592 0.015079472
v 0.010177524 0.04906344 0.015404403
v 0.01060454 0.048335314 0.014839368
v 0.010306076 0.049122877 0.014839368
v 0.009990845 0.048976567 0.015683327
v 0.009740448 0.048858833 0.015891802
v 0.010005376 0.04815814 0.015891802
v 0.01016411 0.04742658 0.015891802
v 0.009886885 0.04668245 0.016012572
v 0.0073717386 0.042289685 0.01602695
v 0.0028098216 0.042427994 0.016024074
v 0.0030188581 0.042041644 0.01599532
v 0.0030579828 0.04124036 0.015829977
v 0.0025974314 0.041385528 0.001676763
v 0.00146841 0.04338359 0.0014999197
v 0.0020183888 0.04283264 0.0014697271
v 0.001660679 0.04355619 0.0013949638
v 0.0026656198 0.04230112 0.0014165305
v 0.000101288315 0.04201078 0.0031720237
v 0.0022173647 0.043002952 0.0013805865
v 0.0028075858 0.042433713 0.0013676467
v 0.009581714 0.048400465 0.0013791486
v 0.00997184 0.04946008 0.001987317
v 0.0100746825 0.049518377 0.0023122486
v 0.010223355 0.04929205 0.0025523528
v 0.010469281 0.048736524 0.0025523528
v 0.00955265 0.04922118 0.0014999197
v 0.009792985 0.04935835 0.0017083935
v 0.009270953 0.04906001 0.0013791486
v 0.00987347 0.049844146 0.015079472
v 0.010223355 0.04929205 0.014839368
v 0.0097751 0.049778994 0.015404403
v 0.00960407 0.04966583 0.015683327
v 0.009373795 0.049512662 0.015891802
v 0.009446455 0.048721664 0.016012572
v 0.009694615 0.048066694 0.016012572
v 0.009842171 0.047382005 0.016012572
v 0.0016249081 0.043699075 0.016012572
v 0.002215129 0.04299838 0.016009696
v 0.0026689733 0.0422954 0.01597519
v 0.0016562077 0.04355162 0.01599532
v 0.0020183888 0.042829208 0.015920557
v 0.0013789826 0.043489896 0.01589324
v 0.0025314786 0.04141296 0.015694829
v 0.00010464154 0.042042784 0.01421826
v 0.0011967742 0.043711647 0.0014999197
v 0.0020753988 0.04159928 0.001862233
v 0.0014561138 0.04390711 0.0013791486
v 0.0017098642 0.04360077 0.0013791486
v 6.271526e-06 0.04492443 0.001987317
v 0.00020077638 0.044991873 0.0017083935
v 0.0005316576 0.044237453 0.0017083935
v 0.00097655924 0.04354476 0.0017083935
v 0.00163944 0.04181303 0.0020678313
v -0.0005839495 0.042521726 0.004083557
v 0.009491168 0.050168775 0.001987317
v 0.00958395 0.050241932 0.0023122486
v 0.009331318 0.050039608 0.0017083935
v 0.009602953 0.05025679 0.0025523528
v 0.010094804 0.04953095 0.0025523528
v 0.009114455 0.049867008 0.0014999197
v 0.008860705 0.049664687 0.0013791486
v 0.009358145 0.050505977 0.015079472
v 0.009270953 0.050427105 0.015404403
v 0.009893592 0.049857862 0.014839368
v 0.0095683 0.050299082 0.014839368
v 0.009118927 0.050288796 0.015683327
v 0.008913243 0.05010362 0.015891802
v 0.008672908 0.049885295 0.016012572
v 0.009103277 0.049332056 0.016012572
v 0.0012057172 0.04427632 0.016012572
v 0.00093072746 0.044106003 0.01589324
v 0.0020753988 0.041601565 0.015529487
v 0.00013705902 0.044596374 0.015411593
v -0.0001301053 0.045389656 0.015411593
v -0.00048334338 0.04265775 0.013414557
v 0.0015768409 0.04184961 0.015290821
v 0.0006959806 0.04396198 0.01568764
v 0.00032597454 0.04467639 0.01568764
v 0.0007764655 0.044368908 0.0014999197
v 0.001062633 0.044522077 0.0013791486
v -0.00021170778 0.04575086 0.001987317
v -9.378418e-06 0.045788582 0.0017083935
v 0.00026225764 0.045837734 0.0014999197
v 0.00046235137 0.045083318 0.0014999197
v -0.00043415837 0.04705623 0.014839368
v -0.00044086576 0.04659787 0.0025523528
v -0.00041739084 0.04659787 0.0023122486
v -0.00032796338 0.045730285 0.0023122486
v 0.008907654 0.050792884 0.001987317
v 0.008987022 0.050879758 0.0023122486
v 0.0095683 0.050299082 0.0025523528
v 0.008581244 0.050437395 0.0014999197
v 0.008767924 0.050642 0.0017083935
v 0.008362147 0.05019735 0.0013791486
v 0.008751157 0.051084362 0.015079472
v 0.00937603 0.05052198 0.014839368
v 0.008676261 0.05099292 0.015404403
v 0.008546591 0.050834034 0.015683327
v 0.00837109 0.05061914 0.015891802
v 0.008165407 0.05036881 0.016012572
v 0.0008781892 0.044910714 0.016012572
v 0.0005808426 0.044784978 0.01589324
v -0.00027207145 0.0462138 0.015411593
v 6.9988426e-05 0.04543995 0.01568764
v -6.7505985e-05 0.046233233 0.01568764
v -0.00041739084 0.046198938 0.014839368
v -0.00039168028 0.04620237 0.015088098
v 0.0003371532 0.04550739 0.01589324
v 0.00076864054 0.045190763 0.0013791486
v -0.0003000172 0.046601295 0.001987317
v -9.433413e-05 0.046605866 0.0017083935
v 0.0001828908 0.046612725 0.0014999197
v 0.0005070651 0.046620727 0.0013791486
v 0.00058196066 0.04589603 0.0013791486
v -0.00040733023 0.047055088 0.015088098
v -0.00040956587 0.04735457 0.014839368
v -0.00040956587 0.04735457 0.0025523528
v -0.00037044147 0.047471162 0.0023122486
v -0.00025418587 0.047455158 0.001987317
v 0.008233596 0.051319834 0.001987317
v 0.008298431 0.051418137 0.0023122486
v 0.008714268 0.051144946 0.0025523528
v 0.009002671 0.050898045 0.0025523528
v 0.007966431 0.050917476 0.0014999197
v 0.008119576 0.051148374 0.0017083935
v 0.007787576 0.050646573 0.0013791486
v 0.008063683 0.05156559 0.015079472
v 0.008765688 0.051102653 0.014839368
v 0.008714268 0.051144946 0.014839368
v 0.00800332 0.051463857 0.015404403
v 0.007898242 0.051286682 0.015683327
v 0.007757394 0.051048927 0.015891802
v 0.0075908354 0.050770022 0.016012572
v 0.0006512669 0.045587406 0.016012572
v -0.000288839 0.04704823 0.015411593
v 0.0002074833 0.046259522 0.01589324
v 0.00019183336 0.047020797 0.01589324
v -8.315593e-05 0.0470368 0.01568764
v 0.0005283044 0.046290383 0.016012572
v -5.0738454e-05 0.04742887 0.0017083935
v 0.00022425083 0.04739229 0.0014999197
v 0.0005461895 0.047349997 0.0013791486
v -0.00029442832 0.047902092 0.015088098
v -0.0003201384 0.04790781 0.014839368
v -0.00039503397 0.04747459 0.0025523528
v -0.00018935092 0.04832617 0.0023122486
v -7.644901e-05 0.04829302 0.001987317
v 0.0074857585 0.051735908 0.001987317
v 0.0075338255 0.05184221 0.0023122486
v 0.007700384 0.05178963 0.0025523528
v 0.008311844 0.05143871 0.0025523528
v 0.0072845463 0.05129697 0.0014999197
v 0.0071492875 0.051002063 0.0013791486
v 0.0073996847 0.051548444 0.0017083935
v 0.00807598 0.051586166 0.014839368
v 0.007700384 0.05178963 0.014839368
v 0.0073124925 0.05193823 0.015079472
v 0.0072677787 0.051829636 0.015404403
v 0.0071906475 0.051638745 0.015683327
v 0.0070866887 0.0513827 0.015891802
v 0.0069637257 0.05108208 0.016012572
v -0.00017817272 0.047876947 0.015411593
v 2.3039058e-05 0.047834653 0.01568764
v 0.00029355707 0.0477775 0.01589324
v 0.00051489007 0.04700251 0.016012572
v 0.00060990686 0.04771006 0.016012572
v 0.00012029149 0.048234724 0.0017083935
v 0.00038633822 0.04815585 0.0014999197
v 0.0006970987 0.048064407 0.0013791486
v -5.4092146e-05 0.048721664 0.015088098
v -0.00015134411 0.04852849 0.014839368
v -0.00021282583 0.048333026 0.0025523528
v 0.00012252713 0.04914231 0.0023122486
v 0.00022872211 0.049092017 0.001987317
v -0.00015134411 0.04852849 0.0025523528
v 0.0066820295 0.052030813 0.001987317
v 0.006713329 0.052143976 0.0023122486
v 0.007543886 0.05186507 0.0025523528
v 0.0065512415 0.05156559 0.0014999197
v 0.006626137 0.051831923 0.0017083935
v 0.00646405 0.051253535 0.0013791486
v 0.0073214355 0.051961087 0.014839368
v 0.0065735984 0.0522057 0.014839368
v 0.0065143527 0.052195415 0.015079472
v 0.0064864065 0.052081108 0.015404403
v 0.0064383396 0.051881075 0.015683327
v 0.0063735046 0.051612455 0.015891802
v 0.0062974915 0.05129697 0.016012572
v 5.7692174e-05 0.048679374 0.015411593
v 0.0002499614 0.04860736 0.01568764
v 0.00050818315 0.048509058 0.01589324
v 0.0008100006 0.04839475 0.016012572
v 0.0004142844 0.049004 0.0017083935
v 0.0006646812 0.048885122 0.0014999197
v 0.00095755607 0.04874567 0.0013791486
v 0.00041204877 0.049437217 0.015411593
v 0.00030808896 0.049495514 0.015088098
v 0.0002846145 0.049508087 0.014839368
v -7.868465e-05 0.04873081 0.014839368
v 0.00055736816 0.049900156 0.0023122486
v 0.00065350253 0.04983386 0.001987317
v 0.00010017026 0.049152598 0.0025523528
v 0.00034944946 0.049620107 0.0025523528
v 0.0058425292 0.05219656 0.001987317
v 0.005857061 0.05231315 0.0023122486
v 0.005819055 0.051993094 0.0017083935
v 0.0062583666 0.052275427 0.0025523528
v 0.0065735984 0.0522057 0.0025523528
v 0.006720036 0.05216684 0.0025523528
v 0.0057855193 0.051717617 0.0014999197
v 0.0057475124 0.051395275 0.0013791486
v 0.006519942 0.05221942 0.014839368
v 0.0062527778 0.05225028 0.015088098
v 0.0062583666 0.052275427 0.014839368
v 0.006230421 0.052132547 0.015411593
v 0.0061912965 0.051930226 0.01568764
v 0.0061398754 0.05165932 0.01589324
v 0.006078394 0.051342696 0.016012572
v 0.00083123986 0.049200606 0.01589324
v 0.0005909032 0.049335487 0.01568764
v 0.0011129361 0.049041722 0.016012572
v 0.0008234149 0.04971841 0.0017083935
v 0.0010525724 0.049561813 0.0014999197
v 0.0013208548 0.049378924 0.0013791486
v 0.0008770712 0.050132196 0.015411593
v 0.00078317244 0.050205354 0.015088098
v 0.00034944946 0.04962125 0.014839368
v 0.00034944946 0.04962125 0.0135195125
v 0.0011039935 0.050581418 0.0023122486
v 0.0011889492 0.050501406 0.001987317
v 0.00053724693 0.049913872 0.0025523528
v 0.0010861079 0.050598565 0.0025523528
v 0.004988497 0.05223085 0.001987317
v 0.004984026 0.052348584 0.0023122486
v 0.0053830957 0.05237373 0.0025523528
v 0.005859297 0.052337155 0.0025523528
v 0.0050075008 0.05174848 0.0014999197
v 0.004996322 0.0520251 0.0017083935
v 0.0061041047 0.05230286 0.014839368
v 0.005019797 0.051424995 0.0013791486
v 0.006099633 0.052277714 0.015088098
v 0.00608063 0.05215998 0.015411593
v 0.0060470947 0.051956516 0.01568764
v 0.0060034986 0.05168447 0.01589324
v 0.00595096 0.051365554 0.016012572
v 0.00125602 0.04983386 0.01589324
v 0.0010391586 0.050005317 0.01568764
v 0.0015097703 0.049634967 0.016012572
v 0.0013398582 0.05036081 0.0017083935
v 0.0015410699 0.050171062 0.0014999197
v 0.0017780527 0.049948163 0.0013791486
v 0.0014426997 0.050748304 0.015411593
v 0.0013610972 0.050835177 0.015088098
v 0.00158243 0.05059742 0.01568764
v 0.001070458 0.05058256 0.014839368
v 0.0007630512 0.050222497 0.014839368
v 0.0017501065 0.051170092 0.0023122486
v 0.0017344567 0.051189523 0.0025523528
v 0.0018216483 0.051077504 0.001987317
v 0.0019479648 0.05091519 0.0017083935
v 0.001070458 0.05058256 0.0038722078
v 0.0013432116 0.05085461 0.014839368
v 0.0041389368 0.052132547 0.001987317
v 0.00411658 0.052247994 0.0023122486
v 0.004185886 0.052285716 0.0025523528
v 0.004984026 0.05237259 0.0025523528
v 0.0052489545 0.05237716 0.014839368
v 0.0053830957 0.05237373 0.014839368
v 0.0042317174 0.05165932 0.0014999197
v 0.004179179 0.051930226 0.0017083935
v 0.0042943168 0.05134041 0.0013791486
v 0.0052489545 0.05235087 0.015088098
v 0.005247837 0.05223085 0.015411593
v 0.0052456013 0.0520251 0.01568764
v 0.0052433657 0.051749624 0.01589324
v 0.005240012 0.05142614 0.016012572
v 0.0017713455 0.050396245 0.01589324
v 0.0019926785 0.050160773 0.016012572
v 0.002117877 0.05069687 0.0014999197
v 0.0023179706 0.050439678 0.0013791486
v 0.0020944022 0.051271826 0.015411593
v 0.0020273316 0.05137013 0.015088098
v 0.0023660378 0.05087404 0.01589324
v 0.0022106578 0.05110151 0.01568764
v 0.00247894 0.05165132 0.0023122486
v 0.0019792642 0.051368985 0.0025523528
v 0.0019792642 0.051368985 0.0135195125
v 0.00253595 0.051548444 0.001987317
v 0.002635438 0.051368985 0.0017083935
v 0.0020127995 0.051391847 0.014839368
v 0.0033150865 0.051902793 0.001987317
v 0.003274844 0.05201367 0.0023122486
v 0.0033855108 0.051709615 0.0017083935
v 0.0032659015 0.05203653 0.0025523528
v 0.0041121086 0.052272 0.0025523528
v 0.004185886 0.052285716 0.014839368
v 0.004393805 0.052318864 0.014839368
v 0.0043971585 0.052293718 0.015088098
v 0.0034805273 0.05145014 0.0014999197
v 0.0035911938 0.051144946 0.0013791486
v 0.004413926 0.05217484 0.015411593
v 0.00444299 0.051971376 0.01568764
v 0.0044832323 0.051698186 0.01589324
v 0.004529064 0.05137813 0.016012572
v 0.0025493642 0.050607707 0.016012572
v 0.0027695792 0.051126655 0.0014999197
v 0.002927195 0.050842036 0.0013791486
v 0.0028187642 0.051690184 0.015411593
v 0.0027673435 0.051797632 0.015088098
v 0.002756165 0.051821634 0.014839368
v 0.003026683 0.051255822 0.01589324
v 0.0029081916 0.051503867 0.01568764
v 0.0024677615 0.051673036 0.0025523528
v 0.00303339 0.051945087 0.0025523528
v 0.00303339 0.051945087 0.014839368
v 0.0035554226 0.052132547 0.014839368
v 0.0035632476 0.0521074 0.015088098
v 0.0035979007 0.051993094 0.015411593
v 0.0036582644 0.05179649 0.01568764
v 0.0037376313 0.05153244 0.01589324
v 0.0038326478 0.051223814 0.016012572
v 0.0031675312 0.05096434 0.016012572
vn -0.049810566 -0.9980622 -0.037292514
vn 0.0055262875 -0.9494609 -0.31383657
vn 0.0314895 -0.9091676 -0.41523802
vn 0.3891946 -0.26471564 -0.88229996
vn 0.5174846 -0.27871677 -0.8090282
vn 0.5320969 -0.281052 -0.79867554
vn 0.73520184 -0.32808888 -0.59315765
vn 0.73978114 -0.32964385 -0.5865652
vn 0.67265844 -0.73995316 0
vn 0.5857593 -0.8099832 0.028521372
vn -0.035667203 -0.99934566 0.0060105007
vn -0.056791585 -0.998386 0.00022354438
vn -0.016010288 -0.16472808 -0.98620903
vn -0.008190769 -0.16411969 -0.9864064
vn -0.09673638 -0.9953099 0.0005477156
vn -0.0033625516 -0.16262813 -0.98668176
vn 0.001786791 -0.15282007 -0.9882524
vn 0.03282775 -0.18208127 -0.98273534
vn 0.085137464 -0.69980437 -0.7092429
vn 0.060552873 -0.83121246 -0.55264735
vn 0.31779534 -0.24525723 -0.91589034
vn 0.36504498 -0.2575043 -0.89466965
vn 0.30459788 -0.21486461 -0.9279296
vn 0.29510188 -0.18576442 -0.9372333
vn 0.3078326 -0.16579832 -0.93688315
vn 0.56775033 -0.20001976 -0.798531
vn 0.3075077 -0.16534543 -0.93706995
vn 0.3292868 -0.11607824 -0.93706775
vn 0.3294356 -0.116060935 -0.9370177
vn 0.5693014 -0.19977352 -0.79748756
vn 0.75962126 -0.26655862 -0.5932303
vn 0.76030165 -0.26750264 -0.5919322
vn 0.78819406 -0.2773162 -0.54940504
vn 0.8987714 -0.16599645 -0.40577704
vn 0.93094546 -0.13089935 -0.34089
vn 0.99421114 -0.028992128 -0.10345861
vn 0.9999997 0.00065124914 -0.00043850136
vn 0.9999998 -0.0005584499 0
vn 0.9942825 -0.032112498 0.10183867
vn 0.9665766 -0.084166735 0.24216877
vn 0.9310498 -0.13117206 0.34049997
vn 0.8609989 -0.20627883 0.46489784
vn 0.7579408 -0.30717388 0.57547367
vn 0.72934914 -0.33989692 0.5937339
vn 0.69398963 -0.3799298 0.6115814
vn 0.5194894 -0.30418104 0.7985015
vn 0.5048675 -0.29939014 0.80961365
vn 0.34667537 -0.25276983 0.9032849
vn 0.30005142 -0.2393062 0.9234185
vn 0.06834584 -0.80239105 0.5928723
vn 0.0024913778 -0.9650511 0.26204985
vn -0.0042625507 -0.15476125 0.98794264
vn -0.0049811425 -0.15339673 0.9881522
vn -0.019730685 -0.170645 0.985135
vn -0.102411844 -0.99474174 0.0008169826
vn -0.034138974 -0.15823801 -0.9868106
vn -0.020908631 -0.15696575 -0.98738265
vn -0.1432714 -0.9896831 0.00088942226
vn -0.015079944 -0.11791803 -0.9929088
vn -0.013146542 -0.11531645 -0.99324185
vn -0.00486665 -0.11603594 -0.99323314
vn 0.0017136652 -0.15023553 -0.9886487
vn 0.018958699 -0.14768846 -0.98885226
vn 0.037836492 -0.17862846 -0.98318887
vn 0.12277478 -0.40441456 -0.90629745
vn 0.0901896 -0.67948616 -0.72812384
vn 0.06462052 -0.17741287 -0.98201275
vn 0.0893537 -0.18746048 -0.9781996
vn 0.24318935 -0.2186767 -0.9450076
vn 0.24336824 -0.21866207 -0.944965
vn 0.24918765 -0.2197401 -0.94319654
vn 0.28960344 -0.23240268 -0.9285035
vn 0.29075038 -0.23280731 -0.92804366
vn 0.17322212 -0.14189643 -0.9746073
vn 0.18289423 -0.12928018 -0.97459555
vn 0.25275952 -0.21566963 -0.9431857
vn 0.088387474 -0.06247737 -0.99412477
vn 0.08835988 -0.062407643 -0.9941317
vn 0.09544071 -0.051404525 -0.994107
vn 0.09566522 -0.051438738 -0.9940835
vn 0.59320235 -0.10979906 -0.79753065
vn 0.34337255 -0.06363059 -0.93704134
vn 0.34353197 -0.063586205 -0.9369859
vn 0.10246536 -0.03612049 -0.9940806
vn 0.10228706 -0.03597595 -0.9941041
vn 0.106622025 -0.019835914 -0.99410176
vn 0.10684705 -0.019799896 -0.9940783
vn 0.5932094 -0.109796755 -0.7975257
vn 0.79173684 -0.14654207 -0.5930247
vn 0.7922297 -0.14631897 -0.59242123
vn 0.9399148 -0.025806155 -0.34043226
vn 0.805357 -0.022111755 -0.5923774
vn 0.94035935 -0.025310742 -0.33923972
vn 0.99345076 -0.026739748 -0.11108764
vn 0.9939276 0.05116681 -0.097415835
vn 0.99867755 0.05141134 -0
vn 0.999836 0.018105932 -0
vn 0.99463415 0.018011732 0.10187467
vn 0.93889725 0.060208686 0.3388906
vn 0.9388819 0.06018711 0.3389371
vn 0.93728966 -0.08161652 0.33886105
vn 0.9852246 0.063179515 0.15918775
vn 0.93690485 -0.082013175 0.3398281
vn 0.8034635 -0.070332214 0.591185
vn 0.78429216 -0.18790136 0.59125197
vn 0.78364736 -0.18816829 0.5920214
vn 0.7468905 -0.30269545 0.5920559
vn 0.7462599 -0.30285105 0.59277093
vn 0.5581564 -0.22651388 0.7982186
vn 0.5579764 -0.22653693 0.7983379
vn 0.32408196 -0.1315764 0.93683434
vn 0.30090448 -0.1783436 0.9368298
vn 0.30100125 -0.17849599 0.93676966
vn 0.29911283 -0.18125783 0.9368443
vn 0.2995265 -0.21839212 0.9287565
vn 0.28941447 -0.23144741 0.92880106
vn 0.29490995 -0.236592 0.9257712
vn 0.251272 -0.22072476 0.9424134
vn 0.2120855 -0.21379232 0.9535788
vn 0.11520729 -0.5461663 0.8297166
vn 0.081447616 -0.7171516 0.6921414
vn 0.02576857 -0.17797711 0.9836972
vn 0.019850247 -0.07178221 0.9972228
vn 0.015710963 -0.068041496 0.9975588
vn 0.005440698 -0.07375789 0.99726135
vn -0.0034430022 -0.10922754 0.99401087
vn -0.0035789462 -0.110215366 0.9939013
vn 0.040477403 -0.17036568 0.9845491
vn -0.010513003 -0.07362556 0.9972305
vn -0.025725901 -0.070526324 0.99717814
vn -0.033788923 -0.07953693 0.9962591
vn -0.058907356 -0.16313092 0.98484427
vn -0.033830643 -0.17101663 0.9846871
vn -0.14553173 -0.9893532 0.0009135155
vn -0.09051388 -0.17270182 -0.98080647
vn -0.05228223 -0.15435085 -0.9866318
vn -0.19555949 -0.98069143 0.0008699007
vn -0.028061341 -0.11245093 -0.9932609
vn -0.025926244 -0.11294827 -0.9932625
vn 0 0 -1
vn 0 0 -0.99999994
vn -0.0033034007 -0.044955347 -0.99898344
vn -0.004853364 -0.11578676 -0.9932623
vn 0.016497137 -0.047294855 -0.99874467
vn 0.027679952 -0.099756025 -0.9946268
vn 0.0031694858 -0.030693179 -0.9995239
vn 0.013063082 -0.039282907 -0.99914277
vn 0.015545718 -0.043935344 -0.9989134
vn 0.034118246 -0.09781198 -0.99461985
vn 0.04436744 -0.11001693 -0.992939
vn 0.1277779 -0.33083442 -0.93499815
vn 0.12816322 -0.3632053 -0.92285216
vn 0.101304024 -0.18816675 -0.9768986
vn 0.16749026 -0.20557435 -0.96420234
vn 0.19282787 -0.20479257 -0.9596235
vn 0.059168838 -0.10311204 -0.99290836
vn 0.087626964 -0.137704 -0.9865896
vn 0.109684296 -0.18829855 -0.97596776
vn 0.17306986 -0.17515618 -0.96920955
vn 0.17546625 -0.17282553 -0.9691971
vn 0.08146537 -0.070814736 -0.9941573
vn 0.08234871 -0.06794568 -0.9942847
vn 0.083701834 -0.06856509 -0.9941292
vn 0.6029658 -0.016427455 -0.7975978
vn 0.34926778 -0.0095156 -0.93697476
vn 0.10863656 -0.0028307594 -0.99407756
vn 0.34843352 -0.009079185 -0.9372895
vn 0.108603686 -0.0028180773 -0.9940811
vn 0.603012 -0.016404038 -0.79756343
vn 0.80507094 -0.021900747 -0.59277403
vn 0.9327034 0.12169904 -0.3394903
vn 0.93285894 0.121557795 -0.33911332
vn 0.79845613 0.103748076 -0.5930464
vn 0.79901433 0.104255304 -0.59220505
vn 0.98675275 0.12858053 -0.09892429
vn 0.9869955 0.12810382 -0.09710459
vn 0.99168104 0.12871195 -0.0014138649
vn 0.9959358 0.090066224 0.0001371512
vn 0.9906649 0.08958955 0.10274692
vn 0.9197329 0.19820483 0.33883062
vn 0.9752019 0.19605476 0.10268285
vn 0.9678803 0.20858072 0.14036259
vn 0.9193474 0.19851315 0.33969516
vn 0.78814745 0.17018339 0.59149057
vn 0.7878184 0.16981591 0.5920344
vn 0.80432004 0.051561017 0.59195507
vn 0.80397713 0.051277183 0.5924452
vn 0.8026118 -0.06959262 0.59242815
vn 0.59980077 -0.052007332 0.79845744
vn 0.599483 -0.052151885 0.79868656
vn 0.5851744 -0.14014784 0.79870486
vn 0.58570164 -0.14063784 0.79823214
vn 0.34044328 -0.08153535 0.9367232
vn 0.3392333 -0.081824556 0.9371369
vn 0.32347906 -0.13088165 0.93714
vn 0.1005037 -0.04066443 0.99410534
vn 0.100303546 -0.040658727 0.9941258
vn 0.093185894 -0.055152785 0.99411994
vn 0.09330678 -0.05530217 0.9941004
vn 0.18530306 -0.13619818 0.9731972
vn 0.08717086 -0.06407078 0.99413085
vn 0.17688538 -0.14725202 0.9731539
vn 0.23814173 -0.20462795 0.9494293
vn 0.23927814 -0.20544043 0.948968
vn 0.19298424 -0.18682794 0.963251
vn 0.21204333 -0.21376757 0.9535938
vn 0.12419984 -0.21045312 0.9696824
vn 0.16937159 -0.19857974 0.96533895
vn 0.1265098 -0.20220275 0.97113824
vn 0.12273415 -0.20087323 0.97189826
vn 0.12177414 -0.19989155 0.97222143
vn 0.07856768 -0.17513649 0.98140424
vn 0.04730296 -0.081494436 0.9955507
vn 0.028875438 -0.067631066 0.99729246
vn 0 0 1
vn 0 0 0.99999994
vn -0.04269108 -0.0749328 0.9962744
vn -0.050420046 -0.07444005 0.99595004
vn -0.06598304 -0.0840489 0.9942747
vn -0.11099829 -0.17673944 0.97797877
vn -0.100462064 -0.18240972 0.97807676
vn -0.19847997 -0.98010445 0.00096233503
vn -0.18911818 -0.20397194 -0.9605361
vn -0.15948103 -0.1853301 -0.9696487
vn -0.1072412 -0.1680044 -0.97993577
vn -0.24374855 -0.9698382 0.00058911886
vn -0.066127114 -0.08385916 -0.9942811
vn -0.046793465 -0.073274836 -0.9962135
vn -0.03680545 -0.07847802 -0.99623626
vn -0.029670672 -0.09442243 -0.99508995
vn 0.019675376 -0.037413463 -0.99910617
vn 0.032048427 -0.050000228 -0.9982349
vn 0.12575929 -0.19876267 -0.97194546
vn 0.15294166 -0.19896513 -0.9679988
vn 0.13059656 -0.15970486 -0.978488
vn 0.13730113 -0.1539814 -0.9784877
vn 0.096503384 -0.13154331 -0.98660195
vn 0.032606795 -0.045184605 -0.9984463
vn 0.0420242 -0.05140125 -0.99779344
vn 0.06222331 -0.059403837 -0.99629295
vn 0.06255748 -0.05932788 -0.9962765
vn 0.59820646 0.07777038 -0.79755926
vn 0.5982881 0.07773909 -0.797501
vn 0.34579554 0.04434096 -0.93726146
vn 0.34695655 0.045106404 -0.9367959
vn 0.10769338 0.013809395 -0.9940882
vn 0.107528016 0.013845394 -0.9941057
vn 0.9019743 0.26413193 -0.3415796
vn 0.902978 0.26347333 -0.3394298
vn 0.7733176 0.22645642 -0.5921972
vn 0.9479129 0.27658454 -0.15799434
vn 0.9684051 0.22887182 -0.09904129
vn 0.57894737 0.16916275 -0.7976238
vn 0.5795868 0.1697949 -0.79702497
vn 0.77316856 0.22650635 -0.5923726
vn 0.97319 0.2300027 0
vn 0.9803838 0.19709656 0.00077265076
vn 0.879976 0.33368772 0.3380752
vn 0.87969685 0.33284986 0.33962375
vn 0.9593351 0.263459 0.10131924
vn 0.9303184 0.35256365 0.10102745
vn 0.9301815 0.35272565 0.10172028
vn 0.96429735 0.26482177 0
vn 0.7541008 0.2853282 0.5915402
vn 0.56369203 0.21385731 0.79781973
vn 0.5628036 0.21279319 0.79873097
vn 0.58804077 0.12759334 0.79870397
vn 0.58964044 0.12709825 0.7976028
vn 0.7529216 0.28564852 0.5928862
vn 0.601896 0.038388573 0.79765123
vn 0.6008956 0.037738826 0.79843616
vn 0.34922662 0.021932932 0.9367816
vn 0.34866667 -0.030234493 0.93675894
vn 0.3488487 -0.030348016 0.9366876
vn 0.10792341 -0.0093585355 0.9941152
vn 0.1053389 -0.025388505 0.9941122
vn 0.105384536 -0.025419211 0.99410665
vn 0.087162636 -0.064072706 0.99413145
vn 0.08389123 -0.06832218 0.9941299
vn 0.08493451 -0.06981023 0.993938
vn 0.15713102 -0.15895252 0.97470194
vn 0.080263205 -0.070582636 0.9942715
vn 0.07941182 -0.07152759 0.9942725
vn 0.14940345 -0.16598335 0.97474515
vn 0.0797958 -0.11104341 0.99060696
vn 0.06254503 -0.08924782 0.9940437
vn 0.05007498 -0.08082708 0.9954695
vn -0.06485859 -0.07617413 0.99498284
vn -0.06831214 -0.08224907 0.9942678
vn -0.13907605 -0.1481193 0.97914165
vn -0.16257149 -0.18600427 0.9690061
vn -0.20299082 -0.20737997 0.9569683
vn -0.24503015 -0.9695152 0.00062978914
vn -0.30798903 -0.2551519 -0.91653705
vn -0.30075014 -0.24977973 -0.9204126
vn -0.27116713 -0.2306195 -0.9344962
vn -0.25866416 -0.22326258 -0.93981206
vn -0.20917247 -0.20531307 -0.9560822
vn -0.254539 -0.96706223 0.0005964731
vn -0.34928584 -0.9153515 -0.20032725
vn -0.18065597 -0.16504087 -0.9696003
vn -0.17957838 -0.16414882 -0.969952
vn -0.13035525 -0.13884188 -0.9816976
vn -0.068088725 -0.08142927 -0.9943506
vn -0.058579203 -0.06520278 -0.99615115
vn 0.0426212 -0.046783026 -0.99799544
vn 0.33587515 0.09813942 -0.93677986
vn 0.10403971 0.030523537 -0.9941047
vn 0.10407802 0.030551348 -0.9940998
vn 0.3348969 0.09830656 -0.9371125
vn 0.8502496 0.4003964 -0.34169912
vn 0.7288468 0.34322584 -0.5924342
vn 0.8503468 0.40075278 -0.34103885
vn 0.8934563 0.42106947 -0.1563212
vn 0.90999097 0.4028438 -0.09814963
vn 0.94814545 0.302237 -0.0983509
vn 0.9527645 0.3037094 -0.000571213
vn 0.54511917 0.25747594 -0.79784167
vn 0.5465263 0.25739872 -0.7969033
vn 0.3157365 0.14876728 -0.9371119
vn 0.31620577 0.14935336 -0.93686044
vn 0.72878325 0.34323663 -0.59250623
vn 0.8209008 0.4603545 0.33792844
vn 0.89367545 0.43698332 0.10193057
vn 0.8630242 0.4839769 0.1447605
vn 0.8195253 0.4608966 0.34051806
vn 0.7028748 0.39529297 0.5913633
vn 0.7023277 0.39410493 0.59280443
vn 0.9351019 0.35437647 0.0012776623
vn 0.9144058 0.40479827 -0.00058270275
vn 0.8983545 0.43927124 0
vn 0.5259001 0.29510415 0.79771084
vn 0.52572334 0.29481342 0.797935
vn 0.3050404 0.17105956 0.9368506
vn 0.32703903 0.12391127 0.936852
vn 0.32757178 0.12385323 0.93667346
vn 0.3421784 0.07424602 0.9366971
vn 0.341337 0.07356077 0.9370581
vn 0.3484416 0.022271521 0.9370659
vn 0.10846971 0.006933114 0.99407554
vn 0.10806567 0.006753381 0.9941208
vn 0.10784671 -0.009322106 0.9941238
vn 0.06282385 -0.059606135 0.99624306
vn 0.052777767 -0.055254176 0.9970764
vn 0.05036425 -0.057462905 0.99707645
vn 0.052231647 -0.066817336 0.9963972
vn -0.05838824 -0.059805095 0.9965009
vn -0.14367662 -0.12505358 0.9816918
vn -0.18142125 -0.16471362 0.96951306
vn -0.17793006 -0.16842557 0.9695224
vn -0.059388172 -0.05334964 0.99680835
vn -0.06521338 -0.056300476 0.99628186
vn -0.08406218 -0.06936864 0.994043
vn -0.2054376 -0.20739116 0.95644355
vn -0.2609362 -0.2254082 0.9386711
vn -0.28241292 -0.23776771 0.92935973
vn -0.2904106 -0.24278568 0.92559004
vn -0.32023484 -0.26459715 0.90963614
vn -0.34761938 -0.92044485 0.17872362
vn -0.2636545 -0.9646129 0.0028747816
vn -0.3084218 -0.25537807 -0.9163285
vn -0.4731385 -0.73790723 -0.48128256
vn -0.43173558 -0.32396555 -0.8418139
vn -0.29703924 -0.24595304 -0.9226455
vn -0.28977275 -0.23901933 -0.9267694
vn -0.1786474 -0.14797986 -0.9727216
vn -0.17557171 -0.15138596 -0.9727574
vn -0.20226364 -0.17849967 -0.96292645
vn -0.28112492 -0.20612076 -0.9372742
vn -0.75926596 -0.26621807 -0.5938376
vn -0.6873816 -0.30147892 -0.66076994
vn -0.5746383 -0.3690784 -0.73046005
vn -0.57256126 -0.37092626 -0.73115474
vn -0.55417466 -0.46844387 -0.6880775
vn -0.59561634 -0.8032651 0.0025080857
vn -0.83545756 -0.23015657 -0.4990377
vn -0.1317029 -0.11417361 -0.98469216
vn -0.08723143 -0.07225682 -0.9935641
vn -0.083455496 -0.06878892 -0.99413437
vn -0.083260715 -0.06865119 -0.99416023
vn -0.066416 -0.05717042 -0.9961528
vn -0.061740838 -0.054797854 -0.99658674
vn -0.05964048 -0.05701309 -0.9965905
vn 0.09815318 0.04615141 -0.99410063
vn 0.09833683 0.046333894 -0.99407405
vn 0.7780076 0.52768326 -0.34096125
vn 0.7780288 0.5276774 -0.3409219
vn 0.66689193 0.45193186 -0.5924633
vn 0.6670929 0.45245543 -0.591837
vn 0.8234834 0.55850583 -0.09973105
vn 0.8238304 0.5582528 -0.09827109
vn 0.8763539 0.47156513 -0.09813335
vn 0.8806043 0.47385234 -0
vn 0.49833858 0.33812332 -0.7983303
vn 0.4990572 0.3381955 -0.79785067
vn 0.28934762 0.19630973 -0.9368781
vn 0.28935978 0.19633095 -0.93686986
vn 0.08999687 0.061058946 -0.99406856
vn 0.7421809 0.5778879 0.33943063
vn 0.7421673 0.57731086 0.3404407
vn 0.8595864 0.5009783 0.10065797
vn 0.80079365 0.5903908 0.1008387
vn 0.7789663 0.60653037 0.15916125
vn 0.86397415 0.5035355 0.0007511292
vn 0.6365811 0.4951784 0.59123844
vn 0.4757629 0.37050748 0.7977305
vn 0.6358182 0.4951529 0.59208006
vn 0.4753347 0.3704434 0.7980154
vn 0.27566224 0.2148323 0.9369405
vn 0.2753728 0.21421455 0.9371669
vn 0.30419225 0.17102472 0.93713266
vn 0.094686836 0.053235378 0.9940827
vn 0.094419956 0.052920762 0.9941249
vn 0.10121228 0.038349885 0.9941254
vn 0.10121692 0.038349904 0.9941249
vn 0.1057295 0.02297731 0.9941294
vn 0.10626316 0.022900537 0.9940743
vn -0.2191463 -0.15914237 0.9626258
vn -0.17434824 -0.15085402 0.97306
vn -0.08842304 -0.0642213 0.9940105
vn -0.08844394 -0.06422732 0.9940083
vn -0.19849879 -0.17548119 0.9642637
vn -0.28391302 -0.19881697 0.93801135
vn -0.2950421 -0.21466091 0.93105906
vn -0.28786358 -0.24026059 0.9270433
vn -0.4473056 -0.3254418 0.83306974
vn -0.43777454 -0.32307535 0.8390326
vn -0.4771181 -0.7448223 0.4664741
vn -0.77320063 -0.26040125 0.5782317
vn -0.86024743 -0.22370292 0.45818266
vn -0.7341948 -0.6787053 0.017810045
vn -0.5599391 -0.466838 0.6844928
vn -0.5772335 -0.37679824 0.72444785
vn -0.64119965 -0.332089 0.6917947
vn -0.7567778 -0.2688345 0.59583163
vn -0.2945671 -0.18837146 -0.9368812
vn -0.29436803 -0.18834852 -0.9369484
vn -0.4955309 -0.34298643 -0.79800344
vn -0.5077448 -0.32611406 -0.79739875
vn -0.5065318 -0.32391986 -0.79906285
vn -0.53719014 -0.36359563 -0.7610682
vn -0.09132135 -0.058431074 -0.9941057
vn -0.8420059 -0.22208773 -0.491633
vn -0.77878475 -0.20541249 -0.5927057
vn -0.7787622 -0.20542076 -0.5927326
vn -0.583882 -0.15401553 -0.7970954
vn -0.582209 -0.15441927 -0.7982401
vn -0.5516154 -0.24193321 -0.798241
vn -0.55045986 -0.24202797 -0.79900974
vn -0.9999133 0.007725471 0.010668367
vn -0.99939406 0.034798756 -0.00075259653
vn -0.99525326 -0.001616774 -0.09730558
vn -0.94476813 -0.09738344 -0.31293708
vn -0.93312097 -0.11384099 -0.34106505
vn -0.09131474 -0.058422536 -0.9941068
vn 0.089945965 0.06104571 -0.99407405
vn 0.6867702 0.64209896 -0.3406693
vn 0.5886113 0.55032486 -0.59218186
vn 0.6867416 0.64270794 -0.33957708
vn 0.72534204 0.67883337 -0.11429844
vn 0.76964504 0.63060313 -0.09993103
vn 0.4400032 0.4113255 -0.7982534
vn 0.44009766 0.4116068 -0.7980564
vn 0.58838207 0.5502917 -0.5924404
vn 0.7735169 0.6337756 0
vn 0.80489624 0.59341544 0.00022742175
vn 0.8278367 0.56096756 -0.0013687136
vn 0.25547323 0.23882248 -0.93685496
vn 0.07936181 0.0742675 -0.9940754
vn 0.07937464 0.07429236 -0.99407256
vn 0.2550074 0.23867951 -0.9370183
vn 0.6488902 0.68098074 0.3394211
vn 0.7534627 0.64992666 0.09944469
vn 0.686444 0.72039163 0.099149294
vn 0.6479801 0.68104994 0.34101704
vn 0.55590373 0.5842745 0.591265
vn 0.55578846 0.5834116 0.5922246
vn 0.7572161 0.6531644 0
vn 0.41578534 0.43645012 0.79789346
vn 0.41469172 0.43611568 0.798645
vn 0.24123733 0.25370023 0.9367181
vn 0.24102226 0.2529799 0.93696815
vn 0.075030066 0.078752466 0.99406666
vn 0.08586065 0.06679163 0.99406576
vn 0.085791096 0.06667947 0.99407923
vn -0.3083737 -0.1592085 0.9378477
vn -0.09709452 -0.050128378 0.994012
vn -0.0968736 -0.049889933 0.99404556
vn -0.30897358 -0.15921816 0.93764865
vn -0.53066266 -0.27345747 0.80225813
vn -0.53209615 -0.27558234 0.8005797
vn -0.49208346 -0.341233 0.8008832
vn -0.54415697 -0.36850467 0.75372237
vn -0.761406 -0.25642902 0.5954032
vn -0.91292685 -0.15726013 0.37660822
vn -0.76026684 -0.25488153 0.59751964
vn -0.79001933 -0.13692892 0.5975951
vn -0.79132366 -0.13631286 0.59600824
vn -0.99533856 -0.019467516 0.094456896
vn -0.92705625 -0.14019881 0.3477226
vn -0.99440527 -0.022964796 0.103105746
vn -0.56578076 -0.19085339 0.80216396
vn -0.56806785 -0.1904463 0.80064297
vn -0.32006857 -0.14072879 -0.93688387
vn -0.09940985 -0.04370624 -0.9940862
vn -0.0992258 -0.043692965 -0.9941053
vn -0.3200573 -0.14071545 -0.9368898
vn -0.93513453 -0.09710459 -0.3407258
vn -0.8013913 -0.08321666 -0.59232336
vn -0.8012589 -0.08328993 -0.59249216
vn -0.60051495 -0.062422823 -0.7971732
vn -0.5989224 -0.061335668 -0.79845476
vn -0.34811503 -0.035650477 -0.9367738
vn -0.3474222 -0.035905268 -0.9370212
vn -0.3376681 -0.08937851 -0.9370122
vn -0.33796987 -0.08963974 -0.9368784
vn -0.99448436 -0.0194508 0.103065416
vn -0.99407685 -0.018244285 0.10713767
vn -0.9908712 0.081678666 0.107251346
vn -0.9966197 0.08215252 0
vn -0.9991451 0.04132813 -0.000996308
vn -0.9944122 0.04113236 -0.09722336
vn -0.9893641 0.053189453 -0.13538656
vn -0.9395567 0.050511744 -0.33864716
vn -0.93949264 0.050427534 -0.33883715
vn -0.9358081 -0.09645988 -0.33905554
vn 0.57925606 0.7409674 -0.33974954
vn 0.5793322 0.74097055 -0.33961296
vn 0.49632987 0.63489056 -0.5920901
vn 0.60718834 0.77659875 -0.16797806
vn 0.6470907 0.75586015 -0.09974453
vn 0.7234631 0.6832005 -0.09918807
vn 0.727048 0.68658584 -0.0010783761
vn 0.37074158 0.47478762 -0.7982026
vn 0.37086055 0.47483963 -0.79811645
vn 0.2150975 0.2751177 -0.9370396
vn 0.21519765 0.27559137 -0.93687737
vn 0.49571645 0.63470167 -0.5928061
vn 0.066817656 0.08554368 -0.9940914
vn 0.06694396 0.0856238 -0.994076
vn 0.53909177 0.77013445 0.3409883
vn 0.6860639 0.721119 0.09645643
vn 0.63224983 0.7686907 0.09682355
vn 0.569469 0.81353074 0.11778327
vn 0.68927723 0.7244966 0.0012296675
vn 0.5389463 0.7701235 0.3412431
vn 0.46237758 0.66071117 0.5913271
vn 0.34536806 0.49468565 0.79750043
vn 0.3451941 0.49290505 0.7986773
vn 0.46092987 0.66020983 0.5930148
vn 0.20088135 0.28683987 0.93668
vn 0.062167924 0.08902965 0.994087
vn 0.062154602 0.08897833 0.99409246
vn 0.07480667 0.07864314 0.9940921
vn 0.19994828 0.2863426 0.9370318
vn -0.10324204 -0.0347967 0.9940474
vn -0.103730865 -0.0347852 0.993997
vn -0.32834446 -0.11010732 0.9381185
vn -0.32932806 -0.11109139 0.9376576
vn -0.9375582 -0.018839817 0.34731787
vn -0.80278975 -0.016131707 0.59604394
vn -0.59032357 -0.10231695 0.8006556
vn -0.5894504 -0.10162305 0.80138683
vn -0.59800106 -0.012293438 0.8014011
vn -0.5991952 -0.011669675 0.8005179
vn -0.80209416 -0.015621251 0.59699327
vn -0.93897074 -0.017232923 0.3435653
vn -0.3411834 -0.059678722 0.93810034
vn -0.3430111 -0.059136152 0.93746805
vn -0.10494228 -0.027777534 -0.99409026
vn -0.10491434 -0.027758384 -0.9940937
vn -0.80521834 0.04322032 -0.5914013
vn -0.8044372 0.042612243 -0.59250736
vn -0.601222 0.031847637 -0.79844725
vn -0.6011264 0.031892907 -0.7985172
vn -0.34945163 0.018540243 -0.936771
vn -0.10816782 0.0058030616 -0.9941157
vn -0.10812942 0.0057869786 -0.99412
vn -0.10767121 -0.011037658 -0.99412525
vn -0.10791124 -0.011152369 -0.99409795
vn -0.34901708 0.018724311 -0.9369293
vn -0.93088305 0.12408256 0.34359887
vn -0.97753435 0.13030097 0.16567515
vn -0.98171645 0.15868798 0.105123766
vn -0.9871862 0.15957214 0.00039112786
vn -0.99274933 0.12020334 0
vn -0.9874847 0.1195659 -0.10284908
vn -0.9204019 0.19494137 -0.33890745
vn -0.97313356 0.20610994 -0.102614515
vn -0.9200922 0.19518036 -0.3396099
vn -0.78894544 0.16736002 -0.5912324
vn 0.45724505 0.8218366 -0.33986992
vn 0.3915791 0.70381093 -0.5927192
vn 0.4566659 0.8233718 -0.33692002
vn 0.48000678 0.8654557 -0.14345738
vn 0.49517983 0.86282915 -0.10160078
vn 0.58655393 0.8035094 -0.10162239
vn 0.5896063 0.80769074 -0
vn 0.6352344 0.7723193 -0
vn 0.6503339 0.7596485 -0.0001068042
vn 0.2929483 0.5263752 -0.79819196
vn 0.17008528 0.3053915 -0.93691355
vn 0.1700985 0.30563632 -0.93683136
vn 0.29295763 0.5271515 -0.7976761
vn 0.39096734 0.70351136 -0.5934782
vn 0.05281186 0.09482473 -0.99409217
vn 0.05258099 0.094621964 -0.99412376
vn 0.5658239 0.81854665 0.099119134
vn 0.47396168 0.8749345 0.09924661
vn 0.43856615 0.8840958 0.16135156
vn 0.41804788 0.8427335 0.33916977
vn 0.41854167 0.8416412 0.3412669
vn 0.5686238 0.8225971 0.0010436054
vn 0.35862622 0.7211577 0.59272146
vn 0.35867262 0.7208805 0.5930306
vn 0.26876968 0.54018843 0.79747057
vn 0.2687747 0.5400906 0.79753524
vn 0.15565218 0.31277606 0.9369864
vn 0.04835642 0.09717726 0.99409163
vn 0.15563387 0.31276244 0.93699396
vn 0.0482153 0.09704476 0.9941114
vn -0.10715367 -0.018513534 0.9940702
vn -0.10773102 -0.018843962 0.9940014
vn -0.9306652 0.12428036 0.34411716
vn -0.7952725 0.10585154 0.5969398
vn -0.7957145 0.10625915 0.59627795
vn -0.3480097 -0.007154232 0.93746364
vn -0.59245044 0.07964318 0.8016605
vn -0.5939709 0.07905809 0.8005926
vn -0.3468192 -0.0065330286 0.9379092
vn -0.34383067 0.04617285 0.9378958
vn -0.34391996 0.046233196 0.93786
vn -0.10872817 -0.0021625953 0.9940691
vn -0.109045476 -0.0020540862 0.99403465
vn -0.58878696 0.12496071 -0.79857045
vn -0.78881747 0.16741404 -0.5913879
vn -0.58873594 0.12497571 -0.7986056
vn -0.34261265 0.072729155 -0.9366574
vn -0.341985 0.07223957 -0.93692464
vn -0.10596334 0.02238328 -0.99411803
vn -0.10589885 0.022392014 -0.99412477
vn -0.9009207 0.26419157 0.34430328
vn -0.94803023 0.27800626 0.15476193
vn -0.9596002 0.26096466 0.10518904
vn -0.96495336 0.26242048 0.00065383664
vn -0.9782065 0.20762983 -0.0013580493
vn -0.9732004 0.20656726 -0.10104982
vn -0.8787493 0.3358033 -0.33916932
vn -0.87867945 0.33560544 -0.3395458
vn -0.9490147 0.29850808 -0.10131134
vn -0.92338413 0.35285997 -0.15116735
vn -0.75326586 0.2877046 -0.59145296
vn 0.3240891 0.88326645 -0.3388315
vn 0.32497185 0.8835896 -0.3371388
vn 0.27725777 0.75563323 -0.5934194
vn 0.34333482 0.933518 -0.10327324
vn 0.43190783 0.89596987 -0.10340931
vn 0.43423584 0.9007993 -0
vn 0.4763133 0.8792756 -0
vn 0.49775544 0.86731696 -0.00085347926
vn 0.20738941 0.56615263 -0.79778486
vn 0.20751792 0.56626636 -0.7976708
vn 0.12050995 0.32837817 -0.9368272
vn 0.120461665 0.3288485 -0.93666834
vn 0.037302 0.10164441 -0.9941212
vn 0.27679586 0.7553091 -0.59404725
vn 0.037251886 0.1015843 -0.99412924
vn 0.4100909 0.90637213 0.1015628
vn 0.41222242 0.91108316 0.00034352453
vn 0.3092797 0.94553506 0.10153628
vn 0.304644 0.94541657 0.11567026
vn 0.28854513 0.8954562 0.3389689
vn 0.28813678 0.8952968 0.3397363
vn 0.24679732 0.7668471 0.59248346
vn 0.2469062 0.76651424 0.5928687
vn 0.18498406 0.5742785 0.7974868
vn 0.18499212 0.57423884 0.7975134
vn 0.10721633 0.332813 0.93687785
vn 0.10726021 0.33253893 0.9369702
vn 0.03324621 0.10307327 0.994118
vn 0.033176713 0.102985196 0.9941295
vn -0.90026575 0.26462337 0.34568208
vn -0.77033526 0.22622578 0.59615904
vn -0.7705496 0.22649473 0.5957798
vn -0.5736756 0.16830629 0.8016043
vn -0.5739101 0.16854124 0.80138695
vn -0.33303487 0.09732612 0.93787813
vn -0.33363813 0.09788354 0.9376056
vn -0.10813766 0.014437218 0.9940311
vn -0.10835622 0.014551104 0.9940057
vn -0.104953274 0.030671546 0.994004
vn -0.56257373 0.21499781 -0.7983024
vn -0.56221735 0.21458334 -0.7986648
vn -0.75299674 0.28777146 -0.5917631
vn -0.32725462 0.12490435 -0.93664473
vn -0.10132747 0.038739093 -0.9940986
vn -0.10114612 0.038583893 -0.99412316
vn -0.3268086 0.12494409 -0.9367951
vn -0.8500183 0.39745632 0.3456838
vn -0.85013443 0.39788368 0.34490576
vn -0.90057963 0.4214933 0.106299885
vn -0.9009625 0.42110914 0.10456397
vn -0.9359555 0.33613014 0.1048992
vn -0.9411479 0.33799487 0
vn -0.95392287 0.30005193 0
vn -0.81656754 0.46853396 -0.3371843
vn -0.81636906 0.46745402 -0.33915836
vn -0.9226917 0.37184238 -0.10184938
vn -0.8778155 0.46805757 -0.10179395
vn -0.8550057 0.49058923 -0.16818857
vn -0.6995335 0.40055388 -0.59178483
vn -0.9275147 0.3737861 -0.00066996523
vn 0.18220519 0.9228678 -0.3392879
vn 0.18234664 0.92294663 -0.3389973
vn 0.15752903 0.7888449 -0.59406096
vn 0.15629946 0.79165554 -0.59063685
vn 0.1910875 0.96718854 -0.16742685
vn 0.21429417 0.96882176 -0.124347836
vn 0.25525272 0.9618222 -0.09871228
vn 0.3422682 0.93442154 -0.0985339
vn 0.34394166 0.93899035 -0.0011107441
vn 0.11717426 0.59018403 -0.7987195
vn 0.11807389 0.5912687 -0.79778427
vn 0.06819028 0.3434612 -0.93668807
vn 0.024727715 0.10511118 -0.994153
vn 0.022167316 0.11206248 -0.9934539
vn 0.06785284 0.3430166 -0.9368754
vn 0.31088632 0.9504468 0.00069902337
vn 0.24644077 0.9637654 0.10209469
vn 0.2565055 0.9665427 0
vn 0.24773528 0.96882784 0
vn 0.20376337 0.9179225 0.34043905
vn 0.208271 0.97272736 0.10210216
vn 0.20744608 0.972808 0.103008546
vn 0.17454411 0.78566086 0.5935246
vn 0.19410905 0.91744006 0.3473119
vn 0.13091198 0.5879239 0.79825276
vn 0.16641359 0.78392404 0.5981384
vn 0.074148685 0.34089342 0.9371732
vn 0.12231376 0.58516693 0.8016352
vn 0.022176437 0.10626315 0.9940907
vn 0.02274607 0.10551466 0.99415755
vn 0.07089381 0.33970287 0.9378572
vn -0.7276705 0.34024823 0.59558946
vn -0.54180187 0.25310278 0.80149215
vn -0.5424643 0.25400636 0.8007579
vn -0.72692657 0.3403799 0.5964221
vn -0.31498674 0.14714608 0.93762
vn -0.104667835 0.03068955 0.9940336
vn -0.09883769 0.04616494 0.9940321
vn -0.09905364 0.04638053 0.99400055
vn -0.31428987 0.14716198 0.9378514
vn -0.5225873 0.2992768 -0.79833317
vn -0.69944733 0.40056157 -0.5918816
vn -0.5220785 0.29926434 -0.7986707
vn -0.30348086 0.17396045 -0.93682283
vn -0.09410643 0.053988934 -0.99409723
vn -0.3031914 0.17394115 -0.93692017
vn -0.09410089 0.05398793 -0.99409777
vn -0.7801474 0.52201 0.34478328
vn -0.6669865 0.44629216 0.5966175
vn -0.78016317 0.52215016 0.3445353
vn -0.8226791 0.55060536 0.14153686
vn -0.86275375 0.49430048 0.106410235
vn -0.86768013 0.49712294 0
vn -0.86794055 0.49666813 -5.179306e-05
vn -0.8823991 0.47050154 -0.0003666441
vn -0.9059278 0.42342994 0.0013484361
vn -0.73431957 0.58919686 -0.33707827
vn -0.7343146 0.5890027 -0.337428
vn -0.83825123 0.5358751 -0.10086027
vn -0.7762949 0.6222901 -0.100604855
vn -0.77587736 0.62254155 -0.1022558
vn -0.62879425 0.5043635 -0.59180677
vn -0.8425477 0.5386217 -5.61679e-05
vn 0.03773035 0.9396825 -0.33996075
vn 0.038153477 0.9400133 -0.33899757
vn 0.03236959 0.80617166 -0.59079576
vn 0.039967634 0.9847098 -0.16955595
vn 0.07619696 0.99207586 -0.09989783
vn 0.15209989 0.9833208 -0.099729225
vn 0.02385876 0.60143006 -0.79856914
vn 0.023429377 0.60230386 -0.797923
vn 0.03130505 0.80476534 -0.59276694
vn 0.15286197 0.9882475 -0.00028728283
vn 0.17508712 0.984553 -0
vn 0.20936514 0.9778375 -0
vn 0.21597035 0.97639984 -0.00014716997
vn 0.014267235 0.34933934 -0.9368876
vn 0.013892129 0.35019192 -0.936575
vn 0.016806016 0.10702053 -0.9941148
vn 0.004429634 0.108461425 -0.99409074
vn 0.17538829 0.9791044 0.10292477
vn 0.1654435 0.9235876 0.345853
vn 0.1689276 0.9223862 0.34737173
vn 0.17417131 0.9794032 0.10214538
vn 0.1443615 0.78824925 0.598183
vn 0.14369638 0.7881997 0.59840834
vn 0.107280426 0.5884518 0.8013834
vn 0.108404614 0.58784115 0.80168027
vn 0.06293063 0.34125137 0.9378632
vn 0.01916879 0.106864996 0.9940887
vn 0.019218147 0.106828414 0.9940917
vn 0.06115623 0.3409427 0.9380927
vn -0.4965656 0.3330907 0.8015442
vn -0.49792138 0.333213 0.80065185
vn -0.28845924 0.1929565 0.93784815
vn -0.28896043 0.19383144 0.93751335
vn -0.6668989 0.4462941 0.59671396
vn -0.09042135 0.0606921 0.9940525
vn -0.09091328 0.06081383 0.9940002
vn -0.47006387 0.37789732 -0.79764247
vn -0.4694282 0.3763889 -0.7987293
vn -0.62724185 0.50425696 -0.59354234
vn -0.27270773 0.21865787 -0.93692005
vn -0.08488034 0.06817364 -0.99405617
vn -0.08470248 0.06788536 -0.994091
vn -0.27206054 0.21851183 -0.93714225
vn -0.6914417 0.6347909 0.3448897
vn -0.6917533 0.63475126 0.34433746
vn -0.59134156 0.5425708 0.5966005
vn -0.59142935 0.5429726 0.5961477
vn -0.72586864 0.6660554 0.1717117
vn -0.7562691 0.64566886 0.10568187
vn -0.81932014 0.56361574 0.105126895
vn -0.82388526 0.56675607 0.00090514164
vn -0.84159213 0.5401136 0
vn -0.63405544 0.6959223 -0.33714378
vn -0.6700968 0.73517364 -0.102419965
vn -0.6698923 0.73525596 -0.103165455
vn -0.6336773 0.6959361 -0.33782524
vn -0.5424403 0.5957351 -0.59233284
vn -0.5423287 0.59488845 -0.5932852
vn -0.7802524 0.62546253 -0.0016676692
vn -0.78055316 0.6250879 -0.0013563709
vn -0.7149678 0.69915736 0
vn -0.7061888 0.70802367 2.2730253e-05
vn -0.67363876 0.7390595 -0.001305113
vn -0.09257322 0.80004245 -0.5927583
vn -0.108096555 0.9341992 -0.33998066
vn -0.108350806 0.93436927 -0.33943242
vn -0.11433055 0.9859359 -0.12189679
vn -0.10767567 0.98925406 -0.09890622
vn -0.0028423069 0.99503505 -0.099484205
vn -0.0028564779 0.99999595 -0.0003104212
vn 0.02556911 0.99967307 -0
vn 0.07658003 0.9970634 -0
vn 0.097821265 0.9952037 0.0008287703
vn -0.040012665 0.3481469 -0.93658566
vn -0.06880473 0.5986643 -0.7980395
vn -0.06964566 0.59986585 -0.7970635
vn -0.09283084 0.7995624 -0.59336525
vn 0.09731271 0.9900298 0.10183791
vn 0.0043013906 0.10814361 -0.994126
vn -0.012537547 0.107544295 -0.9941212
vn -0.012539435 0.10754812 -0.9941208
vn -0.040447615 0.34691074 -0.93702555
vn 0.08488069 0.98699945 0.13648206
vn 0.08041992 0.93512934 0.34505898
vn 0.0795245 0.93449295 0.34698546
vn 0.0680507 0.79966414 0.59657884
vn 0.06837797 0.7991021 0.5972942
vn 0.05109094 0.5970765 0.80055577
vn 0.05116452 0.5969096 0.80067545
vn 0.02965834 0.34600827 0.9377627
vn 0.009278895 0.1088863 0.9940109
vn 0.00939484 0.108454555 0.99405706
vn 0.02945741 0.34567785 0.9378908
vn -0.44073096 0.40385145 0.80166095
vn -0.25658792 0.23511714 0.93748736
vn -0.44099274 0.40462202 0.80112815
vn -0.08027317 0.073629975 0.9940497
vn -0.08036697 0.073810235 0.99402875
vn -0.2557341 0.23487003 0.9377826
vn -0.40626404 0.445637 -0.79772
vn -0.40622017 0.4456217 -0.7977509
vn -0.23505841 0.257858 -0.9371536
vn -0.073318645 0.080538884 -0.9940512
vn -0.07329591 0.08048469 -0.9940573
vn -0.23456262 0.25766173 -0.9373318
vn -0.58786184 0.73179483 0.3448115
vn -0.50267035 0.6257449 0.59646106
vn -0.5878093 0.73206383 0.34432927
vn -0.62261194 0.7754074 0.105346315
vn -0.7022477 0.7040724 0.10549995
vn -0.37490097 0.46662468 0.8010685
vn -0.37503883 0.46739852 0.8005526
vn -0.5019208 0.6255274 0.5973198
vn -0.76052815 0.649305 0
vn -0.5185774 0.7853982 -0.33797508
vn -0.5880681 0.80219406 -0.10324939
vn -0.5436161 0.82331985 -0.1631746
vn -0.6272338 0.77883 0.0012565708
vn -0.591228 0.80650455 0
vn -0.51774806 0.78529805 -0.33947587
vn -0.44384113 0.6731992 -0.5914455
vn -0.44386062 0.6724214 -0.5923152
vn -0.3321847 0.50323933 -0.797749
vn -0.62240857 0.77573895 0.10409983
vn -0.6258068 0.7799744 0.0023902282
vn -0.25259036 0.90573853 -0.34034666
vn -0.25227258 0.90620863 -0.3393296
vn -0.21553457 0.7754031 -0.5935444
vn -0.21645503 0.7761645 -0.5922126
vn -0.2668079 0.9584222 -0.101195544
vn -0.2667125 0.95849067 -0.10079726
vn -0.1818472 0.97810775 -0.10117821
vn -0.18278517 0.9831528 0
vn -0.15743773 0.9875289 0
vn -0.10820619 0.9941281 -0.00085089053
vn -0.06801387 0.9976838 0.0010953416
vn -0.06766434 0.99255663 0.101256184
vn -0.0665778 0.99225426 0.10487567
vn 0.025427565 0.99413913 0.10507488
vn -0.1618891 0.5813663 -0.79737395
vn -0.16175853 0.58193946 -0.79698217
vn -0.093541496 0.3364904 -0.9370295
vn -0.093772724 0.33675092 -0.9369128
vn -0.029015139 0.10421848 -0.9941311
vn -0.029006213 0.104342066 -0.9941184
vn -0.062788025 0.93577266 0.34696862
vn -0.06284743 0.93571496 0.34711358
vn -0.053805415 0.80109143 0.5961186
vn -0.053604 0.80084217 0.59647167
vn -0.040017027 0.59785336 0.8006061
vn -0.040401034 0.5970234 0.8012058
vn -0.023435222 0.3463123 0.9378266
vn -0.023378724 0.34621564 0.93786365
vn -0.0073627895 0.109035574 0.9940106
vn -0.0073993807 0.10890852 0.9940242
vn -0.21753499 0.27075735 0.93774676
vn -0.068066604 0.0849153 0.9940606
vn -0.06827693 0.08504336 0.9940351
vn -0.21728389 0.27064124 0.93783844
vn -0.33171007 0.5029849 -0.7981069
vn -0.19209416 0.2912798 -0.9371531
vn -0.1920263 0.2907542 -0.93733025
vn -0.060002547 0.0908521 -0.9940551
vn -0.05990463 0.09077827 -0.9940678
vn -0.46949273 0.8128996 0.34463146
vn -0.46962377 0.8129232 0.3443971
vn -0.40108466 0.69445497 0.5973804
vn -0.4974368 0.8610677 0.105447344
vn -0.49779984 0.861002 0.10426443
vn -0.2998185 0.5188126 0.8005888
vn -0.17371947 0.30060807 0.9377934
vn -0.2998418 0.5198109 0.7999321
vn -0.40039694 0.69413507 0.59821314
vn -0.3897469 0.85608673 -0.3394304
vn -0.5257283 0.84465134 -0.100865275
vn -0.4312181 0.89655876 -0.10115964
vn -0.40935007 0.8991454 -0.15482225
vn -0.56328857 0.8262602 0
vn -0.52842325 0.84898114 -0.00013743504
vn -0.38928655 0.8559552 -0.3402889
vn -0.33384585 0.7340533 -0.5913651
vn -0.24948277 0.54936606 -0.797468
vn -0.24954577 0.54844517 -0.79808193
vn -0.333173 0.7336537 -0.59223986
vn -0.50052744 0.86571974 0.001278553
vn -0.36410415 0.9257877 -0.10171198
vn -0.36600226 0.93061393 0
vn -0.3379669 0.9411578 0.0006089941
vn -0.26807764 0.9633966 -0.0012116025
vn -0.23607953 0.9717337 0.00033275425
vn -0.23477253 0.9663539 0.10508072
vn -0.21551451 0.9645938 0.15202685
vn -0.15662572 0.9824357 0.10143247
vn -0.20461917 0.9158287 0.3455268
vn -0.20388836 0.9154441 0.34697497
vn -0.14480005 0.31823775 -0.93688715
vn -0.04472719 0.09850281 -0.9941311
vn -0.045122184 0.09891055 -0.99407285
vn -0.14482115 0.31745672 -0.9371489
vn -0.17455643 0.7837459 0.5960472
vn -0.13025549 0.5844603 0.80089927
vn -0.12981181 0.5839541 0.80134046
vn -0.17462982 0.7835693 0.596258
vn -0.07543075 0.33932266 0.93764085
vn -0.075097986 0.33891052 0.9378166
vn -0.023619471 0.106592566 0.99402225
vn -0.02359983 0.106561616 0.994026
vn -0.054491945 0.09415728 0.9940649
vn -0.054567643 0.09458433 0.9940202
vn -0.17324564 0.30029377 0.9379816
vn -0.34004402 0.8746494 0.34548292
vn -0.34047472 0.8747976 0.3446829
vn -0.29124117 0.7465344 0.59821814
vn -0.29085207 0.74811953 0.5964245
vn -0.35789087 0.91954565 0.16232643
vn -0.40451756 0.9083854 0.1058375
vn -0.40680236 0.91351616 0
vn -0.43344143 0.90118134 -0.0007249749
vn -0.21719396 0.5582204 0.80076015
vn -0.21805939 0.5589486 0.8000166
vn -0.12604159 0.32308587 0.93793875
vn -0.12597933 0.3237854 0.93770576
vn -0.33609188 0.9359362 0.10519306
vn -0.03970419 0.10177483 0.9940148
vn -0.03970165 0.101669624 0.99402565
f 64//80 65//80 66//80
f 64//81 66//81 67//81
f 64//82 67//82 68//82
f 64//83 68//83 69//83
f 64//84 69//84 70//84
f 64//85 70//85 71//85
f 64//86 71//86 72//86
f 64//87 72//87 73//87
f 64//88 73//88 74//88
f 64//89 74//89 75//89
f 64//90 75//90 76//90
f 64//91 76//91 65//91
f 65//92 77//92 78//92
f 65//93 78//93 66//93
f 65//94 76//94 77//94
f 66//95 78//95 67//95
f 67//96 78//96 79//96
f 67//97 79//97 80//97
f 67//98 80//98 81//98
f 67//99 81//99 68//99
f 68//100 81//100 82//100
f 68//101 82//101 69//101
f 69//102 82//102 83//102
f 69//103 83//103 84//103
f 69//104 84//104 70//104
f 70//105 85//105 71//105
f 70//106 84//106 86//106
f 70//107 86//107 87//107
f 70//108 87//108 85//108
f 71//109 85//109 88//109
f 71//110 88//110 89//110
f 71//111 89//111 72//111
f 72//112 89//112 73//112
f 73//113 89//113 90//113
f 73//114 90//114 91//114
f 73//115 91//115 92//115
f 73//116 92//116 93//116
f 73//117 93//117 74//117
f 74//118 93//118 94//118
f 74//119 94//119 95//119
f 74//120 95//120 96//120
f 74//121 96//121 97//121
f 74//122 97//122 98//122
f 74//123 98//123 99//123
f 74//124 99//124 75//124
f 75//125 99//125 100//125
f 75//126 100//126 101//126
f 75//127 101//127 102//127
f 75//128 102//128 103//128
f 75//129 103//129 104//129
f 75//130 104//130 76//130
f 76//131 104//131 105//131
f 76//132 105//132 106//132
f 76//133 106//133 107//133
f 76//134 107//134 77//134
f 77//135 108//135 109//135
f 77//136 109//136 78//136
f 77//137 107//137 108//137
f 78//138 109//138 110//138
f 78//139 110//139 111//139
f 78//140 111//140 112//140
f 78//141 112//141 79//141
f 79//142 112//142 113//142
f 79//143 113//143 80//143
f 80//144 114//144 115//144
f 80//145 115//145 81//145
f 80//146 113//146 116//146
f 80//147 116//147 114//147
f 81//148 115//148 117//148
f 81//149 117//149 118//149
f 81//150 118//150 119//150
f 81//151 119//151 83//151
f 81//152 83//152 82//152
f 83//153 118//153 120//153
f 83//154 120//154 84//154
f 83//155 119//155 118//155
f 84//156 120//156 121//156
f 84//157 121//157 122//157
f 84//158 122//158 123//158
f 84//159 123//159 86//159
f 85//160 124//160 88//160
f 85//161 87//161 125//161
f 85//162 125//162 124//162
f 86//163 123//163 87//163
f 87//164 123//164 126//164
f 87//165 126//165 127//165
f 87//166 127//166 125//166
f 88//167 124//167 128//167
f 88//168 128//168 89//168
f 89//169 128//169 90//169
f 90//170 129//170 91//170
f 90//171 128//171 129//171
f 91//172 129//172 130//172
f 91//173 130//173 92//173
f 92//174 130//174 131//174
f 92//175 131//175 132//175
f 92//176 132//176 93//176
f 93//177 132//177 94//177
f 94//178 133//178 134//178
f 94//179 134//179 135//179
f 94//180 135//180 95//180
f 94//181 132//181 133//181
f 95//182 135//182 96//182
f 96//183 135//183 136//183
f 96//184 136//184 97//184
f 97//185 136//185 137//185
f 97//186 137//186 98//186
f 98//187 137//187 99//187
f 99//188 137//188 138//188
f 99//189 138//189 100//189
f 100//190 138//190 139//190
f 100//191 139//191 140//191
f 100//192 140//192 101//192
f 101//193 140//193 141//193
f 101//194 141//194 102//194
f 102//195 141//195 142//195
f 102//196 142//196 103//196
f 103//197 142//197 143//197
f 103//198 143//198 144//198
f 103//199 144//199 145//199
f 103//200 145//200 104//200
f 104//201 145//201 105//201
f 105//202 146//202 147//202
f 105//203 147//203 148//203
f 105//204 148//204 149//204
f 105//205 149//205 150//205
f 105//206 150//206 106//206
f 105//207 145//207 146//207
f 106//208 150//208 151//208
f 106//209 151//209 152//209
f 106//210 152//210 153//210
f 106//211 153//211 154//211
f 106//212 154//212 107//212
f 107//213 154//213 108//213
f 108//214 155//214 156//214
f 108//215 156//215 109//215
f 108//216 154//216 155//216
f 109//217 156//217 157//217
f 109//218 157//218 110//218
f 110//219 157//219 158//219
f 110//220 158//220 159//220
f 110//220 159//220 160//220
f 110//219 160//219 161//219
f 110//219 161//219 162//219
f 110//219 162//219 163//219
f 110//220 163//220 164//220
f 110//219 164//219 165//219
f 110//219 165//219 166//219
f 110//219 166//219 167//219
f 110//219 167//219 168//219
f 110//219 168//219 169//219
f 110//219 169//219 170//219
f 110//220 170//220 171//220
f 110//220 171//220 172//220
f 110//219 172//219 173//219
f 110//219 173//219 174//219
f 110//219 174//219 175//219
f 110//219 175//219 176//219
f 110//219 176//219 177//219
f 110//219 177//219 178//219
f 110//220 178//220 179//220
f 110//219 179//219 180//219
f 110//219 180//219 181//219
f 110//220 181//220 182//220
f 110//219 182//219 183//219
f 110//220 183//220 184//220
f 110//219 184//219 185//219
f 110//219 185//219 186//219
f 110//219 186//219 187//219
f 110//219 187//219 188//219
f 110//219 188//219 189//219
f 110//219 189//219 190//219
f 110//219 190//219 127//219
f 110//219 127//219 126//219
f 110//220 126//220 123//220
f 110//219 123//219 122//219
f 110//219 122//219 121//219
f 110//219 121//219 191//219
f 110//219 191//219 192//219
f 110//219 192//219 193//219
f 110//219 193//219 194//219
f 110//220 194//220 195//220
f 110//219 195//219 196//219
f 110//219 196//219 197//219
f 110//221 197//221 111//221
f 111//222 197//222 112//222
f 112//223 198//223 199//223
f 112//224 199//224 113//224
f 112//225 197//225 196//225
f 112//226 196//226 195//226
f 112//227 195//227 198//227
f 113//228 199//228 198//228
f 113//229 198//229 116//229
f 114//230 200//230 201//230
f 114//231 201//231 115//231
f 114//232 116//232 200//232
f 115//233 201//233 202//233
f 115//234 202//234 117//234
f 116//235 198//235 203//235
f 116//236 203//236 204//236
f 116//237 204//237 200//237
f 117//238 202//238 205//238
f 117//239 205//239 118//239
f 118//240 205//240 191//240
f 118//241 191//241 121//241
f 118//242 121//242 120//242
f 124//243 206//243 128//243
f 124//244 125//244 206//244
f 125//245 127//245 207//245
f 125//246 207//246 206//246
f 127//247 190//247 207//247
f 128//248 206//248 208//248
f 128//249 208//249 129//249
f 129//250 209//250 210//250
f 129//251 210//251 130//251
f 129//252 208//252 211//252
f 129//253 211//253 209//253
f 130//254 210//254 212//254
f 130//255 212//255 131//255
f 131//256 212//256 213//256
f 131//257 213//257 132//257
f 132//258 213//258 133//258
f 133//259 214//259 134//259
f 133//260 213//260 215//260
f 133//261 215//261 214//261
f 134//262 214//262 216//262
f 134//263 216//263 217//263
f 134//264 217//264 218//264
f 134//265 218//265 135//265
f 135//266 218//266 219//266
f 135//267 219//267 136//267
f 136//268 219//268 220//268
f 136//269 220//269 221//269
f 136//270 221//270 138//270
f 136//271 138//271 137//271
f 138//272 221//272 222//272
f 138//273 222//273 223//273
f 138//274 223//274 139//274
f 139//275 223//275 224//275
f 139//276 224//276 225//276
f 139//277 225//277 226//277
f 139//278 226//278 140//278
f 140//279 227//279 141//279
f 140//280 226//280 227//280
f 141//281 227//281 228//281
f 141//282 228//282 143//282
f 141//283 143//283 142//283
f 143//284 228//284 229//284
f 143//285 229//285 144//285
f 144//286 230//286 145//286
f 144//287 229//287 231//287
f 144//288 231//288 230//288
f 145//289 230//289 231//289
f 145//290 231//290 232//290
f 145//291 232//291 146//291
f 146//292 232//292 233//292
f 146//293 233//293 147//293
f 147//294 233//294 234//294
f 147//294 234//294 235//294
f 147//294 235//294 236//294
f 147//294 236//294 237//294
f 147//294 237//294 238//294
f 147//294 238//294 239//294
f 147//295 239//295 240//295
f 147//294 240//294 226//294
f 147//295 226//295 225//295
f 147//294 225//294 224//294
f 147//294 224//294 241//294
f 147//294 241//294 242//294
f 147//294 242//294 243//294
f 147//294 243//294 244//294
f 147//294 244//294 245//294
f 147//294 245//294 246//294
f 147//294 246//294 247//294
f 147//294 247//294 248//294
f 147//294 248//294 249//294
f 147//294 249//294 250//294
f 147//295 250//295 251//295
f 147//294 251//294 252//294
f 147//294 252//294 253//294
f 147//294 253//294 254//294
f 147//294 254//294 255//294
f 147//294 255//294 256//294
f 147//294 256//294 257//294
f 147//295 257//295 258//295
f 147//294 258//294 259//294
f 147//294 259//294 260//294
f 147//294 260//294 261//294
f 147//294 261//294 262//294
f 147//294 262//294 263//294
f 147//294 263//294 264//294
f 147//294 264//294 265//294
f 147//294 265//294 266//294
f 147//294 266//294 267//294
f 147//294 267//294 268//294
f 147//294 268//294 269//294
f 147//295 269//295 270//295
f 147//294 270//294 271//294
f 147//294 271//294 272//294
f 147//294 272//294 273//294
f 147//294 273//294 274//294
f 147//295 274//295 152//295
f 147//294 152//294 151//294
f 147//294 151//294 150//294
f 147//294 150//294 149//294
f 147//294 149//294 148//294
f 152//296 274//296 153//296
f 153//297 274//297 273//297
f 153//298 273//298 275//298
f 153//299 275//299 276//299
f 153//300 276//300 154//300
f 154//301 276//301 155//301
f 155//302 277//302 278//302
f 155//303 278//303 279//303
f 155//304 279//304 156//304
f 155//305 276//305 277//305
f 156//306 279//306 160//306
f 156//307 160//307 159//307
f 156//308 159//308 158//308
f 156//309 158//309 157//309
f 198//310 195//310 194//310
f 198//311 194//311 203//311
f 200//312 204//312 201//312
f 201//313 204//313 202//313
f 202//314 204//314 280//314
f 202//315 280//315 205//315
f 203//316 280//316 204//316
f 203//317 194//317 193//317
f 203//318 193//318 280//318
f 205//319 280//319 192//319
f 205//320 192//320 191//320
f 206//321 281//321 211//321
f 206//322 211//322 208//322
f 206//323 207//323 282//323
f 206//324 282//324 281//324
f 207//325 190//325 282//325
f 190//326 189//326 282//326
f 209//327 283//327 284//327
f 209//328 284//328 210//328
f 209//329 211//329 283//329
f 210//330 284//330 285//330
f 210//331 285//331 212//331
f 211//332 281//332 286//332
f 211//333 286//333 287//333
f 211//334 287//334 283//334
f 212//335 285//335 215//335
f 212//336 215//336 213//336
f 214//337 288//337 289//337
f 214//338 289//338 216//338
f 214//339 215//339 290//339
f 214//340 290//340 291//340
f 214//341 291//341 288//341
f 215//342 285//342 290//342
f 216//343 289//343 217//343
f 217//344 292//344 293//344
f 217//345 293//345 294//345
f 217//346 294//346 295//346
f 217//347 295//347 218//347
f 217//348 289//348 292//348
f 218//349 295//349 219//349
f 219//350 295//350 220//350
f 220//351 295//351 296//351
f 220//352 296//352 222//352
f 220//353 222//353 221//353
f 222//354 296//354 241//354
f 222//355 241//355 224//355
f 222//356 224//356 223//356
f 226//357 240//357 227//357
f 227//358 240//358 239//358
f 227//359 239//359 228//359
f 228//360 297//360 229//360
f 228//361 239//361 238//361
f 228//362 238//362 297//362
f 229//363 297//363 231//363
f 231//364 297//364 232//364
f 232//365 297//365 234//365
f 232//366 234//366 233//366
f 273//367 272//367 298//367
f 273//368 298//368 275//368
f 275//369 298//369 299//369
f 275//370 299//370 276//370
f 276//371 299//371 300//371
f 276//372 300//372 277//372
f 277//373 301//373 302//373
f 277//374 302//374 303//374
f 277//375 303//375 304//375
f 277//376 304//376 305//376
f 277//377 305//377 278//377
f 277//378 300//378 306//378
f 277//379 306//379 301//379
f 278//380 305//380 307//380
f 278//381 307//381 308//381
f 278//382 308//382 279//382
f 279//383 308//383 160//383
f 160//384 308//384 161//384
f 280//385 193//385 192//385
f 281//386 282//386 286//386
f 282//387 189//387 188//387
f 282//388 188//388 309//388
f 282//389 309//389 286//389
f 283//390 310//390 284//390
f 283//391 287//391 310//391
f 284//392 310//392 311//392
f 284//393 311//393 312//393
f 284//394 312//394 313//394
f 284//395 313//395 285//395
f 285//396 313//396 290//396
f 286//397 314//397 315//397
f 286//398 315//398 287//398
f 286//399 309//399 316//399
f 286//400 316//400 314//400
f 287//401 315//401 310//401
f 288//402 317//402 289//402
f 288//403 291//403 318//403
f 288//404 318//404 317//404
f 289//405 317//405 319//405
f 289//406 319//406 320//406
f 289//407 320//407 292//407
f 290//408 313//408 291//408
f 291//409 313//409 312//409
f 291//410 312//410 318//410
f 292//411 320//411 321//411
f 292//412 321//412 293//412
f 293//413 321//413 322//413
f 293//414 322//414 323//414
f 293//415 323//415 294//415
f 294//416 323//416 295//416
f 295//417 323//417 324//417
f 295//418 324//418 296//418
f 296//419 324//419 243//419
f 296//420 243//420 242//420
f 296//421 242//421 241//421
f 297//422 238//422 237//422
f 297//423 237//423 236//423
f 297//424 236//424 235//424
f 297//425 235//425 234//425
f 272//426 271//426 298//426
f 298//427 325//427 326//427
f 298//428 326//428 327//428
f 298//429 327//429 299//429
f 298//430 271//430 270//430
f 298//431 270//431 269//431
f 298//432 269//432 325//432
f 299//433 327//433 300//433
f 300//434 327//434 328//434
f 300//435 328//435 329//435
f 300//436 329//436 330//436
f 300//437 330//437 331//437
f 300//438 331//438 332//438
f 300//439 332//439 306//439
f 301//440 333//440 302//440
f 301//441 306//441 334//441
f 301//442 334//442 333//442
f 302//443 333//443 303//443
f 303//444 333//444 304//444
f 304//445 335//445 336//445
f 304//446 336//446 307//446
f 304//447 307//447 305//447
f 304//448 333//448 335//448
f 306//449 337//449 338//449
f 306//450 338//450 339//450
f 306//451 339//451 340//451
f 306//452 340//452 341//452
f 306//453 341//453 334//453
f 306//454 332//454 342//454
f 306//455 342//455 337//455
f 307//456 336//456 308//456
f 308//457 336//457 335//457
f 308//458 335//458 165//458
f 308//459 165//459 164//459
f 308//460 164//460 163//460
f 308//461 163//461 162//461
f 308//462 162//462 161//462
f 188//463 187//463 309//463
f 309//464 187//464 316//464
f 310//465 343//465 344//465
f 310//466 344//466 311//466
f 310//467 315//467 345//467
f 310//468 345//468 343//468
f 311//469 344//469 346//469
f 311//470 346//470 347//470
f 311//471 347//471 312//471
f 312//472 347//472 318//472
f 314//473 348//473 345//473
f 314//474 345//474 315//474
f 314//475 316//475 349//475
f 314//476 349//476 348//476
f 316//477 187//477 349//477
f 317//478 350//478 351//478
f 317//479 351//479 319//479
f 317//480 318//480 352//480
f 317//481 352//481 353//481
f 317//482 353//482 350//482
f 318//483 347//483 352//483
f 319//484 351//484 320//484
f 320//485 354//485 321//485
f 320//486 351//486 354//486
f 321//487 354//487 355//487
f 321//488 355//488 356//488
f 321//489 356//489 357//489
f 321//490 357//490 322//490
f 322//491 357//491 246//491
f 322//492 246//492 245//492
f 322//493 245//493 244//493
f 322//494 244//494 323//494
f 323//495 244//495 243//495
f 323//496 243//496 324//496
f 325//497 358//497 328//497
f 325//498 328//498 326//498
f 325//499 269//499 268//499
f 325//500 268//500 358//500
f 326//501 328//501 327//501
f 328//502 358//502 359//502
f 328//503 359//503 330//503
f 328//504 330//504 329//504
f 330//505 359//505 360//505
f 330//506 360//506 331//506
f 331//507 360//507 332//507
f 332//508 361//508 362//508
f 332//509 362//509 363//509
f 332//510 363//510 342//510
f 332//511 360//511 364//511
f 332//512 364//512 365//512
f 332//513 365//513 366//513
f 332//514 366//514 361//514
f 333//515 367//515 368//515
f 333//516 368//516 335//516
f 333//517 334//517 340//517
f 333//518 340//518 339//518
f 333//519 339//519 367//519
f 334//520 341//520 340//520
f 335//521 368//521 165//521
f 337//522 342//522 369//522
f 337//523 369//523 370//523
f 337//524 370//524 338//524
f 338//525 370//525 371//525
f 338//526 371//526 372//526
f 338//527 372//527 339//527
f 339//528 372//528 367//528
f 342//529 363//529 373//529
f 342//530 373//530 374//530
f 342//531 374//531 375//531
f 342//532 375//532 376//532
f 342//533 376//533 369//533
f 165//534 368//534 166//534
f 187//535 186//535 349//535
f 343//536 377//536 344//536
f 343//537 345//537 377//537
f 344//538 377//538 378//538
f 344//539 378//539 379//539
f 344//540 379//540 346//540
f 345//541 348//541 380//541
f 345//542 380//542 381//542
f 345//543 381//543 377//543
f 346//544 379//544 353//544
f 346//545 353//545 352//545
f 346//546 352//546 347//546
f 348//547 349//547 380//547
f 349//548 186//548 185//548
f 349//549 185//549 382//549
f 349//550 382//550 380//550
f 350//551 383//551 351//551
f 350//552 353//552 384//552
f 350//553 384//553 383//553
f 351//554 383//554 385//554
f 351//555 385//555 386//555
f 351//556 386//556 354//556
f 353//557 379//557 384//557
f 354//558 386//558 355//558
f 355//559 386//559 387//559
f 355//560 387//560 388//560
f 355//561 388//561 356//561
f 356//562 388//562 247//562
f 356//563 247//563 357//563
f 357//564 247//564 246//564
f 358//565 389//565 359//565
f 358//566 268//566 389//566
f 268//567 267//567 389//567
f 359//568 389//568 390//568
f 359//569 390//569 366//569
f 359//570 366//570 365//570
f 359//571 365//571 360//571
f 360//572 365//572 364//572
f 361//573 366//573 362//573
f 362//574 391//574 363//574
f 362//575 366//575 392//575
f 362//576 392//576 393//576
f 362//577 393//577 391//577
f 363//578 394//578 373//578
f 363//579 391//579 395//579
f 363//580 395//580 394//580
f 366//581 390//581 396//581
f 366//582 396//582 392//582
f 367//583 372//583 368//583
f 368//584 397//584 167//584
f 368//585 167//585 166//585
f 368//586 372//586 397//586
f 369//587 376//587 398//587
f 369//588 398//588 399//588
f 369//589 399//589 370//589
f 370//590 399//590 371//590
f 371//591 399//591 400//591
f 371//592 400//592 401//592
f 371//593 401//593 402//593
f 371//594 402//594 397//594
f 371//595 397//595 372//595
f 373//596 394//596 395//596
f 373//597 395//597 403//597
f 373//598 403//598 404//598
f 373//599 404//599 405//599
f 373//600 405//600 374//600
f 374//601 405//601 375//601
f 375//602 405//602 406//602
f 375//603 406//603 407//603
f 375//604 407//604 398//604
f 375//605 398//605 376//605
f 377//606 408//606 409//606
f 377//607 409//607 378//607
f 377//608 381//608 408//608
f 378//609 409//609 410//609
f 378//610 410//610 411//610
f 378//611 411//611 379//611
f 379//612 411//612 384//612
f 380//613 412//613 413//613
f 380//614 413//614 381//614
f 380//615 382//615 414//615
f 380//616 414//616 412//616
f 381//617 413//617 408//617
f 185//618 184//618 414//618
f 185//619 414//619 382//619
f 383//620 415//620 385//620
f 383//621 384//621 416//621
f 383//622 416//622 417//622
f 383//623 417//623 415//623
f 384//624 411//624 416//624
f 385//625 415//625 418//625
f 385//626 418//626 386//626
f 386//627 419//627 420//627
f 386//628 420//628 387//628
f 386//629 418//629 419//629
f 387//630 420//630 388//630
f 388//631 421//631 249//631
f 388//632 249//632 248//632
f 388//633 248//633 247//633
f 388//634 420//634 421//634
f 389//635 267//635 266//635
f 389//636 266//636 422//636
f 389//637 422//637 396//637
f 389//638 396//638 390//638
f 391//639 423//639 395//639
f 391//640 393//640 423//640
f 392//641 396//641 393//641
f 393//642 396//642 424//642
f 393//643 424//643 425//643
f 393//644 425//644 426//644
f 393//645 426//645 423//645
f 395//646 423//646 403//646
f 396//647 422//647 427//647
f 396//648 427//648 424//648
f 397//649 402//649 167//649
f 167//650 402//650 168//650
f 398//651 407//651 428//651
f 398//652 428//652 399//652
f 399//653 428//653 400//653
f 400//654 428//654 429//654
f 400//655 429//655 401//655
f 401//656 430//656 170//656
f 401//657 170//657 169//657
f 401//658 169//658 168//658
f 401//659 168//659 402//659
f 401//660 429//660 430//660
f 403//661 423//661 431//661
f 403//662 431//662 404//662
f 404//663 431//663 432//663
f 404//664 432//664 433//664
f 404//665 433//665 405//665
f 405//666 433//666 406//666
f 406//667 434//667 407//667
f 406//668 433//668 434//668
f 407//669 434//669 435//669
f 407//670 435//670 428//670
f 408//671 436//671 409//671
f 408//672 413//672 436//672
f 409//673 436//673 437//673
f 409//674 437//674 438//674
f 409//675 438//675 439//675
f 409//676 439//676 410//676
f 410//677 439//677 417//677
f 410//678 417//678 416//678
f 410//679 416//679 411//679
f 412//680 440//680 413//680
f 412//681 414//681 441//681
f 412//682 441//682 440//682
f 413//683 440//683 442//683
f 413//684 442//684 436//684
f 414//685 184//685 441//685
f 184//686 183//686 441//686
f 415//687 417//687 443//687
f 415//688 443//688 444//688
f 415//689 444//689 445//689
f 415//690 445//690 446//690
f 415//691 446//691 418//691
f 417//692 439//692 443//692
f 418//693 446//693 447//693
f 418//694 447//694 419//694
f 419//695 447//695 448//695
f 419//696 448//696 420//696
f 420//697 448//697 421//697
f 421//698 449//698 249//698
f 421//699 448//699 449//699
f 249//700 449//700 250//700
f 266//701 265//701 427//701
f 266//702 427//702 422//702
f 423//703 450//703 431//703
f 423//704 426//704 451//704
f 423//705 451//705 450//705
f 424//706 427//706 425//706
f 425//707 452//707 451//707
f 425//708 451//708 426//708
f 425//709 427//709 453//709
f 425//710 453//710 454//710
f 425//711 454//711 452//711
f 427//712 265//712 264//712
f 427//713 264//713 453//713
f 428//714 455//714 429//714
f 428//715 435//715 455//715
f 429//716 455//716 456//716
f 429//717 456//717 457//717
f 429//718 457//718 430//718
f 430//719 457//719 170//719
f 170//720 457//720 171//720
f 431//721 450//721 458//721
f 431//722 458//722 459//722
f 431//723 459//723 432//723
f 432//724 459//724 460//724
f 432//725 460//725 433//725
f 433//726 460//726 434//726
f 434//727 461//727 462//727
f 434//728 462//728 435//728
f 434//729 460//729 463//729
f 434//730 463//730 461//730
f 435//731 462//731 455//731
f 436//732 464//732 465//732
f 436//733 465//733 437//733
f 436//734 442//734 464//734
f 437//735 465//735 466//735
f 437//736 466//736 438//736
f 438//737 466//737 444//737
f 438//738 444//738 443//738
f 438//739 443//739 439//739
f 440//740 467//740 468//740
f 440//741 468//741 442//741
f 440//742 441//742 469//742
f 440//743 469//743 467//743
f 441//744 183//744 469//744
f 442//745 468//745 464//745
f 183//746 182//746 469//746
f 444//747 470//747 445//747
f 444//748 466//748 470//748
f 445//749 470//749 471//749
f 445//750 471//750 472//750
f 445//751 472//751 446//751
f 446//752 472//752 473//752
f 446//753 473//753 474//753
f 446//754 474//754 447//754
f 447//755 474//755 475//755
f 447//756 475//756 448//756
f 448//757 475//757 476//757
f 448//758 476//758 449//758
f 449//759 476//759 250//759
f 250//760 476//760 251//760
f 450//761 477//761 458//761
f 450//762 451//762 478//762
f 450//763 478//763 477//763
f 451//764 452//764 479//764
f 451//765 479//765 478//765
f 452//766 454//766 480//766
f 452//767 480//767 479//767
f 453//768 264//768 263//768
f 453//769 263//769 454//769
f 454//770 263//770 480//770
f 455//771 481//771 482//771
f 455//772 482//772 456//772
f 455//773 462//773 481//773
f 456//774 482//774 457//774
f 457//775 483//775 172//775
f 457//776 172//776 171//776
f 457//777 482//777 483//777
f 458//778 477//778 484//778
f 458//779 484//779 485//779
f 458//780 485//780 486//780
f 458//781 486//781 487//781
f 458//782 487//782 459//782
f 459//783 487//783 463//783
f 459//784 463//784 460//784
f 461//785 488//785 489//785
f 461//786 489//786 462//786
f 461//787 463//787 490//787
f 461//788 490//788 491//788
f 461//789 491//789 488//789
f 462//790 489//790 481//790
f 463//791 487//791 490//791
f 464//792 492//792 493//792
f 464//793 493//793 465//793
f 464//794 468//794 494//794
f 464//795 494//795 492//795
f 465//796 493//796 495//796
f 465//797 495//797 496//797
f 465//798 496//798 497//798
f 465//799 497//799 466//799
f 466//800 497//800 470//800
f 467//801 498//801 494//801
f 467//802 494//802 468//802
f 467//803 469//803 498//803
f 469//804 182//804 181//804
f 469//805 181//805 499//805
f 469//806 499//806 498//806
f 470//807 497//807 471//807
f 471//808 500//808 472//808
f 471//809 497//809 496//809
f 471//810 496//810 500//810
f 472//811 501//811 473//811
f 472//812 500//812 502//812
f 472//813 502//813 501//813
f 473//814 503//814 474//814
f 473//815 501//815 503//815
f 474//816 504//816 475//816
f 474//817 503//817 504//817
f 475//818 505//818 476//818
f 475//819 504//819 505//819
f 476//820 506//820 252//820
f 476//821 252//821 251//821
f 476//822 505//822 506//822
f 477//823 478//823 484//823
f 478//824 479//824 507//824
f 478//825 507//825 508//825
f 478//826 508//826 484//826
f 479//827 480//827 507//827
f 480//828 263//828 262//828
f 480//829 262//829 261//829
f 480//830 261//830 509//830
f 480//831 509//831 507//831
f 481//832 510//832 482//832
f 481//833 489//833 510//833
f 482//834 510//834 511//834
f 482//835 511//835 483//835
f 483//836 512//836 172//836
f 483//837 511//837 512//837
f 172//838 512//838 173//838
f 484//839 513//839 485//839
f 484//840 508//840 513//840
f 485//841 513//841 514//841
f 485//842 514//842 515//842
f 485//843 515//843 486//843
f 486//844 515//844 516//844
f 486//845 516//845 491//845
f 486//846 491//846 490//846
f 486//847 490//847 487//847
f 488//848 517//848 518//848
f 488//849 518//849 489//849
f 488//850 491//850 519//850
f 488//851 519//851 520//851
f 488//852 520//852 517//852
f 489//853 518//853 510//853
f 491//854 516//854 519//854
f 492//855 521//855 522//855
f 492//856 522//856 493//856
f 492//857 494//857 521//857
f 493//858 522//858 523//858
f 493//859 523//859 524//859
f 493//860 524//860 495//860
f 494//861 498//861 525//861
f 494//862 525//862 526//862
f 494//863 526//863 521//863
f 495//864 524//864 527//864
f 495//865 527//865 502//865
f 495//866 502//866 500//866
f 495//867 500//867 496//867
f 498//868 499//868 528//868
f 498//869 528//869 525//869
f 181//870 180//870 499//870
f 499//871 180//871 528//871
f 501//872 502//872 529//872
f 501//873 529//873 530//873
f 501//874 530//874 503//874
f 502//875 527//875 529//875
f 503//876 530//876 504//876
f 504//877 530//877 531//877
f 504//878 531//878 532//878
f 504//879 532//879 505//879
f 505//880 532//880 506//880
f 506//881 533//881 253//881
f 506//882 253//882 252//882
f 506//883 532//883 533//883
f 507//884 534//884 535//884
f 507//885 535//885 508//885
f 507//886 509//886 536//886
f 507//887 536//887 534//887
f 508//888 535//888 513//888
f 261//889 260//889 536//889
f 261//890 536//890 509//890
f 510//891 537//891 538//891
f 510//892 538//892 511//892
f 510//893 518//893 537//893
f 511//894 538//894 512//894
f 512//895 539//895 174//895
f 512//896 174//896 173//896
f 512//897 538//897 539//897
f 513//898 540//898 541//898
f 513//899 541//899 514//899
f 513//900 535//900 542//900
f 513//901 542//901 540//901
f 514//902 541//902 543//902
f 514//903 543//903 544//903
f 514//904 544//904 515//904
f 515//905 544//905 519//905
f 515//906 519//906 516//906
f 517//907 545//907 518//907
f 517//908 520//908 546//908
f 517//909 546//909 545//909
f 518//910 545//910 547//910
f 518//911 547//911 548//911
f 518//912 548//912 537//912
f 519//913 549//913 520//913
f 519//914 544//914 549//914
f 520//915 549//915 543//915
f 520//916 543//916 550//916
f 520//917 550//917 546//917
f 521//918 526//918 551//918
f 521//919 551//919 522//919
f 522//920 551//920 552//920
f 522//921 552//921 553//921
f 522//922 553//922 554//922
f 522//923 554//923 523//923
f 523//924 554//924 555//924
f 523//925 555//925 556//925
f 523//926 556//926 524//926
f 524//927 556//927 527//927
f 525//928 528//928 557//928
f 525//929 557//929 526//929
f 526//930 557//930 558//930
f 526//931 558//931 551//931
f 527//932 556//932 529//932
f 528//933 180//933 179//933
f 528//934 179//934 178//934
f 528//935 178//935 559//935
f 528//936 559//936 557//936
f 529//937 556//937 560//937
f 529//938 560//938 530//938
f 530//939 560//939 561//939
f 530//940 561//940 562//940
f 530//941 562//941 531//941
f 531//942 562//942 563//942
f 531//943 563//943 532//943
f 532//944 563//944 533//944
f 533//945 564//945 254//945
f 533//946 254//946 253//946
f 533//947 563//947 564//947
f 534//948 565//948 535//948
f 534//949 536//949 565//949
f 535//950 565//950 542//950
f 536//951 260//951 259//951
f 536//952 259//952 566//952
f 536//953 566//953 565//953
f 537//954 548//954 538//954
f 538//955 548//955 567//955
f 538//956 567//956 539//956
f 539//957 568//957 175//957
f 539//958 175//958 174//958
f 539//959 567//959 568//959
f 540//960 569//960 541//960
f 540//961 542//961 569//961
f 541//962 569//962 570//962
f 541//963 570//963 550//963
f 541//964 550//964 543//964
f 542//965 565//965 571//965
f 542//966 571//966 572//966
f 542//967 572//967 569//967
f 543//968 549//968 544//968
f 545//969 573//969 547//969
f 545//970 546//970 574//970
f 545//971 574//971 573//971
f 546//972 550//972 575//972
f 546//973 575//973 574//973
f 547//974 573//974 576//974
f 547//975 576//975 577//975
f 547//976 577//976 548//976
f 548//977 577//977 567//977
f 550//978 570//978 578//978
f 550//979 578//979 575//979
f 551//980 579//980 580//980
f 551//981 580//981 552//981
f 551//982 558//982 581//982
f 551//983 581//983 579//983
f 552//984 580//984 582//984
f 552//985 582//985 583//985
f 552//986 583//986 553//986
f 553//987 583//987 584//987
f 553//988 584//988 585//988
f 553//989 585//989 554//989
f 554//990 585//990 555//990
f 555//991 585//991 586//991
f 555//992 586//992 560//992
f 555//993 560//993 556//993
f 557//994 587//994 581//994
f 557//995 581//995 558//995
f 557//996 559//996 588//996
f 557//997 588//997 587//997
f 178//998 177//998 588//998
f 178//999 588//999 559//999
f 560//1000 586//1000 561//1000
f 561//1001 586//1001 589//1001
f 561//1002 589//1002 590//1002
f 561//1003 590//1003 562//1003
f 562//1004 590//1004 563//1004
f 563//1005 590//1005 591//1005
f 563//1006 591//1006 592//1006
f 563//1007 592//1007 564//1007
f 564//1008 592//1008 254//1008
f 254//1009 592//1009 255//1009
f 565//1010 566//1010 571//1010
f 259//1011 258//1011 593//1011
f 259//1012 593//1012 566//1012
f 566//1013 593//1013 571//1013
f 567//1014 577//1014 594//1014
f 567//1015 594//1015 595//1015
f 567//1016 595//1016 568//1016
f 568//1017 595//1017 175//1017
f 175//1018 595//1018 176//1018
f 569//1019 596//1019 597//1019
f 569//1020 597//1020 570//1020
f 569//1021 572//1021 596//1021
f 570//1022 597//1022 598//1022
f 570//1023 598//1023 578//1023
f 571//1024 599//1024 572//1024
f 571//1025 593//1025 599//1025
f 572//1026 599//1026 600//1026
f 572//1027 600//1027 596//1027
f 573//1028 580//1028 576//1028
f 573//1029 574//1029 601//1029
f 573//1030 601//1030 602//1030
f 573//1031 602//1031 580//1031
f 574//1032 575//1032 578//1032
f 574//1033 578//1033 601//1033
f 576//1034 580//1034 579//1034
f 576//1035 579//1035 577//1035
f 577//1036 581//1036 587//1036
f 577//1037 587//1037 594//1037
f 577//1038 579//1038 581//1038
f 578//1039 598//1039 601//1039
f 580//1040 602//1040 582//1040
f 582//1041 602//1041 603//1041
f 582//1042 603//1042 604//1042
f 582//1043 604//1043 583//1043
f 583//1044 604//1044 584//1044
f 584//1045 604//1045 605//1045
f 584//1046 605//1046 586//1046
f 584//1047 586//1047 585//1047
f 586//1048 605//1048 606//1048
f 586//1049 606//1049 589//1049
f 587//1050 588//1050 594//1050
f 588//1051 177//1051 176//1051
f 588//1052 176//1052 595//1052
f 588//1053 595//1053 594//1053
f 589//1054 606//1054 590//1054
f 590//1055 607//1055 608//1055
f 590//1056 608//1056 591//1056
f 590//1057 606//1057 607//1057
f 591//1058 608//1058 609//1058
f 591//1059 609//1059 592//1059
f 592//1060 609//1060 256//1060
f 592//1061 256//1061 255//1061
f 258//1062 257//1062 593//1062
f 593//1063 257//1063 610//1063
f 593//1064 610//1064 599//1064
f 596//1065 606//1065 605//1065
f 596//1066 605//1066 597//1066
f 596//1067 600//1067 607//1067
f 596//1068 607//1068 606//1068
f 597//1069 605//1069 603//1069
f 597//1070 603//1070 598//1070
f 598//1071 603//1071 602//1071
f 598//1072 602//1072 601//1072
f 599//1073 608//1073 607//1073
f 599//1074 607//1074 600//1074
f 599//1075 610//1075 609//1075
f 599//1076 609//1076 608//1076
f 603//1077 605//1077 604//1077
f 609//1078 610//1078 256//1078
f 256//1079 610//1079 257//1079
o geometry3
v -0.006703077 0.0161487 0.009115624
v -0.0066553587 0.016139353 0.0069130277
v -0.0009697776 0.012833801 0.00038847513
v -0.0012401829 0.013095504 0.011220576
v -0.0066447547 0.016136236 0.01058669
v -0.0015689109 0.04286416 0.00945978
v -0.0015848172 0.04287662 0.008657817
v -0.004103298 0.029729187 0.008694634
v -0.005404071 0.022937385 0.008693033
v -0.0065970356 0.016130006 0.0060886545
v -0.0015706783 0.04286416 0.007894272
v -0.001533564 0.042833004 0.00718355
v 0.0003203915 0.012584561 0.00039007608
v -0.00032646046 0.012709181 0.00039007608
v -0.0064291367 0.016095735 0.0051730406
v -0.006082735 0.01603031 0.0042606276
v -0.0055578314 0.015930614 0.003369024
v -0.00487033 0.015796646 0.0025654603
v -0.004059114 0.015640872 0.00190116
v -0.0012401829 0.013095504 0.00051813386
v -0.0032443632 0.015485097 0.0014369497
v -0.0028838231 0.015400978 0.0012816796
v 0.0012623916 0.043194402 0.0017074719
v 0.002216763 0.043001242 0.0013809246
v 0.0024624255 0.043107167 0.0013521113
v 0.0069833193 0.042172518 0.0013521113
v 0.00082408753 0.012491096 0.00039167702
v 0.0012482527 0.012413208 0.00040128082
v 0.0014903804 0.012369591 0.0004092846
v 0.0019604967 0.012285472 0.00043009408
v 0.0049508614 0.0121359285 0.015717011
v -0.0007895075 0.013285549 0.016741475
v -0.0012172074 0.013394592 0.01672867
v -0.006584664 0.01612689 0.011361441
v -0.0015229597 0.042823657 0.010287355
v 0.00032922812 0.04361188 0.014382007
v 0.00024969713 0.043406256 0.0032105525
v -0.0052556135 0.022909347 0.005936586
v -0.0014805433 0.04278627 0.006562469
v -0.0014451961 0.042755116 0.0062519284
v -0.001349759 0.042674113 0.0057589053
v -0.0012914364 0.042624265 0.0055396063
v -0.0012083706 0.04254949 0.005267483
v -0.0010599128 0.04242176 0.004872104
v -0.0009574061 0.042368792 0.0046496033
v -0.00089908345 0.04235945 0.0045391535
v 0.0008134834 0.04341872 0.0019875988
v 0.00786523 0.042153824 0.0015169862
v 0.0071901 0.04214759 0.0013633166
v 0.0050427634 0.011786992 0.0012032441
v 0.00432345 0.012441248 0.015973128
v 0.0040106284 0.012534712 0.016093181
v 0.0036624596 0.012612601 0.016216438
v 0.003280711 0.012678026 0.016338091
v 0.0028671497 0.012734105 0.016450144
v 0.002584373 0.012768376 0.016515773
v 0.002116024 0.012818224 0.016607014
v 0.0016635811 0.012868072 0.016674245
v 0.0012323465 0.012921035 0.016715864
v 0.00076576485 0.012989577 0.016738273
v 0.00023909309 0.013089273 0.016739875
v 0.0051753153 0.012101658 0.015393665
v 0.010012565 0.036134668 0.013519216
v 0.009994892 0.036137782 0.013543228
v 0.010267065 0.037938543 0.013519216
v 0.010530401 0.0403406 0.013600854
v 0.010132746 0.040415373 0.014074668
v 0.009689139 0.040502604 0.014505263
v 0.009052891 0.042300254 0.015156758
v 0.008123264 0.042325176 0.015838666
v 0.007964201 0.042480953 0.015953919
v 0.0072572595 0.04241241 0.016038757
v 0.0059971353 0.042512108 0.016038757
v 0.0038621705 0.042646073 0.016038757
v 0.0032648046 0.042244174 0.016038757
v -0.0024737967 0.01526078 0.016259657
v -0.006072131 0.016027194 0.0131542515
v -0.0064309044 0.016095735 0.012205022
v 0.003017375 0.04203855 0.015995538
v -0.0014522655 0.04276135 0.011055702
v 0.00047945336 0.043331485 0.014548482
v 0.0010980276 0.042670995 0.015067117
v 0.002888358 0.043107167 0.015644979
v 0.00064558466 0.043456107 0.0022885352
v -0.0013727346 0.042692807 0.011518312
v -0.0012879015 0.04262115 0.011860866
v -0.00032292586 0.043107167 0.013519216
v -0.0006640253 0.04244668 0.013208676
v -0.0042871027 0.022722416 0.013732113
v -0.0039654444 0.022660106 0.014132295
v -0.0036102058 0.022591565 0.0145020615
v -0.0032231552 0.022519909 0.014835012
v -0.00032292586 0.043107167 0.0038732523
v 0.008308835 0.041966893 0.0018579401
v 0.009514172 0.040536877 0.0027383384
v 0.009102378 0.04061476 0.002434201
v 0.0051275967 0.011799453 0.0013505104
v 0.0099029895 0.040462103 0.0030808938
v 0.010259995 0.04039356 0.0034570638
v 0.010659417 0.04085154 0.0038732523
v 0.010583421 0.040331252 0.003862047
v 0.01004968 0.036390137 0.0038732523
v 0.00737037 0.04228779 0.016027551
v 0.006891417 0.013559714 0.010333776
v 0.006873743 0.013562829 0.011004479
v 0.0068649068 0.013565945 0.01109572
v 0.006833094 0.0135908695 0.011398258
v 0.0067942124 0.01365941 0.011707197
v 0.0067464937 0.013774684 0.012016136
v 0.006697008 0.0139304595 0.012304267
v 0.006647522 0.014120505 0.012569987
v 0.007384509 0.016802955 0.0121217845
v 0.007852858 0.020052427 0.012622811
v 0.008510314 0.023264514 0.012504358
v 0.009116516 0.026485946 0.012419519
v 0.008796625 0.02654514 0.013048604
v 0.009351575 0.02977592 0.0129941795
v 0.00946822 0.0324646 0.013519216
v 0.009602539 0.033343174 0.013519216
v 0.00985527 0.033016045 0.01297337
v 0.010175162 0.032953735 0.012344285
v 0.010629373 0.03620321 0.01235389
v 0.010822014 0.03887008 0.0126756355
v 0.010949263 0.038770385 0.012384303
v 0.0110022845 0.038729884 0.012248242
v 0.011150742 0.03862084 0.011812845
v 0.011173718 0.03860526 0.011734409
v 0.011230273 0.03856788 0.011526315
v 0.011267387 0.038546067 0.011372645
v 0.011352221 0.03850245 0.010945252
v 0.0024217763 0.04206036 0.015793845
v -0.0027813166 0.017064657 0.015928308
v -0.0007842055 0.04237814 0.0130406
v -0.0008054136 0.04237191 0.013008585
v -0.0009255938 0.042362563 0.012803693
v -0.0010599128 0.04242176 0.012518764
v -0.0012401829 0.04257753 0.012020939
v 0.0006579561 0.04307913 0.01471816
v 0.0008629693 0.042854812 0.014891038
v 0.008738303 0.023224011 0.00554761
v 0.008080847 0.02000881 0.005430757
v 0.007373905 0.01680607 0.00528189
v 0.0067358897 0.013774684 0.0053827353
v 0.0067836083 0.013662525 0.005678869
v 0.0068242573 0.013593985 0.005981406
v 0.0068596043 0.013565945 0.0062967488
v 0.006870209 0.013565945 0.0064023966
v 0.006891417 0.013559714 0.0069194306
v 0.006893184 0.013559714 0.007055492
v 0.010159256 0.03295685 0.0050609894
v 0.009655559 0.029716726 0.0050385795
v 0.00910061 0.026489062 0.0049857553
v 0.009344505 0.026445445 0.005632448
v 0.0113469185 0.03853049 0.0064472165
v 0.011260319 0.038602147 0.0060054166
v 0.0112232035 0.0386333 0.0058581503
v 0.01117195 0.038676918 0.005667664
v 0.011141906 0.038701843 0.0055700196
v 0.010993447 0.03883581 0.0051346226
v 0.010945729 0.038879428 0.00501777
v 0.010613467 0.036206324 0.0050497847
v 0.0076513793 0.016756222 0.010170502
v 0.0076319384 0.016759338 0.010823597
v 0.007545338 0.016774915 0.011468689
v 0.0082540475 0.019977655 0.011319822
v 0.008091451 0.02000881 0.011972917
v 0.008748907 0.023220897 0.011856064
v 0.009355109 0.026442328 0.011771226
v 0.009910059 0.029669993 0.011716802
v 0.009671466 0.02971361 0.012365094
v 0.010415522 0.03291012 0.011695992
v 0.010867965 0.03615959 0.011705596
v 0.011028795 0.036128435 0.0110509
v 0.010966937 0.035524026 0.010945252
v 0.011166648 0.03710047 0.0064472165
v 0.008902667 0.023192856 0.006202306
v 0.008246979 0.019977655 0.0060838526
v 0.00950887 0.02641429 0.0062871445
v 0.007538269 0.016774915 0.0059349854
v 0.007628404 0.016759338 0.006583278
v 0.0076513793 0.016756222 0.007225169
v 0.010403151 0.032913234 0.005707682
v 0.009899454 0.029673109 0.0056868726
v 0.010065586 0.029641954 0.006341569
v 0.011021725 0.036131553 0.006352774
v 0.010857361 0.036162704 0.005698078
v 0.008358322 0.019958962 0.007364432
v 0.008358322 0.019958962 0.010036041
v 0.008338881 0.019962078 0.01067473
v 0.008996337 0.023174163 0.010556276
v 0.008909736 0.023189742 0.011202969
v 0.009515939 0.026411174 0.01111653
v 0.010070888 0.029638838 0.011063706
v 0.010576352 0.032878965 0.011041296
v 0.010544539 0.03255495 0.010945252
v 0.010763692 0.034112703 0.0064472165
v 0.011039399 0.036128435 0.0064472165
v 0.008992802 0.023174163 0.006847398
v 0.009282649 0.024981158 0.0064472165
v 0.009217256 0.024582373 0.006493638
v 0.009185444 0.024314439 0.006621696
v 0.008337113 0.019962078 0.0067305453
v 0.010569283 0.03288208 0.0063623786
v 0.010284739 0.030897502 0.0064472165
v 0.010085028 0.029638838 0.0064472165
v 0.009800483 0.02792531 0.0064472165
v 0.009538915 0.02640806 0.0064472165
v 0.009015778 0.023171049 0.0074748816
v 0.009015778 0.023171049 0.009930393
v 0.00922079 0.024233436 0.010109674
v 0.009194281 0.024239667 0.010594694
v 0.009190746 0.024239667 0.0106539205
v 0.009192513 0.024308208 0.010749964
v 0.009203117 0.024417251 0.010831601
v 0.009222558 0.02456991 0.0108908275
v 0.0092455335 0.024719454 0.010924443
v 0.009293253 0.024996735 0.010945252
v 0.009545984 0.02640806 0.010945252
v 0.009724487 0.02742683 0.010945252
v 0.010085028 0.02959522 0.010945252
v 0.010585189 0.032878965 0.0064472165
v 0.009183676 0.02425836 0.0066889264
v 0.00918721 0.024239667 0.006748153
v 0.009190746 0.024239667 0.006781768
v 0.009210186 0.024236552 0.0070186756
v 0.00922079 0.024233436 0.007508497
vn -0.5089144 -0.86078554 -0.0073726242
vn -0.49043617 -0.87143266 0.008810848
vn -0.4913842 -0.87085885 0.01210356
vn -0.9813207 0.18806809 0.040498987
vn -0.9818368 0.18840043 0.022401089
vn -0.98213196 0.18814601 0.004247874
vn -0.9821459 0.188101 0.0027098209
vn -0.98219424 0.18656768 -0.02207046
vn -0.5258822 -0.8501106 -0.027566796
vn -0.9818363 0.1877968 -0.027016293
vn -0.9802362 0.18868355 -0.05945953
vn -0.97944236 0.1886526 -0.07143299
vn -0.17456181 -0.9060777 -0.3854237
vn -0.19019099 -0.98156387 0.018966692
vn -0.5568146 -0.82758576 -0.07112874
vn -0.61524475 -0.7678569 -0.17852072
vn -0.6628609 -0.6796058 -0.31424734
vn -0.6836002 -0.5358565 -0.49552864
vn -0.63605344 -0.3221588 -0.7011774
vn -0.53676635 -0.14261024 -0.83159137
vn -0.49372542 -0.08117933 -0.86582047
vn -0.3894673 0.02991065 -0.92055446
vn -0.34767267 0.06619404 -0.93527645
vn -0.31143218 0.06408689 -0.9481048
vn -0.13630773 0.046952363 -0.9895533
vn 0.0064268145 0.031086478 -0.999496
vn 0.007204938 0.030875592 -0.9994973
vn -0.18914331 -0.98176444 0.01906223
vn -0.18246844 -0.98300666 0.020082632
vn -0.18101434 -0.9832694 0.020374482
vn -0.17792588 -0.9838172 0.02111939
vn -0.17701079 -0.9839771 0.021361243
vn -0.16982695 -0.9851917 0.023583276
vn -0.18770292 -0.9809983 0.049091205
vn -0.24820012 -0.9672273 0.053555597
vn -0.49178183 -0.8693242 0.04925551
vn -0.49262092 -0.86980253 0.027715161
vn -0.978907 0.18874697 0.07820256
vn -0.9799536 0.18878461 0.063651025
vn -0.51849514 0.8521698 0.07049453
vn -0.41612074 0.90903395 0.022378217
vn -0.3186801 0.9477408 -0.015175657
vn -0.3359576 0.9416296 -0.021588514
vn -0.9819303 0.18804595 -0.021251729
vn -0.9820831 0.18809235 -0.011570967
vn -0.96501815 0.18682104 -0.18395083
vn -0.97705615 0.18927519 -0.097652555
vn -0.9733396 0.1891326 -0.12976424
vn -0.9707138 0.18874024 -0.14863345
vn -0.42772532 0.90178907 -0.06186615
vn -0.51397955 0.85098785 -0.10791091
vn 0.008837756 0.030507835 -0.99949545
vn -0.96207887 0.18786302 -0.19776675
vn -0.9580762 0.18786578 -0.21632537
vn -0.9382828 0.18574587 -0.29175997
vn -0.9249211 0.18372548 -0.33281532
vn -0.9149056 0.1818473 -0.3603876
vn -0.9001923 0.18050721 -0.39632162
vn -0.8771456 0.1772791 -0.44630453
vn -0.8644177 0.17517093 -0.47127196
vn -0.84951437 0.17252548 -0.49855828
vn -0.8409612 0.1690906 -0.5139967
vn -0.7409591 0.13872166 -0.65706617
vn -0.61687595 0.11063295 -0.7792461
vn -0.50648206 -0.095281444 -0.85696983
vn -0.4947164 0.089469664 -0.8644367
vn -0.48061627 0.086688824 -0.87263566
vn -0.38054502 0.07089516 -0.9220409
vn -0.187224 0.5982741 -0.77911186
vn -0.24686955 0.32412896 -0.9132337
vn 0.17456746 0.9842016 -0.02955179
vn 0.14772172 0.7198821 -0.67819476
vn 0.109372444 0.52903396 -0.84152275
vn 0.05665378 0.02127228 -0.99816734
vn 0.048262574 0.02269518 -0.99857676
vn 0.03747165 0.024697218 -0.99899244
vn 0.027513985 0.026624875 -0.99926686
vn -0.16514637 -0.9860087 0.022659687
vn 0.22200444 -0.008408461 -0.97500944
vn 0.24139309 -0.01241107 -0.97034806
vn 0.32361946 -0.12206107 0.9382812
vn 0.28286135 -0.2148617 0.93478554
vn 0.23779705 -0.31862575 0.9175675
vn 0.17249693 -0.46401572 0.86886954
vn 0.1164356 -0.5813582 0.80527353
vn 0.07485586 -0.66189265 0.7458517
vn 0.005573672 -0.784961 0.6195201
vn -0.06507015 -0.88781124 0.45558432
vn -0.12658912 -0.95239884 0.27732965
vn -0.185484 -0.98082936 0.05974505
vn -0.1871007 -0.9809421 0.052402515
vn -0.11826952 -0.9927124 0.023117684
vn 0.80981207 -0.11817432 0.5746645
vn 0.79323727 -0.11250247 0.59842944
vn 0.7896777 -0.11130931 0.6033401
vn 0.7730619 -0.10600587 0.62541026
vn 0.7542343 -0.100521624 0.64886516
vn 0.6855507 -0.083618775 0.72320676
vn 0.61242896 -0.06865662 0.7875385
vn 0.5890731 -0.06514782 0.80544925
vn 0.545971 -0.06073998 0.83559936
vn 0.359586 -0.042985026 0.9321214
vn 0.0058492217 0.02250366 0.9997297
vn 0.0018674165 0.023603462 0.9997197
vn 0.0014866235 0.023691846 0.9997181
vn -0.018014312 0.026775714 0.9994792
vn -0.022920743 0.027459746 0.9993601
vn -0.66143507 -0.2694695 0.69992125
vn -0.55459785 -0.8183911 0.15052322
vn -0.49912578 -0.8645153 0.059047934
vn -0.21765651 0.05711544 0.9743528
vn -0.2645103 0.06373297 0.9622746
vn -0.96499157 0.1880504 0.1828338
vn -0.97626394 0.18933114 0.10517785
vn -0.60039663 0.7907436 0.119366705
vn -0.41242924 0.29147506 0.86310154
vn -0.36251366 0.33660606 0.8690685
vn 0.11068724 0.979686 0.1672228
vn 0.14830449 0.98890203 -0.008858264
vn -0.16377306 0.9863517 -0.016989138
vn -0.72470504 0.65256375 0.22127596
vn -0.79670393 0.5210094 0.30628762
vn -0.81082815 0.4832568 0.33018273
vn -0.8330102 0.18505524 0.521391
vn -0.8285089 0.16849682 0.5340241
vn -0.76220423 0.14883861 0.62999344
vn -0.7594428 0.14811963 0.6334881
vn -0.7018088 0.13552083 0.69935584
vn -0.6339674 0.12317289 0.76348794
vn -0.6259438 0.12196723 0.77027166
vn -0.6544885 0.7161968 -0.24229491
vn -0.60289216 0.77970755 -0.16904831
vn -0.572185 0.80700797 -0.14609082
vn -0.72371286 0.6447568 -0.24602515
vn -0.8070415 0.49203402 -0.3264757
vn -0.83561665 0.40844923 -0.3673064
vn -0.85421914 0.30668798 -0.4198238
vn -0.8534183 0.2558942 -0.45408744
vn -0.8509513 0.23995791 -0.46722803
vn -0.85103464 0.23555496 -0.46931225
vn -0.84966886 0.17842126 -0.4962142
vn 0.17397133 0.9844273 -0.025238665
vn 0.1748292 0.98426104 -0.025789522
vn 0.41780376 0.9073659 -0.046120647
vn 0.6192436 0.039138284 -0.78422284
vn 0.5938329 -0.002156133 -0.8045856
vn 0.55955493 -0.043457128 -0.8276531
vn 0.109495096 -0.9937652 0.02101349
vn 0.5874873 -0.04823862 -0.80779433
vn 0.6531545 -0.061284475 -0.7547406
vn 0.7162949 -0.07598667 -0.69364804
vn 0.7659852 -0.089544564 -0.6365912
vn 0.82551193 -0.10865034 -0.5538278
vn 0.8474261 -0.116238855 -0.51803243
vn 0.8643978 -0.123002805 -0.48753121
vn 0.3471618 -0.041476194 0.93688756
vn 0.32578266 -0.038617548 0.94465566
vn 0.29806817 -0.03454459 0.9539193
vn 0.257866 -0.028074078 0.96577275
vn 0.22348693 -0.02203843 0.97445774
vn 0.18958037 -0.015761547 0.9817386
vn 0.14621685 -0.0070472965 0.9892274
vn 0.123755276 -0.0021932304 0.99231035
vn 0.10105772 0.0022660282 0.99487793
vn 0.09644745 0.0031486973 0.99533314
vn 0.049838103 0.012747461 0.99867594
vn 0.0072375936 0.022171324 0.9997279
vn 0.6705503 -0.7417379 0.013683468
vn 0.683223 -0.72989625 0.021393849
vn 0.78086364 -0.61717147 0.09670238
vn 0.81943446 -0.5577392 0.13211432
vn 0.88011855 -0.42787877 0.20569643
vn 0.90874094 -0.3251357 0.2616806
vn 0.9183295 -0.26011303 0.29834914
vn 0.92053056 -0.21571566 0.32571495
vn 0.91995573 -0.1960275 0.3394918
vn 0.91741365 -0.18643364 0.35156056
vn 0.9070717 -0.17148305 0.3844665
vn 0.8919083 -0.15666564 0.42421162
vn 0.8763496 -0.14515081 0.4592848
vn 0.87011296 -0.14150621 0.47210115
vn 0.8561464 -0.13456723 0.4989038
vn 0.83932954 -0.12831953 0.5282614
vn 0.8143552 -0.11961572 0.5679065
vn 0.8686737 -0.12759429 0.47867078
vn 0.87936026 -0.12478075 0.45951644
vn 0.8799736 -0.12435759 0.45845568
vn 0.87999123 -0.12415356 0.45847702
vn 0.79332644 -0.11192648 0.59841925
vn 0.8845329 -0.11833174 0.4512195
vn 0.8825548 -0.11227264 0.4566091
vn 0.90146905 -0.0878951 0.42382547
vn 0.9265883 -0.042347576 0.37368548
vn 0.9470694 0.007954258 0.32093042
vn 0.9610164 0.068024 0.26799265
vn 0.96487945 0.09376913 0.2453875
vn 0.9678381 0.13017656 0.21527502
vn 0.9678621 0.18201163 0.17353638
vn 0.92872906 0.3693996 0.031720344
vn 0.81327635 0.5804121 0.041272536
vn 0.7696603 0.07709356 0.6337819
vn 0.6949541 -0.014574952 0.71890646
vn 0.46150565 0.8858363 -0.048026044
vn 0.15485407 0.9878591 -0.012440384
vn 0.5915808 0.007575803 0.8062101
vn 0.042914025 0.69968146 0.713165
vn 0.04243083 0.676208 0.7354879
vn 0.044514325 0.56264496 0.82549936
vn 0.11747622 0.017343726 0.9929243
vn -0.21841352 0.32464057 0.9202739
vn -0.32277122 0.2727537 0.90632457
vn -0.30990222 0.17654672 0.93423325
vn -0.6495516 0.028826684 0.75977093
vn -0.3174114 0.07441432 0.9453637
vn -0.42419147 0.09314511 0.9007694
vn -0.6588046 0.093819655 0.74644107
vn -0.70459145 0.12067553 0.699277
vn -0.7595018 0.1478164 0.6334881
vn -0.83307093 0.16944604 0.5265746
vn -0.8364366 0.17009743 0.52099967
vn -0.85295314 0.17324118 0.4924007
vn -0.87553793 0.17708406 0.44952697
vn -0.90519154 0.1811487 0.38446525
vn -0.9153892 0.18192266 0.3591194
vn -0.92711014 0.18399346 0.32651666
vn -0.94382626 0.186537 0.272756
vn -0.9629135 0.18811847 0.19341415
vn -0.4241754 0.27919164 0.8614681
vn -0.5928405 0.11644381 0.79685694
vn -0.3566665 0.2854754 0.8895464
vn -0.44097847 0.25919905 0.8592752
vn -0.5394772 0.1098067 0.8348095
vn -0.44411856 0.09723883 0.8906758
vn -0.83308727 0.4180147 0.36225584
vn -0.85410714 0.32053465 0.40958327
vn -0.8535857 0.25357762 0.45507106
vn -0.84621894 0.21747884 0.48643234
vn -0.8351473 0.18941335 0.5163832
vn -0.83355784 0.18588978 0.52021754
vn -0.6379338 0.10132508 0.76339626
vn -0.581442 0.114341244 0.805513
vn 0.6816055 0.13809648 -0.71857023
vn 0.66891706 0.111341685 -0.734951
vn 0.9322873 -0.1792182 -0.3141993
vn 0.9374929 -0.19348817 -0.28925654
vn 0.9394095 -0.20681198 -0.27338365
vn 0.93453145 -0.25576445 -0.24745816
vn 0.9162575 -0.34619844 -0.20154093
vn 0.8735941 -0.46626845 -0.13938068
vn 0.81669503 -0.57121724 -0.08197716
vn 0.76503795 -0.6427954 -0.039128143
vn 0.7210198 -0.6928511 -0.009364685
vn 0.7054213 -0.70878816 0.000380262
vn 0.8806753 -0.1295298 -0.45566767
vn 0.8901016 -0.13536167 -0.43519688
vn 0.9094755 -0.15002498 -0.38774598
vn 0.9199543 -0.16027883 -0.3577636
vn 0.9235641 -0.16467488 -0.34628227
vn 0.7247805 -0.006023578 -0.68895346
vn 0.9586274 0.28466293 0.0006445874
vn 0.9797369 0.09416757 -0.17677115
vn 0.97080314 0.03430052 -0.2374123
vn 0.9664568 0.016283251 -0.25631264
vn 0.9539548 -0.02200393 -0.29914203
vn 0.939699 -0.05546107 -0.33747602
vn 0.9060475 -0.10619211 -0.40963542
vn 0.89741695 -0.116643265 -0.42548472
vn 0.88950956 -0.12043367 -0.44075888
vn 0.8876002 -0.12146997 -0.4443096
vn 0.886893 -0.12550275 -0.44460082
vn 0.9728882 -0.23127519 0.0005244431
vn 0.9728415 -0.22992688 0.026703322
vn 0.97294414 -0.22907661 0.030054955
vn 0.9692506 -0.2241563 0.1015237
vn 0.96758735 -0.22217824 0.120048106
vn 0.96630657 -0.21914105 0.13501358
vn 0.9609624 -0.21870764 0.16946472
vn 0.95080715 -0.2119358 0.22594026
vn 0.94762176 -0.20810379 0.24229297
vn 0.9392519 -0.20742765 0.27345875
vn 0.926785 -0.20168754 0.31684658
vn 0.94958264 -0.19885968 0.24237901
vn 0.94894284 -0.1978481 0.24568988
vn 0.9182026 -0.18624441 0.34959564
vn 0.9202711 -0.17564307 0.34964353
vn 0.9200309 -0.17539181 0.35040107
vn 0.9220765 -0.16428636 0.35040686
vn 0.92207634 -0.16428621 0.3504073
vn 0.92403674 -0.15296683 0.3503672
vn 0.92403674 -0.15296683 0.35036722
vn 0.87671363 -0.14299406 0.4592667
vn 0.8764533 -0.14280212 0.45982322
vn 0.87798536 -0.13353544 0.45968446
vn 0.86709887 -0.13170996 0.4804082
vn 0.86457753 -0.13217948 0.4848033
vn 0.9250488 -0.14154014 0.3524927
vn 0.92670673 -0.13057637 0.35236976
vn 0.927603 -0.13019052 0.35014713
vn 0.9287032 -0.122431524 0.35003
vn 0.91277593 -0.11837057 0.3909329
vn 0.8948908 -0.116614014 0.4307801
vn 0.9296986 -0.1219586 0.34754354
vn 0.9457459 -0.12178376 0.30122003
vn 0.9519697 -0.12232007 0.28069836
vn 0.96009874 -0.12584727 0.24974538
vn 0.96182364 -0.12717076 0.24232829
vn 0.97092474 -0.12313914 0.20528518
vn 0.9917364 -0.12828915 -0.0009293598
vn 0.9921459 -0.12507147 -0.0019491649
vn 0.9802891 -0.12680835 0.15150216
vn -0.5655308 0.11277112 0.81698084
vn 0.9510762 -0.18483582 -0.24756779
vn 0.95022434 -0.18519937 -0.2505492
vn 0.9533242 -0.17287484 -0.24756269
vn 0.95332414 -0.1728748 -0.24756289
vn 0.9477442 -0.19755197 -0.2505076
vn 0.94822323 -0.19829324 -0.24809772
vn 0.94628346 -0.2074158 -0.24804473
vn 0.94933146 -0.21101932 -0.23289613
vn 0.95952594 -0.21798328 -0.17830679
vn 0.96573955 -0.21881214 -0.13952906
vn 0.96677303 -0.22125928 -0.12803993
vn 0.96955913 -0.22468635 -0.09732045
vn 0.9726077 -0.22850688 -0.042649176
vn 0.973022 -0.22789678 -0.035933886
vn 0.97307605 -0.23013778 -0.012638432
vn 0.9730032 -0.2307914 0
vn 0.9247304 -0.13049151 -0.35755527
vn 0.9231384 -0.14103362 -0.35766584
vn 0.9234019 -0.1412561 -0.35689738
vn 0.92159444 -0.15243532 -0.35696954
vn 0.92127717 -0.15254515 -0.3577407
vn 0.95495516 -0.15997598 -0.24993676
vn 0.95547485 -0.16062936 -0.24751996
vn 0.97002953 -0.12228343 -0.20997483
vn 0.96858907 -0.123856306 -0.2156264
vn 0.9605336 -0.12751925 -0.24721247
vn 0.9556264 -0.12420075 -0.26711854
vn 0.9510015 -0.12242765 -0.28391507
vn 0.9395696 -0.12143493 -0.32009727
vn 0.92740494 -0.12176566 -0.35368502
vn 0.9261856 -0.12233317 -0.35667184
vn 0.90332013 -0.11722317 -0.41263956
vn 0.92504734 -0.13035755 -0.35678348
vn 0.9764945 -0.21554223 0
vn 0.97649455 -0.21554224 0
vn 0.9763176 -0.21424012 0.030084576
vn 0.9763323 -0.21407636 0.030763552
vn 0.9691671 -0.20776743 0.132468
vn 0.9687391 -0.20808637 0.13507326
vn 0.9719982 -0.1940639 0.13250946
vn 0.9718015 -0.19347155 0.13479817
vn 0.9520499 -0.18549252 0.24329726
vn 0.9513698 -0.18578914 0.24571885
vn 0.9543696 -0.17318442 0.24328136
vn 0.9567364 -0.16052517 0.2426668
vn 0.95661986 -0.16037565 0.2432244
vn 0.95452565 -0.17310815 0.2427225
vn 0.92578936 -0.14217442 0.3502861
vn 0.95863837 -0.1479871 0.24313058
vn 0.9587945 -0.1478952 0.24257001
vn 0.96080226 -0.13449478 0.24242558
vn 0.96080226 -0.1344947 0.24242593
vn 0.9687052 -0.1354933 0.20797086
vn 0.9900311 -0.1408475 -0.0005420012
vn 0.99077266 -0.13551544 -0.0022485196
vn 0.99153876 -0.12980247 -0.0014685163
vn 0.9794706 -0.1393451 0.14567147
vn 0.97414166 -0.12752502 -0.1865082
vn 0.971013 -0.19281809 -0.14126201
vn 0.9615646 -0.17538124 -0.21126984
vn 0.9661309 -0.17995594 -0.18495098
vn 0.97037596 -0.18783665 -0.15194747
vn 0.97116876 -0.19203253 -0.14126101
vn 0.9711298 -0.19314538 -0.14000593
vn 0.9681259 -0.20772468 -0.13993844
vn 0.96815497 -0.20781627 -0.1396007
vn 0.9760967 -0.21433839 -0.035978083
vn 0.9762469 -0.2140215 -0.03371611
vn 0.95703346 -0.1471718 -0.2498548
vn 0.9588893 -0.13477159 -0.24973565
vn 0.9604665 -0.14779495 -0.23592511
vn 0.97092694 -0.154056 -0.18321523
vn 0.969793 -0.16104199 -0.18321262
vn 0.9616125 -0.16212852 -0.22139497
vn 0.9678609 -0.16685504 -0.18816134
vn 0.9666647 -0.17360952 -0.18819974
vn 0.97338235 -0.13313682 -0.1865514
vn 0.95959896 -0.13421683 -0.24729653
vn 0.9593837 -0.13446292 -0.24799688
vn 0.97968864 -0.20052452 0
vn 0.97968876 -0.20052452 0
vn 0.9794227 -0.1994575 0.030786283
vn 0.9794321 -0.1993136 0.031415235
vn 0.98040056 -0.1944932 0.03142126
vn 0.98127055 -0.18431492 0.055999894
vn 0.9811092 -0.1843774 0.05856348
vn 0.97510046 -0.18860431 0.11665137
vn 0.9734231 -0.19018179 0.12758654
vn 0.97217697 -0.19157282 0.13480271
vn 0.97024256 -0.18442658 0.15689556
vn 0.97021955 -0.18437572 0.15709743
vn 0.9673763 -0.17987143 0.17840768
vn 0.9638009 -0.17599222 0.2002863
vn 0.96946275 -0.17360534 0.17321381
vn 0.97009784 -0.16997482 0.1732592
vn 0.9638379 -0.16225795 0.21139725
vn 0.97116715 -0.16147718 0.17538375
vn 0.97346103 -0.15113433 0.17184907
vn 0.9711665 -0.1502226 0.1851187
vn 0.98816144 -0.15341663 -0.0005435633
vn 0.9886968 -0.14991659 -0.0018641888
vn 0.98969376 -0.14319344 -0.0013708799
vn 0.97215515 -0.14065588 -0.18743047
vn 0.97251946 -0.19072898 -0.13352251
vn 0.97491646 -0.18885067 -0.11778514
vn 0.97682077 -0.18779603 -0.102731936
vn 0.97887534 -0.18694898 -0.08278325
vn 0.98018575 -0.19462147 -0.036856093
vn 0.9793909 -0.19858456 -0.03684666
vn 0.9757831 -0.17524716 -0.13090348
vn 0.97668666 -0.17523095 -0.124005035
vn 0.9771921 -0.17500626 -0.12028476
vn 0.979358 -0.19929641 -0.033747777
vn 0.97116613 -0.1472584 -0.1874874
vn 0.98764366 -0.15670843 -0.0015196021
vn 0.98741037 -0.15817231 -0.0015338007
vn 0.9865164 -0.1621239 -0.022388412
vn 0.9857641 -0.16369411 -0.038384262
vn 0.9824264 -0.16936606 -0.07844417
vn 0.9818831 -0.17043352 -0.082813084
vn 0.97949064 -0.1731659 -0.103012614
vn 0.9781242 -0.17438747 -0.11341137
vn 0.9818851 -0.18947724 0
vn 0.98188514 -0.18947724 0
vn 0.9872575 -0.1591308 0
vn 0.9859462 -0.1639345 0.032180972
vn 0.98388344 -0.16983023 0.055956613
vn 0.9836761 -0.17009933 0.05871677
vn 0.9815791 -0.17198649 0.083204195
vn 0.97886246 -0.17465892 0.10640755
vn 0.97864795 -0.17539844 0.107161626
vn 0.9775489 -0.17505333 0.117279515
vn 0.9749978 -0.17779739 0.13329408
vn 0.9703682 -0.18423028 0.1563484
vn 0.98176944 -0.18874441 -0.022454884
f 611//1080 612//1080 613//1080
f 611//1081 613//1081 614//1081
f 611//1082 614//1082 615//1082
f 611//1083 615//1083 616//1083
f 611//1084 616//1084 617//1084
f 611//1085 617//1085 618//1085
f 611//1086 618//1086 619//1086
f 611//1087 619//1087 612//1087
f 612//1088 620//1088 613//1088
f 612//1089 619//1089 621//1089
f 612//1090 621//1090 622//1090
f 612//1091 622//1091 620//1091
f 613//1092 623//1092 624//1092
f 613//1093 624//1093 614//1093
f 613//1094 620//1094 625//1094
f 613//1095 625//1095 626//1095
f 613//1096 626//1096 627//1096
f 613//1097 627//1097 628//1097
f 613//1098 628//1098 629//1098
f 613//1099 629//1099 630//1099
f 613//1100 630//1100 631//1100
f 613//1101 631//1101 632//1101
f 613//1102 632//1102 633//1102
f 613//1103 633//1103 634//1103
f 613//1104 634//1104 635//1104
f 613//1105 635//1105 636//1105
f 613//1106 636//1106 623//1106
f 614//1107 624//1107 623//1107
f 614//1108 623//1108 637//1108
f 614//1109 637//1109 638//1109
f 614//1110 638//1110 639//1110
f 614//1111 639//1111 640//1111
f 614//1112 640//1112 641//1112
f 614//1113 641//1113 642//1113
f 614//1114 642//1114 643//1114
f 614//1115 643//1115 644//1115
f 614//1116 644//1116 615//1116
f 615//1117 644//1117 645//1117
f 615//1118 645//1118 616//1118
f 616//1119 645//1119 646//1119
f 616//1120 646//1120 617//1120
f 617//1121 646//1121 647//1121
f 617//1122 647//1122 621//1122
f 617//1123 621//1123 619//1123
f 617//1124 619//1124 618//1124
f 620//1125 648//1125 625//1125
f 620//1126 622//1126 649//1126
f 620//1127 649//1127 650//1127
f 620//1128 650//1128 648//1128
f 621//1129 647//1129 622//1129
f 622//1130 647//1130 649//1130
f 623//1131 636//1131 637//1131
f 625//1132 648//1132 650//1132
f 625//1133 650//1133 651//1133
f 625//1134 651//1134 652//1134
f 625//1135 652//1135 653//1135
f 625//1136 653//1136 626//1136
f 626//1137 653//1137 654//1137
f 626//1138 654//1138 655//1138
f 626//1139 655//1139 656//1139
f 626//1140 656//1140 657//1140
f 626//1141 657//1141 627//1141
f 627//1142 657//1142 628//1142
f 628//1143 657//1143 629//1143
f 629//1144 631//1144 630//1144
f 629//1145 657//1145 633//1145
f 629//1146 633//1146 631//1146
f 631//1147 633//1147 632//1147
f 633//1148 657//1148 635//1148
f 633//1149 635//1149 634//1149
f 635//1150 657//1150 658//1150
f 635//1151 658//1151 659//1151
f 635//1152 659//1152 636//1152
f 636//1153 659//1153 640//1153
f 636//1154 640//1154 639//1154
f 636//1155 639//1155 638//1155
f 636//1156 638//1156 637//1156
f 640//1157 660//1157 641//1157
f 640//1158 659//1158 658//1158
f 640//1159 658//1159 660//1159
f 641//1160 661//1160 662//1160
f 641//1161 662//1161 663//1161
f 641//1162 663//1162 664//1162
f 641//1163 664//1163 665//1163
f 641//1164 665//1164 666//1164
f 641//1165 666//1165 667//1165
f 641//1166 667//1166 668//1166
f 641//1167 668//1167 669//1167
f 641//1168 669//1168 670//1168
f 641//1169 670//1169 671//1169
f 641//1170 671//1170 642//1170
f 641//1171 660//1171 672//1171
f 641//1172 672//1172 673//1172
f 641//1173 673//1173 674//1173
f 641//1174 674//1174 675//1174
f 641//1175 675//1175 676//1175
f 641//1176 676//1176 677//1176
f 641//1177 677//1177 678//1177
f 641//1178 678//1178 679//1178
f 641//1179 679//1179 680//1179
f 641//1180 680//1180 681//1180
f 641//1181 681//1181 661//1181
f 642//1182 671//1182 682//1182
f 642//1183 682//1183 683//1183
f 642//1184 683//1184 684//1184
f 642//1185 684//1185 685//1185
f 642//1186 685//1186 643//1186
f 643//1187 686//1187 687//1187
f 643//1188 687//1188 688//1188
f 643//1189 688//1189 644//1189
f 643//1190 685//1190 689//1190
f 643//1191 689//1191 686//1191
f 644//1192 688//1192 690//1192
f 644//1193 690//1193 645//1193
f 645//1194 690//1194 646//1194
f 646//1195 691//1195 692//1195
f 646//1196 692//1196 693//1196
f 646//1197 693//1197 681//1197
f 646//1198 681//1198 694//1198
f 646//1199 694//1199 647//1199
f 646//1200 690//1200 695//1200
f 646//1201 695//1201 696//1201
f 646//1202 696//1202 697//1202
f 646//1203 697//1203 698//1203
f 646//1204 698//1204 687//1204
f 646//1205 687//1205 699//1205
f 646//1206 699//1206 700//1206
f 646//1207 700//1207 701//1207
f 646//1208 701//1208 702//1208
f 646//1209 702//1209 691//1209
f 647//1210 694//1210 703//1210
f 647//1211 703//1211 650//1211
f 647//1212 650//1212 649//1212
f 650//1213 703//1213 651//1213
f 651//1214 703//1214 652//1214
f 652//1215 703//1215 653//1215
f 653//1216 703//1216 654//1216
f 654//1217 703//1217 655//1217
f 655//1218 703//1218 694//1218
f 655//1219 694//1219 656//1219
f 656//1220 694//1220 657//1220
f 657//1221 694//1221 679//1221
f 657//1222 679//1222 658//1222
f 658//1223 679//1223 704//1223
f 658//1224 704//1224 705//1224
f 658//1225 705//1225 706//1225
f 658//1226 706//1226 660//1226
f 660//1227 707//1227 672//1227
f 660//1228 706//1228 705//1228
f 660//1229 705//1229 708//1229
f 660//1230 708//1230 709//1230
f 660//1231 709//1231 710//1231
f 660//1232 710//1232 711//1232
f 660//1233 711//1233 712//1233
f 660//1234 712//1234 707//1234
f 661//1235 681//1235 662//1235
f 662//1236 681//1236 663//1236
f 663//1237 681//1237 664//1237
f 664//1238 681//1238 665//1238
f 665//1239 681//1239 666//1239
f 666//1240 681//1240 667//1240
f 667//1241 681//1241 668//1241
f 668//1242 681//1242 713//1242
f 668//1243 713//1243 682//1243
f 668//1244 682//1244 669//1244
f 669//1245 682//1245 670//1245
f 670//1246 682//1246 671//1246
f 672//1247 707//1247 714//1247
f 672//1248 714//1248 715//1248
f 672//1249 715//1249 716//1249
f 672//1250 716//1250 717//1250
f 672//1251 717//1251 718//1251
f 672//1252 718//1252 719//1252
f 672//1253 719//1253 720//1253
f 672//1254 720//1254 721//1254
f 672//1255 721//1255 722//1255
f 672//1256 722//1256 723//1256
f 672//1257 723//1257 724//1257
f 672//1258 724//1258 725//1258
f 672//1259 725//1259 726//1259
f 672//1260 726//1260 727//1260
f 672//1261 727//1261 728//1261
f 672//1262 728//1262 729//1262
f 672//1263 729//1263 673//1263
f 673//1264 729//1264 730//1264
f 673//1265 730//1265 731//1265
f 673//1266 731//1266 732//1266
f 673//1267 732//1267 675//1267
f 673//1268 675//1268 674//1268
f 675//1269 732//1269 733//1269
f 675//1270 733//1270 676//1270
f 676//1271 733//1271 734//1271
f 676//1272 734//1272 735//1272
f 676//1273 735//1273 736//1273
f 676//1274 736//1274 737//1274
f 676//1275 737//1275 738//1275
f 676//1276 738//1276 739//1276
f 676//1277 739//1277 740//1277
f 676//1278 740//1278 710//1278
f 676//1279 710//1279 679//1279
f 676//1280 679//1280 677//1280
f 677//1281 679//1281 678//1281
f 679//1282 710//1282 704//1282
f 679//1283 694//1283 681//1283
f 679//1284 681//1284 680//1284
f 681//1285 693//1285 684//1285
f 681//1286 684//1286 683//1286
f 681//1287 683//1287 682//1287
f 681//1288 682//1288 713//1288
f 684//1289 693//1289 685//1289
f 685//1290 693//1290 741//1290
f 685//1291 741//1291 689//1291
f 686//1292 742//1292 687//1292
f 686//1293 689//1293 741//1293
f 686//1294 741//1294 742//1294
f 687//1295 742//1295 701//1295
f 687//1296 701//1296 700//1296
f 687//1297 700//1297 699//1297
f 687//1298 698//1298 743//1298
f 687//1299 743//1299 744//1299
f 687//1300 744//1300 745//1300
f 687//1301 745//1301 746//1301
f 687//1302 746//1302 747//1302
f 687//1303 747//1303 688//1303
f 688//1304 747//1304 696//1304
f 688//1305 696//1305 695//1305
f 688//1306 695//1306 690//1306
f 691//1307 748//1307 692//1307
f 691//1308 702//1308 748//1308
f 692//1309 741//1309 693//1309
f 692//1310 748//1310 749//1310
f 692//1311 749//1311 742//1311
f 692//1312 742//1312 741//1312
f 696//1313 747//1313 697//1313
f 697//1314 747//1314 746//1314
f 697//1315 746//1315 745//1315
f 697//1316 745//1316 744//1316
f 697//1317 744//1317 743//1317
f 697//1318 743//1318 698//1318
f 701//1319 742//1319 702//1319
f 702//1320 742//1320 748//1320
f 704//1321 710//1321 708//1321
f 704//1322 708//1322 705//1322
f 707//1323 750//1323 751//1323
f 707//1324 751//1324 752//1324
f 707//1325 752//1325 753//1325
f 707//1326 753//1326 754//1326
f 707//1327 754//1327 755//1327
f 707//1328 755//1328 756//1328
f 707//1329 756//1329 757//1329
f 707//1330 757//1330 758//1330
f 707//1331 758//1331 759//1331
f 707//1332 759//1332 714//1332
f 707//1333 712//1333 760//1333
f 707//1334 760//1334 761//1334
f 707//1335 761//1335 762//1335
f 707//1336 762//1336 763//1336
f 707//1337 763//1337 750//1337
f 708//1338 710//1338 709//1338
f 710//1339 740//1339 764//1339
f 710//1340 764//1340 765//1340
f 710//1341 765//1341 766//1341
f 710//1342 766//1342 767//1342
f 710//1343 767//1343 768//1343
f 710//1344 768//1344 769//1344
f 710//1345 769//1345 770//1345
f 710//1346 770//1346 771//1346
f 710//1347 771//1347 711//1347
f 711//1348 771//1348 712//1348
f 712//1349 771//1349 760//1349
f 714//1350 759//1350 772//1350
f 714//1351 772//1351 715//1351
f 715//1352 772//1352 773//1352
f 715//1353 773//1353 716//1353
f 716//1354 773//1354 717//1354
f 717//1355 773//1355 774//1355
f 717//1356 774//1356 718//1356
f 718//1357 774//1357 719//1357
f 719//1358 774//1358 722//1358
f 719//1359 722//1359 720//1359
f 720//1360 722//1360 721//1360
f 722//1361 774//1361 775//1361
f 722//1362 775//1362 776//1362
f 722//1363 776//1363 723//1363
f 723//1364 776//1364 777//1364
f 723//1365 777//1365 724//1365
f 724//1366 777//1366 778//1366
f 724//1367 778//1367 725//1367
f 725//1368 778//1368 779//1368
f 725//1369 779//1369 780//1369
f 725//1370 780//1370 726//1370
f 726//1371 780//1371 727//1371
f 727//1372 780//1372 731//1372
f 727//1372 731//1372 730//1372
f 727//1373 730//1373 729//1373
f 727//1374 729//1374 728//1374
f 731//1375 780//1375 781//1375
f 731//1376 781//1376 732//1376
f 732//1377 781//1377 782//1377
f 732//1378 782//1378 735//1378
f 732//1379 735//1379 734//1379
f 732//1380 734//1380 733//1380
f 735//1381 782//1381 736//1381
f 736//1382 782//1382 737//1382
f 737//1383 782//1383 738//1383
f 738//1384 782//1384 739//1384
f 739//1385 782//1385 783//1385
f 739//1386 783//1386 740//1386
f 740//1387 784//1387 785//1387
f 740//1388 785//1388 764//1388
f 740//1389 783//1389 784//1389
f 742//1390 749//1390 748//1390
f 750//1391 786//1391 787//1391
f 750//1392 787//1392 751//1392
f 750//1393 763//1393 788//1393
f 750//1394 788//1394 786//1394
f 751//1395 787//1395 752//1395
f 752//1396 787//1396 789//1396
f 752//1397 789//1397 753//1397
f 753//1398 789//1398 754//1398
f 754//1399 789//1399 755//1399
f 755//1400 789//1400 790//1400
f 755//1401 790//1401 756//1401
f 756//1402 790//1402 757//1402
f 757//1403 790//1403 758//1403
f 758//1404 790//1404 791//1404
f 758//1405 791//1405 759//1405
f 759//1406 791//1406 772//1406
f 760//1407 771//1407 792//1407
f 760//1408 792//1408 761//1408
f 761//1409 792//1409 793//1409
f 761//1410 793//1410 763//1410
f 761//1411 763//1411 762//1411
f 763//1412 793//1412 794//1412
f 763//1413 794//1413 788//1413
f 764//1414 785//1414 765//1414
f 765//1415 785//1415 795//1415
f 765//1416 795//1416 796//1416
f 765//1417 796//1417 766//1417
f 766//1418 796//1418 767//1418
f 767//1419 796//1419 768//1419
f 768//1420 796//1420 769//1420
f 769//1421 796//1421 771//1421
f 769//1422 771//1422 770//1422
f 771//1423 796//1423 792//1423
f 772//1424 791//1424 797//1424
f 772//1425 797//1425 798//1425
f 772//1426 798//1426 773//1426
f 773//1427 798//1427 799//1427
f 773//1428 799//1428 775//1428
f 773//1429 775//1429 774//1429
f 775//1430 799//1430 800//1430
f 775//1431 800//1431 801//1431
f 775//1432 801//1432 777//1432
f 775//1433 777//1433 776//1433
f 777//1434 801//1434 778//1434
f 778//1435 802//1435 803//1435
f 778//1436 803//1436 779//1436
f 778//1437 801//1437 802//1437
f 780//1438 779//1438 781//1438
f 781//1439 779//1439 803//1439
f 781//1440 803//1440 804//1440
f 781//1441 804//1441 783//1441
f 781//1442 783//1442 782//1442
f 783//1443 804//1443 784//1443
f 784//1444 805//1444 806//1444
f 784//1445 806//1445 807//1445
f 784//1446 807//1446 785//1446
f 784//1447 804//1447 805//1447
f 785//1448 807//1448 795//1448
f 786//1449 808//1449 787//1449
f 786//1450 788//1450 809//1450
f 786//1451 809//1451 810//1451
f 786//1452 810//1452 811//1452
f 786//1453 811//1453 808//1453
f 787//1454 808//1454 812//1454
f 787//1455 812//1455 789//1455
f 789//1456 812//1456 790//1456
f 790//1457 812//1457 791//1457
f 791//1458 812//1458 797//1458
f 792//1459 813//1459 794//1459
f 792//1459 794//1459 793//1459
f 792//1460 796//1460 813//1460
f 794//1461 813//1461 814//1461
f 794//1462 814//1462 815//1462
f 794//1463 815//1463 816//1463
f 794//1464 816//1464 788//1464
f 788//1465 816//1465 817//1465
f 788//1466 817//1466 809//1466
f 795//1467 807//1467 806//1467
f 795//1468 806//1468 796//1468
f 796//1469 806//1469 813//1469
f 798//1470 797//1470 818//1470
f 798//1471 818//1471 819//1471
f 798//1472 819//1472 799//1472
f 799//1473 819//1473 800//1473
f 800//1474 819//1474 820//1474
f 800//1475 820//1475 821//1475
f 800//1476 821//1476 822//1476
f 800//1477 822//1477 823//1477
f 800//1478 823//1478 824//1478
f 800//1479 824//1479 801//1479
f 801//1480 824//1480 825//1480
f 801//1481 825//1481 826//1481
f 801//1482 826//1482 827//1482
f 801//1483 827//1483 802//1483
f 802//1484 827//1484 828//1484
f 802//1485 828//1485 829//1485
f 802//1486 829//1486 803//1486
f 803//1487 829//1487 830//1487
f 803//1488 830//1488 805//1488
f 803//1489 805//1489 804//1489
f 805//1490 830//1490 814//1490
f 805//1491 814//1491 831//1491
f 805//1492 831//1492 806//1492
f 806//1493 831//1493 813//1493
f 808//1494 811//1494 832//1494
f 808//1495 832//1495 833//1495
f 808//1496 833//1496 834//1496
f 808//1497 834//1497 835//1497
f 808//1498 835//1498 818//1498
f 808//1499 818//1499 812//1499
f 809//1500 817//1500 810//1500
f 810//1501 817//1501 811//1501
f 811//1502 817//1502 832//1502
f 812//1503 818//1503 797//1503
f 813//1504 831//1504 814//1504
f 814//1505 830//1505 815//1505
f 815//1506 830//1506 836//1506
f 815//1507 836//1507 835//1507
f 815//1508 835//1508 816//1508
f 816//1509 835//1509 817//1509
f 817//1510 835//1510 834//1510
f 817//1511 834//1511 833//1511
f 817//1512 833//1512 832//1512
f 819//1513 818//1513 836//1513
f 819//1514 836//1514 820//1514
f 820//1515 836//1515 830//1515
f 820//1516 830//1516 829//1516
f 820//1517 829//1517 821//1517
f 821//1518 829//1518 822//1518
f 822//1519 829//1519 828//1519
f 822//1520 828//1520 824//1520
f 822//1521 824//1521 823//1521
f 824//1522 828//1522 827//1522
f 824//1523 827//1523 826//1523
f 824//1524 826//1524 825//1524
f 835//1525 836//1525 818//1525
