# mmind_convex 2.1.2 1
o geometry1
v -0.0004989995 -0.005788997 0.0023505734
v -0.0017216527 -0.0056524333 0.0023505734
v -0.00042805253 0.0061286287 0.000227754
v 0.0007236536 -0.0056719426 0.0023505734
v 0.0007236536 -0.0056719426 0.0115498975
v -0.0004989995 -0.005788997 0.0115498975
v -0.0017216527 -0.0056524333 0.0115498975
v -0.002889913 -0.0052720057 0.0023505734
v -0.002889913 -0.0052720057 0.0115498975
v -0.000216394 0.006149357 0.00029224157
v 0.005485379 -0.0006373733 0.0023505734
v 0.0051885843 -0.0018298675 0.0023505734
v 0.004654117 -0.0029370093 0.0023505734
v 0.0039044437 -0.0039112456 0.0023505734
v 0.0029726734 -0.0047135577 0.0023505734
v 0.0018978263 -0.0053085852 0.0023505734
v -0.0039553004 -0.004659907 0.0023505734
v -0.0048752464 -0.0038441827 0.0023505734
v -0.0056083654 -0.0028577535 0.0023505734
v -0.004820854 0.0033083435 0.0014187968
v -0.0033025881 0.0047056833 0.0010542455
v -0.0020586508 0.0055787163 0.0007265443
v -0.0010145477 0.006045715 0.00042384816
v -0.0006231568 0.0061103394 0.0002948735
v -0.00035474062 0.0066675683 0.0057512964
v 0.0018978263 -0.0053085852 0.0115498975
v -0.0004256876 0.0061286287 0.013672717
v -0.0039553004 -0.004659907 0.0115498975
v 0.0010204485 0.0062651923 0.0006870623
v 0.0055338596 0.0005904811 0.0023505734
v 0.0055338596 0.0005904811 0.0115498975
v 0.005485379 -0.0006373733 0.0115498975
v 0.0051885843 -0.0018298675 0.0115498975
v 0.004654117 -0.0029370093 0.0115498975
v 0.0039044437 -0.0039112456 0.0115498975
v 0.0029726734 -0.0047135577 0.0115498975
v -0.0048752464 -0.0038441827 0.0115498975
v -0.0056083654 -0.0028577535 0.0115498975
v -0.0061262785 -0.0017420766 0.0023505734
v -0.0049497406 0.003214456 0.0014595948
v -0.0061262785 -0.0017420766 0.0115498975
v -0.005006498 0.0031900697 0.001481968
v -0.005095182 0.003168122 0.00152145
v -0.004069998 0.0040606633 0.0012490237
v -0.0037223578 0.0043813447 0.0011661113
v -0.005654481 0.0038009486 0.0020320849
v -0.0019392235 0.005657972 0.00069627445
v -0.001596313 0.005845747 0.0006015175
v -0.0013917491 0.005931099 0.0005422947
v 0.00046824449 0.006618795 0.0049419138
v 0.001802048 0.006335913 0.00097001716
v -0.005654481 0.0038009486 0.011856541
v -0.00035474062 0.0066675683 0.008149175
v 0.00046824449 0.006618795 0.008958558
v -0.0006231568 0.0061103394 0.013605597
v -0.0007449491 0.0060957074 0.013564799
v -0.00113634 0.0060140127 0.013438457
v -0.0020586508 0.0055787163 0.013173927
v -0.0033025881 0.0047056833 0.012846226
v -0.004820854 0.0033083435 0.012481675
v -0.004895348 0.0032473777 0.012460617
v -0.00021284664 0.006149357 0.013608229
v 0.0053304783 0.0018024844 0.0023505734
v 0.0055728806 0.0033924766 0.0044036414
v 0.0056225434 0.0030510672 0.004719498
v 0.005626091 0.003019365 0.004751084
v 0.005627273 0.0030169263 0.0091493875
v 0.0010251784 0.0062651923 0.013212092
v -0.0062137796 -0.001465291 0.0047774054
v -0.0062669897 -0.0012726386 0.0048234677
v -0.006405337 -0.0005447051 0.0023505734
v -0.0061865835 -0.0015567399 0.009136226
v -0.00525363 0.0031669026 0.0016069948
v -0.0054191733 0.00322543 0.0017149122
v -0.0056012706 0.0035644006 0.0019241674
v -0.0056745824 0.0036887713 0.0020070798
v -0.0062125972 0.0018914947 0.0023505734
v -0.0062125972 0.0018914947 0.0115498975
v 0.004354957 0.0047654305 0.0023505734
v 0.0012699455 0.00637737 0.0091493875
v 0.004357322 0.004756895 0.0115498975
v -0.0017181053 0.005786 0.013263419
v -0.0013562758 0.005944512 0.01337002
v -0.0037235403 0.0043801256 0.012733044
v -0.004069998 0.0040606633 0.012651447
v -0.005134203 0.0032742026 0.012327694
v -0.005039607 0.003180315 0.012404026
v 0.0048917895 0.004295992 0.0030915206
v 0.0048787827 0.0043215975 0.010832639
v 0.0055776103 0.0033619937 0.009471824
v 0.0053304783 0.0018024844 0.0115498975
v -0.0062669897 -0.0012726386 0.009075687
v -0.0063367547 -0.0009604929 0.004945862
v -0.0062823617 -0.0012104533 0.009055946
v -0.00643608 -0.00023987523 0.005432808
v -0.0064443573 -0.00011794333 0.0055394094
v -0.0064526345 0.000117385265 0.0057512964
v -0.0064337156 0.0006831494 0.0023505734
v -0.0063946946 -0.0006190835 0.0051432727
v -0.0063994243 -0.0005886005 0.0051643294
v -0.006405337 -0.0005447051 0.0115498975
v -0.006421891 -0.00039107085 0.0085900575
v -0.005546878 0.0033266335 0.0018175654
v -0.005643839 0.0034875835 0.0019241674
v -0.005658028 0.0035339177 0.0019478565
v -0.0064337156 0.0006831494 0.0115498975
v -0.0056745824 0.0036485337 0.011894708
v -0.0054463698 0.003241281 0.012165817
v -0.0052985637 0.003176657 0.012267156
v -0.005086905 0.0031693412 0.012381652
v -0.0063473964 -0.00091050076 0.008929604
v -0.006434898 -0.00024597184 0.008471612
v -0.006443175 -0.00011794333 0.008361062
v -0.0064526345 0.000117385265 0.008149175
v -0.005565797 0.0033498004 0.0018359907
v -0.0063946946 -0.0006190835 0.008757198
v -0.005244171 0.0031656832 0.01229874
v -0.0056686704 0.0035826904 0.011919713
v -0.005649751 0.0035058733 0.011956563
v -0.0055799866 0.0033680901 0.012043423
v -0.005465289 0.0032534741 0.012150025
vn -0.019570827 -0.17521757 -0.98433524
vn 0.016795894 -0.17543624 -0.98434746
vn 0.095302105 -0.99544835 0
vn -0.11100417 -0.99381995 0
vn -0.05572546 -0.1711281 -0.9836716
vn -0.30963296 -0.9508561 0
vn 0.2949341 -0.04173559 -0.95460576
vn 0.26850516 -0.066827096 -0.96095735
vn 0.21777274 -0.10512873 -0.97032106
vn 0.17185917 -0.1322454 -0.9762047
vn 0.13007525 -0.15106371 -0.97992873
vn 0.090718694 -0.1638727 -0.98230135
vn 0.053156096 -0.17177144 -0.9837017
vn -0.093480796 -0.16270784 -0.982236
vn -0.13253503 -0.14946857 -0.9798436
vn -0.1747121 -0.12984674 -0.9760203
vn -0.18491565 -0.12370878 -0.9749371
vn -0.32240433 0.1048668 -0.94077545
vn -0.32431746 0.10941482 -0.93959916
vn -0.33135894 0.13564141 -0.9337037
vn -0.33520687 0.18744077 -0.9233106
vn -0.12515835 0.98760676 -0.09470096
vn -0.068007044 0.9930563 -0.095991224
vn 0.29562655 -0.95530367 0
vn 0.016796203 -0.17543946 0.98434687
vn -0.019570407 -0.1752138 0.98433584
vn -0.49816585 -0.86708176 0
vn -0.055722058 -0.17111765 0.98367363
vn 0.30658305 -0.030958518 -0.9513403
vn -0.062430542 0.9934327 -0.09588565
vn 0.3312794 -0.013080196 -0.94344205
vn 0.9992214 -0.039453145 0
vn 0.97039634 -0.24151783 0
vn 0.9005564 -0.43473926 0
vn 0.79252154 -0.60984397 0
vn 0.65250176 -0.75778717 0
vn 0.4843302 -0.87488526 0
vn -0.6634521 -0.7482187 0
vn -0.8026102 -0.59650385 0
vn -0.24656889 -0.114460796 -0.96234214
vn -0.22040829 -0.11816143 -0.96822417
vn -0.9070338 -0.421058 0
vn -0.43971115 0.22589268 -0.8692679
vn -0.4430764 0.23310941 -0.8656462
vn -0.45142096 0.25776282 -0.8542702
vn -0.36522844 0.15746862 -0.917503
vn -0.3744999 0.17032725 -0.9114486
vn -0.4656471 0.3177833 -0.82594585
vn -0.47605422 0.3807495 -0.7927183
vn -0.35277745 0.18096258 -0.91804177
vn -0.3327696 0.1394883 -0.93263465
vn -0.49749535 0.47158232 -0.72808546
vn -0.34793293 0.19806479 -0.91635853
vn -0.31065008 0.94778156 -0.072156884
vn -0.19117318 0.9773837 -0.0904095
vn -0.016046248 0.99694866 -0.07639201
vn -0.05585624 0.9939903 -0.09414469
vn -0.39699894 0.91642684 -0.050533496
vn -0.4585063 0.88814366 -0.031190991
vn -0.47576046 0.87957495 0
vn -0.47576043 0.87957484 0
vn 0.059160173 0.9982485 -0
vn 0.05315917 -0.17178144 0.98369986
vn -0.3310963 0.16589016 0.92890024
vn -0.32974142 0.13466372 0.93441767
vn -0.32915407 0.12895378 0.9354296
vn -0.32355472 0.108176164 0.9400055
vn -0.3219114 0.10426982 0.94101053
vn -0.2223672 -0.064302444 0.9728402
vn -0.18453838 -0.12388921 0.97498566
vn -0.17467886 -0.12982203 0.9760294
vn -0.13251586 -0.14944698 0.9798495
vn -0.09347126 -0.16269124 0.98223966
vn 0.09072772 -0.163889 0.9822977
vn 0.1300937 -0.15108515 0.9799229
vn 0.17189129 -0.13227011 0.9761957
vn 0.21782401 -0.105153404 0.9703068
vn 0.26858234 -0.0668464 0.96093446
vn 0.29354534 -0.043166284 0.95497006
vn -0.067620456 0.9930791 0.09602755
vn -0.12370594 0.98778117 0.094790235
vn 0.3407626 -0.0045692055 -0.9401383
vn 0.4451153 0.074692965 -0.8923527
vn 0.95796907 0.16075285 -0.23760036
vn 0.9938387 0.056170035 -0.09554909
vn 0.99649525 0.03653173 -0.07525027
vn 0.9992906 -0.03765961 -0.00028950186
vn 0.9992597 -0.038469594 0
vn 0.3313405 -0.0130826095 0.94342047
vn 0.30720305 -0.030541664 0.95115376
vn -0.96417624 -0.2652239 -0.004514629
vn -0.9738262 -0.22695899 -0.012327691
vn -0.35624313 -0.08302567 -0.9306973
vn -0.33147293 -0.09013745 -0.9391491
vn -0.95092756 -0.30941358 0
vn -0.95428395 -0.2989016 -0.0003169431
vn -0.24704348 -0.1146811 0.96219426
vn -0.3920171 -0.06656819 -0.91754633
vn -0.4599196 0.26297414 -0.84812653
vn -0.45852366 0.26805073 -0.8472926
vn -0.47470334 -0.028932203 -0.8796702
vn -0.46088943 0.2735763 -0.84423757
vn -0.46182662 0.28006476 -0.84159374
vn -0.46182242 0.28333443 -0.8405009
vn -0.522302 0.7396252 -0.4244468
vn -0.4811215 0.27198404 -0.83339477
vn -0.9350687 0.22804953 -0.27136683
vn -0.95983875 0.28055236 0
vn -0.9598387 0.28055236 0
vn 0.20747177 0.97824097 -0
vn 0.551905 0.18170941 -0.81386894
vn 0.28533047 0.9583311 0.013704675
vn 0.44946995 0.8929536 0.024713999
vn 0.5237097 0.85189646 0.00065578765
vn -0.45880172 0.88800603 0.03076195
vn -0.41238567 0.9098017 0.046892617
vn -0.3201701 0.9448123 0.06943144
vn -0.23003356 0.9693941 0.08578837
vn -0.14947264 0.9843661 0.09317393
vn -0.062257882 0.99344 0.095922425
vn -0.02571354 0.9959493 0.08616154
vn -0.33554313 0.14533733 0.9307458
vn -0.34697527 0.17199339 0.92196876
vn -0.51667905 0.57495075 0.6344088
vn -0.48052824 0.3898013 0.78558743
vn -0.39628068 0.20094498 0.89586985
vn -0.36523342 0.15747464 0.9175
vn -0.46965238 0.3214033 0.82226914
vn -0.4487015 0.25450623 0.8566758
vn -0.448767 0.2522388 0.85731196
vn -0.4504436 0.24431655 0.85872585
vn -0.32667857 -0.09111732 0.94073313
vn 0.8529332 0.28082 -0.44005105
vn 0.9189212 0.2518696 -0.3035551
vn 0.79898316 0.60135305 -0.0006466264
vn 0.81022316 0.58611494 0.0027691077
vn 0.98959273 0.14389646 -5.803244e-05
vn 0.9898067 0.14241682 4.0797084e-05
vn 0.9938202 0.11100141 -0.00020560474
vn 0.9940281 0.054984313 0.09426
vn 0.9586565 0.16086821 0.23473199
vn 0.42234924 0.07087269 0.9036583
vn 0.2786208 0.95942557 0.043277442
vn 0.49886927 0.16432303 0.8509568
vn 0.4328106 0.9000452 0.050927386
vn -0.96222216 -0.27226546 0.00029141677
vn -0.9639097 -0.26622972 0
vn -0.9766 -0.21489115 -0.008620163
vn -0.9707796 -0.23997295 0
vn -0.9759504 -0.21799201 -0.00034173205
vn -0.99790317 -0.06462672 -0.0035619598
vn -0.99958646 -0.027453005 -0.008557517
vn -0.99968874 -0.023105314 -0.0094054
vn -0.5150113 -0.011903202 -0.85710084
vn -0.98596877 -0.16692865 -0.0006885793
vn -0.9882086 -0.15311417 -0.0003121199
vn -0.99105024 -0.13348961 0
vn -0.994245 -0.107131 0
vn -0.99517727 -0.098092705 -0.00022502268
vn -0.35590628 -0.08294717 0.9308332
vn -0.9738234 -0.22695832 0.01256684
vn -0.9714854 -0.2368754 0.010306533
vn -0.9623785 -0.27169365 0.0031824673
vn -0.5442449 0.0074372385 -0.83889335
vn -0.46227553 0.2725655 -0.8438065
vn -0.60515356 0.042728502 -0.79496133
vn -0.47911024 0.26550034 -0.83663785
vn -0.48507917 0.268808 -0.83213
vn -0.5248996 0.25451776 -0.8122198
vn -0.80255514 0.13632707 -0.58079267
vn -0.8439044 0.15442827 -0.5137871
vn -0.98366606 0.18000367 0
vn -0.9109615 0.20917183 0.35552248
vn -0.495052 0.27193445 0.82521224
vn -0.4667106 0.28845966 0.83604556
vn -0.46667302 0.29296038 0.8345001
vn 0.64127636 0.7673098 0.0005470781
vn 0.65935147 0.7518336 -0.0013789813
vn 0.84930515 0.27975348 0.44768152
vn -0.46483862 0.2837428 0.83869845
vn -0.46596813 0.2603176 0.8456408
vn -0.4565782 0.23713721 0.85749775
vn -0.45832786 0.21938005 0.86128265
vn -0.4164273 -0.055402983 0.90747935
vn 0.9215851 0.24983655 0.2970904
vn -0.977297 -0.211874 4.8163685e-05
vn -0.98595446 -0.16701335 -0.000537921
vn -0.9779175 -0.20885602 0.007532636
vn -0.9960214 -0.08911417 0.00020873854
vn -0.9976889 -0.067946516 0.000251855
vn -0.9979397 -0.06415641 0.00041815144
vn -0.99920803 -0.039787933 0.00041868287
vn -0.9993821 -0.03515091 0
vn -0.9994413 0.03342085 0
vn -0.9994414 0.033420846 0
vn -0.74389255 0.10927401 -0.65930486
vn -0.6803081 0.080851465 -0.7284532
vn -0.6528869 0.066901505 -0.75449514
vn -0.9870833 -0.16020745 0
vn -0.9881758 -0.15332468 0
vn -0.98950946 -0.1444683 7.6895914e-05
vn -0.9871298 -0.15992068 0.00049750984
vn -0.46551612 -0.032815497 0.8844309
vn -0.5045515 -0.016320044 0.8632274
vn -0.51529795 -0.0119098285 0.8569282
vn -0.99968886 -0.023105314 0.009405402
vn -0.99941033 -0.03353659 0.0073706484
vn -0.9981069 -0.06139674 0.0036266644
vn -0.9960765 -0.08849135 0.0009777582
vn -0.5123444 0.23788664 -0.82517457
vn -0.83691996 0.1531502 0.52546155
vn -0.5194206 0.26222193 0.8132908
vn -0.49570066 0.27142358 0.82499087
vn -0.8120322 0.14205834 0.56605935
vn -0.5032767 0.26390088 0.82284194
vn -0.5392384 0.21715876 0.81367326
vn -0.62039715 0.051018137 0.7826266
vn -0.5603554 0.01690048 0.8280799
vn -0.46016574 0.20526677 0.8637783
vn -0.6439466 0.064628474 0.76233584
vn -0.6997436 0.092282675 0.70840865
vn -0.7602256 0.119131714 0.63864285
f 1//1 2//1 3//1
f 1//2 3//2 4//2
f 1//3 4//3 5//3
f 1//3 5//3 6//3
f 1//4 6//4 7//4
f 1//4 7//4 2//4
f 2//5 8//5 3//5
f 2//6 7//6 9//6
f 2//6 9//6 8//6
f 3//7 10//7 11//7
f 3//8 11//8 12//8
f 3//9 12//9 13//9
f 3//10 13//10 14//10
f 3//11 14//11 15//11
f 3//12 15//12 16//12
f 3//13 16//13 4//13
f 3//14 8//14 17//14
f 3//15 17//15 18//15
f 3//16 18//16 19//16
f 3//17 19//17 20//17
f 3//18 20//18 21//18
f 3//19 21//19 22//19
f 3//20 22//20 23//20
f 3//21 23//21 24//21
f 3//22 24//22 25//22
f 3//23 25//23 10//23
f 4//24 16//24 26//24
f 4//24 26//24 5//24
f 6//25 5//25 27//25
f 6//26 27//26 7//26
f 8//27 9//27 28//27
f 8//27 28//27 17//27
f 7//28 27//28 9//28
f 10//29 29//29 11//29
f 10//30 25//30 29//30
f 11//31 29//31 30//31
f 11//32 30//32 31//32
f 11//32 31//32 32//32
f 11//33 32//33 33//33
f 11//33 33//33 12//33
f 12//34 33//34 34//34
f 12//34 34//34 13//34
f 13//35 34//35 35//35
f 13//35 35//35 14//35
f 14//36 35//36 36//36
f 14//36 36//36 15//36
f 15//37 36//37 26//37
f 15//37 26//37 16//37
f 17//38 28//38 37//38
f 17//38 37//38 18//38
f 18//39 37//39 38//39
f 18//39 38//39 19//39
f 19//40 39//40 40//40
f 19//41 40//41 20//41
f 19//42 38//42 41//42
f 19//42 41//42 39//42
f 20//43 40//43 42//43
f 20//44 42//44 43//44
f 20//45 43//45 44//45
f 20//46 44//46 21//46
f 21//47 44//47 45//47
f 21//48 45//48 46//48
f 21//49 46//49 22//49
f 22//50 47//50 48//50
f 22//51 48//51 23//51
f 22//52 46//52 47//52
f 23//53 48//53 49//53
f 23//54 49//54 25//54
f 23//55 25//55 24//55
f 25//56 50//56 51//56
f 25//57 51//57 29//57
f 25//58 49//58 48//58
f 25//59 48//59 46//59
f 25//60 46//60 52//60
f 25//61 52//61 53//61
f 25//62 53//62 54//62
f 25//62 54//62 50//62
f 5//63 26//63 27//63
f 27//64 55//64 56//64
f 27//65 56//65 57//65
f 27//66 57//66 58//66
f 27//67 58//67 59//67
f 27//68 59//68 60//68
f 27//69 60//69 61//69
f 27//70 61//70 38//70
f 27//71 38//71 37//71
f 27//72 37//72 28//72
f 27//73 28//73 9//73
f 27//74 26//74 36//74
f 27//75 36//75 35//75
f 27//76 35//76 34//76
f 27//77 34//77 33//77
f 27//78 33//78 32//78
f 27//79 32//79 62//79
f 27//80 62//80 53//80
f 27//81 53//81 55//81
f 29//82 51//82 30//82
f 30//83 51//83 63//83
f 30//84 63//84 64//84
f 30//85 64//85 65//85
f 30//86 65//86 66//86
f 30//87 66//87 67//87
f 30//88 67//88 31//88
f 32//89 31//89 68//89
f 32//90 68//90 62//90
f 39//91 69//91 70//91
f 39//92 70//92 71//92
f 39//93 71//93 42//93
f 39//94 42//94 40//94
f 39//95 41//95 72//95
f 39//96 72//96 69//96
f 38//97 61//97 41//97
f 42//98 71//98 43//98
f 43//99 73//99 74//99
f 43//100 74//100 44//100
f 43//101 71//101 73//101
f 44//102 74//102 75//102
f 44//103 75//103 46//103
f 44//104 46//104 45//104
f 46//105 48//105 47//105
f 46//106 75//106 76//106
f 46//107 76//107 77//107
f 46//108 77//108 78//108
f 46//109 78//109 52//109
f 50//110 54//110 51//110
f 51//111 79//111 63//111
f 51//112 54//112 80//112
f 51//113 80//113 81//113
f 51//114 81//114 79//114
f 53//115 52//115 82//115
f 53//116 82//116 83//116
f 53//117 83//117 57//117
f 53//118 57//118 56//118
f 53//119 56//119 55//119
f 53//120 62//120 68//120
f 53//121 68//121 54//121
f 57//122 83//122 58//122
f 58//123 83//123 82//123
f 58//124 82//124 52//124
f 58//125 52//125 59//125
f 59//126 84//126 85//126
f 59//127 85//127 60//127
f 59//128 52//128 84//128
f 60//129 85//129 86//129
f 60//130 86//130 61//130
f 61//131 86//131 87//131
f 61//132 87//132 41//132
f 63//133 79//133 88//133
f 63//134 88//134 64//134
f 64//135 88//135 89//135
f 64//136 89//136 90//136
f 64//137 90//137 65//137
f 65//138 90//138 67//138
f 65//139 67//139 66//139
f 67//140 90//140 31//140
f 31//141 90//141 91//141
f 31//142 91//142 68//142
f 68//143 80//143 54//143
f 68//144 91//144 81//144
f 68//145 81//145 80//145
f 69//146 72//146 92//146
f 69//147 92//147 70//147
f 70//148 93//148 71//148
f 70//149 92//149 94//149
f 70//150 94//150 93//150
f 71//151 95//151 96//151
f 71//152 96//152 97//152
f 71//153 97//153 98//153
f 71//154 98//154 73//154
f 71//155 93//155 99//155
f 71//156 99//156 100//156
f 71//157 100//157 101//157
f 71//158 101//158 102//158
f 71//159 102//159 95//159
f 41//160 87//160 101//160
f 41//161 101//161 94//161
f 41//162 94//162 92//162
f 41//163 92//163 72//163
f 73//164 98//164 74//164
f 74//165 103//165 75//165
f 74//166 98//166 103//166
f 75//167 103//167 104//167
f 75//168 104//168 76//168
f 76//169 104//169 105//169
f 76//170 105//170 98//170
f 76//171 98//171 77//171
f 77//172 98//172 106//172
f 77//172 106//172 78//172
f 52//173 78//173 107//173
f 52//174 107//174 108//174
f 52//175 108//175 85//175
f 52//176 85//176 84//176
f 79//177 81//177 89//177
f 79//178 89//178 88//178
f 81//179 91//179 89//179
f 85//180 108//180 86//180
f 86//181 108//181 109//181
f 86//182 109//182 87//182
f 87//183 109//183 110//183
f 87//184 110//184 101//184
f 89//185 91//185 90//185
f 93//186 94//186 111//186
f 93//187 111//187 99//187
f 94//188 101//188 111//188
f 95//189 102//189 112//189
f 95//190 112//190 96//190
f 96//191 112//191 113//191
f 96//192 113//192 114//192
f 96//193 114//193 97//193
f 97//194 114//194 106//194
f 97//195 106//195 98//195
f 98//196 105//196 104//196
f 98//197 104//197 115//197
f 98//198 115//198 103//198
f 99//199 111//199 116//199
f 99//200 116//200 100//200
f 100//201 116//201 101//201
f 101//202 116//202 111//202
f 101//203 110//203 117//203
f 101//204 117//204 109//204
f 101//205 109//205 106//205
f 101//206 106//206 114//206
f 101//207 114//207 113//207
f 101//208 113//208 112//208
f 101//209 112//209 102//209
f 103//210 115//210 104//210
f 78//211 106//211 107//211
f 107//212 118//212 119//212
f 107//213 119//213 108//213
f 107//214 106//214 118//214
f 108//215 119//215 120//215
f 108//216 120//216 121//216
f 108//217 121//217 106//217
f 108//218 106//218 109//218
f 109//219 117//219 110//219
f 106//220 121//220 120//220
f 106//221 120//221 119//221
f 106//222 119//222 118//222
o geometry2
v -0.0056752637 0.003649325 0.011894708
v -0.0056685973 0.0035853842 0.0023505734
v -0.0056685973 0.0035853842 0.011919713
v -0.0056552636 0.0038046082 0.011856541
v -0.0056730416 0.0036919517 0.0020070798
v -0.0056574857 0.0035366677 0.0019478565
v -0.005648597 0.00350622 0.011956563
v -0.005579708 0.0033692056 0.012043423
v -0.0054463735 0.0032443693 0.012165817
v 0.0052825827 0.026600856 0.011168238
v -0.0051885946 0.005393982 0.011618333
v -0.0043063667 0.008423535 0.011131387
v -0.0008930117 0.020112436 0.0067080786
v -0.0056552636 0.0038046082 0.0020320849
v -0.005644153 0.003487952 0.0019241674
v -0.0055885967 0.0033813845 0.0115498975
v -0.0055663744 0.0033509368 0.0018359907
v -0.0055463742 0.0033296235 0.0018175654
v -0.0054641515 0.0032565482 0.012150025
v -0.0055885967 0.0033813845 0.0023505734
v -0.0054285955 0.0032321904 0.0023505734
v -0.005419707 0.0032261005 0.0017149122
v -0.0054285955 0.0032321904 0.0115498975
v -0.005297484 0.003177384 0.012267156
v 0.0064692567 0.026984498 0.011740727
v 0.0054336945 0.025842708 0.011503834
v 0.0060359207 0.027218945 0.011424871
v 0.0061225877 0.028037991 0.011189295
v 0.004729246 0.026774408 0.010719458
v -0.0036308067 0.010731477 0.010711561
v -0.0030508032 0.01272276 0.010299631
v -0.0009174561 0.020027181 0.006505404
v -0.0010130126 0.019701391 0.0061026867
v -0.0024863547 0.0146561945 0.0040575154
v -0.0015530158 0.017850166 0.008836162
v -0.0011019018 0.019393869 0.008045205
v -0.00096856756 0.019850586 0.007643804
v -0.000924123 0.020002823 0.0074253366
v -0.00088190055 0.020145928 0.0069528674
v -0.0008863448 0.020130705 0.0067949393
v 0.0018825612 0.025644796 0.0069502355
v 0.0019203394 0.025638707 0.006392222
v -0.0033908049 0.011556611 0.0033547345
v -0.0048374813 0.0066027585 0.0024611233
v 0.0052825827 0.026600856 0.0027322336
v 0.0054336945 0.025842708 0.0023966362
v 0.0019936732 0.00017827842 0.0115498975
v -0.00524415 0.0031682504 0.01229874
v 0.006658147 0.026189812 0.0120552685
v 0.0069181486 0.026747005 0.012034211
v 0.007602597 0.028010588 0.012007889
v 0.0071714832 0.028278528 0.011711774
v 0.0064003672 0.027925335 0.011402497
v -0.0051330384 0.003274817 0.012327694
v -0.005039704 0.0031804293 0.012404026
v -0.0048952587 0.0032504592 0.012460617
v 0.006753703 0.028537333 0.0113906525
v 0.007038149 0.029411186 0.011218248
v 0.0056025847 0.02825417 0.010740515
v 0.004211465 0.026935782 0.010219351
v 0.0033781263 0.025340319 0.010214087
v 0.0028914565 0.02543775 0.009665286
v -0.0025641331 0.014385209 0.009908759
v -0.0021330193 0.015861927 0.009508674
v -0.00093078986 0.01997542 0.0064238077
v -0.0009796787 0.019811003 0.0062119206
v -0.0010930127 0.019424316 0.005877639
v -0.001244125 0.018906703 0.00555257
v -0.0013996814 0.018376913 0.005285408
v 0.0019470062 0.025632616 0.0062290295
v 0.0020358956 0.025614347 0.0058500017
v -0.0017196834 0.017277747 0.0048418925
v -0.0021996861 0.015633568 0.0043220455
v 0.002660344 0.025492556 0.004549725
v 0.0030203462 0.025416438 0.0040785726
v -0.0029174685 0.013176433 0.0037021767
v -0.0018107952 0.016964136 0.009162548
v 0.002473676 0.025523005 0.009059895
v 0.0021514518 0.025586944 0.008396596
v -0.0013441257 0.0185596 0.008522938
v -0.0012330138 0.01894324 0.008324211
v -0.0010130126 0.019692257 0.007808313
v 0.0019492283 0.025629573 0.0076859184
v 0.0019447838 0.025629573 0.0076714414
v -0.00089745596 0.020091122 0.007205553
v 0.0023070085 0.02647602 0.0069502355
v 0.0028625675 0.02736205 0.006223765
v 0.0033914596 0.025340319 0.0036758552
v 0.004211465 0.026935782 0.0036811195
v -0.0039885864 0.009504432 0.0029585976
v 0.004729246 0.026774408 0.0031823295
v 0.0061203656 0.028037991 0.0027111764
v 0.0060359207 0.027218945 0.0024742843
v 0.0064692567 0.026984498 0.0021597436
v -0.0052530393 0.0031682504 0.0016069948
v 0.0019936732 0.00017827842 0.0023505734
v 0.0054870285 -0.00063772127 0.0023505734
v 0.0054870285 -0.00063772127 0.0115498975
v -0.0050863717 0.003171295 0.012381652
v 0.0075425967 0.02592796 0.012515892
v -0.0048197033 0.0033113547 0.012481675
v -0.004068587 0.0040634144 0.012651447
v -0.00372414 0.004383116 0.012733044
v -0.0033019157 0.0047089076 0.012846226
v 0.0082426015 0.027185453 0.012502732
v 0.008398158 0.02921023 0.012014469
v 0.007244817 0.029304618 0.011386705
v -0.00042634225 0.0061308183 0.013672717
v 0.0065492573 0.029663902 0.01076552
v 0.005115915 0.02845817 0.010237776
v 0.0037447952 0.027081931 0.009662654
v -0.0011841245 0.019107658 0.005667068
v 0.0021447851 0.025593035 0.0055249324
v -0.0014974601 0.018035898 0.005136692
v 0.0022136746 0.025580855 0.005353844
v 0.0030492353 0.027304199 0.005517036
v -0.001886351 0.016702285 0.0046457984
v 0.002500343 0.02552605 0.0047984626
v 0.0033492371 0.02720981 0.004851105
v 0.0037447952 0.027084976 0.0042378167
v 0.0033492371 0.02720981 0.009049365
v 0.0030492353 0.027304199 0.008383435
v 0.0028625675 0.02736205 0.0076767057
v 0.0028003447 0.027380317 0.0069489195
v 0.002951457 0.027645215 0.0069489195
v 0.003535905 0.028601274 0.0069476035
v 0.0038514626 0.028975781 0.0062224492
v 0.0040270193 0.028905753 0.005513088
v 0.005115915 0.02845817 0.0036626947
v 0.0056025847 0.02825417 0.0031599563
v 0.0038247956 0.025252018 0.0032744543
v 0.007038149 0.029411186 0.002682223
v 0.006753703 0.028537333 0.002509818
v 0.0064003672 0.027925335 0.0024979734
v 0.0071714832 0.028278528 0.002187381
v 0.007602597 0.028010588 0.0018912656
v 0.0069181486 0.026747005 0.0018662601
v 0.006658147 0.026189812 0.0018438869
v -0.0048197033 0.0033113547 0.0014187968
v -0.005006371 0.0031926082 0.001481968
v -0.005093038 0.003171295 0.00152145
v 0.0093159415 0.008901565 0.0119499825
v 0.008891494 0.008186042 0.0119499825
v 0.0106159495 0.010719297 0.0069502355
v 0.0106159495 0.010737566 0.007210817
v 0.015798204 0.02276748 0.0073700617
v 0.016962655 0.02573005 0.008553208
v 0.016882654 0.02571787 0.008941448
v 0.016673766 0.025751363 0.010025889
v 0.008444825 0.02523984 0.01301205
v 0.008858161 0.026080199 0.012983097
v -0.0020574634 0.005582758 0.013173927
v -0.0017174613 0.005786759 0.013263419
v -0.0013552369 0.005948132 0.01337002
v 0.009242607 0.02676832 0.01296204
v 0.009035939 0.028391186 0.012502732
v 0.008398158 0.02921023 0.0018860013
v 0.0049248026 0.030467723 0.006225081
v 0.0049248026 0.030464679 0.0076753898
v 0.005084804 0.030391604 0.008386067
v 0.005342583 0.030269813 0.00906121
v 0.0056825853 0.03010235 0.009686343
v 0.0060914764 0.02989835 0.010256201
v 0.010231502 0.02825417 0.012923874
v 0.013213743 0.027243305 0.012230305
v 0.0170271 0.02574223 0.0057526124
v -0.00062412117 0.0061125495 0.013605597
v 0.010740395 0.027955782 0.012822537
v 0.008084822 0.024399482 0.013046268
v 0.0046781343 0.028637812 0.009675815
v 0.004307021 0.02879005 0.004843209
v 0.0046781343 0.028640857 0.004224656
v 0.004307021 0.02879005 0.009057262
v 0.0040270193 0.028905753 0.008387383
v 0.0038514626 0.028975781 0.0076780217
v 0.0041447976 0.029508617 0.0069476035
v 0.0043781325 0.029733932 0.006223765
v 0.0045448 0.029663902 0.005513088
v 0.0048136907 0.02954211 0.0048405766
v 0.0060914764 0.02989835 0.0036442697
v 0.006547035 0.029663902 0.003134951
v 0.007244817 0.029304618 0.0025137663
v 0.0082426015 0.027185453 0.0013964237
v 0.0075425967 0.02592796 0.0013845786
v -0.0033019157 0.0047089076 0.0010542455
v -0.003721918 0.004383116 0.0011661113
v -0.004068587 0.0040634144 0.0012490237
v -0.00042634225 0.0061308183 0.000227754
v -0.0049485927 0.003216966 0.0014595948
v 0.0106159495 0.010722343 0.006864691
v 0.008891494 0.008186042 0.0019504884
v 0.0093159415 0.008901565 0.0019504884
v 0.016884878 0.02571787 0.0049656034
v 0.016964879 0.02573005 0.0053551598
v 0.015807092 0.02276748 0.0066646487
v 0.016247096 0.025931004 0.011287999
v 0.01581376 0.022764437 0.0069502355
v 0.016973767 0.025586944 0.0069502355
v -0.0011352352 0.006018162 0.013438457
v 0.009720389 0.027529512 0.012940982
v 0.013213743 0.027243305 0.0016701659
v 0.010231502 0.02825417 0.0009765974
v 0.009035939 0.028391186 0.0013964237
v 0.0056825853 0.03010235 0.0042141275
v 0.005342583 0.030269813 0.0048392606
v 0.005084804 0.030391604 0.005514404
v 0.0048292466 0.03043423 0.0069502355
v 0.0043781325 0.029733932 0.0076767057
v 0.0045448 0.029663902 0.008387383
v 0.0048136907 0.02954211 0.009059895
v 0.016298208 0.025961451 0.0026098392
v 0.009242607 0.02676832 0.00093843136
v 0.008869272 0.026101511 0.00091737416
v 0.008455936 0.025261153 0.00088842073
v -0.0015952382 0.0058476543 0.0006015175
v -0.0019396851 0.0056619225 0.00069627445
v -0.0020574634 0.005582758 0.0007265443
v -0.00062412117 0.0061125495 0.0002948735
v 0.010751506 0.02796796 0.0010766187
v 0.016482653 0.025684379 0.0035521449
v 0.01668043 0.025684379 0.004206231
v 0.016791545 0.025702648 0.0045826267
v 0.009720389 0.027529512 0.00095948856
v -0.0010130126 0.0060486095 0.00042384816
vn -0.99460894 -0.103696845 0
vn -0.50983983 0.26669198 0.8178867
vn -0.99179715 0.12782212 0.00032815943
vn -0.99907553 -0.042986304 -0.00040984983
vn -0.974961 -0.22237588 0
vn -0.9954821 -0.093565576 -0.016148357
vn -0.96954983 -0.24489416 0.00011604051
vn -0.54252535 0.23795374 0.8056328
vn -0.50966144 0.25980884 0.8202101
vn -0.50267 0.26603568 0.82252526
vn -0.50522596 0.26718843 0.82058334
vn -0.930009 0.3040207 0.20652978
vn -0.95990074 0.28034005 8.7049135e-05
vn -0.9599082 0.28031474 0
vn -0.9877762 0.15587829 0
vn -0.52003306 0.273944 0.8090243
vn -0.5072946 0.26225993 -0.820897
vn -0.96452194 -0.26400277 5.3444506e-05
vn -0.50222135 0.26311126 -0.82373905
vn -0.90080035 -0.4342334 0.00039164402
vn -0.8947094 -0.44661972 0.00509259
vn -0.7290966 -0.68441075 0.000272526
vn -0.6983012 -0.715804 0.0004944281
vn -0.62561464 0.09140192 0.7747594
vn -0.807752 -0.5895225 0
vn -0.8077446 -0.58953243 -1.930321e-08
vn -0.5651579 -0.82498276 0
vn -0.5652149 -0.8249438 -1.5165548e-07
vn -0.56515634 -0.82498384 6.8002095e-08
vn -0.41370848 -0.9103891 0.0060602473
vn -0.4658703 0.24903306 0.8490863
vn -0.47062016 0.25135785 0.84577537
vn -0.500442 0.26508337 0.8241897
vn -0.49898607 0.26567912 0.82488024
vn -0.5114524 0.28707635 0.8099405
vn -0.54057586 0.3044752 0.78426564
vn -0.54742944 0.28718793 0.78603065
vn -0.5436635 0.2851946 0.7893631
vn -0.9555241 0.28971756 0.05511224
vn -0.95989513 0.28035918 0.00014202022
vn -0.59350973 0.3089151 0.7431807
vn -0.95769507 0.28773183 -0.0055276174
vn -0.959898 0.2803496 -7.865393e-05
vn -0.959908 0.28031528 -1.9716629e-06
vn -0.95984274 0.28053823 0.00054187566
vn -0.9597044 0.28100923 0.0010854636
vn -0.95964223 0.28122112 0.0012090405
vn -0.95933753 0.28225732 0.0015236042
vn -0.9561025 0.29301387 0.003307773
vn -0.919704 0.3924305 -0.0119466605
vn -0.89306355 0.4491829 -0.025927747
vn -0.89076966 0.44975168 -0.065213576
vn -0.89008546 0.44848377 -0.08130241
vn -0.959482 0.28165415 -0.008069972
vn -0.5257975 0.2769836 -0.80424935
vn -0.50004673 0.26524633 -0.8243772
vn -0.497702 0.26409608 -0.8261634
vn -0.95962274 0.28123832 -0.005392128
vn -0.49521056 0.2536325 -0.8309254
vn -0.8720107 -0.4894095 -0.008699603
vn -0.88673586 -0.46227655 0
vn -0.4881927 0.25953358 -0.8332527
vn -0.63352245 -0.77372295 -0.0014460151
vn -0.6363636 -0.7713892 -0.00039157434
vn -0.47546437 0.25356105 -0.8424016
vn -0.38670576 -0.9222031 0.00022154498
vn -0.3803982 -0.92482275 0.00013639325
vn -0.33556637 -0.8897789 0.30933592
vn -0.46205205 0.24720372 0.85170317
vn -0.4401018 0.23808363 0.86580974
vn -0.43247008 0.25228944 0.86563253
vn -0.43463743 0.25518766 0.8636953
vn -0.462348 0.2697993 0.8446554
vn -0.46840128 0.2683242 0.8417852
vn -0.47502965 0.25617012 0.84185743
vn -0.45786324 0.24520998 0.85453695
vn -0.45441863 0.24358141 0.8568382
vn -0.45380673 0.24329673 0.85724336
vn -0.44136432 0.23758349 0.8653044
vn -0.5071125 0.2873708 0.81256074
vn -0.49938348 0.30401963 0.81128794
vn -0.51008886 0.32329047 0.7970525
vn -0.53070664 0.33744976 0.777482
vn -0.5440365 0.30998904 0.77969944
vn -0.5958115 0.34129602 0.72699773
vn -0.6064655 0.31567302 0.7297603
vn -0.62424767 0.32370916 0.7110045
vn -0.63796407 0.32977498 0.69588107
vn -0.670593 0.34613058 0.65612406
vn -0.6815024 0.35054418 0.64239645
vn -0.958129 0.28553146 0.021461198
vn -0.95930386 0.28228384 0.0072097415
vn -0.896197 0.42603138 -0.12380643
vn -0.9432829 0.32925364 -0.04253744
vn -0.88501483 0.4447855 -0.1375305
vn -0.95692915 0.28984204 -0.01668002
vn -0.9574322 0.28830606 -0.014249966
vn -0.9598628 0.2804696 -0.00040006853
vn -0.8793327 0.44258127 -0.17577168
vn -0.8698647 0.4389081 -0.22515555
vn -0.8688286 0.43814194 -0.23058307
vn -0.9587453 0.2840082 -0.012111043
vn -0.9570581 0.2884737 -0.028684217
vn -0.72317684 0.36996165 -0.58321834
vn -0.7104768 0.36477384 -0.6017995
vn -0.6867625 0.35270384 -0.6355762
vn -0.957437 0.28678694 -0.032677375
vn -0.95740753 0.2876745 0.024782129
vn -0.7896358 0.40085408 0.46453348
vn -0.80441964 0.40961188 0.43026397
vn -0.8204008 0.41515666 0.39317626
vn -0.9500826 0.30619472 0.059898615
vn -0.95819914 0.28587335 0.011436753
vn -0.9407574 0.3326054 0.0659475
vn -0.85251886 0.43107322 0.2956136
vn -0.85852814 0.4356592 0.27042645
vn -0.8602529 0.4361391 0.26409784
vn -0.8698359 0.43853644 0.22598958
vn -0.87742054 0.44143447 0.18779962
vn -0.88556176 0.44581267 0.13050506
vn -0.951464 0.3076519 0.008156024
vn -0.8890875 0.44954836 0.08619595
vn -0.8905411 0.44910792 0.072378255
vn -0.89263725 0.44877845 0.04238715
vn -0.8933047 0.449085 -0.01815074
vn -0.8873 0.45308128 0.08611624
vn -0.88871825 0.45380548 -0.06511914
vn -0.8816591 0.44370627 -0.16062984
vn -0.88460445 0.4445603 -0.14085856
vn -0.87721926 0.47008282 -0.097511776
vn -0.87263364 0.46148515 -0.15981856
vn -0.6510746 0.33621418 -0.68048644
vn -0.6364878 0.32943058 -0.6973943
vn -0.61242074 0.31809232 -0.72371143
vn -0.955648 0.28915998 -0.055888616
vn -0.5711016 0.29819834 -0.7648011
vn -0.5482679 0.28809536 -0.7851136
vn -0.5418117 0.30437168 -0.7834525
vn -0.5125258 0.2869204 -0.809317
vn -0.49994847 0.2652863 -0.82442385
vn -0.47388884 0.2549241 -0.84287786
vn -0.4705882 0.2513236 -0.84580326
vn -0.37307552 -0.924284 -0.080707505
vn -0.38024348 -0.92488647 0
vn -0.4643108 0.24826397 -0.850165
vn -0.22746317 -0.9737868 -0
vn -0.12333227 -0.52799463 0.8402444
vn -0.20462003 -0.67976123 0.704312
vn -0.27123934 -0.7931556 0.5452828
vn -0.45667523 0.2247218 0.86078334
vn -0.4555672 0.24225917 0.85660315
vn -0.3986782 0.21968322 0.8903904
vn -0.43018737 0.23207973 0.8723977
vn -0.42921653 0.23160374 0.87300223
vn -0.41871685 0.22668518 0.8793692
vn -0.40866104 0.22208056 0.88525504
vn -0.39928213 0.21792673 0.8905514
vn -0.3914667 0.23060392 0.8908286
vn -0.39067858 0.22681494 0.89214647
vn -0.4221861 0.27524164 0.8637134
vn -0.37596214 0.24442244 0.8938177
vn -0.4370197 0.29988 0.8479892
vn -0.45881644 0.2979802 0.83707535
vn -0.46654975 0.28556323 0.83712906
vn -0.105295114 -0.48456326 0.86839586
vn -0.041650254 -0.3319464 0.9423783
vn -0.23442826 -0.04493306 0.9710945
vn -0.4938318 0.3202451 0.8084388
vn -0.38596454 0.48851255 0.7825516
vn -0.3134682 0.6439065 0.6979414
vn -0.5351164 0.34567258 0.7708183
vn -0.5833035 0.3789607 0.71843284
vn -0.59937704 0.34736183 0.7211705
vn -0.6563724 0.38207766 0.650532
vn -0.67092806 0.34926233 0.65411884
vn -0.66998255 0.34777936 0.6558757
vn -0.73454845 0.38213217 0.560726
vn -0.7365312 0.37727928 0.5614109
vn -0.72205573 0.3692977 0.58502537
vn -0.75934166 0.3863969 0.5235435
vn -0.93449897 0.33967474 -0.10645606
vn -0.8575451 0.43222255 -0.27892673
vn -0.8492785 0.42894298 -0.3077885
vn -0.84793025 0.42847607 -0.31212592
vn -0.8359435 0.42224172 -0.35058552
vn -0.93752486 0.32404712 -0.12665166
vn -0.8309704 0.42026123 -0.36451146
vn -0.81377256 0.41206583 -0.40984884
vn -0.8616128 0.4554553 -0.2240175
vn -0.8495787 0.45786002 -0.26187834
vn -0.84092546 0.44304442 -0.31073472
vn -0.9481362 0.30504888 -0.08934764
vn -0.7999911 0.4062011 -0.44160503
vn -0.7956888 0.4047204 -0.4506447
vn -0.77383983 0.39330068 -0.49647403
vn -0.75183433 0.3830142 -0.53669846
vn -0.74801993 0.39382756 -0.5341967
vn -0.7347443 0.39191946 -0.5536695
vn -0.71009725 0.36573365 -0.60166496
vn -0.75243556 0.383337 -0.53562444
vn -0.668412 0.3527101 -0.6548443
vn -0.6584357 0.34062445 -0.6711463
vn -0.6586117 0.34014353 -0.6712176
vn -0.7365807 0.38580066 0.5555238
vn -0.80054617 0.41821435 0.4292116
vn -0.80235237 0.42270043 0.42137286
vn -0.8525702 0.4477902 0.26945883
vn -0.8369358 0.42256615 0.3478165
vn -0.8530642 0.4511186 0.262247
vn -0.8531435 0.4511586 0.2619199
vn -0.87894213 0.4653034 0.10465852
vn -0.8744996 0.47720635 0.08674384
vn -0.87458175 0.47699824 -0.08706048
vn -0.86533767 0.49363568 -0.08668635
vn -0.84911305 0.5189355 -0.09855447
vn -0.84834087 0.5197817 -0.100721344
vn -0.824771 0.505213 -0.25399342
vn -0.8246698 0.5028404 -0.25898123
vn -0.6554896 0.3815384 -0.6517375
vn -0.5993767 0.3473614 -0.721171
vn -0.5952113 0.34028068 -0.7279646
vn -0.60549915 0.31551346 -0.73063123
vn -0.60645336 0.31553873 -0.7298285
vn -0.60319287 0.31398842 -0.7331914
vn -0.5454233 0.31012967 -0.7786738
vn -0.5314489 0.3388278 -0.77637476
vn -0.5084347 0.3229852 -0.7982322
vn -0.49724588 0.30281958 -0.8130478
vn -0.5043235 0.28750113 -0.81424874
vn -0.46629614 0.26883885 -0.8427892
vn -0.46345538 0.26953042 -0.84413415
vn -0.43504155 0.25452876 -0.8636862
vn -0.4328474 0.25159228 -0.86564684
vn -0.4392291 0.23972091 -0.86580116
vn -0.44290793 0.2382612 -0.8643287
vn -0.44415888 0.23883258 -0.8635288
vn -0.45089903 0.24195895 -0.8591542
vn -0.46058533 0.24648914 -0.8527041
vn -0.27325985 -0.7964473 -0.5394448
vn -0.18281002 -0.6396695 -0.74659455
vn -0.12352606 -0.5288242 -0.839694
vn 0.21191084 -0.12570536 0.9691708
vn 0.20673831 -0.12377149 0.9705359
vn 0.91137224 -0.41158304 0
vn 0.91524184 -0.4019185 0.028177783
vn 0.9171813 -0.3957223 0.04671391
vn 0.91742253 -0.3907068 0.07539338
vn 0.90981436 -0.37599814 0.17567948
vn 0.908356 -0.3742936 0.18653095
vn 0.9053982 -0.37199438 0.20463185
vn -0.34846482 0.20292251 0.9150927
vn -0.34848568 0.2035661 0.91494185
vn -0.38449264 0.21049674 0.8988085
vn -0.3594177 0.1990817 0.91169375
vn -0.35686377 0.19795366 0.91294175
vn -0.3532164 0.19640435 0.9146932
vn -0.3682703 0.16110508 0.9156539
vn -0.32200608 0.10425466 0.94097984
vn -0.3821715 0.18043755 0.9063042
vn -0.32399333 0.108981706 0.9397613
vn -0.33261985 0.21393764 0.91847414
vn -0.33091173 0.21773045 0.9181998
vn -0.3716267 0.24451973 0.8956024
vn 0.34041673 0.94027466 0
vn 0.33750343 0.94132227 0.0019754495
vn 0.30790436 0.95099145 0.028464252
vn 0.26288736 0.9620478 0.07317231
vn 0.1797164 0.970259 0.16217102
vn 0.05344177 0.95169836 0.3023478
vn -0.1410537 0.84503883 0.5157648
vn -0.282012 0.31966066 0.90459174
vn 0.35954815 0.90515685 0.22675152
vn 0.37781048 0.92584944 0.007866366
vn 0.37291268 0.92786646 0
vn -0.3293394 0.12888584 0.9353737
vn 0.20649599 -0.122493446 0.9707496
vn 0.19009638 -0.059087917 0.9799858
vn 0.16812122 -0.047664143 0.98461336
vn -0.027853018 0.04721575 0.99849635
vn -0.1679052 0.11181043 0.9794418
vn -0.33111352 0.18570137 0.92513716
vn -0.5885685 0.38962728 0.7083627
vn -0.6421719 0.42685425 0.63671863
vn -0.6611877 0.39121753 0.6401404
vn -0.7174029 0.42568982 0.55147195
vn -0.82451916 0.434132 -0.36290163
vn -0.7999068 0.4276984 -0.4209789
vn -0.791897 0.4133019 -0.44953382
vn -0.7797003 0.4750183 -0.4079525
vn -0.7781584 0.4695582 -0.41711447
vn -0.7220128 0.43492386 -0.5380882
vn -0.7182319 0.4261996 -0.54999703
vn -0.66029805 0.39067328 -0.64138997
vn -0.721185 0.43441436 0.53960747
vn -0.77815825 0.469558 0.41711494
vn -0.7797002 0.47501838 0.40795246
vn -0.8246698 0.5028405 0.25898105
vn -0.824771 0.505213 0.25399342
vn -0.8484025 0.51982003 0.100002445
vn -0.84901464 0.51914626 0.09829209
vn -0.86536115 0.49364913 0.08637521
vn -0.82815284 0.55575037 0.07283156
vn -0.82812077 0.5557289 -0.0733574
vn -0.8181122 0.5684744 -0.08677134
vn -0.79678583 0.553928 -0.24144557
vn -0.7992094 0.5458235 -0.2516763
vn -0.7579909 0.51767313 -0.3968178
vn -0.75884944 0.50982434 -0.40524897
vn -0.64123863 0.42620456 -0.6380931
vn -0.58962613 0.39036024 -0.70707846
vn -0.58366024 0.3782789 -0.7185025
vn -0.53439903 0.3443289 -0.7719167
vn -0.31476566 0.6415184 -0.69955456
vn -0.38596496 0.48851186 -0.7825517
vn -0.4938316 0.32024547 -0.8084388
vn -0.46791628 0.28633237 -0.83610296
vn -0.46013817 0.2988215 -0.83604926
vn -0.43680662 0.3008748 -0.8477467
vn -0.42176598 0.2759102 -0.86370534
vn -0.37532812 0.24498163 -0.89393103
vn -0.39211208 0.23002276 -0.89069504
vn -0.39132598 0.22624072 -0.8920085
vn -0.39712372 0.2210748 -0.8907406
vn -0.39836544 0.21746637 -0.89107436
vn -0.40785784 0.22167118 -0.8857278
vn -0.4195724 0.22703432 -0.8788711
vn -0.429145 0.23151875 -0.87306
vn -0.36826512 0.16109857 -0.9156572
vn -0.32200637 0.10425499 -0.9409797
vn -0.042156085 -0.332338 -0.94221777
vn -0.046334796 -0.34235018 -0.9384293
vn -0.42616794 0.20066285 -0.88210845
vn -0.115394965 -0.5094978 -0.8526993
vn 0.91346323 -0.40666348 -0.014479078
vn 0.20673831 -0.12377149 -0.9705359
vn 0.21191084 -0.12570536 -0.9691708
vn 0.906441 -0.37220094 -0.19957781
vn 0.9098776 -0.3761164 -0.17509781
vn 0.9143393 -0.3830372 -0.1314009
vn 0.9173575 -0.39387912 -0.057571292
vn 0.9171209 -0.39601007 -0.045444205
vn 0.87419844 -0.3424248 0.34427088
vn 0.26754665 -0.071541846 0.9608854
vn 0.21584435 -0.0607632 0.9745353
vn 0.91806805 -0.39617175 -0.014103934
vn 0.91780543 -0.3960584 0.027766803
vn 0.9176069 -0.39577535 0.036871374
vn 0.9242984 -0.37987244 0.037004124
vn 0.9243525 -0.37940726 0.040279575
vn 0.985334 -0.16922112 0.02193798
vn 0.38511077 0.92278063 0.012875133
vn 0.40704766 0.9125546 0.039448757
vn 0.66459835 0.73755115 0.11969647
vn 0.9594589 -0.20706877 0.19120944
vn -0.09792092 0.082333036 0.99178255
vn -0.34701294 0.1933093 0.9177219
vn -0.3364832 0.18817161 0.92269737
vn -0.0705172 0.06984718 0.9950621
vn -0.32986778 0.13066891 0.93494
vn -0.33607024 0.14658976 0.9303592
vn -0.352262 0.18460198 0.917515
vn -0.3124164 0.22164944 0.9237248
vn -0.05661701 0.06310095 0.99639994
vn -0.29925194 0.23291291 0.9253107
vn 0.35954812 0.9051568 -0.22675171
vn -0.28061652 0.32196963 -0.9042068
vn -0.37242886 0.24504752 -0.89512485
vn -0.1397484 0.8460562 -0.51445055
vn 0.05344195 0.95169836 -0.3023478
vn 0.17971593 0.9702591 -0.16217126
vn 0.26288748 0.96204776 -0.07317226
vn 0.3024805 0.9525516 -0.033925284
vn 0.37762344 0.92587763 -0.012296622
vn -0.7787699 0.58060515 -0.23751865
vn -0.79942334 0.5957054 -0.07782925
vn -0.3172848 0.9483282 0.0019901253
vn -0.7980892 0.5971925 0.08009126
vn -0.7780889 0.5825095 0.23507464
vn -0.7794047 0.5788043 0.23982066
vn -0.7416271 0.55102885 0.38256574
vn -0.74347943 0.5396458 0.39499465
vn -0.6948336 0.50407696 0.512945
vn -0.6952067 0.4729146 0.54133123
vn -0.64770263 0.4397529 0.6221725
vn 0.26593417 0.12910618 0.9553065
vn -0.05467932 0.062094186 0.99657136
vn 0.7915901 0.5942914 -0.14213625
vn 0.3904695 0.92023814 -0.02636957
vn 0.9249016 -0.38012028 -0.008098623
vn 0.9221233 -0.3860452 -0.025645103
vn -0.70088005 0.470311 0.5362599
vn -0.7017465 0.47090086 -0.5346065
vn -0.6952139 0.4739114 -0.54044944
vn -0.6473106 0.44040018 -0.6221226
vn -0.75884956 0.5098241 0.40524897
vn -0.757991 0.5176732 0.39681756
vn -0.7992094 0.5458235 0.2516763
vn -0.79678583 0.553928 0.24144557
vn -0.81815696 0.5685045 0.08614994
vn -0.8019791 0.5928181 0.07345889
vn -0.8017561 0.59307206 -0.07384216
vn -0.7794047 0.57880425 -0.23982067
vn -0.7416271 0.5510289 -0.38256553
vn -0.7434796 0.5396454 -0.39499485
vn -0.6948338 0.5040764 -0.5129454
vn -0.3313225 0.21451743 -0.91880774
vn -0.3484978 0.20293869 -0.9150766
vn -0.3489249 0.20285337 -0.9149327
vn -0.33011216 0.21720433 -0.9186121
vn -0.35339695 0.19648483 -0.9146061
vn -0.35802922 0.19850546 -0.91236544
vn -0.37000072 0.20390348 -0.906379
vn -0.38449302 0.21049692 -0.89880824
vn -0.32399306 0.10898073 -0.9397616
vn -0.37406245 0.16913304 -0.91185045
vn 0.20649599 -0.122493446 -0.9707496
vn -0.3293394 0.12888584 -0.9353737
vn -0.33111322 0.18568674 -0.9251402
vn -0.039270636 0.05269383 -0.99783826
vn 0.16431612 -0.045806263 -0.9853436
vn 0.19013418 -0.059230708 -0.9799698
vn 0.9178871 -0.39601162 -0.025653232
vn 0.21691237 -0.060986333 -0.97428423
vn 0.26367763 -0.07073688 -0.9620138
vn 0.8924862 -0.3544962 -0.27892777
vn 0.8944386 -0.35613877 -0.2704529
vn 0.89896214 -0.3611618 -0.24784903
vn 0.90562963 -0.3706891 -0.2059724
vn 0.97059816 0.03614483 -0.23797648
vn 0.93185 0.3022058 -0.20081659
vn 0.28012672 0.17938422 -0.9430538
vn -0.049105227 0.05850572 -0.99707854
vn -0.053640738 0.06136469 -0.996673
vn -0.2984397 0.23235017 -0.9257144
vn -0.31156403 0.22112586 -0.92413807
vn 0.93528706 -0.23488519 -0.26470172
vn 0.9042649 -0.32793885 -0.27342474
vn -0.057547573 0.06368253 -0.99630964
vn -0.33691412 0.18835565 -0.92250264
vn -0.3467368 0.19308488 -0.91787356
vn -0.33403093 0.14426123 -0.9314569
vn -0.33224025 0.138951 -0.9329036
vn -0.3315186 0.13626197 -0.93355674
f 122//223 123//223 124//223
f 122//224 124//224 125//224
f 122//225 125//225 126//225
f 122//226 126//226 123//226
f 123//227 127//227 124//227
f 123//228 126//228 127//228
f 124//229 127//229 128//229
f 124//230 128//230 129//230
f 124//231 129//231 130//231
f 124//232 130//232 131//232
f 124//233 131//233 125//233
f 125//234 132//234 133//234
f 125//235 133//235 134//235
f 125//236 134//236 135//236
f 125//237 135//237 126//237
f 125//238 131//238 132//238
f 126//239 135//239 127//239
f 127//240 136//240 128//240
f 127//241 135//241 136//241
f 128//242 136//242 137//242
f 128//243 137//243 129//243
f 129//244 138//244 139//244
f 129//245 139//245 140//245
f 129//246 140//246 130//246
f 129//247 137//247 141//247
f 129//248 141//248 138//248
f 130//249 140//249 142//249
f 130//250 142//250 143//250
f 130//251 143//251 144//251
f 130//252 144//252 145//252
f 130//253 145//253 146//253
f 130//254 146//254 147//254
f 130//255 147//255 131//255
f 131//256 147//256 148//256
f 131//257 148//257 149//257
f 131//258 149//258 150//258
f 131//259 150//259 133//259
f 131//260 133//260 132//260
f 133//261 151//261 152//261
f 133//262 152//262 134//262
f 133//263 150//263 151//263
f 134//264 153//264 154//264
f 134//265 154//265 155//265
f 134//266 155//266 135//266
f 134//267 152//267 156//267
f 134//268 156//268 157//268
f 134//269 157//269 158//269
f 134//270 158//270 159//270
f 134//271 159//271 160//271
f 134//272 160//272 161//272
f 134//273 161//273 162//273
f 134//274 162//274 163//274
f 134//275 163//275 153//275
f 135//276 164//276 165//276
f 135//277 165//277 166//277
f 135//278 166//278 167//278
f 135//279 167//279 136//279
f 135//280 155//280 164//280
f 136//281 139//281 138//281
f 136//282 138//282 141//282
f 136//283 141//283 137//283
f 136//284 167//284 139//284
f 139//285 143//285 142//285
f 139//286 142//286 140//286
f 139//287 167//287 143//287
f 144//288 143//288 145//288
f 145//289 143//289 168//289
f 145//290 168//290 169//290
f 145//291 169//291 146//291
f 146//292 170//292 171//292
f 146//293 171//293 172//293
f 146//294 172//294 173//294
f 146//295 173//295 174//295
f 146//296 174//296 148//296
f 146//297 148//297 147//297
f 146//298 169//298 175//298
f 146//299 175//299 176//299
f 146//300 176//300 177//300
f 146//301 177//301 170//301
f 148//302 174//302 149//302
f 149//303 174//303 178//303
f 149//304 178//304 179//304
f 149//305 179//305 180//305
f 149//306 180//306 150//306
f 150//307 180//307 181//307
f 150//308 181//308 151//308
f 151//309 181//309 182//309
f 151//310 182//310 152//310
f 152//311 182//311 183//311
f 152//312 183//312 184//312
f 152//313 184//313 185//313
f 152//314 185//314 156//314
f 153//315 186//315 187//315
f 153//316 187//316 154//316
f 153//317 163//317 186//317
f 154//318 188//318 189//318
f 154//319 189//319 190//319
f 154//320 190//320 155//320
f 154//321 187//321 191//321
f 154//322 191//322 192//322
f 154//323 192//323 188//323
f 155//324 190//324 193//324
f 155//325 193//325 194//325
f 155//326 194//326 195//326
f 155//327 195//327 196//327
f 155//328 196//328 197//328
f 155//329 197//329 164//329
f 156//330 185//330 198//330
f 156//331 198//331 199//331
f 156//332 199//332 200//332
f 156//333 200//333 201//333
f 156//334 201//334 202//334
f 156//335 202//335 157//335
f 157//336 203//336 158//336
f 157//337 202//337 200//337
f 157//338 200//338 204//338
f 157//339 204//339 205//339
f 157//340 205//340 203//340
f 158//341 203//341 205//341
f 158//342 205//342 159//342
f 159//343 206//343 160//343
f 159//344 205//344 162//344
f 159//345 162//345 206//345
f 160//346 206//346 162//346
f 160//347 162//347 161//347
f 162//348 205//348 207//348
f 162//349 207//349 163//349
f 163//350 191//350 187//350
f 163//351 187//351 186//351
f 163//352 207//352 208//352
f 163//353 208//353 191//353
f 164//354 197//354 209//354
f 164//355 209//355 210//355
f 164//356 210//356 211//356
f 164//357 211//357 165//357
f 165//358 211//358 212//358
f 165//359 212//359 166//359
f 166//360 212//360 213//360
f 166//361 213//361 214//361
f 166//362 214//362 167//362
f 167//363 214//363 215//363
f 167//364 215//364 143//364
f 143//365 216//365 217//365
f 143//366 217//366 168//366
f 143//367 215//367 216//367
f 168//368 217//368 218//368
f 168//368 218//368 219//368
f 168//369 219//369 176//369
f 168//370 176//370 220//370
f 168//371 220//371 169//371
f 169//372 220//372 176//372
f 169//373 176//373 175//373
f 170//374 221//374 171//374
f 170//375 177//375 222//375
f 170//376 222//376 223//376
f 170//377 223//377 224//377
f 170//378 224//378 225//378
f 170//379 225//379 221//379
f 171//380 226//380 172//380
f 171//381 221//381 226//381
f 172//382 227//382 173//382
f 172//383 226//383 227//383
f 173//384 227//384 228//384
f 173//385 228//385 178//385
f 173//386 178//386 174//386
f 176//387 219//387 177//387
f 177//388 219//388 229//388
f 177//389 229//389 222//389
f 178//390 228//390 179//390
f 179//391 228//391 227//391
f 179//392 227//392 230//392
f 179//393 230//393 180//393
f 180//394 230//394 231//394
f 180//395 231//395 181//395
f 181//396 231//396 232//396
f 181//397 232//397 183//397
f 181//398 183//398 182//398
f 183//399 232//399 199//399
f 183//400 199//400 185//400
f 183//401 185//401 184//401
f 185//402 199//402 198//402
f 188//403 233//403 189//403
f 188//404 192//404 233//404
f 189//405 233//405 192//405
f 189//406 192//406 234//406
f 189//407 234//407 190//407
f 190//408 235//408 193//408
f 190//409 234//409 236//409
f 190//410 236//410 235//410
f 191//411 208//411 192//411
f 192//412 208//412 237//412
f 192//413 237//413 234//413
f 193//414 238//414 194//414
f 193//415 235//415 236//415
f 193//416 236//416 239//416
f 193//417 239//417 238//417
f 194//418 238//418 195//418
f 195//419 239//419 240//419
f 195//420 240//420 241//420
f 195//421 241//421 196//421
f 195//422 238//422 239//422
f 196//423 241//423 210//423
f 196//424 210//424 209//424
f 196//425 209//425 197//425
f 199//426 232//426 242//426
f 199//427 242//427 200//427
f 200//428 242//428 243//428
f 200//429 243//429 204//429
f 200//430 202//430 201//430
f 204//431 243//431 244//431
f 204//432 244//432 205//432
f 205//433 244//433 207//433
f 207//434 244//434 245//434
f 207//435 245//435 208//435
f 208//436 245//436 246//436
f 208//437 246//437 247//437
f 208//438 247//438 248//438
f 208//439 248//439 249//439
f 208//440 249//440 237//440
f 210//441 241//441 250//441
f 210//442 250//442 251//442
f 210//443 251//443 212//443
f 210//444 212//444 252//444
f 210//445 252//445 211//445
f 211//446 252//446 212//446
f 212//447 251//447 213//447
f 213//448 251//448 253//448
f 213//449 253//449 254//449
f 213//450 254//450 255//450
f 213//451 255//451 214//451
f 214//452 255//452 215//452
f 215//453 255//453 256//453
f 215//454 256//454 257//454
f 215//455 257//455 258//455
f 215//456 258//456 259//456
f 215//457 259//457 260//457
f 215//458 260//458 261//458
f 215//459 261//459 262//459
f 215//460 262//460 216//460
f 216//461 262//461 217//461
f 217//462 262//462 261//462
f 217//463 261//463 218//463
f 219//464 263//464 264//464
f 219//465 264//465 229//465
f 219//466 218//466 265//466
f 219//467 265//467 266//467
f 219//468 266//468 267//468
f 219//469 267//469 268//469
f 219//470 268//470 269//470
f 219//471 269//471 270//471
f 219//472 270//472 263//472
f 221//473 271//473 272//473
f 221//474 272//474 226//474
f 221//475 225//475 273//475
f 221//476 273//476 274//476
f 221//477 274//477 275//477
f 221//478 275//478 271//478
f 222//479 225//479 223//479
f 222//480 229//480 225//480
f 223//481 225//481 224//481
f 225//482 229//482 273//482
f 226//483 272//483 276//483
f 226//484 276//484 277//484
f 226//485 277//485 227//485
f 227//486 278//486 279//486
f 227//487 279//487 280//487
f 227//488 280//488 281//488
f 227//489 281//489 282//489
f 227//490 282//490 283//490
f 227//491 283//491 284//491
f 227//492 284//492 230//492
f 227//493 277//493 285//493
f 227//494 285//494 286//494
f 227//495 286//495 287//495
f 227//496 287//496 278//496
f 229//497 288//497 273//497
f 229//498 264//498 263//498
f 229//499 263//499 289//499
f 229//500 289//500 285//500
f 229//501 285//501 290//501
f 229//502 290//502 271//502
f 229//503 271//503 288//503
f 230//504 284//504 231//504
f 231//505 284//505 291//505
f 231//506 291//506 232//506
f 232//507 291//507 242//507
f 234//508 237//508 236//508
f 236//509 237//509 240//509
f 236//510 240//510 239//510
f 237//511 249//511 292//511
f 237//512 292//512 240//512
f 240//513 292//513 293//513
f 240//514 293//514 241//514
f 241//515 293//515 250//515
f 242//516 291//516 294//516
f 242//517 294//517 243//517
f 243//518 294//518 295//518
f 243//519 295//519 244//519
f 244//520 295//520 296//520
f 244//521 296//521 247//521
f 244//522 247//522 246//522
f 244//523 246//523 245//523
f 247//524 296//524 297//524
f 247//525 297//525 248//525
f 248//526 297//526 298//526
f 248//527 298//527 299//527
f 248//528 299//528 249//528
f 249//529 299//529 300//529
f 249//530 300//530 292//530
f 250//531 293//531 301//531
f 250//532 301//532 302//532
f 250//533 302//533 251//533
f 251//534 302//534 253//534
f 253//535 302//535 278//535
f 253//536 278//536 303//536
f 253//537 303//537 254//537
f 254//538 256//538 255//538
f 254//539 303//539 256//539
f 256//540 303//540 278//540
f 256//541 278//541 257//541
f 257//542 278//542 304//542
f 257//543 304//543 258//543
f 258//544 304//544 305//544
f 258//545 305//545 259//545
f 259//546 305//546 306//546
f 259//547 306//547 307//547
f 259//548 307//548 308//548
f 259//549 308//549 260//549
f 260//550 308//550 306//550
f 260//551 306//551 309//551
f 260//552 309//552 218//552
f 260//553 218//553 310//553
f 260//554 310//554 261//554
f 261//555 310//555 218//555
f 218//556 311//556 265//556
f 218//557 309//557 312//557
f 218//558 312//558 313//558
f 218//559 313//559 314//559
f 218//560 314//560 315//560
f 218//561 315//561 287//561
f 218//562 287//562 316//562
f 218//563 316//563 311//563
f 263//564 270//564 317//564
f 263//565 317//565 286//565
f 263//566 286//566 289//566
f 265//567 311//567 318//567
f 265//568 318//568 266//568
f 266//569 318//569 267//569
f 267//570 318//570 319//570
f 267//571 319//571 268//571
f 268//572 319//572 287//572
f 268//573 287//573 286//573
f 268//574 286//574 317//574
f 268//575 317//575 270//575
f 268//576 270//576 269//576
f 271//577 290//577 272//577
f 271//578 275//578 320//578
f 271//579 320//579 288//579
f 272//580 290//580 276//580
f 273//581 288//581 320//581
f 273//582 320//582 275//582
f 273//583 275//583 274//583
f 276//584 321//584 277//584
f 276//585 290//585 321//585
f 277//586 321//586 285//586
f 278//587 322//587 323//587
f 278//588 323//588 324//588
f 278//589 324//589 304//589
f 278//590 302//590 301//590
f 278//591 301//591 325//591
f 278//592 325//592 326//592
f 278//593 326//593 327//593
f 278//594 327//594 279//594
f 278//595 287//595 322//595
f 279//596 327//596 298//596
f 279//597 298//597 328//597
f 279//598 328//598 280//598
f 280//599 328//599 329//599
f 280//600 329//600 281//600
f 281//601 329//601 330//601
f 281//602 330//602 282//602
f 282//603 330//603 331//603
f 282//604 331//604 283//604
f 283//605 331//605 291//605
f 283//606 291//606 284//606
f 285//607 289//607 286//607
f 285//608 321//608 290//608
f 287//609 315//609 332//609
f 287//610 332//610 322//610
f 287//611 319//611 318//611
f 287//612 318//612 316//612
f 291//613 331//613 294//613
f 292//614 300//614 293//614
f 293//615 300//615 325//615
f 293//616 325//616 301//616
f 294//617 331//617 295//617
f 295//618 331//618 330//618
f 295//619 330//619 296//619
f 296//620 330//620 329//620
f 296//621 329//621 297//621
f 297//622 329//622 328//622
f 297//623 328//623 298//623
f 298//624 327//624 299//624
f 299//625 327//625 326//625
f 299//626 326//626 300//626
f 300//627 326//627 325//627
f 304//628 333//628 334//628
f 304//629 334//629 335//629
f 304//630 335//630 305//630
f 304//631 324//631 333//631
f 305//632 335//632 336//632
f 305//633 336//633 337//633
f 305//634 337//634 338//634
f 305//635 338//635 306//635
f 306//636 338//636 309//636
f 306//637 308//637 307//637
f 309//638 313//638 312//638
f 309//639 338//639 339//639
f 309//640 339//640 335//640
f 309//641 335//641 323//641
f 309//642 323//642 340//642
f 309//643 340//643 313//643
f 311//644 316//644 318//644
f 313//645 340//645 322//645
f 313//646 322//646 332//646
f 313//647 332//647 341//647
f 313//648 341//648 342//648
f 313//649 342//649 343//649
f 313//650 343//650 314//650
f 314//651 343//651 332//651
f 314//652 332//652 315//652
f 322//653 340//653 323//653
f 323//654 335//654 334//654
f 323//655 334//655 344//655
f 323//656 344//656 324//656
f 324//657 344//657 333//657
f 332//658 343//658 342//658
f 332//659 342//659 341//659
f 333//660 344//660 334//660
f 335//661 339//661 345//661
f 335//662 345//662 336//662
f 336//663 345//663 337//663
f 337//664 345//664 339//664
f 337//665 339//665 338//665
o geometry3
v 0.0018812502 0.025646567 0.0069505167
v 0.0019211834 0.025641294 0.006392248
v 0.011561485 0.017736617 0.011133936
v 0.0019446732 0.025633384 0.0076717134
v 0.0023064194 0.026479749 0.0069505167
v 0.001947023 0.025636021 0.006228122
v 0.0086040925 0.020710759 0.0015151864
v 0.0028631333 0.027365664 0.006224528
v 0.008362145 0.020987608 0.012524815
v 0.008409126 0.020916417 0.0124960635
v 0.008564159 0.020745035 0.012408609
v 0.006438313 0.022603873 0.012772801
v 0.005712472 0.023007281 0.012378659
v 0.0050453553 0.023376413 0.011972537
v 0.008801408 0.020589473 0.0016158181
v 0.012141688 0.01912877 0.0027706912
v 0.015806131 0.022769982 0.0066653923
v 0.015813177 0.022767346 0.0069505167
v 0.021720916 0.030086687 0.009949113
v 0.02171152 0.030094596 0.010241426
v 0.021690378 0.030113053 0.010526549
v 0.021652795 0.030142056 0.010798495
v 0.021598767 0.030184243 0.011058462
v 0.021535344 0.030236976 0.011306448
v 0.021507157 0.030260704 0.011396298
v 0.021114873 0.029794019 0.011396298
v 0.01926386 0.0317926 0.012524815
v 0.018530972 0.030991057 0.012524815
v 0.0021537347 0.025591198 0.0083965035
v 0.003048704 0.02730502 0.008383326
v 0.0028631333 0.027365664 0.0076765055
v 0.0027997103 0.02738412 0.0069493186
v 0.0020362847 0.025617564 0.005850752
v 0.008510132 0.020795131 0.0014636721
v 0.003048704 0.02730502 0.0055165095
v 0.002952395 0.027647786 0.006948121
v 0.0035349475 0.02860489 0.006948121
v 0.0038520629 0.028976656 0.006222132
v 0.0040258886 0.028908104 0.0055129156
v 0.0072722086 0.02255905 0.013096262
v 0.008087312 0.024402069 0.013045946
v 0.008446709 0.02524316 0.013012402
v 0.0070490534 0.024610363 0.012595497
v 0.0075446926 0.02592869 0.012515231
v 0.006346702 0.025430363 0.012095931
v 0.0058862977 0.025641294 0.011809608
v 0.005219181 0.02496631 0.011632305
v 0.0051064296 0.024997951 0.011560424
v 0.004502736 0.025119238 0.011145916
v 0.0039201835 0.02523525 0.010705052
v 0.0033775643 0.025343353 0.0102138715
v 0.0028913207 0.025440909 0.009665187
v 0.0024731988 0.025525281 0.009058999
v 0.01578029 0.022777893 0.006340734
v 0.008427917 0.02089005 0.00141695
v 0.008371541 0.020971786 0.001382208
v 0.018530972 0.030991057 0.00137502
v 0.02081655 0.029464437 0.002503537
v 0.021081988 0.029757105 0.002503537
v 0.021535344 0.030236976 0.002593387
v 0.021598767 0.030184243 0.0028413734
v 0.021652795 0.030142056 0.0031013396
v 0.021690378 0.030113053 0.0033732858
v 0.02171152 0.030094596 0.00365841
v 0.021720916 0.030086687 0.0039507225
v 0.022364542 0.030940961 0.0039507225
v 0.022364542 0.030940961 0.009949113
v 0.022357494 0.030946234 0.010241426
v 0.022334006 0.030964691 0.010526549
v 0.02229407 0.030991057 0.010798495
v 0.022240045 0.031030606 0.011058462
v 0.022169575 0.031078067 0.011306448
v 0.022033334 0.030948872 0.011396298
v 0.021587022 0.030360898 0.011396298
v 0.019926278 0.03265742 0.012524815
v 0.01938131 0.03304237 0.012717693
v 0.018751778 0.03222237 0.012717693
v 0.018054124 0.031460382 0.012717693
v 0.003349376 0.027210101 0.009049415
v 0.0043077692 0.028794728 0.0090578
v 0.0040258886 0.028908104 0.008388118
v 0.0038520629 0.028976656 0.007677703
v 0.0021443386 0.025596472 0.0055248956
v 0.002214809 0.025583288 0.005353581
v 0.0043077692 0.028794728 0.004843233
v 0.003349376 0.027210101 0.004850421
v 0.0041433387 0.029511897 0.0069469227
v 0.0043782387 0.029738648 0.0062233303
v 0.004545018 0.029664822 0.0055129156
v 0.004815153 0.029546173 0.004840837
v 0.017828621 0.031684496 0.012783583
v 0.018507482 0.03242803 0.012783583
v 0.0182303 0.033250667 0.012900988
v 0.018328957 0.034458254 0.012970472
v 0.017636003 0.033828095 0.01298365
v 0.017527949 0.033859733 0.01298964
v 0.016694052 0.033298127 0.012994431
v 0.015827272 0.03277607 0.01298365
v 0.008860134 0.026084252 0.01298365
v 0.008244695 0.027189009 0.012503251
v 0.006661468 0.026192354 0.012055199
v 0.0069198585 0.026748687 0.012033635
v 0.006471199 0.026988622 0.011741322
v 0.00543529 0.025844317 0.011504118
v 0.005282604 0.02660367 0.011168678
v 0.0047305888 0.026775055 0.010719428
v 0.0042114602 0.026938526 0.010218663
v 0.0037463577 0.027086178 0.009662791
v 0.0025013871 0.025527919 0.004798907
v 0.0026611192 0.025496278 0.0045497227
v 0.0030205166 0.025419816 0.00407771
v 0.008305769 0.021098346 0.0013390803
v 0.018054124 0.031460382 0.0011821422
v 0.018751778 0.03222237 0.0011821422
v 0.01926386 0.0317926 0.00137502
v 0.021561183 0.030326622 0.002503537
v 0.022012193 0.030919868 0.002503537
v 0.022240045 0.031030606 0.0028413734
v 0.02229407 0.030991057 0.0031013396
v 0.022334006 0.030964691 0.0033732858
v 0.022357494 0.030946234 0.00365841
v 0.022951793 0.031834785 0.0039507225
v 0.022951793 0.031834785 0.009949113
v 0.022944745 0.03184006 0.010241426
v 0.022918906 0.031853244 0.010526549
v 0.022876624 0.031879608 0.010798495
v 0.02282025 0.031913884 0.011058462
v 0.022453804 0.0315553 0.011396298
v 0.022141386 0.03109916 0.011396298
v 0.020515878 0.03357234 0.012524815
v 0.01912057 0.0332243 0.012783583
v 0.019938024 0.033909827 0.012717693
v 0.0046789115 0.028641801 0.009675968
v 0.004815153 0.029546173 0.009060197
v 0.004545018 0.029664822 0.008388118
v 0.0043782387 0.029738648 0.0076765055
v 0.004676562 0.028641801 0.0042238664
v 0.003744009 0.027086178 0.0042370446
v 0.0048292475 0.030437361 0.0069505167
v 0.0049255565 0.030469 0.006224528
v 0.0050852885 0.030395174 0.005514113
v 0.0053436784 0.030271253 0.004839639
v 0.0056842836 0.030105144 0.004214282
v 0.01966319 0.034070663 0.012783583
v 0.019790037 0.03487748 0.012832701
v 0.019094732 0.03509632 0.01293573
v 0.016522575 0.033250667 0.012980055
v 0.014927603 0.032290924 0.012958491
v 0.009243021 0.026772417 0.012962086
v 0.009038657 0.028393958 0.012503251
v 0.008399729 0.029211318 0.012014467
v 0.007605767 0.02801428 0.012008477
v 0.0071735503 0.02828058 0.011712571
v 0.006403078 0.02792727 0.011402288
v 0.0060366336 0.027220648 0.01142505
v 0.006123547 0.028040646 0.0111890435
v 0.005604418 0.02825685 0.010739794
v 0.0051158257 0.028459873 0.010237832
v 0.003391658 0.025343353 0.003675182
v 0.0042114602 0.026938526 0.003681172
v 0.0038238745 0.025256343 0.0032738517
v 0.008239998 0.021311915 0.0012839721
v 0.008223554 0.02144111 0.0012600119
v 0.017828621 0.031684496 0.001116252
v 0.018507482 0.03242803 0.001116252
v 0.01912057 0.0332243 0.001116252
v 0.01938131 0.03304237 0.0011821422
v 0.019926278 0.03265742 0.00137502
v 0.022080313 0.031014787 0.002503537
v 0.022169575 0.031078067 0.002593387
v 0.022496086 0.03162385 0.002503537
v 0.02282025 0.031913884 0.0028413734
v 0.022876624 0.031879608 0.0031013396
v 0.022918906 0.031853244 0.0033732858
v 0.022944745 0.03184006 0.00365841
v 0.023156155 0.032180186 0.0039507225
v 0.023156155 0.032180186 0.009949113
v 0.023468573 0.032770798 0.010241426
v 0.023442734 0.032783978 0.010526549
v 0.023400452 0.032807708 0.010798495
v 0.023341727 0.032836713 0.011058462
v 0.02274743 0.031958707 0.011306448
v 0.022904813 0.032290924 0.011396298
v 0.022517227 0.031655494 0.011396298
v 0.02102796 0.034532078 0.012524815
v 0.022716891 0.031977165 0.011396298
v 0.023259511 0.03294218 0.011396298
v 0.020424267 0.03482211 0.012717693
v 0.006095359 0.029899484 0.0102558015
v 0.0056866324 0.030105144 0.009686751
v 0.0053436784 0.030271253 0.009060197
v 0.0050852885 0.030395174 0.00838692
v 0.0049255565 0.030469 0.0076753073
v 0.0051158257 0.028459873 0.003663202
v 0.00609301 0.029899484 0.003644034
v 0.0050993823 0.030777488 0.0069469227
v 0.005498713 0.03117035 0.0062269242
v 0.005649049 0.031096524 0.0055165095
v 0.005893345 0.0309726 0.004840837
v 0.006222205 0.030801218 0.004210688
v 0.02013534 0.034959216 0.012783583
v 0.020532321 0.03588468 0.012783583
v 0.02025044 0.036190532 0.012848275
v 0.019827621 0.035768665 0.012885414
v 0.020849437 0.036839146 0.012783583
v 0.015317538 0.033245392 0.012784781
v 0.014664516 0.032156456 0.012948908
v 0.01378364 0.031639673 0.012923749
v 0.012599744 0.030764306 0.012904582
v 0.011721217 0.0299654 0.012902185
v 0.010779267 0.028945018 0.01291177
v 0.010234299 0.02825685 0.012923749
v 0.009722217 0.027534408 0.012940521
v 0.0099195335 0.029535627 0.012514033
v 0.009297048 0.030337168 0.012040823
v 0.008902416 0.030661477 0.011743719
v 0.007986305 0.02950926 0.011716165
v 0.006757777 0.02854161 0.011390308
v 0.0072463695 0.029308874 0.011386715
v 0.0070396573 0.02941434 0.011217796
v 0.006551065 0.02966746 0.0107661495
v 0.0056020683 0.028259488 0.0031600415
v 0.00472824 0.02677769 0.0031816056
v 0.0043171654 0.025156152 0.0028797095
v 0.0050735436 0.025011135 0.0023633707
v 0.0052450206 0.024987405 0.0022579469
v 0.006107104 0.024813386 0.0017691622
v 0.0070443554 0.024610363 0.0013055359
v 0.008096708 0.024417888 0.0008574836
v 0.016668214 0.031637035 0.0010000458
v 0.018234998 0.033253305 0.0010000458
v 0.01966319 0.034070663 0.001116252
v 0.019938024 0.033909827 0.0011821422
v 0.020515878 0.03357234 0.00137502
v 0.02274743 0.031958707 0.002593387
v 0.022716891 0.031977165 0.002503537
v 0.022883672 0.032254014 0.002503537
v 0.023341727 0.032836713 0.0028413734
v 0.023400452 0.032807708 0.0031013396
v 0.023442734 0.032783978 0.0033732858
v 0.023468573 0.032770798 0.00365841
v 0.023477968 0.032765523 0.0039507225
v 0.023477968 0.032765523 0.009949113
v 0.023830319 0.033487964 0.009949113
v 0.023931324 0.03373581 0.010241426
v 0.023903139 0.033746358 0.010526549
v 0.023860857 0.03376745 0.010798495
v 0.02379978 0.033793814 0.011058462
v 0.023583673 0.033606615 0.011396298
v 0.023266558 0.03287626 0.011306448
v 0.023689378 0.033841275 0.011396298
v 0.021455478 0.035534006 0.012524815
v 0.020830644 0.035771303 0.012717693
v 0.007579928 0.03099633 0.01079011
v 0.0071571073 0.031249449 0.010270177
v 0.006222205 0.030798582 0.009689147
v 0.005893345 0.0309726 0.009060197
v 0.005649049 0.031096524 0.008383326
v 0.005498713 0.03117035 0.0076729115
v 0.006548716 0.02966746 0.0031348835
v 0.0071571073 0.031249449 0.003630856
v 0.007579928 0.03099633 0.0031109236
v 0.005872204 0.03167395 0.0069469227
v 0.006095359 0.031842694 0.00622932
v 0.006238648 0.03176887 0.0055213016
v 0.00646885 0.03164231 0.004843233
v 0.0067812675 0.03146829 0.004210688
v 0.021154806 0.03675214 0.012717693
v 0.021039706 0.03705799 0.012758425
v 0.014471898 0.03292636 0.012723683
v 0.013992702 0.031771507 0.012928542
v 0.013069544 0.03244385 0.012577527
v 0.01333733 0.031333823 0.012914166
v 0.012691354 0.030840768 0.012904582
v 0.011937325 0.031573758 0.012553567
v 0.011963164 0.030200062 0.012900988
v 0.011354772 0.029590996 0.012903383
v 0.010887321 0.030600833 0.012530806
v 0.010288326 0.031376008 0.0120803565
v 0.009912486 0.031726684 0.011782055
v 0.008211809 0.03060347 0.011402288
v 0.008524226 0.0309726 0.011411872
v 0.0075869747 0.029794019 0.01138911
v 0.0080379825 0.030711573 0.011248944
v 0.006123547 0.028043283 0.002711989
v 0.0070396573 0.02941434 0.002682039
v 0.005282604 0.02660367 0.0027323551
v 0.00543529 0.025844317 0.002396915
v 0.0058862977 0.025641294 0.0020902269
v 0.006346702 0.025430363 0.0018039043
v 0.0075446926 0.02592869 0.0013846043
v 0.008456105 0.025264254 0.0008886317
v 0.015827272 0.03277607 0.0009161858
v 0.016694052 0.033298127 0.00090540387
v 0.017527949 0.033859733 0.0009101955
v 0.017638352 0.03383073 0.0009161858
v 0.018328957 0.034458254 0.000929364
v 0.019094732 0.03509632 0.0009641056
v 0.019790037 0.034880117 0.0010671341
v 0.02013534 0.034959216 0.001116252
v 0.020424267 0.03482211 0.0011821422
v 0.02102796 0.034532078 0.00137502
v 0.02323837 0.03289999 0.002503537
v 0.023266558 0.03287626 0.002593387
v 0.023562532 0.033561792 0.002503537
v 0.02379978 0.033793814 0.0028413734
v 0.023860857 0.03376745 0.0031013396
v 0.023903139 0.033746358 0.0033732858
v 0.023931324 0.03373581 0.00365841
v 0.023830319 0.033487964 0.0039507225
v 0.023940722 0.033730537 0.0039507225
v 0.023940722 0.033730537 0.009949113
v 0.024328306 0.034729827 0.010241426
v 0.024300119 0.034740373 0.010526549
v 0.02425314 0.034756195 0.010798495
v 0.024192065 0.034777287 0.011058462
v 0.02387495 0.03428687 0.011396298
v 0.023722265 0.033828095 0.011306448
v 0.024079312 0.034819473 0.011396298
v 0.02413569 0.03497767 0.011396298
v 0.022077963 0.036485836 0.012409807
v 0.021798432 0.036567573 0.012524815
v 0.021490714 0.03665458 0.012627844
v 0.009125571 0.03192443 0.011275301
v 0.00870275 0.032232918 0.010806882
v 0.0067812675 0.03146829 0.009690344
v 0.008317514 0.032507133 0.010274969
v 0.007366169 0.03211427 0.009689147
v 0.006471199 0.03164231 0.009056603
v 0.006238648 0.03176887 0.008379731
v 0.006095359 0.031842694 0.007670515
v 0.0080379825 0.030711573 0.002650891
v 0.007366169 0.03211427 0.0042118863
v 0.008315165 0.032509767 0.003626064
v 0.00870275 0.032235555 0.0030941516
v 0.009125571 0.03192443 0.0026257331
v 0.006602743 0.03243858 0.0069469227
v 0.0067225425 0.03249131 0.006234112
v 0.006854086 0.032417484 0.0055272914
v 0.0070725433 0.032290924 0.004849223
v 0.021558834 0.037682876 0.012655398
v 0.01427693 0.033197932 0.01260029
v 0.020778965 0.0376776 0.012488876
v 0.014098407 0.03344578 0.0124745
v 0.012526925 0.033179477 0.012161821
v 0.011368867 0.03232784 0.012123485
v 0.011014167 0.032702245 0.011822786
v 0.009557787 0.032061536 0.011445416
v 0.006757777 0.02854161 0.002509527
v 0.006403078 0.02792727 0.0024975468
v 0.0060366336 0.027220648 0.0024747849
v 0.0075869747 0.029794019 0.002510725
v 0.0072463695 0.029308874 0.0025131209
v 0.006471199 0.026988622 0.0021585128
v 0.006661468 0.026192354 0.0018446366
v 0.0069198585 0.026748687 0.0018662005
v 0.008244695 0.027189009 0.0013965843
v 0.0088718785 0.026105344 0.00091738394
v 0.014927603 0.032290924 0.0009413436
v 0.016522575 0.033250667 0.0009209779
v 0.020849437 0.036839146 0.001116252
v 0.019827621 0.035768665 0.0010144217
v 0.015317538 0.033245392 0.001116252
v 0.02025044 0.036190532 0.00105156
v 0.020532321 0.03588468 0.001116252
v 0.020830644 0.035771303 0.0011821422
v 0.023689378 0.033841275 0.002503537
v 0.021455478 0.035534006 0.00137502
v 0.023722265 0.033828095 0.002593387
v 0.023858506 0.03424205 0.002503537
v 0.024192065 0.034777287 0.0028413734
v 0.02425314 0.034756195 0.0031013396
v 0.024300119 0.034740373 0.0033732858
v 0.024328306 0.034729827 0.00365841
v 0.024337703 0.03472719 0.0039507225
v 0.024337703 0.03472719 0.009949113
v 0.024666563 0.03574494 0.009949113
v 0.024657167 0.035747573 0.010241426
v 0.024628978 0.035755485 0.010526549
v 0.024581999 0.035768665 0.010798495
v 0.024518576 0.035787124 0.011058462
v 0.024112199 0.03480629 0.011306448
v 0.024436362 0.035810854 0.011306448
v 0.024351798 0.03565002 0.011396298
v 0.024589047 0.03647002 0.011385516
v 0.024647772 0.036683585 0.011380725
v 0.021946419 0.037258375 0.012526013
v 0.024403475 0.035818763 0.0113951005
v 0.010311816 0.033047646 0.011289677
v 0.009928929 0.033379864 0.010809278
v 0.008935302 0.033103015 0.010272574
v 0.007979258 0.03273652 0.009684355
v 0.0070725433 0.032290924 0.009051811
v 0.006854086 0.032417484 0.008373742
v 0.0067225425 0.03249131 0.0076669212
v 0.008524226 0.0309726 0.002487963
v 0.008211809 0.03060347 0.0024975468
v 0.007979258 0.03273652 0.0042154808
v 0.008935302 0.033103015 0.00362846
v 0.009928929 0.033382498 0.0030917556
v 0.010309467 0.033047646 0.0026113573
v 0.009557787 0.032061536 0.0024544192
v 0.0073379804 0.033134654 0.006948121
v 0.0073779137 0.033110924 0.006238904
v 0.0075000618 0.033039734 0.0055344794
v 0.007702076 0.032915812 0.004856411
v 0.02206387 0.038334128 0.012508043
v 0.021182995 0.03819966 0.012382253
v 0.013755452 0.033928286 0.01218578
v 0.0121980645 0.033580247 0.011856331
v 0.010682958 0.033058193 0.011480158
v 0.0071735503 0.02828058 0.0021872646
v 0.007986305 0.02950926 0.0021836706
v 0.007605767 0.02801428 0.0018913588
v 0.009243021 0.026772417 0.0009389478
v 0.008399729 0.029211318 0.0018865666
v 0.009038657 0.028393958 0.0013965843
v 0.009722217 0.027534408 0.00095931394
v 0.014664516 0.032156456 0.00095092785
v 0.010234299 0.02825685 0.00097608566
v 0.010779267 0.028945018 0.0009880657
v 0.012599744 0.030764306 0.0009952537
v 0.01333733 0.031333823 0.0009856699
v 0.013992702 0.031771507 0.000971294
v 0.021039706 0.03705799 0.0011414099
v 0.021154806 0.03675214 0.0011821422
v 0.014476595 0.03291845 0.0011737561
v 0.021490714 0.03665458 0.001271992
v 0.021798432 0.036567573 0.00137502
v 0.022077963 0.036485836 0.0014912263
v 0.024121594 0.034938123 0.002503537
v 0.024079312 0.034819473 0.002503537
v 0.024112199 0.03480629 0.002593387
v 0.024518576 0.035787124 0.0028413734
v 0.024581999 0.035768665 0.0031013396
v 0.024628978 0.035755485 0.0033732858
v 0.024657167 0.035747573 0.00365841
v 0.024666563 0.03574494 0.0039507225
v 0.024382334 0.03485111 0.0069505167
v 0.02488267 0.03650693 0.010138397
v 0.025131665 0.03740339 0.010276168
v 0.024880324 0.036549117 0.010338463
v 0.025124619 0.037543133 0.010612805
v 0.024847437 0.036638763 0.0107242195
v 0.025084686 0.037688147 0.01092788
v 0.024774618 0.036738954 0.01108961
v 0.024741732 0.03701053 0.011362754
v 0.022357494 0.037848983 0.012393035
v 0.011599069 0.034070663 0.011284884
v 0.010581952 0.03391774 0.010803288
v 0.009583626 0.033669893 0.010265386
v 0.008618186 0.033335038 0.009677167
v 0.007702076 0.032915812 0.009044622
v 0.0075000618 0.033039734 0.008365355
v 0.0073779137 0.033110924 0.007662129
v 0.009912486 0.031726684 0.002117781
v 0.008902416 0.030661477 0.0021573147
v 0.008618186 0.033335038 0.0042238664
v 0.009583626 0.033669893 0.00363445
v 0.010581952 0.03391774 0.0030965474
v 0.011599069 0.034070663 0.0026161494
v 0.010682958 0.033058193 0.002419677
v 0.011014167 0.032702245 0.0020770486
v 0.008066171 0.033706807 0.0076561393
v 0.0073685176 0.03316102 0.006948121
v 0.008066171 0.033706807 0.006243696
v 0.0081765745 0.033635616 0.0055440636
v 0.008364494 0.033514332 0.0048659947
v 0.022289373 0.038637344 0.012426579
v 0.02199575 0.039309688 0.012082753
v 0.021488365 0.039594445 0.011819193
v 0.020729637 0.038526602 0.012112703
v 0.013452431 0.03435015 0.011873103
v 0.021251116 0.039692003 0.011691006
v 0.011887996 0.033957288 0.011504118
v 0.009297048 0.030337168 0.0018590125
v 0.0099195335 0.029535627 0.0013858019
v 0.010887321 0.030600833 0.0013690302
v 0.011354772 0.029590996 0.0009964518
v 0.011963164 0.030200062 0.0009988477
v 0.011937325 0.031573758 0.0013462682
v 0.013069544 0.03244385 0.0013223081
v 0.012691354 0.030840768 0.0009952537
v 0.01378364 0.031639673 0.0009772838
v 0.01427693 0.033197932 0.0012995461
v 0.014206461 0.03329549 0.0013474659
v 0.020778965 0.0376776 0.0014121584
v 0.021558834 0.037682876 0.0012444379
v 0.021946419 0.037258375 0.00137502
v 0.024692401 0.03684442 0.002525101
v 0.024589047 0.03647002 0.002514319
v 0.024403475 0.035818763 0.0025047353
v 0.024351798 0.03565002 0.002503537
v 0.024436362 0.035810854 0.002593387
v 0.024774618 0.036738954 0.0028114235
v 0.025084686 0.037688147 0.0029731533
v 0.024847437 0.036638763 0.0031756156
v 0.025124619 0.037543133 0.0032870297
v 0.025131665 0.03740339 0.0036236679
v 0.024880324 0.036549117 0.0035625699
v 0.02488267 0.03650693 0.0037614382
v 0.025573278 0.03889837 0.003917178
v 0.025573278 0.03889837 0.009982657
v 0.02512227 0.037337475 0.010101259
v 0.02542764 0.03841059 0.010179129
v 0.025439385 0.0385767 0.01045467
v 0.0254018 0.038637344 0.010685883
v 0.025314888 0.03845541 0.010827248
v 0.025246765 0.038310397 0.01092189
v 0.02511992 0.038030915 0.011077629
v 0.024995424 0.037732974 0.011202222
v 0.02495784 0.037638053 0.011234568
v 0.024845086 0.037329566 0.011314834
v 0.022521924 0.038956378 0.012330739
v 0.022738032 0.03842641 0.012234898
v 0.011265511 0.03442661 0.010792506
v 0.021706821 0.040767755 0.011211806
v 0.022352796 0.04176441 0.010770942
v 0.010262487 0.034213044 0.010254603
v 0.00929 0.033907194 0.009666385
v 0.008364494 0.033514332 0.009035038
v 0.0081765745 0.033635616 0.00835697
v 0.010288326 0.031376008 0.0018194783
v 0.011368867 0.03232784 0.0017763507
v 0.00929 0.033907194 0.0042346483
v 0.010262487 0.03421568 0.00364643
v 0.011265511 0.03442661 0.0031085275
v 0.011887996 0.033957288 0.002395717
v 0.022352796 0.04176441 0.0031288937
v 0.021706821 0.040767755 0.0026880293
v 0.0121980645 0.033580247 0.0020435047
v 0.012526925 0.033179477 0.0017392123
v 0.008885972 0.03420777 0.008344989
v 0.008787314 0.03427896 0.0076489514
v 0.008174226 0.03384655 0.006948121
v 0.008787314 0.03427896 0.006250884
v 0.008885972 0.03420777 0.0055548456
v 0.0090551 0.034086484 0.004879173
v 0.022787362 0.039328143 0.012204949
v 0.022789711 0.040459268 0.011655066
v 0.022514878 0.040596373 0.011541257
v 0.022232998 0.04070184 0.011426248
v 0.021960514 0.040759847 0.011318428
v 0.011721217 0.0299654 0.0009988477
v 0.01406787 0.033490602 0.0014492963
v 0.021182995 0.03819966 0.0015175822
v 0.02206387 0.038334128 0.0013917922
v 0.022357494 0.037848983 0.0015068003
v 0.02479106 0.03716873 0.0025574472
v 0.024899114 0.03748249 0.002620941
v 0.025037706 0.037838437 0.0027371473
v 0.025056496 0.03788326 0.0027563153
v 0.025180995 0.03816802 0.0028940854
v 0.025314888 0.03845541 0.0030737855
v 0.025429988 0.03869535 0.0032618716
v 0.025439385 0.0385767 0.0034451657
v 0.02542764 0.03841059 0.003721904
v 0.02512227 0.037337475 0.003798576
v 0.02587865 0.039971486 0.0060208677
v 0.02587865 0.039971486 0.007878968
v 0.025869252 0.039939847 0.0083581675
v 0.025817573 0.039760556 0.009090146
v 0.025723614 0.03943361 0.009765819
v 0.025678983 0.03927805 0.009995835
v 0.02559207 0.038980108 0.010108447
v 0.025606163 0.039082937 0.010242623
v 0.02556388 0.03898538 0.010354037
v 0.025512204 0.038872004 0.010473838
v 0.025371265 0.0385767 0.010735001
v 0.024906162 0.042225823 0.010276168
v 0.02472059 0.042297013 0.010464254
v 0.024661865 0.0417565 0.010659528
v 0.024457503 0.041869875 0.010836832
v 0.024156831 0.041392643 0.011186648
v 0.025037706 0.037838437 0.011162688
v 0.023797434 0.040831037 0.011530474
v 0.023384009 0.04020351 0.011849143
v 0.023247767 0.04000049 0.011940191
v 0.010974235 0.034732465 0.010237832
v 0.022679308 0.042563315 0.010176733
v 0.022641724 0.041806597 0.010845218
v 0.022968236 0.04230756 0.010563687
v 0.022963537 0.042710967 0.010215069
v 0.009992352 0.034455616 0.009650811
v 0.0090551 0.034086484 0.009021861
v 0.009992352 0.034455616 0.004249024
v 0.010971885 0.034732465 0.003663202
v 0.022679308 0.042563315 0.0037231022
v 0.021960514 0.040759847 0.002582605
v 0.021030309 0.03975528 0.002334619
v 0.021251116 0.039692003 0.002208829
v 0.022963537 0.042710967 0.0036847661
v 0.022968236 0.04230756 0.0033361476
v 0.022641724 0.041806597 0.0030546174
v 0.013452431 0.03435015 0.0020267325
v 0.013755452 0.033928286 0.0017140545
v 0.0097809415 0.034634907 0.009006286
v 0.009630606 0.034756195 0.00833301
v 0.009022214 0.0344978 0.006948121
v 0.0087544285 0.03430005 0.006948121
v 0.010332957 0.03534944 0.0076333773
v 0.0099195335 0.03512005 0.006948121
v 0.010332957 0.03534944 0.006266458
v 0.009630606 0.034756195 0.005568024
v 0.0097809415 0.034634907 0.004894747
v 0.023172598 0.041028783 0.011387913
v 0.022947095 0.041782867 0.010919495
v 0.020729637 0.038526602 0.0017871326
v 0.021488365 0.039594445 0.0020806426
v 0.02199575 0.039309688 0.0018170825
v 0.022289373 0.038637344 0.0014732564
v 0.022738032 0.03842641 0.0016649365
v 0.022521924 0.038956378 0.0015702941
v 0.022787362 0.039328143 0.0016948865
v 0.023247767 0.04000049 0.0019596447
v 0.023372263 0.04018242 0.0020423066
v 0.025016565 0.037788343 0.0027179793
v 0.023764547 0.04078094 0.002341807
v 0.02411455 0.04132409 0.0026688613
v 0.024422267 0.041814506 0.0030198754
v 0.024661865 0.0417565 0.0032403076
v 0.024692401 0.04225219 0.0033924538
v 0.025460526 0.038761266 0.0033205738
v 0.024906162 0.042225823 0.0036236679
v 0.025568578 0.03899329 0.0035529858
v 0.02559207 0.038980108 0.0037913881
v 0.025653142 0.039201587 0.0038033682
v 0.025711868 0.039394062 0.0040705223
v 0.025723614 0.03943361 0.004134016
v 0.025817573 0.039760556 0.004809689
v 0.025869252 0.039939847 0.0055416673
v 0.025765896 0.043320034 0.0069505167
v 0.025744755 0.043414954 0.007584259
v 0.025681332 0.043240935 0.008190447
v 0.025711868 0.039394062 0.009829313
v 0.025577975 0.04295881 0.00874632
v 0.02552395 0.043219842 0.008805022
v 0.025375962 0.04288235 0.00932735
v 0.025199786 0.042484216 0.009787383
v 0.025124619 0.04265296 0.009848481
v 0.024950791 0.04267142 0.010072507
v 0.024224952 0.042602867 0.0103432555
v 0.024527973 0.043051094 0.009907183
v 0.024246093 0.043161836 0.009898797
v 0.023936024 0.042710967 0.010308513
v 0.023893742 0.04210981 0.010733804
v 0.023604814 0.04222055 0.010673904
v 0.023543742 0.04158248 0.011081224
v 0.023254814 0.04170113 0.01099976
v 0.010729939 0.034975037 0.009631643
v 0.02295649 0.042995725 0.009861659
v 0.023287699 0.042297013 0.010617598
v 0.023285352 0.042784795 0.010247415
v 0.023254814 0.043153927 0.009879629
v 0.010729939 0.03497767 0.0042693904
v 0.02295649 0.042995725 0.0040381765
v 0.022232998 0.04070184 0.0024735872
v 0.023254814 0.043153927 0.004020206
v 0.023285352 0.042784795 0.00365242
v 0.023287699 0.042297013 0.0032822378
v 0.022947095 0.041782867 0.0029803412
v 0.010542018 0.035159603 0.0089871185
v 0.023689378 0.044142667 0.0085258875
v 0.02378334 0.044292957 0.008206022
v 0.023860857 0.044419516 0.007837038
v 0.023633003 0.044308778 0.007486023
v 0.023914883 0.044506527 0.007416539
v 0.023658842 0.044356238 0.0069505167
v 0.023914883 0.044506527 0.0064832964
v 0.023618909 0.044285048 0.00627724
v 0.023860857 0.044419516 0.006062798
v 0.010542018 0.035159603 0.0049127173
v 0.02378334 0.044292957 0.005693814
v 0.023689378 0.044142667 0.0053739473
v 0.022514878 0.040596373 0.002358579
v 0.022789711 0.040459268 0.0022447687
v 0.023172598 0.041028783 0.0025119232
v 0.023254814 0.04170113 0.0029000752
v 0.023543742 0.04158248 0.0028186115
v 0.023604814 0.04222055 0.0032259317
v 0.023893742 0.04210981 0.0031660316
v 0.023936024 0.042710967 0.0035913219
v 0.024224952 0.042602867 0.0035565798
v 0.024246093 0.043161836 0.004001038
v 0.024527973 0.043051094 0.0039926525
v 0.024927303 0.042634502 0.003785398
v 0.025124619 0.04265296 0.0040513542
v 0.025199786 0.042484216 0.0041124523
v 0.025375962 0.04288235 0.0045724846
v 0.02552395 0.043219842 0.005094813
v 0.025577975 0.04295881 0.005154713
v 0.025681332 0.043240935 0.0057093874
v 0.025744755 0.043414954 0.006315576
v 0.02575415 0.043596882 0.0069505167
v 0.025711868 0.04363116 0.007601031
v 0.02563905 0.04347296 0.0082251895
v 0.025538042 0.04365489 0.008371346
v 0.025437035 0.04348087 0.0088193985
v 0.025303142 0.04325939 0.009251877
v 0.025317237 0.04303 0.00936928
v 0.025143411 0.042990454 0.009669979
v 0.025018914 0.042784795 0.009939529
v 0.024527973 0.043565243 0.009443557
v 0.024208508 0.043641705 0.009465121
v 0.02392428 0.043233022 0.009895204
v 0.023614211 0.042782158 0.010277365
v 0.023221929 0.04340968 0.00949507
v 0.023468573 0.043794632 0.009060197
v 0.023586024 0.043233022 0.009890411
v 0.023531996 0.043570515 0.0094938725
v 0.023468573 0.043794632 0.004839639
v 0.023221929 0.04340968 0.0044047646
v 0.023531996 0.043570515 0.0044059623
v 0.023586024 0.043233022 0.0040106224
v 0.023614211 0.042782158 0.00362247
v 0.023785688 0.043947555 0.009043424
v 0.024008844 0.044279773 0.00850073
v 0.024102803 0.044419516 0.008179666
v 0.024177972 0.04453553 0.007815474
v 0.024224952 0.044617265 0.007403361
v 0.02403703 0.044585627 0.0069505167
v 0.023936024 0.0445408 0.0069505167
v 0.024177972 0.04453553 0.006084362
v 0.024224952 0.044617265 0.006496474
v 0.024102803 0.044419516 0.0057201697
v 0.024008844 0.044279773 0.005399105
v 0.023785688 0.043947555 0.004856411
v 0.02392428 0.043233022 0.004004632
v 0.024208508 0.043641705 0.0044347146
v 0.024527973 0.043565243 0.0044574765
v 0.025018914 0.042784795 0.0039615044
v 0.025126968 0.042964086 0.0041951146
v 0.025317237 0.04303 0.0045305546
v 0.025293747 0.043243572 0.0046216026
v 0.025429988 0.04347296 0.0050624674
v 0.025538042 0.04365225 0.0055189054
v 0.02563905 0.04347296 0.005674646
v 0.025711868 0.04363116 0.0063000023
v 0.02568838 0.04385 0.0069505167
v 0.025657842 0.04385791 0.007433311
v 0.025646098 0.043839455 0.007597437
v 0.025613211 0.04378145 0.007908917
v 0.025566231 0.04369971 0.008229982
v 0.025411196 0.043884277 0.008265922
v 0.02521388 0.04405566 0.008310248
v 0.025249116 0.043633796 0.0088613285
v 0.025246765 0.04316447 0.009408815
v 0.025030658 0.043784082 0.008894872
v 0.025037706 0.043309487 0.0094136065
v 0.024800457 0.043446593 0.009425586
v 0.024772268 0.04391328 0.008934407
v 0.0244622 0.04400029 0.008977534
v 0.024126293 0.044016108 0.00901587
v 0.023867901 0.043646976 0.009483091
v 0.023867901 0.043646976 0.0044167447
v 0.02434475 0.04432987 0.008463592
v 0.024431663 0.044461705 0.008143726
v 0.024497434 0.044569805 0.0077855233
v 0.024535019 0.044643633 0.007385391
v 0.024438709 0.044672634 0.0069505167
v 0.024236696 0.04464627 0.0069505167
v 0.024431663 0.044461705 0.00575611
v 0.024497434 0.044569805 0.006114312
v 0.024535019 0.044643633 0.0065144445
v 0.02434475 0.04432987 0.0054362435
v 0.024126293 0.044016108 0.004885163
v 0.0244622 0.04400029 0.004922301
v 0.024800457 0.043446593 0.0044754464
v 0.024772268 0.04391328 0.004965429
v 0.025037706 0.043309487 0.0044862283
v 0.025246765 0.04316447 0.004491021
v 0.025030658 0.043784082 0.005004963
v 0.025249116 0.043633796 0.0050385073
v 0.02521388 0.04405566 0.0055895876
v 0.025411196 0.043884277 0.0056339134
v 0.02556388 0.04369971 0.0056698537
v 0.025613211 0.04378145 0.005987324
v 0.025646098 0.043839455 0.006302398
v 0.025657842 0.04385791 0.006466524
v 0.025674284 0.043884277 0.0069505167
v 0.025599116 0.044034567 0.0069505167
v 0.025533345 0.044140033 0.0069505167
v 0.025509855 0.044058297 0.007627387
v 0.025324283 0.04425341 0.0076633273
v 0.025091734 0.044414245 0.0077052573
v 0.024967235 0.044200674 0.008361761
v 0.024668913 0.04430087 0.008415672
v 0.024807503 0.044524983 0.0077471873
v 0.024833342 0.04459881 0.007362629
v 0.02491086 0.04460408 0.0069505167
v 0.024807503 0.044524983 0.006152648
v 0.024668913 0.04430087 0.0054841638
v 0.024833342 0.04459881 0.0065372065
v 0.024967235 0.044200674 0.0055380734
v 0.025091734 0.044414245 0.006194578
v 0.025324283 0.04425341 0.006236508
v 0.025509855 0.044058297 0.006272448
v 0.025345424 0.044319324 0.0065863244
v 0.025321934 0.044369422 0.0069505167
v 0.025345424 0.044319324 0.007313511
v 0.025112875 0.044485435 0.007337471
v 0.025112875 0.044485435 0.0065623643
vn -0.622633 -0.78163147 -0.03715433
vn -0.6431433 -0.7645609 0.042582434
vn -0.8874042 0.45283878 0.086317696
vn -0.88867605 0.4534878 -0.06785089
vn -0.626334 -0.77606565 -0.07367433
vn -0.6175229 -0.7847793 -0.052791383
vn -0.87727046 0.46951005 -0.099784866
vn -0.87351125 0.46234107 -0.15237755
vn 0.06947857 -0.33381507 0.94007456
vn -0.48738715 -0.70428777 0.51617086
vn -0.5742758 -0.7295425 0.37145007
vn -0.5902326 -0.7342237 0.33547145
vn -0.5983927 -0.7378158 0.3123367
vn -0.6477948 -0.7586943 0.06888334
vn -0.47279048 -0.8723539 -0.12436928
vn -0.34220007 -0.9227402 -0.17734027
vn 0.7355489 -0.67469436 -0.061281193
vn 0.75331616 -0.65719485 -0.024691474
vn 0.7731708 -0.6337558 0.023672272
vn 0.7735656 -0.63232493 0.04197085
vn 0.772506 -0.6274156 0.09789837
vn 0.7664696 -0.61884236 0.17192551
vn 0.75348 -0.6060313 0.2549391
vn 0.7396056 -0.5944759 0.31556603
vn 0.7206924 -0.5802654 0.3793344
vn 0.38856515 -0.3266183 0.8615902
vn 0.29158905 -0.25111726 0.922993
vn 0.25363928 -0.23191401 0.93908626
vn 0.20454858 -0.2079302 0.95651704
vn -0.7227636 -0.6699916 0.16948114
vn -0.8521783 0.44710335 0.27182868
vn -0.8527867 0.45142347 0.26262432
vn -0.8786748 0.46558362 0.10565311
vn -0.8744125 0.47706747 0.088371
vn -0.8744882 0.4768742 -0.08866487
vn -0.64232016 -0.7577796 -0.1148694
vn -0.6352176 -0.7662879 -0.09644367
vn -0.8610406 0.45558313 -0.22594956
vn 0.14822069 -0.38985446 -0.9088697
vn -0.043407153 -0.67881346 -0.73302674
vn -0.84958154 0.45784777 -0.2618903
vn -0.86218065 0.4988732 -0.088148065
vn -0.8501931 0.5174803 -0.09688156
vn -0.8476942 0.5202141 -0.10388354
vn -0.82508785 0.5061178 -0.25114658
vn -0.8249364 0.5022716 -0.25923586
vn -0.3334367 -0.51777124 0.787866
vn -0.3585022 -0.54320985 0.75920963
vn 0.2034934 -0.20685758 0.9569745
vn -0.5547842 -0.7171236 0.42183912
vn -0.34744257 0.17879206 0.9204982
vn -0.35803917 0.18945338 0.914284
vn -0.35861117 0.18991771 0.91396356
vn -0.3815957 0.1959729 0.9033158
vn -0.38588363 0.1999117 0.900627
vn -0.39927438 0.20867741 0.8927674
vn -0.41949365 0.21276826 0.8824708
vn -0.43803033 0.22524491 0.870284
vn -0.46351448 0.2335893 0.85474575
vn -0.47527173 0.23349342 0.8482909
vn -0.5193598 0.22881578 0.8233521
vn -0.56473374 0.2035118 0.79978675
vn -0.6541606 0.11388662 0.7477323
vn -0.7518508 -0.049659546 0.6574606
vn -0.8111228 -0.26172525 0.5230484
vn -0.7979821 -0.50103486 0.3349456
vn 0.7419784 -0.6661829 -0.07528817
vn 0.20842016 -0.28065115 -0.93690765
vn 0.22827335 -0.24325678 -0.94271815
vn 0.2321247 -0.23604886 -0.9436096
vn 0.28193396 -0.26049855 -0.92339253
vn 0.33958706 -0.30799085 -0.88871944
vn 0.7131627 -0.60863763 -0.3477919
vn 0.7220657 -0.61565214 -0.31558457
vn 0.7356371 -0.6276505 -0.25474077
vn 0.7481345 -0.64093494 -0.1717473
vn 0.75341386 -0.6492257 -0.10427577
vn 0.76069945 -0.6446098 -0.07625289
vn 0.76931757 -0.6374861 -0.041974254
vn 0.7728838 -0.63405645 -0.02496168
vn 0.7781509 -0.62807745 0
vn 0.7986876 -0.60174584 0
vn 0.7983257 -0.6014732 0.030099552
vn 0.796035 -0.6037972 0.041921593
vn 0.79292136 -0.6014354 0.097730674
vn 0.79345065 -0.59965205 0.104180306
vn 0.78590834 -0.59395194 0.17195682
vn 0.78592724 -0.59363365 0.17296694
vn 0.7727421 -0.58367455 0.24938671
vn 0.77071345 -0.5839581 0.25493848
vn 0.75638974 -0.5731052 0.3153174
vn 0.7554546 -0.56965625 0.3236975
vn 0.754791 -0.56915593 0.32611656
vn 0.7456164 -0.5659737 0.3517527
vn 0.7235404 -0.5767367 0.37929404
vn 0.3007013 -0.2396901 0.9231074
vn 0.29493114 -0.24791165 0.92279756
vn 0.3047186 -0.23340283 0.9234011
vn 0.22061752 -0.1689846 0.96061015
vn 0.22007068 -0.16895342 0.96074116
vn 0.20474875 -0.18721123 0.9607444
vn 0.2044253 -0.18716542 0.9608222
vn 0.19564107 -0.19610903 0.9608673
vn -0.80088556 0.41892806 0.42788032
vn -0.80217683 0.42214888 0.422259
vn -0.7782813 0.46849748 0.41807723
vn -0.77989876 0.47417828 0.40854976
vn -0.8249267 0.5020708 0.25965533
vn -0.8250938 0.50630856 0.25074285
vn -0.8477084 0.52030045 0.10333402
vn -0.85024536 0.5175121 0.09625014
vn -0.8618571 0.49948525 0.08784491
vn -0.66072804 -0.73070073 -0.17179926
vn -0.84154016 0.44393158 -0.30779022
vn -0.6736576 -0.7046332 -0.22288418
vn -0.6756857 -0.6996204 -0.2323364
vn -0.7797695 0.47440475 -0.40853366
vn -0.7781514 0.4687351 -0.41805246
vn -0.7996882 0.4272378 -0.42186072
vn -0.8214232 0.43297204 -0.37121332
vn -0.8279735 0.5554791 0.07683051
vn -0.8280362 0.5553175 -0.07732093
vn -0.81957096 0.56607556 -0.088667415
vn -0.79771084 0.5512256 -0.24455643
vn -0.79869556 0.5479271 -0.24871922
vn -0.7571814 0.5194472 -0.39604402
vn -0.75814843 0.51061654 -0.4055635
vn 0.14860334 -0.1383552 0.97917056
vn 0.13806991 -0.12606074 0.9823672
vn 0.116781026 -0.10164765 0.9879422
vn 0.07994525 -0.06376931 0.99475735
vn 0.060495835 -0.045671906 0.997123
vn 0.045909088 -0.032243937 0.99842507
vn -0.0015667654 0.010856281 0.9999399
vn -0.03842142 0.04317514 0.99832845
vn -0.041127175 0.045438476 0.9981201
vn -0.088098995 0.077251956 0.99311155
vn -0.063393205 0.0660014 0.99580383
vn -0.34948555 0.20305067 0.91467506
vn -0.34981635 0.20298694 0.91456264
vn -0.35882837 0.19053888 0.913749
vn -0.40054706 0.213096 0.89115214
vn -0.3912856 0.22580646 0.89213616
vn -0.39833176 0.21952584 0.8905842
vn -0.4371544 0.22710016 0.8702423
vn -0.44177175 0.23565349 0.8656242
vn -0.46559402 0.2452209 0.8503463
vn -0.46830517 0.23943798 0.8505056
vn -0.47300914 0.24018432 0.84768724
vn -0.51237094 0.2536662 0.82044464
vn -0.51455617 0.25778937 0.8177877
vn -0.54501516 0.27418184 0.7923275
vn -0.5511302 0.28273264 0.78505903
vn -0.60315293 0.31058285 0.73467326
vn -0.6058624 0.3145268 0.7307555
vn -0.66996205 0.34826133 0.6556409
vn -0.6707884 0.34955764 0.65410423
vn -0.7347674 0.3826702 0.56007177
vn -0.73678195 0.38631406 0.5548998
vn 0.75521326 -0.6481185 -0.09795601
vn -0.68670726 -0.66737396 -0.28817537
vn -0.69320744 -0.62825495 -0.3532127
vn -0.6941508 -0.6196719 -0.36628053
vn -0.6949055 -0.57143223 -0.43654484
vn -0.688901 -0.5274492 -0.49720475
vn 0.21140212 -0.21504344 -0.95344925
vn 0.2044253 -0.18716542 -0.9608222
vn 0.20474875 -0.18721123 -0.9607444
vn 0.28309298 -0.25884497 -0.923503
vn 0.19436319 -0.19740489 -0.96086115
vn 0.2843795 -0.25792068 -0.92336625
vn 0.29492477 -0.24815167 -0.92273515
vn 0.70489377 -0.5931024 -0.38904282
vn 0.74540925 -0.5666895 -0.3510387
vn 0.75556594 -0.57005715 -0.3227305
vn 0.75638986 -0.57310534 -0.31531686
vn 0.77071345 -0.583958 -0.25493893
vn 0.77274203 -0.5836745 -0.24938713
vn 0.78592724 -0.59363365 -0.17296694
vn 0.7859084 -0.59395194 -0.17195685
vn 0.7934507 -0.5996521 -0.10418006
vn 0.79292136 -0.6014354 -0.097730435
vn 0.79603493 -0.60379714 -0.041921556
vn 0.7983258 -0.6014732 -0.030099532
vn 0.8357565 -0.5491003 0
vn 0.8353792 -0.5488523 0.030047148
vn 0.8353798 -0.5488516 0.030043686
vn 0.83151597 -0.54631305 0.10061509
vn 0.8307611 -0.54685843 0.10383648
vn 0.822637 -0.5415107 0.17330426
vn 0.82260144 -0.5393157 0.18018167
vn 0.81061935 -0.53146 0.24585871
vn 0.8094583 -0.5317145 0.24911231
vn 0.79515094 -0.5223164 0.30809197
vn 0.78471017 -0.528377 0.32411084
vn 0.76825786 -0.526193 0.3645554
vn 0.7559856 -0.54353005 0.36477506
vn 0.3123094 -0.22454073 0.9230624
vn 0.30607647 -0.2323329 0.92322195
vn 0.23362985 -0.15055755 0.96059847
vn 0.31735685 -0.21736318 0.9230589
vn 0.32196665 -0.20748422 0.9237357
vn 0.1611254 -0.12369977 0.9791511
vn 0.23327015 -0.14970729 0.9608188
vn 0.17090744 -0.10968437 0.9791629
vn 0.16026224 -0.123393916 0.97933143
vn 0.14934929 -0.13635883 0.97933704
vn 0.14979738 -0.13714978 0.9791581
vn -0.7179723 0.42574006 0.5506915
vn -0.72130084 0.4333887 0.540277
vn -0.70003164 0.4709569 0.53680104
vn -0.75814843 0.51061654 0.4055635
vn -0.7571814 0.5194472 0.39604402
vn -0.7987789 0.5479842 0.24832563
vn -0.7977914 0.5512805 0.2441694
vn -0.8196243 0.56611115 0.08794549
vn -0.79170305 0.4128861 -0.45025688
vn -0.72259957 0.4345948 -0.53756607
vn -0.7014143 0.47189888 -0.53416234
vn -0.71905035 0.42640188 -0.54876953
vn -0.7354714 0.39228755 -0.55244213
vn -0.75008094 0.39437374 -0.5308934
vn -0.80136263 0.5936451 0.07350847
vn -0.8010649 0.59399694 -0.0739101
vn -0.7976228 0.59786016 -0.079756886
vn -0.7775575 0.58307874 -0.23542194
vn -0.7796525 0.57713807 -0.24300975
vn -0.74165493 0.5492628 -0.38504338
vn -0.7429975 0.5409354 -0.39413646
vn -0.69435704 0.505285 -0.5124015
vn -0.6947965 0.47493 -0.54009193
vn 0.12726092 -0.097984545 0.9870176
vn 0.12791492 -0.08200876 0.9883888
vn 0.12686639 -0.08013517 0.9886775
vn 0.1226784 -0.07608424 0.98952574
vn 0.09941794 -0.06525356 0.99290395
vn -0.14717938 0.22779845 0.9625207
vn 0.046495475 -0.030248433 0.9984604
vn -0.15107958 0.23361674 0.96051973
vn -0.14130893 0.21805896 0.96565115
vn -0.13979843 0.21213569 0.9671891
vn -0.1470877 0.22278835 0.9637067
vn -0.063495 0.06610738 0.99579024
vn -0.33281848 0.21395457 0.9183982
vn -0.06449295 0.06708242 0.99566084
vn -0.33096144 0.21807626 0.9180999
vn -0.37170735 0.24492444 0.89545834
vn -0.37586704 0.24482957 0.8937463
vn -0.39221957 0.23027293 0.89058316
vn -0.43812785 0.23709825 0.86708045
vn -0.43076754 0.25069475 0.8669437
vn -0.43417856 0.25525948 0.8639048
vn -0.46391618 0.27097 0.8434199
vn -0.4682268 0.2699178 0.8413728
vn -0.47566143 0.25616816 0.84150106
vn -0.49755177 0.2648428 0.82601476
vn -0.51064587 0.28735435 0.8103507
vn -0.5419568 0.30607006 0.7826902
vn -0.5447707 0.3105503 0.77896297
vn -0.59489924 0.3408124 0.7279711
vn -0.59826547 0.346536 0.7224896
vn -0.6563436 0.38196608 0.65062654
vn -0.6610092 0.39083093 0.64056075
vn -0.71086234 0.36606303 -0.60056007
vn -0.6832581 -0.49612838 -0.5357379
vn -0.6679311 0.35266322 -0.6553599
vn -0.65805924 0.3407158 -0.67146903
vn -0.6606554 -0.42380264 -0.6196174
vn -0.6359769 -0.37053135 -0.6769342
vn 0.18741736 -0.19091119 -0.96354955
vn 0.15621988 -0.16085175 -0.97453684
vn 0.14102745 -0.14598155 -0.9791837
vn 0.14979737 -0.13714977 -0.9791581
vn 0.16026224 -0.123393916 -0.97933143
vn 0.16112542 -0.12369978 -0.9791511
vn 0.22007068 -0.16895343 -0.96074116
vn 0.14934929 -0.13635883 -0.97933704
vn 0.22061752 -0.1689846 -0.96061015
vn 0.30468705 -0.23337866 -0.9234177
vn 0.3058281 -0.2325026 -0.92326146
vn 0.75523674 -0.5420145 -0.36856183
vn 0.7562914 -0.5685322 -0.32371956
vn 0.31254026 -0.22430232 -0.9230422
vn 0.7873773 -0.5243969 -0.32410643
vn 0.7935542 -0.52126753 -0.3139298
vn 0.8094582 -0.53171444 -0.24911273
vn 0.8106193 -0.5314599 -0.24585913
vn 0.82260144 -0.5393157 -0.18018167
vn 0.822637 -0.5415107 -0.17330426
vn 0.830761 -0.5468585 -0.10383623
vn 0.8315159 -0.546313 -0.10061484
vn 0.8353796 -0.54885155 -0.03004708
vn 0.83537924 -0.54885244 -0.030043665
vn 0.8606415 -0.5092115 0
vn 0.8602559 -0.5089834 0.029927544
vn 0.8699178 -0.48959795 0.059471674
vn 0.86699283 -0.48795176 0.10112516
vn 0.8669916 -0.48795295 0.10113139
vn 0.8579301 -0.48285308 0.17552446
vn 0.8566305 -0.48348978 0.18006045
vn 0.84455043 -0.47667176 0.24396433
vn 0.84388566 -0.4768676 0.24587467
vn 0.79742205 -0.50781626 0.32594597
vn 0.826478 -0.4670308 0.31435072
vn 0.817244 -0.4752984 0.3258891
vn 0.7950277 -0.50324756 0.33863378
vn 0.32418308 -0.20520584 0.9234695
vn 0.24451289 -0.13046324 0.9608292
vn 0.32648748 -0.20265387 0.9232211
vn 0.3300178 -0.19766037 0.9230485
vn 0.33751178 -0.18382141 0.9231985
vn 0.33839428 -0.18055497 0.92352
vn 0.17071424 -0.109448224 0.9792231
vn 0.24441223 -0.13027087 0.9608809
vn 0.1789482 -0.09537877 0.9792244
vn -0.64095956 0.4281668 0.6370589
vn -0.64618474 0.44039786 0.62329364
vn -0.69381577 0.47379515 0.5423448
vn -0.6934032 0.5054361 0.51354295
vn -0.7427021 0.54137117 0.39409468
vn -0.7414587 0.5491186 0.38562647
vn -0.7797302 0.5771949 0.24262486
vn -0.7776302 0.5831328 0.23504752
vn -0.7976143 0.597854 0.07988787
vn -0.65927166 0.38976792 -0.64299446
vn -0.6464892 0.44112396 -0.6224639
vn -0.63996446 0.42588153 -0.63958615
vn -0.6549869 0.38165385 -0.65217525
vn -0.780377 0.6205993 0.07660454
vn -0.78116417 0.61960554 -0.07662586
vn -0.771464 0.6307416 -0.08371548
vn -0.7543131 0.61720407 -0.2237651
vn -0.7574476 0.60965174 -0.23366179
vn -0.7238923 0.58314055 -0.36868292
vn -0.7266923 0.57018447 -0.38315517
vn -0.6808916 0.5344898 -0.5007068
vn -0.6816614 0.52414733 -0.51049703
vn -0.6229876 0.47824433 -0.6190064
vn 0.17837276 -0.094781674 0.97938734
vn 0.16001832 -0.08502871 0.9834451
vn 0.15602341 -0.06692702 0.98548335
vn 0.15469174 -0.06593211 0.98576033
vn 0.15121609 -0.06472077 0.9863797
vn 0.12657176 -0.06388953 0.9898979
vn -0.14413783 0.2291592 0.962658
vn -0.15642709 0.24110885 0.95780855
vn -0.15628153 0.24080363 0.95790905
vn -0.15636866 0.23832884 0.9585135
vn -0.15680559 0.23848718 0.9584029
vn -0.088799685 0.10313176 0.99069595
vn -0.07732537 0.08282371 0.9935598
vn -0.075537264 0.080084346 0.9939218
vn -0.073333815 0.07703641 0.9943277
vn -0.06968499 0.07250411 0.9949307
vn -0.06965968 0.07247462 0.9949347
vn -0.068574496 0.071286425 0.99509585
vn -0.31165868 0.22213972 0.92386293
vn -0.3057744 0.22719412 0.9245998
vn -0.34878483 0.26060972 0.9002397
vn -0.35359278 0.2607898 0.89831
vn -0.40316373 0.30109766 0.86417544
vn -0.40531313 0.3016208 0.8629868
vn -0.42280638 0.2771571 0.86279696
vn -0.42174459 0.27540833 0.863876
vn -0.46805027 0.2865392 0.83595705
vn -0.45447293 0.2981726 0.83937335
vn -0.46112844 0.29756021 0.8359536
vn -0.49729544 0.3029759 0.8129594
vn -0.50435495 0.28777587 0.8141321
vn -0.5078706 0.32197252 0.79899997
vn -0.5313702 0.33811018 0.77674145
vn -0.5347845 0.3444729 0.77158535
vn -0.58259124 0.37752378 0.7197661
vn -0.5900676 0.39268586 0.7054203
vn -0.6104734 0.3164651 -0.7260661
vn -0.600763 0.34862638 -0.71940494
vn -0.5963218 0.34108078 -0.7266803
vn -0.6065956 0.31636715 -0.72935146
vn -0.62696964 -0.35111463 -0.69543326
vn -0.5617446 0.2868782 -0.7759794
vn -0.57765055 -0.26964247 -0.77046275
vn -0.5345345 -0.21939853 -0.8161722
vn -0.53286505 -0.21742529 -0.8177903
vn -0.5132943 -0.19599526 -0.83553267
vn -0.46536493 -0.16064756 -0.8704182
vn -0.40938172 -0.13936892 -0.9016557
vn 0.12168235 -0.12791365 -0.9842924
vn 0.103287205 -0.10309957 -0.98929375
vn 0.10319433 -0.100034855 -0.98961806
vn 0.111954935 -0.10221705 -0.9884421
vn 0.1263559 -0.09728773 -0.9872028
vn 0.12705073 -0.081454694 -0.98854595
vn 0.17071424 -0.109448224 -0.9792231
vn 0.17090742 -0.10968436 -0.9791629
vn 0.23327015 -0.14970729 -0.9608188
vn 0.23362985 -0.15055755 -0.96059847
vn 0.32212755 -0.20758791 -0.9236564
vn 0.3179865 -0.21707052 -0.9229112
vn 0.76054054 -0.51917595 -0.3899158
vn 0.79601145 -0.51003355 -0.3259319
vn 0.32580626 -0.20361431 -0.9232505
vn 0.7881481 -0.49255726 -0.36906627
vn 0.81682825 -0.47600853 -0.32589477
vn 0.8262976 -0.46692884 -0.31497577
vn 0.84388554 -0.47686756 -0.24587509
vn 0.84455025 -0.47667164 -0.24396472
vn 0.85663044 -0.4834898 -0.18006046
vn 0.8579301 -0.48285308 -0.17552446
vn 0.8669921 -0.4879533 -0.10112496
vn 0.8669925 -0.48795152 -0.101131156
vn 0.86991775 -0.4895979 -0.059471622
vn 0.86025596 -0.50898343 -0.029927524
vn 0.87629306 -0.48177856 0
vn 0.8756984 -0.4814516 0.03683389
vn 0.8981898 -0.4380672 0.0367739
vn 0.900326 -0.43173206 0.05496033
vn 0.89706165 -0.43016666 0.101178825
vn 0.8971397 -0.42919365 0.10456096
vn 0.88877213 -0.42519057 0.1711643
vn 0.8876811 -0.4258357 0.17517471
vn 0.87430376 -0.41941833 0.24429747
vn 0.8739041 -0.41823718 0.24772799
vn 0.8545799 -0.40898895 0.3200332
vn 0.85263515 -0.41004884 0.32384133
vn 0.826222 -0.46088853 0.32394272
vn 0.7973192 -0.47754514 0.3690974
vn 0.7896474 -0.49014142 0.3690777
vn 0.8097464 -0.4410181 0.3870581
vn 0.34629342 -0.16894816 0.92278785
vn 0.35047263 -0.15787427 0.92317104
vn 0.35258535 -0.15044653 0.92360663
vn 0.25520936 -0.10889665 0.96073383
vn 0.25462413 -0.109011985 0.96087617
vn 0.83670187 -0.40820634 0.3650994
vn 0.18603027 -0.07964496 0.9793107
vn 0.18557769 -0.07960447 0.97939986
vn -0.5688601 0.4277682 0.70243335
vn -0.5759333 0.4456737 0.685329
vn -0.61827505 0.4796431 0.62263834
vn -0.622148 0.47837076 0.61975265
vn -0.6808605 0.52409047 0.5116231
vn -0.6801923 0.5330867 0.503147
vn -0.726807 0.56962 0.38377687
vn -0.7237709 0.58366954 0.36808363
vn -0.7573264 0.60995144 0.2332723
vn -0.75431323 0.61720395 0.2237651
vn -0.77150947 0.63077635 0.083030924
vn -0.59003437 0.39110115 -0.70632803
vn -0.58473074 0.3803396 -0.7165415
vn -0.61694384 0.48021367 -0.6235182
vn -0.57521445 0.44671825 -0.68525255
vn -0.56778955 0.42792913 -0.70320106
vn -0.7558939 0.6516413 0.063150704
vn -0.75586873 0.6516196 -0.06367399
vn -0.74564725 0.66196793 -0.07621431
vn -0.7300236 0.64859915 -0.21537104
vn -0.732333 0.6437851 -0.22187607
vn -0.70200557 0.6181297 -0.3537005
vn -0.7050749 0.6072058 -0.36629307
vn -0.6626481 0.57116973 -0.48441997
vn -0.6645142 0.5569184 -0.4982598
vn -0.61631674 0.51652485 -0.59443736
vn 0.19204903 -0.06380696 0.97930896
vn 0.16608399 -0.055180263 0.98456645
vn -0.1431046 0.22820905 0.9630378
vn 0.19308148 -0.06381257 0.9791054
vn 0.19502872 -0.057004303 0.97913957
vn -0.16323829 0.25159213 0.95396787
vn -0.15977368 0.24013127 0.95750153
vn -0.16450618 0.25349006 0.95324737
vn -0.16566122 0.23848586 0.9569121
vn -0.102450654 0.12659764 0.98664933
vn -0.17426379 0.2416434 0.95458925
vn -0.18393469 0.24634664 0.9515679
vn -0.18725899 0.24343784 0.9516681
vn -0.087612905 0.09678353 0.99144185
vn -0.1674876 0.20067097 0.9652353
vn -0.20129457 0.2411759 0.949376
vn -0.20626855 0.24230321 0.94802034
vn -0.21427262 0.23570454 0.94790846
vn -0.116362885 0.12500459 0.9853088
vn -0.22328854 0.23504934 0.9459884
vn -0.23825687 0.23620494 0.9420408
vn -0.11002218 0.1108427 0.98772925
vn -0.24732219 0.23255223 0.94061214
vn -0.27218124 0.2325872 0.93371326
vn -0.27253884 0.23208128 0.93373495
vn -0.28940156 0.22672412 0.9299694
vn -0.32137805 0.27773198 0.90530723
vn -0.32778755 0.27842394 0.9027931
vn -0.37933475 0.3290582 0.8647692
vn -0.38009632 0.32931498 0.864337
vn -0.44046742 0.33024502 0.8348213
vn -0.4217709 0.37015074 0.8277064
vn -0.4386391 0.34975535 0.8278085
vn -0.45601475 0.3160462 0.8319648
vn -0.445693 0.3304964 0.8319435
vn -0.4963269 0.3198393 0.8070703
vn -0.48638612 0.3374976 0.8059305
vn -0.49939844 0.36546648 0.7855161
vn -0.51520085 0.37801942 0.76920044
vn -0.5200138 0.38890275 0.7604869
vn -0.54293954 0.30881134 -0.7809304
vn -0.5339535 0.34521168 -0.7718306
vn -0.5294186 0.33673617 -0.7786686
vn -0.5402022 0.30445787 -0.7845298
vn -0.5477898 0.28529352 -0.7864693
vn -0.5126651 0.25858325 -0.8187241
vn -0.5113273 0.25504583 -0.820668
vn -0.48325488 0.24367148 -0.8408859
vn -0.46881333 0.24186791 -0.8495375
vn -0.44798514 0.21687588 -0.86733735
vn -0.4404644 0.22006215 -0.8703815
vn -0.3982052 0.20498665 -0.894099
vn -0.39801633 0.20469083 -0.8942509
vn -0.35825622 0.19078077 -0.91392297
vn -0.35614896 0.18494244 -0.9159444
vn -0.059306152 0.061850335 -0.9963218
vn -0.037574384 0.04176514 -0.9984206
vn 0.0060687177 -0.00047922131 -0.99998146
vn 0.044065747 -0.038443007 -0.99828863
vn 0.073621236 -0.068423845 -0.99493617
vn 0.089895666 -0.08714334 -0.9921314
vn 0.077507 -0.0644048 -0.99490947
vn 0.10006683 -0.06603944 -0.9927867
vn 0.1228044 -0.076581456 -0.98947173
vn 0.12610321 -0.079762205 -0.9888053
vn 0.15930295 -0.08464859 -0.983594
vn 0.17837276 -0.094781674 -0.97938734
vn 0.17894821 -0.095378794 -0.9792244
vn 0.24441223 -0.13027087 -0.9608809
vn 0.24451289 -0.13046326 -0.9608292
vn 0.33696914 -0.18502572 -0.92315614
vn 0.32944775 -0.19846825 -0.9230788
vn 0.33826596 -0.1804865 -0.92358035
vn 0.79609084 -0.47958696 -0.36910132
vn 0.82591885 -0.46143532 -0.3239375
vn 0.81326723 -0.4465553 -0.37307468
vn 0.85242784 -0.41047594 -0.32384598
vn 0.8547945 -0.40909162 -0.3193281
vn 0.87390405 -0.41823715 -0.2477284
vn 0.8743037 -0.4194183 -0.2442979
vn 0.8876811 -0.4258357 -0.17517471
vn 0.88877213 -0.42519057 -0.1711643
vn 0.89713985 -0.4291937 -0.10456071
vn 0.89706165 -0.4301667 -0.10117859
vn 0.8756983 -0.4814516 -0.036833886
vn 0.9003259 -0.43173197 -0.054960277
vn 0.8981898 -0.43806723 -0.036773875
vn 0.8987977 -0.43836367 0
vn 0.91016483 -0.4142463 0
vn 0.9095514 -0.41396704 0.03670997
vn 0.9280581 -0.3706403 0.03652304
vn 0.92354953 -0.36883974 0.10494536
vn 0.92355084 -0.36883846 0.10493932
vn 0.91506135 -0.36544806 0.17061798
vn 0.91448766 -0.36282122 0.17908914
vn 0.90212333 -0.3579157 0.2409767
vn 0.8998638 -0.35893452 0.24781303
vn 0.8809822 -0.35140312 0.3168378
vn 0.8771061 -0.35521987 0.32327062
vn 0.85560393 -0.40423143 0.32332447
vn 0.84830403 -0.38212806 0.36654913
vn 0.8588019 -0.35765344 0.36680132
vn 0.35454914 -0.1476542 0.9233056
vn 0.36195445 -0.12899308 0.92322785
vn 0.36271858 -0.12564158 0.92339015
vn 0.34879956 -0.11573725 0.9300235
vn 0.29132044 -0.096664764 0.9517292
vn 0.25993112 -0.096511014 0.9607921
vn 0.35940254 -0.13790476 0.92293674
vn 0.23637272 -0.07812013 0.96851695
vn -0.49392813 0.42644656 0.7577455
vn -0.49997148 0.44388834 0.743634
vn -0.54643023 0.48691675 0.68141484
vn -0.6177313 0.5146095 0.5946303
vn -0.5524096 0.5071624 0.66153616
vn -0.5913294 0.54332185 0.59592855
vn -0.59713626 0.54177237 0.59153277
vn -0.66484755 0.55410904 0.50094014
vn -0.6622426 0.5739951 0.48162666
vn -0.7037557 0.60919136 0.36553237
vn -0.7015376 0.61710393 0.3564095
vn -0.73252606 0.6435594 0.22189346
vn -0.7300813 0.6486493 0.21502422
vn -0.745684 0.66199833 0.07558765
vn -0.5203744 0.39011756 -0.75961745
vn -0.5149544 0.37782356 -0.7694617
vn -0.5971358 0.5417723 -0.59153336
vn -0.5932159 0.5428226 -0.59450704
vn -0.5524989 0.5051488 -0.66300046
vn -0.546891 0.4862971 -0.68148756
vn -0.49949622 0.44249755 -0.7447814
vn -0.49432153 0.42756653 -0.7568574
vn -0.721661 0.68948525 0.061768897
vn -0.7216379 0.68946326 -0.062282488
vn -0.71690816 0.693728 -0.06916813
vn -0.70330757 0.6815589 -0.20207906
vn -0.70771253 0.67348486 -0.21345049
vn -0.6805333 0.6488677 -0.34036025
vn -0.68367463 0.6395713 -0.35147914
vn -0.64578307 0.60535514 -0.46530566
vn -0.6488923 0.5884327 -0.48237506
vn 0.246688 -0.042285178 0.96817195
vn 0.23953591 -0.039051324 0.9701019
vn -0.18811356 0.29114553 0.9380019
vn -0.19997957 0.3188824 0.92645675
vn -0.20291865 0.31756446 0.9262703
vn -0.19601238 0.28552502 0.9381122
vn -0.21416861 0.31500316 0.9246106
vn -0.23847263 0.33848408 0.9102523
vn -0.26452056 0.31915018 0.9100396
vn -0.19767526 0.24051148 0.95030457
vn -0.23956731 0.23651744 0.94162995
vn -0.26490104 0.31925398 0.9098925
vn -0.29429877 0.2963576 0.90860355
vn -0.29785454 0.29702422 0.90722615
vn -0.35102952 0.35931757 0.8646787
vn -0.3514663 0.36083585 0.8638686
vn -0.3936143 0.4101514 0.82270515
vn -0.42453933 0.3776011 0.82291174
vn -0.46980762 0.37690216 0.79826415
vn -0.48189336 0.35897142 0.7993237
vn -0.44222453 0.39493027 0.80527484
vn -0.48143798 0.41493586 0.77204
vn -0.5080278 0.32200167 -0.79888844
vn -0.49763012 0.30316314 -0.8126847
vn -0.5047802 0.287986 -0.8137942
vn -0.5117943 0.2875093 -0.80957085
vn -0.49939844 0.36546648 -0.7855161
vn -0.48638555 0.33749643 -0.8059313
vn -0.49632558 0.31983948 -0.807071
vn -0.4984294 0.26448345 -0.8256008
vn -0.47597867 0.25557402 -0.84150237
vn -0.46697873 0.24577568 -0.8494265
vn -0.44177142 0.23565367 -0.86562437
vn -0.4371538 0.22709991 -0.8702426
vn -0.40054703 0.21309601 -0.89115214
vn -0.39833176 0.21952584 -0.8905842
vn -0.3912854 0.22580668 -0.8921362
vn -0.34975022 0.20295087 -0.91459596
vn -0.34798253 0.20330231 -0.91519195
vn -0.062413875 0.06489847 -0.99593806
vn -0.15277974 0.23352379 -0.9602734
vn -0.15132926 0.23140626 -0.9610154
vn -0.063393295 0.065919705 -0.99580914
vn -0.15192518 0.23377877 -0.96034694
vn -0.1528107 0.23524931 -0.9598472
vn 0.0462983 -0.029983997 -0.9984775
vn -0.15408175 0.23714596 -0.959177
vn -0.14413027 0.22915184 -0.9626609
vn 0.12674838 -0.064084046 -0.9898627
vn -0.15630236 0.24021444 -0.9580535
vn -0.15698889 0.24165447 -0.957579
vn 0.15140694 -0.06491794 -0.98633754
vn 0.1545899 -0.0660295 -0.9857698
vn 0.15547273 -0.0666908 -0.98558635
vn 0.18557769 -0.07960447 -0.97939986
vn 0.18603027 -0.07964496 -0.9793107
vn 0.25462413 -0.109011985 -0.96087617
vn 0.35017073 -0.15892886 -0.9231045
vn 0.34599823 -0.16947582 -0.92280173
vn 0.25520936 -0.10889665 -0.96073383
vn 0.35258535 -0.15044653 -0.92360663
vn 0.83442277 -0.40871456 -0.36971757
vn 0.84723556 -0.38452703 -0.36651182
vn 0.8556458 -0.4041428 -0.3233247
vn 0.8757934 -0.358416 -0.3233015
vn 0.88202256 -0.3518181 -0.3134647
vn 0.89986366 -0.35893446 -0.24781343
vn 0.90212333 -0.3579157 -0.24097714
vn 0.91448766 -0.36282122 -0.17908914
vn 0.91506135 -0.3654481 -0.170618
vn 0.9235501 -0.36883822 -0.10494508
vn 0.9235502 -0.36883998 -0.104939066
vn 0.9280581 -0.3706403 -0.03652301
vn 0.9095514 -0.413967 -0.036709934
vn 0.9290156 -0.37004083 0
vn 0.92850375 -0.36983696 0.033185866
vn 0.95102817 -0.30730012 0.033345703
vn 0.9510277 -0.30730283 0.03333578
vn 0.9465864 -0.3058677 0.10207423
vn 0.9460782 -0.3064949 0.104866415
vn 0.93639386 -0.30335754 0.1764677
vn 0.9356709 -0.3039141 0.17932148
vn 0.9230142 -0.29980308 0.24116963
vn 0.92222095 -0.29818168 0.24616306
vn 0.90050936 -0.29116166 0.32296708
vn 0.8995018 -0.29314762 0.32397687
vn 0.8804603 -0.3461058 0.32403773
vn 0.8685531 -0.33326867 0.36680716
vn 0.8763876 -0.31232634 0.36660197
vn 0.8999049 -0.28958845 0.32605162
vn 0.8990686 -0.288981 0.32888553
vn 0.36769745 -0.11818628 0.92240477
vn 0.3759549 -0.082670204 0.9229429
vn 0.37567204 -0.07497827 0.92371464
vn 0.35955712 -0.07863813 0.9298036
vn 0.37161034 -0.107258864 0.92217195
vn 0.37553725 -0.09343727 0.9220852
vn 0.29999214 -0.06591571 0.9516615
vn 0.2728255 -0.043826245 0.96106476
vn -0.44792742 0.46327573 0.76468074
vn -0.46703425 0.48376846 0.7401669
vn -0.47194904 0.5030391 0.72402745
vn -0.5109444 0.54485184 0.66488504
vn -0.52154243 0.5433588 0.65784097
vn -0.64993215 0.5893692 0.47982517
vn -0.58685356 0.5825442 0.5623569
vn -0.57378596 0.59713167 0.5605385
vn -0.6295994 0.6238955 0.4629893
vn -0.64730436 0.60356903 0.46551213
vn -0.6844494 0.6371854 0.35429332
vn -0.68053347 0.6488677 0.3403601
vn -0.70776874 0.6735348 0.21310659
vn -0.7034922 0.6813642 0.20209308
vn -0.7170071 0.69369227 0.0684967
vn -0.48175094 0.41599527 -0.77127427
vn -0.46980804 0.37690154 -0.79826415
vn -0.48189336 0.35897142 -0.7993236
vn -0.6300223 0.6234217 -0.46305218
vn -0.5886289 0.5831967 -0.55981934
vn -0.5727158 0.6009253 -0.55757093
vn -0.5186958 0.54486597 -0.6588443
vn -0.5118527 0.54582787 -0.6633845
vn -0.47179464 0.5028753 -0.72424173
vn -0.46654883 0.4822637 -0.74145395
vn -0.44970703 0.46423566 -0.7630523
vn -0.44425717 0.39692461 -0.8031727
vn -0.6862696 0.72477585 0.061105814
vn -0.68613917 0.7248495 -0.061694644
vn -0.6854033 0.7254449 -0.0628655
vn -0.6738883 0.7142411 -0.18903542
vn -0.6785694 0.70675373 -0.20010678
vn -0.6553645 0.68405217 -0.32026535
vn -0.6610724 0.6698744 -0.33801123
vn -0.6268271 0.6366533 -0.44917735
vn -0.18466267 0.35091752 0.9180178
vn -0.19849013 0.3412602 0.9187726
vn 0.29997897 -0.016819118 0.9537975
vn -0.20545508 0.32120085 0.92445564
vn -0.23266988 0.36424053 0.9017725
vn -0.24091938 0.36650753 0.8986824
vn -0.23636648 0.36968768 0.89858884
vn -0.31732908 0.392647 0.8632095
vn -0.27757913 0.42788577 0.86015326
vn -0.31795147 0.39581016 0.8615343
vn -0.35860118 0.45233983 0.8165746
vn -0.39589402 0.41844863 0.81741583
vn -0.4188297 0.44524825 0.7914137
vn -0.4680501 0.28653842 -0.8359574
vn -0.46112752 0.29756066 -0.83595407
vn -0.46391615 0.27096996 -0.8434198
vn -0.46822605 0.26991794 -0.84137315
vn -0.45601508 0.31604567 -0.8319648
vn -0.445693 0.33049643 -0.8319435
vn -0.45447332 0.29817286 -0.839373
vn -0.43417805 0.25525922 -0.8639052
vn -0.43076742 0.250695 -0.8669437
vn -0.43812782 0.23709823 -0.86708045
vn -0.39221933 0.23027314 -0.89058316
vn -0.3317329 0.21426626 -0.91871834
vn -0.37528816 0.24533974 -0.89384973
vn -0.37243745 0.24540551 -0.89502317
vn -0.3302325 0.21759596 -0.9184762
vn -0.076776706 0.07485634 -0.9942343
vn -0.06602485 0.06849468 -0.99546427
vn -0.15751038 0.23989272 -0.9579363
vn -0.1563288 0.23946504 -0.95823675
vn -0.06965828 0.07247299 -0.99493486
vn -0.069686785 0.072506204 -0.99493045
vn -0.074464865 0.07844129 -0.9941338
vn -0.079901375 0.08677059 -0.99301887
vn -0.08142397 0.08931654 -0.9926695
vn -0.08618953 0.09796437 -0.99145067
vn 0.19502872 -0.057004303 -0.97913957
vn 0.19308148 -0.06381257 -0.9791054
vn 0.192049 -0.06380695 -0.97930884
vn 0.1660852 -0.05518066 -0.9845663
vn -0.14313808 0.22823966 -0.9630255
vn -0.1625373 0.25019518 -0.95445484
vn -0.16354878 0.2518482 -0.95384705
vn -0.1590739 0.24075814 -0.95746076
vn 0.23637389 -0.078120515 -0.9685167
vn 0.25993127 -0.09651061 -0.9607921
vn 0.35348296 -0.14917111 -0.9234705
vn 0.8571129 -0.36170477 -0.36677927
vn 0.29131925 -0.09666437 -0.9517296
vn 0.35193595 -0.11677796 -0.92871094
vn 0.363001 -0.12466128 -0.92341197
vn 0.36195648 -0.12898593 -0.9232281
vn 0.3595245 -0.13748127 -0.9229523
vn 0.8689341 -0.33227828 -0.3668032
vn 0.88106877 -0.34454226 -0.32405013
vn 0.9001887 -0.29105797 -0.3239531
vn 0.9222209 -0.29818168 -0.24616349
vn 0.9230141 -0.29980308 -0.24117005
vn 0.9356709 -0.3039141 -0.1793215
vn 0.93639386 -0.30335754 -0.1764677
vn 0.9460782 -0.30649495 -0.10486617
vn 0.9285038 -0.36983696 -0.03318584
vn 0.94658643 -0.30586773 -0.10207398
vn 0.9510277 -0.30730283 -0.033335753
vn 0.95102817 -0.30730012 -0.033345677
vn 0.94084144 -0.3388472 0
vn 0.95155644 -0.30747083 0.0014561599
vn 0.95931554 -0.28035814 0.033359338
vn 0.9590024 -0.27615166 0.06367704
vn 0.95793873 -0.2761489 0.07807144
vn 0.95505846 -0.27826154 0.10214575
vn 0.95365137 -0.27105018 0.13069393
vn 0.95350677 -0.27075407 0.1323523
vn 0.9489119 -0.2709009 0.16179883
vn 0.94555545 -0.27338263 0.17659764
vn 0.93269444 -0.2635127 0.24625653
vn 0.93155736 -0.25994816 0.25422016
vn 0.9292599 -0.25860476 0.26381734
vn 0.91012555 -0.25549826 0.32617778
vn 0.8942508 -0.27133393 0.35594022
vn 0.90622103 -0.25074643 0.3404257
vn 0.89998263 -0.25120202 0.35627055
vn 0.9056497 -0.24120596 0.34873828
vn 0.90566605 -0.24110697 0.34876424
vn 0.37915164 -0.05820206 0.9235024
vn 0.37935713 -0.056099072 0.9235481
vn 0.3346464 -0.02079928 0.9421142
vn -0.4037815 0.51162785 0.75841784
vn -0.42535076 0.5386225 0.7272981
vn -0.4368874 0.53843975 0.72056377
vn -0.48952562 0.60135424 0.63145685
vn -0.50539047 0.5860341 0.63335955
vn -0.5502132 0.6361249 0.5409348
vn -0.57049835 0.61554843 0.54372036
vn -0.60873294 0.6552076 0.4473782
vn -0.6265854 0.63641816 0.44984737
vn -0.6610722 0.6698747 0.338011
vn -0.6551858 0.6844762 0.31972465
vn -0.6783788 0.7069411 0.2000909
vn -0.6738459 0.71419877 0.18934584
vn -0.685423 0.7254626 0.062445346
vn -0.4245388 0.37760094 -0.8229121
vn -0.4212114 0.36865422 -0.82865864
vn -0.43758956 0.34884158 -0.828749
vn -0.43932247 0.33018842 -0.8354467
vn -0.6085389 0.65588546 -0.44664824
vn -0.5699822 0.61608446 -0.5436545
vn -0.55074835 0.6355947 -0.5410135
vn -0.50648916 0.58594394 -0.6325649
vn -0.4892914 0.60260475 -0.6304454
vn -0.43615404 0.5385843 -0.7208999
vn -0.4246622 0.5387323 -0.7276192
vn -0.40354264 0.51225215 -0.75812346
vn -0.41877 0.44517836 -0.7914846
vn -0.39589435 0.41844907 -0.8174155
vn -0.3936143 0.41015062 -0.82270545
vn -0.65299976 0.75484806 0.06160856
vn -0.65234995 0.7555066 0.060408145
vn -0.6523378 0.75549257 -0.060715176
vn -0.65304255 0.75477695 -0.0620248
vn -0.64347214 0.7446501 -0.17731245
vn -0.64782417 0.73848987 -0.18696652
vn -0.62763923 0.7174282 -0.3022678
vn -0.63316154 0.7058439 -0.3176331
vn -0.60298455 0.6741882 -0.42647362
vn 0.35103154 -0.009507843 0.93631536
vn -0.18615966 0.38168424 0.90535176
vn -0.18749456 0.381504 0.9051521
vn -0.23051614 0.40723115 0.8837562
vn -0.23151922 0.4073271 0.8834498
vn -0.24715786 0.38896397 0.88747954
vn -0.27834064 0.43483096 0.85641605
vn -0.2758347 0.4319996 0.8586568
vn -0.27812567 0.4349808 0.8564099
vn -0.28139845 0.4398912 0.85282505
vn -0.31859973 0.49381286 0.80910015
vn -0.36024264 0.46121675 0.8108664
vn -0.38947424 0.50141525 0.77258825
vn -0.42154464 0.27631992 -0.86368245
vn -0.4213618 0.2760191 -0.86386794
vn -0.40449205 0.30185845 -0.86328894
vn -0.40400025 0.3008518 -0.86387026
vn -0.31263614 0.22129774 -0.9237348
vn -0.35483402 0.26083502 -0.8978073
vn -0.3487851 0.2606095 -0.9002397
vn -0.30577487 0.22719413 -0.92459965
vn -0.28940243 0.22672412 -0.92996913
vn -0.16588224 0.2388788 -0.95677584
vn -0.2725385 0.23208165 -0.9337349
vn -0.27218106 0.23258744 -0.93371326
vn -0.24732326 0.23255248 -0.9406118
vn -0.08318147 0.086994395 -0.9927301
vn -0.08036484 0.0843414 -0.9931908
vn -0.21427262 0.23570454 -0.94790846
vn -0.20626855 0.24230321 -0.94802034
vn -0.20129457 0.2411759 -0.949376
vn -0.16748004 0.2006619 -0.9652385
vn -0.13874933 0.17574666 -0.97460854
vn -0.19767442 0.24051133 -0.9503047
vn -0.18511978 0.2440341 -0.9519339
vn -0.18162979 0.24475399 -0.9524212
vn -0.18692918 0.28903392 -0.93889135
vn -0.199773 0.31194717 -0.9288594
vn -0.20348772 0.31886676 -0.925698
vn -0.20127669 0.31985885 -0.92583907
vn 0.23953645 -0.039051093 -0.97010165
vn 0.24668925 -0.042285256 -0.96817166
vn -0.18333526 0.24559465 -0.95187783
vn -0.19475597 0.28348735 -0.9389915
vn 0.30042157 -0.06435777 -0.9516328
vn 0.27538222 -0.04397589 -0.9603285
vn 0.36322093 -0.07781095 -0.9284482
vn 0.37558165 -0.07499949 -0.92374974
vn 0.37577435 -0.07713866 -0.9234951
vn 0.37516427 -0.09332935 -0.922248
vn 0.37124 -0.10714173 -0.92233485
vn 0.3670966 -0.1187073 -0.9225772
vn 0.87639296 -0.31230956 -0.36660334
vn 0.8975213 -0.2902298 -0.33199698
vn 0.8993729 -0.29021895 -0.32695764
vn 0.8996734 -0.2903159 -0.3260437
vn 0.9102332 -0.2551166 -0.32617635
vn 0.92892283 -0.25823075 -0.26536626
vn 0.93148685 -0.2597339 -0.25469694
vn 0.9326943 -0.2635126 -0.24625695
vn 0.94555545 -0.27338257 -0.17659764
vn 0.94891196 -0.27090093 -0.16179898
vn 0.9535068 -0.27075404 -0.13235211
vn 0.95384336 -0.27145088 -0.1284415
vn 0.9550996 -0.2781204 -0.10214566
vn 0.95155644 -0.3074708 -0.0014555785
vn 0.9578431 -0.2761461 -0.079246335
vn 0.9590023 -0.27615166 -0.06367717
vn 0.9593156 -0.28035817 -0.03335931
vn 0.95297855 -0.30303794 0
vn 0.96106094 -0.27633655 0
vn 0.9610609 -0.27633652 0
vn 0.9608994 -0.2764563 0.015627269
vn 0.96088517 -0.2764858 0.015978679
vn 0.9607037 -0.27571186 0.032115202
vn 0.9591941 -0.27591464 0.061787955
vn 0.95543253 -0.2690588 0.12147471
vn 0.95368737 -0.27022296 0.13213564
vn 0.9421298 -0.25332284 0.21958868
vn 0.9382454 -0.2534046 0.23554562
vn 0.93658453 -0.25781336 0.23736428
vn 0.9343916 -0.24662863 0.2570732
vn 0.9236465 -0.23769173 0.30063227
vn 0.9163915 -0.23558068 0.3236177
vn 0.9108463 -0.24025236 0.33561563
vn 0.9108191 -0.24034628 0.3356222
vn 0.906458 -0.2406672 0.3470062
vn 0.9061596 -0.24072541 0.34774444
vn 0.9057102 -0.24103568 0.34869868
vn 0.40439063 0.006364744 0.9145642
vn 0.39652705 -0.004321476 0.9180129
vn 0.39424345 -0.00814278 0.91897
vn 0.39209393 -0.0064709084 0.9199023
vn 0.3877249 -0.005717816 0.9217574
vn -0.41871366 0.57730484 0.70099777
vn -0.35802615 0.5486043 0.75554657
vn -0.36940727 0.56558275 0.7373292
vn -0.39392564 0.597268 0.69863695
vn -0.46507022 0.6377318 0.6140096
vn -0.4859449 0.61959904 0.61640453
vn -0.5271808 0.6692951 0.5235689
vn -0.54651237 0.65161675 0.5260417
vn -0.6029846 0.67418855 0.42647308
vn -0.583289 0.69287443 0.42390916
vn -0.6332784 0.7059655 0.31712976
vn -0.6279344 0.7171558 0.3023013
vn -0.6479682 0.73828185 0.18728903
vn -0.64333314 0.74484295 0.17700699
vn -0.3793358 0.3290588 -0.8647685
vn -0.38163322 0.32983303 -0.86346173
vn -0.35146594 0.3608346 -0.8638693
vn -0.3510299 0.35931888 -0.86467797
vn -0.58328885 0.69287425 -0.42390966
vn -0.54682344 0.6519677 -0.5252829
vn -0.5284544 0.6687796 -0.52294344
vn -0.48620963 0.6183101 -0.6174892
vn -0.46390158 0.63763106 -0.61499757
vn -0.41795275 0.57793176 -0.7009355
vn -0.3907016 0.5031062 -0.77086735
vn -0.39397526 0.59722894 -0.6986423
vn -0.36951903 0.56561863 -0.73724574
vn -0.35920012 0.5502223 -0.7538108
vn -0.36024264 0.46121678 -0.8108664
vn -0.35860127 0.4523404 -0.8165741
vn -0.31708395 0.39460748 -0.8624051
vn -0.31679302 0.3931331 -0.8631852
vn -0.6163007 0.7678021 0.17508072
vn -0.6119148 0.77334356 0.1658311
vn -0.6200586 0.78227556 0.0597686
vn -0.64716417 0.7606188 0.051357422
vn -0.64715546 0.7606086 -0.05161871
vn -0.62004536 0.78226274 -0.06007298
vn -0.6119149 0.77334356 -0.16583098
vn -0.6164435 0.7676182 -0.17538436
vn -0.59925705 0.7483622 -0.28433266
vn -0.6052624 0.7374729 -0.2996516
vn -0.57802224 0.7070739 -0.4073534
vn -0.16388774 0.39147472 0.9054769
vn -0.14845355 0.41042593 0.89972883
vn -0.1473807 0.4326853 0.8894169
vn -0.15090123 0.4345571 0.8879127
vn -0.19047332 0.44508693 0.87499577
vn -0.20275776 0.44572338 0.8719059
vn -0.2807055 0.43890467 0.8535614
vn -0.23897208 0.46346632 0.85328263
vn -0.26283926 0.46883482 0.84327304
vn -0.3186938 0.4939708 0.8089667
vn -0.32241493 0.49935007 0.8041755
vn -0.32778782 0.27842376 -0.9027931
vn -0.3213773 0.2777317 -0.9053076
vn -0.29785365 0.29702404 -0.9072265
vn -0.29429927 0.2963577 -0.9086034
vn -0.23956811 0.23651783 -0.94162965
vn -0.2341706 0.23522829 -0.9433089
vn -0.12048727 0.12422816 -0.98491126
vn -0.22765599 0.23472421 -0.9450277
vn -0.2647101 0.31940076 -0.90989643
vn -0.26468968 0.3202589 -0.90960073
vn -0.23959574 0.33888623 -0.9098077
vn -0.22150919 0.32289103 -0.9201495
vn -0.20846699 0.3057418 -0.92901206
vn -0.21110319 0.3302047 -0.92000014
vn -0.19990848 0.3402612 -0.91883564
vn -0.22989993 0.36047488 -0.90399337
vn -0.18466261 0.35091686 -0.918018
vn 0.30142078 -0.018045882 -0.9533204
vn 0.33333537 -0.02169811 -0.9425586
vn 0.37833193 -0.05717934 -0.9239023
vn 0.38990113 -0.026806302 -0.9204665
vn 0.90255064 -0.23883295 -0.3582753
vn 0.9036716 -0.23935384 -0.35508758
vn 0.90606153 -0.24084052 -0.34791994
vn 0.90663636 -0.2507125 -0.33934295
vn 0.89998144 -0.25120193 -0.35627383
vn 0.89424986 -0.27133265 -0.35594353
vn 0.9071051 -0.24039537 -0.3455003
vn 0.9111237 -0.2406204 -0.3345973
vn 0.9116919 -0.23939352 -0.33392903
vn 0.91249824 -0.23796332 -0.33274695
vn 0.92127407 -0.23585117 -0.30923828
vn 0.93436325 -0.24660347 -0.2572003
vn 0.9379023 -0.2537351 -0.23655398
vn 0.93641907 -0.2576622 -0.23817965
vn 0.9432429 -0.25464043 -0.2131924
vn 0.9536875 -0.270223 -0.13213547
vn 0.9555221 -0.26899594 -0.12090727
vn 0.9592234 -0.27587807 -0.061497495
vn 0.9608851 -0.27648583 -0.015978677
vn 0.96089935 -0.27645636 -0.015627217
vn 0.96069777 -0.2756964 -0.03242396
vn 0.96181536 -0.27369943 0
vn 0.9618153 -0.27369946 0
vn 0.9622821 -0.27205202 0.00090819877
vn 0.96254176 -0.27112943 0.0015468289
vn 0.9631346 -0.26899362 0.0037724501
vn 0.96329874 -0.26837718 0.0054078987
vn 0.9626185 -0.26907724 0.031033546
vn 0.961319 -0.27333188 0.033992276
vn 0.96088713 -0.2754885 0.028317772
vn 0.9590629 -0.26426563 0.10179396
vn 0.95677614 -0.26529747 0.11914998
vn 0.95644486 -0.25750425 0.13749482
vn 0.95271796 -0.24646436 0.17771856
vn 0.94412416 -0.24697605 0.21824817
vn 0.78278875 0.1029149 0.6137185
vn 0.779576 0.1762922 0.60098445
vn 0.73324215 0.17625694 0.65672636
vn 0.7244284 0.17522094 0.66670924
vn 0.7209456 0.174892 0.6705595
vn 0.7008462 0.17379127 0.6918173
vn 0.6985417 0.17345785 0.6942275
vn 0.6635621 0.1645745 0.7297948
vn 0.6317566 0.15821636 0.7588486
vn 0.6158376 0.1513545 0.7731986
vn 0.90627736 -0.23053886 0.35427868
vn 0.56588143 0.13574441 0.81323534
vn 0.55269235 0.12785201 0.82351995
vn 0.5178692 0.11037303 0.8483097
vn 0.5035281 0.103830755 0.85771716
vn 0.49603525 0.097612955 0.8627983
vn 0.47070834 0.07823929 0.8788131
vn 0.4555111 0.064527884 0.8878884
vn 0.4390344 0.052556816 0.89693177
vn 0.40992945 0.015888985 0.9119788
vn -0.46150997 0.65182406 0.6017757
vn -0.4260101 0.6455567 0.6338548
vn -0.44270048 0.6664022 0.5999369
vn -0.31022558 0.54547876 0.7785968
vn -0.28260615 0.5417745 0.79158974
vn -0.280099 0.6025399 0.7473221
vn -0.30456293 0.62075984 0.7224255
vn -0.4213558 0.64578813 0.6367236
vn -0.50060576 0.70230734 0.5061208
vn -0.5228215 0.68401164 0.5087098
vn -0.5571812 0.7250633 0.40476197
vn -0.5780226 0.7070736 0.40735343
vn -0.6052625 0.73747265 0.299652
vn -0.5990615 0.748705 0.28384176
vn -0.5575974 0.7247131 -0.40481624
vn -0.5238952 0.684238 -0.5072988
vn -0.50055945 0.7035002 -0.5045073
vn -0.46037173 0.6515293 -0.6029655
vn -0.44217804 0.6656714 -0.60113245
vn -0.42607623 0.645553 -0.63381404
vn -0.31998834 0.4959824 -0.807223
vn -0.31949803 0.4952735 -0.80785227
vn -0.31895602 0.49441105 -0.8085943
vn -0.31859973 0.49381286 -0.80910015
vn -0.4213557 0.64578795 -0.6367238
vn -0.3045639 0.62075984 -0.7224251
vn -0.28010008 0.60253996 -0.7473215
vn -0.28262597 0.54108936 -0.7920511
vn -0.3073545 0.54444194 -0.78045887
vn -0.28139815 0.43989068 -0.8528255
vn -0.27834094 0.43483144 -0.85641575
vn -0.2773885 0.4261655 -0.86106837
vn -0.24326888 0.36897898 -0.8970367
vn -0.568683 0.7779726 0.2671299
vn -0.5832772 0.7955363 0.16404179
vn -0.5746479 0.7685393 0.28129557
vn -0.5932388 0.80334437 0.05201518
vn -0.6149777 0.7867923 0.052537102
vn -0.5639754 0.81614226 0.12587108
vn -0.5675908 0.8205171 0.067767575
vn -0.5686247 0.8199882 0.06546242
vn -0.614969 0.78678113 -0.052807156
vn -0.5932305 0.8033332 -0.05228254
vn -0.56861204 0.81997 -0.06579834
vn -0.56757456 0.8204989 -0.06812114
vn -0.5639584 0.81612086 -0.12608589
vn -0.583107 0.7956634 -0.16403057
vn -0.56840765 0.77818197 -0.2671059
vn -0.5745605 0.7684365 -0.28175426
vn -0.5508753 0.7400447 -0.3858372
vn -0.120763056 0.43421525 0.8926777
vn -0.08499676 0.46941572 0.8788768
vn -0.11687125 0.4850941 0.8666169
vn -0.09163614 0.45802864 0.8842017
vn -0.12581673 0.49604642 0.8591322
vn -0.15847331 0.5029733 0.84964937
vn -0.16641892 0.5065188 0.8460162
vn -0.2178504 0.5162216 0.8282853
vn -0.23802733 0.3726524 -0.89692426
vn -0.23151976 0.40732738 -0.8834495
vn -0.23051666 0.4072315 -0.883756
vn -0.18749456 0.381504 -0.90515214
vn -0.24715814 0.38896456 -0.88747925
vn -0.18615797 0.38168445 -0.90535194
vn 0.35103244 -0.009507194 -0.936315
vn 0.39072052 -0.005404647 -0.92049354
vn 0.39440587 -0.008269976 -0.9188991
vn 0.39785877 -0.0016016238 -0.9174453
vn 0.40834826 0.01432604 -0.91271377
vn 0.42732155 0.03565271 -0.9033964
vn 0.43915087 0.05245691 -0.8968805
vn 0.47032276 0.07757536 -0.87907827
vn 0.48656476 0.08889672 -0.8691099
vn 0.8518722 -0.16994762 -0.4954106
vn 0.51451755 0.108337305 -0.85060835
vn 0.5463411 0.12512219 -0.82816404
vn 0.55932575 0.1323198 -0.81831914
vn 0.57677007 0.13742706 -0.80526406
vn 0.624157 0.1562762 -0.76551026
vn 0.65058357 0.16096996 -0.74217904
vn 0.6891984 0.17184553 -0.7038997
vn 0.6925591 0.17233747 -0.70047235
vn 0.7247634 0.17476313 -0.66646516
vn 0.94499594 -0.25034374 -0.21050097
vn 0.7327326 0.17608078 -0.6573421
vn 0.77748007 0.17719519 -0.603429
vn 0.94943523 -0.24297671 -0.19883445
vn 0.95663595 -0.2658755 -0.118987024
vn 0.95849735 -0.2634354 -0.10901658
vn 0.96130013 -0.27339274 -0.034034677
vn 0.9608856 -0.27547178 -0.028532265
vn 0.96403354 -0.26432925 -0.027736995
vn 0.9646241 -0.26263943 -0.022820506
vn 0.9640176 -0.26552266 -0.012952281
vn 0.9631346 -0.26899362 -0.0037724501
vn 0.96254176 -0.27112943 -0.0015468289
vn 0.9622821 -0.272052 -0.00090819784
vn 0.99943364 0.033653244 0
vn 0.9989607 0.039797448 0.022217086
vn 0.9987593 0.0418064 0.027055977
vn 0.9950266 0.05425151 0.08353914
vn 0.9897717 0.07076651 0.12387089
vn 0.98059005 0.08416366 0.17708653
vn 0.98296523 -0.16629668 0.07826124
vn 0.96618384 0.107675634 0.23429646
vn 0.96250266 0.11130869 0.24738465
vn 0.9647179 -0.24790744 0.08866354
vn 0.95528984 0.11821531 0.27101
vn 0.94510555 0.12799858 0.30065247
vn 0.92400545 0.14342457 0.35446206
vn 0.9106188 0.14811021 0.38579392
vn 0.86463434 0.16656926 0.47398528
vn 0.8638822 0.16686633 0.4752506
vn 0.8351469 0.1715433 0.52259207
vn 0.82568 0.17342831 0.5368196
vn 0.79313886 0.17765675 0.5825537
vn 0.7829585 0.19201823 0.5916967
vn 0.7347521 0.21972881 0.641762
vn 0.16878685 0.586816 0.79193306
vn 0.69876444 0.17469504 0.69369304
vn 0.26253736 0.6158335 0.742848
vn 0.21922192 0.6153435 0.75716186
vn 0.18610528 0.6071782 0.7724632
vn 0.12034237 0.5804727 0.8053378
vn 0.09374118 0.57059276 0.8158655
vn 0.084393874 0.5539521 0.82826
vn 0.033894412 0.54245955 0.8393979
vn 0.02106305 0.5365213 0.8436239
vn 0.012588099 0.51622427 0.85636085
vn -0.03651791 0.50368404 0.86311567
vn -0.03778268 0.50307786 0.8634148
vn -0.048953734 0.47769105 0.87716293
vn -0.4942943 0.7198879 0.4872726
vn -0.46301273 0.6963614 0.5483612
vn -0.48564297 0.72635484 0.48637387
vn -0.43816686 0.6956647 0.5692631
vn -0.15475939 0.5587506 0.81476825
vn -0.11977991 0.5605093 0.81944007
vn -0.113781385 0.6002597 0.79167044
vn -0.22028713 0.6363244 0.73930025
vn -0.22586544 0.6781345 0.69936997
vn -0.40940058 0.7064296 0.57736325
vn -0.52505195 0.75973713 0.38356212
vn -0.55071306 0.73984754 0.38644636
vn -0.526569 0.75891095 -0.38311774
vn -0.49513862 0.7186079 -0.48830372
vn -0.48528486 0.72594684 -0.4873395
vn -0.46297586 0.69636154 -0.5483921
vn -0.43816692 0.695665 -0.5692626
vn -0.22092152 0.516755 -0.8271384
vn -0.2418171 0.46483043 -0.85173774
vn -0.26246092 0.46945116 -0.843048
vn -0.31877777 0.49475518 -0.80845404
vn -0.280704 0.4389024 -0.8535631
vn -0.40940145 0.70642966 -0.5773626
vn -0.22586645 0.67813474 -0.69936943
vn -0.2202882 0.6363245 -0.73929983
vn -0.11977824 0.5605086 -0.8194407
vn -0.15475841 0.5587499 -0.8147689
vn -0.113779835 0.6002588 -0.7916713
vn -0.16641761 0.50651884 -0.8460164
vn -0.27812594 0.43498132 -0.8564095
vn -0.27583456 0.43199947 -0.85865694
vn -0.5205265 0.7686137 0.37186688
vn -0.54280967 0.7970237 0.2647846
vn -0.5391328 0.80222696 0.25645238
vn -0.5436653 0.80974907 0.22075869
vn -0.55011755 0.8185845 0.1651973
vn -0.55275416 0.82124907 0.14146623
vn -0.5551398 0.8257416 0.099853136
vn -0.55526274 0.8258921 0.09790517
vn -0.557399 0.82814103 0.05906663
vn -0.55748475 0.82927746 0.038855493
vn -0.55747765 0.8292872 -0.03874889
vn -0.5573854 0.8281281 -0.05937408
vn -0.5557652 0.82645077 -0.09002242
vn -0.55472004 0.8249192 -0.108599216
vn -0.55273795 0.8212197 -0.1417002
vn -0.54308856 0.796825 -0.2648109
vn -0.55012757 0.81857854 -0.16519314
vn -0.5436793 0.809742 -0.22075059
vn -0.5392056 0.80231196 -0.25603265
vn -0.5214302 0.76900464 -0.36978695
vn -0.0893086 0.5061441 0.8578124
vn -0.074690394 0.54126155 0.8375305
vn -0.20275863 0.44572318 -0.8719058
vn -0.14856553 0.4079745 -0.90082467
vn -0.16096802 0.39273742 -0.9054538
vn -0.19047084 0.44508663 -0.8749965
vn -0.15090336 0.43455803 -0.8879119
vn -0.1473807 0.432685 -0.889417
vn 0.39089286 -0.0049739336 -0.92042273
vn -0.12076255 0.43421495 -0.8926779
vn -0.08769115 0.46119252 -0.88295627
vn -0.08306815 0.4684489 -0.8795768
vn -0.053676665 0.47476953 -0.8784718
vn 0.50109667 0.10161667 -0.85940456
vn -0.037512496 0.5030573 -0.86343855
vn -0.036664993 0.5034204 -0.8632633
vn 0.0067975773 0.5126145 -0.858592
vn 0.0215265 0.5364841 -0.84363574
vn 0.033158123 0.5410485 -0.84033746
vn 0.07607498 0.5483344 -0.8327916
vn 0.09321549 0.570646 -0.81588846
vn 0.119651765 0.5790004 -0.8064999
vn 0.15675543 0.58230567 -0.7977141
vn 0.6892124 0.17346911 -0.70348763
vn 0.18438356 0.60741997 -0.77268606
vn 0.21886377 0.6144861 -0.7579614
vn 0.25218758 0.6138834 -0.7480298
vn 0.72876954 0.21904738 -0.6487782
vn 0.79299504 0.17786308 -0.58268654
vn 0.8149615 0.17413463 -0.552734
vn 0.7812989 0.19431175 -0.5931399
vn 0.9597829 -0.25876778 -0.10888511
vn 0.82555246 0.1732852 -0.5370617
vn 0.86355615 0.16745572 -0.47563586
vn 0.88874125 0.15692659 -0.43071228
vn 0.923916 0.14367042 -0.35459566
vn 0.9454564 0.12683032 -0.30004388
vn 0.94582564 0.12647276 -0.29902914
vn 0.9624764 0.11140827 -0.24744181
vn 0.9660108 0.10792164 -0.23489562
vn 0.98059005 0.08416365 -0.17708653
vn 0.9897717 0.07076651 -0.12387089
vn 0.9950266 0.05425151 -0.08353914
vn 0.9987611 0.041795466 -0.027006593
vn 0.99896044 0.039805528 -0.022217592
vn 0.99873906 0.042373437 -0.026919456
vn 0.99873775 0.04237338 0.026970336
vn 0.98769075 0.14585352 0.056512587
vn 0.98016435 0.13806263 0.14218451
vn 0.9759862 0.15492482 0.1531317
vn 0.9589072 0.13758877 0.24812534
vn 0.95737046 0.14151818 0.25182202
vn 0.9157841 0.26830775 0.29891536
vn 0.9056787 0.28423968 0.3145692
vn 0.8728911 0.26819888 0.4075909
vn 0.8740336 0.26284522 0.4086292
vn 0.8837816 0.23692603 0.40348002
vn 0.84680843 0.19643034 0.494298
vn 0.8459343 0.1974524 0.49538657
vn 0.83088034 0.22330697 0.50967824
vn 0.79196304 0.2504237 0.5568507
vn 0.779431 0.21978003 0.5866721
vn 0.30745867 0.640577 0.7036549
vn 0.29693654 0.63947177 0.7091577
vn 0.13596918 0.6134376 0.77795035
vn 0.23429126 0.6510365 0.72198266
vn 0.20755272 0.6647924 0.7176162
vn 0.14004505 0.6699026 0.72912127
vn 0.12790282 0.6173871 0.776192
vn 0.06156386 0.62039167 0.78187215
vn 0.048316143 0.57557744 0.8163187
vn 0.050786052 0.57440996 0.81699073
vn -0.01902541 0.5404981 0.84113014
vn -0.016048256 0.5390954 0.84209186
vn -0.0059466194 0.5768468 0.81683064
vn -0.48951754 0.73264855 0.47286224
vn -0.5130338 0.76608956 0.38717315
vn -0.517153 0.77102846 0.3715748
vn -0.4228157 0.7374897 0.5266268
vn -0.06756014 0.6029456 0.7949165
vn -0.063954435 0.6476368 0.7592605
vn -0.18663654 0.685621 0.70362663
vn -0.1963168 0.733345 0.6508955
vn -0.38792127 0.7518245 0.53317624
vn -0.51761633 0.77173996 -0.3694465
vn -0.51292783 0.766118 -0.38725746
vn -0.4894149 0.7326596 -0.47295126
vn -0.42281625 0.7374891 -0.5266271
vn -0.15847097 0.5029729 -0.84965014
vn -0.38792115 0.7518243 -0.5331768
vn -0.19388796 0.7328829 -0.6521425
vn -0.18419978 0.6860483 -0.7038523
vn -0.06385368 0.64880717 -0.75826895
vn -0.06755914 0.6029447 -0.7949172
vn -0.0190257 0.54049903 -0.84112954
vn -0.074692465 0.5412624 -0.8375298
vn -0.0059473105 0.5768466 -0.8168309
vn -0.08931149 0.5061433 -0.8578125
vn -0.12581675 0.49604645 -0.8591322
vn -0.53156424 0.7932328 0.29702035
vn -0.38373527 0.83824027 0.3874281
vn -0.3378853 0.8582027 0.38642153
vn -0.35414803 0.8821561 0.31045088
vn -0.33107316 0.8968153 0.2934502
vn -0.34031722 0.90908366 0.24031469
vn -0.32099524 0.91955566 0.22667047
vn -0.33063456 0.9317116 0.15031402
vn -0.5548775 0.8259462 0.09961764
vn -0.32706004 0.93336827 0.14783625
vn -0.33272207 0.94024307 0.07238168
vn -0.4051648 0.9129424 0.048760287
vn -0.55386996 0.8318224 0.036048487
vn -0.5538718 0.83182514 -0.035956163
vn -0.33063456 0.9317115 -0.15031418
vn -0.5501132 0.8289773 -0.10085708
vn -0.40516725 0.9129479 -0.048635542
vn -0.33273366 0.94025326 -0.07219476
vn -0.32706 0.93336815 -0.1478364
vn -0.32099527 0.91955566 -0.22667019
vn -0.3403175 0.9090835 -0.24031456
vn -0.5315642 0.7932327 -0.29702082
vn -0.3310736 0.8968153 -0.29344964
vn -0.3541482 0.88215625 -0.31045005
vn -0.33788523 0.85820264 -0.38642183
vn -0.3837357 0.8382399 -0.38742837
vn -0.11687275 0.48509598 -0.8666156
vn -0.016045762 0.539095 -0.8420921
vn 0.0483161 0.5755772 -0.81631887
vn 0.05078539 0.57441014 -0.8169908
vn 0.061563995 0.6203921 -0.7818718
vn 0.12790072 0.6173877 -0.77619195
vn 0.135969 0.6134372 -0.7779507
vn 0.14004305 0.6699031 -0.7291212
vn 0.21014519 0.66453207 -0.71710265
vn 0.23466077 0.65190274 -0.7210806
vn 0.30011883 0.63971376 -0.70759815
vn 0.30525872 0.64008534 -0.7050587
vn 0.7761721 0.21949203 -0.59108394
vn 0.789847 0.25232843 -0.55899197
vn 0.8260347 0.23126103 -0.5139893
vn 0.84593356 0.19745319 -0.49538738
vn 0.84680843 0.19643039 -0.494298
vn 0.8837816 0.23692603 -0.40348002
vn 0.870953 0.2706323 -0.4101206
vn 0.8708942 0.27088442 -0.41007927
vn 0.8987172 0.29178214 -0.32736924
vn 0.918945 0.26048005 -0.29612544
vn 0.957623 0.14050426 -0.25142935
vn 0.95879835 0.13749902 -0.24859561
vn 0.97602195 0.15497312 -0.15285468
vn 0.9800287 0.1388157 -0.14238648
vn 0.98764634 0.14616144 -0.056493476
vn 0.96666944 0.25117815 -0.049596563
vn 0.96666944 0.25117815 0.049596563
vn 0.9610247 0.2706581 0.05635372
vn 0.94814277 0.3011335 0.10170482
vn 0.94126165 0.29988432 0.15522793
vn 0.9490685 0.26077518 0.17681995
vn 0.931882 0.29479405 0.21140555
vn 0.91722083 0.2887531 0.27445874
vn 0.7533886 0.56849265 0.33048713
vn 0.7205741 0.5759172 0.38612464
vn 0.6451256 0.6314914 0.4301528
vn 0.62181747 0.64055127 0.45059633
vn 0.61039466 0.6122752 0.5025311
vn 0.82879025 0.29445365 0.47581884
vn 0.5296694 0.64770216 0.5476608
vn 0.5004004 0.6494428 0.57255876
vn 0.815341 0.27797732 0.5078856
vn 0.4605368 0.6437204 0.61117095
vn 0.4081077 0.6501991 0.64085037
vn 0.38000736 0.64232695 0.66559035
vn 0.32629022 0.6446196 0.6913757
vn 0.34277952 0.6907757 0.63665617
vn 0.28972125 0.71968716 0.63096106
vn 0.21820047 0.7285409 0.64932024
vn 0.10771969 0.77333486 0.6247797
vn 0.045421697 0.7714777 0.6346329
vn 0.04812926 0.70799583 0.7045747
vn -0.010755732 0.6508505 0.75912976
vn -0.010050134 0.7048055 0.7093293
vn -0.40605184 0.786275 0.46571827
vn -0.36335075 0.80492806 0.46911308
vn -0.14819427 0.7430616 0.6526086
vn -0.16354372 0.79989284 0.57742965
vn -0.36335155 0.80492824 -0.46911228
vn -0.40605196 0.78627545 -0.46571746
vn -0.16354296 0.79989296 -0.5774296
vn -0.14794114 0.7421137 -0.65374357
vn -0.01256437 0.70461285 -0.70948064
vn -0.013427009 0.6518933 -0.7581918
vn -0.11641451 0.8096329 0.5752757
vn -0.1363884 0.8689005 0.47582588
vn -0.07943651 0.87990034 0.46847123
vn -0.09632468 0.9226572 0.37339693
vn -0.091247305 0.9541423 0.28510782
vn -0.07970682 0.9290538 0.36125576
vn -0.08777226 0.9789697 0.18415876
vn -0.0770353 0.9583339 0.27506673
vn -0.07340305 0.98195565 0.17428431
vn -0.079607 0.9932916 0.08387204
vn -0.12917484 0.989802 0.06004775
vn -0.2901989 0.95546 0.053672154
vn -0.29020104 0.9554672 -0.053530928
vn -0.09124693 0.95414245 -0.28510758
vn -0.087772496 0.97896963 -0.18415894
vn -0.07703567 0.9583338 -0.275067
vn -0.12917607 0.9898115 -0.059889868
vn -0.07962163 0.9933095 -0.083646014
vn -0.07340305 0.98195565 -0.17428431
vn -0.0797063 0.92905384 -0.3612559
vn -0.09632366 0.9226573 -0.37339675
vn -0.079278566 0.8794693 -0.46930656
vn -0.13464026 0.86880946 -0.47648942
vn -0.11447319 0.80999285 -0.5751588
vn 0.048129294 0.7079954 -0.70457506
vn 0.04538178 0.77229965 -0.6336353
vn 0.10546275 0.77412474 -0.6241863
vn 0.22041886 0.7275155 -0.64972043
vn 0.3262877 0.6446191 -0.6913773
vn 0.28963366 0.71891683 -0.6318788
vn 0.34252968 0.690071 -0.6375543
vn 0.37658635 0.642543 -0.66732395
vn 0.4039906 0.6483193 -0.6453477
vn 0.45756513 0.6392033 -0.6181046
vn 0.81229544 0.27438983 -0.514671
vn 0.8285861 0.29419914 -0.47633177
vn 0.4994046 0.6496348 -0.57321
vn 0.52933735 0.6469449 -0.54887545
vn 0.6096488 0.61023 -0.50591266
vn 0.6264593 0.6377402 -0.4481476
vn 0.64466333 0.6303495 -0.43251446
vn 0.70812863 0.5839061 -0.39699823
vn 0.7614194 0.5696389 -0.30943838
vn 0.9202063 0.2997317 -0.25175625
vn 0.9269223 0.3025883 -0.22193547
vn 0.9500586 0.25781134 -0.1758467
vn 0.9418018 0.29914066 -0.1533765
vn 0.9483163 0.3006028 -0.10165756
vn 0.9611346 0.27029356 -0.05622711
vn 0.9235879 0.37983444 -0.052068077
vn 0.9235817 0.37983188 0.052196942
vn 0.89302975 0.44664767 0.05480561
vn 0.84507465 0.5270113 0.09004414
vn 0.8419807 0.53136384 0.09338544
vn 0.8501395 0.5130456 0.11852061
vn 0.845664 0.5014791 0.18267722
vn 0.78997356 0.55655134 0.25727895
vn 0.761588 0.58573663 0.2773019
vn 0.7203729 0.63287544 0.28378054
vn 0.6612015 0.6784325 0.3202218
vn 0.54439956 0.68250555 0.48766315
vn 0.5767114 0.74854606 0.32723504
vn 0.5279567 0.77306587 0.35161167
vn 0.5158015 0.70374185 0.48856544
vn 0.46805167 0.65515286 0.5930451
vn 0.44461715 0.73068476 0.5180883
vn 0.42776302 0.6697779 0.6069731
vn 0.4183336 0.6703363 0.6128999
vn 0.35516816 0.7814058 0.5130893
vn 0.29651567 0.7924429 0.5330222
vn 0.15105148 0.8474501 0.5089321
vn 0.09937593 0.8477806 0.5209535
vn 0.14120331 0.901183 0.4097936
vn 0.1737225 0.9335212 0.31362188
vn 0.21621183 0.9113214 0.35035092
vn 0.16404541 0.9666625 0.1966028
vn 0.16020094 0.96790564 0.1936344
vn 0.15152383 0.9875974 0.04113368
vn 0.14360213 0.9890459 0.034155607
vn 0.1436026 0.9890491 -0.03406187
vn 0.17372252 0.9335211 -0.31362227
vn 0.21621162 0.9113214 -0.35035113
vn 0.1412033 0.901183 -0.40979353
vn 0.16020094 0.96790564 -0.1936344
vn 0.16404541 0.9666625 -0.1966028
vn 0.15151556 0.98760366 -0.041012965
vn 0.15105146 0.84745026 -0.5089318
vn 0.097559825 0.8477491 -0.5213478
vn 0.29651642 0.7924428 -0.533022
vn 0.41541207 0.67049235 -0.61471355
vn 0.35516667 0.7814061 -0.5130898
vn 0.44461563 0.7306853 -0.5180888
vn 0.42776126 0.6697785 -0.60697377
vn 0.46805373 0.655152 -0.59304434
vn 0.51580286 0.70374125 -0.48856485
vn 0.54440105 0.6825048 -0.48766252
vn 0.5279576 0.7730653 -0.35161144
vn 0.5767115 0.748546 -0.32723528
vn 0.661201 0.6784328 -0.32022205
vn 0.7203729 0.63287544 -0.28378054
vn 0.76623476 0.5800427 -0.2764681
vn 0.7799294 0.56608766 -0.26693603
vn 0.8458584 0.50187266 -0.18068591
vn 0.8501395 0.5130456 -0.118520625
vn 0.8419283 0.5314739 -0.09323188
vn 0.84509164 0.5270218 -0.08982304
vn 0.8930364 0.446651 -0.054670345
vn 0.78238684 0.61451894 -0.10117977
vn 0.7345653 0.676994 -0.04574793
vn 0.73456025 0.67698926 0.04589861
vn 0.78224915 0.61466265 0.101371445
vn 0.72953737 0.6627404 0.16896833
vn 0.58379465 0.7907129 0.18427405
vn 0.58137465 0.79192436 0.18670675
vn 0.38365924 0.9022824 0.1967031
vn 0.38111237 0.9028709 0.19894087
vn 0.38443714 0.85394055 0.3507045
vn 0.35493892 0.8617522 0.36249337
vn 0.3809804 0.9208104 0.083439864
vn 0.38096923 0.920837 -0.08319623
vn 0.4957428 0.86843723 0.0074680117
vn 0.49574292 0.86843747 -0.007444962
vn 0.38111237 0.9028709 -0.19894087
vn 0.3844371 0.8539406 -0.35070425
vn 0.35493797 0.8617525 -0.36249357
vn 0.38365924 0.9022824 -0.19670312
vn 0.5813746 0.79192436 -0.18670677
vn 0.58379465 0.7907129 -0.18427405
vn 0.72953737 0.66274047 -0.16896833
vn 0.5846768 0.8079365 -0.07342772
vn 0.5846828 0.8079105 0.07366612
f 346//666 347//666 348//666
f 346//667 348//667 349//667
f 346//668 349//668 350//668
f 346//669 350//669 347//669
f 347//670 351//670 352//670
f 347//671 352//671 348//671
f 347//672 350//672 353//672
f 347//673 353//673 351//673
f 348//674 354//674 355//674
f 348//675 355//675 356//675
f 348//676 356//676 357//676
f 348//677 357//677 358//677
f 348//678 358//678 359//678
f 348//679 359//679 349//679
f 348//680 352//680 360//680
f 348//681 360//681 361//681
f 348//682 361//682 362//682
f 348//683 362//683 363//683
f 348//684 363//684 364//684
f 348//685 364//685 365//685
f 348//686 365//686 366//686
f 348//687 366//687 367//687
f 348//688 367//688 368//688
f 348//689 368//689 369//689
f 348//690 369//690 370//690
f 348//691 370//691 371//691
f 348//692 371//692 372//692
f 348//693 372//693 373//693
f 348//694 373//694 354//694
f 349//695 359//695 374//695
f 349//696 374//696 375//696
f 349//697 375//697 376//697
f 349//698 376//698 350//698
f 350//699 376//699 377//699
f 350//700 377//700 353//700
f 351//701 378//701 379//701
f 351//702 379//702 352//702
f 351//703 353//703 378//703
f 352//704 379//704 361//704
f 352//705 361//705 360//705
f 353//706 380//706 378//706
f 353//707 377//707 381//707
f 353//708 381//708 382//708
f 353//709 382//709 383//709
f 353//710 383//710 384//710
f 353//711 384//711 380//711
f 354//712 385//712 357//712
f 354//713 357//713 355//713
f 354//714 373//714 385//714
f 355//715 357//715 356//715
f 357//716 385//716 386//716
f 357//717 386//717 387//717
f 357//718 387//718 388//718
f 357//719 388//719 358//719
f 358//720 388//720 389//720
f 358//721 389//721 390//721
f 358//722 390//722 359//722
f 359//723 390//723 391//723
f 359//724 391//724 392//724
f 359//725 392//725 393//725
f 359//726 393//726 394//726
f 359//727 394//727 395//727
f 359//728 395//728 396//728
f 359//729 396//729 397//729
f 359//730 397//730 398//730
f 359//731 398//731 374//731
f 361//732 399//732 362//732
f 361//733 379//733 400//733
f 361//734 400//734 401//734
f 361//735 401//735 402//735
f 361//736 402//736 403//736
f 361//737 403//737 404//737
f 361//738 404//738 405//738
f 361//739 405//739 406//739
f 361//740 406//740 407//740
f 361//741 407//741 408//741
f 361//742 408//742 399//742
f 362//743 399//743 409//743
f 362//744 409//744 410//744
f 362//745 410//745 363//745
f 363//746 410//746 364//746
f 364//747 410//747 411//747
f 364//747 411//747 412//747
f 364//748 412//748 413//748
f 364//749 413//749 365//749
f 365//750 413//750 366//750
f 366//751 413//751 414//751
f 366//752 414//752 367//752
f 367//753 414//753 415//753
f 367//754 415//754 416//754
f 367//755 416//755 368//755
f 368//756 416//756 369//756
f 369//757 416//757 417//757
f 369//758 417//758 418//758
f 369//759 418//759 419//759
f 369//760 419//760 370//760
f 370//761 419//761 372//761
f 370//762 372//762 371//762
f 372//763 419//763 420//763
f 372//764 420//764 421//764
f 372//765 421//765 422//765
f 372//766 422//766 373//766
f 373//767 422//767 423//767
f 373//768 423//768 385//768
f 374//769 398//769 424//769
f 374//770 424//770 375//770
f 375//771 424//771 425//771
f 375//772 425//772 426//772
f 375//773 426//773 376//773
f 376//774 426//774 427//774
f 376//775 427//775 382//775
f 376//776 382//776 381//776
f 376//777 381//777 377//777
f 378//778 428//778 379//778
f 378//779 380//779 428//779
f 379//780 428//780 429//780
f 379//781 429//781 400//781
f 380//782 384//782 430//782
f 380//783 430//783 431//783
f 380//784 431//784 429//784
f 380//785 429//785 428//785
f 382//786 427//786 432//786
f 382//787 432//787 383//787
f 383//788 432//788 433//788
f 383//789 433//789 434//789
f 383//790 434//790 384//790
f 384//791 434//791 435//791
f 384//792 435//792 430//792
f 385//793 423//793 436//793
f 385//794 436//794 437//794
f 385//795 437//795 438//795
f 385//796 438//796 439//796
f 385//797 439//797 440//797
f 385//798 440//798 441//798
f 385//799 441//799 442//799
f 385//800 442//800 443//800
f 385//801 443//801 386//801
f 386//802 444//802 387//802
f 386//803 443//803 444//803
f 387//804 444//804 445//804
f 387//805 445//805 389//805
f 387//806 389//806 388//806
f 389//807 446//807 390//807
f 389//808 445//808 447//808
f 389//809 447//809 446//809
f 390//810 446//810 391//810
f 391//811 446//811 448//811
f 391//812 448//812 449//812
f 391//813 449//813 392//813
f 392//814 449//814 393//814
f 393//815 449//815 394//815
f 394//816 449//816 450//816
f 394//817 450//817 395//817
f 395//818 450//818 451//818
f 395//819 451//819 396//819
f 396//820 451//820 452//820
f 396//821 452//821 397//821
f 397//822 452//822 453//822
f 397//823 453//823 398//823
f 398//824 453//824 424//824
f 399//825 408//825 409//825
f 400//826 429//826 454//826
f 400//827 454//827 401//827
f 401//828 454//828 455//828
f 401//829 455//829 456//829
f 401//830 456//830 457//830
f 401//831 457//831 402//831
f 402//832 458//832 459//832
f 402//833 459//833 460//833
f 402//834 460//834 403//834
f 402//835 457//835 458//835
f 403//836 460//836 404//836
f 404//837 460//837 461//837
f 404//838 461//838 405//838
f 405//839 461//839 462//839
f 405//840 462//840 463//840
f 405//841 463//841 406//841
f 406//842 463//842 407//842
f 407//843 463//843 464//843
f 407//844 464//844 465//844
f 407//845 465//845 408//845
f 408//846 465//846 466//846
f 408//847 466//847 409//847
f 409//848 466//848 410//848
f 410//849 466//849 411//849
f 412//850 411//850 467//850
f 412//850 467//850 468//850
f 412//851 468//851 469//851
f 412//852 469//852 413//852
f 413//853 469//853 470//853
f 413//854 470//854 414//854
f 414//855 470//855 415//855
f 415//856 470//856 471//856
f 415//857 471//857 472//857
f 415//858 472//858 416//858
f 416//859 472//859 473//859
f 416//860 473//860 417//860
f 417//861 473//861 474//861
f 417//862 474//862 418//862
f 418//863 474//863 420//863
f 418//864 420//864 419//864
f 420//865 475//865 421//865
f 420//866 474//866 473//866
f 420//867 473//867 475//867
f 421//868 476//868 422//868
f 421//869 475//869 477//869
f 421//870 477//870 476//870
f 422//871 476//871 437//871
f 422//872 437//872 436//872
f 422//873 436//873 423//873
f 424//874 453//874 478//874
f 424//875 478//875 425//875
f 425//876 478//876 479//876
f 425//877 479//877 426//877
f 426//878 479//878 480//878
f 426//879 480//879 427//879
f 427//880 480//880 481//880
f 427//881 481//881 432//881
f 429//882 431//882 454//882
f 430//883 482//883 431//883
f 430//884 435//884 482//884
f 431//885 482//885 483//885
f 431//886 483//886 455//886
f 431//887 455//887 454//887
f 432//888 481//888 484//888
f 432//889 484//889 433//889
f 433//890 484//890 485//890
f 433//891 485//891 486//891
f 433//892 486//892 434//892
f 434//893 486//893 487//893
f 434//894 487//894 435//894
f 435//895 487//895 488//895
f 435//896 488//896 482//896
f 437//897 476//897 438//897
f 438//898 476//898 489//898
f 438//899 489//899 490//899
f 438//900 490//900 491//900
f 438//901 491//901 439//901
f 439//902 492//902 441//902
f 439//903 441//903 440//903
f 439//904 491//904 492//904
f 441//905 492//905 442//905
f 442//906 492//906 443//906
f 443//907 492//907 493//907
f 443//908 493//908 444//908
f 444//909 494//909 445//909
f 444//910 493//910 494//910
f 445//911 494//911 495//911
f 445//912 495//912 496//912
f 445//913 496//913 497//913
f 445//914 497//914 447//914
f 446//915 447//915 448//915
f 447//916 497//916 448//916
f 448//917 497//917 498//917
f 448//918 498//918 499//918
f 448//919 499//919 500//919
f 448//920 500//920 449//920
f 449//921 500//921 450//921
f 450//922 500//922 501//922
f 450//923 501//923 451//923
f 451//924 501//924 502//924
f 451//925 502//925 452//925
f 452//926 502//926 503//926
f 452//927 503//927 453//927
f 453//928 503//928 478//928
f 455//929 483//929 456//929
f 456//930 504//930 457//930
f 456//931 483//931 505//931
f 456//932 505//932 504//932
f 457//933 504//933 506//933
f 457//934 506//934 507//934
f 457//935 507//935 458//935
f 458//936 507//936 508//936
f 458//937 508//937 509//937
f 458//938 509//938 459//938
f 459//939 510//939 511//939
f 459//940 511//940 512//940
f 459//941 512//941 460//941
f 459//942 509//942 510//942
f 460//943 512//943 513//943
f 460//944 513//944 461//944
f 461//945 513//945 462//945
f 462//946 514//946 515//946
f 462//947 515//947 463//947
f 462//948 513//948 514//948
f 463//949 515//949 516//949
f 463//950 516//950 517//950
f 463//951 517//951 464//951
f 464//952 517//952 518//952
f 464//953 518//953 519//953
f 464//954 519//954 465//954
f 465//955 519//955 466//955
f 466//956 519//956 520//956
f 466//957 520//957 467//957
f 466//958 467//958 411//958
f 468//959 467//959 521//959
f 468//959 521//959 522//959
f 468//960 522//960 469//960
f 469//961 522//961 523//961
f 469//962 523//962 524//962
f 469//963 524//963 470//963
f 470//964 524//964 525//964
f 470//965 525//965 471//965
f 471//966 525//966 526//966
f 471//967 526//967 472//967
f 472//968 527//968 473//968
f 472//969 526//969 528//969
f 472//970 528//970 527//970
f 473//971 527//971 529//971
f 473//972 529//972 475//972
f 475//973 530//973 477//973
f 475//974 529//974 531//974
f 475//975 531//975 528//975
f 475//976 528//976 532//976
f 475//977 532//977 530//977
f 476//978 477//978 489//978
f 477//979 530//979 533//979
f 477//980 533//980 489//980
f 478//981 503//981 534//981
f 478//982 534//982 535//982
f 478//983 535//983 479//983
f 479//984 535//984 536//984
f 479//985 536//985 480//985
f 480//986 536//986 537//986
f 480//987 537//987 481//987
f 481//988 537//988 538//988
f 481//989 538//989 484//989
f 482//990 539//990 483//990
f 482//991 488//991 540//991
f 482//992 540//992 539//992
f 483//993 539//993 505//993
f 484//994 538//994 541//994
f 484//995 541//995 485//995
f 485//996 541//996 542//996
f 485//997 542//997 543//997
f 485//998 543//998 486//998
f 486//999 543//999 544//999
f 486//1000 544//1000 487//1000
f 487//1001 544//1001 545//1001
f 487//1002 545//1002 488//1002
f 488//1003 545//1003 540//1003
f 489//1004 533//1004 546//1004
f 489//1005 546//1005 490//1005
f 490//1006 546//1006 547//1006
f 490//1007 547//1007 548//1007
f 490//1008 548//1008 549//1008
f 490//1009 549//1009 491//1009
f 491//1010 549//1010 550//1010
f 491//1011 550//1011 551//1011
f 491//1012 551//1012 492//1012
f 492//1013 551//1013 493//1013
f 493//1014 551//1014 552//1014
f 493//1015 552//1015 553//1015
f 493//1016 553//1016 554//1016
f 493//1017 554//1017 555//1017
f 493//1018 555//1018 556//1018
f 493//1019 556//1019 557//1019
f 493//1020 557//1020 558//1020
f 493//1021 558//1021 494//1021
f 494//1022 558//1022 495//1022
f 495//1023 558//1023 559//1023
f 495//1024 559//1024 560//1024
f 495//1025 560//1025 496//1025
f 496//1026 560//1026 561//1026
f 496//1027 561//1027 562//1027
f 496//1028 562//1028 498//1028
f 496//1029 498//1029 497//1029
f 498//1030 563//1030 499//1030
f 498//1031 562//1031 564//1031
f 498//1032 564//1032 563//1032
f 499//1033 563//1033 501//1033
f 499//1034 501//1034 500//1034
f 501//1035 563//1035 565//1035
f 501//1036 565//1036 502//1036
f 502//1037 565//1037 566//1037
f 502//1038 566//1038 503//1038
f 503//1039 566//1039 534//1039
f 504//1040 505//1040 506//1040
f 505//1041 539//1041 567//1041
f 505//1042 567//1042 568//1042
f 505//1043 568//1043 506//1043
f 506//1044 569//1044 507//1044
f 506//1045 568//1045 569//1045
f 507//1046 569//1046 570//1046
f 507//1047 570//1047 508//1047
f 508//1048 570//1048 571//1048
f 508//1049 571//1049 572//1049
f 508//1050 572//1050 573//1050
f 508//1051 573//1051 574//1051
f 508//1052 574//1052 509//1052
f 509//1053 574//1053 575//1053
f 509//1054 575//1054 576//1054
f 509//1055 576//1055 510//1055
f 510//1056 576//1056 511//1056
f 511//1057 576//1057 577//1057
f 511//1058 577//1058 578//1058
f 511//1059 578//1059 512//1059
f 512//1060 578//1060 579//1060
f 512//1061 579//1061 513//1061
f 513//1062 579//1062 516//1062
f 513//1063 516//1063 514//1063
f 514//1064 516//1064 515//1064
f 516//1065 580//1065 517//1065
f 516//1066 579//1066 581//1066
f 516//1067 581//1067 580//1067
f 517//1068 580//1068 582//1068
f 517//1069 582//1069 583//1069
f 517//1070 583//1070 518//1070
f 518//1071 583//1071 584//1071
f 518//1072 584//1072 519//1072
f 519//1073 584//1073 585//1073
f 519//1074 585//1074 586//1074
f 519//1075 586//1075 520//1075
f 520//1076 586//1076 521//1076
f 520//1077 521//1077 467//1077
f 522//1078 521//1078 587//1078
f 522//1078 587//1078 588//1078
f 522//1079 588//1079 523//1079
f 523//1080 588//1080 589//1080
f 523//1081 589//1081 590//1081
f 523//1082 590//1082 524//1082
f 524//1083 590//1083 591//1083
f 524//1084 591//1084 592//1084
f 524//1085 592//1085 525//1085
f 525//1086 592//1086 526//1086
f 526//1087 592//1087 593//1087
f 526//1088 593//1088 594//1088
f 526//1089 594//1089 595//1089
f 526//1090 595//1090 528//1090
f 527//1091 528//1091 531//1091
f 527//1092 531//1092 529//1092
f 528//1093 595//1093 532//1093
f 530//1094 532//1094 594//1094
f 530//1095 594//1095 596//1095
f 530//1096 596//1096 597//1096
f 530//1097 597//1097 598//1097
f 530//1098 598//1098 533//1098
f 532//1099 595//1099 594//1099
f 533//1100 598//1100 547//1100
f 533//1101 547//1101 546//1101
f 534//1102 566//1102 599//1102
f 534//1103 599//1103 600//1103
f 534//1104 600//1104 601//1104
f 534//1105 601//1105 535//1105
f 535//1106 601//1106 536//1106
f 536//1107 601//1107 602//1107
f 536//1108 602//1108 537//1108
f 537//1109 602//1109 603//1109
f 537//1110 603//1110 538//1110
f 538//1111 603//1111 604//1111
f 538//1112 604//1112 541//1112
f 539//1113 540//1113 605//1113
f 539//1114 605//1114 567//1114
f 540//1115 545//1115 606//1115
f 540//1116 606//1116 607//1116
f 540//1117 607//1117 605//1117
f 541//1118 604//1118 608//1118
f 541//1119 608//1119 542//1119
f 542//1120 608//1120 609//1120
f 542//1121 609//1121 610//1121
f 542//1122 610//1122 543//1122
f 543//1123 610//1123 611//1123
f 543//1124 611//1124 544//1124
f 544//1125 611//1125 612//1125
f 544//1126 612//1126 545//1126
f 545//1127 612//1127 606//1127
f 547//1128 598//1128 550//1128
f 547//1129 550//1129 548//1129
f 548//1130 550//1130 549//1130
f 550//1131 598//1131 613//1131
f 550//1132 613//1132 614//1132
f 550//1133 614//1133 551//1133
f 551//1134 615//1134 552//1134
f 551//1135 614//1135 615//1135
f 552//1136 615//1136 616//1136
f 552//1137 616//1137 553//1137
f 553//1138 616//1138 615//1138
f 553//1139 615//1139 617//1139
f 553//1140 617//1140 618//1140
f 553//1141 618//1141 554//1141
f 554//1142 618//1142 619//1142
f 554//1143 619//1143 617//1143
f 554//1144 617//1144 620//1144
f 554//1145 620//1145 621//1145
f 554//1146 621//1146 555//1146
f 555//1147 621//1147 620//1147
f 555//1148 620//1148 622//1148
f 555//1149 622//1149 556//1149
f 556//1150 622//1150 623//1150
f 556//1151 623//1151 559//1151
f 556//1152 559//1152 557//1152
f 557//1153 559//1153 558//1153
f 559//1154 623//1154 624//1154
f 559//1155 624//1155 560//1155
f 560//1156 624//1156 625//1156
f 560//1157 625//1157 561//1157
f 561//1158 626//1158 562//1158
f 561//1159 625//1159 627//1159
f 561//1160 627//1160 626//1160
f 562//1161 628//1161 564//1161
f 562//1162 626//1162 628//1162
f 563//1163 564//1163 565//1163
f 564//1164 628//1164 565//1164
f 565//1165 628//1165 629//1165
f 565//1166 629//1166 566//1166
f 566//1167 629//1167 599//1167
f 567//1168 630//1168 568//1168
f 567//1169 605//1169 631//1169
f 567//1170 631//1170 630//1170
f 568//1171 630//1171 632//1171
f 568//1172 632//1172 569//1172
f 569//1173 632//1173 633//1173
f 569//1174 633//1174 570//1174
f 570//1175 633//1175 571//1175
f 571//1176 633//1176 634//1176
f 571//1177 634//1177 572//1177
f 572//1178 634//1178 635//1178
f 572//1179 635//1179 636//1179
f 572//1180 636//1180 573//1180
f 573//1181 636//1181 637//1181
f 573//1182 637//1182 574//1182
f 574//1183 637//1183 638//1183
f 574//1184 638//1184 639//1184
f 574//1185 639//1185 640//1185
f 574//1186 640//1186 641//1186
f 574//1187 641//1187 576//1187
f 574//1188 576//1188 575//1188
f 576//1189 641//1189 642//1189
f 576//1190 642//1190 643//1190
f 576//1191 643//1191 644//1191
f 576//1192 644//1192 577//1192
f 577//1193 644//1193 645//1193
f 577//1194 645//1194 646//1194
f 577//1195 646//1195 578//1195
f 578//1196 646//1196 647//1196
f 578//1197 647//1197 579//1197
f 579//1198 648//1198 582//1198
f 579//1199 582//1199 581//1199
f 579//1200 647//1200 648//1200
f 580//1201 581//1201 582//1201
f 582//1202 649//1202 583//1202
f 582//1203 648//1203 649//1203
f 583//1204 649//1204 650//1204
f 583//1205 650//1205 651//1205
f 583//1206 651//1206 652//1206
f 583//1207 652//1207 584//1207
f 584//1208 652//1208 585//1208
f 585//1209 652//1209 653//1209
f 585//1210 653//1210 654//1210
f 585//1211 654//1211 586//1211
f 586//1212 587//1212 521//1212
f 586//1213 654//1213 655//1213
f 586//1214 655//1214 587//1214
f 588//1215 587//1215 655//1215
f 588//1215 655//1215 589//1215
f 589//1216 655//1216 656//1216
f 589//1216 656//1216 657//1216
f 589//1217 657//1217 590//1217
f 590//1218 657//1218 658//1218
f 590//1219 658//1219 659//1219
f 590//1220 659//1220 591//1220
f 591//1221 659//1221 592//1221
f 592//1222 659//1222 660//1222
f 592//1223 660//1223 661//1223
f 592//1224 661//1224 593//1224
f 593//1225 661//1225 662//1225
f 593//1226 662//1226 663//1226
f 593//1227 663//1227 594//1227
f 594//1228 663//1228 596//1228
f 596//1229 663//1229 662//1229
f 596//1230 662//1230 597//1230
f 597//1231 664//1231 665//1231
f 597//1232 665//1232 666//1232
f 597//1233 666//1233 667//1233
f 597//1234 667//1234 668//1234
f 597//1235 668//1235 598//1235
f 597//1236 662//1236 664//1236
f 598//1237 668//1237 613//1237
f 599//1238 629//1238 669//1238
f 599//1239 669//1239 670//1239
f 599//1240 670//1240 600//1240
f 600//1241 671//1241 601//1241
f 600//1242 670//1242 672//1242
f 600//1243 672//1243 673//1243
f 600//1244 673//1244 671//1244
f 601//1245 671//1245 602//1245
f 602//1246 671//1246 674//1246
f 602//1247 674//1247 603//1247
f 603//1248 674//1248 675//1248
f 603//1249 675//1249 604//1249
f 604//1250 675//1250 676//1250
f 604//1251 676//1251 608//1251
f 605//1252 607//1252 677//1252
f 605//1253 677//1253 631//1253
f 606//1254 612//1254 678//1254
f 606//1255 678//1255 679//1255
f 606//1256 679//1256 680//1256
f 606//1257 680//1257 607//1257
f 607//1258 680//1258 681//1258
f 607//1259 681//1259 677//1259
f 608//1260 676//1260 682//1260
f 608//1261 682//1261 609//1261
f 609//1262 682//1262 683//1262
f 609//1263 683//1263 684//1263
f 609//1264 684//1264 610//1264
f 610//1265 684//1265 685//1265
f 610//1266 685//1266 611//1266
f 611//1267 685//1267 678//1267
f 611//1268 678//1268 612//1268
f 613//1269 668//1269 686//1269
f 613//1270 686//1270 614//1270
f 614//1271 687//1271 615//1271
f 614//1272 686//1272 688//1272
f 614//1273 688//1273 687//1273
f 615//1274 687//1274 617//1274
f 617//1275 687//1275 689//1275
f 617//1276 689//1276 690//1276
f 617//1277 690//1277 620//1277
f 617//1278 619//1278 618//1278
f 620//1279 623//1279 622//1279
f 620//1280 690//1280 691//1280
f 620//1281 691//1281 623//1281
f 623//1282 691//1282 624//1282
f 624//1283 691//1283 625//1283
f 625//1284 691//1284 692//1284
f 625//1285 692//1285 693//1285
f 625//1286 693//1286 627//1286
f 626//1287 627//1287 629//1287
f 626//1288 629//1288 628//1288
f 627//1289 693//1289 669//1289
f 627//1290 669//1290 629//1290
f 630//1291 631//1291 694//1291
f 630//1292 694//1292 695//1292
f 630//1293 695//1293 696//1293
f 630//1294 696//1294 632//1294
f 631//1295 677//1295 697//1295
f 631//1296 697//1296 698//1296
f 631//1297 698//1297 694//1297
f 632//1298 696//1298 633//1298
f 633//1299 696//1299 699//1299
f 633//1300 699//1300 634//1300
f 634//1301 699//1301 700//1301
f 634//1302 700//1302 635//1302
f 635//1303 700//1303 636//1303
f 636//1304 700//1304 701//1304
f 636//1305 701//1305 702//1305
f 636//1306 702//1306 637//1306
f 637//1307 702//1307 703//1307
f 637//1308 703//1308 638//1308
f 638//1309 704//1309 705//1309
f 638//1310 705//1310 639//1310
f 638//1311 703//1311 704//1311
f 639//1312 705//1312 640//1312
f 640//1313 705//1313 642//1313
f 640//1314 642//1314 641//1314
f 642//1315 705//1315 643//1315
f 643//1316 706//1316 707//1316
f 643//1317 707//1317 644//1317
f 643//1318 705//1318 708//1318
f 643//1319 708//1319 706//1319
f 644//1320 707//1320 709//1320
f 644//1321 709//1321 710//1321
f 644//1322 710//1322 645//1322
f 645//1323 710//1323 646//1323
f 646//1324 710//1324 711//1324
f 646//1325 711//1325 647//1325
f 647//1326 712//1326 650//1326
f 647//1327 650//1327 648//1327
f 647//1328 711//1328 713//1328
f 647//1329 713//1329 712//1329
f 648//1330 650//1330 649//1330
f 650//1331 712//1331 714//1331
f 650//1332 714//1332 651//1332
f 651//1333 714//1333 715//1333
f 651//1334 715//1334 716//1334
f 651//1335 716//1335 652//1335
f 652//1336 716//1336 717//1336
f 652//1337 717//1337 718//1337
f 652//1338 718//1338 653//1338
f 653//1339 718//1339 719//1339
f 653//1340 719//1340 654//1340
f 654//1341 719//1341 656//1341
f 654//1342 656//1342 655//1342
f 657//1343 656//1343 720//1343
f 657//1343 720//1343 721//1343
f 657//1344 721//1344 658//1344
f 658//1345 721//1345 722//1345
f 658//1346 722//1346 723//1346
f 658//1347 723//1347 724//1347
f 658//1348 724//1348 659//1348
f 659//1349 724//1349 725//1349
f 659//1350 725//1350 660//1350
f 660//1351 725//1351 661//1351
f 661//1352 725//1352 726//1352
f 661//1353 726//1353 665//1353
f 661//1354 665//1354 727//1354
f 661//1355 727//1355 662//1355
f 662//1356 727//1356 664//1356
f 664//1357 727//1357 665//1357
f 665//1358 726//1358 728//1358
f 665//1359 728//1359 729//1359
f 665//1360 729//1360 666//1360
f 666//1361 730//1361 731//1361
f 666//1362 731//1362 732//1362
f 666//1363 732//1363 667//1363
f 666//1364 729//1364 733//1364
f 666//1365 733//1365 730//1365
f 667//1366 732//1366 668//1366
f 668//1367 732//1367 686//1367
f 669//1368 693//1368 734//1368
f 669//1369 734//1369 670//1369
f 670//1370 734//1370 735//1370
f 670//1371 735//1371 736//1371
f 670//1372 736//1372 672//1372
f 671//1373 673//1373 674//1373
f 672//1374 737//1374 673//1374
f 672//1375 736//1375 737//1375
f 673//1376 737//1376 738//1376
f 673//1377 738//1377 674//1377
f 674//1378 738//1378 675//1378
f 675//1379 738//1379 739//1379
f 675//1380 739//1380 676//1380
f 676//1381 739//1381 740//1381
f 676//1382 740//1382 682//1382
f 677//1383 681//1383 741//1383
f 677//1384 741//1384 742//1384
f 677//1385 742//1385 697//1385
f 678//1386 685//1386 743//1386
f 678//1387 743//1387 679//1387
f 679//1388 743//1388 744//1388
f 679//1389 744//1389 680//1389
f 680//1390 744//1390 745//1390
f 680//1391 745//1391 746//1391
f 680//1392 746//1392 681//1392
f 681//1393 746//1393 747//1393
f 681//1394 747//1394 741//1394
f 682//1395 740//1395 748//1395
f 682//1396 748//1396 683//1396
f 683//1397 748//1397 749//1397
f 683//1398 749//1398 750//1398
f 683//1399 750//1399 684//1399
f 684//1400 750//1400 751//1400
f 684//1401 751//1401 685//1401
f 685//1402 751//1402 743//1402
f 686//1403 752//1403 753//1403
f 686//1404 753//1404 688//1404
f 686//1405 732//1405 752//1405
f 687//1406 688//1406 689//1406
f 688//1407 753//1407 689//1407
f 689//1408 754//1408 690//1408
f 689//1409 753//1409 754//1409
f 690//1410 692//1410 691//1410
f 690//1411 754//1411 755//1411
f 690//1412 755//1412 692//1412
f 692//1413 755//1413 756//1413
f 692//1414 756//1414 693//1414
f 693//1415 756//1415 734//1415
f 694//1416 757//1416 695//1416
f 694//1417 698//1417 757//1417
f 695//1418 757//1418 699//1418
f 695//1419 699//1419 696//1419
f 697//1420 758//1420 698//1420
f 697//1421 742//1421 758//1421
f 698//1422 758//1422 757//1422
f 699//1423 757//1423 759//1423
f 699//1424 759//1424 701//1424
f 699//1425 701//1425 700//1425
f 701//1426 759//1426 702//1426
f 702//1427 760//1427 703//1427
f 702//1428 759//1428 761//1428
f 702//1429 761//1429 762//1429
f 702//1430 762//1430 760//1430
f 703//1431 760//1431 763//1431
f 703//1432 763//1432 704//1432
f 704//1433 764//1433 708//1433
f 704//1434 708//1434 705//1434
f 704//1435 763//1435 765//1435
f 704//1436 765//1436 766//1436
f 704//1437 766//1437 767//1437
f 704//1438 767//1438 768//1438
f 704//1439 768//1439 769//1439
f 704//1440 769//1440 764//1440
f 706//1441 770//1441 771//1441
f 706//1442 771//1442 711//1442
f 706//1443 711//1443 710//1443
f 706//1444 710//1444 709//1444
f 706//1445 709//1445 707//1445
f 706//1446 708//1446 772//1446
f 706//1447 772//1447 770//1447
f 708//1448 764//1448 772//1448
f 711//1449 771//1449 773//1449
f 711//1450 773//1450 713//1450
f 712//1451 713//1451 715//1451
f 712//1452 715//1452 714//1452
f 713//1453 773//1453 774//1453
f 713//1454 774//1454 775//1454
f 713//1455 775//1455 776//1455
f 713//1456 776//1456 777//1456
f 713//1457 777//1457 715//1457
f 715//1458 777//1458 778//1458
f 715//1459 778//1459 716//1459
f 716//1460 778//1460 779//1460
f 716//1461 779//1461 780//1461
f 716//1462 780//1462 717//1462
f 717//1463 780//1463 718//1463
f 718//1464 780//1464 781//1464
f 718//1465 781//1465 719//1465
f 719//1466 720//1466 656//1466
f 719//1467 781//1467 782//1467
f 719//1468 782//1468 783//1468
f 719//1469 783//1469 720//1469
f 721//1470 720//1470 784//1470
f 721//1471 784//1471 722//1471
f 723//1472 722//1472 785//1472
f 723//1473 785//1473 786//1473
f 723//1474 786//1474 787//1474
f 723//1475 787//1475 724//1475
f 724//1476 787//1476 786//1476
f 724//1477 786//1477 788//1477
f 724//1478 788//1478 789//1478
f 724//1479 789//1479 725//1479
f 725//1480 789//1480 726//1480
f 726//1481 789//1481 790//1481
f 726//1482 790//1482 791//1482
f 726//1483 791//1483 728//1483
f 728//1484 733//1484 729//1484
f 728//1485 791//1485 730//1485
f 728//1486 730//1486 733//1486
f 730//1487 791//1487 731//1487
f 731//1488 791//1488 792//1488
f 731//1489 792//1489 732//1489
f 732//1490 792//1490 793//1490
f 732//1491 793//1491 752//1491
f 734//1492 756//1492 794//1492
f 734//1493 794//1493 795//1493
f 734//1494 795//1494 735//1494
f 735//1495 795//1495 796//1495
f 735//1496 796//1496 736//1496
f 736//1497 796//1497 797//1497
f 736//1498 797//1498 737//1498
f 737//1499 797//1499 798//1499
f 737//1500 798//1500 738//1500
f 738//1501 798//1501 739//1501
f 739//1502 798//1502 799//1502
f 739//1503 799//1503 740//1503
f 740//1504 799//1504 800//1504
f 740//1505 800//1505 748//1505
f 741//1506 747//1506 801//1506
f 741//1507 801//1507 802//1507
f 741//1508 802//1508 742//1508
f 742//1509 802//1509 758//1509
f 743//1510 751//1510 803//1510
f 743//1511 803//1511 744//1511
f 744//1512 803//1512 804//1512
f 744//1513 804//1513 745//1513
f 745//1514 804//1514 805//1514
f 745//1515 805//1515 746//1515
f 746//1516 805//1516 806//1516
f 746//1517 806//1517 807//1517
f 746//1518 807//1518 747//1518
f 747//1519 807//1519 808//1519
f 747//1520 808//1520 801//1520
f 748//1521 800//1521 809//1521
f 748//1522 809//1522 810//1522
f 748//1523 810//1523 811//1523
f 748//1524 811//1524 749//1524
f 749//1525 811//1525 812//1525
f 749//1526 812//1526 750//1526
f 750//1527 812//1527 813//1527
f 750//1528 813//1528 751//1528
f 751//1529 813//1529 803//1529
f 752//1530 793//1530 814//1530
f 752//1531 814//1531 815//1531
f 752//1532 815//1532 753//1532
f 753//1533 815//1533 816//1533
f 753//1534 816//1534 817//1534
f 753//1535 817//1535 754//1535
f 754//1536 818//1536 755//1536
f 754//1537 817//1537 816//1537
f 754//1538 816//1538 818//1538
f 755//1539 818//1539 819//1539
f 755//1540 819//1540 820//1540
f 755//1541 820//1541 756//1541
f 756//1542 820//1542 794//1542
f 757//1543 758//1543 761//1543
f 757//1544 761//1544 759//1544
f 758//1545 802//1545 821//1545
f 758//1546 821//1546 761//1546
f 760//1547 762//1547 763//1547
f 761//1548 821//1548 762//1548
f 762//1549 821//1549 822//1549
f 762//1550 822//1550 763//1550
f 763//1551 822//1551 765//1551
f 764//1552 769//1552 772//1552
f 765//1553 822//1553 766//1553
f 766//1554 822//1554 823//1554
f 766//1555 823//1555 824//1555
f 766//1556 824//1556 825//1556
f 766//1557 825//1557 767//1557
f 767//1558 825//1558 826//1558
f 767//1559 826//1559 827//1559
f 767//1560 827//1560 828//1560
f 767//1561 828//1561 768//1561
f 768//1562 829//1562 769//1562
f 768//1563 828//1563 827//1563
f 768//1564 827//1564 829//1564
f 769//1565 829//1565 772//1565
f 770//1566 772//1566 830//1566
f 770//1567 830//1567 831//1567
f 770//1568 831//1568 832//1568
f 770//1569 832//1569 833//1569
f 770//1570 833//1570 771//1570
f 771//1571 833//1571 773//1571
f 772//1572 829//1572 827//1572
f 772//1573 827//1573 830//1573
f 773//1574 834//1574 774//1574
f 773//1575 833//1575 834//1575
f 774//1576 834//1576 775//1576
f 775//1577 834//1577 835//1577
f 775//1578 835//1578 836//1578
f 775//1579 836//1579 837//1579
f 775//1580 837//1580 838//1580
f 775//1581 838//1581 776//1581
f 776//1582 778//1582 777//1582
f 776//1583 838//1583 778//1583
f 778//1584 838//1584 839//1584
f 778//1585 839//1585 779//1585
f 779//1586 839//1586 840//1586
f 779//1587 840//1587 841//1587
f 779//1588 841//1588 842//1588
f 779//1589 842//1589 780//1589
f 780//1590 842//1590 781//1590
f 781//1591 842//1591 843//1591
f 781//1592 843//1592 844//1592
f 781//1593 844//1593 845//1593
f 781//1594 845//1594 782//1594
f 720//1595 783//1595 784//1595
f 782//1596 845//1596 844//1596
f 782//1597 844//1597 846//1597
f 782//1598 846//1598 783//1598
f 784//1599 783//1599 722//1599
f 722//1600 783//1600 847//1600
f 722//1601 847//1601 848//1601
f 722//1602 848//1602 849//1602
f 722//1603 849//1603 785//1603
f 785//1604 849//1604 850//1604
f 785//1605 850//1605 786//1605
f 786//1606 850//1606 851//1606
f 786//1607 851//1607 788//1607
f 788//1608 851//1608 852//1608
f 788//1609 852//1609 790//1609
f 788//1610 790//1610 789//1610
f 790//1611 852//1611 853//1611
f 790//1612 853//1612 854//1612
f 790//1613 854//1613 855//1613
f 790//1614 855//1614 856//1614
f 790//1615 856//1615 791//1615
f 791//1616 856//1616 857//1616
f 791//1617 857//1617 858//1617
f 791//1618 858//1618 792//1618
f 792//1619 858//1619 859//1619
f 792//1620 859//1620 860//1620
f 792//1621 860//1621 793//1621
f 793//1622 860//1622 859//1622
f 793//1623 859//1623 814//1623
f 794//1624 861//1624 795//1624
f 794//1625 820//1625 862//1625
f 794//1626 862//1626 863//1626
f 794//1627 863//1627 861//1627
f 795//1628 861//1628 864//1628
f 795//1629 864//1629 796//1629
f 796//1630 864//1630 865//1630
f 796//1631 865//1631 797//1631
f 797//1632 866//1632 798//1632
f 797//1633 865//1633 866//1633
f 798//1634 866//1634 799//1634
f 799//1635 866//1635 867//1635
f 799//1636 867//1636 800//1636
f 800//1637 867//1637 809//1637
f 801//1638 868//1638 821//1638
f 801//1639 821//1639 802//1639
f 801//1640 808//1640 869//1640
f 801//1641 869//1641 868//1641
f 803//1642 813//1642 870//1642
f 803//1643 870//1643 804//1643
f 804//1644 870//1644 871//1644
f 804//1645 871//1645 805//1645
f 805//1646 871//1646 872//1646
f 805//1647 872//1647 806//1647
f 806//1648 873//1648 807//1648
f 806//1649 872//1649 874//1649
f 806//1650 874//1650 875//1650
f 806//1651 875//1651 873//1651
f 807//1652 873//1652 876//1652
f 807//1653 876//1653 808//1653
f 808//1654 876//1654 877//1654
f 808//1655 877//1655 869//1655
f 809//1656 867//1656 878//1656
f 809//1657 878//1657 879//1657
f 809//1658 879//1658 880//1658
f 809//1659 880//1659 810//1659
f 810//1660 880//1660 811//1660
f 811//1661 880//1661 881//1661
f 811//1662 881//1662 882//1662
f 811//1663 882//1663 812//1663
f 812//1664 882//1664 883//1664
f 812//1665 883//1665 813//1665
f 813//1666 883//1666 870//1666
f 814//1667 859//1667 815//1667
f 815//1668 859//1668 884//1668
f 815//1669 884//1669 885//1669
f 815//1670 885//1670 886//1670
f 815//1671 886//1671 887//1671
f 815//1672 887//1672 816//1672
f 816//1673 819//1673 818//1673
f 816//1674 887//1674 888//1674
f 816//1675 888//1675 819//1675
f 819//1676 888//1676 820//1676
f 820//1677 888//1677 862//1677
f 821//1678 868//1678 822//1678
f 822//1679 868//1679 823//1679
f 823//1680 868//1680 869//1680
f 823//1681 869//1681 826//1681
f 823//1682 826//1682 824//1682
f 824//1683 826//1683 889//1683
f 824//1684 889//1684 825//1684
f 825//1685 889//1685 826//1685
f 826//1686 869//1686 827//1686
f 827//1687 869//1687 877//1687
f 827//1688 877//1688 890//1688
f 827//1689 890//1689 831//1689
f 827//1690 831//1690 830//1690
f 831//1691 890//1691 832//1691
f 832//1692 891//1692 833//1692
f 832//1693 890//1693 891//1693
f 833//1694 891//1694 892//1694
f 833//1695 892//1695 834//1695
f 834//1696 892//1696 893//1696
f 834//1697 893//1697 835//1697
f 835//1698 893//1698 894//1698
f 835//1699 894//1699 836//1699
f 836//1700 894//1700 895//1700
f 836//1701 895//1701 840//1701
f 836//1702 840//1702 839//1702
f 836//1703 839//1703 837//1703
f 837//1704 839//1704 838//1704
f 840//1705 895//1705 896//1705
f 840//1706 896//1706 841//1706
f 841//1707 896//1707 897//1707
f 841//1708 897//1708 898//1708
f 841//1709 898//1709 899//1709
f 841//1710 899//1710 900//1710
f 841//1711 900//1711 843//1711
f 841//1712 843//1712 842//1712
f 843//1713 900//1713 901//1713
f 843//1714 901//1714 844//1714
f 844//1715 901//1715 902//1715
f 844//1716 902//1716 846//1716
f 783//1717 846//1717 903//1717
f 783//1718 903//1718 847//1718
f 846//1719 902//1719 903//1719
f 848//1720 847//1720 904//1720
f 848//1721 904//1721 905//1721
f 848//1722 905//1722 906//1722
f 848//1723 906//1723 907//1723
f 848//1724 907//1724 908//1724
f 848//1725 908//1725 909//1725
f 848//1726 909//1726 910//1726
f 848//1727 910//1727 850//1727
f 848//1728 850//1728 849//1728
f 850//1729 910//1729 911//1729
f 850//1730 911//1730 851//1730
f 851//1731 911//1731 912//1731
f 851//1732 912//1732 913//1732
f 851//1733 913//1733 852//1733
f 852//1734 914//1734 853//1734
f 852//1735 913//1735 915//1735
f 852//1736 915//1736 916//1736
f 852//1737 916//1737 914//1737
f 853//1738 914//1738 916//1738
f 853//1739 916//1739 917//1739
f 853//1740 917//1740 918//1740
f 853//1741 918//1741 854//1741
f 854//1742 918//1742 919//1742
f 854//1743 919//1743 855//1743
f 855//1744 920//1744 856//1744
f 855//1745 919//1745 921//1745
f 855//1746 921//1746 920//1746
f 856//1747 920//1747 921//1747
f 856//1748 921//1748 922//1748
f 856//1749 922//1749 857//1749
f 857//1750 922//1750 923//1750
f 857//1751 923//1751 858//1751
f 858//1752 923//1752 884//1752
f 858//1753 884//1753 859//1753
f 861//1754 924//1754 864//1754
f 861//1755 863//1755 925//1755
f 861//1756 925//1756 924//1756
f 862//1757 888//1757 863//1757
f 863//1758 888//1758 926//1758
f 863//1759 926//1759 927//1759
f 863//1760 927//1760 928//1760
f 863//1761 928//1761 925//1761
f 864//1762 924//1762 929//1762
f 864//1763 929//1763 865//1763
f 865//1764 929//1764 930//1764
f 865//1765 930//1765 866//1765
f 866//1766 930//1766 867//1766
f 867//1767 930//1767 878//1767
f 870//1768 883//1768 931//1768
f 870//1769 931//1769 871//1769
f 871//1770 931//1770 932//1770
f 871//1771 932//1771 872//1771
f 872//1772 932//1772 933//1772
f 872//1773 933//1773 874//1773
f 873//1774 875//1774 934//1774
f 873//1775 934//1775 935//1775
f 873//1776 935//1776 936//1776
f 873//1777 936//1777 876//1777
f 874//1778 933//1778 937//1778
f 874//1779 937//1779 938//1779
f 874//1780 938//1780 939//1780
f 874//1781 939//1781 934//1781
f 874//1782 934//1782 875//1782
f 876//1783 936//1783 940//1783
f 876//1784 940//1784 941//1784
f 876//1785 941//1785 877//1785
f 877//1786 941//1786 890//1786
f 878//1787 942//1787 943//1787
f 878//1788 943//1788 879//1788
f 878//1789 930//1789 942//1789
f 879//1790 944//1790 945//1790
f 879//1791 945//1791 880//1791
f 879//1792 943//1792 946//1792
f 879//1793 946//1793 947//1793
f 879//1794 947//1794 944//1794
f 880//1795 945//1795 881//1795
f 881//1796 945//1796 944//1796
f 881//1797 944//1797 947//1797
f 881//1798 947//1798 948//1798
f 881//1799 948//1799 949//1799
f 881//1800 949//1800 882//1800
f 882//1801 949//1801 950//1801
f 882//1802 950//1802 883//1802
f 883//1803 950//1803 931//1803
f 884//1804 923//1804 885//1804
f 885//1805 922//1805 951//1805
f 885//1806 951//1806 886//1806
f 885//1807 923//1807 922//1807
f 886//1808 951//1808 952//1808
f 886//1809 952//1809 887//1809
f 887//1810 952//1810 926//1810
f 887//1811 926//1811 888//1811
f 890//1812 941//1812 891//1812
f 891//1813 953//1813 954//1813
f 891//1814 954//1814 955//1814
f 891//1815 955//1815 892//1815
f 891//1816 941//1816 953//1816
f 892//1817 955//1817 956//1817
f 892//1818 956//1818 893//1818
f 893//1819 956//1819 957//1819
f 893//1820 957//1820 894//1820
f 894//1821 957//1821 958//1821
f 894//1822 958//1822 959//1822
f 894//1823 959//1823 895//1823
f 895//1824 959//1824 960//1824
f 895//1825 960//1825 961//1825
f 895//1826 961//1826 962//1826
f 895//1827 962//1827 896//1827
f 896//1828 962//1828 963//1828
f 896//1829 963//1829 897//1829
f 897//1830 963//1830 964//1830
f 897//1831 964//1831 898//1831
f 898//1832 964//1832 965//1832
f 898//1833 965//1833 899//1833
f 899//1834 965//1834 966//1834
f 899//1835 966//1835 967//1835
f 899//1836 967//1836 900//1836
f 900//1837 968//1837 901//1837
f 900//1838 967//1838 969//1838
f 900//1839 969//1839 968//1839
f 901//1840 968//1840 970//1840
f 901//1841 970//1841 902//1841
f 902//1842 970//1842 971//1842
f 902//1843 971//1843 847//1843
f 902//1844 847//1844 903//1844
f 847//1845 971//1845 972//1845
f 847//1846 972//1846 973//1846
f 847//1847 973//1847 974//1847
f 847//1848 974//1848 975//1848
f 847//1849 975//1849 976//1849
f 847//1850 976//1850 904//1850
f 905//1851 904//1851 977//1851
f 905//1852 977//1852 906//1852
f 906//1853 977//1853 978//1853
f 906//1854 978//1854 907//1854
f 907//1855 978//1855 979//1855
f 907//1856 979//1856 908//1856
f 908//1857 980//1857 909//1857
f 908//1858 979//1858 981//1858
f 908//1859 981//1859 980//1859
f 909//1860 911//1860 910//1860
f 909//1861 980//1861 981//1861
f 909//1862 981//1862 982//1862
f 909//1863 982//1863 983//1863
f 909//1864 983//1864 911//1864
f 911//1865 983//1865 912//1865
f 912//1866 983//1866 984//1866
f 912//1867 984//1867 913//1867
f 913//1868 984//1868 985//1868
f 913//1869 985//1869 915//1869
f 915//1870 985//1870 986//1870
f 915//1871 986//1871 916//1871
f 916//1872 987//1872 918//1872
f 916//1873 918//1873 917//1873
f 916//1874 986//1874 988//1874
f 916//1875 988//1875 989//1875
f 916//1876 989//1876 987//1876
f 918//1877 987//1877 990//1877
f 918//1878 990//1878 991//1878
f 918//1879 991//1879 919//1879
f 919//1880 991//1880 992//1880
f 919//1881 992//1881 993//1881
f 919//1882 993//1882 921//1882
f 921//1883 993//1883 994//1883
f 921//1884 994//1884 951//1884
f 921//1885 951//1885 922//1885
f 924//1886 995//1886 929//1886
f 924//1887 925//1887 996//1887
f 924//1888 996//1888 995//1888
f 925//1889 928//1889 996//1889
f 926//1890 952//1890 927//1890
f 927//1891 952//1891 997//1891
f 927//1892 997//1892 998//1892
f 927//1893 998//1893 928//1893
f 928//1894 998//1894 999//1894
f 928//1895 999//1895 996//1895
f 929//1896 995//1896 942//1896
f 929//1897 942//1897 930//1897
f 931//1898 950//1898 1000//1898
f 931//1899 1000//1899 932//1899
f 932//1900 1000//1900 1001//1900
f 932//1901 1001//1901 933//1901
f 933//1902 1001//1902 937//1902
f 934//1903 939//1903 1002//1903
f 934//1904 1002//1904 954//1904
f 934//1905 954//1905 936//1905
f 934//1906 936//1906 935//1906
f 936//1907 954//1907 940//1907
f 937//1908 1001//1908 1003//1908
f 937//1909 1003//1909 1004//1909
f 937//1910 1004//1910 938//1910
f 938//1911 1005//1911 1006//1911
f 938//1912 1006//1912 939//1912
f 938//1913 1004//1913 1005//1913
f 939//1914 1006//1914 1002//1914
f 940//1915 954//1915 941//1915
f 941//1916 954//1916 953//1916
f 942//1917 995//1917 1007//1917
f 942//1918 1007//1918 943//1918
f 943//1919 1007//1919 1008//1919
f 943//1920 1008//1920 1009//1920
f 943//1921 1009//1921 1010//1921
f 943//1922 1010//1922 946//1922
f 946//1923 1010//1923 1011//1923
f 946//1924 1011//1924 1012//1924
f 946//1925 1012//1925 947//1925
f 947//1926 1012//1926 1013//1926
f 947//1927 1013//1927 1014//1927
f 947//1928 1014//1928 948//1928
f 948//1929 1014//1929 1015//1929
f 948//1930 1015//1930 1016//1930
f 948//1931 1016//1931 949//1931
f 949//1932 1017//1932 950//1932
f 949//1933 1016//1933 1018//1933
f 949//1934 1018//1934 1019//1934
f 949//1935 1019//1935 1017//1935
f 950//1936 1017//1936 1000//1936
f 951//1937 994//1937 952//1937
f 952//1938 994//1938 997//1938
f 954//1939 1002//1939 955//1939
f 955//1940 959//1940 958//1940
f 955//1941 958//1941 956//1941
f 955//1942 1002//1942 1020//1942
f 955//1943 1020//1943 1021//1943
f 955//1944 1021//1944 959//1944
f 956//1945 958//1945 957//1945
f 959//1946 1021//1946 960//1946
f 960//1947 1021//1947 961//1947
f 961//1948 1021//1948 1022//1948
f 961//1949 1022//1949 963//1949
f 961//1950 963//1950 962//1950
f 963//1951 1022//1951 1023//1951
f 963//1952 1023//1952 1024//1952
f 963//1953 1024//1953 964//1953
f 964//1954 1024//1954 1025//1954
f 964//1955 1025//1955 1026//1955
f 964//1956 1026//1956 965//1956
f 965//1957 1026//1957 1027//1957
f 965//1958 1027//1958 1028//1958
f 965//1959 1028//1959 967//1959
f 965//1960 967//1960 966//1960
f 967//1961 1028//1961 1029//1961
f 967//1962 1029//1962 1030//1962
f 967//1963 1030//1963 1031//1963
f 967//1964 1031//1964 969//1964
f 968//1965 969//1965 1032//1965
f 968//1966 1032//1966 970//1966
f 969//1967 1031//1967 1032//1967
f 970//1968 972//1968 971//1968
f 970//1969 1032//1969 1033//1969
f 970//1970 1033//1970 1034//1970
f 970//1971 1034//1971 972//1971
f 972//1972 1034//1972 1035//1972
f 972//1973 1035//1973 1036//1973
f 972//1974 1036//1974 973//1974
f 973//1975 1036//1975 974//1975
f 974//1976 1036//1976 1037//1976
f 974//1977 1037//1977 975//1977
f 975//1978 1037//1978 1038//1978
f 975//1979 1038//1979 976//1979
f 976//1980 1038//1980 977//1980
f 976//1981 977//1981 904//1981
f 977//1982 1038//1982 1039//1982
f 977//1983 1039//1983 978//1983
f 978//1984 1039//1984 1040//1984
f 978//1985 1040//1985 979//1985
f 979//1986 1040//1986 1041//1986
f 979//1987 1041//1987 981//1987
f 981//1988 1041//1988 982//1988
f 982//1989 1041//1989 1042//1989
f 982//1990 1042//1990 1043//1990
f 982//1991 1043//1991 1044//1991
f 982//1992 1044//1992 1045//1992
f 982//1993 1045//1993 983//1993
f 983//1994 1045//1994 984//1994
f 984//1995 1045//1995 985//1995
f 985//1996 1045//1996 1046//1996
f 985//1997 1046//1997 1047//1997
f 985//1998 1047//1998 986//1998
f 986//1999 1047//1999 1048//1999
f 986//2000 1048//2000 988//2000
f 987//2001 989//2001 990//2001
f 988//2002 1048//2002 989//2002
f 989//2003 1048//2003 1049//2003
f 989//2004 1049//2004 1050//2004
f 989//2005 1050//2005 990//2005
f 990//2006 1050//2006 1051//2006
f 990//2007 1051//2007 992//2007
f 990//2008 992//2008 991//2008
f 992//2009 997//2009 994//2009
f 992//2010 994//2010 993//2010
f 992//2011 1051//2011 997//2011
f 995//2012 996//2012 1052//2012
f 995//2013 1052//2013 1053//2013
f 995//2014 1053//2014 1007//2014
f 996//2015 999//2015 1052//2015
f 997//2016 1051//2016 998//2016
f 998//2017 1051//2017 1054//2017
f 998//2018 1054//2018 999//2018
f 999//2019 1054//2019 1055//2019
f 999//2020 1055//2020 1052//2020
f 1000//2021 1017//2021 1056//2021
f 1000//2022 1056//2022 1057//2022
f 1000//2023 1057//2023 1001//2023
f 1001//2024 1057//2024 1003//2024
f 1002//2025 1006//2025 1020//2025
f 1003//2026 1057//2026 1058//2026
f 1003//2027 1058//2027 1059//2027
f 1003//2028 1059//2028 1004//2028
f 1004//2029 1059//2029 1060//2029
f 1004//2030 1060//2030 1005//2030
f 1005//2031 1025//2031 1023//2031
f 1005//2032 1023//2032 1006//2032
f 1005//2033 1060//2033 1025//2033
f 1006//2034 1023//2034 1022//2034
f 1006//2035 1022//2035 1020//2035
f 1007//2036 1053//2036 1008//2036
f 1008//2037 1053//2037 1061//2037
f 1008//2038 1061//2038 1062//2038
f 1008//2039 1062//2039 1009//2039
f 1009//2040 1062//2040 1063//2040
f 1009//2041 1063//2041 1010//2041
f 1010//2042 1063//2042 1064//2042
f 1010//2043 1064//2043 1012//2043
f 1010//2044 1012//2044 1011//2044
f 1012//2045 1064//2045 1065//2045
f 1012//2046 1065//2046 1066//2046
f 1012//2047 1066//2047 1067//2047
f 1012//2048 1067//2048 1013//2048
f 1013//2049 1067//2049 1014//2049
f 1014//2050 1068//2050 1016//2050
f 1014//2051 1016//2051 1015//2051
f 1014//2052 1067//2052 1066//2052
f 1014//2053 1066//2053 1069//2053
f 1014//2054 1069//2054 1068//2054
f 1016//2055 1068//2055 1070//2055
f 1016//2056 1070//2056 1018//2056
f 1017//2057 1019//2057 1056//2057
f 1018//2058 1070//2058 1071//2058
f 1018//2059 1071//2059 1019//2059
f 1019//2060 1071//2060 1072//2060
f 1019//2061 1072//2061 1056//2061
f 1020//2062 1022//2062 1021//2062
f 1023//2063 1025//2063 1024//2063
f 1025//2064 1060//2064 1027//2064
f 1025//2065 1027//2065 1026//2065
f 1027//2066 1060//2066 1073//2066
f 1027//2067 1073//2067 1029//2067
f 1027//2068 1029//2068 1028//2068
f 1029//2069 1073//2069 1074//2069
f 1029//2070 1074//2070 1075//2070
f 1029//2071 1075//2071 1030//2071
f 1030//2072 1075//2072 1031//2072
f 1031//2073 1075//2073 1076//2073
f 1031//2074 1076//2074 1032//2074
f 1032//2075 1076//2075 1077//2075
f 1032//2076 1077//2076 1078//2076
f 1032//2077 1078//2077 1033//2077
f 1033//2078 1078//2078 1034//2078
f 1034//2079 1078//2079 1035//2079
f 1035//2080 1078//2080 1079//2080
f 1035//2081 1079//2081 1080//2081
f 1035//2082 1080//2082 1081//2082
f 1035//2083 1081//2083 1082//2083
f 1035//2084 1082//2084 1036//2084
f 1036//2085 1082//2085 1037//2085
f 1037//2086 1082//2086 1083//2086
f 1037//2087 1083//2087 1038//2087
f 1038//2088 1083//2088 1039//2088
f 1039//2089 1083//2089 1084//2089
f 1039//2090 1084//2090 1040//2090
f 1040//2091 1084//2091 1085//2091
f 1040//2092 1085//2092 1086//2092
f 1040//2093 1086//2093 1087//2093
f 1040//2094 1087//2094 1041//2094
f 1041//2095 1087//2095 1088//2095
f 1041//2096 1088//2096 1042//2096
f 1042//2097 1088//2097 1089//2097
f 1042//2098 1089//2098 1043//2098
f 1043//2099 1089//2099 1090//2099
f 1043//2100 1090//2100 1091//2100
f 1043//2101 1091//2101 1044//2101
f 1044//2102 1092//2102 1045//2102
f 1044//2103 1091//2103 1093//2103
f 1044//2104 1093//2104 1092//2104
f 1045//2105 1092//2105 1046//2105
f 1046//2106 1092//2106 1094//2106
f 1046//2107 1094//2107 1095//2107
f 1046//2108 1095//2108 1047//2108
f 1047//2109 1095//2109 1048//2109
f 1048//2110 1095//2110 1096//2110
f 1048//2111 1096//2111 1097//2111
f 1048//2112 1097//2112 1049//2112
f 1049//2113 1097//2113 1098//2113
f 1049//2114 1098//2114 1099//2114
f 1049//2115 1099//2115 1050//2115
f 1050//2116 1054//2116 1051//2116
f 1050//2117 1099//2117 1054//2117
f 1052//2118 1055//2118 1053//2118
f 1053//2119 1055//2119 1061//2119
f 1054//2120 1099//2120 1055//2120
f 1055//2121 1099//2121 1061//2121
f 1056//2122 1072//2122 1058//2122
f 1056//2123 1058//2123 1057//2123
f 1058//2124 1072//2124 1100//2124
f 1058//2125 1100//2125 1059//2125
f 1059//2126 1100//2126 1073//2126
f 1059//2127 1073//2127 1060//2127
f 1061//2128 1099//2128 1098//2128
f 1061//2129 1098//2129 1062//2129
f 1062//2130 1098//2130 1101//2130
f 1062//2131 1101//2131 1063//2131
f 1063//2132 1102//2132 1064//2132
f 1063//2133 1101//2133 1102//2133
f 1064//2134 1103//2134 1065//2134
f 1064//2135 1102//2135 1103//2135
f 1065//2136 1103//2136 1104//2136
f 1065//2137 1104//2137 1105//2137
f 1065//2138 1105//2138 1106//2138
f 1065//2139 1106//2139 1066//2139
f 1066//2140 1106//2140 1069//2140
f 1068//2141 1107//2141 1070//2141
f 1068//2142 1069//2142 1108//2142
f 1068//2143 1108//2143 1107//2143
f 1069//2144 1106//2144 1105//2144
f 1069//2145 1105//2145 1109//2145
f 1069//2146 1109//2146 1108//2146
f 1070//2147 1107//2147 1110//2147
f 1070//2148 1110//2148 1071//2148
f 1071//2149 1110//2149 1111//2149
f 1071//2150 1111//2150 1072//2150
f 1072//2151 1111//2151 1100//2151
f 1073//2152 1100//2152 1074//2152
f 1074//2153 1100//2153 1111//2153
f 1074//2154 1111//2154 1112//2154
f 1074//2155 1112//2155 1075//2155
f 1075//2156 1113//2156 1076//2156
f 1075//2157 1112//2157 1114//2157
f 1075//2158 1114//2158 1113//2158
f 1076//2159 1113//2159 1077//2159
f 1077//2160 1113//2160 1115//2160
f 1077//2161 1115//2161 1116//2161
f 1077//2162 1116//2162 1078//2162
f 1078//2163 1116//2163 1079//2163
f 1079//2164 1116//2164 1117//2164
f 1079//2165 1117//2165 1118//2165
f 1079//2166 1118//2166 1080//2166
f 1080//2167 1118//2167 1119//2167
f 1080//2168 1119//2168 1120//2168
f 1080//2169 1120//2169 1081//2169
f 1081//2170 1120//2170 1121//2170
f 1081//2171 1121//2171 1082//2171
f 1082//2172 1121//2172 1122//2172
f 1082//2173 1122//2173 1083//2173
f 1083//2174 1122//2174 1123//2174
f 1083//2175 1123//2175 1124//2175
f 1083//2176 1124//2176 1084//2176
f 1084//2177 1124//2177 1125//2177
f 1084//2178 1125//2178 1085//2178
f 1085//2179 1125//2179 1126//2179
f 1085//2180 1126//2180 1127//2180
f 1085//2181 1127//2181 1128//2181
f 1085//2182 1128//2182 1086//2182
f 1086//2183 1128//2183 1087//2183
f 1087//2184 1128//2184 1088//2184
f 1088//2185 1128//2185 1089//2185
f 1089//2186 1128//2186 1129//2186
f 1089//2187 1129//2187 1090//2187
f 1090//2188 1093//2188 1091//2188
f 1090//2189 1129//2189 1130//2189
f 1090//2190 1130//2190 1131//2190
f 1090//2191 1131//2191 1093//2191
f 1092//2192 1093//2192 1094//2192
f 1093//2193 1131//2193 1096//2193
f 1093//2194 1096//2194 1094//2194
f 1094//2195 1096//2195 1095//2195
f 1096//2196 1131//2196 1132//2196
f 1096//2197 1132//2197 1097//2197
f 1097//2198 1132//2198 1101//2198
f 1097//2199 1101//2199 1098//2199
f 1101//2200 1132//2200 1102//2200
f 1102//2201 1133//2201 1103//2201
f 1102//2202 1132//2202 1133//2202
f 1103//2203 1133//2203 1134//2203
f 1103//2204 1134//2204 1104//2204
f 1104//2205 1134//2205 1135//2205
f 1104//2206 1135//2206 1105//2206
f 1105//2207 1135//2207 1109//2207
f 1107//2208 1108//2208 1136//2208
f 1107//2209 1136//2209 1137//2209
f 1107//2210 1137//2210 1110//2210
f 1108//2211 1109//2211 1138//2211
f 1108//2212 1138//2212 1136//2212
f 1109//2213 1135//2213 1138//2213
f 1110//2214 1137//2214 1112//2214
f 1110//2215 1112//2215 1111//2215
f 1112//2216 1137//2216 1114//2216
f 1113//2217 1114//2217 1115//2217
f 1114//2218 1137//2218 1139//2218
f 1114//2219 1139//2219 1117//2219
f 1114//2220 1117//2220 1115//2220
f 1115//2221 1117//2221 1116//2221
f 1117//2222 1139//2222 1119//2222
f 1117//2223 1119//2223 1118//2223
f 1119//2224 1139//2224 1140//2224
f 1119//2225 1140//2225 1141//2225
f 1119//2226 1141//2226 1120//2226
f 1120//2227 1141//2227 1142//2227
f 1120//2228 1142//2228 1121//2228
f 1121//2229 1142//2229 1122//2229
f 1122//2230 1142//2230 1123//2230
f 1123//2231 1142//2231 1124//2231
f 1124//2232 1142//2232 1127//2232
f 1124//2233 1127//2233 1126//2233
f 1124//2234 1126//2234 1125//2234
f 1127//2235 1142//2235 1143//2235
f 1127//2236 1143//2236 1144//2236
f 1127//2237 1144//2237 1145//2237
f 1127//2238 1145//2238 1128//2238
f 1128//2239 1145//2239 1129//2239
f 1129//2240 1145//2240 1146//2240
f 1129//2241 1146//2241 1130//2241
f 1130//2242 1146//2242 1134//2242
f 1130//2243 1134//2243 1133//2243
f 1130//2244 1133//2244 1131//2244
f 1131//2245 1133//2245 1132//2245
f 1134//2246 1146//2246 1135//2246
f 1135//2247 1147//2247 1138//2247
f 1135//2248 1146//2248 1144//2248
f 1135//2249 1144//2249 1147//2249
f 1136//2250 1138//2250 1140//2250
f 1136//2251 1140//2251 1139//2251
f 1136//2252 1139//2252 1137//2252
f 1138//2253 1147//2253 1140//2253
f 1140//2254 1147//2254 1141//2254
f 1141//2255 1147//2255 1143//2255
f 1141//2256 1143//2256 1142//2256
f 1143//2257 1147//2257 1144//2257
f 1144//2258 1146//2258 1145//2258
