# mmind_convex 2.2.0-dev-03-27 1
o geometry1
v -0.03149975 -0.00012333595 0.00050038425
v -0.031468917 -0.0012641936 8.745119e-07
v -0.03149975 -0.00012333595 0.0074996846
v -0.031468917 0.0012641936 0.008999094
v -0.031468917 0.0012641936 8.745119e-07
v 0 -0.031500004 -6.519258e-09
v -0.031265415 -0.0037925807 8.745119e-07
v -0.031265415 -0.0037925807 0.008999094
v -0.031265415 0.0037925807 8.745119e-07
v 0.031468917 -0.0012641936 8.745119e-07
v 0.031265415 -0.0037925807 8.745119e-07
v 0.030858409 -0.006296301 8.745119e-07
v 0.030254068 -0.00876302 8.745119e-07
v 0.029452391 -0.011168071 8.745119e-07
v 0.028453376 -0.01349912 8.745119e-07
v 0.027275529 -0.015743835 8.745119e-07
v 0.025918843 -0.017889882 8.745119e-07
v 0.024395656 -0.019918757 8.745119e-07
v 0.022712134 -0.021818131 8.745119e-07
v 0.020886777 -0.02357567 8.745119e-07
v 0.018919583 -0.025179036 8.745119e-07
v 0.016835224 -0.026622066 8.745119e-07
v 0.014633694 -0.02788626 8.745119e-07
v 0.01234583 -0.028977783 8.745119e-07
v 0.009971632 -0.029878136 8.745119e-07
v 0.0075357663 -0.03058115 8.745119e-07
v 0.005050567 -0.031086829 8.745119e-07
v 0.0025345336 -0.031395167 8.745119e-07
v 0 -0.031500004 0.008999094
v -0.0025345336 -0.031395167 8.745119e-07
v -0.005050567 -0.031086829 8.745119e-07
v -0.0075357663 -0.03058115 8.745119e-07
v -0.009971632 -0.029878136 8.745119e-07
v -0.01234583 -0.028977783 8.745119e-07
v -0.014633694 -0.02788626 8.745119e-07
v -0.016835224 -0.026622066 8.745119e-07
v -0.018919583 -0.025179036 8.745119e-07
v -0.020886777 -0.02357567 8.745119e-07
v -0.022712134 -0.021818131 8.745119e-07
v -0.024395656 -0.019918757 8.745119e-07
v -0.025918843 -0.017889882 8.745119e-07
v -0.027275529 -0.015750002 8.745119e-07
v -0.028453376 -0.01349912 8.745119e-07
v -0.029452391 -0.011168071 8.745119e-07
v -0.030254068 -0.00876302 8.745119e-07
v -0.030858409 -0.006296301 8.745119e-07
v -0.030858409 0.006296301 8.745119e-07
v -0.030254068 0.00876302 8.745119e-07
v -0.029452391 0.011168071 8.745119e-07
v -0.028453376 0.01349912 8.745119e-07
v -0.027275529 0.015750002 8.745119e-07
v -0.025918843 0.017889882 8.745119e-07
v -0.024395656 0.019918757 8.745119e-07
v -0.022712134 0.021818131 8.745119e-07
v -0.020886777 0.02357567 8.745119e-07
v -0.018919583 0.025179036 8.745119e-07
v -0.016835224 0.026622066 8.745119e-07
v -0.014633694 0.02788626 8.745119e-07
v -0.01234583 0.028977783 8.745119e-07
v -0.009971632 0.029878136 8.745119e-07
v -0.0075357663 0.03058115 8.745119e-07
v -0.005050567 0.031086829 8.745119e-07
v -0.0025345336 0.031395167 8.745119e-07
v 0 0.031500004 8.745119e-07
v 0.0025345336 0.031395167 8.745119e-07
v 0.005050567 0.031086829 8.745119e-07
v 0.0075357663 0.03058115 8.745119e-07
v 0.009971632 0.029878136 8.745119e-07
v 0.01234583 0.028977783 8.745119e-07
v 0.014633694 0.02788626 8.745119e-07
v 0.016835224 0.026622066 8.745119e-07
v 0.018919583 0.025179036 8.745119e-07
v 0.020886777 0.02357567 8.745119e-07
v 0.022712134 0.021818131 8.745119e-07
v 0.024395656 0.019918757 8.745119e-07
v 0.025918843 0.017889882 8.745119e-07
v 0.027275529 0.015743835 8.745119e-07
v 0.028453376 0.01349912 8.745119e-07
v 0.029452391 0.011168071 8.745119e-07
v 0.030254068 0.00876302 8.745119e-07
v 0.030858409 0.006296301 8.745119e-07
v 0.031265415 0.0037925807 8.745119e-07
v 0.031468917 0.0012641936 8.745119e-07
v -0.031086579 -0.0050506075 0.00050038425
v -0.031086579 -0.0050506075 0.0074996846
v -0.030254068 -0.00876302 0.008999094
v -0.027275529 0.015743835 0.008999975
v -0.030858409 0.006296301 0.008999094
v -0.031129746 0.0048039355 0.0074996846
v -0.031129746 0.0048039355 0.00050038425
v 0.031265415 -0.0037925807 0.008999094
v 0.03149975 0.00012333595 0.00050038425
v 0.03149975 0.00012333595 0.0074996846
v 0.031129746 -0.0048039355 0.0074996846
v 0.031129746 -0.0048039355 0.00050038425
v 0.030254068 -0.00876302 0.008999094
v 0.029995063 -0.009614038 0.0074996846
v 0.029995063 -0.009614038 0.00050038425
v 0.028453376 -0.01349912 0.008999094
v 0.028120372 -0.014183635 0.0074996846
v 0.028120372 -0.014183635 0.00050038425
v 0.025918843 -0.017889882 0.008999094
v 0.025555005 -0.018414058 0.0074996846
v 0.025555005 -0.018407892 0.00050038425
v 0.022712134 -0.021818131 0.008999094
v 0.02236063 -0.022181973 0.00050038425
v 0.02236063 -0.022181973 0.0074996846
v 0.018919583 -0.025179036 0.008999094
v 0.018611247 -0.025407208 0.00050038425
v 0.018611247 -0.025407208 0.0074996846
v 0.014633694 -0.02788626 0.008999094
v 0.014411691 -0.028009595 0.0074996846
v 0.014411691 -0.028009595 0.00050038425
v 0.009971632 -0.029878136 0.008999094
v 0.009848297 -0.029915137 0.00050038425
v 0.009848297 -0.029915137 0.0074996846
v 0.005050567 -0.031086829 0.008999094
v -0.005050567 -0.031086829 0.008999094
v -0.004803897 -0.031129995 0.0074996846
v -0.004803897 -0.031129995 0.00050038425
v -0.009613961 -0.029995305 0.0074996846
v -0.009613961 -0.029995305 0.00050038425
v -0.009971632 -0.029878136 0.008999094
v -0.014183521 -0.028120598 0.0074996846
v -0.014183521 -0.028120598 0.00050038425
v -0.014633694 -0.02788626 0.008999094
v -0.01841391 -0.02555521 0.0074996846
v -0.01841391 -0.02555521 0.00050038425
v -0.018919583 -0.025179036 0.008999094
v -0.022181794 -0.02236081 0.0074996846
v -0.022181794 -0.02236081 0.00050038425
v -0.022712134 -0.021818131 0.008999094
v -0.025407003 -0.018611396 0.0074996846
v -0.025407003 -0.018611396 0.00050038425
v -0.025918843 -0.017889882 0.008999094
v -0.028009372 -0.014411807 0.0074996846
v -0.028009372 -0.014411807 0.00050038425
v -0.028453376 -0.01349912 0.008999094
v -0.029914897 -0.009848376 0.0074996846
v -0.029914897 -0.009848376 0.00050038425
v -0.029995063 0.009614038 0.0074996846
v -0.029995063 0.009614038 0.00050038425
v -0.029452391 0.011168071 0.008999094
v -0.028120372 0.014183635 0.0074996846
v -0.028120372 0.014183635 0.00050038425
v -0.025555005 0.018407892 0.0074996846
v -0.025555005 0.018407892 0.00050038425
v -0.024395656 0.019918757 0.008999094
v -0.02236063 0.022181973 0.0074996846
v -0.02236063 0.022181973 0.00050038425
v -0.020886777 0.02357567 0.008999094
v -0.018611247 0.025407208 0.0074996846
v -0.018611247 0.025407208 0.00050038425
v -0.016835224 0.026622066 0.008999975
v -0.014411691 0.028009595 0.0074996846
v -0.014411691 0.028009595 0.00050038425
v -0.01234583 0.028977783 0.008999094
v -0.009848297 0.029915137 0.0074996846
v -0.009848297 0.029915137 0.00050038425
v -0.0075357663 0.03058115 0.008999094
v -0.005050567 0.031086829 0.0074996846
v -0.0025345336 0.031395167 0.008999975
v -0.00012333496 0.031493835 0.0074996846
v 0.0025345336 0.031395167 0.008999094
v 0.004803897 0.031129995 0.00050038425
v 0.004803897 0.031129995 0.0074996846
v 0.0075357663 0.03058115 0.008999094
v 0.009613961 0.029995305 0.00050038425
v 0.009613961 0.029995305 0.0074996846
v 0.01234583 0.028977783 0.008999094
v 0.014183521 0.028120598 0.00050038425
v 0.014183521 0.028120598 0.0074996846
v 0.016835224 0.026622066 0.008999094
v 0.01841391 0.02555521 0.00050038425
v 0.01841391 0.02555521 0.0074996846
v 0.020886777 0.02357567 0.008999094
v 0.022181794 0.02236081 0.00050038425
v 0.022181794 0.02236081 0.0074996846
v 0.024395656 0.019918757 0.008999094
v 0.025407003 0.018611396 0.0074996846
v 0.025407003 0.018611396 0.00050038425
v 0.027275529 0.015750002 0.008999094
v 0.028009372 0.014411807 0.00050038425
v 0.028009372 0.014411807 0.0074996846
v 0.029452391 0.011168071 0.008999094
v 0.029914897 0.009848376 0.00050038425
v 0.029914897 0.009848376 0.0074996846
v 0.030858409 0.006296301 0.008999094
v 0.031086579 0.0050506075 0.00050038425
v 0.031086579 0.0050506075 0.0074996846
v 0.031468917 0.0012641936 0.008999094
vn -0.999635 -0.02701737 0
vn -0.99975306 0.022216905 0
vn -0.9997531 0.022216907 0
vn -0.9981002 0 -0.06161171
vn -3.0343412e-05 -2.44224e-06 -1
vn -0.99677664 -0.08022722 0
vn -0.99808764 -0.061590664 0.00526629
vn -2.799687e-05 0 -1
vn -0.9975288 -0.04014388 0.057661925
vn -0.99677664 0.08022722 0
vn -2.5832149e-05 2.0791433e-06 -1
vn 3.0343434e-05 -2.4422445e-06 -1
vn 3.292187e-05 -5.3518083e-06 -1
vn 3.569304e-05 -8.744727e-06 -0.99999994
vn 3.8854505e-05 -1.2951393e-05 -1
vn 4.2482345e-05 -1.8206603e-05 -1
vn 4.6350626e-05 -2.4321105e-05 -1
vn 5.0883074e-05 -3.216721e-05 -1
vn 5.611313e-05 -4.212718e-05 -1
vn 6.234936e-05 -5.526378e-05 -1
vn 6.961007e-05 -7.2296134e-05 -1
vn 7.891501e-05 -9.68219e-05 -1
vn 8.999873e-05 -0.00012999706 -0.99999994
vn 0.00010563235 -0.00018395342 -1
vn 0.0001248064 -0.0002615978 -1
vn 0.00015470742 -0.00040795817 -0.9999999
vn 0.00020244086 -0.00070143474 -0.9999997
vn 0.00029173377 -0.0014337504 -0.9999989
vn 0.0005247101 -0.004281619 -0.99999064
vn 0.041328136 -0.9991457 0
vn -0.041328136 -0.9991457 0
vn -0.0005247101 -0.004281619 -0.99999064
vn -0.00029173377 -0.0014337504 -0.9999989
vn -0.00020244086 -0.00070143474 -0.9999997
vn -0.00015470742 -0.00040795817 -0.9999999
vn -0.0001248064 -0.0002615978 -1
vn -0.00010563235 -0.00018395342 -1
vn -8.999873e-05 -0.00012999706 -0.99999994
vn -7.891501e-05 -9.68219e-05 -1
vn -6.961007e-05 -7.2296134e-05 -1
vn -6.234936e-05 -5.526378e-05 -1
vn -5.611313e-05 -4.212718e-05 -1
vn -5.095607e-05 -3.23062e-05 -1
vn -4.6287594e-05 -2.422148e-05 -1
vn -4.2482345e-05 -1.8206603e-05 -1
vn -3.8854505e-05 -1.2951393e-05 -1
vn -3.569304e-05 -8.744727e-06 -0.99999994
vn -3.292187e-05 -5.3518083e-06 -1
vn -2.3809982e-05 3.870575e-06 -1
vn -2.1960801e-05 5.3803456e-06 -1
vn -2.0172445e-05 6.7240976e-06 -1
vn -1.845531e-05 7.9093825e-06 -1
vn -1.6942717e-05 8.865808e-06 -1
vn -1.539403e-05 9.759826e-06 -1
vn -1.3984936e-05 1.0499257e-05 -1
vn -1.2591389e-05 1.1160452e-05 -1
vn -1.1282589e-05 1.1717948e-05 -1
vn -9.959673e-06 1.2219658e-05 -1
vn -8.741369e-06 1.2626338e-05 -1
vn -7.463076e-06 1.2996579e-05 -1
vn -6.333393e-06 1.32749665e-05 -1
vn -5.127535e-06 1.3521121e-05 -1
vn -3.957195e-06 1.3711257e-05 -1
vn -2.8180416e-06 1.3849535e-05 -1
vn -1.7082431e-06 1.39390895e-05 -1
vn -5.7844426e-07 1.3984621e-05 -1
vn 5.7844426e-07 1.3984621e-05 -1
vn 1.7082431e-06 1.39390895e-05 -1
vn 2.8180416e-06 1.3849535e-05 -1
vn 3.957195e-06 1.3711257e-05 -1
vn 5.127535e-06 1.3521121e-05 -1
vn 6.333393e-06 1.32749665e-05 -1
vn 7.463076e-06 1.2996579e-05 -1
vn 8.741369e-06 1.2626338e-05 -1
vn 9.959673e-06 1.2219658e-05 -1
vn 1.1282589e-05 1.1717948e-05 -1
vn 1.2591389e-05 1.1160452e-05 -1
vn 1.3984936e-05 1.0499257e-05 -1
vn 1.541826e-05 9.747104e-06 -1
vn 1.6921671e-05 8.879117e-06 -1
vn 1.845531e-05 7.9093825e-06 -1
vn 2.0172445e-05 6.7240976e-06 -1
vn 2.1960801e-05 5.3803456e-06 -1
vn 2.3809982e-05 3.870575e-06 -1
vn 2.5832147e-05 2.0791458e-06 -1
vn 2.7996894e-05 0 -1
vn -0.98577595 -0.16024846 -0.050658397
vn -0.99004644 -0.14074121 0
vn -0.978678 -0.199134 0.05034833
vn -0.0001106127 -2.2506638e-05 1
vn -0.00018446676 -7.423557e-06 1
vn -0.00036157013 4.3866603e-05 0.99999994
vn -0.99095213 0.120224826 0.05966528
vn -0.9952313 0.0974225 0.004866611
vn -0.99112207 0.13295534 0
vn -0.9854557 0.1601964 -0.056693878
vn 0.99677664 -0.08022722 0
vn 0.9981002 0 -0.06161171
vn 0.9997532 -0.02221691 0
vn 0.9983384 -0.05725757 0.0064895065
vn 0.99112195 -0.13295531 0
vn 0.99112207 -0.13295534 0
vn 0.9854557 -0.1601964 -0.056693878
vn 0.971275 -0.23796025 0
vn 0.98387015 -0.17888413 0
vn 0.976942 -0.21338649 0.007117122
vn 0.9566743 -0.29116055 0
vn 0.95667416 -0.2911605 0
vn 0.9476448 -0.31587893 -0.04679478
vn 0.91914594 -0.3939172 0
vn 0.9440928 -0.3296797 0
vn 0.9305789 -0.36599267 0.008503371
vn 0.8992368 -0.43746206 0
vn 0.8992369 -0.4374621 0
vn 0.88454807 -0.4641404 -0.04635163
vn 0.84525985 -0.5343555 0
vn 0.8793544 -0.4761678 0
vn 0.8612638 -0.508084 0.008678624
vn 0.8180879 -0.575093 -0.0005065709
vn 0.7990674 -0.5999035 -0.040090434
vn 0.82149726 -0.5702125 0
vn 0.793433 -0.60865724 -0.00053613994
vn 0.76949126 -0.6385915 0.009171926
vn 0.74834985 -0.6633043 0
vn 0.6931333 -0.7198795 -0.036602665
vn 0.71919596 -0.6948074 0
vn 0.71919584 -0.69480735 0
vn 0.6870725 -0.72658885 0
vn 0.65926325 -0.75184345 0.010159505
vn 0.63178384 -0.7751446 0
vn 0.5690465 -0.8219492 -0.02419972
vn 0.5948481 -0.8038382 0
vn 0.56458414 -0.8253756 0
vn 0.5319381 -0.8467093 0.011188095
vn 0.497972 -0.8671931 0
vn 0.48564294 -0.87415725 0
vn 0.43038413 -0.90209746 -0.031458113
vn 0.35458347 -0.93502444 0
vn 0.42436773 -0.9054899 0
vn 0.39104438 -0.920305 0.0110931
vn 0.2772911 -0.9607822 -0.0027038914
vn 0.2873545 -0.9578243 0
vn 0.28735453 -0.95782435 0
vn 0.2767528 -0.9609411 0
vn 0.27287057 -0.96204996 0.0012956158
vn 0.2385114 -0.971074 0.011301938
vn 0.1993902 -0.9799201 0
vn 0.12163946 -0.99257433 0
vn 0.08153015 -0.99660623 0.011353307
vn 1.456795e-06 -1.7807535e-05 1
vn -1.6012267e-06 -1.9573037e-05 0.99999994
vn -0.081525885 -0.99655414 0.015278045
vn -0.08019584 -0.9967187 0.010976164
vn -0.1160589 -0.9932424 0
vn -0.12159928 -0.9922465 -0.025699602
vn -0.17237851 -0.9850307 0
vn -0.17237853 -0.9850308 0
vn -0.1993902 -0.9799201 0
vn -0.23589104 -0.97172225 0.010541789
vn -0.271326 -0.9624875 0
vn -0.2771924 -0.96044034 -0.026808042
vn -0.35458347 -0.93502444 0
vn -0.3113122 -0.95030767 0
vn -0.31131223 -0.9503077 0
vn -0.38817197 -0.92153037 0.010212594
vn -0.422722 -0.9062594 0
vn -0.43032852 -0.9019809 -0.035326354
vn -0.497972 -0.8671931 0
vn -0.4617371 -0.88701683 0
vn -0.5276522 -0.8494044 0.009760852
vn -0.5599207 -0.8285461 0
vn -0.56868905 -0.8214329 -0.04290463
vn -0.5968674 -0.80233985 0
vn -0.63178384 -0.7751446 0
vn -0.6841753 -0.7293176 0
vn -0.69285876 -0.71959436 -0.04616023
vn -0.65606326 -0.75465274 0.008959341
vn -0.71519023 -0.69892985 0
vn -0.71519023 -0.6989299 0
vn -0.74834985 -0.6633043 0
vn -0.7674361 -0.64107233 0.008263756
vn -0.7909589 -0.61186945 0
vn -0.7987992 -0.59970224 -0.0477195
vn -0.84456414 -0.53545445 0
vn -0.8156151 -0.57859486 0
vn -0.8584913 -0.5127736 0.007493609
vn -0.876814 -0.48082966 0
vn -0.88445497 -0.4628199 -0.059473917
vn -0.91914594 -0.3939172 0
vn -0.89923716 -0.43746135 0
vn -0.92941666 -0.3689536 0.007607284
vn -0.94372165 -0.33074066 0
vn -0.94781053 -0.31593415 -0.042904504
vn -0.971275 -0.23796025 0
vn -0.95448065 -0.29827273 0
vn -0.95448065 -0.29827276 0
vn -0.9762826 -0.21641019 0.006243928
vn -0.98363554 -0.1801699 0
vn -0.971275 0.23796025 0
vn -0.98387015 0.17888413 0
vn -0.98387015 0.17888415 0
vn -0.9672506 0.2537813 0.0046073683
vn -0.95667416 0.2911605 0
vn -0.9476448 0.31587893 -0.04679478
vn -0.91914594 0.3939172 0
vn -0.9440928 0.3296797 0
vn -0.9140723 0.4055357 0.0035731432
vn -0.8992369 0.4374621 0
vn -0.8851402 0.46317846 -0.044638786
vn -0.8445641 0.53545445 0.00036695492
vn -0.88013893 0.47471613 0
vn -0.8794857 0.4759253 0.0003261587
vn -0.8392263 0.54377306 0.0031554329
vn -0.81831783 0.574766 0
vn -0.7990674 0.5999035 -0.040090434
vn -0.74834985 0.6633043 0
vn -0.7933476 0.60876894 0
vn -0.7428272 0.6694791 0.002336637
vn -0.71919584 0.69480735 0
vn -0.6931333 0.7198795 -0.036602665
vn -0.6870725 0.72658885 0
vn -0.6870726 0.72658885 0
vn -0.63178384 0.7751446 0
vn -0.5948481 0.8038382 0
vn -0.5690465 0.8219492 -0.02419972
vn -0.62620115 0.779659 0.0020248957
vn -0.56458414 0.8253756 0
vn -0.5645841 0.82537556 0
vn -0.49797198 0.8671931 0
vn -0.48564294 0.87415725 0
vn -0.43038413 0.90209746 -0.031458113
vn -0.4966552 0.8679478 0.0004281488
vn -0.42436773 0.9054899 0
vn -0.4243677 0.9054899 0
vn -0.35458347 0.93502444 0
vn -0.35077468 0.9364591 0.0011485117
vn -0.28735453 0.95782435 0
vn -0.2772911 0.9607822 -0.0027038914
vn -0.2767528 0.9609411 0
vn -0.2767528 0.96094114 0
vn -0.1993902 0.9799201 0
vn -0.19939022 0.97992015 0
vn -0.12163945 0.99257433 0
vn -0.041328136 0.9991457 0
vn -0.04079269 0.9991676 0.00015106153
vn 0.03629791 0.99934006 0.0014191334
vn 0.041328136 0.9991456 0
vn 0.12159928 0.9922465 -0.025699602
vn 0.1160589 0.9932424 -0
vn 0.17237851 0.9850307 0
vn 0.19653575 0.9804962 0.0008207444
vn 0.1993902 0.9799201 0
vn 0.2771924 0.96044034 -0.026808042
vn 0.271326 0.96248746 -0
vn 0.271326 0.9624875 0
vn 0.3113122 0.95030767 0
vn 0.34809557 0.937457 0.001955249
vn 0.35458347 0.93502444 0
vn 0.43032852 0.9019809 -0.035326354
vn 0.42272195 0.90625936 -0
vn 0.422722 0.9062594 0
vn 0.4617371 0.88701683 0
vn 0.4910256 0.8711422 0.0022543434
vn 0.497972 0.8671931 0
vn 0.56868905 0.8214329 -0.04290463
vn 0.5599208 0.82854617 -0
vn 0.5599207 0.8285461 0
vn 0.5968674 0.80233985 0
vn 0.62387323 0.78152037 0.002865505
vn 0.63178384 0.7751446 0
vn 0.69285876 0.71959436 -0.04616023
vn 0.6841754 0.72931755 -0
vn 0.6841753 0.7293176 0
vn 0.71519023 0.69892985 0
vn 0.73976034 0.6728607 0.0036242583
vn 0.74834985 0.6633043 0
vn 0.79095876 0.6118694 -0
vn 0.7909589 0.61186945 0
vn 0.7987992 0.59970224 -0.0477195
vn 0.84525985 0.5343555 -0.0003662342
vn 0.8156151 0.57859486 0
vn 0.83624387 0.5483408 0.0043189973
vn 0.8759272 0.4824433 -0.000330658
vn 0.88380986 0.463753 -0.061752208
vn 0.89923716 0.43746135 0
vn 0.91290766 0.40814278 0.0043778173
vn 0.91914594 0.3939172 0
vn 0.94781053 0.31593415 -0.042904504
vn 0.9437217 0.3307407 -0
vn 0.94372165 0.33074066 0
vn 0.95448065 0.29827273 0
vn 0.9658174 0.25914976 0.006175309
vn 0.971275 0.23796025 0
vn 0.98577595 0.16024846 -0.050658397
vn 0.9836355 0.18016988 -0
vn 0.98363554 0.1801699 0
vn 0.99004644 0.14074121 0
vn 0.9946617 0.1029888 0.0064435485
vn 0.99677664 0.08022722 0
vn 0.999635 0.02701737 -0
vn -0.93374044 -0.3550133 0.045763463
vn -7.165079e-05 -2.724203e-05 1
vn 0 0 1
vn -0.0007811971 0.0007497484 0.9999994
vn -0.00078241114 0.00075073884 0.9999994
vn -0.8214533 0.5666544 0.064167716
vn -0.90130633 0.42877328 0.061648592
vn -0.0010289127 0.00029694947 0.99999934
vn -4.8788646e-05 -2.816287e-05 0.99999994
vn -3.3757056e-05 -2.7556544e-05 1
vn -2.3293715e-05 -2.628535e-05 1
vn -1.5612686e-05 -2.4716988e-05 1
vn -9.846561e-06 -2.3046237e-05 0.99999994
vn -5.230505e-06 -2.1295426e-05 1
vn 3.9509578e-06 -1.6085884e-05 1
vn 6.117123e-06 -1.4317348e-05 1
vn 7.938534e-06 -1.2567778e-05 1
vn 7.945497e-06 -1.2559921e-05 1
vn -0.9590424 0.2767845 0.06023274
vn 0.9788937 -0.19917788 0.04577368
vn 0.9978871 -0.040158298 0.051076088
vn 2.5017907e-05 -1.0068039e-06 0.99999994
vn 2.1509713e-05 -4.376634e-06 1
vn 1.8333058e-05 -6.9703306e-06 1
vn 0.93396366 -0.35509822 0.040211998
vn 0.8655088 -0.49960825 0.035861805
vn 1.5483094e-05 -8.937496e-06 1
vn 1.2826985e-05 -1.0470926e-05 1
vn 0.7742398 -0.6320275 0.033077046
vn 0.6630067 -0.7481577 0.026118102
vn 1.0329319e-05 -1.1655927e-05 1
vn 0.5339471 -0.845308 0.018834269
vn 0.39283407 -0.9194434 0.017466353
vn -0.23848364 -0.9709609 0.018986553
vn -0.39276373 -0.9192788 0.025750222
vn -0.53376853 -0.84502536 0.031988945
vn -0.6627968 -0.74792075 0.036262706
vn -0.77404904 -0.6318719 0.039825816
vn -0.86507624 -0.49935856 0.0477924
vn -0.7200071 0.69086087 0.06558231
vn -0.59974855 0.7976166 0.06410506
vn -0.00034300418 0.001027675 0.9999994
vn -0.46355286 0.8834386 0.068227455
vn -0.0003442602 0.0010327727 0.99999946
vn -0.3155366 0.94660246 0.066184916
vn -0.1603057 0.98482907 0.06643627
vn 1.1409007e-05 0.99784315 0.065642424
vn 2.9031053e-05 3.5221367e-06 1
vn 3.3692348e-05 9.723779e-06 1
vn 3.9372022e-05 1.870554e-05 0.99999994
vn 4.6365138e-05 3.2030137e-05 1
vn 5.5346914e-05 5.310643e-05 1
vn 6.765829e-05 8.998209e-05 1
vn 8.575806e-05 0.00016343287 1
vn 0.00011549556 0.0003464841 0.99999994
vn 0.00017380528 0.001067841 0.9999994
vn 0.16027266 0.98469806 0.068428755
vn 0.3155092 0.9465203 0.06747691
vn 0.46371934 0.8837304 0.063126214
vn 0.5997465 0.7976324 0.063927114
vn 0.720167 0.6910143 0.062119763
vn 0.8213172 0.56738514 0.059263323
vn 0.90167135 0.4283814 0.05897474
vn 0.876814 0.48082966 0
vn 0.959475 0.27690935 0.05223851
vn 0.99143183 0.12028302 0.050939742
f 1//1 2//1 3//1
f 1//2 3//2 4//2
f 1//3 4//3 5//3
f 1//4 5//4 2//4
f 2//5 6//5 7//5
f 2//6 7//6 8//6
f 2//7 8//7 3//7
f 2//8 5//8 6//8
f 3//9 8//9 4//9
f 5//10 4//10 9//10
f 5//11 9//11 6//11
f 6//12 10//12 11//12
f 6//13 11//13 12//13
f 6//14 12//14 13//14
f 6//15 13//15 14//15
f 6//16 14//16 15//16
f 6//17 15//17 16//17
f 6//18 16//18 17//18
f 6//19 17//19 18//19
f 6//20 18//20 19//20
f 6//21 19//21 20//21
f 6//22 20//22 21//22
f 6//23 21//23 22//23
f 6//24 22//24 23//24
f 6//25 23//25 24//25
f 6//26 24//26 25//26
f 6//27 25//27 26//27
f 6//28 26//28 27//28
f 6//29 27//29 28//29
f 6//30 28//30 29//30
f 6//31 29//31 30//31
f 6//32 30//32 31//32
f 6//33 31//33 32//33
f 6//34 32//34 33//34
f 6//35 33//35 34//35
f 6//36 34//36 35//36
f 6//37 35//37 36//37
f 6//38 36//38 37//38
f 6//39 37//39 38//39
f 6//40 38//40 39//40
f 6//41 39//41 40//41
f 6//42 40//42 41//42
f 6//43 41//43 42//43
f 6//44 42//44 43//44
f 6//45 43//45 44//45
f 6//46 44//46 45//46
f 6//47 45//47 46//47
f 6//48 46//48 7//48
f 6//49 9//49 47//49
f 6//50 47//50 48//50
f 6//51 48//51 49//51
f 6//52 49//52 50//52
f 6//53 50//53 51//53
f 6//54 51//54 52//54
f 6//55 52//55 53//55
f 6//56 53//56 54//56
f 6//57 54//57 55//57
f 6//58 55//58 56//58
f 6//59 56//59 57//59
f 6//60 57//60 58//60
f 6//61 58//61 59//61
f 6//62 59//62 60//62
f 6//63 60//63 61//63
f 6//64 61//64 62//64
f 6//65 62//65 63//65
f 6//66 63//66 64//66
f 6//67 64//67 65//67
f 6//68 65//68 66//68
f 6//69 66//69 67//69
f 6//70 67//70 68//70
f 6//71 68//71 69//71
f 6//72 69//72 70//72
f 6//73 70//73 71//73
f 6//74 71//74 72//74
f 6//75 72//75 73//75
f 6//76 73//76 74//76
f 6//77 74//77 75//77
f 6//78 75//78 76//78
f 6//79 76//79 77//79
f 6//80 77//80 78//80
f 6//81 78//81 79//81
f 6//82 79//82 80//82
f 6//83 80//83 81//83
f 6//84 81//84 82//84
f 6//85 82//85 83//85
f 6//86 83//86 10//86
f 7//87 46//87 84//87
f 7//88 84//88 85//88
f 7//88 85//88 8//88
f 8//89 85//89 86//89
f 8//90 86//90 87//90
f 8//91 87//91 4//91
f 4//92 87//92 88//92
f 4//93 88//93 89//93
f 4//94 89//94 9//94
f 9//95 89//95 90//95
f 9//96 90//96 47//96
f 10//97 91//97 11//97
f 10//98 83//98 92//98
f 10//99 92//99 93//99
f 10//100 93//100 91//100
f 11//101 91//101 94//101
f 11//102 94//102 95//102
f 11//103 95//103 12//103
f 12//104 96//104 13//104
f 12//105 95//105 94//105
f 12//106 94//106 96//106
f 13//107 96//107 97//107
f 13//108 97//108 98//108
f 13//109 98//109 14//109
f 14//110 99//110 15//110
f 14//111 98//111 97//111
f 14//112 97//112 99//112
f 15//113 99//113 100//113
f 15//114 100//114 101//114
f 15//115 101//115 16//115
f 16//116 102//116 17//116
f 16//117 101//117 100//117
f 16//118 100//118 102//118
f 17//119 103//119 104//119
f 17//120 104//120 18//120
f 17//121 102//121 103//121
f 18//122 104//122 103//122
f 18//123 103//123 105//123
f 18//124 105//124 19//124
f 19//125 106//125 20//125
f 19//126 105//126 107//126
f 19//127 107//127 106//127
f 20//128 106//128 107//128
f 20//129 107//129 108//129
f 20//130 108//130 21//130
f 21//131 109//131 22//131
f 21//132 108//132 110//132
f 21//132 110//132 109//132
f 22//133 109//133 110//133
f 22//134 110//134 111//134
f 22//135 111//135 23//135
f 23//136 111//136 112//136
f 23//136 112//136 113//136
f 23//137 113//137 24//137
f 24//138 114//138 25//138
f 24//139 113//139 112//139
f 24//140 112//140 114//140
f 25//141 115//141 26//141
f 25//142 114//142 116//142
f 25//143 116//143 115//143
f 26//144 115//144 116//144
f 26//145 116//145 114//145
f 26//146 114//146 117//146
f 26//147 117//147 27//147
f 27//148 117//148 28//148
f 28//149 117//149 29//149
f 29//150 117//150 87//150
f 29//151 87//151 118//151
f 29//152 118//152 119//152
f 29//153 119//153 30//153
f 30//154 119//154 120//154
f 30//155 120//155 31//155
f 31//156 120//156 119//156
f 31//157 119//157 118//157
f 31//158 118//158 32//158
f 32//159 118//159 121//159
f 32//160 121//160 122//160
f 32//161 122//161 33//161
f 33//162 123//162 34//162
f 33//163 122//163 121//163
f 33//164 121//164 123//164
f 34//165 123//165 124//165
f 34//166 124//166 125//166
f 34//167 125//167 35//167
f 35//168 126//168 36//168
f 35//169 125//169 124//169
f 35//169 124//169 126//169
f 36//170 126//170 127//170
f 36//171 127//171 128//171
f 36//172 128//172 37//172
f 37//173 128//173 127//173
f 37//173 127//173 129//173
f 37//174 129//174 38//174
f 38//175 130//175 131//175
f 38//176 131//176 39//176
f 38//177 129//177 130//177
f 39//178 131//178 130//178
f 39//179 130//179 132//179
f 39//180 132//180 40//180
f 40//181 132//181 133//181
f 40//182 133//182 134//182
f 40//183 134//183 41//183
f 41//184 135//184 42//184
f 41//185 134//185 133//185
f 41//185 133//185 135//185
f 42//186 135//186 136//186
f 42//187 136//187 137//187
f 42//188 137//188 43//188
f 43//189 138//189 44//189
f 43//190 137//190 136//190
f 43//190 136//190 138//190
f 44//191 138//191 139//191
f 44//192 139//192 140//192
f 44//193 140//193 45//193
f 45//194 86//194 46//194
f 45//195 140//195 139//195
f 45//196 139//196 86//196
f 46//197 86//197 85//197
f 46//198 85//198 84//198
f 47//199 88//199 48//199
f 47//200 90//200 89//200
f 47//201 89//201 88//201
f 48//202 88//202 141//202
f 48//203 141//203 142//203
f 48//204 142//204 49//204
f 49//205 143//205 50//205
f 49//206 142//206 141//206
f 49//206 141//206 143//206
f 50//207 143//207 144//207
f 50//208 144//208 145//208
f 50//209 145//209 51//209
f 51//210 87//210 52//210
f 51//211 145//211 144//211
f 51//212 144//212 87//212
f 52//213 87//213 146//213
f 52//214 146//214 147//214
f 52//215 147//215 53//215
f 53//216 148//216 54//216
f 53//217 147//217 146//217
f 53//217 146//217 148//217
f 54//218 148//218 149//218
f 54//219 149//219 150//219
f 54//220 150//220 55//220
f 55//221 150//221 149//221
f 55//222 149//222 151//222
f 55//223 151//223 56//223
f 56//224 152//224 153//224
f 56//225 153//225 57//225
f 56//226 151//226 152//226
f 57//227 153//227 152//227
f 57//228 152//228 154//228
f 57//229 154//229 58//229
f 58//230 155//230 156//230
f 58//231 156//231 59//231
f 58//232 154//232 155//232
f 59//233 156//233 155//233
f 59//234 155//234 157//234
f 59//235 157//235 60//235
f 60//236 157//236 158//236
f 60//237 158//237 159//237
f 60//238 159//238 61//238
f 61//239 159//239 158//239
f 61//240 158//240 160//240
f 61//241 160//241 161//241
f 61//242 161//242 62//242
f 62//243 161//243 162//243
f 62//243 162//243 63//243
f 63//244 162//244 64//244
f 64//245 162//245 163//245
f 64//246 163//246 164//246
f 64//247 164//247 65//247
f 65//248 165//248 66//248
f 65//249 164//249 166//249
f 65//249 166//249 165//249
f 66//250 165//250 166//250
f 66//251 166//251 167//251
f 66//252 167//252 67//252
f 67//253 168//253 68//253
f 67//254 167//254 169//254
f 67//255 169//255 168//255
f 68//256 168//256 169//256
f 68//257 169//257 170//257
f 68//258 170//258 69//258
f 69//259 171//259 70//259
f 69//260 170//260 172//260
f 69//261 172//261 171//261
f 70//262 171//262 172//262
f 70//263 172//263 173//263
f 70//264 173//264 71//264
f 71//265 174//265 72//265
f 71//266 173//266 175//266
f 71//267 175//267 174//267
f 72//268 174//268 175//268
f 72//269 175//269 176//269
f 72//270 176//270 73//270
f 73//271 177//271 74//271
f 73//272 176//272 178//272
f 73//273 178//273 177//273
f 74//274 177//274 178//274
f 74//275 178//275 179//275
f 74//276 179//276 75//276
f 75//277 179//277 180//277
f 75//278 180//278 181//278
f 75//279 181//279 76//279
f 76//280 182//280 77//280
f 76//281 181//281 180//281
f 76//282 180//282 182//282
f 77//283 182//283 183//283
f 77//284 183//284 78//284
f 78//285 183//285 184//285
f 78//286 184//286 185//286
f 78//287 185//287 79//287
f 79//288 186//288 80//288
f 79//289 185//289 187//289
f 79//290 187//290 186//290
f 80//291 186//291 187//291
f 80//292 187//292 188//292
f 80//293 188//293 81//293
f 81//294 189//294 82//294
f 81//295 188//295 190//295
f 81//296 190//296 189//296
f 82//297 189//297 190//297
f 82//298 190//298 191//298
f 82//299 191//299 83//299
f 83//300 191//300 93//300
f 83//300 93//300 92//300
f 86//301 139//301 138//301
f 86//302 138//302 87//302
f 87//303 162//303 154//303
f 87//304 154//304 151//304
f 87//305 151//305 148//305
f 87//306 148//306 146//306
f 87//307 144//307 143//307
f 87//308 143//308 88//308
f 87//309 138//309 135//309
f 87//310 135//310 132//310
f 87//311 132//311 129//311
f 87//312 129//312 126//312
f 87//313 126//313 123//313
f 87//314 123//314 118//314
f 87//315 117//315 114//315
f 87//316 114//316 111//316
f 87//317 111//317 108//317
f 87//318 108//318 162//318
f 88//319 143//319 141//319
f 91//320 96//320 94//320
f 91//321 93//321 191//321
f 91//322 191//322 162//322
f 91//323 162//323 96//323
f 96//324 162//324 99//324
f 96//325 99//325 97//325
f 99//326 102//326 100//326
f 99//327 162//327 102//327
f 102//328 162//328 105//328
f 102//329 105//329 103//329
f 105//330 108//330 107//330
f 105//331 162//331 108//331
f 108//332 111//332 110//332
f 111//333 114//333 112//333
f 118//334 123//334 121//334
f 123//335 126//335 124//335
f 126//336 129//336 127//336
f 129//337 132//337 130//337
f 132//338 135//338 133//338
f 135//339 138//339 136//339
f 148//340 151//340 149//340
f 151//341 154//341 152//341
f 154//342 162//342 157//342
f 154//343 157//343 155//343
f 157//344 162//344 160//344
f 157//345 160//345 158//345
f 160//346 162//346 161//346
f 162//347 164//347 163//347
f 162//348 191//348 188//348
f 162//349 188//349 185//349
f 162//350 185//350 182//350
f 162//351 182//351 179//351
f 162//352 179//352 176//352
f 162//353 176//353 173//353
f 162//354 173//354 170//354
f 162//355 170//355 167//355
f 162//356 167//356 164//356
f 164//357 167//357 166//357
f 167//358 170//358 169//358
f 170//359 173//359 172//359
f 173//360 176//360 175//360
f 176//361 179//361 178//361
f 179//362 182//362 180//362
f 182//363 185//363 184//363
f 182//364 184//364 183//364
f 185//365 188//365 187//365
f 188//366 191//366 190//366
o geometry2
v 0.0012160756 0.012529765 0.057399493
v 0.003829764 0.012749522 0.057157893
v 0.009776397 0.015473347 0.055562213
v -0.008849572 0.015074316 0.055961132
v -0.0011539307 0.012535548 0.05739387
v -0.0012561199 0.011228574 0.05728712
v 0.0012239363 0.011228574 0.05728712
v 0.0062980293 0.013183252 0.056697167
v 0.0040105605 0.011477247 0.05702305
v 0.008400771 0.013715295 0.056118455
v 0.010338438 0.014351432 0.05541613
v 0.011584362 0.016092137 0.054899223
v 0.0132783465 0.016809236 0.054146327
v 0.016241837 0.018659819 0.052252866
v 0.012221079 0.034944944 0.035964582
v -0.015444715 0.017786575 0.05310689
v -0.010645746 0.015589009 0.055399276
v -0.009183654 0.013859872 0.05589933
v -0.00728529 0.013350961 0.056478046
v -0.005300459 0.012951929 0.056921914
v -0.003252742 0.0126801245 0.057230935
v -0.011467191 0.035176266 0.03561061
v -0.0012914932 0.01014714 0.056657836
v -0.00041502324 0.010124008 0.056685932
v -0.0034020958 0.011402067 0.057101704
v 0.0012278666 0.01014714 0.056657836
v 0.0030869262 0.010285934 0.056517374
v 0.0066203186 0.01197459 0.056500517
v 0.004077377 0.010418945 0.056388147
v 0.006514199 0.010893157 0.055916183
v 0.008782016 0.012581812 0.055848762
v 0.012134612 0.015097449 0.054595817
v 0.010735404 0.013310479 0.05506216
v 0.01484656 0.017647782 0.05327545
v 0.015278899 0.016936464 0.052651785
v 0.015581536 0.016219363 0.05200003
v 0.016591638 0.018052597 0.05151683
v 0.01769214 0.019301739 0.050263885
v 0.018560749 0.020649195 0.04892104
v 0.019189605 0.022066047 0.04750516
v 0.019586572 0.023529164 0.046044327
v 0.01967304 0.026571058 0.04344292
v 0.018285623 0.03100089 0.03858846
v 0.017507412 0.03217485 0.037419796
v 0.016560195 0.033290986 0.036312934
v 0.015443974 0.034326155 0.03528473
v 0.014170538 0.03527458 0.034363285
v 0.0127634695 0.03610734 0.033565447
v 0.011246351 0.036836006 0.03289683
v 0.009646695 0.037466362 0.032334976
v 0.007976293 0.037998404 0.031868633
v 0.006250865 0.03842635 0.031497806
v 0.0008937862 0.038981527 0.031430382
v 0.0010392094 0.03646589 0.03426215
v -0.01933577 0.022106528 0.047432117
v -0.018742286 0.020730158 0.04880867
v -0.01792477 0.019411618 0.050123423
v -0.016887156 0.018174041 0.051353894
v -0.015649093 0.017057909 0.052483227
v -0.014422821 0.015265157 0.052938335
v -0.014234164 0.016074788 0.053494573
v -0.013962969 0.0169249 0.053989008
v -0.01979562 0.026790816 0.043662045
v -0.012355452 0.016202014 0.0547419
v -0.009419475 0.012755305 0.05561278
v -0.0075053903 0.012171214 0.056258917
v -0.010983758 0.014484443 0.055202626
v -0.0054930467 0.011714352 0.056758974
v -0.0068411594 0.038264427 0.03164389
v -0.008656985 0.037767082 0.0320709
v -0.0103942035 0.03715986 0.032604665
v -0.012048884 0.036448542 0.033239566
v -0.0135974465 0.035633128 0.033992458
v -0.015020235 0.034707837 0.034880195
v -0.01627795 0.033666886 0.035908394
v -0.017350938 0.03252762 0.037043348
v -0.0034610513 0.010332199 0.056472424
v -0.0026828402 0.008817034 0.055123962
v -0.0020421918 -0.0075027896 0.038914338
v 1.5947808e-06 -0.007572186 0.038987383
v 0.0008937862 0.008701373 0.055236336
v -0.0050017517 0.010569304 0.056236446
v 0.0008937862 -0.007560619 0.038976144
v 0.002041451 -0.0075027896 0.038914338
v 0.0029061297 -0.0074276095 0.0388413
v 0.004026282 -0.0072888145 0.038700834
v 0.00674609 0.010945204 0.055859998
v 0.0044468306 0.009042574 0.054899223
v 0.005684893 -0.0069938777 0.038408667
v 0.005944297 -0.006936048 0.038352482
v 0.009497341 0.011812665 0.054989118
v 0.012519787 0.014166374 0.054146327
v 0.013781432 0.015959125 0.05367437
v 0.010884758 0.012396755 0.054410405
v 0.014139094 0.0151379295 0.053123746
v 0.014276657 0.014357215 0.052449517
v 0.015361437 0.015207326 0.051601112
v 0.01683925 0.017416459 0.050786413
v 0.017888658 0.018711867 0.049488522
v 0.018997017 0.019845348 0.046960156
v 0.01935468 0.02152244 0.046684846
v 0.017967263 0.018046815 0.048758104
v 0.019755578 0.023002904 0.045207158
v 0.019763438 0.025015414 0.04456664
v 0.019916723 0.025628418 0.042499
v 0.01934289 0.028525736 0.04106064
v 0.018894829 0.029780664 0.039807696
v 0.019920653 0.022274237 0.024738643
v 0.019252492 0.024038073 0.025558958
v 0.015408601 0.03390399 0.034335192
v 0.018214876 0.025796127 0.025845505
v 0.0141430255 0.03488133 0.03338003
v 0.012755608 0.03576614 0.032526005
v 0.011254212 0.036564205 0.031784352
v 0.009658486 0.03725817 0.031149453
v 0.007988083 0.037848044 0.030615687
v 0.006250865 0.038322255 0.030194292
v 0.0044704126 0.038675025 0.029874032
v 0.0044822036 0.03874442 0.031228112
v 0.0026860298 0.038958393 0.031042699
v 0.0008741344 0.03906249 0.03095842
v -0.0030444332 0.03891213 0.031087648
v -0.018722633 0.017855972 0.04607804
v -0.019713083 0.023529164 0.046021853
v -0.019606965 0.021476174 0.045319527
v -0.019174624 0.0025424035 0.028868306
v -0.019099949 0.0023631286 0.0290481
v -0.018522186 0.018931624 0.047870368
v -0.018023029 0.01813356 0.048668206
v -0.017166212 0.015571659 0.048364803
v -0.016788898 0.016577914 0.050224558
v -0.015794516 0.016335025 0.05183709
v -0.014466056 0.014496009 0.05230905
v -0.012976449 0.013501321 0.05330354
v -0.012893911 0.01431095 0.05393844
v -0.012669882 0.015224676 0.054399166
v -0.01823134 0.03130161 0.038262583
v -0.018915221 0.030023552 0.03954362
v -0.019418307 0.028699227 0.04086399
v -0.019736666 0.027351774 0.04221245
v -0.019862438 0.026374433 0.04324627
v -0.01988602 0.02496915 0.044583492
v -0.011219579 0.013472406 0.054837417
v -0.009509873 0.011818448 0.054983497
v -0.00848405 0.011454114 0.05534871
v -0.007587928 0.011176527 0.055629637
v -0.0030915975 0.03894683 0.030379705
v -0.006900115 0.03825286 0.030975277
v -0.008751314 0.037582025 0.030851668
v -0.010472811 0.036905404 0.031464092
v -0.012099979 0.03612469 0.03218327
v -0.013609237 0.035234097 0.033014823
v -0.014988793 0.034250975 0.033964366
v -0.016218996 0.03318111 0.03502628
v -0.017288053 0.032030277 0.03617247
v -0.018180244 0.030804265 0.037391704
v -0.004027023 -0.0072888145 0.038700834
v -0.0025924419 -0.0074565234 0.038869392
v -0.0025924419 -0.019832294 0.009000981
v -0.0020421918 -0.019895907 0.009000981
v 1.5947808e-06 -0.020000003 0.009000981
v -0.006176929 0.009383775 0.054562107
v -0.005485186 -0.0070343604 0.038448
v 0.002041451 -0.019895907 0.009000981
v 0.0029061297 -0.01978603 0.009000981
v 0.004026282 -0.019589406 0.009000981
v 0.0044468306 -0.007219418 0.03863341
v 0.0077797743 -0.0064618355 0.0378749
v 0.007858382 0.009823289 0.05411262
v 0.005684893 -0.019173022 0.009000981
v 0.005944297 -0.019097842 0.009000981
v 0.0077797743 -0.018427007 0.009000981
v 0.008357537 -0.0062825615 0.037695106
v 0.009497341 0.010401595 0.053578854
v 0.0126927225 0.013333612 0.0534721
v 0.009528784 -0.00586618 0.03727933
v 0.010872967 -0.0052994387 0.036717474
v 0.01101446 -0.0052358257 0.03665005
v 0.01101446 0.011020384 0.05291024
v 0.013820736 0.012604945 0.051331416
v 0.014139094 -0.0034315074 0.034846485
v 0.0150312865 -0.0027548885 0.034166634
v 0.015361437 0.013790474 0.050185226
v 0.01617895 0.0145133585 0.049421098
v 0.017495621 0.017410677 0.049393006
v 0.01801836 0.016687792 0.047246702
v 0.018427117 0.0010677204 0.030351613
v 0.018997017 0.018428497 0.045544274
v 0.019099208 0.0023631286 0.0290481
v 0.01923677 0.0026869802 0.02872784
v 0.019276073 0.019064635 0.04487004
v 0.019830255 0.022441946 0.04436437
v 0.017495621 0.015993824 0.047982737
v 0.017582089 -0.00016985647 0.0315877
v 0.01801836 0.00043158326 0.030980894
v 0.019928513 0.024506502 0.043706995
v 0.019971747 0.02496915 0.041836005
v 0.019916723 0.025628418 0.04249338
v 0.019452939 0.02804574 0.040172905
v 0.020148613 0.02067811 0.023463225
v 0.019739855 0.026530579 0.04027404
v 0.016909998 0.027363338 0.025564577
v 0.015699446 0.028415859 0.024912821
v 0.015554024 0.028519955 0.024811685
v 0.0151885 0.028757058 0.024547612
v 0.01420198 0.029277537 0.023648638
v 0.012893171 0.029555123 0.02208667
v 0.006757881 0.034314588 0.022906985
v 0.011855557 0.029271752 0.020328052
v 0.007992014 0.037605155 0.030065065
v 0.004466482 0.0384437 0.02928408
v 0.005504097 0.03562156 0.024210498
v 0.002654587 0.03891213 0.029666144
v 0.00083090045 0.039079838 0.029823465
v -0.018522186 0.01751477 0.04645448
v -0.018722633 0.0015997635 0.029817848
v -0.019677712 0.02030221 0.043633953
v -0.01999607 0.024130603 0.042667557
v -0.019591242 0.0037163668 0.02769964
v -0.019174624 -0.0056869043 0.009000981
v -0.019099949 -0.0059413603 0.009000981
v -0.018423926 0.0010677204 0.030351613
v -0.018168453 0.0006571226 0.030756151
v -0.01758283 -0.00016985647 0.0315877
v -0.017166212 -0.0006845491 0.032098994
v -0.016781036 -0.0011240626 0.032537244
v -0.016788898 0.015161062 0.04880867
v -0.01658059 -0.0013380367 0.032750748
v -0.015428993 -0.0024252534 0.033840757
v -0.015059539 0.013518671 0.05041559
v -0.014466056 0.013079157 0.050893165
v -0.014135906 -0.0034315074 0.034846485
v -0.012469433 0.0117664 0.052168585
v -0.01166371 0.012772654 0.05402834
v -0.013184759 -0.004061862 0.035475764
v -0.012717046 -0.0043452326 0.035756692
v -0.018380692 0.029826928 0.03697031
v -0.019504774 0.02738069 0.039414395
v -0.019099949 0.005948632 0.009000981
v -0.01923358 0.0054917694 0.009000981
v -0.019591242 0.0040286523 0.009000981
v -0.019803483 0.026218291 0.04058306
v -0.019972488 0.024963364 0.041836005
v -0.019866368 0.026345517 0.043218177
v -0.010838334 -0.0053167883 0.03672871
v -0.0095295245 -0.00586618 0.03727933
v -0.0094745 -0.005883529 0.037301805
v -0.00848405 0.010037262 0.053932823
v -0.008252159 -0.006317259 0.037728816
v -0.0077805156 -0.0064618355 0.0378749
v -0.006176929 -0.0068840003 0.038296297
v -0.001157861 0.039016224 0.029581867
v -0.0031309011 0.038860083 0.029716713
v -0.005060707 0.038565144 0.029975168
v -0.0069394186 0.038137197 0.030357232
v -0.010496393 0.03665095 0.03095842
v -0.006966931 0.037900094 0.029789753
v -0.006758622 0.034314588 0.022906985
v -0.01134142 0.035904933 0.030890997
v -0.012115701 0.035505902 0.031289916
v -0.007414992 0.032805208 0.021401204
v -0.014214512 0.03420471 0.03259343
v -0.01658059 0.011176527 0.009000981
v -0.016804619 0.010835325 0.009000981
v -0.01758283 0.0095341345 0.009000981
v -0.018215617 0.008256077 0.009000981
v -0.018423926 0.007781865 0.009000981
v -0.005485186 -0.019230854 0.009000981
v -0.004027023 -0.019589406 0.009000981
v 1.5947808e-06 3.6358833e-06 3.7252903e-09
v -0.0059411074 -0.006936048 0.038352482
v -0.0059411074 -0.019097842 0.009000981
v 0.007858382 -0.0064387033 0.03785243
v 0.008357537 -0.01816677 0.009000981
v 0.009528784 -0.017582681 0.009000981
v 0.0126927225 0.011916759 0.052061833
v 0.010872967 -0.016784616 0.009000981
v 0.011175605 -0.005154862 0.03657139
v 0.011175605 -0.01658221 0.009000981
v 0.013180087 -0.004061862 0.035475764
v 0.013820736 -0.0036512641 0.035065606
v 0.014139094 -0.014135969 0.009000981
v 0.0150312865 -0.013181764 0.009000981
v 0.0154282525 -0.0024252534 0.033840757
v 0.01617895 -0.001742851 0.033160906
v 0.016579848 -0.0013380367 0.032750748
v 0.016807808 -0.0010951469 0.03250915
v 0.018218808 0.00073230267 0.03068311
v 0.018427117 -0.007780376 0.009000981
v 0.019099208 -0.0059413603 0.009000981
v 0.01923677 -0.005484497 0.009000981
v 0.019590503 0.0037163668 0.02769964
v 0.019276073 0.0028026416 0.02861547
v 0.019834185 0.021025095 0.042954102
v 0.019916723 0.021557137 0.04237539
v 0.017582089 -0.009526863 0.009000981
v 0.018218808 -0.008248805 0.009000981
v 0.019975677 0.023552295 0.04042574
v 0.01999926 0.0065674204 0.024851017
v 0.01999926 3.6358833e-06 0.009000981
v 0.01989314 0.0020450596 0.009000981
v 0.019787021 0.00291252 0.009000981
v 0.019590503 0.0040286523 0.009000981
v 0.019173885 0.0056941765 0.009000981
v 0.019099208 0.005948632 0.009000981
v 0.019920653 0.019400053 0.021867547
v 0.016909998 0.018578857 0.016782723
v 0.01420198 0.020493053 0.014866786
v 0.010959434 0.02717828 0.016968139
v 0.011187395 0.028450556 0.018563818
v 0.007414251 0.032805208 0.021401204
v 0.006757881 0.029722832 0.01831098
v 0.0038376248 0.036569986 0.025165657
v 0.0032952353 0.03678396 0.025379162
v 0.0031380209 0.03684179 0.025435349
v -0.002934383 0.036911186 0.025497153
v 0.00083876116 0.037344918 0.025935404
v 0.0021672223 0.037125163 0.025716279
v 0.00081124867 0.03879647 0.028952586
v -0.018423926 -0.007780376 0.009000981
v -0.019893881 0.0051216525 0.026294993
v -0.01978776 0.004508647 0.026907418
v -0.019677712 0.0040402184 0.02737938
v -0.01999607 3.6358833e-06 0.009000981
v -0.01999607 0.0065674204 0.024851017
v -0.01999607 0.022719534 0.041251674
v -0.019591242 -0.0040271636 0.009000981
v -0.018168453 -0.0083586825 0.009000981
v -0.01758283 -0.009526863 0.009000981
v -0.016781036 -0.010874319 0.009000981
v -0.01658059 -0.011175037 0.009000981
v -0.015428993 -0.0127133345 0.009000981
v -0.015059539 -0.002737539 0.034149777
v -0.014135906 -0.014135969 0.009000981
v -0.013184759 -0.015032346 0.009000981
v -0.012469433 -0.0044898093 0.035902776
v -0.011176345 -0.005154862 0.03657139
v -0.012717046 -0.015425594 0.009000981
v -0.019830994 0.0025944514 0.009000981
v -0.019893881 0.0020450596 0.009000981
v -0.011176345 -0.01658221 0.009000981
v -0.010838334 -0.016801964 0.009000981
v -0.0095295245 -0.017582681 0.009000981
v -0.008252159 -0.018218815 0.009000981
v -0.0077805156 -0.018427007 0.009000981
v -0.0011775128 0.038784903 0.02896944
v -0.0031544832 0.03862876 0.029115524
v -0.0050882194 0.03832804 0.029390834
v -0.005500907 0.03562156 0.024210498
v -0.006758622 0.029722832 0.01831098
v -0.007414992 0.03122643 0.019822381
v -0.013184759 0.015028051 0.009000981
v -0.014135906 0.014137458 0.009000981
v -0.015032027 0.013183252 0.009000981
v -0.015428993 0.012714824 0.009000981
v 0.016579848 0.011176527 0.009000981
v 0.016780296 0.010875807 0.009000981
v 0.017582089 0.0095341345 0.009000981
v 0.018167712 0.008365955 0.009000981
v 0.018427117 0.007781865 0.009000981
v 0.01989314 -0.0020435704 0.009000981
v 0.019830255 -0.0025871797 0.009000981
v 0.019590503 -0.0040271636 0.009000981
v 0.016807808 -0.010833836 0.009000981
v 0.016579848 -0.011175037 0.009000981
v 0.0154282525 -0.0127133345 0.009000981
v 0.013180087 -0.015032346 0.009000981
v 0.0127163045 -0.015425594 0.009000981
v -0.015032027 -0.013181764 0.009000981
v -0.01978776 -0.0029052477 0.009000981
v -0.019893881 -0.0020435704 0.009000981
v -0.012717046 0.015427083 0.009000981
v -0.011176345 0.016577914 0.009000981
v -0.010873708 0.01678032 0.009000981
v -0.0095295245 0.017584167 0.009000981
v -0.008358278 0.01816826 0.009000981
v -0.0077805156 0.018422714 0.009000981
v -0.0059411074 0.019099332 0.009000981
v -0.0056895646 0.019174512 0.009000981
v -0.004027023 0.019590894 0.009000981
v -0.0029068706 0.019787516 0.009000981
v -0.0020421918 0.019891612 0.009000981
v 1.5947808e-06 0.019995708 0.009000981
v 0.002041451 0.019891612 0.009000981
v 0.0025917012 0.019828 0.009000981
v 0.004026282 0.019590894 0.009000981
v 0.005488375 0.019232344 0.009000981
v 0.005944297 0.019099332 0.009000981
v 0.0077797743 0.018422714 0.009000981
v 0.008255348 0.018214524 0.009000981
v 0.009528784 0.017584167 0.009000981
v 0.010837593 0.016803455 0.009000981
v 0.011175605 0.016577914 0.009000981
v 0.0127163045 0.015427083 0.009000981
v 0.0131840175 0.015028051 0.009000981
v 0.014139094 0.014137458 0.009000981
v 0.0150312865 0.013183252 0.009000981
v 0.0154282525 0.012714824 0.009000981
v 0.0127163045 -0.0043452326 0.035756692
v 0.019830255 0.004734187 0.026682675
v 0.01989314 0.0051216525 0.026294993
v 0.019916723 0.005300928 0.026120817
v 0.019252492 0.018578857 0.02010331
v 0.018214876 0.018295486 0.01835031
v 0.007414251 0.03122643 0.019822381
v 0.012893171 0.022060264 0.014585857
v 0.011855557 0.023812534 0.014872405
v 0.011187395 0.025576372 0.015692718
v 0.005504097 0.028415859 0.017007468
v 0.0038376248 0.027461652 0.01605231
v 0.002131849 0.026906475 0.015496069
v 0.0010431398 0.026715636 0.015305037
v -0.0011893039 0.026732985 0.015321892
v -0.0038383654 0.036569986 0.025165657
v -0.0019675149 0.037171427 0.025761228
v -0.0010517413 0.037321784 0.02591293
v -9.666418e-05 0.037379615 0.025974734
v 0.0011885631 0.037304435 0.025896072
v -0.0011696521 0.037304435 0.025896072
v -0.0021640328 0.02691226 0.015501686
v -0.0038383654 0.027461652 0.01605231
v -0.005500907 0.028415859 0.017007468
v 9.592339e-05 0.026652023 0.015243231
v -0.0032959762 0.027247678 0.015838802
v -0.00083950197 0.026692502 0.015282562
vn 0.04780481 0.4251381 0.9038652
vn 0.007359831 0.51398486 0.8577676
vn -0.0008741027 0.48946968 0.8720199
vn -0.0025622172 -0.08120834 0.9966938
vn 0 -0.08604169 0.9962915
vn 0.09879688 -0.0850283 0.99146825
vn 0.12937768 0.27556196 0.9525371
vn 0.10195576 -0.09050877 0.99066305
vn 0.19581756 -0.075797334 0.9777066
vn 0.23468803 0.121510826 0.9644463
vn 0.32836223 0.04162852 0.94363403
vn 0.33094674 0.043049216 0.9426669
vn 0.027738607 0.6919244 0.721437
vn 0.025883181 0.6943683 0.7191542
vn 0.011893621 0.70859176 0.7055185
vn -0.00010223932 0.70939046 0.70481557
vn -0.026743552 0.6930626 0.7203811
vn -0.29024982 0.031171769 0.9564431
vn -0.2842489 0.029426532 0.95829886
vn -0.19460335 0.11552348 0.9740554
vn -0.112329304 0.24777544 0.9622835
vn -0.04518548 0.3835828 0.9224004
vn -0.003559441 0.71120495 0.7029757
vn -0.012222146 0.7105988 0.70349115
vn -0.08229995 -0.07473757 0.99380136
vn -0.040938415 -0.5015223 0.86417556
vn 0 -0.47805318 0.87833095
vn -0.092908666 -0.089413196 0.99165183
vn -0.114494435 -0.4968368 0.8602583
vn 0.021857355 -0.5027651 0.86414677
vn 0.102304734 -0.50002795 0.85994524
vn 0.1246719 -0.46801835 0.87488043
vn 0.21380451 -0.10107493 0.97163343
vn 0.2832596 -0.07996299 0.9557039
vn 0.1776217 -0.49799734 0.8487927
vn 0.25634345 -0.48530596 0.83592236
vn 0.25918224 -0.478694 0.8388544
vn 0.31675592 -0.117404744 0.94121295
vn 0.36706674 -0.096662894 0.9251585
vn 0.43297565 -0.0530076 0.8998457
vn 0.41572648 -0.027609104 0.9090705
vn 0.41604966 -0.146516 0.8974607
vn 0.45500723 -0.1262307 0.88149554
vn 0.041847024 0.6810063 0.7310808
vn 0.53699523 -0.14036985 0.83182484
vn 0.67308754 -0.21209103 0.70849884
vn 0.7314507 -0.2630807 0.6291014
vn 0.76570874 -0.2677603 0.58480304
vn 0.82155013 -0.18175595 0.54038894
vn 0.78939587 0.095472 0.6064151
vn 0.6285474 0.39220664 0.6716413
vn 0.45797893 0.5627946 0.68812615
vn 0.43922377 0.576645 0.6888853
vn 0.114649534 0.7165202 0.68808
vn 0.2190123 0.7510983 0.6228042
vn 0.22997744 0.7589213 0.60921985
vn 0.25168926 0.7807533 0.5719063
vn 0.26598132 0.80839455 0.5251211
vn 0.2630448 0.8303925 0.49117804
vn 0.23932798 0.85145146 0.4666397
vn 0.20881322 0.8607417 0.46424225
vn 0.17227747 0.8620448 0.4766542
vn 0.13291016 0.8556766 0.5001525
vn 0.09521342 0.84285057 0.52965766
vn 0.07969072 0.8350703 0.5443407
vn 0.00057753274 0.74761933 0.6641273
vn -0.0029259513 0.7361096 0.67685604
vn -0.47775152 0.5096445 0.7155528
vn -0.64875406 0.29657713 0.7008282
vn -0.77421355 -0.020147959 0.63260376
vn -0.7713682 -0.27489066 0.5739566
vn -0.71245617 -0.33014122 0.6192036
vn -0.6616773 -0.31369326 0.68101364
vn -0.59882444 -0.2512545 0.7604476
vn -0.030299086 0.68910366 0.7240291
vn -0.042055335 0.71340036 0.6994936
vn -0.45359933 0.53132796 0.71549857
vn -0.04015677 0.6765371 0.7353128
vn -0.37334588 -0.047761407 0.92646194
vn -0.35955885 -0.16164823 0.9190143
vn -0.31785092 -0.11549835 0.9410797
vn -0.37617463 -0.052278686 0.9250727
vn -0.40139386 -0.14875537 0.90374476
vn -0.26640424 -0.12774865 0.955358
vn -0.23470527 -0.09089828 0.96780723
vn -0.17567252 -0.1015839 0.97919357
vn -0.1592197 -0.080882736 0.9839243
vn -0.005450644 0.74745464 0.6642905
vn -0.060382508 0.8205421 0.56838787
vn -0.10516637 0.8404192 0.531635
vn -0.13991676 0.8486681 0.510084
vn -0.1738767 0.84933186 0.4983998
vn -0.1998873 0.8421051 0.50090325
vn -0.2155675 0.8280384 0.5175743
vn -0.21916366 0.80678064 0.54870063
vn -0.20897056 0.7819119 0.5873202
vn -0.20382747 0.7758027 0.597147
vn -0.11595119 -0.4988129 0.8589184
vn -0.11986671 -0.6936704 0.7102487
vn -0.10369987 -0.70295423 0.7036347
vn -0.049220316 -0.7070723 0.70542616
vn -0.041291032 -0.7070365 0.7059705
vn 0.022053584 -0.70351297 0.7103401
vn 0.014844671 -0.7069012 0.7071566
vn -0.2112154 -0.47934607 0.8518306
vn -0.20503394 -0.48779762 0.8485367
vn 0.050961636 -0.70614886 0.70622706
vn 0.073510066 -0.70536816 0.7050191
vn 0.105623424 -0.7025821 0.70372015
vn 0.12032759 -0.7018405 0.7020976
vn 0.17360827 -0.69651884 0.69621956
vn 0.18401977 -0.6948953 0.695167
vn 0.30652162 -0.47559932 0.8245299
vn 0.37199065 -0.45720717 0.80782706
vn 0.21128601 -0.6910491 0.6912376
vn 0.26473907 -0.67448556 0.68918973
vn 0.273048 -0.6793402 0.6811327
vn 0.29678017 -0.6749619 0.67553526
vn 0.3134047 -0.67149174 0.6714732
vn 0.3999289 -0.49220002 0.7731727
vn 0.47021192 -0.4263507 0.77273923
vn 0.51841706 -0.18823591 0.8341529
vn 0.547231 -0.16932634 0.8196748
vn 0.5396599 -0.14446075 0.8293963
vn 0.4982456 -0.4480385 0.7423023
vn 0.5651585 -0.4158482 0.71250683
vn 0.631517 -0.22289652 0.74263287
vn 0.65813756 -0.2288671 0.71726906
vn 0.7124253 -0.28298053 0.64216214
vn 0.7275676 -0.3704585 0.5774131
vn 0.73607886 -0.38070008 0.55969226
vn 0.8023617 -0.36164913 0.47479004
vn 0.79442376 -0.2982694 0.52908057
vn 0.8356508 -0.2412839 0.49342662
vn 0.86284 -0.2723121 0.42585605
vn 0.9021357 -0.20116213 0.38168705
vn 0.94841605 -0.15705475 0.27539214
vn 0.9490999 -0.13860218 0.28284076
vn 0.92301613 -0.22981898 0.30858463
vn 0.92574656 -0.22991785 0.3002181
vn 0.9738721 -0.04125821 0.22331762
vn 0.97400486 -0.041471113 0.22269864
vn 0.98460335 0.04951068 0.16764541
vn 0.76610863 0.40500507 0.49904752
vn 0.98356116 0.13975525 0.11435027
vn 0.97627485 0.21291953 0.039404277
vn 0.5597047 0.67699873 0.4779157
vn 0.30754644 0.74500096 0.5919366
vn 0.9292778 0.35197058 -0.1120685
vn 0.89837635 0.41160792 -0.15329349
vn 0.8892134 0.42764395 -0.16254294
vn 0.83995867 0.49716318 -0.2174814
vn 0.7784549 0.56229013 -0.27899405
vn 0.8170344 0.52209985 -0.2446765
vn 0.77865636 0.5618916 -0.27923486
vn 0.6962133 0.6595767 -0.2832763
vn 0.7157001 0.62789035 -0.30582204
vn 0.6376323 0.70893955 -0.30137968
vn 0.59538156 0.76202345 -0.254639
vn 0.5511503 0.79154295 -0.2639943
vn 0.49516237 0.8447764 -0.20289662
vn 0.45847434 0.86405617 -0.2078663
vn 0.40857813 0.89965034 -0.15392548
vn 0.37305197 0.9144516 -0.15687808
vn 0.32927805 0.937868 -0.10945059
vn 0.28677228 0.95148975 -0.11148525
vn 0.25556627 0.96372354 -0.07696085
vn 0.2072271 0.97518826 -0.07787638
vn 0.18441953 0.981476 -0.051905163
vn 0.0846835 0.8750225 0.47661778
vn 0.08022354 0.9458859 0.31442642
vn 0.048812978 0.9847653 0.16689679
vn -0.032174814 0.9848691 0.1702868
vn -0.06230611 0.83488786 0.54688233
vn -0.9565283 -0.20428333 0.20813872
vn -0.6756554 0.4208363 0.6052987
vn -0.9820067 -0.104557894 0.1572593
vn -0.96845174 -0.17568108 0.17674096
vn -0.9593658 -0.19833787 0.20069747
vn -0.9569325 -0.20387565 0.20667596
vn -0.93577534 -0.2462002 0.25240862
vn -0.9153983 -0.26849657 0.29992598
vn -0.9143388 -0.27165076 0.30031708
vn -0.8741604 -0.33409947 0.35245028
vn -0.8708169 -0.33626267 0.3586159
vn -0.8586723 -0.33020392 0.39197844
vn -0.81548834 -0.36690897 0.44761205
vn -0.7799636 -0.32249004 0.5363366
vn -0.7385706 -0.36058587 0.56964123
vn -0.6829486 -0.43917117 0.5837036
vn -0.66537046 -0.4174763 0.6188665
vn -0.65059906 -0.32118335 0.68815845
vn -0.74276936 -0.39847016 0.53806627
vn -0.5908226 -0.25643405 0.76496416
vn -0.5764458 -0.2508005 0.77769494
vn -0.48015925 -0.15698731 0.8630192
vn -0.47197172 -0.1436004 0.86984
vn -0.30401856 0.7726027 0.55736697
vn -0.48797584 0.73422444 0.47201055
vn -0.7582996 0.5816241 0.2944404
vn -0.9497001 0.30311713 0.07867487
vn -0.98952955 0.14351767 0.015293968
vn -0.99357253 0.08633649 0.073208384
vn -0.9250712 0.2069804 0.31843746
vn -0.45528963 -0.20644744 0.8660778
vn -0.49840593 -0.4497447 0.7411621
vn -0.4395931 -0.47120944 0.76466954
vn -0.40614194 -0.45303378 0.79360515
vn -0.3931039 -0.4680764 0.79143775
vn -0.31331152 -0.48901263 0.81406546
vn -0.48977458 -0.19271243 0.850284
vn -0.3074573 -0.501071 0.8089486
vn -0.15947777 0.9854412 0.05892781
vn -0.1794444 0.9837674 -0.0011965468
vn -0.2627428 0.9648442 0.006475728
vn -0.33149776 0.93624085 -0.11645724
vn -0.3585865 0.92664355 -0.11290474
vn -0.41255224 0.89470714 -0.17117193
vn -0.44255435 0.88122517 -0.16609643
vn -0.50204 0.83336335 -0.23121713
vn -0.53697294 0.8134737 -0.22342934
vn -0.60107416 0.7424424 -0.2957855
vn -0.6408335 0.71342885 -0.28346387
vn -0.6899887 0.6379616 -0.34193653
vn -0.7451451 0.58619916 -0.31800842
vn -0.7679349 0.5380051 -0.34760115
vn -0.8269352 0.467367 -0.31264412
vn -0.8867327 0.3709455 -0.27587026
vn -0.88860214 0.37390733 -0.2656681
vn -0.8315886 0.45429793 -0.31948963
vn -0.21217853 -0.69055337 0.69145966
vn -0.1635156 -0.6979426 0.69723654
vn -0.14979263 -0.69913703 0.69912064
vn -0.11641277 -0.7022127 0.70238554
vn -0.1083042 -0.91840297 0.38053396
vn -0.10620103 -0.9186265 0.3805874
vn -0.047002222 -0.92283 0.38232893
vn -0.045005813 -0.9228668 0.3824807
vn 0.0167976 -0.9236725 0.38281462
vn 0.01807212 -0.70695215 0.7070304
vn -0.31496486 -0.65621006 0.6857007
vn -0.28289044 -0.6778999 0.67854613
vn -0.2388774 -0.68695784 0.68631375
vn 0.047106784 -0.9230962 0.38167334
vn 0.067013554 -0.92177445 0.38189158
vn 0.11194718 -0.9180439 0.38034603
vn 0.11660205 -0.9175976 0.38002464
vn 0.16008388 -0.91198456 0.37769997
vn 0.16035807 -0.9119397 0.377692
vn 0.22419345 -0.6891881 0.68902624
vn 0.20907792 -0.90347695 0.37418705
vn 0.34425896 -0.66467285 0.66309565
vn 0.36962596 -0.6569657 0.65709424
vn 0.40780973 -0.6280001 0.6628025
vn 0.24907011 -0.6849031 0.68474215
vn 0.23131852 -0.8988429 0.37225428
vn 0.2586517 -0.8924611 0.3696113
vn 0.2775159 -0.8875477 0.36775538
vn 0.31990263 -0.87528783 0.36267552
vn 0.32044792 -0.87510407 0.36263767
vn 0.43209076 -0.6371693 0.6382107
vn 0.4405882 -0.6345953 0.6349574
vn 0.50982594 -0.60813457 0.6084815
vn 0.582021 -0.4352522 0.6868821
vn 0.647935 -0.39347848 0.6521924
vn 0.6160457 -0.23566785 0.7516304
vn 0.51023865 -0.6082353 0.60803485
vn 0.5105057 -0.6081371 0.60790896
vn 0.5478361 -0.5916833 0.59142745
vn 0.558328 -0.58670187 0.5865584
vn 0.5913907 -0.56807023 0.5723227
vn 0.66749865 -0.41582304 0.61768645
vn 0.6743916 -0.51382446 0.5302644
vn 0.7014849 -0.5040265 0.5038614
vn 0.7322087 -0.48191556 0.48127723
vn 0.74208874 -0.4738312 0.47411835
vn 0.7421099 -0.4737966 0.47411984
vn 0.7894645 -0.4338715 0.43416744
vn 0.81584275 -0.3874501 0.429282
vn 0.8649651 -0.29126897 0.40865374
vn 0.8374061 -0.3767147 0.39602652
vn 0.88441116 -0.29376614 0.36265457
vn 0.9268897 -0.26297897 0.26780087
vn 0.927356 -0.26329917 0.26586515
vn 0.93674374 -0.24741407 0.24758333
vn 0.95047057 -0.21970399 0.21985428
vn 0.9572886 -0.20416717 0.20472918
vn 0.957728 -0.2031016 0.20373218
vn 0.9654524 -0.17406294 0.19391677
vn 0.98147935 -0.10753326 0.15854026
vn 0.97952676 -0.13891435 0.1457051
vn 0.8854809 -0.32780927 0.3293398
vn 0.88642967 -0.32726517 0.32732213
vn 0.89060366 -0.3217643 0.32139233
vn 0.9026232 -0.3044511 0.30427146
vn 0.9949848 -0.015910313 0.09875287
vn 0.9857797 0.047455557 0.16120267
vn 0.9850983 0.13071273 0.11178334
vn 0.9982279 0.048145607 0.034971695
vn 0.996535 0.083173625 0
vn 0.98208815 0.18842193 0
vn 0.97960925 0.2004887 0.0130342655
vn 0.95367455 0.29778206 -0.042786922
vn 0.953699 0.2900489 -0.07956064
vn 0.70811236 0.49973887 -0.49883664
vn 0.7096473 0.49978173 -0.49660748
vn 0.98226887 0.18341471 -0.038819984
vn 0.98510873 0.16840029 -0.034673322
vn 0.7586963 0.57774836 -0.30097625
vn 0.72045976 0.6093562 -0.33109316
vn 0.70777065 0.49980468 -0.49925554
vn 0.71450794 0.6131809 -0.3368793
vn 0.6941908 0.6279223 -0.35187024
vn 0.67739534 0.6396308 -0.36332896
vn 0.67280555 0.6428746 -0.36612144
vn 0.65153843 0.6591082 -0.37559843
vn 0.6171345 0.67976975 -0.39630553
vn 0.57791114 0.7046773 -0.41164145
vn 0.49978966 0.74493134 -0.4419137
vn 0.5361335 0.7245705 -0.43308008
vn 0.50660634 0.73912585 -0.44389513
vn 0.4115893 0.83492786 -0.3653626
vn 0.44648114 0.78130263 -0.436143
vn 0.32815897 0.8651337 -0.37928256
vn 0.24278411 0.9025825 -0.35552862
vn 0.31812587 0.84859765 -0.42270318
vn 0.27492574 0.8630143 -0.42381856
vn 0.16127849 0.9184349 -0.36120147
vn 0.135141 0.98946685 -0.051885583
vn 0.12188924 0.99188614 -0.036120284
vn 0.05674456 0.99830276 0.013098267
vn 0.08848221 0.99544585 -0.035476852
vn -0.031550758 0.9993663 0.016477972
vn -0.036601126 0.9980094 0.051357616
vn -0.9300711 -0.25968793 0.25986525
vn -0.94443005 -0.23246318 0.23240621
vn -0.93006825 -0.25981355 0.2597499
vn -0.99112153 -0.08593779 0.101453066
vn -0.99614096 -0.04347462 0.07624452
vn -0.9952883 -0.06448815 0.07240477
vn -0.9815557 -0.13508375 0.13528058
vn -0.96979743 -0.17222013 0.17272235
vn -0.96494806 -0.24246366 0.10043164
vn -0.95307225 -0.27969825 0.1158547
vn -0.9528292 -0.2804005 0.1161555
vn -0.9355961 -0.32619205 0.13512458
vn -0.92289954 -0.27217206 0.2723579
vn -0.9145277 -0.28579044 0.28629154
vn -0.9142219 -0.28629965 0.28675932
vn -0.8946572 -0.31611434 0.31569004
vn -0.8807228 -0.33428988 0.335526
vn -0.86718243 -0.35223648 0.3520286
vn -0.84968245 -0.3729637 0.3727436
vn -0.8481927 -0.37459308 0.37449858
vn -0.84819704 -0.3744131 0.37466875
vn -0.8250045 -0.39946818 0.3997409
vn -0.8007616 -0.42296648 0.42412278
vn -0.7985683 -0.42479452 0.4264251
vn -0.7979116 -0.42431706 0.42812607
vn -0.76955384 -0.4362189 0.46636873
vn -0.7377003 -0.47722507 0.47755057
vn -0.6962483 -0.50738883 0.50773495
vn -0.6865485 -0.5137762 0.5144757
vn -0.6164069 -0.54925334 0.5642369
vn -0.6098848 -0.44959632 0.65261304
vn -0.683531 -0.51596797 0.516297
vn -0.6490303 -0.5381419 0.5377386
vn -0.6421107 -0.5421924 0.5419606
vn -0.5843594 -0.42699403 0.69007266
vn -0.5550796 -0.26197436 0.7894658
vn -0.93338984 0.285296 -0.21769147
vn -0.93432707 0.28369445 -0.21575549
vn -0.964233 0.22216363 -0.14456156
vn -0.9351955 0.28084677 -0.21571831
vn -0.9382498 0.27443612 -0.21064667
vn -0.9559327 0.23367922 -0.17772657
vn -0.9603491 0.22244662 -0.1680687
vn -0.98262537 0.16267516 -0.08935442
vn -0.98436564 0.16093345 -0.07158701
vn -0.99419755 0.10303432 -0.030906377
vn -0.9944189 0.10227015 -0.02591922
vn -0.99133515 0.13130915 0.0035324045
vn -0.99524754 0.07537192 0.061656192
vn -0.9981339 0.049592398 0.035626426
vn -0.5245107 -0.48008758 0.70313895
vn -0.53112286 -0.5981431 0.6001111
vn -0.5108876 -0.6079145 0.6078106
vn -0.45556486 -0.6295629 0.6293737
vn -0.44993976 -0.6315757 0.63140017
vn -0.44927216 -0.63151026 0.631941
vn -0.40328345 -0.64683515 0.64727634
vn -0.40301996 -0.64701676 0.6472591
vn -0.39948985 -0.64818907 0.6482738
vn -0.34863344 -0.6630243 0.66246015
vn -0.34150526 -0.66455525 0.6646356
vn -0.032854766 0.9994334 0.007298382
vn -0.0867124 0.98846203 -0.12419175
vn -0.16548112 0.9790924 -0.11829622
vn -0.18394807 0.98242927 -0.031555507
vn -0.3275701 0.93225247 -0.15363339
vn -0.2504728 0.9543589 -0.16267334
vn -0.45284462 0.80474025 -0.38382918
vn -0.35974514 0.8670009 -0.3448085
vn -0.40139166 0.8072612 -0.4326825
vn -0.44464517 0.7836411 -0.4338171
vn -0.5284165 0.7680212 -0.36182776
vn -0.58196265 0.6732679 -0.45610294
vn -0.6234582 0.64782405 -0.43774882
vn -0.5700599 0.6865117 -0.45136824
vn -0.66040826 0.5823689 -0.47403312
vn -0.699892 0.58138096 -0.4149064
vn -0.6530474 0.5921205 -0.4721466
vn -0.7362979 0.5196566 -0.43338487
vn -0.7611405 0.49975854 -0.41340852
vn -0.77340066 0.48945242 -0.40284947
vn -0.79086787 0.47299927 -0.38832942
vn -0.8339201 0.42950705 -0.3465556
vn -0.8438294 0.41779336 -0.33675
vn -0.87183946 0.38297525 -0.30532908
vn -0.88744354 0.36169848 -0.28568888
vn -0.9052296 0.33381253 -0.26292312
vn -0.93244445 0.28628287 -0.22043005
vn -0.22189884 -0.90085626 0.37312055
vn -0.22153477 -0.90093946 0.3731361
vn -0.15454543 -0.91279596 0.37804666
vn -0.15121745 -0.91321355 0.37838382
vn -0.06853681 -0.4048007 -0.9118328
vn -0.04712654 -0.40764242 -0.9119248
vn -0.020895187 -0.41025007 -0.9117336
vn 0.020935431 -0.41024974 -0.9117329
vn -0.30868164 -0.6725348 0.6726161
vn -0.2878904 -0.6769633 0.67737716
vn -0.2690993 -0.889757 0.36867082
vn -0.26024956 -0.8920532 0.36947447
vn 0.05173944 -0.40716276 -0.9118891
vn 0.070972756 -0.40432543 -0.91185737
vn 0.22596133 -0.9000891 0.37253323
vn 0.09999714 -0.3983263 -0.9117767
vn 0.37952706 -0.6541652 0.6542377
vn 0.3562734 -0.86320114 0.35770518
vn 0.40584186 -0.6462198 0.6462913
vn 0.1142374 -0.39416885 -0.9119105
vn 0.14099318 -0.38577238 -0.9117569
vn 0.16855285 -0.37421015 -0.91189736
vn 0.38420352 -0.85298383 0.3532792
vn 0.3790581 -0.8549038 0.35419536
vn 0.44892207 -0.6320326 0.6316675
vn 0.4184568 -0.8391146 0.347535
vn 0.4211274 -0.8379263 0.34717602
vn 0.5922805 -0.56841 0.5710638
vn 0.6645461 -0.5271516 0.52961284
vn 0.4809101 -0.809997 0.33560416
vn 0.48159656 -0.8096338 0.33549654
vn 0.5130786 -0.7929575 0.3285862
vn 0.57369894 -0.5792381 0.5790964
vn 0.5256393 -0.7859358 0.32558903
vn 0.54560083 -0.77418023 0.32088122
vn 0.5923049 -0.56965697 0.5697946
vn 0.66452324 -0.5283092 0.5284868
vn 0.67137694 -0.5242029 0.52389354
vn 0.6980244 -0.50649023 0.50619125
vn 0.6694234 -0.6863429 0.28426343
vn 0.70286536 -0.65718657 0.2721877
vn 0.7043671 -0.6557759 0.2717074
vn 0.73419076 -0.627236 0.25988242
vn 0.75952834 -0.46021467 0.45969462
vn 0.7887576 -0.43476167 0.43456155
vn 0.7894607 -0.43407613 0.43396983
vn 0.8208972 -0.40386108 0.40376216
vn 0.83253056 -0.39132386 0.3921207
vn 0.84294266 -0.3793718 0.3814769
vn 0.84539634 -0.3768129 0.37857226
vn 0.90375257 -0.3027701 0.30259144
vn 0.9147314 -0.2854196 0.28601077
vn 0.90260303 -0.39767724 0.1648048
vn 0.9296465 -0.3403814 0.14106035
vn 0.9391626 -0.24313772 0.24260597
vn 0.9298878 -0.3398388 0.14077772
vn 0.9507096 -0.2864756 0.11867208
vn 0.95077896 -0.28628072 0.11858636
vn 0.96708983 -0.23506619 0.097371705
vn 0.97076154 -0.19793421 0.13580859
vn 0.9715535 -0.16741896 0.16749537
vn 0.9798855 -0.13940954 0.142791
vn 0.9717111 -0.16696142 0.16703764
vn 0.9798863 -0.13953052 0.14266743
vn 0.99453086 -0.072281405 0.07539037
vn 0.99796605 -0.029502925 0.056509484
vn 0.86016244 -0.36091676 0.36036026
vn 0.8418033 -0.49868587 0.20659073
vn 0.8748377 -0.44753313 0.18539967
vn 0.88025385 -0.43853608 0.1812159
vn 0.8902483 -0.42080382 0.17430413
vn 0.99971795 -0.012977524 0.019891957
vn 0.9997742 -0.013533196 0.016382646
vn 0.99989223 -0.008868836 0.011696818
vn 0.9953147 0.095836684 -0.0128016565
vn 0.98256874 0.18587947 -0.0027446097
vn 0.990363 0.13649815 -0.023439245
vn 0.9998861 -0.0094235195 0.011790743
vn 0.99993944 -0.010169518 0.004211379
vn 0.99510306 0.05172901 -0.084225595
vn 0.9779104 0.11963037 -0.17140551
vn 0.9581683 0.16870564 -0.23119654
vn 0.92481077 0.23133402 -0.3020093
vn 0.90383446 0.26525635 -0.33574137
vn 0.88882476 0.28724343 -0.3570458
vn 0.7086458 0.49783662 -0.4999798
vn 0.7072972 0.49979055 -0.49994
vn 0.7070744 0.5097498 -0.49010286
vn 0.70714533 0.49989796 -0.50004745
vn 0.70714587 0.49989748 -0.50004727
vn 0.7063724 0.5147703 -0.4858492
vn 0.68336904 0.6145632 -0.394105
vn 0.7066876 0.50035447 -0.500238
vn 0.7007611 0.512686 -0.49607158
vn 0.7068682 0.50009376 -0.5002436
vn 0.38786343 0.8102668 -0.43935147
vn 0.4592458 0.7260094 -0.511863
vn 0.4313233 0.7242554 -0.53797245
vn 0.005378712 0.70742345 -0.7067695
vn 0.0026326196 0.70743114 -0.7067772
vn 0.7055873 0.50149107 -0.5006528
vn 0.24598625 0.8675496 -0.43225977
vn 0.17978106 0.8847577 -0.42997965
vn 0.17294326 0.88671094 -0.42875904
vn 0.14252631 0.8953839 -0.42186978
vn 0.00058917224 0.70822066 -0.7059909
vn 0.0007958383 0.70849943 -0.7057108
vn 0.0058405423 0.7140484 -0.7000719
vn 0.012623254 0.72047186 -0.69336927
vn 0.00027203388 0.7071829 -0.7070306
vn 0.06050217 0.94878286 -0.3100814
vn 0.13920999 0.8956626 -0.42238513
vn 0.10633073 0.9009395 -0.42071557
vn 0.007190676 0.9508551 -0.30955264
vn -0.92964154 -0.26059565 0.2604929
vn -0.92927027 -0.34160012 0.14059165
vn -0.9189143 -0.36440447 0.15101594
vn -0.9925831 -0.08506392 0.08684973
vn -0.9865803 -0.11542751 0.115480185
vn -0.9824509 -0.13186036 0.13192055
vn -0.9954457 -0.065229446 0.06951998
vn -0.99833053 0.05244247 0.024208117
vn -0.99979395 0.016502015 -0.01182608
vn -1 0 0
vn -0.99856704 -0.037905026 0.037776176
vn -0.97962195 -0.18556745 0.076847605
vn -0.96501833 -0.24223292 0.100314036
vn -0.39830738 -0.09998065 -0.9117868
vn -0.39375082 -0.115554236 -0.9119252
vn -0.38552463 -0.141719 -0.9117492
vn -0.90215814 -0.3985377 0.16516139
vn -0.9021408 -0.398571 0.16517632
vn -0.8795092 -0.4396252 0.18219003
vn -0.87893814 -0.44062248 0.1825368
vn -0.8496306 -0.48722425 0.20184252
vn -0.8408088 -0.5003172 0.20669562
vn -0.83027154 -0.51492316 0.21331479
vn -0.81252366 -0.5385455 0.2231007
vn -0.8334073 -0.3908259 0.39075223
vn -0.8109673 -0.54055786 0.2238956
vn -0.7770318 -0.5815506 0.24087451
vn -0.7769546 -0.5816418 0.24090306
vn -0.7402421 -0.62116945 0.2572745
vn -0.7653475 -0.45524055 0.45497176
vn -0.73769146 -0.47753567 0.4772537
vn -0.7288942 -0.48459607 0.48361152
vn -0.7009469 -0.6589332 0.27291113
vn -0.65666294 -0.6967857 0.28858852
vn -0.6544339 -0.6985233 0.2894505
vn -0.63868463 -0.54425704 0.54393584
vn -0.59912515 -0.56631595 0.5659817
vn -0.5892398 -0.5718306 0.5707943
vn -0.5553818 -0.58785623 0.5881973
vn -0.61972755 -0.7250351 0.3004363
vn -0.6134641 -0.7296299 0.3021621
vn -0.60769033 -0.73374265 0.30386537
vn -0.9788418 0.163631 -0.122856304
vn -0.9836177 0.14476086 -0.10742633
vn -0.38539642 0.14211875 -0.91174114
vn -0.39385903 0.11520328 -0.9119229
vn -0.39885873 0.09750167 -0.9118142
vn -0.4049814 0.06769986 -0.9118151
vn -0.99000907 0.1133222 -0.0839042
vn -0.9953801 0.07759645 -0.056543987
vn -0.99805593 0.04996012 -0.037260696
vn -0.5274046 -0.78486764 0.32531095
vn -0.5149069 -0.79199237 0.32805327
vn -0.4826601 -0.80914104 0.33515647
vn -0.48113105 -0.8098851 0.33555773
vn -0.41860297 -0.8390053 0.34762305
vn -0.4394138 -0.7466134 0.49948373
vn -0.44572905 -0.63322765 0.63273084
vn -0.41796905 -0.8392871 0.34770542
vn -0.3776136 -0.8554564 0.35440412
vn -0.3727982 -0.8572247 0.35522854
vn -0.32512897 -0.87362915 0.36202645
vn -0.31932572 -0.8755805 0.3624777
vn -0.28303248 -0.88605964 0.3671388
vn -0.008433899 0.935548 -0.35309872
vn -0.09760738 0.93205625 -0.34891838
vn -0.099600285 0.92995846 -0.3539168
vn -0.18688859 0.9192871 -0.34638682
vn -0.19327922 0.9122869 -0.3610758
vn -0.27517983 0.8952927 -0.350324
vn -0.27906403 0.89078027 -0.35865554
vn -0.5514952 0.6970146 -0.4582835
vn -0.5674205 0.6841429 -0.45823866
vn -0.28594908 0.8584777 -0.42573383
vn -0.39248183 0.8107918 -0.43425208
vn -0.0026243923 0.70743126 -0.7067773
vn -0.005378712 0.70742345 -0.7067695
vn -0.582394 0.6702973 -0.45991156
vn -0.00835945 0.70709205 -0.707072
vn -0.55026966 0.59043336 -0.59041667
vn -0.5524506 0.5900124 -0.58879846
vn -0.6152258 0.57777494 -0.5363518
vn -0.66721797 0.56543046 -0.48487988
vn -0.67256194 0.5640069 -0.47912076
vn -0.71467555 0.53501874 -0.45054814
vn -0.32894453 0.24625362 -0.9116769
vn -0.34315264 0.22531094 -0.9118559
vn -0.35246226 0.2107993 -0.9117753
vn -0.36798263 0.18219419 -0.9118081
vn -0.37577975 0.1650703 -0.91188896
vn -0.11493318 -0.39395472 -0.9119156
vn -0.098043665 -0.39872527 -0.9118144
vn 0.34161162 0.22770558 -0.9118397
vn 0.35258043 0.2107041 -0.9117515
vn 0.36707512 0.18401954 -0.9118074
vn 0.37512818 0.16660123 -0.9118788
vn 0.3856927 0.14140084 -0.91172737
vn 0.3938118 0.11557525 -0.9118962
vn 0.39846408 0.099672735 -0.911752
vn 0.40435082 0.071193844 -0.9118289
vn 0.40749642 0.04985016 -0.9118452
vn 0.41034818 0.021331353 -0.9116794
vn 0.41034868 -0.021271128 -0.9116806
vn 0.4077673 -0.047170684 -0.9118666
vn 0.40508312 -0.067444466 -0.9117889
vn 0.399038 -0.09685703 -0.9118045
vn 0.39296338 -0.1183218 -0.91190994
vn 0.38582027 -0.14100282 -0.91173506
vn 0.37501344 -0.16676755 -0.9118955
vn 0.36755878 -0.1831152 -0.9117946
vn 0.3533395 -0.20932612 -0.91177505
vn 0.3413207 -0.22803985 -0.91186506
vn 0.3289402 -0.24625038 -0.91167927
vn 0.31321698 -0.26543236 -0.91183376
vn 0.2999799 -0.28048456 -0.9117787
vn 0.28043386 -0.30002737 -0.91177875
vn 0.26551417 -0.31313896 -0.9118366
vn 0.24667048 -0.32858384 -0.9116943
vn 0.22816858 -0.34115666 -0.9118943
vn 0.20964217 -0.35310084 -0.91179484
vn 0.18323052 -0.36742467 -0.9118255
vn -0.1407233 -0.38585883 -0.911762
vn -0.16570503 -0.37539345 -0.9119329
vn -0.18301868 -0.36750394 -0.9118361
vn -0.21036676 -0.35266283 -0.9117975
vn -0.22371422 -0.34410173 -0.91189134
vn -0.24664612 -0.32855156 -0.91171247
vn -0.2641705 -0.31419444 -0.9118639
vn -0.28163317 -0.2988408 -0.91179883
vn -0.29934645 -0.2811247 -0.9117898
vn -0.31317803 -0.2654004 -0.9118565
vn -0.32889706 -0.24621809 -0.9117035
vn -0.3415199 -0.22764198 -0.9118899
vn -0.35290605 -0.2099943 -0.9117894
vn -0.36702144 -0.1839925 -0.9118345
vn -0.37540868 -0.16584091 -0.91190195
vn -0.40434015 -0.070825525 -0.91186225
vn -0.4073832 -0.05017155 -0.9118781
vn -0.4103555 -0.02048336 -0.9116956
vn -0.41035503 0.020541357 -0.91169447
vn -0.40776363 0.046674974 -0.9118938
vn -0.31322607 0.26544207 -0.9118277
vn -0.2993958 0.28117085 -0.9117593
vn -0.280739 0.2998269 -0.91175073
vn -0.26649636 0.31236592 -0.9118154
vn -0.24592547 0.3292382 -0.91165936
vn -0.22823958 0.34126192 -0.91183716
vn -0.2108104 0.35251498 -0.9117523
vn -0.18325803 0.3674765 -0.911799
vn -0.16546096 0.37569407 -0.91185343
vn -0.14184058 0.38559827 -0.9116991
vn -0.117533274 0.39325193 -0.9118875
vn -0.09979179 0.3984513 -0.91174453
vn -0.07098663 0.4044099 -0.9118188
vn -0.049074013 0.40763447 -0.9118256
vn -0.020905342 0.41044733 -0.9116446
vn 0.020945609 0.410447 -0.91164386
vn 0.047149487 0.40784496 -0.91183305
vn 0.06697465 0.40522233 -0.91176164
vn 0.09781965 0.39888725 -0.91176766
vn 0.114959255 0.39404595 -0.9118729
vn 0.14211223 0.38551095 -0.9116937
vn 0.16463381 0.37607592 -0.9118457
vn 0.18219905 0.36807594 -0.9117695
vn 0.21042697 0.35276574 -0.9117439
vn 0.22789413 0.34153897 -0.9118199
vn 0.24594964 0.3292704 -0.9116412
vn 0.2665247 0.31239915 -0.91179574
vn 0.28013802 0.30042127 -0.91173995
vn 0.30002925 0.28053045 -0.91174847
vn 0.3132654 0.26547432 -0.9118049
vn 0.3289876 0.24628584 -0.91165257
vn 0.5976819 -0.56722933 0.56659263
vn 0.6521956 -0.53626066 0.5357847
vn 0.56676143 -0.7610963 0.3154582
vn 0.5699189 -0.759175 0.31439766
vn 0.62294656 -0.72267693 0.29945913
vn 0.64192075 -0.70836365 0.29352808
vn 0.6536511 -0.6993216 0.28929156
vn 0.7369394 -0.6245125 0.25865915
vn 0.7646119 -0.5954397 0.24661784
vn 0.7771294 -0.58177227 0.24002282
vn 0.7980625 -0.5567103 0.23058586
vn 0.81032175 -0.54138356 0.2242376
vn 0.81175387 -0.5395349 0.22351222
vn 0.84179467 -0.49869856 0.206595
vn 0.90105253 -0.40069523 0.16597481
vn 0.9671796 -0.23475985 0.097219266
vn 0.9841257 -0.16396913 0.067903265
vn 0.9863994 -0.11627378 0.11617476
vn 0.99348277 -0.08066928 0.08052589
vn 0.99452424 -0.07381142 0.0739828
vn 0.99557763 -0.06642368 0.06643037
vn 0.9989427 -0.032506533 0.032509807
vn 0.99977434 -0.013585378 0.016329251
vn 0.9987601 -0.045993064 0.019046554
vn 0.9984425 -0.051755995 0.020828214
vn 0.86570334 0.31737983 -0.38707593
vn 0.7089058 0.49742875 -0.50001717
vn 0.70875174 0.49765277 -0.5000128
vn 0.82629395 0.366972 -0.42728192
vn 0.797618 0.39985603 -0.4515757
vn 0.7523426 0.4496048 -0.48149344
vn 0.7227317 0.48174638 -0.49555966
vn 0.7148139 0.49009883 -0.49884284
vn 0.7096285 0.4952208 -0.5011823
vn 0.7071404 0.4970854 -0.5028505
vn 0.16715164 0.6617129 -0.7308874
vn 0.23167183 0.68787897 -0.6878595
vn 0.35357535 0.7061085 -0.6135105
vn 0.70634544 0.50007737 -0.50099784
vn 0.7061464 0.5001151 -0.50124055
vn 0.7043471 0.5007905 -0.5030946
vn 0.1880049 0.6280032 -0.7551596
vn 0.18379757 0.6299977 -0.75453377
vn 0.15767004 0.6429466 -0.7495065
vn 0.15229331 0.64614093 -0.74786943
vn 0.70477355 0.49800003 -0.5052627
vn 0.00835945 0.70709205 -0.707072
vn 0.108520485 0.6565911 -0.746399
vn 0.0778526 0.6655932 -0.74224293
vn 0.0032864022 0.7045826 -0.70961434
vn 0.0012037493 0.705935 -0.7082757
vn 0.00026524448 0.7067074 -0.70750576
vn 0.00015185919 0.706815 -0.7073983
vn 8.814511e-06 0.7070054 -0.70720816
vn 0.08437859 0.80281967 -0.5902211
vn -0.026967637 0.7324208 -0.6803179
vn -0.17607278 0.8850833 -0.43084323
vn -0.12263881 0.8936589 -0.4316636
vn -0.0017019012 0.7153647 -0.6987492
vn -0.0003740697 0.7123699 -0.70180416
vn -1.4796606e-05 0.7070035 -0.7072102
vn -0.0009690789 0.707257 -0.70695597
vn -0.0010061145 0.7378961 -0.6749136
vn 0.015202715 0.90108764 -0.4333704
vn 0.05552616 0.89994514 -0.432453
vn 0.0067711934 0.72630423 -0.6873401
vn 0.086052276 0.8994595 -0.4284477
vn -0.0088803405 0.90401036 -0.42741838
vn -0.99853903 -0.04992048 0.02068296
vn -0.9913321 -0.12137452 0.050287664
vn -0.9987518 -0.0355878 0.03504849
vn -0.991233 -0.122076 0.050543763
vn -0.9842821 -0.16317098 0.06755853
vn -0.9825227 -0.17210172 0.07092305
vn -0.9985437 -0.04984335 0.020641027
vn -0.73695976 -0.6245298 0.25855926
vn -0.7013055 -0.6586165 0.27275437
vn -0.5700156 -0.7593043 0.3139096
vn -0.5583899 -0.7663588 0.31763938
vn -0.02658325 0.9012386 -0.43250704
vn -0.07030659 0.89862204 -0.43305367
vn -0.07657705 0.8981997 -0.43286625
vn -0.10249813 0.89857864 -0.426674
vn -0.19793116 0.88285583 -0.42589766
vn -0.24561796 0.8670676 -0.43343458
vn -0.000623275 0.706436 -0.7077766
vn -0.0013522451 0.70583886 -0.70837116
vn -0.003316517 0.7045629 -0.70963365
vn -0.07746789 0.66568625 -0.7421999
vn -0.080042824 0.66487825 -0.7426507
vn -0.114996746 0.655132 -0.7467113
vn -0.16124675 0.64383215 -0.74798375
vn -0.19086722 0.638618 -0.74547756
vn -0.23208317 0.63092506 -0.7403183
vn -0.25299457 0.6287102 -0.73533475
vn -0.27531737 0.62513316 -0.7303484
vn -0.30916896 0.61995983 -0.7211549
vn -0.3662597 0.6124546 -0.7005378
vn -0.4066926 0.6080881 -0.68178433
vn -0.4500337 0.6024921 -0.65914565
vn -0.50861925 0.5961653 -0.6212033
vn 0.6725433 0.5034772 -0.5423987
vn 0.7017729 0.49874413 -0.5086936
vn 0.7107646 0.4941862 -0.5005933
vn 0.9948859 -0.09331197 0.038660843
vn 0.99237615 -0.113859765 0.047174163
vn 0.9922529 -0.1147839 0.047527973
vn 0.9841481 -0.16385719 0.06784748
vn 0.6166906 -0.7273046 0.30119914
vn -0.03446882 0.6767509 -0.73540485
vn 0.001656932 0.6840417 -0.72944105
vn 0.008272022 0.6834735 -0.72992843
vn 0.016415806 0.6820683 -0.7311042
vn 0.033717074 0.6770305 -0.7351822
vn 0.034534 0.6767266 -0.73542404
vn -0.033846386 0.67698246 -0.7352205
vn -0.019325284 0.6812319 -0.73181254
vn -0.015563836 0.68218744 -0.7310117
vn -0.008978613 0.68334043 -0.73004466
vn -0.0028718861 0.68393975 -0.7295328
vn -0.0010673603 0.6840627 -0.7294224
vn 0.076971754 0.66580254 -0.7421471
vn 0.22371024 0.6068631 -0.76267356
vn 0.25882113 0.59123206 -0.763843
vn 0.28676748 0.57932335 -0.7629867
vn 0.33570492 0.5627852 -0.7553641
vn 0.3697495 0.55413413 -0.7458021
vn 0.4069079 0.5447565 -0.73325735
vn 0.45767254 0.5364471 -0.7090561
vn 0.4945922 0.5304034 -0.6885135
vn 0.55785054 0.5215958 -0.64555454
vn 0.6076508 0.51494914 -0.6046386
vn 0.643138 0.50949144 -0.57165724
vn -9.2120644e-07 0.69684964 -0.7172172
vn -1.7284934e-07 0.6968184 -0.7172476
vn -0.031720735 0.79902697 -0.60045785
vn -0.006167144 0.69844586 -0.7156364
f 192//367 193//367 194//367
f 192//368 194//368 195//368
f 192//369 195//369 196//369
f 192//370 196//370 197//370
f 192//371 197//371 198//371
f 192//372 198//372 193//372
f 193//373 199//373 194//373
f 193//374 198//374 200//374
f 193//375 200//375 199//375
f 194//376 199//376 201//376
f 194//377 201//377 202//377
f 194//378 202//378 203//378
f 194//379 203//379 204//379
f 194//380 204//380 205//380
f 194//381 205//381 206//381
f 194//382 206//382 195//382
f 195//383 207//383 208//383
f 195//384 208//384 209//384
f 195//385 209//385 210//385
f 195//386 210//386 211//386
f 195//387 211//387 212//387
f 195//388 212//388 196//388
f 195//389 206//389 213//389
f 195//390 213//390 207//390
f 196//391 212//391 197//391
f 197//392 214//392 215//392
f 197//393 215//393 198//393
f 197//394 212//394 216//394
f 197//395 216//395 214//395
f 198//396 215//396 217//396
f 198//397 217//397 218//397
f 198//398 218//398 200//398
f 199//399 200//399 219//399
f 199//400 219//400 201//400
f 200//401 218//401 220//401
f 200//402 220//402 221//402
f 200//403 221//403 219//403
f 201//404 219//404 222//404
f 201//405 222//405 202//405
f 202//406 223//406 204//406
f 202//407 204//407 203//407
f 202//408 222//408 224//408
f 202//409 224//409 223//409
f 204//410 225//410 205//410
f 204//411 223//411 225//411
f 205//412 225//412 226//412
f 205//413 226//413 227//413
f 205//414 227//414 228//414
f 205//415 228//415 229//415
f 205//416 229//416 230//416
f 205//417 230//417 231//417
f 205//418 231//418 232//418
f 205//419 232//419 233//419
f 205//420 233//420 206//420
f 206//421 233//421 234//421
f 206//422 234//422 235//422
f 206//423 235//423 236//423
f 206//424 236//424 237//424
f 206//425 237//425 238//425
f 206//426 238//426 239//426
f 206//427 239//427 240//427
f 206//428 240//428 241//428
f 206//429 241//429 242//429
f 206//430 242//430 243//430
f 206//431 243//431 244//431
f 206//432 244//432 245//432
f 206//433 245//433 213//433
f 207//434 246//434 247//434
f 207//435 247//435 248//435
f 207//436 248//436 249//436
f 207//437 249//437 250//437
f 207//438 250//438 251//438
f 207//439 251//439 252//439
f 207//440 252//440 253//440
f 207//441 253//441 208//441
f 207//442 213//442 254//442
f 207//443 254//443 246//443
f 208//444 253//444 255//444
f 208//445 255//445 209//445
f 209//446 256//446 257//446
f 209//447 257//447 210//447
f 209//448 255//448 258//448
f 209//449 258//449 256//449
f 210//450 257//450 259//450
f 210//451 259//451 211//451
f 211//452 259//452 216//452
f 211//453 216//453 212//453
f 213//454 245//454 244//454
f 213//455 244//455 260//455
f 213//456 260//456 261//456
f 213//457 261//457 262//457
f 213//458 262//458 263//458
f 213//459 263//459 264//459
f 213//460 264//460 265//460
f 213//461 265//461 266//461
f 213//462 266//462 267//462
f 213//463 267//463 254//463
f 214//464 216//464 268//464
f 214//465 268//465 269//465
f 214//466 269//466 270//466
f 214//467 270//467 271//467
f 214//468 271//468 215//468
f 215//469 272//469 217//469
f 215//470 271//470 272//470
f 216//471 259//471 273//471
f 216//472 273//472 268//472
f 217//473 272//473 274//473
f 217//474 274//474 275//474
f 217//475 275//475 218//475
f 218//476 275//476 276//476
f 218//477 276//477 277//477
f 218//478 277//478 220//478
f 219//479 221//479 278//479
f 219//480 278//480 222//480
f 220//481 277//481 279//481
f 220//482 279//482 221//482
f 221//483 279//483 280//483
f 221//484 280//484 281//484
f 221//485 281//485 278//485
f 222//486 278//486 282//486
f 222//487 282//487 224//487
f 223//488 224//488 283//488
f 223//489 283//489 284//489
f 223//490 284//490 225//490
f 224//491 282//491 285//491
f 224//492 285//492 283//492
f 225//493 284//493 286//493
f 225//494 286//494 226//494
f 226//495 286//495 227//495
f 227//496 286//496 287//496
f 227//497 287//497 288//497
f 227//498 288//498 289//498
f 227//499 289//499 228//499
f 228//500 289//500 229//500
f 229//501 289//501 290//501
f 229//502 290//502 230//502
f 230//503 291//503 292//503
f 230//504 292//504 231//504
f 230//505 290//505 293//505
f 230//506 293//506 291//506
f 231//507 292//507 232//507
f 232//508 292//508 294//508
f 232//509 294//509 295//509
f 232//510 295//510 233//510
f 233//511 295//511 296//511
f 233//512 296//512 297//512
f 233//513 297//513 298//513
f 233//514 298//514 234//514
f 234//515 298//515 299//515
f 234//516 299//516 300//516
f 234//517 300//517 235//517
f 235//518 300//518 236//518
f 236//519 301//519 237//519
f 236//520 300//520 302//520
f 236//521 302//521 301//521
f 237//522 303//522 238//522
f 237//523 301//523 303//523
f 238//524 303//524 304//524
f 238//525 304//525 239//525
f 239//526 304//526 305//526
f 239//527 305//527 240//527
f 240//528 305//528 306//528
f 240//529 306//529 241//529
f 241//530 306//530 307//530
f 241//531 307//531 242//531
f 242//532 307//532 308//532
f 242//533 308//533 243//533
f 243//534 308//534 309//534
f 243//535 309//535 310//535
f 243//536 310//536 244//536
f 244//537 310//537 311//537
f 244//538 311//538 312//538
f 244//539 312//539 313//539
f 244//540 313//540 260//540
f 246//541 314//541 247//541
f 246//542 254//542 315//542
f 246//543 315//543 316//543
f 246//544 316//544 317//544
f 246//545 317//545 318//545
f 246//546 318//546 314//546
f 247//547 314//547 319//547
f 247//548 319//548 248//548
f 248//549 319//549 320//549
f 248//550 320//550 321//550
f 248//551 321//551 322//551
f 248//552 322//552 249//552
f 249//553 322//553 323//553
f 249//554 323//554 250//554
f 250//555 323//555 251//555
f 251//556 324//556 325//556
f 251//557 325//557 326//557
f 251//558 326//558 252//558
f 251//559 323//559 324//559
f 252//560 326//560 253//560
f 253//561 326//561 327//561
f 253//562 327//562 258//562
f 253//563 258//563 255//563
f 254//564 267//564 328//564
f 254//565 328//565 329//565
f 254//566 329//566 330//566
f 254//567 330//567 331//567
f 254//568 331//568 332//568
f 254//569 332//569 333//569
f 254//570 333//570 315//570
f 256//571 258//571 334//571
f 256//572 334//572 335//572
f 256//573 335//573 336//573
f 256//574 336//574 257//574
f 257//575 336//575 337//575
f 257//576 337//576 259//576
f 258//577 327//577 334//577
f 259//578 337//578 273//578
f 260//579 313//579 338//579
f 260//580 338//580 339//580
f 260//581 339//581 261//581
f 261//582 339//582 340//582
f 261//583 340//583 262//583
f 262//584 340//584 341//584
f 262//585 341//585 263//585
f 263//586 341//586 342//586
f 263//587 342//587 264//587
f 264//588 342//588 343//588
f 264//589 343//589 265//589
f 265//590 343//590 344//590
f 265//591 344//591 266//591
f 266//592 344//592 345//592
f 266//593 345//593 267//593
f 267//594 346//594 347//594
f 267//595 347//595 328//595
f 267//596 345//596 346//596
f 268//597 273//597 348//597
f 268//598 348//598 349//598
f 268//599 349//599 269//599
f 269//600 349//600 270//600
f 270//601 349//601 350//601
f 270//602 350//602 351//602
f 270//603 351//603 352//603
f 270//604 352//604 271//604
f 271//605 352//605 274//605
f 271//606 274//606 272//606
f 273//607 337//607 353//607
f 273//608 353//608 354//608
f 273//609 354//609 348//609
f 274//610 352//610 355//610
f 274//611 355//611 275//611
f 275//612 355//612 276//612
f 276//613 355//613 356//613
f 276//614 356//614 357//614
f 276//615 357//615 277//615
f 277//616 358//616 279//616
f 277//617 357//617 358//617
f 278//618 281//618 359//618
f 278//619 359//619 360//619
f 278//620 360//620 282//620
f 279//621 358//621 280//621
f 280//622 358//622 361//622
f 280//623 361//623 362//623
f 280//624 362//624 281//624
f 281//625 362//625 363//625
f 281//626 363//626 359//626
f 282//627 360//627 364//627
f 282//628 364//628 365//628
f 282//629 365//629 285//629
f 283//630 285//630 366//630
f 283//631 366//631 286//631
f 283//632 286//632 284//632
f 285//633 365//633 367//633
f 285//634 367//634 368//634
f 285//635 368//635 369//635
f 285//636 369//636 370//636
f 285//637 370//637 366//637
f 286//638 366//638 287//638
f 287//639 366//639 371//639
f 287//640 371//640 372//640
f 287//641 372//641 373//641
f 287//642 373//642 374//642
f 287//643 374//643 288//643
f 288//644 374//644 375//644
f 288//645 375//645 289//645
f 289//646 376//646 290//646
f 289//647 375//647 376//647
f 290//648 376//648 293//648
f 291//649 293//649 377//649
f 291//650 377//650 378//650
f 291//651 378//651 379//651
f 291//652 379//652 380//652
f 291//653 380//653 381//653
f 291//654 381//654 382//654
f 291//655 382//655 292//655
f 292//656 383//656 294//656
f 292//657 382//657 383//657
f 293//658 376//658 384//658
f 293//659 384//659 385//659
f 293//660 385//660 386//660
f 293//661 386//661 377//661
f 294//662 383//662 387//662
f 294//663 387//663 295//663
f 295//664 387//664 296//664
f 296//665 387//665 388//665
f 296//666 388//666 389//666
f 296//667 389//667 390//667
f 296//668 390//668 297//668
f 297//669 390//669 298//669
f 298//670 390//670 299//670
f 299//671 391//671 302//671
f 299//672 302//672 300//672
f 299//673 390//673 392//673
f 299//674 392//674 391//674
f 301//675 302//675 393//675
f 301//676 393//676 303//676
f 302//677 391//677 393//677
f 303//678 393//678 394//678
f 303//679 394//679 395//679
f 303//680 395//680 396//680
f 303//681 396//681 397//681
f 303//682 397//682 304//682
f 304//683 397//683 398//683
f 304//684 398//684 305//684
f 305//685 399//685 306//685
f 305//686 398//686 400//686
f 305//687 400//687 399//687
f 306//688 401//688 307//688
f 306//689 399//689 401//689
f 307//690 401//690 308//690
f 308//691 402//691 309//691
f 308//692 401//692 403//692
f 308//693 403//693 402//693
f 309//694 402//694 404//694
f 309//695 404//695 310//695
f 310//696 404//696 311//696
f 311//697 405//697 312//697
f 311//698 404//698 405//698
f 312//699 405//699 338//699
f 312//700 338//700 313//700
f 314//701 406//701 319//701
f 314//702 318//702 407//702
f 314//703 407//703 406//703
f 315//704 408//704 316//704
f 315//705 333//705 409//705
f 315//706 409//706 408//706
f 316//707 408//707 410//707
f 316//708 410//708 317//708
f 317//709 410//709 411//709
f 317//710 411//710 412//710
f 317//711 412//711 318//711
f 318//712 412//712 407//712
f 319//713 406//713 413//713
f 319//714 413//714 320//714
f 320//715 413//715 414//715
f 320//716 414//716 415//716
f 320//717 415//717 321//717
f 321//718 415//718 416//718
f 321//719 416//719 417//719
f 321//720 417//720 418//720
f 321//721 418//721 322//721
f 322//722 418//722 419//722
f 322//723 419//723 420//723
f 322//724 420//724 421//724
f 322//725 421//725 323//725
f 323//726 421//726 324//726
f 324//727 421//727 422//727
f 324//728 422//728 423//728
f 324//729 423//729 325//729
f 325//730 424//730 425//730
f 325//731 425//731 326//731
f 325//732 423//732 426//732
f 325//733 426//733 427//733
f 325//734 427//734 424//734
f 326//735 425//735 334//735
f 326//736 334//736 327//736
f 328//737 347//737 428//737
f 328//738 428//738 329//738
f 329//739 429//739 330//739
f 329//740 428//740 430//740
f 329//741 430//741 431//741
f 329//742 431//742 432//742
f 329//743 432//743 429//743
f 330//744 429//744 433//744
f 330//745 433//745 331//745
f 331//746 433//746 434//746
f 331//747 434//747 435//747
f 331//748 435//748 332//748
f 332//749 435//749 333//749
f 333//750 435//750 409//750
f 334//751 425//751 335//751
f 335//752 425//752 436//752
f 335//753 436//753 437//753
f 335//754 437//754 438//754
f 335//755 438//755 439//755
f 335//756 439//756 336//756
f 336//757 439//757 337//757
f 337//758 439//758 440//758
f 337//759 440//759 441//759
f 337//760 441//760 442//760
f 337//761 442//761 353//761
f 338//762 405//762 443//762
f 338//763 443//763 444//763
f 338//764 444//764 445//764
f 338//765 445//765 339//765
f 339//766 446//766 340//766
f 339//767 445//767 446//767
f 340//768 447//768 341//768
f 340//769 446//769 448//769
f 340//770 448//770 449//770
f 340//771 449//771 447//771
f 341//772 447//772 342//772
f 342//773 450//773 451//773
f 342//774 451//774 343//774
f 342//775 447//775 450//775
f 343//776 452//776 453//776
f 343//777 453//777 344//777
f 343//778 451//778 452//778
f 344//779 453//779 454//779
f 344//780 454//780 455//780
f 344//781 455//781 345//781
f 345//782 455//782 456//782
f 345//783 456//783 346//783
f 346//784 456//784 457//784
f 346//785 457//785 458//785
f 346//786 458//786 347//786
f 347//787 458//787 430//787
f 347//788 430//788 428//788
f 348//789 354//789 459//789
f 348//790 459//790 460//790
f 348//791 460//791 350//791
f 348//792 350//792 349//792
f 350//793 460//793 461//793
f 350//794 461//794 351//794
f 351//795 461//795 352//795
f 352//796 461//796 355//796
f 353//797 442//797 462//797
f 353//798 462//798 354//798
f 354//799 462//799 463//799
f 354//800 463//800 459//800
f 355//801 461//801 356//801
f 356//802 461//802 357//802
f 357//803 361//803 358//803
f 357//804 461//804 361//804
f 359//805 464//805 360//805
f 359//806 363//806 464//806
f 360//807 464//807 364//807
f 361//808 461//808 362//808
f 362//809 461//809 363//809
f 363//810 461//810 465//810
f 363//811 465//811 364//811
f 363//812 364//812 464//812
f 364//813 367//813 365//813
f 364//814 465//814 466//814
f 364//815 466//815 367//815
f 366//816 370//816 467//816
f 366//817 467//817 371//817
f 367//818 466//818 468//818
f 367//819 468//819 368//819
f 368//820 468//820 369//820
f 369//821 469//821 370//821
f 369//822 468//822 470//822
f 369//823 470//823 469//823
f 370//824 469//824 467//824
f 371//825 467//825 471//825
f 371//826 471//826 472//826
f 371//827 472//827 372//827
f 372//828 472//828 473//828
f 372//829 473//829 474//829
f 372//830 474//830 373//830
f 373//831 474//831 475//831
f 373//832 475//832 374//832
f 374//833 475//833 476//833
f 374//834 476//834 375//834
f 375//835 476//835 477//835
f 375//836 477//836 478//836
f 375//837 478//837 376//837
f 376//838 478//838 384//838
f 377//839 386//839 479//839
f 377//840 479//840 378//840
f 378//841 479//841 480//841
f 378//842 480//842 380//842
f 378//843 380//843 379//843
f 380//844 480//844 481//844
f 380//845 481//845 381//845
f 381//846 481//846 482//846
f 381//847 482//847 483//847
f 381//848 483//848 484//848
f 381//849 484//849 382//849
f 382//850 485//850 383//850
f 382//851 484//851 483//851
f 382//852 483//852 485//852
f 383//853 485//853 486//853
f 383//854 486//854 387//854
f 384//855 478//855 385//855
f 385//856 478//856 487//856
f 385//857 487//857 386//857
f 386//858 487//858 488//858
f 386//859 488//859 479//859
f 387//860 486//860 388//860
f 388//861 486//861 489//861
f 388//862 489//862 391//862
f 388//863 391//863 389//863
f 389//864 392//864 390//864
f 389//865 391//865 392//865
f 391//866 489//866 490//866
f 391//867 490//867 491//867
f 391//868 491//868 492//868
f 391//869 492//869 493//869
f 391//870 493//870 494//870
f 391//871 494//871 495//871
f 391//872 495//872 496//872
f 391//873 496//873 497//873
f 391//874 497//874 498//874
f 391//875 498//875 393//875
f 393//876 397//876 394//876
f 393//877 498//877 499//877
f 393//878 499//878 397//878
f 394//879 397//879 395//879
f 395//880 397//880 396//880
f 397//881 500//881 400//881
f 397//882 400//882 398//882
f 397//883 499//883 500//883
f 399//884 403//884 401//884
f 399//885 400//885 501//885
f 399//886 501//886 502//886
f 399//887 502//887 503//887
f 399//888 503//888 403//888
f 400//889 500//889 501//889
f 402//890 403//890 504//890
f 402//891 504//891 505//891
f 402//892 505//892 506//892
f 402//893 506//893 404//893
f 403//894 507//894 508//894
f 403//895 508//895 509//895
f 403//896 509//896 506//896
f 403//897 506//897 504//897
f 403//898 503//898 507//898
f 404//899 510//899 405//899
f 404//900 506//900 509//900
f 404//901 509//901 510//901
f 405//902 510//902 443//902
f 406//903 407//903 413//903
f 407//904 412//904 511//904
f 407//905 511//905 413//905
f 408//906 512//906 513//906
f 408//907 513//907 514//907
f 408//908 514//908 410//908
f 408//909 409//909 512//909
f 409//910 435//910 434//910
f 409//911 434//911 515//911
f 409//912 515//912 516//912
f 409//912 516//912 517//912
f 409//913 517//913 512//913
f 410//914 514//914 518//914
f 410//915 518//915 411//915
f 411//916 518//916 461//916
f 411//917 461//917 412//917
f 412//918 461//918 511//918
f 413//919 511//919 519//919
f 413//920 519//920 414//920
f 414//921 519//921 415//921
f 415//922 519//922 520//922
f 415//923 520//923 416//923
f 416//924 520//924 521//924
f 416//925 521//925 417//925
f 417//926 521//926 419//926
f 417//927 419//927 418//927
f 419//928 521//928 522//928
f 419//929 522//929 420//929
f 420//930 522//930 523//930
f 420//931 523//931 524//931
f 420//932 524//932 421//932
f 421//933 524//933 422//933
f 422//934 524//934 423//934
f 423//935 524//935 525//935
f 423//936 525//936 526//936
f 423//937 526//937 426//937
f 424//938 427//938 527//938
f 424//939 527//939 425//939
f 425//940 527//940 528//940
f 425//941 528//941 436//941
f 426//942 526//942 427//942
f 427//943 526//943 529//943
f 427//944 529//944 527//944
f 429//945 432//945 530//945
f 429//946 530//946 433//946
f 430//947 458//947 461//947
f 430//948 461//948 431//948
f 431//949 461//949 432//949
f 432//950 461//950 530//950
f 433//951 530//951 531//951
f 433//952 531//952 434//952
f 434//953 531//953 515//953
f 436//954 528//954 532//954
f 436//955 532//955 533//955
f 436//956 533//956 534//956
f 436//957 534//957 437//957
f 437//958 534//958 440//958
f 437//959 440//959 438//959
f 438//960 440//960 439//960
f 440//961 534//961 535//961
f 440//962 535//962 536//962
f 440//963 536//963 441//963
f 441//964 536//964 442//964
f 442//965 536//965 463//965
f 442//966 463//966 462//966
f 443//967 510//967 537//967
f 443//968 537//968 444//968
f 444//969 537//969 538//969
f 444//970 538//970 445//970
f 445//971 538//971 539//971
f 445//972 539//972 446//972
f 446//973 539//973 448//973
f 447//974 449//974 452//974
f 447//975 452//975 450//975
f 448//976 539//976 540//976
f 448//977 540//977 449//977
f 449//978 540//978 541//978
f 449//979 541//979 452//979
f 450//980 452//980 451//980
f 452//981 541//981 542//981
f 452//982 542//982 543//982
f 452//983 543//983 544//983
f 452//984 544//984 545//984
f 452//985 545//985 546//985
f 452//986 546//986 453//986
f 453//987 546//987 454//987
f 454//988 546//988 461//988
f 454//989 461//989 455//989
f 455//990 461//990 456//990
f 456//991 461//991 457//991
f 457//992 461//992 458//992
f 459//993 463//993 461//993
f 459//994 461//994 460//994
f 461//995 547//995 548//995
f 461//996 548//996 549//996
f 461//997 549//997 550//997
f 461//998 550//998 551//998
f 461//999 551//999 496//999
f 461//1000 496//1000 495//1000
f 461//1001 495//1001 494//1001
f 461//1002 494//1002 493//1002
f 461//1003 493//1003 492//1003
f 461//1004 492//1004 491//1004
f 461//1005 491//1005 552//1005
f 461//1006 552//1006 553//1006
f 461//1007 553//1007 554//1007
f 461//1008 554//1008 482//1008
f 461//1009 482//1009 481//1009
f 461//1010 481//1010 480//1010
f 461//1011 480//1011 488//1011
f 461//1012 488//1012 487//1012
f 461//1013 487//1013 555//1013
f 461//1014 555//1014 556//1014
f 461//1015 556//1015 557//1015
f 461//1016 557//1016 474//1016
f 461//1017 474//1017 473//1017
f 461//1018 473//1018 558//1018
f 461//1019 558//1019 559//1019
f 461//1020 559//1020 470//1020
f 461//1021 470//1021 468//1021
f 461//1022 468//1022 466//1022
f 461//1023 466//1023 465//1023
f 461//1024 463//1024 536//1024
f 461//1025 536//1025 535//1025
f 461//1026 535//1026 534//1026
f 461//1027 534//1027 533//1027
f 461//1028 533//1028 532//1028
f 461//1029 532//1029 529//1029
f 461//1030 529//1030 526//1030
f 461//1031 526//1031 525//1031
f 461//1032 525//1032 560//1032
f 461//1033 560//1033 523//1033
f 461//1034 523//1034 522//1034
f 461//1035 522//1035 521//1035
f 461//1036 521//1036 520//1036
f 461//1037 520//1037 519//1037
f 461//1038 519//1038 511//1038
f 461//1039 518//1039 561//1039
f 461//1040 561//1040 562//1040
f 461//1041 562//1041 515//1041
f 461//1042 515//1042 531//1042
f 461//1043 531//1043 530//1043
f 461//1044 546//1044 545//1044
f 461//1045 545//1045 544//1045
f 461//1046 544//1046 543//1046
f 461//1047 543//1047 563//1047
f 461//1048 563//1048 564//1048
f 461//1049 564//1049 565//1049
f 461//1050 565//1050 566//1050
f 461//1051 566//1051 567//1051
f 461//1052 567//1052 568//1052
f 461//1053 568//1053 569//1053
f 461//1054 569//1054 570//1054
f 461//1055 570//1055 571//1055
f 461//1056 571//1056 572//1056
f 461//1057 572//1057 573//1057
f 461//1058 573//1058 574//1058
f 461//1059 574//1059 575//1059
f 461//1060 575//1060 576//1060
f 461//1061 576//1061 577//1061
f 461//1062 577//1062 578//1062
f 461//1063 578//1063 579//1063
f 461//1064 579//1064 580//1064
f 461//1065 580//1065 581//1065
f 461//1066 581//1066 582//1066
f 461//1067 582//1067 583//1067
f 461//1068 583//1068 584//1068
f 461//1069 584//1069 585//1069
f 461//1070 585//1070 586//1070
f 461//1071 586//1071 587//1071
f 461//1072 587//1072 588//1072
f 461//1073 588//1073 589//1073
f 461//1074 589//1074 547//1074
f 467//1075 469//1075 590//1075
f 467//1076 590//1076 471//1076
f 469//1077 470//1077 590//1077
f 470//1078 559//1078 590//1078
f 471//1079 590//1079 558//1079
f 471//1080 558//1080 472//1080
f 472//1081 558//1081 473//1081
f 474//1082 557//1082 475//1082
f 475//1083 557//1083 476//1083
f 476//1084 557//1084 556//1084
f 476//1085 556//1085 477//1085
f 477//1086 556//1086 555//1086
f 477//1087 555//1087 478//1087
f 478//1088 555//1088 487//1088
f 479//1089 488//1089 480//1089
f 482//1090 554//1090 483//1090
f 483//1091 554//1091 591//1091
f 483//1092 591//1092 485//1092
f 485//1093 591//1093 592//1093
f 485//1094 592//1094 486//1094
f 486//1095 592//1095 593//1095
f 486//1096 593//1096 490//1096
f 486//1097 490//1097 489//1097
f 490//1098 593//1098 491//1098
f 491//1099 593//1099 552//1099
f 496//1100 551//1100 497//1100
f 497//1101 594//1101 595//1101
f 497//1102 595//1102 498//1102
f 497//1103 551//1103 550//1103
f 497//1104 550//1104 549//1104
f 497//1105 549//1105 548//1105
f 497//1106 548//1106 547//1106
f 497//1107 547//1107 594//1107
f 498//1108 595//1108 547//1108
f 498//1109 547//1109 499//1109
f 500//1110 503//1110 596//1110
f 500//1111 596//1111 502//1111
f 500//1112 502//1112 501//1112
f 500//1113 499//1113 597//1113
f 500//1114 597//1114 598//1114
f 500//1115 598//1115 599//1115
f 500//1116 599//1116 579//1116
f 500//1117 579//1117 578//1117
f 500//1118 578//1118 577//1118
f 500//1119 577//1119 503//1119
f 499//1120 547//1120 597//1120
f 502//1121 596//1121 503//1121
f 503//1122 577//1122 576//1122
f 503//1123 576//1123 600//1123
f 503//1124 600//1124 601//1124
f 503//1125 601//1125 602//1125
f 503//1126 602//1126 603//1126
f 503//1127 603//1127 604//1127
f 503//1128 604//1128 507//1128
f 504//1129 506//1129 505//1129
f 507//1130 540//1130 605//1130
f 507//1131 605//1131 538//1131
f 507//1132 538//1132 606//1132
f 507//1133 606//1133 607//1133
f 507//1134 607//1134 508//1134
f 507//1135 604//1135 541//1135
f 507//1136 541//1136 540//1136
f 508//1137 607//1137 608//1137
f 508//1138 608//1138 510//1138
f 508//1139 510//1139 609//1139
f 508//1140 609//1140 509//1140
f 509//1141 609//1141 510//1141
f 510//1142 608//1142 537//1142
f 512//1143 516//1143 562//1143
f 512//1144 562//1144 513//1144
f 512//1145 517//1145 516//1145
f 513//1146 562//1146 561//1146
f 513//1147 561//1147 514//1147
f 514//1148 561//1148 518//1148
f 515//1149 562//1149 516//1149
f 523//1150 560//1150 524//1150
f 524//1151 560//1151 525//1151
f 527//1152 529//1152 532//1152
f 527//1153 532//1153 528//1153
f 537//1154 608//1154 607//1154
f 537//1155 607//1155 610//1155
f 537//1156 610//1156 606//1156
f 537//1157 606//1157 538//1157
f 538//1158 605//1158 539//1158
f 539//1159 605//1159 540//1159
f 541//1160 604//1160 611//1160
f 541//1161 611//1161 612//1161
f 541//1162 612//1162 613//1162
f 541//1163 613//1163 573//1163
f 541//1164 573//1164 572//1164
f 541//1165 572//1165 571//1165
f 541//1166 571//1166 570//1166
f 541//1167 570//1167 569//1167
f 541//1168 569//1168 568//1168
f 541//1169 568//1169 542//1169
f 542//1170 568//1170 567//1170
f 542//1171 567//1171 566//1171
f 542//1172 566//1172 565//1172
f 542//1173 565//1173 564//1173
f 542//1174 564//1174 563//1174
f 542//1175 563//1175 543//1175
f 547//1176 589//1176 598//1176
f 547//1177 598//1177 597//1177
f 547//1178 595//1178 594//1178
f 552//1179 593//1179 592//1179
f 552//1180 592//1180 591//1180
f 552//1181 591//1181 553//1181
f 553//1182 591//1182 554//1182
f 558//1183 590//1183 559//1183
f 573//1184 613//1184 574//1184
f 574//1185 614//1185 603//1185
f 574//1186 603//1186 602//1186
f 574//1187 602//1187 601//1187
f 574//1188 601//1188 600//1188
f 574//1189 600//1189 575//1189
f 574//1190 613//1190 612//1190
f 574//1191 612//1191 615//1191
f 574//1192 615//1192 611//1192
f 574//1193 611//1193 604//1193
f 574//1194 604//1194 616//1194
f 574//1195 616//1195 614//1195
f 575//1196 600//1196 576//1196
f 579//1197 599//1197 580//1197
f 580//1198 599//1198 581//1198
f 581//1199 599//1199 582//1199
f 582//1200 599//1200 583//1200
f 583//1201 599//1201 584//1201
f 584//1202 599//1202 585//1202
f 585//1203 599//1203 586//1203
f 586//1204 599//1204 587//1204
f 587//1205 599//1205 588//1205
f 588//1206 599//1206 589//1206
f 589//1207 599//1207 598//1207
f 603//1208 614//1208 616//1208
f 603//1209 616//1209 604//1209
f 606//1210 610//1210 607//1210
f 611//1211 615//1211 612//1211
o geometry3
v 0.00083320145 0.039079443 0.029829033
v 0.006889954 0.044151843 0.044434443
v 0.0118991975 0.044030994 0.044557624
v 0.014929812 0.04384508 0.04475072
v 0.0153819425 0.043798603 0.044794
v 0.017047215 0.043578602 0.04501373
v 0.0062498096 0.038428735 0.031503644
v 0.007977752 0.038001128 0.03187319
v 0.0096475 0.037468173 0.032339286
v 0.011245623 0.036839157 0.032901928
v 0.013188439 0.034189858 0.034699723
v -0.012699366 0.034478027 0.034323517
v -0.0068977755 0.038255215 0.030980952
v -0.0030927202 0.0389493 0.030381687
v -0.015550919 0.04388536 0.04470744
v -0.013984132 0.043987617 0.04460756
v -0.0101298345 0.044114657 0.044477724
v -0.0025465828 0.044189025 0.044404477
v 0.003237101 0.043417476 0.045696225
v 0.009517681 0.043327615 0.04576614
v 0.017647069 0.042800855 0.04651855
v 0.019124325 0.04252508 0.046934705
v 0.018649813 0.043256346 0.045336667
v 0.020167358 0.042819444 0.04577613
v 0.012763169 0.036110986 0.033571105
v 0.014168801 0.035274364 0.034366798
v 0.015440137 0.034329295 0.035288997
v 0.016559273 0.033291265 0.036314406
v 0.017508298 0.032178868 0.037423044
v 0.018282738 0.0310045 0.03859494
v 0.016899489 0.030446753 0.038748085
v 0.01746801 0.029312668 0.039860055
v 0.017893277 0.028147595 0.041001987
v 0.018166348 0.026960833 0.04217721
v 0.014253856 0.017311808 0.051622286
v -0.013303698 0.016503073 0.052398004
v -0.018250272 0.027171537 0.04219053
v -0.01973648 0.027357453 0.042213835
v -0.019418646 0.028702244 0.04086882
v -0.018917274 0.030025344 0.039547104
v -0.018232364 0.031305064 0.038265347
v -0.017350487 0.032525912 0.037046842
v -0.016276117 0.033669293 0.035911568
v -0.015018212 0.034710422 0.03488283
v -0.013594673 0.0356369 0.033993922
v -0.012045791 0.036448732 0.03324484
v -0.01039395 0.03715831 0.032608956
v -0.020134892 0.042952687 0.045646288
v -0.018863555 0.04338339 0.045213487
v -0.017466877 0.04367156 0.044923842
v -0.01840695 0.04281635 0.04652521
v -0.0070052124 0.04338649 0.0457162
v -0.01954399 0.042515785 0.04695801
v 0.015511761 0.026387593 0.063204736
v 0.019464541 0.028767314 0.059778944
v 0.022848804 0.03311774 0.053882845
v 0.022804037 0.035069857 0.051938564
v 0.021774434 0.039249863 0.048269734
v 0.020435952 0.04060705 0.04546984
v 0.018891547 0.029783655 0.039813444
v 0.019343678 0.028528722 0.041061915
v 0.019764472 0.025021113 0.04457094
v 0.018296167 0.024878576 0.044287954
v 0.018130533 0.023527589 0.0456929
v 0.019186996 0.02206815 0.04750734
v 0.018560283 0.020652093 0.048918936
v 0.017691836 0.019304205 0.050263952
v 0.016590606 0.018058568 0.05151908
v 0.015278982 0.016939975 0.052654356
v 0.013783819 0.01596392 0.053676434
v 0.012131978 0.015105607 0.054595307
v 0.010336887 0.014355747 0.0554143
v 0.008403024 0.013720535 0.05611677
v 0.005609665 0.014222507 0.05514463
v -0.0010021782 0.013330112 0.05577053
v -0.009180808 0.013866169 0.055900373
v -0.010980376 0.014488987 0.055204555
v -0.01266803 0.015226453 0.05440221
v -0.014230341 0.016078565 0.053496655
v -0.015649404 0.01706082 0.05248456
v -0.016889405 0.018179413 0.051355947
v -0.017923482 0.019412655 0.050124127
v -0.018742688 0.020732656 0.048809074
v -0.01933359 0.022111531 0.047434095
v -0.019714098 0.023530688 0.04602582
v -0.01839352 0.024959141 0.044427782
v -0.019884206 0.024974633 0.044590916
v -0.019866299 0.02635041 0.043222595
v -0.022753663 0.033818025 0.05068677
v -0.021204785 0.040706202 0.045915958
v -0.022288106 0.038472116 0.049454946
v -0.022655182 0.037474368 0.050490342
v -0.022883486 0.03636197 0.05161563
v -0.02051092 0.027980272 0.061363667
v 0.00792851 0.026341114 0.06320807
v 0.01570873 0.02494055 0.0635643
v 0.017450102 0.025049001 0.06338119
v 0.019567505 0.026799707 0.061500166
v 0.0118141435 0.026303932 0.06325801
v 0.00805833 0.024974633 0.0638373
v 0.011952916 0.02489717 0.06377737
v 0.022293713 0.030976614 0.05564069
v 0.019585408 0.023536885 0.046049125
v 0.022575736 0.03366 0.050530292
v 0.020561293 0.025981678 0.058577087
v 0.018748298 0.025049001 0.0618231
v 0.006294575 0.013187577 0.056699388
v -0.0011543804 0.01253997 0.05739853
v -0.0032538755 0.012685604 0.05723207
v -0.0052996525 0.012958281 0.05692245
v -0.0072827577 0.013354901 0.056476332
v 0.0038280038 0.0127537735 0.057158828
v 0.001213707 0.012536872 0.05739853
v -0.017583266 0.025538579 0.06285517
v -0.0199424 0.025640832 0.059955396
v -0.021612149 0.029579148 0.057255372
v -0.022015035 0.030837176 0.056023553
v -0.019082904 0.027354356 0.06187304
v -0.01721619 0.02685858 0.062242586
v -0.015107742 0.025169846 0.06314814
v 0.020028587 0.027044496 0.060371548
v -0.012251712 0.02494055 0.06327465
vn 0.031026354 0.94014 -0.33937323
vn 0.08040683 0.9249922 -0.3713815
vn 0.13214615 0.9012414 -0.41267583
vn 0.17485867 0.8774343 -0.4466918
vn 0.25793925 0.8160589 -0.51721877
vn 0.3043436 0.57076013 -0.76263213
vn 0.28039855 0.039739996 -0.9590607
vn 0.21088476 -0.29718602 -0.93124014
vn 0.1533794 -0.47538862 -0.8663027
vn 0.0025216318 -0.7025289 -0.71165067
vn -0.05135242 -0.61644053 -0.7857251
vn -0.13495882 -0.11031147 -0.98469156
vn -0.08530438 0.9168201 -0.3900821
vn -0.08468536 0.91712534 -0.38949904
vn -0.04270204 0.9345728 -0.3532
vn -0.012465069 0.942714 -0.33336917
vn 0.004767066 0.94402707 -0.3298337
vn 0.0017869433 0.86201817 0.5068742
vn 0.006492065 0.85597414 0.51697785
vn 0.0078782365 0.85716593 0.51498026
vn 0.008038816 0.8575231 0.5143829
vn 0.023021618 0.87587935 0.4819807
vn 0.031513892 0.8810461 0.47197947
vn 0.049215287 0.89382535 0.44570637
vn 0.062871166 0.90216154 0.42679238
vn 0.106042705 0.91572815 0.38755238
vn 0.2680623 0.8092636 -0.5227189
vn 0.30952537 0.7767281 -0.548532
vn 0.3760152 0.72256655 -0.5800951
vn 0.39026785 0.7086688 -0.5877751
vn 0.46662763 0.6332041 -0.61750394
vn 0.15420234 -0.4748766 -0.8664375
vn 0.54361755 0.55135787 -0.6328384
vn 0.21488349 -0.45890176 -0.8621104
vn 0.2495415 -0.4831972 -0.8391958
vn 0.24475421 -0.53494716 -0.80865747
vn 0.2146216 -0.59149367 -0.77722114
vn 0.18027048 -0.6326762 -0.75314236
vn 0.17431207 -0.6382063 -0.749872
vn 0.15316811 -0.65163606 -0.7429064
vn 0.11094942 -0.67470723 -0.7296988
vn 0.06892651 -0.69391865 -0.71674687
vn 0.035861503 -0.7064522 -0.70685166
vn 0.002382662 -0.70796037 -0.70624816
vn -0.06907326 -0.70620716 -0.7046278
vn -0.09797687 -0.6937857 -0.7134857
vn -0.10268086 -0.6911915 -0.71533966
vn -0.124130234 -0.6773322 -0.7251295
vn -0.14680913 -0.6596742 -0.73707324
vn -0.18135174 -0.62599343 -0.75844824
vn -0.21950428 -0.5757619 -0.7876015
vn -0.24960622 -0.51110893 -0.82247454
vn -0.25199643 -0.43984368 -0.861995
vn -0.22786687 -0.42517346 -0.87595904
vn 0.00096034043 -0.7090721 -0.7051354
vn -0.3220391 -0.23240563 -0.91775733
vn -0.4895446 0.49847457 -0.7154502
vn -0.48404437 0.60617775 -0.6310701
vn -0.43243992 0.6689284 -0.6045913
vn -0.2748508 0.8074428 -0.5220087
vn -0.23097005 0.8349884 -0.49944675
vn -0.14823674 0.888174 -0.43494007
vn -0.04901963 0.892703 0.44797164
vn -0.027154393 0.87973046 0.4746967
vn -0.011616479 0.86504346 0.5015624
vn -0.006011447 0.85532427 0.5180582
vn -0.0034582128 0.85819846 0.51330644
vn -0.0015776952 0.85539085 0.51798064
vn 0.005253328 0.84205776 0.53936183
vn 0.006293037 0.8498506 0.52698606
vn -0.0014032878 0.826613 0.56276906
vn -0.0010746628 0.822683 0.56849945
vn 0.0001562997 0.8122695 0.5832823
vn 0.21354343 0.6694973 0.711458
vn 0.35648176 0.6422835 0.67852247
vn 0.43646595 0.63992316 0.6324522
vn 0.4833241 0.63969433 0.59765285
vn 0.15553775 0.9149126 0.3724823
vn 0.00025379192 0.7099647 0.7042373
vn 0.50988555 0.63498 0.58035964
vn 0.91854405 0.16147031 -0.3608383
vn 0.8543161 0.17163682 -0.4905963
vn 0.83360887 0.196829 -0.5160955
vn 0.7750957 0.27255163 -0.57003695
vn 0.70783955 0.35802525 -0.608918
vn 0.6281327 0.45504856 -0.63117355
vn 0.88152325 0.12775074 -0.45452893
vn 0.91385984 0.080068685 -0.39805666
vn 0.91826457 0.068704836 -0.38996142
vn 0.1891007 -0.64483774 -0.7405573
vn 0.17654333 -0.6425699 -0.7456114
vn 0.19118597 -0.6505877 -0.73497176
vn 0.20181318 -0.6532676 -0.7297348
vn 0.20434807 -0.6646554 -0.7186619
vn 0.23280387 -0.6737166 -0.7013617
vn 0.20089118 -0.6911758 -0.6942037
vn 0.052315913 -0.7093087 -0.7029538
vn 0.11692909 -0.7227196 -0.68117833
vn 0.14378989 -0.7285511 -0.6697296
vn 0.1477365 -0.7302736 -0.6669891
vn 0.18517607 -0.7513499 -0.6333901
vn 0.22461368 -0.78301936 -0.5800253
vn 0.23703553 -0.814839 -0.52900994
vn 0.2032189 -0.8393128 -0.5042382
vn 0.14916117 -0.84203315 -0.51839286
vn 0.09758214 -0.8312781 -0.5472244
vn 0.05916349 -0.816008 -0.57500505
vn 0.055098284 -0.8137975 -0.57853085
vn 0.055061158 -0.8137591 -0.57858825
vn 0.0018826481 -0.72488993 -0.6888622
vn -0.06326809 -0.83165854 -0.55167127
vn -0.08491601 -0.84147614 -0.5335796
vn -0.13499185 -0.8545546 -0.50151134
vn -0.18447407 -0.8544203 -0.48573172
vn -0.21717665 -0.834886 -0.5057663
vn -0.21099052 -0.8002466 -0.5613273
vn -0.17896363 -0.76634634 -0.6169969
vn -0.14528844 -0.74208534 -0.6543705
vn -0.11746904 -0.72600627 -0.677581
vn -0.092277765 -0.7137319 -0.69431365
vn -0.08085881 -0.708988 -0.7005697
vn -0.07250079 -0.7068498 -0.7036383
vn -0.08430832 -0.70581007 -0.70336634
vn -0.09478477 -0.70138747 -0.7064499
vn -0.09842864 -0.69791037 -0.70938915
vn -0.9608955 -0.12409894 -0.2475468
vn -0.95467883 -0.06489277 -0.29047748
vn -0.94798297 -0.007250664 -0.31823823
vn -0.93728894 0.007056723 -0.34848195
vn -0.90379244 0.059177533 -0.42385998
vn -0.86030865 0.12928005 -0.4931082
vn -0.80800635 0.21431701 -0.54881144
vn -0.76019466 0.2923989 -0.58017844
vn -0.74279654 0.31227142 -0.59223306
vn -0.66012883 0.41113973 -0.6286447
vn -0.575884 0.5068512 -0.641451
vn -0.4981149 0.59076065 -0.63473094
vn -0.90307474 0.42945018 -0.005338184
vn -0.65344316 0.647432 0.39222935
vn -0.5579155 0.6788187 0.47742584
vn -0.17725246 0.90702367 0.38195506
vn -0.101714425 0.90598744 0.41090262
vn -0.07049078 0.896502 0.437396
vn -0.44095737 0.68141645 0.5841474
vn -0.32502657 0.6765272 0.6608093
vn -0.0054693217 0.70409995 0.7100798
vn -0.004011093 0.70534444 0.7088533
vn 0.08573478 0.25123742 0.964121
vn 0.28560278 0.51970553 0.80519396
vn 0.23887375 0.64640117 0.72464114
vn -0.0036244718 0.6461622 0.7631916
vn 0.0044753132 0.3888423 0.9212935
vn 0.020861998 0.3147771 0.94893634
vn 0.05202846 0.24748732 0.9674932
vn 0.394335 0.6166608 0.6813439
vn 0.9567404 -0.2870384 -0.04750597
vn 0.9653331 -0.23362288 -0.11641419
vn 0.9933669 -0.068905674 -0.09205547
vn 0.80457133 0.23807098 0.54404694
vn 0.9757173 0.05402734 -0.21226577
vn 0.9456899 0.004115035 -0.32504416
vn 0.94319636 0.00942552 -0.33210212
vn 0.9577958 -0.13758361 -0.2523846
vn 0.965322 -0.23324452 -0.11726156
vn 0.19975112 -0.7034347 -0.6821137
vn 0.17507668 -0.71718824 -0.6745289
vn 0.16188069 -0.72077143 -0.6740054
vn 0.9539998 -0.2972882 -0.038781863
vn 0.9445681 -0.32831344 -0.0011972691
vn 0.9221673 -0.38616297 0.02203554
vn 0.87358075 -0.4794488 0.0835791
vn 0.815352 -0.55511683 0.16445786
vn 0.75783044 -0.6026031 0.25012493
vn 0.74673533 -0.612541 0.25919035
vn 0.6653375 -0.6660097 0.33727887
vn 0.5902431 -0.69329447 0.41346815
vn 0.54966825 -0.69865346 0.45798266
vn 0.51626575 -0.7053375 0.4857661
vn 0.43494138 -0.7058668 0.5590868
vn 0.34965506 -0.6874253 0.6365437
vn 0.05491812 -0.82772946 -0.55843353
vn 0.055079404 -0.81382656 -0.5784916
vn -0.027539644 -0.8982835 -0.43855247
vn -0.04774271 -0.8847092 -0.46369195
vn -0.059773147 -0.86304355 -0.5015805
vn -0.063660584 -0.84121525 -0.5369396
vn 0.05068244 -0.8476006 -0.52820885
vn 0.030021448 -0.88186324 -0.4705487
vn -0.00117673 -0.8995947 -0.43672416
vn -0.37531316 -0.65871423 0.65210086
vn -0.4574829 -0.6745445 0.5793956
vn -0.5362549 -0.67308414 0.5093021
vn -0.5939286 -0.66009396 0.45991847
vn -0.6123141 -0.6598894 0.43545088
vn -0.6872896 -0.64115274 0.34140334
vn -0.7633061 -0.5969655 0.246974
vn -0.83092356 -0.531102 0.16582105
vn -0.8876375 -0.44905993 0.10220021
vn -0.9325563 -0.35655546 0.056632016
vn -0.93506455 -0.35094696 0.049905695
vn -0.9541083 -0.2993958 0.0062905108
vn -0.9608201 -0.2765176 -0.01904567
vn -0.9612918 -0.27477401 -0.020428488
vn -0.96556515 -0.23157342 -0.118564725
vn -0.08415657 -0.7073528 -0.70183307
vn -0.96453726 -0.17971325 -0.1933156
vn -0.9923636 -0.08371763 0.09058605
vn -0.9829764 0.016646082 -0.1829762
vn -0.9551656 0.009830016 -0.29590872
vn -0.9680578 0.14101927 -0.20731035
vn -0.93959934 0.110707074 0.32387805
vn -0.9701842 -0.09058198 0.22480528
vn -0.9419353 -0.308597 0.13238546
vn -0.68419605 -0.4909256 0.5393217
vn -0.1723012 0.35474443 0.91894984
vn -0.016398741 0.6083444 0.7935037
vn -0.0076795435 0.41764373 0.9085784
vn -0.020939484 0.5456208 0.8377706
vn -0.02509891 0.44790888 0.8937268
vn -0.023531156 0.416297 0.90892416
vn 0.054908607 -0.49517375 0.8670572
vn 0.12113225 -0.551742 0.82517135
vn 0.74681675 -0.23467802 0.6222466
vn 0.12143809 -0.55202645 0.8249361
vn 0.2480417 -0.6419701 0.72549963
vn 0.86097765 -0.33175674 0.3855579
vn 0.9275223 -0.12801121 0.35116318
vn 0.9283442 -0.10618393 0.35623312
vn -0.024044022 -0.4455817 0.8949183
vn -0.00060097245 -0.45946845 0.8881939
vn 0.0044662314 -0.46166205 0.88704467
vn -0.027474595 0.19834825 0.97974646
vn 0.93042785 -0.118922666 0.34664282
vn -0.07739258 -0.48264775 0.87238836
vn -0.10295456 -0.5041035 0.85748476
vn -0.17880179 -0.5548182 0.8125311
vn -0.19667815 -0.5686927 0.7986903
vn -0.28819618 -0.6239516 0.7263797
vn -0.042617418 0.43030056 0.90167904
vn -0.06251583 0.4343845 0.8985555
f 617//1212 618//1212 619//1212
f 617//1213 619//1213 620//1213
f 617//1214 620//1214 621//1214
f 617//1215 621//1215 622//1215
f 617//1216 622//1216 623//1216
f 617//1217 623//1217 624//1217
f 617//1218 624//1218 625//1218
f 617//1219 625//1219 626//1219
f 617//1220 626//1220 627//1220
f 617//1221 627//1221 628//1221
f 617//1222 628//1222 629//1222
f 617//1223 629//1223 630//1223
f 617//1224 630//1224 631//1224
f 617//1225 631//1225 632//1225
f 617//1226 632//1226 633//1226
f 617//1227 633//1227 634//1227
f 617//1228 634//1228 618//1228
f 618//1229 634//1229 635//1229
f 618//1230 635//1230 636//1230
f 618//1231 636//1231 637//1231
f 618//1232 637//1232 619//1232
f 619//1233 637//1233 620//1233
f 620//1234 637//1234 638//1234
f 620//1235 638//1235 621//1235
f 621//1236 638//1236 622//1236
f 622//1237 638//1237 639//1237
f 622//1238 639//1238 623//1238
f 623//1239 639//1239 624//1239
f 624//1240 639//1240 640//1240
f 624//1241 640//1241 625//1241
f 625//1242 640//1242 626//1242
f 626//1243 641//1243 627//1243
f 626//1244 640//1244 641//1244
f 627//1245 641//1245 642//1245
f 627//1246 642//1246 643//1246
f 627//1247 643//1247 644//1247
f 627//1248 644//1248 645//1248
f 627//1249 645//1249 646//1249
f 627//1250 646//1250 647//1250
f 627//1251 647//1251 648//1251
f 627//1252 648//1252 649//1252
f 627//1253 649//1253 650//1253
f 627//1254 650//1254 651//1254
f 627//1255 651//1255 628//1255
f 628//1256 652//1256 653//1256
f 628//1257 653//1257 654//1257
f 628//1258 654//1258 655//1258
f 628//1259 655//1259 656//1259
f 628//1260 656//1260 657//1260
f 628//1261 657//1261 658//1261
f 628//1262 658//1262 659//1262
f 628//1263 659//1263 660//1263
f 628//1264 660//1264 661//1264
f 628//1265 661//1265 629//1265
f 628//1266 651//1266 652//1266
f 629//1267 661//1267 662//1267
f 629//1268 662//1268 663//1268
f 629//1269 663//1269 664//1269
f 629//1270 664//1270 665//1270
f 629//1271 665//1271 666//1271
f 629//1272 666//1272 630//1272
f 630//1273 666//1273 631//1273
f 631//1274 666//1274 667//1274
f 631//1275 667//1275 632//1275
f 632//1276 667//1276 633//1276
f 633//1277 667//1277 668//1277
f 633//1278 668//1278 634//1278
f 634//1279 668//1279 635//1279
f 635//1280 638//1280 637//1280
f 635//1281 637//1281 636//1281
f 635//1282 668//1282 667//1282
f 635//1283 667//1283 669//1283
f 635//1284 669//1284 638//1284
f 638//1285 670//1285 671//1285
f 638//1286 671//1286 672//1286
f 638//1287 672//1287 673//1287
f 638//1288 673//1288 640//1288
f 638//1289 640//1289 639//1289
f 638//1290 669//1290 670//1290
f 640//1291 673//1291 674//1291
f 640//1292 674//1292 675//1292
f 640//1293 675//1293 645//1293
f 640//1294 645//1294 644//1294
f 640//1295 644//1295 643//1295
f 640//1296 643//1296 642//1296
f 640//1297 642//1297 641//1297
f 645//1298 675//1298 646//1298
f 646//1299 675//1299 674//1299
f 646//1300 674//1300 676//1300
f 646//1301 676//1301 648//1301
f 646//1302 648//1302 647//1302
f 648//1303 676//1303 649//1303
f 649//1304 676//1304 677//1304
f 649//1305 677//1305 650//1305
f 650//1306 677//1306 678//1306
f 650//1307 678//1307 679//1307
f 650//1308 679//1308 651//1308
f 651//1309 679//1309 680//1309
f 651//1310 680//1310 681//1310
f 651//1311 681//1311 682//1311
f 651//1312 682//1312 683//1312
f 651//1313 683//1313 684//1313
f 651//1314 684//1314 685//1314
f 651//1315 685//1315 686//1315
f 651//1316 686//1316 687//1316
f 651//1317 687//1317 688//1317
f 651//1318 688//1318 689//1318
f 651//1319 689//1319 690//1319
f 651//1320 690//1320 691//1320
f 651//1321 691//1321 652//1321
f 652//1322 691//1322 692//1322
f 652//1323 692//1323 693//1323
f 652//1324 693//1324 694//1324
f 652//1325 694//1325 695//1325
f 652//1326 695//1326 696//1326
f 652//1327 696//1327 697//1327
f 652//1328 697//1328 698//1328
f 652//1329 698//1329 699//1329
f 652//1330 699//1330 700//1330
f 652//1331 700//1331 701//1331
f 652//1332 701//1332 702//1332
f 652//1333 702//1333 653//1333
f 653//1334 702//1334 703//1334
f 653//1335 703//1335 704//1335
f 653//1336 704//1336 654//1336
f 654//1337 704//1337 705//1337
f 654//1338 705//1338 655//1338
f 655//1339 705//1339 706//1339
f 655//1340 706//1340 656//1340
f 656//1341 706//1341 657//1341
f 657//1342 706//1342 658//1342
f 658//1343 706//1343 659//1343
f 659//1344 706//1344 664//1344
f 659//1345 664//1345 660//1345
f 660//1346 664//1346 661//1346
f 661//1347 664//1347 662//1347
f 662//1348 664//1348 663//1348
f 664//1349 706//1349 707//1349
f 664//1350 707//1350 708//1350
f 664//1351 708//1351 669//1351
f 664//1352 669//1352 665//1352
f 665//1353 669//1353 666//1353
f 666//1354 669//1354 667//1354
f 669//1355 708//1355 709//1355
f 669//1356 709//1356 710//1356
f 669//1357 710//1357 711//1357
f 669//1358 711//1358 670//1358
f 670//1359 712//1359 713//1359
f 670//1360 713//1360 714//1360
f 670//1361 714//1361 671//1361
f 670//1362 711//1362 715//1362
f 670//1363 715//1363 716//1363
f 670//1364 716//1364 717//1364
f 670//1365 717//1365 712//1365
f 671//1366 714//1366 672//1366
f 672//1367 718//1367 719//1367
f 672//1368 719//1368 720//1368
f 672//1369 720//1369 673//1369
f 672//1370 714//1370 718//1370
f 673//1371 720//1371 674//1371
f 674//1372 720//1372 677//1372
f 674//1373 677//1373 676//1373
f 677//1374 720//1374 678//1374
f 678//1375 720//1375 719//1375
f 678//1376 719//1376 679//1376
f 679//1377 719//1377 681//1377
f 679//1378 681//1378 680//1378
f 681//1379 719//1379 718//1379
f 681//1380 718//1380 721//1380
f 681//1381 721//1381 682//1381
f 682//1382 721//1382 683//1382
f 683//1383 721//1383 684//1383
f 684//1384 721//1384 722//1384
f 684//1385 722//1385 685//1385
f 685//1386 722//1386 686//1386
f 686//1387 722//1387 687//1387
f 687//1388 722//1388 713//1388
f 687//1389 713//1389 688//1389
f 688//1390 713//1390 689//1390
f 689//1391 713//1391 723//1391
f 689//1392 723//1392 691//1392
f 689//1393 691//1393 690//1393
f 691//1394 724//1394 725//1394
f 691//1395 725//1395 726//1395
f 691//1396 726//1396 727//1396
f 691//1397 727//1397 692//1397
f 691//1398 723//1398 728//1398
f 691//1399 728//1399 729//1399
f 691//1400 729//1400 724//1400
f 692//1401 727//1401 730//1401
f 692//1402 730//1402 693//1402
f 693//1403 730//1403 694//1403
f 694//1404 730//1404 731//1404
f 694//1405 731//1405 695//1405
f 695//1406 731//1406 696//1406
f 696//1407 731//1407 697//1407
f 697//1408 731//1408 698//1408
f 698//1409 731//1409 699//1409
f 699//1410 731//1410 732//1410
f 699//1411 732//1411 700//1411
f 700//1412 732//1412 733//1412
f 700//1413 733//1413 701//1413
f 701//1414 733//1414 705//1414
f 701//1415 705//1415 703//1415
f 701//1416 703//1416 702//1416
f 703//1417 705//1417 704//1417
f 705//1418 733//1418 709//1418
f 705//1419 709//1419 708//1419
f 705//1420 708//1420 706//1420
f 706//1421 708//1421 707//1421
f 709//1422 733//1422 710//1422
f 710//1423 733//1423 732//1423
f 710//1424 732//1424 731//1424
f 710//1425 731//1425 730//1425
f 710//1426 730//1426 734//1426
f 710//1427 734//1427 711//1427
f 711//1428 716//1428 715//1428
f 711//1429 734//1429 735//1429
f 711//1430 735//1430 736//1430
f 711//1431 736//1431 716//1431
f 712//1432 717//1432 729//1432
f 712//1433 729//1433 713//1433
f 713//1434 722//1434 714//1434
f 713//1435 729//1435 728//1435
f 713//1436 728//1436 723//1436
f 714//1437 722//1437 721//1437
f 714//1438 721//1438 737//1438
f 714//1439 737//1439 718//1439
f 716//1440 738//1440 724//1440
f 716//1441 724//1441 729//1441
f 716//1442 729//1442 717//1442
f 716//1443 736//1443 738//1443
f 718//1444 737//1444 721//1444
f 724//1445 738//1445 736//1445
f 724//1446 736//1446 725//1446
f 725//1447 736//1447 730//1447
f 725//1448 730//1448 726//1448
f 726//1449 730//1449 727//1449
f 730//1450 736//1450 735//1450
f 730//1451 735//1451 734//1451
o geometry4
v 0.011015697 0.0868343 0.11791313
v 0.010972846 0.08797072 0.11789812
v -0.004060588 0.100556225 0.11772546
v -0.033584684 0.079354234 0.117710456
v -0.03188494 0.07906589 0.117710456
v 0.033819385 0.07907437 0.117710456
v 0.0053379866 0.100556225 0.11772546
v 0.0053379866 0.10155696 0.11754531
v -0.004060588 0.10155696 0.11754531
v -0.027385622 0.09922474 0.11521079
v -0.027385622 0.098224 0.11539094
v -0.034041755 0.080745086 0.11758284
v -0.03344185 0.07550395 0.11366443
v -0.03306333 0.07780225 0.11762788
v 0.033155195 0.07775137 0.11762038
v 0.033390872 0.07734428 0.1167271
v 0.03373368 0.07246783 0.11031653
v 0.03430502 0.073036045 0.10957339
v 0.034490705 0.07862489 0.11542847
v 0.03434073 0.08033801 0.117635384
v 0.02866302 0.098224 0.11539094
v 0.02866302 0.09922474 0.11521079
v 0.034504995 0.08077053 0.11757533
v 0.0053379866 0.1024644 0.11709492
v -0.004060588 0.1024644 0.11709492
v -0.027385622 0.10013218 0.11476039
v -0.034398846 0.08189847 0.11732011
v -0.034370273 0.07725948 0.11177279
v -0.032884784 0.0747322 0.11458774
v -0.033877492 0.07087344 0.10562495
v -0.032906212 0.0691688 0.107524104
v -0.03257055 0.076377474 0.11732762
v 0.03316948 0.076241784 0.11588637
v -0.03188494 0.076241784 0.11729009
v -0.032484844 0.07611457 0.11725256
v -0.012716418 0.07033067 0.11496307
v -0.012744985 0.0702289 0.11491802
v -0.0129878055 0.069270566 0.11443761
v 0.013993816 0.07008473 0.11382207
v 0.015579291 0.06960132 0.11342423
v 0.024256546 0.0686854 0.11214812
v 0.024285113 0.06706556 0.1109771
v 0.024977865 0.06711645 0.110909544
v 0.0267276 0.067294545 0.11069186
v 0.028484477 0.06758289 0.110339046
v 0.029848555 0.06867691 0.11078944
v 0.030505598 0.06950803 0.11125484
v 0.030612724 0.06964372 0.1113224
v 0.030919822 0.070050806 0.11152508
v 0.030969813 0.070110165 0.111547604
v 0.03160543 0.07100913 0.111960456
v 0.029898547 0.051130146 0.09267621
v 0.030177077 0.05180013 0.093119085
v 0.030534165 0.052571885 0.09350943
v 0.030562732 0.05274998 0.09366707
v 0.033155195 0.0747322 0.11415987
v 0.031541154 0.054191716 0.09347189
v 0.032341033 0.0570243 0.095010735
v 0.032948084 0.05723632 0.09371961
v 0.034233607 0.06678569 0.10202933
v 0.034826368 0.06728606 0.10062561
v 0.035154894 0.07424031 0.108042054
v 0.035233453 0.07999878 0.11406228
v 0.03481923 0.08169493 0.11737266
v 0.02866302 0.10013218 0.11476039
v 0.00063869957 0.10950346 0.112275735
v -0.00011832846 0.10947802 0.112275735
v -0.0025536735 0.10907942 0.11230576
v -0.025885848 0.1067472 0.109978735
v -0.035291567 0.08498548 0.1158113
v -0.03494876 0.08377273 0.11656196
v -0.034520254 0.08229707 0.11719251
v -0.03506303 0.0791931 0.1099337
v -0.03462024 0.072781615 0.10377835
v -0.032313444 0.06843097 0.1084474
v -0.032249168 0.0740707 0.115458496
v -0.033527546 0.059610944 0.09115238
v -0.0326991 0.057804532 0.092908904
v -0.032106332 0.061103564 0.09955968
v -0.03203492 0.07475764 0.116712086
v -0.0226292 0.0682868 0.11412984
v -0.0226292 0.06634469 0.11288376
v -0.020101013 0.06641254 0.11283122
v 0.01428663 0.0692112 0.113214046
v 0.01569356 0.06933842 0.11323656
v 0.021542672 0.06859211 0.11228324
v 0.021556955 0.06696379 0.11111973
v 0.022842474 0.04988347 0.09392229
v 0.026584765 0.050256625 0.09355447
v 0.028734438 0.06764226 0.110278994
v 0.029205795 0.050875723 0.09293143
v 0.030019958 0.051189512 0.09261615
v 0.026120549 0.029046156 0.070231706
v 0.026899002 0.030182585 0.0709223
v 0.027177531 0.029639814 0.07005155
v 0.027206099 0.029656775 0.07004404
v 0.030369904 0.051859498 0.09293143
v 0.031169783 0.05303833 0.09284135
v 0.03177683 0.053445406 0.091925554
v 0.032141067 0.05453095 0.092451006
v 0.032605283 0.05478537 0.091407605
v 0.033405155 0.057355054 0.09240597
v 0.03375511 0.05965335 0.094327636
v 0.034626402 0.06481815 0.09809591
v 0.034983493 0.06380894 0.09514585
v 0.0351049 0.06520827 0.09652705
v 0.0352763 0.067820355 0.099281944
v 0.035719097 0.07546155 0.10657077
v 0.035719097 0.08137266 0.11272612
v 0.035362005 0.08363704 0.11662951
v 0.035197742 0.08301794 0.116922274
v 0.035647675 0.08487523 0.11588637
v 0.0032311636 0.1092236 0.11230576
v 0.001952786 0.10942714 0.11228324
v 0.0019027935 0.109325364 0.11018141
v -0.00061825267 0.109325364 0.11018141
v -0.023450503 0.1071458 0.1099412
v -0.024743166 0.106916815 0.108214706
v -0.026807137 0.10639101 0.108252235
v -0.028171217 0.10589065 0.1100538
v -0.028756842 0.10555989 0.11007632
v -0.029249625 0.10518674 0.11010635
v -0.029778115 0.10466093 0.11015139
v -0.030135205 0.10421145 0.11020394
v -0.030470869 0.103660196 0.11026399
v -0.03559152 0.08614735 0.11482044
v -0.03561295 0.08622368 0.11474538
v -0.030713689 0.1031259 0.11033154
v -0.035163015 0.07480853 0.10206686
v -0.03555581 0.08121153 0.10824473
v -0.034177445 0.061629374 0.08944089
v -0.03164926 0.056235585 0.09465042
v -0.031485 0.060408138 0.10043795
v -0.031642117 0.06780339 0.10932567
v -0.03186351 0.07379083 0.11595392
v -0.033741802 0.057049744 0.08502706
v -0.033077613 0.055065237 0.08674605
v -0.032234885 0.05330123 0.08845754
v -0.03188494 0.07427424 0.11646438
v -0.026128668 0.06838009 0.11392717
v -0.024378935 0.06829528 0.1140848
v -0.024407502 0.06635317 0.11282371
v -0.022493506 0.05893248 0.10557991
v -0.020643787 0.059356518 0.105970256
v 0.015786402 0.06903311 0.113003865
v -0.019543953 0.045668516 0.09167033
v -0.019201148 0.04156381 0.087339066
v 0.02048569 0.02919881 0.07191317
v 0.021549813 0.029232733 0.07187563
v 0.023292407 0.029359948 0.071740516
v -0.02025099 0.05455639 0.101000935
v 0.024963582 0.02961437 0.0714928
v 0.02612769 0.029902719 0.07120004
v 0.030169934 0.0512828 0.09251857
v 0.028070252 0.030437008 0.069901414
v 0.024899306 0.028639078 0.07041936
v 0.024899306 0.027672268 0.06894809
v 0.025877729 0.02799454 0.068767935
v 0.026777592 0.028444022 0.06858777
v 0.027591754 0.029020716 0.06846017
v 0.028748723 0.03130205 0.069803834
v 0.029605735 0.032116205 0.06898562
v 0.029848555 0.032404553 0.06870037
v 0.029912831 0.032421514 0.06852022
v 0.033576563 0.057363532 0.09182046
v 0.034205034 0.05965335 0.09263867
v 0.03404078 0.060916986 0.09499572
v 0.034483567 0.063529074 0.09689487
v 0.034526415 0.06095939 0.09316413
v 0.034797803 0.0623672 0.0939448
v 0.03514061 0.05785542 0.08595787
v 0.035369143 0.058355786 0.085454926
v 0.035347722 0.061264697 0.08967359
v 0.035383433 0.06417361 0.09357698
v 0.035476275 0.06566623 0.09513834
v 0.035626248 0.06838857 0.09806588
v 0.03611903 0.07664886 0.105279654
v 0.035919063 0.06898222 0.097029984
v 0.036061898 0.082687184 0.111532584
v 0.031819686 0.10282059 0.1095959
v 0.031348325 0.10360083 0.109505825
v 0.031162642 0.103838295 0.1094833
v 0.030177077 0.10475422 0.109400734
v 0.02866302 0.10087001 0.11406228
v 0.03590478 0.0859947 0.11497057
v 0.026563339 0.10618747 0.10926562
v 0.02528496 0.10639101 0.109243095
v 0.02519212 0.106348604 0.1078694
v 0.0019027935 0.108791076 0.10678096
v -0.00061825267 0.108791076 0.10678096
v 0.02519212 0.10591608 0.10451399
v -0.024743166 0.106433414 0.10483677
v -0.026807137 0.10591608 0.10494937
v -0.028171217 0.10575495 0.107621685
v -0.029249625 0.10508497 0.10802704
v -0.030135205 0.10411815 0.10810961
v -0.03397748 0.098546274 0.10241967
v -0.03491305 0.097104535 0.103868425
v -0.03547725 0.09553559 0.10543729
v -0.035791487 0.08703783 0.11393467
v -0.035484396 0.09551015 0.10545981
v -0.035777204 0.09421259 0.10675844
v -0.035962895 0.09299983 0.10796699
v -0.036055736 0.092049986 0.10892032
v -0.036120012 0.090269014 0.11069936
v -0.03604859 0.08887817 0.11209558
v -0.035977177 0.088199705 0.11277116
v -0.035505816 0.07698809 0.100482985
v -0.034634523 0.06383438 0.08778195
v -0.035848625 0.08336565 0.10668337
v -0.03422744 0.059246268 0.08332308
v -0.031170761 0.05178317 0.09011648
v -0.031013643 0.055565603 0.095483646
v -0.030885091 0.067294545 0.11015139
v -0.03144215 0.07236606 0.11510569
v -0.03155642 0.07266289 0.11524081
v -0.03173496 0.07320566 0.11553356
v -0.030777965 0.05979752 0.10127868
v -0.033734657 0.05531966 0.07949475
v -0.033234738 0.05316554 0.081236266
v -0.032556266 0.051206477 0.08296277
v -0.031713538 0.049476393 0.08463672
v -0.031427868 0.07233214 0.11509068
v -0.030949367 0.07127204 0.11464029
v -0.030649412 0.070712306 0.114415094
v -0.030528001 0.070491806 0.11432502
v -0.030306607 0.070101686 0.11415987
v -0.029842392 0.06937234 0.11382207
v -0.026542893 0.06841401 0.11386712
v -0.026200088 0.06643798 0.11262103
v -0.024143256 0.058652613 0.10513703
v -0.022015007 0.054098427 0.10055805
v -0.021150853 0.04538865 0.091347545
v -0.02073663 0.04144508 0.08715891
v -0.018894052 0.038391992 0.083886065
v 0.018571693 0.028257445 0.0709223
v 0.02201403 0.028248962 0.070742145
v 0.023528084 0.028384656 0.070592016
v 0.023649495 0.028401617 0.070577
v 0.028291648 0.029741582 0.06840762
v 0.02890584 0.030564219 0.06841513
v 0.023856606 0.027434807 0.06911323
v 0.023899456 0.027027726 0.068287514
v 0.024949297 0.027290631 0.068092346
v 0.025942005 0.027655307 0.067867145
v 0.02688472 0.028155673 0.067619435
v 0.027748873 0.028825656 0.06743928
v 0.029127236 0.030589662 0.06756689
v 0.030134225 0.032565687 0.06780709
v 0.030505598 0.033379845 0.067724526
v 0.034276456 0.056320395 0.087489195
v 0.033997923 0.05715151 0.08983123
v 0.033747964 0.05733809 0.091099836
v 0.034233607 0.056574818 0.08803717
v 0.03472639 0.057075188 0.08673104
v 0.03481923 0.05838971 0.08818731
v 0.034904934 0.04967993 0.072205916
v 0.035440564 0.058525402 0.08528228
v 0.035383433 0.060280927 0.08808972
v 0.035490558 0.053979695 0.07650716
v 0.035626248 0.060849138 0.08747418
v 0.03565482 0.0633425 0.09080708
v 0.036411844 0.07780225 0.10419121
v 0.03615474 0.0696098 0.09616674
v 0.035911918 0.06411424 0.09011648
v 0.036311857 0.08392538 0.110496685
v 0.03594049 0.08614735 0.11482044
v 0.03211964 0.10207428 0.10969349
v 0.03630472 0.09465359 0.10631555
v 0.036276154 0.094814725 0.10615041
v 0.03599762 0.096129246 0.10483677
v 0.035954773 0.09629038 0.10467913
v 0.035490558 0.097443774 0.10353063
v 0.034983493 0.09820704 0.10276497
v 0.031348325 0.10355842 0.10813213
v 0.030177077 0.104711816 0.10805707
v 0.029455757 0.10518674 0.1093632
v 0.028927267 0.10543268 0.10934068
v 0.027648889 0.10585672 0.10789943
v 0.0019027935 0.10781579 0.1034856
v -0.00061825267 0.10781579 0.1034856
v 0.02519212 0.10505953 0.10124865
v 0.027648889 0.10543268 0.104611576
v 0.027648889 0.10459308 0.10139878
v -0.022622058 0.10567862 0.10149637
v -0.022622058 0.10660303 0.10479924
v -0.024743166 0.10551749 0.10154891
v -0.026807137 0.105017126 0.101729065
v -0.028171217 0.10477118 0.1028025
v -0.028171217 0.105381794 0.10518207
v -0.029249625 0.10466093 0.10519708
v -0.030135205 0.10371108 0.10539976
v -0.03321331 0.09922474 0.101744086
v -0.030135205 0.09903816 0.09556621
v -0.030135205 0.097189344 0.09353195
v -0.033627532 0.097842366 0.101008445
v -0.03397748 0.097486176 0.101361245
v -0.03426315 0.097138464 0.10170655
v -0.03451311 0.09678227 0.10206686
v -0.029249625 0.10390614 0.10243468
v -0.03491305 0.096044436 0.1028025
v -0.03522729 0.095264204 0.10358318
v -0.03547725 0.09447549 0.10437137
v -0.035484396 0.09445005 0.104393885
v -0.035405837 0.08757213 0.09880152
v -0.035577238 0.086232156 0.09936452
v -0.035691507 0.0848922 0.09998755
v -0.03562723 0.0808723 0.09774311
v -0.035655797 0.07937968 0.0989967
v -0.034891628 0.066242926 0.08620558
v -0.03451311 0.06162089 0.08167915
v -0.03403461 0.05763492 0.07777576
v -0.030649412 0.048000734 0.08622059
v -0.030006653 0.047364675 0.086971246
v -0.030292323 0.054980427 0.09628684
v -0.03003522 0.066912904 0.11089453
v -0.029978085 0.059297152 0.10207437
v -0.033484697 0.053971216 0.074142605
v -0.03317046 0.051740766 0.07595167
v -0.032670535 0.04964601 0.07774573
v -0.031999208 0.04772935 0.07947974
v -0.03116362 0.04601623 0.08111616
v -0.02907108 0.066683926 0.11156261
v -0.029335326 0.06860907 0.11343925
v -0.026635734 0.066471905 0.11255348
v -0.02560732 0.05851692 0.1046416
v -0.023614764 0.05381008 0.10007764
v -0.022643484 0.045244478 0.09097222
v -0.02218641 0.041436598 0.08689618
v -0.020408109 0.03837503 0.08379599
v -0.018486971 0.03570358 0.080755845
v 0.018985916 0.027180381 0.069533594
v -0.017858494 0.033379845 0.077790774
v 0.021564098 0.027197342 0.06936845
v 0.02849876 0.029665254 0.067461796
v 0.021642657 0.026383188 0.06775455
v 0.022799624 0.026510399 0.06760442
v 0.023885174 0.026705459 0.06741676
v 0.024699336 0.026917476 0.067244105
v 0.025906296 0.027375441 0.06690632
v 0.026641898 0.027782518 0.06664359
v 0.027877426 0.028800216 0.06605808
v 0.028720155 0.029843353 0.06639587
v 0.02934149 0.030835606 0.066628575
v 0.030341337 0.032870997 0.06702642
v 0.030984096 0.034465384 0.06664359
v 0.03434073 0.0467795 0.0693084
v 0.0349335 0.050307512 0.07132766
v 0.03564053 0.059000324 0.084666744
v 0.035690524 0.056099895 0.07660474
v 0.035926208 0.058957923 0.08147647
v 0.03584764 0.059398923 0.083368115
v 0.03582622 0.059373483 0.08356328
v 0.03571195 0.05916994 0.08432145
v 0.03582622 0.06157849 0.08708385
v 0.036611818 0.0785316 0.1028025
v 0.036490403 0.07096673 0.09481556
v 0.03626901 0.06553054 0.088998005
v 0.036490403 0.08468017 0.10910798
v 0.03647612 0.085138135 0.10958089
v 0.036326148 0.08825059 0.11272612
v 0.036319003 0.0945603 0.10640563
v 0.036433272 0.08940398 0.11157012
v 0.03647612 0.09010788 0.110864505
v 0.036490403 0.092049986 0.10892032
v 0.036461838 0.09299135 0.107982
v 0.03663324 0.088242106 0.101113535
v 0.03622616 0.0911595 0.09993501
v 0.035890497 0.09252491 0.0994696
v 0.035440564 0.09378007 0.09910929
v 0.03485494 0.094908014 0.09884656
v 0.031348325 0.096307345 0.09252607
v 0.031348325 0.09868197 0.095153354
v 0.034276456 0.09888551 0.10208188
v 0.031348325 0.103100464 0.104709156
v 0.030177077 0.104236886 0.10446895
v 0.029455757 0.10472877 0.10474669
v 0.029455757 0.10513585 0.10794447
v 0.0019027935 0.10641645 0.10034037
v -0.00061825267 0.10641645 0.10034037
v 0.02519212 0.103795886 0.09811093
v 0.029455757 0.10391462 0.10162398
v 0.029455757 0.10361779 0.100798264
v 0.027648889 0.10334641 0.09832861
v -0.022622058 0.10433018 0.09833612
v -0.024743166 0.10417752 0.09841119
v -0.026807137 0.1037026 0.098651394
v -0.028171217 0.103931576 0.10050551
v -0.029249625 0.10282908 0.09978488
v -0.029249625 0.10145518 0.0972777
v -0.030135205 0.10063255 0.09780316
v -0.029249625 0.09979295 0.094950676
v -0.03243486 0.079659544 0.08191936
v -0.033220448 0.078166924 0.08200193
v -0.03357754 0.087368585 0.09115238
v -0.029249625 0.09786781 0.09284135
v -0.029249625 0.09571369 0.09096472
v -0.03195636 0.07206075 0.07427772
v -0.03397748 0.09435676 0.09847124
v -0.03397748 0.09207543 0.096369416
v -0.03397748 0.084095 0.089215696
v -0.03462024 0.0913376 0.097623006
v -0.034177445 0.07921006 0.08568013
v -0.03519158 0.08888665 0.0983136
v -0.034713082 0.07676759 0.08642327
v -0.0350416 0.074138544 0.08751172
v -0.034991607 0.06893982 0.08580773
v -0.0345631 0.0633425 0.08020037
v -0.03397748 0.057846937 0.07608679
v -0.033641815 0.05561649 0.07384985
v -0.030113779 0.04454905 0.08262497
v -0.0287497 0.043327816 0.083991155
v -0.02927819 0.046796463 0.08767686
v -0.02947816 0.054488543 0.097045
v -0.029078221 0.05891552 0.10281001
v -0.03340614 0.05414083 0.072371066
v -0.03298477 0.051130146 0.07129763
v -0.032684818 0.048984505 0.07316675
v -0.03218489 0.04694912 0.07499084
v -0.03152071 0.0450579 0.07672484
v -0.030699404 0.04336174 0.07832374
v -0.029663848 0.041886084 0.079764985
v -0.028678283 0.06768466 0.11291379
v -0.02914964 0.068346165 0.11328912
v -0.028056948 0.058652613 0.1034856
v -0.027285637 0.066548236 0.11241085
v -0.026907122 0.05851692 0.104093626
v -0.025057403 0.053674385 0.09956719
v -0.024028989 0.045235995 0.09054435
v -0.023543347 0.04153837 0.0865659
v -0.021836463 0.03845136 0.08361583
v -0.020001028 0.035745986 0.08072582
v 0.016286327 0.026400149 0.068092346
v 0.019114468 0.02630686 0.06797224
v -0.01703005 0.03139534 0.07499834
v -0.015980208 0.029656775 0.07228098
v -0.019379692 0.033481613 0.07779828
v 0.019214453 0.025747128 0.06629078
v 0.011744158 0.022990867 0.0592947
v 0.02157838 0.025916744 0.065998025
v 0.022649648 0.02608636 0.06580286
v 0.023656636 0.026323821 0.06556265
v 0.02479932 0.026773304 0.06623823
v 0.02572775 0.027180381 0.06590795
v 0.026591906 0.027706191 0.065472566
v 0.027334651 0.028393134 0.064849526
v 0.028405916 0.029665254 0.064744435
v 0.028998684 0.030428525 0.0652774
v 0.029570026 0.03134445 0.065630205
v 0.030505598 0.033261113 0.06632081
v 0.031126933 0.034906387 0.0662007
v 0.033597983 0.043989316 0.066515975
v 0.034376442 0.04742404 0.06870037
v 0.03472639 0.051164072 0.068032295
v 0.03495492 0.052385308 0.06924835
v 0.035304867 0.054607272 0.071477786
v 0.035726234 0.057923265 0.07478816
v 0.035876215 0.059365 0.07623692
v 0.03604047 0.061154447 0.07803098
v 0.036176167 0.06190924 0.08189684
v 0.036033332 0.0606456 0.08316544
v 0.035990484 0.060467504 0.08357079
v 0.03644041 0.06609027 0.08631067
v 0.03613332 0.0629439 0.08621309
v 0.036790356 0.08071964 0.10139128
v 0.036718942 0.07284947 0.093284234
v 0.0366261 0.08691911 0.10766673
v 0.036768936 0.08526535 0.10213442
v 0.03681893 0.083204515 0.10007013
v 0.036733225 0.0815338 0.09445525
v 0.036354713 0.08440031 0.09326171
v 0.03601905 0.085748754 0.09277379
v 0.035569116 0.08699543 0.09238345
v 0.03497635 0.088114895 0.092090696
v 0.030177077 0.097104535 0.09168534
v 0.030177077 0.09959789 0.09444024
v 0.03474781 0.078514636 0.08251988
v 0.034276456 0.07388412 0.07755807
v 0.026113408 0.059856888 0.05338707
v 0.031348325 0.10064951 0.098133445
v 0.031348325 0.10213365 0.10134624
v 0.030177077 0.10321071 0.10094839
v 0.02519212 0.10213365 0.09516837
v 0.0019027935 0.10461852 0.097405314
v -0.00061825267 0.10461852 0.097405314
v 0.027648889 0.10171809 0.0954386
v 0.029455757 0.102701865 0.09863638
v 0.029455757 0.10183682 0.09699996
v -0.022622058 0.10258313 0.09537855
v -0.024743166 0.10243896 0.095476136
v -0.028171217 0.10347362 0.09948462
v -0.026807137 0.10199796 0.095776394
v -0.028171217 0.10254073 0.09771308
v -0.028171217 0.10287996 0.0983136
v -0.028171217 0.103193745 0.098914124
v -0.028171217 0.10205732 0.09690238
v -0.028171217 0.10123469 0.095678814
v -0.028171217 0.09974207 0.09378717
v -0.028171217 0.1003442 0.0945078
v -0.03385607 0.076504685 0.08228718
v -0.03397748 0.08150835 0.08695623
v -0.03397748 0.08335717 0.08857013
v -0.03274195 0.07067838 0.07454044
v -0.028171217 0.09807983 0.09206067
v -0.023857584 0.06085762 0.05297421
v -0.02484315 0.059882328 0.053417094
v -0.031242179 0.06525915 0.06741676
v -0.03397748 0.076292664 0.082527384
v -0.03397748 0.0725696 0.07959984
v -0.03429886 0.06907551 0.078879215
v -0.03458453 0.066548236 0.08007275
v -0.03397748 0.061137486 0.074397825
v -0.03397748 0.06009435 0.074547954
v -0.03397748 0.05927171 0.07484821
v -0.03397748 0.05847452 0.07537367
v -0.03364896 0.05627799 0.07315174
v -0.028321194 0.04063092 0.0810486
v -0.027928397 0.04281897 0.08460669
v -0.028449746 0.046304576 0.08834494
v -0.028556872 0.054106906 0.09775061
v -0.033034764 0.052690614 0.06956362
v -0.032770522 0.050799396 0.06900063
v -0.03245628 0.04870464 0.0688505
v -0.03217061 0.046652287 0.070742145
v -0.031684972 0.04466778 0.07256623
v -0.031027926 0.042802006 0.07427021
v -0.030206623 0.04111433 0.07581656
v -0.029171064 0.03961323 0.07719025
v -0.027928397 0.066989236 0.11256848
v -0.027964106 0.06657368 0.11214812
v -0.027935538 0.06665848 0.11225321
v -0.027521316 0.053835522 0.09840368
v -0.026357206 0.053682867 0.0990042
v -0.025300223 0.045354724 0.09007144
v -0.024800299 0.04173343 0.08616054
v -0.023171974 0.038620975 0.0833531
v -0.021415098 0.035881676 0.08059821
v -0.014816099 0.028096307 0.069541104
v -0.013523438 0.026484959 0.06639587
v -0.010638162 0.023058716 0.059594963
v -0.00785287 0.02299935 0.059647508
v 0.0050094654 0.022872139 0.05951239
v 0.008673195 0.022872139 0.0594073
v -0.018572673 0.031547993 0.075020865
v -0.01900832 0.03005537 0.07227348
v -0.017865637 0.028460983 0.06951858
v -0.020808047 0.033676673 0.0777157
v 0.012715439 0.02407641 0.05783093
v 0.014200929 0.023279216 0.059016958
v 0.015250769 0.023516677 0.058784258
v 0.024585068 0.02663761 0.065262385
v 0.016200624 0.023821987 0.058483995
v 0.02544208 0.027044691 0.06488706
v 0.02620625 0.027562018 0.06441415
v 0.026841868 0.028189596 0.0637836
v 0.027856 0.02919881 0.06392623
v 0.02874158 0.03055574 0.06358843
v 0.02926293 0.031234201 0.06414391
v 0.029777138 0.03206532 0.06457929
v 0.030762702 0.034278806 0.064894564
v 0.03131976 0.03568662 0.065420024
v 0.032683842 0.041411154 0.06393373
v 0.032683842 0.04173343 0.06352087
v 0.03364084 0.044566013 0.0660881
v 0.03146974 0.036492296 0.06461683
v 0.034283593 0.049162604 0.066035554
v 0.034390725 0.049629048 0.06649345
v 0.034276456 0.050748512 0.06512727
v 0.03474781 0.053945772 0.067093976
v 0.035304867 0.05745682 0.07056199
v 0.03596191 0.063495144 0.076529674
v 0.0362333 0.06346971 0.08033548
v 0.036447555 0.06665 0.083525755
v 0.036604673 0.06965221 0.08652086
v 0.03684035 0.078684255 0.0955512
v 0.03674037 0.07324806 0.09011648
v 0.03653326 0.07223885 0.0851922
v 0.036161885 0.0749527 0.08391609
v 0.03582622 0.076241784 0.08336061
v 0.03535486 0.07742909 0.082895204
v 0.029455757 0.09701973 0.09102477
v 0.029455757 0.098758295 0.092766285
v 0.029455757 0.099937126 0.09417751
v 0.029455757 0.1003018 0.09466543
v 0.029455757 0.10111596 0.095836446
v 0.030177077 0.10165873 0.09757046
v 0.034276456 0.07016953 0.0743678
v 0.03381224 0.06673481 0.07072713
v 0.03281953 0.05965335 0.06362596
v 0.03223391 0.056574818 0.060555797
v 0.026049132 0.05956006 0.053094313
v 0.025134984 0.09624798 0.088374965
v 0.027648889 0.09741833 0.090409234
v 0.022799624 0.10039508 0.09251857
v 0.02519212 0.100106746 0.09246602
v 0.023635212 0.100157626 0.092285864
v 0.0019027935 0.10245592 0.09473299
v -0.00061825267 0.10245592 0.09473299
v 0.029455757 0.1015824 0.096572086
v 0.027648889 0.099725105 0.0927888
v -0.021315113 0.100420535 0.09254108
v -0.022622058 0.100462936 0.09267621
v -0.024743166 0.10033572 0.09279631
v -0.026807137 0.099937126 0.09314911
v -0.033377573 0.0691264 0.07499084
v -0.032020636 0.06407184 0.06793471
v -0.022007866 0.058898557 0.05101501
v -0.023629049 0.060043465 0.052163504
v -0.024778875 0.05960246 0.05313185
v -0.023857584 0.09791021 0.0900264
v -0.03039945 0.059738155 0.061876945
v -0.03397748 0.0698303 0.07770069
v -0.03397748 0.06757441 0.07634952
v -0.03397748 0.06553902 0.07536616
v -0.03397748 0.06383438 0.074758135
v -0.03397748 0.062426567 0.07446538
v -0.03344185 0.059441328 0.07062204
v -0.033598967 0.057609476 0.07187563
v -0.027835554 0.038324147 0.078368776
v -0.027035674 0.037755936 0.078886725
v -0.027507031 0.040096633 0.08161159
v -0.026992824 0.042377967 0.08517719
v -0.027514173 0.0458975 0.08896798
v -0.026585743 0.03962171 0.08213705
v -0.032634825 0.054759927 0.06601304
v -0.032841936 0.051757727 0.06862531
v -0.032420576 0.04996828 0.066838756
v -0.03209205 0.048195794 0.06638086
v -0.03184209 0.046575963 0.06669613
v -0.031570703 0.044599935 0.06856526
v -0.031099344 0.042666316 0.0703443
v -0.030442301 0.04082598 0.07198823
v -0.029613854 0.039146785 0.073452
v -0.028564014 0.037645683 0.07472811
v -0.026464332 0.045575228 0.08953848
v -0.025950124 0.042013295 0.08569514
v -0.024414644 0.0388754 0.08301531
v -0.02274347 0.036110662 0.080395535
v -0.016530124 0.026781786 0.06632831
v -0.013002088 0.02319441 0.059467353
v -0.014351884 0.024322353 0.057815917
v -0.02000817 0.031785455 0.074975826
v -0.02134368 0.032090764 0.07484821
v -0.021615067 0.030708391 0.07198823
v -0.02049381 0.029037677 0.069233336
v -0.01912973 0.02724823 0.06602805
v -0.022129275 0.03395654 0.07755807
v 0.018628828 0.03502512 0.045535248
v 0.017007645 0.027663786 0.05387499
v 0.014279488 0.024415642 0.057493135
v -0.016844364 0.026535843 0.05521866
v -0.009938268 0.03802732 0.042307444
v 0.02359236 0.026357744 0.063498355
v 0.023985159 0.026535843 0.06331069
v 0.017071921 0.024212103 0.05809366
v 0.024699336 0.026951402 0.06289032
v 0.02532067 0.027443286 0.06238739
v 0.025849162 0.028028462 0.06179437
v 0.02732751 0.028935906 0.062972896
v 0.0255992 0.027723152 0.06210214
v 0.02821309 0.030089296 0.062867805
v 0.028634453 0.032005955 0.06069842
v 0.02914152 0.032497842 0.061343983
v 0.02962716 0.03311694 0.061921984
v 0.030091375 0.03384629 0.06244744
v 0.030412756 0.034439944 0.06280024
v 0.03095553 0.03555941 0.063393265
v 0.0315483 0.037009627 0.06410638
v 0.031569723 0.03717076 0.06393373
v 0.032376744 0.040554598 0.06333321
v 0.03257671 0.043946914 0.060818523
v 0.032676697 0.044192858 0.06106624
v 0.033476576 0.046363942 0.063228115
v 0.033647977 0.046889752 0.063761085
v 0.031326905 0.03651774 0.06370103
v 0.034276456 0.04967145 0.065682754
v 0.03350514 0.04996828 0.06165175
v 0.034276456 0.05189342 0.064789474
v 0.034276456 0.05308073 0.06466186
v 0.034276456 0.054361332 0.064744435
v 0.034883507 0.05971271 0.068843
v 0.035576254 0.06596306 0.075020865
v 0.03521917 0.067124926 0.07433777
v 0.03472639 0.06820199 0.07373725
v 0.034276456 0.06663304 0.071522824
v 0.034276456 0.06458069 0.06997648
v 0.033747964 0.05842363 0.06465436
v 0.034276456 0.061748102 0.06801728
v 0.033155195 0.05540447 0.06164424
v 0.031555437 0.05382704 0.05783093
v 0.025984855 0.05938196 0.052921664
v 0.025827736 0.059068173 0.052598886
v 0.030726993 0.051308244 0.055458866
v 0.025134984 0.097138464 0.089260735
v 0.020828495 0.07046636 0.06330319
v -0.02085804 0.05873742 0.050857373
v 0.025134984 0.098325774 0.09044677
v 0.025113558 0.098588675 0.09070949
v 0.022135438 0.10044597 0.09257111
v 0.024427949 0.09969118 0.09181295
v 0.024820747 0.09926714 0.09138508
v 0.024970723 0.09901272 0.091137365
v 0.024735045 0.09938587 0.091505185
v -0.023814734 0.09869045 0.09080708
v -0.02359334 0.099199295 0.09131752
v -0.023457646 0.09938587 0.091505185
v -0.022679193 0.10001345 0.092135735
v -0.022357812 0.100157626 0.092285864
v -0.023857584 0.098325774 0.09044677
v -0.032656252 0.06271491 0.06862531
v -0.03385607 0.067379355 0.07566643
v -0.031185044 0.058762863 0.062657624
v -0.022979148 0.059356518 0.051480412
v -0.011752279 0.039206147 0.041324086
v -0.015137479 0.038595535 0.041774478
v -0.02407898 0.05847452 0.05200587
v -0.024150398 0.058542363 0.052080933
v -0.02436465 0.058796786 0.05232865
v -0.024550337 0.059068173 0.052598886
v -0.024686031 0.059322596 0.052854106
v -0.029321043 0.05529422 0.05762075
v -0.033127606 0.06116293 0.06951858
v -0.032306306 0.05627799 0.06472192
v -0.027214218 0.03633116 0.07580905
v -0.025493052 0.035203215 0.0766798
v -0.026121527 0.037247084 0.079359636
v -0.025550185 0.039206147 0.08260245
v -0.025100254 0.036797605 0.079764985
v -0.031299315 0.052275054 0.061081253
v -0.0316564 0.05093509 0.06249248
v -0.03192065 0.048289083 0.065164804
v -0.031113626 0.044498168 0.064594306
v -0.030863665 0.042589985 0.066403374
v -0.031542137 0.047186576 0.06405383
v -0.030406592 0.040707253 0.06811486
v -0.029749548 0.038909324 0.06969123
v -0.028906818 0.03726405 0.07108745
v -0.027835554 0.03579687 0.07228849
v -0.023971854 0.036415968 0.08011029
v -0.017579965 0.02554359 0.062860295
v -0.014973219 0.02344035 0.059227142
v -0.016622968 0.02383047 0.058836803
v -0.016737236 0.025798012 0.056111936
v -0.022572067 0.032455437 0.074660555
v -0.02379331 0.031573433 0.07144776
v -0.022700617 0.029792469 0.06869286
v -0.023700466 0.032887958 0.07440533
v -0.021315113 0.027892768 0.0655101
v -0.020522377 0.026951402 0.06388869
v -0.019665364 0.026069399 0.06237988
v -0.02335052 0.03430425 0.07733288
v 0.015136501 0.038281742 0.042082246
v 0.018121762 0.03600041 0.044566907
v 0.023428101 0.037798338 0.048177544
v 0.023913741 0.036619507 0.049318533
v 0.024177987 0.035364352 0.05055711
v 0.019557258 0.0320738 0.048943207
v 0.017864658 0.024678547 0.05762075
v -0.017758511 0.026764825 0.055038504
v -0.018108457 0.027680751 0.053980082
v -0.018187016 0.03682305 0.043726176
v -0.011045243 0.03751847 0.042885445
v 0.023928024 0.026959881 0.06127642
v 0.024699336 0.027714673 0.06050325
v 0.02528496 0.028622117 0.059564937
v 0.026263384 0.028698444 0.06108876
v 0.027677456 0.029775504 0.06203458
v 0.028105963 0.031624317 0.060007818
v 0.02849876 0.034694366 0.057110302
v 0.029255787 0.035432197 0.057973552
v 0.029962823 0.03633116 0.058836803
v 0.030612724 0.0373743 0.059692547
v 0.03149116 0.038383514 0.061839413
v 0.03166257 0.037764415 0.06347583
v 0.032069646 0.0395369 0.06307048
v 0.032141067 0.039791323 0.06310051
v 0.031534016 0.041038 0.05918961
v 0.031783976 0.04221683 0.05908452
v 0.032019652 0.04581269 0.05776337
v 0.032698125 0.04752581 0.059324726
v 0.033105202 0.051393054 0.060255535
v 0.034183614 0.052597325 0.06423399
v 0.03229104 0.04893362 0.057905994
v 0.034276456 0.05595572 0.065112256
v 0.03430502 0.056091413 0.06524737
v 0.034276456 0.056506973 0.06529241
v 0.034276456 0.057287205 0.06559268
v 0.034276456 0.05763492 0.065742806
v 0.034504995 0.060781293 0.06804731
v 0.034276456 0.059398923 0.06661356
v 0.032469586 0.052690614 0.05897192
v 0.03164114 0.05019726 0.056607366
v 0.029969966 0.049561203 0.053935044
v 0.025670618 0.05882223 0.052358676
v 0.025499215 0.05861869 0.052156
v 0.025249252 0.058372747 0.051908284
v 0.024963582 0.058152247 0.05168309
v 0.030926963 0.048467178 0.055076037
v 0.024256546 0.05775365 0.051285245
v 0.023963733 0.05763492 0.051165137
v 0.02314957 0.057414416 0.05094745
v 0.022763915 0.057355054 0.0508874
v 0.022321125 0.057321128 0.050857373
v 0.009037426 0.039299436 0.04127154
v 0.004630951 0.039341845 0.04123401
v -0.00044685008 0.039333362 0.04123401
v -0.010038253 0.039290957 0.041279048
v -0.031820662 0.057617955 0.063595936
v -0.030128062 0.05445462 0.058641635
v -0.01554456 0.03857009 0.041984662
v -0.019115448 0.041843675 0.044762075
v -0.020193854 0.04134331 0.045280024
v -0.021250838 0.042403407 0.046203326
v 0.011808434 0.03908742 0.041346606
v -0.017401421 0.037543915 0.04300555
v -0.016515842 0.03812909 0.042427547
v -0.02255064 0.044294626 0.047584526
v -0.024064697 0.046525076 0.049311027
v -0.025107395 0.045838133 0.050121732
v -0.026342923 0.050689146 0.05235117
v -0.027357055 0.05001068 0.053304497
v -0.027164226 0.052605808 0.053799927
v -0.028156932 0.051944304 0.054775774
v -0.030792248 0.053453885 0.059790134
v -0.026464332 0.03449931 0.073294364
v -0.02472174 0.033379845 0.074090056
v -0.024471778 0.03472829 0.07703261
v -0.030220905 0.049077794 0.058423944
v -0.030599419 0.04784808 0.059827663
v -0.03087795 0.045397133 0.06226728
v -0.031042209 0.045168146 0.063340716
v -0.030178055 0.042132024 0.062199727
v -0.029949518 0.040308654 0.06391872
v -0.02951387 0.03848528 0.06556265
v -0.02887111 0.0367552 0.067093976
v -0.028028382 0.035194732 0.06846767
v -0.026949974 0.033812363 0.06966871
v -0.018372703 0.025000818 0.060608342
v -0.016444424 0.024534374 0.061051227
v -0.019936752 0.025645357 0.05996278
v -0.018008472 0.024424125 0.05824379
v -0.017565683 0.026408631 0.055466376
v -0.025557328 0.03260809 0.07066708
v -0.02447892 0.030716874 0.06790468
v -0.02307199 0.028689966 0.064751945
v -0.022243544 0.027697712 0.06316056
v -0.021336539 0.026764825 0.06168928
v 0.021564098 0.04228468 0.04632343
v 0.022921035 0.042581506 0.047134135
v 0.022921035 0.041580774 0.047021538
v 0.01569356 0.038163014 0.042412534
v 0.01662199 0.037577838 0.042998042
v 0.017443294 0.03685697 0.04371867
v 0.024613636 0.057931744 0.0514654
v 0.022685356 0.03886692 0.047149148
v 0.02548493 0.039248556 0.04934856
v 0.025627766 0.03901957 0.04958126
v 0.025956288 0.038332626 0.050264355
v 0.026291952 0.037247084 0.051345296
v 0.02596343 0.03550852 0.05237369
v 0.02414942 0.034456905 0.051330283
v 0.024142278 0.034456905 0.051322773
v 0.023128146 0.031997472 0.052696466
v 0.0229496 0.029979046 0.05472323
v 0.020507114 0.029054638 0.05322943
v 0.020321429 0.028164156 0.0541152
v 0.0200429 0.027333036 0.054948427
v 0.019664386 0.026561283 0.055729106
v 0.019164462 0.025857378 0.056434717
v 0.018564552 0.0252298 0.057065263
v -0.019144014 0.025221318 0.05744059
v -0.020043878 0.026205089 0.05644973
v -0.020686638 0.027375441 0.05527871
v -0.01832271 0.028706927 0.05286912
v -0.01948682 0.03654318 0.045129895
v -0.021008017 0.037586316 0.0461733
v -0.020286698 0.038459837 0.04531005
v -0.02053666 0.03332048 0.048350193
v -0.020336691 0.03448235 0.047194187
v -0.019993884 0.035567887 0.046105742
v 0.023720913 0.027680751 0.05908452
v 0.026584765 0.029444754 0.060300574
v 0.02423512 0.028528828 0.058213763
v 0.025692042 0.029656775 0.058491506
v 0.027463203 0.03128509 0.059152078
v 0.027691739 0.03408375 0.05625456
v 0.028391633 0.036729757 0.054865852
v 0.028477333 0.037018105 0.05474575
v 0.029470041 0.037874665 0.056021858
v 0.030134225 0.038739704 0.056877602
v 0.03047703 0.039240073 0.057388045
v 0.030719852 0.04029169 0.05716285
v 0.031805404 0.03848528 0.063168064
v 0.03151259 0.04168254 0.058551557
v 0.031205492 0.042038735 0.057282954
v 0.030962672 0.0435568 0.055789158
v 0.031598292 0.04721202 0.056352146
v 0.029769996 0.046177365 0.0531919
v 0.028734438 0.047271386 0.052103452
v 0.028727297 0.05050257 0.05295169
v 0.027406069 0.04821275 0.051165137
v 0.02592058 0.046101034 0.04964882
v 0.024413666 0.0442183 0.048320167
v 0.030498456 0.044939168 0.054422967
v 0.023663778 0.05753315 0.051067553
v 0.010801444 0.03923159 0.0413391
v -0.028999662 0.05113863 0.055879235
v -0.021200845 0.040707253 0.04591808
v -0.02239352 0.041623175 0.0469765
v -0.02210785 0.03994398 0.04669125
v -0.023600481 0.043624647 0.04831266
v -0.02452177 0.04281897 0.049160898
v -0.0260144 0.045007013 0.051045034
v -0.026364347 0.048000734 0.051795684
v -0.027249929 0.047161136 0.05280156
v -0.028214067 0.049188048 0.05437793
v -0.029685272 0.0501803 0.0571028
v -0.02947102 0.047144175 0.05684007
v -0.029863818 0.0459399 0.05819875
v -0.02975669 0.042768084 0.059632495
v -0.030006653 0.04262391 0.060788497
v -0.02967813 0.041928485 0.060082886
v -0.028942527 0.03962171 0.059617482
v -0.02874256 0.037866183 0.061261408
v -0.02834262 0.036136102 0.06283778
v -0.02774271 0.03450779 0.06432407
v -0.026928548 0.033057574 0.065682754
v -0.025864424 0.031793933 0.0668913
v -0.021172278 0.026484959 0.059114546
v -0.024421785 0.029656775 0.06377609
v -0.023564773 0.028622117 0.062222242
v -0.022622058 0.027646825 0.060788497
v 0.024299396 0.04168254 0.04794484
v 0.02584202 0.043293893 0.049153388
v 0.023470951 0.04123306 0.04736684
v 0.0239066 0.04091927 0.047674604
v 0.021664081 0.03980829 0.04624086
v 0.024849312 0.04007119 0.048530348
v 0.025420655 0.040656365 0.048898168
v 0.026220534 0.0394945 0.049986616
v 0.026720459 0.03822238 0.05120267
v 0.026977561 0.03682305 0.052546337
v 0.026506204 0.03586472 0.052734002
v 0.026541913 0.035237137 0.05336455
v 0.025906296 0.03312542 0.05461814
v 0.024935015 0.03271834 0.053867485
v 0.024006585 0.030292835 0.05548139
v 0.022571087 0.028995272 0.055533934
v 0.023785189 0.029317543 0.05647225
v 0.02226399 0.02812175 0.056412198
v 0.023442384 0.028410096 0.05739555
v 0.022963885 0.02757898 0.058236282
v -0.02210071 0.027502652 0.058078647
v -0.022757752 0.028689966 0.05688511
v -0.0231934 0.030038409 0.055548947
v -0.021093719 0.028698444 0.053950056
v -0.020786623 0.032523282 0.04938609
v -0.021550791 0.036594063 0.047171667
v -0.023443362 0.038035803 0.048612922
v -0.022864878 0.039053496 0.047592033
v -0.020793764 0.032523282 0.0493936
v -0.022122134 0.034312733 0.049446143
v -0.021915022 0.035491563 0.04826762
v 0.026991846 0.03110699 0.05855906
v 0.024599351 0.02948716 0.057237916
v 0.025699185 0.030733835 0.05705025
v 0.027056122 0.035610292 0.05373237
v 0.028170237 0.037187718 0.054062657
v 0.028584462 0.03823086 0.05392754
v 0.028834423 0.03783226 0.054708216
v 0.029841414 0.03901957 0.055886738
v 0.030119943 0.039002612 0.056614872
v 0.02999139 0.039969422 0.05550391
v 0.029734287 0.041479003 0.05403263
v 0.029241504 0.04284441 0.05271899
v 0.028448768 0.044074126 0.051555477
v 0.02732751 0.045159668 0.050527085
v -0.028921103 0.048229717 0.05556396
v -0.023243392 0.040842943 0.04775718
v -0.025300223 0.0418776 0.050136745
v -0.026771428 0.04404868 0.052080933
v -0.027978389 0.046194322 0.05392003
v -0.02854973 0.045108784 0.05512858
v -0.02894967 0.043929953 0.056419704
v -0.029006803 0.041292425 0.058161214
v -0.028885394 0.040401943 0.058551557
v -0.02769986 0.038459837 0.05659986
v -0.027235644 0.036916338 0.05679503
v -0.027078524 0.03526258 0.0583714
v -0.02673572 0.03365123 0.059887715
v -0.026200088 0.03214165 0.061313957
v -0.025443058 0.030810162 0.06262009
v -0.024557479 0.029716142 0.061103772
v -0.023586197 0.028706927 0.05970756
v 0.026991846 0.042225312 0.050136745
v 0.02781315 0.04102952 0.05125522
v 0.028320216 0.039698035 0.052508805
v 0.026913285 0.036153063 0.053026758
v 0.024742186 0.030496374 0.05610443
v -0.02427895 0.02994512 0.058476493
v -0.024750307 0.031335972 0.057110302
v -0.02343622 0.031497106 0.054100186
v -0.021315113 0.03014018 0.05251631
v -0.023829019 0.03690785 0.049746405
v -0.024457494 0.03901109 0.04958877
v -0.023950428 0.03995246 0.04865045
v -0.021386532 0.031641282 0.0510075
v -0.02275061 0.033820845 0.050692227
v -0.023493355 0.034372095 0.05124771
v -0.024050413 0.035712063 0.05094745
v -0.025892992 0.04082598 0.051217683
v -0.027357055 0.042971622 0.05322943
v -0.027764136 0.041809753 0.054460503
v -0.027756993 0.039206147 0.056074403
v -0.02899252 0.041266985 0.0581387
v -0.026471475 0.0367552 0.054888375
v -0.026221512 0.035610292 0.055406325
v -0.026085818 0.03399894 0.056960173
v -0.025778722 0.032446954 0.058446467
v -0.025278797 0.03099674 0.059835173
v -0.025021695 0.032845553 0.055654038
v -0.025135962 0.03440602 0.05412271
v -0.023521923 0.03302365 0.052591376
v -0.024864575 0.037798338 0.050804824
v -0.026307214 0.039681077 0.052403715
v -0.024114689 0.034880944 0.051750645
v -0.025100254 0.036356602 0.05224608
v -0.026392914 0.037314933 0.054190267
v -0.02516453 0.035237137 0.05336455
v -0.025143104 0.03586472 0.052734002
vn -0.00044498578 0.013186203 0.9999129
vn -0.005773653 0.0073321923 0.9999565
vn -0.0022848416 -0.0134687405 0.99990666
vn 3.3678602e-06 -0.026098806 0.99965936
vn 0.013552307 0.013712696 0.9998141
vn 0.016412899 0.021062527 0.9996434
vn 0 0.013717645 0.99990594
vn -0 0.17717513 0.9841793
vn -0.11544137 0.1759906 0.9775994
vn -0.115441345 0.1759894 0.9775996
vn -0.11466617 0.16647963 0.97935504
vn -0.05349645 0.07378983 0.9958379
vn -0.929175 -0.28359917 0.23707673
vn -0.90776676 -0.31941095 0.27191174
vn -0.009555651 -0.056328986 0.99836653
vn 8.415675e-06 -0.06521545 0.9978712
vn 6.082341e-05 -0.06795896 0.99768823
vn 0.80413955 -0.43153942 0.40881938
vn 0.83871526 -0.41087803 0.35740167
vn 0.8485696 -0.39938483 0.34701812
vn 0.86755323 -0.3732133 0.32872987
vn 0.8803723 -0.3438102 0.32670948
vn 0.034520563 0.04507118 0.9983871
vn 0.115441345 0.1759894 0.9775996
vn 0.11544137 0.1759906 0.9775994
vn 0.07827856 0.10787396 0.99107814
vn 0.11420872 0.1609218 0.9803369
vn -0 0.44457874 0.8957398
vn -0.13291432 0.44063425 0.8877924
vn -0.13291432 0.44064018 0.8877894
vn -0.13977464 0.17543462 0.97451824
vn -0.9476309 -0.24737747 0.20199032
vn -0.93975514 -0.26708502 0.2133681
vn -0.14452058 0.17701834 0.97353905
vn -0.90506494 -0.32465446 0.27469426
vn -0.9393551 -0.2726944 0.20796596
vn -0.932289 -0.2892875 0.21714021
vn -0.9041285 -0.3343158 0.26605374
vn -0.8718088 -0.36933985 0.32177234
vn -4.759085e-05 -0.20622736 0.97850406
vn 0.77239347 -0.4758796 0.42065042
vn 0.0011597386 -0.26116973 0.9652922
vn 0.0019002557 -0.2911868 0.9566644
vn 0.0036725132 -0.35717312 0.93403095
vn 0.013076041 -0.4077653 0.9129931
vn 0.021656753 -0.4524194 0.8915423
vn 0.03503944 -0.5126098 0.8579064
vn 0.047749765 -0.5367036 0.84241855
vn 0.062397808 -0.5599343 0.82618403
vn 0.09642405 -0.582018 0.80743885
vn 0.12118687 -0.5946942 0.7947658
vn 0.15867963 -0.61127144 0.7753503
vn 0.25091904 -0.6371144 0.72878313
vn 0.2769323 -0.6402657 0.7164972
vn 0.31622884 -0.64140946 0.6989944
vn 0.38927767 -0.6380986 0.66429883
vn 0.41264027 -0.63596916 0.6521283
vn 0.46539354 -0.6284417 0.62327355
vn 0.48665604 -0.62459326 0.6107775
vn 0.5307196 -0.61317444 0.5851101
vn 0.5438335 -0.608262 0.5781543
vn 0.6486323 -0.5605309 0.51486045
vn 0.6558942 -0.55656976 0.50993425
vn 0.74437124 -0.50059974 0.4419403
vn 0.79236907 -0.46248206 0.3978212
vn 0.8021341 -0.45381883 0.3881101
vn 0.8304475 -0.42814603 0.35643783
vn 0.84711397 -0.4106599 0.33727786
vn 0.80198777 -0.45400313 0.38819668
vn 0.85047555 -0.40718508 0.333004
vn 0.8642147 -0.3914154 0.31611207
vn 0.9060071 -0.33010432 0.26491943
vn 0.9128178 -0.3172899 0.25708145
vn 0.9137661 -0.30794093 0.26495996
vn 0.93372947 -0.257442 0.2487426
vn 0.9312643 -0.26078454 0.25443733
vn 0.9057284 -0.30279782 0.29659668
vn 0.93362594 -0.2648935 0.24119283
vn 0.13617049 0.16777691 0.9763752
vn 0.15691997 0.17497891 0.9719869
vn 0.13291432 0.44064018 0.8877894
vn 0.13291432 0.44063425 0.8877924
vn -0 0.5649221 0.8251442
vn -0.01927696 0.5735475 0.81894535
vn -0.087918885 0.5972193 0.7972448
vn -0.1385864 0.6012881 0.78692216
vn -0.13886169 0.60063416 0.7873728
vn -0.59102905 0.35862434 0.72254634
vn -0.5352637 0.32998243 0.77756304
vn -0.3851436 0.2657903 0.8837533
vn -0.262706 0.22068821 0.9392988
vn -0.9547192 -0.23062526 0.18794465
vn -0.9636593 -0.20843892 0.16707519
vn -0.9676008 -0.19961712 0.15460153
vn -0.96726036 -0.20732374 0.14637056
vn -0.9621035 -0.22397624 0.15553674
vn -0.867809 -0.37574 0.32515678
vn -0.88921463 -0.35808632 0.2847304
vn -0.85854423 -0.39565042 0.32613263
vn -0.85930985 -0.38976952 0.33115909
vn -0.961946 -0.22642492 0.15294309
vn -0.9486486 -0.26035547 0.17966922
vn -0.93199605 -0.29242626 0.21417311
vn -0.9097884 -0.333821 0.24667494
vn -0.8884553 -0.3640765 0.27945587
vn -0.0018088609 -0.27509668 0.9614148
vn 0.77972823 -0.47373483 0.40938875
vn 0.78990173 -0.46487466 0.39993355
vn -0.82624584 -0.4224049 0.37268212
vn -0.00074264355 -0.3702456 0.9289336
vn 0.0069856225 -0.40636328 0.9136849
vn -0.0012681638 -0.3722259 0.92814136
vn 0.017608203 -0.45163715 0.892028
vn 0.028222797 -0.53980124 0.8413193
vn 0.032093145 -0.5492286 0.8350557
vn 0.03571765 -0.55573887 0.8305893
vn 0.036406837 -0.5611464 0.82691544
vn 0.03689278 -0.56596756 0.82360166
vn 0.03835201 -0.56946564 0.82111996
vn 0.06200262 -0.5618789 0.8248925
vn 0.06038976 -0.57180864 0.8181613
vn 0.060383316 -0.5799661 0.8123996
vn 0.064092465 -0.583918 0.80927867
vn 0.06321867 -0.7057327 0.705652
vn 0.11996365 -0.70444125 0.6995508
vn 0.13865829 -0.7038911 0.69664276
vn 0.15787643 -0.7009259 0.69554156
vn 0.24976134 -0.6877268 0.68165326
vn 0.3200358 -0.6733939 0.66642165
vn 0.31771508 -0.6774795 0.66338414
vn 0.32001543 -0.67687315 0.6628974
vn 0.3242916 -0.67576826 0.6619457
vn 0.37965176 -0.66200346 0.6462322
vn 0.42519668 -0.6495371 0.63032484
vn 0.44250554 -0.64434654 0.6237038
vn 0.46142626 -0.638513 0.6159438
vn 0.47703153 -0.63307375 0.60963815
vn 0.49505523 -0.626504 0.60200745
vn 0.57057 -0.60459745 0.5557985
vn 0.46055436 -0.6702404 0.58195144
vn 0.4621484 -0.669774 0.5812243
vn 0.49012616 -0.6606639 0.5685945
vn 0.52846485 -0.64636505 0.5503972
vn 0.5693838 -0.6291146 0.5291661
vn 0.6551374 -0.57358503 0.4917268
vn 0.6602028 -0.5591287 0.5015051
vn 0.77777237 -0.48192286 0.40351018
vn 0.7751747 -0.4960958 0.39114332
vn 0.78017443 -0.47423053 0.40796235
vn 0.82256186 -0.4528776 0.3439388
vn 0.8294609 -0.44299483 0.34022054
vn 0.83487344 -0.42547607 0.34922257
vn 0.8497319 -0.40930164 0.33230683
vn 0.87088716 -0.3961769 0.29085958
vn 0.8833723 -0.38100547 0.27292523
vn 0.8886451 -0.36616677 0.27610105
vn 0.885294 -0.36732987 0.28517246
vn 0.9036322 -0.3400933 0.2603559
vn 0.9020861 -0.3431352 0.2617231
vn 0.93159 -0.29425782 0.21343009
vn 0.9345332 -0.28775656 0.20938921
vn 0.9389063 -0.2770193 0.20424306
vn 0.9407695 -0.2671225 0.2088023
vn 0.9574032 -0.22641896 0.17920275
vn 0.95828307 -0.21268918 0.1909366
vn 0.9693599 -0.17717679 0.17014661
vn 0.96921325 -0.16389999 0.18374506
vn 0.9676284 -0.1674379 0.18883833
vn 0.9549754 -0.1980022 0.22094566
vn 0.3142641 0.22413261 0.9224981
vn 0.46285766 0.27559888 0.8425011
vn 0.579016 0.3171987 0.75108296
vn 0.6371762 0.3426495 0.69036067
vn 0.08026706 0.59279996 0.80133975
vn 0.028899172 0.5777505 0.8157016
vn 0.13886972 0.60098135 0.78710634
vn 0.058194555 0.9970691 -0.049664456
vn 0 0.9964037 -0.08473305
vn -0.03352069 0.9973419 -0.06469465
vn -0.09438857 0.99428195 -0.049942166
vn -0.13462067 0.8675826 0.478725
vn -0.13494328 0.86136335 0.48973817
vn -0.16166301 0.986797 -0.0098390775
vn -0.24745722 0.9665544 -0.0673602
vn -0.3511204 0.9363123 -0.0058046775
vn -0.2008005 0.60338676 0.7717536
vn -0.2980489 0.579377 0.75861
vn -0.37166673 0.5509425 0.74721223
vn -0.4463278 0.5114979 0.7342761
vn -0.49449435 0.47774258 0.7261111
vn -0.5608926 0.41929758 0.713855
vn -0.6079482 0.3662021 0.7044822
vn -0.9795736 -0.10851347 0.1692936
vn -0.98109794 -0.15553561 0.115132235
vn -0.97199124 -0.18518469 0.14470547
vn -0.6103816 0.36620444 0.70237356
vn -0.683154 0.3636934 0.6332677
vn -0.9793193 -0.17117721 0.10785242
vn -0.9828199 -0.15024297 0.1072021
vn -0.9826369 -0.15647538 0.09970054
vn -0.97059053 -0.20362735 0.12841384
vn -0.9792045 -0.17367916 0.104852945
vn -0.8847784 -0.36947817 0.28399494
vn -0.85903203 -0.4033777 0.31519872
vn -0.83973235 -0.42460924 0.33846194
vn -0.8407928 -0.41803116 0.34397298
vn -0.81031543 -0.44805464 0.3776716
vn -0.8113843 -0.44293815 0.38139397
vn -0.96835685 -0.21638454 0.124349624
vn -0.94835746 -0.26413134 0.17564893
vn -0.9702556 -0.20938943 0.12149116
vn -0.94409376 -0.27582034 0.18058264
vn -0.9092953 -0.33618426 0.2452799
vn -0.9094819 -0.33444658 0.24695791
vn -0.80215895 -0.44999814 0.39248267
vn -0.107138306 -0.47954363 0.87095314
vn -0.10176817 -0.47575676 0.8736697
vn -0.025505818 -0.40227753 0.9151625
vn -0.02427409 -0.53985727 0.84140664
vn -0.030909298 -0.5440209 0.83850217
vn -0.027382508 -0.70187193 0.7117767
vn 0.010544667 -0.7017438 0.71235126
vn 0.03359729 -0.6980614 0.71524924
vn 0.040613834 -0.6084026 0.79258865
vn 0.04016182 -0.60250974 0.7971004
vn 0.03861052 -0.698133 0.71492624
vn 0.041232217 -0.5976974 0.8006608
vn 0.04784821 -0.5962355 0.8013824
vn 0.058413915 -0.58004564 0.8124868
vn 0.041407295 -0.70736086 0.70563865
vn 0.035391975 -0.7239801 0.6889124
vn 0.0376692 -0.730185 0.6822103
vn 0.047319233 -0.7303997 0.68137884
vn 0.10566054 -0.72883254 0.6764902
vn 0.13859932 -0.7255233 0.67409647
vn 0.036507346 -0.7173219 0.6957848
vn 0.03513046 -0.722299 0.6906881
vn 0.20774655 -0.7218454 0.6601368
vn 0.31732 -0.70399016 0.6353785
vn 0.33230272 -0.7017424 0.6301845
vn 0.41053465 -0.6844835 0.60244817
vn 0.66663915 -0.5727006 0.47708085
vn 0.6254774 -0.6020248 0.49633083
vn 0.66615695 -0.5782051 0.4710773
vn 0.3411765 -0.78556925 0.51621664
vn 0.3524468 -0.78675085 0.5067587
vn 0.46853554 -0.7524756 0.46287683
vn 0.49232545 -0.7351377 0.46603462
vn 0.47407734 -0.6711067 0.5699706
vn 0.33211842 -0.7077113 0.623572
vn 0.33179408 -0.7080078 0.6234081
vn 0.5412712 -0.7175714 0.43831113
vn 0.567121 -0.7072475 0.42210725
vn 0.6465859 -0.6403455 0.41458923
vn 0.6862691 -0.56546867 0.4574712
vn 0.73655903 -0.53034604 0.41977838
vn 0.7763282 -0.49715763 0.38749054
vn 0.8003198 -0.47580642 0.3648239
vn 0.82243437 -0.45332363 0.34365606
vn 0.8351563 -0.43998107 0.33004633
vn 0.8555269 -0.4174327 0.30630663
vn 0.8694725 -0.4004917 0.28917807
vn 0.8786122 -0.38910076 0.2768414
vn 0.88608724 -0.37931556 0.26640052
vn 0.899367 -0.35281777 0.25818324
vn 0.89291006 -0.37034523 0.25603914
vn 0.90999126 -0.33637992 0.24241382
vn 0.91075283 -0.3341654 0.24261673
vn 0.9041449 -0.34069008 0.25778323
vn 0.9036107 -0.34129706 0.25885123
vn 0.9224918 -0.31287208 0.22609723
vn 0.92996514 -0.2984638 0.21467225
vn 0.9303818 -0.29785836 0.21370567
vn 0.9348028 -0.29055637 0.20425677
vn 0.94320226 -0.27121326 0.1918667
vn 0.95049334 -0.25357318 0.17961931
vn 0.9507579 -0.25287947 0.17919633
vn 0.95186555 -0.24988298 0.17751136
vn 0.951963 -0.24958068 0.17741452
vn 0.956849 -0.23635158 0.16904992
vn 0.95814013 -0.23247717 0.16709805
vn 0.9598557 -0.22072402 0.17308348
vn 0.97488517 -0.16063297 0.15425923
vn 0.9666393 -0.20202667 0.15746002
vn 0.9743869 -0.1760164 0.13995832
vn 0.9813047 -0.11751318 0.15241984
vn 0.9782609 -0.12757063 0.16349794
vn 0.9817933 -0.1320798 0.13651702
vn 0.63432384 0.45533517 0.6247424
vn 0.5787391 0.5126922 0.63419855
vn 0.49093717 0.58635074 0.6443397
vn 0.4277699 0.6212284 0.6565732
vn 0.17293656 0.67692953 0.71544343
vn 0.68521345 0.3604021 0.632924
vn 0.6969416 0.366167 0.61659884
vn 0.98349625 -0.105823204 0.1467534
vn 0.15107201 0.9699397 0.19077249
vn 0.15107198 0.9699396 0.19077346
vn 0.18110198 0.6972005 0.69362354
vn 0.123943165 0.9915232 -0.038987033
vn 0.12164807 0.9912676 -0.050892793
vn 0 0.9878801 -0.15521848
vn 0.11334099 0.9854032 -0.12702093
vn 0.1062371 0.9822895 -0.15434009
vn -0.08373884 0.98441046 -0.15467332
vn -0.08695062 0.9861659 -0.1411257
vn -0.09421078 0.9936661 -0.061253015
vn -0.246874 0.95927477 -0.13727744
vn -0.24787645 0.9589287 -0.13788752
vn -0.36798587 0.92036515 -0.13234234
vn -0.40260038 0.9139543 -0.05099316
vn -0.49260822 0.8688998 -0.04847939
vn -0.54369646 0.83689815 -0.063210964
vn -0.6047362 0.79547375 -0.038932834
vn -0.7063648 0.7070016 -0.03460275
vn -0.7386067 0.67231333 -0.04954795
vn -0.7842543 0.61982495 -0.027611379
vn -0.81031674 0.58541155 -0.026078366
vn -0.83406734 0.55156684 0.010276128
vn -0.8502605 0.52359915 0.053860933
vn -0.87810403 0.45711446 0.14134921
vn -0.8826681 0.42619446 0.1981298
vn -0.73124796 0.3627998 0.5776268
vn -0.9877954 -0.12742823 0.08956768
vn -0.76650155 0.36090642 0.5312456
vn -0.8827966 0.42499927 0.20011476
vn -0.8836336 0.41544452 0.2158644
vn -0.88051116 0.39538658 0.26147556
vn -0.8742671 0.3837959 0.2972504
vn -0.86276364 0.37257096 0.34180355
vn -0.8383733 0.36414066 0.40562513
vn -0.81690013 0.36152217 0.4494172
vn -0.7958532 0.36019412 0.4867011
vn -0.99175906 -0.11510928 0.05624705
vn -0.9916741 -0.117201455 0.05334965
vn -0.9861893 -0.1469462 0.0764035
vn -0.993308 -0.098721474 0.059944633
vn -0.99393034 -0.095408075 0.054771278
vn -0.99380195 -0.1002077 0.048125412
vn -0.98584336 -0.153353 0.06779253
vn -0.9841636 -0.16230594 0.071266286
vn -0.9001789 -0.35444713 0.25307125
vn -0.8528988 -0.4146671 0.31719822
vn -0.8534211 -0.41100687 0.32053974
vn -0.8261363 -0.44023255 0.35170197
vn -0.77270085 -0.48496813 0.4095597
vn -0.77373964 -0.4839552 0.40879607
vn -0.7839676 -0.47406566 0.40081963
vn -0.808026 -0.4503591 0.37982982
vn -0.81247824 -0.45458394 0.36501026
vn -0.7715618 -0.4904811 0.40511793
vn -0.7853787 -0.46557868 0.40794206
vn -0.98298085 -0.17569222 0.053673577
vn -0.98159033 -0.18265006 0.055851255
vn -0.9670724 -0.23083748 0.107168
vn -0.9651345 -0.23775181 0.1094967
vn -0.942685 -0.2897042 0.16557911
vn -0.9404153 -0.29576448 0.16775669
vn -0.8988649 -0.36491504 0.24264945
vn -0.7609047 -0.48361763 0.43259445
vn -0.74849623 -0.49103263 0.445691
vn -0.70264155 -0.5136494 0.4924014
vn -0.6761121 -0.52487105 0.51709074
vn -0.56386155 -0.5500244 0.61606276
vn -0.52752554 -0.5536805 0.644325
vn -0.4679953 -0.55628103 0.68668175
vn -0.27419582 -0.54233444 0.79416
vn -0.16262369 -0.519826 0.83865035
vn -0.16382098 -0.54637367 0.82136387
vn -0.11944893 -0.55104434 0.8258826
vn -0.10143879 -0.5407418 0.83505005
vn -0.16406196 -0.52562225 0.83474845
vn -0.1125963 -0.703909 0.70130897
vn -0.06945942 -0.7059554 0.70484203
vn -0.062497344 -0.72201055 0.68905354
vn 0.012608706 -0.71979254 0.69407475
vn 0.01794942 -0.7184197 0.69537836
vn 0.01452522 -0.7234504 0.6902234
vn -0.00290555 -0.72594666 0.68774486
vn -0.015843261 -0.72723156 0.6862094
vn -0.023883827 -0.72905505 0.6840383
vn -0.022217924 -0.73725814 0.67524576
vn 0.03459606 -0.7344807 0.6777472
vn 0.03240784 -0.755115 0.6547909
vn 0.047222532 -0.74472517 0.6656985
vn 0.026157798 -0.7494799 0.66151017
vn 0.10565692 -0.72916865 0.67612845
vn 0.13167751 -0.74211246 0.65721387
vn 0.1833943 -0.7304295 0.6579053
vn 0.20773731 -0.7228011 0.65909314
vn 0.22023113 -0.7284868 0.64869505
vn 0.6743117 -0.6261594 0.39144376
vn 0.7428527 -0.55800086 0.36987147
vn 0.7495785 -0.54564095 0.37471056
vn 0.22228032 -0.79878736 0.55904394
vn 0.2672159 -0.8053233 0.5291975
vn 0.26497915 -0.8593378 0.43740666
vn 0.29216397 -0.8669796 0.40371606
vn 0.35228968 -0.8469149 0.39828023
vn 0.39185745 -0.8514246 0.34860274
vn 0.47383404 -0.81242853 0.3397665
vn 0.5073907 -0.80891305 0.297009
vn 0.5829932 -0.75878817 0.29044694
vn 0.6256144 -0.74286985 0.23822492
vn 0.70570874 -0.6679572 0.23623835
vn 0.7988961 -0.4890048 0.35019913
vn 0.8456834 -0.47254768 0.24802865
vn 0.8498451 -0.45840633 0.2600518
vn 0.85472 -0.47522932 0.20883197
vn 0.868295 -0.46385524 0.17578991
vn 0.8988949 -0.38971308 0.20027915
vn 0.9021306 -0.35778487 0.24114391
vn 0.91160566 -0.34106886 0.22944959
vn 0.91431075 -0.3338822 0.22925663
vn 0.91463286 -0.33296832 0.22930095
vn 0.9086425 -0.34808663 0.2306609
vn 0.9146855 -0.33290252 0.22918634
vn 0.91641784 -0.32998946 0.22646257
vn 0.91939217 -0.3242615 0.22264886
vn 0.9233294 -0.3153611 0.21911211
vn 0.9194275 -0.3188552 0.23018312
vn 0.91308707 -0.32946512 0.24025951
vn 0.9323948 -0.2958611 0.20762007
vn 0.9329151 -0.29463926 0.20701982
vn 0.93465036 -0.29091015 0.2044501
vn 0.9339575 -0.29286912 0.2048197
vn 0.93187284 -0.3130505 0.18333706
vn 0.9407892 -0.29822683 0.16117185
vn 0.9477199 -0.2811642 0.1509094
vn 0.95787156 -0.23434229 0.16602957
vn 0.9543936 -0.24350215 0.17274122
vn 0.9542945 -0.24375966 0.17292584
vn 0.94888884 -0.2782471 0.14895822
vn 0.95545757 -0.2597962 0.14002356
vn 0.95869124 -0.23200004 0.16458158
vn 0.9588288 -0.23161566 0.16432081
vn 0.9588918 -0.23142673 0.16422041
vn 0.9607279 -0.22608379 0.16089816
vn 0.96082085 -0.22579531 0.16074723
vn 0.96544605 -0.21218273 0.15130244
vn 0.9833422 -0.1261788 0.13083272
vn 0.97472847 -0.1749292 0.13893968
vn 0.98326856 -0.14227842 0.1137528
vn 0.9672257 -0.20722729 0.14673583
vn 0.97110116 -0.19561699 0.13673536
vn 0.9737829 -0.18646966 0.13029172
vn 0.9873183 -0.08977173 0.1309341
vn 0.9859107 -0.09574031 0.13716352
vn 0.9879717 -0.10281187 0.11550509
vn 0.8879148 0.38897684 0.24556966
vn 0.8889322 0.39509103 0.231738
vn 0.88972735 0.4029307 0.21455081
vn 0.8876372 0.42027858 0.18832453
vn 0.87623894 0.4677996 0.11562343
vn 0.8519264 0.52088535 0.05384881
vn 0.7117975 0.36458418 0.6003521
vn 0.8312958 0.55581886 0.0035500617
vn 0.8187183 0.57392204 -0.01771814
vn 0.7884914 0.614753 -0.018978678
vn 0.7024013 0.7099849 -0.0505353
vn 0.68160784 0.73135364 -0.023078857
vn 0.515105 0.85670054 -0.027034348
vn 0.35904408 0.6563659 0.66352934
vn 0.28799617 0.6805337 0.6737448
vn 0.20130229 0.69873124 0.68647796
vn 0.7593352 0.35723707 0.5438672
vn 0.30383733 0.95266294 0.010784576
vn 0.19663021 0.9771809 -0.080336004
vn 0.15781227 0.98661244 -0.041124552
vn 0.196245 0.9725086 -0.12535878
vn 0 0.9588865 -0.28379002
vn 0.09428668 0.962965 -0.252603
vn 0.08590603 0.95534164 -0.28274092
vn 0.19633062 0.97248334 -0.12542135
vn 0.19650553 0.9486447 -0.247909
vn 0.19531682 0.94864476 -0.24884644
vn -0.067325175 0.9567108 -0.2831461
vn -0.07130382 0.9605428 -0.2688369
vn -0.08156337 0.9807778 -0.17726336
vn -0.0815069 0.96011394 -0.26746574
vn -0.2480886 0.93320316 -0.25996903
vn -0.2488843 0.9328676 -0.26041263
vn -0.3594907 0.89878607 -0.25089866
vn -0.38863617 0.89247626 -0.22901523
vn -0.38170514 0.9136582 -0.13974975
vn -0.5525096 0.8239241 -0.12602437
vn -0.5566777 0.82155687 -0.123102345
vn -0.7379509 0.66740364 -0.10000398
vn -0.73831004 0.66697806 -0.10019249
vn -0.7718759 0.62871903 -0.09444528
vn -0.780561 0.47754177 -0.40333414
vn -0.7913499 0.45242906 -0.4111852
vn -0.80387783 0.42813593 -0.41289228
vn -0.81998754 0.40441436 -0.4050549
vn -0.86391956 0.35583812 -0.3564017
vn -0.89643794 0.33111054 -0.29455885
vn -0.9081871 0.32781708 -0.26025417
vn -0.73845 0.65092635 -0.17602974
vn -0.7377224 0.65123177 -0.17794034
vn -0.73738885 0.6509443 -0.18035835
vn -0.93358314 0.25409293 -0.25270405
vn -0.96177846 0.19415627 -0.19309501
vn -0.9689158 0.1900026 -0.15843365
vn -0.97578245 0.15509814 -0.15425037
vn -0.97852373 0.14615792 -0.14535902
vn -0.9785237 0.1461579 -0.14535901
vn -0.9875173 0.111681394 -0.11107095
vn -0.9900694 0.08170659 -0.11439716
vn -0.99047136 0.07942304 -0.1125102
vn -0.9939165 0.0604149 -0.09208742
vn -0.9955594 0.046967275 -0.08158165
vn -0.9973361 0.031408582 -0.06583343
vn -0.99864733 0.012245654 -0.05053172
vn -0.9993069 -0.0011024928 -0.037208293
vn -0.99944836 -0.007953722 -0.032244712
vn -0.99935144 -0.035373706 -0.0067265546
vn -0.99901646 -0.043686196 0.0075850044
vn -0.9969192 -0.07030589 0.034775577
vn -0.9982355 -0.059113443 0.0056118197
vn -0.9981441 -0.060829252 0.0028416817
vn -0.99563175 -0.08998739 0.024894156
vn -0.9952343 -0.09632982 0.015138726
vn -0.99412984 -0.10653661 0.01886271
vn -0.9919294 -0.12676953 0.0023430444
vn -0.9928538 -0.11933648 0.00015180922
vn -0.8922072 -0.37782052 0.24742274
vn -0.82975876 -0.4518338 0.3276376
vn -0.8133867 -0.46402803 0.35082793
vn -0.7990541 -0.4696273 0.37544996
vn -0.79737025 -0.47897774 0.36712533
vn -0.6740066 -0.55777115 0.48436186
vn -0.67561585 -0.55657655 0.48349324
vn -0.726919 -0.51911485 0.44956487
vn -0.74548024 -0.5058618 0.4340082
vn -0.7447906 -0.5141142 0.42540997
vn -0.67292064 -0.5620358 0.48092982
vn -0.74458814 -0.515073 0.42460358
vn -0.9891208 -0.14681745 -0.009204744
vn -0.9800336 -0.19465134 0.040559694
vn -0.99049664 -0.13703524 -0.011733577
vn -0.9792904 -0.19815868 0.04151435
vn -0.9636608 -0.24939659 0.09570421
vn -0.9633332 -0.25053152 0.096036516
vn -0.93899804 -0.30657157 0.15587363
vn -0.93834984 -0.30827558 0.15641502
vn -0.89109457 -0.38540825 0.23960587
vn -0.6595795 -0.5654645 0.49518156
vn -0.6364838 -0.5775921 0.51115143
vn -0.56267786 -0.61433166 0.5531638
vn -0.538704 -0.6272589 0.5624449
vn -0.5173689 -0.63270426 0.5762072
vn -0.16455796 -0.5273869 0.8335368
vn -0.16401292 -0.54638004 0.8213212
vn -0.16957037 -0.552445 0.81611913
vn -0.16190475 -0.7057694 0.689693
vn -0.16108215 -0.72133636 0.6735921
vn -0.07527288 -0.72428596 0.6853786
vn -0.16741465 -0.7060266 0.6881124
vn -0.07345304 -0.7280497 0.68157786
vn -0.09211878 -0.7295197 0.6777279
vn -0.103236854 -0.7299482 0.67566097
vn -0.1172954 -0.73221874 0.67089313
vn -0.115909845 -0.7391685 0.6634718
vn -0.031704705 -0.73970336 0.6721859
vn -0.030094963 -0.7602012 0.64899033
vn 0.021148346 -0.75708294 0.6529764
vn 0.030419646 -0.7854101 0.61822784
vn 0.0058566397 -0.78647006 0.6176006
vn 0.0047005946 -0.789502 0.6137301
vn 0.043584064 -0.8001221 0.59825164
vn 0.12944083 -0.80736685 0.57567686
vn 0.1467023 -0.81714237 0.55745566
vn 0.18214814 -0.8084132 0.55972326
vn 0.7810283 -0.585119 0.21824457
vn 0.7260828 -0.6541792 0.21178603
vn 0.8012742 -0.56660515 0.1921414
vn 0.14151005 -0.8810556 0.45134917
vn 0.1477404 -0.8840187 0.4434904
vn 0.15343815 -0.8908429 0.42761636
vn 0.22245184 -0.9155147 0.33518347
vn 0.2864468 -0.9000524 0.32841125
vn 0.30044994 -0.90252864 0.30849963
vn 0.38577327 -0.8810024 0.27388665
vn 0.4027049 -0.882719 0.24214879
vn 0.5022353 -0.83506215 0.22456849
vn 0.6246866 -0.76850784 0.13842832
vn 0.52585614 -0.8298781 0.1864879
vn 0.7422739 -0.665142 0.08133649
vn 0.6548827 -0.7520193 0.07480293
vn 0.8205719 -0.56649697 0.0757829
vn 0.8410393 -0.53857666 0.05087367
vn 0.88401026 -0.46036375 0.08118626
vn 0.89116675 -0.44961178 0.06058847
vn 0.9098554 -0.40667337 0.082339175
vn 0.93028283 -0.36390248 0.04635694
vn 0.9481939 -0.29097447 0.127524
vn 0.91831577 -0.3339989 0.21246395
vn 0.91933906 -0.32448456 0.22254336
vn 0.91227037 -0.3395884 0.22900328
vn 0.9549895 -0.2809291 0.09525692
vn 0.9894662 -0.13106403 -0.06147234
vn 0.99449074 -0.09785616 -0.03757946
vn 0.96529114 -0.21584377 0.14705285
vn 0.9626134 -0.23824406 0.12889986
vn 0.99552596 -0.09422015 0.0071132854
vn 0.9830563 -0.165238 0.07935171
vn 0.9813094 -0.172542 0.08521179
vn 0.97744113 -0.18764639 0.096941814
vn 0.9745799 -0.1983646 0.10414189
vn 0.9948882 -0.09190696 -0.041840095
vn 0.97168493 -0.19503331 0.13338085
vn 0.9716398 -0.19419634 0.13492164
vn 0.9915388 -0.084916055 0.09818336
vn 0.9847866 -0.13638042 0.10768269
vn 0.9904888 -0.10709853 0.08638187
vn 0.98085797 -0.16210905 0.10788059
vn 0.9844501 -0.1454707 0.098470055
vn 0.9808574 -0.16213244 0.10785077
vn 0.99360156 -0.064645566 0.09261107
vn 0.9930457 -0.05651557 0.10327761
vn 0.9909323 -0.06413265 0.118068635
vn 0.9934735 -0.07151222 0.08886243
vn 0.79305595 0.35060516 0.4981348
vn 0.88716716 0.3835537 0.2565562
vn 0.8362153 0.3475251 0.42422923
vn 0.8485562 0.34793296 0.39861652
vn 0.866278 0.3502365 0.356226
vn 0.874287 0.35573056 0.3302697
vn 0.88421 0.3686635 0.28680977
vn 0.9936404 0.09712895 -0.056960892
vn 0.9920237 0.106077895 -0.068092585
vn 0.99139833 0.109176196 -0.07217989
vn 0.98846966 0.12691356 -0.082587525
vn 0.9820015 0.15358499 -0.10993045
vn 0.97090614 0.18822494 -0.1480291
vn 0.96110594 0.21806586 -0.16947734
vn 0.9347859 0.26824656 -0.23285009
vn 0.90488607 0.3226683 -0.27760813
vn 0.86474967 0.36983734 -0.33974734
vn 0.83333075 0.40908757 -0.3717625
vn 0.83221173 0.4113404 -0.37178323
vn 0.80258083 0.4806649 -0.35330647
vn 0.7602321 0.62912375 -0.16202
vn 0.78408545 0.6151718 -0.082303375
vn 0.70314705 0.70476496 -0.09428999
vn 0.7016175 0.70639277 -0.09349944
vn 0.5162986 0.8495527 -0.108148
vn 0.5101105 0.85955614 -0.030830964
vn 0.53030676 0.8404754 -0.111246854
vn 0.42283466 0.9056244 -0.03248335
vn 0.3711798 0.9268377 -0.05654556
vn 0.37052032 0.92138875 -0.11729272
vn 0.36813325 0.92213565 -0.11892802
vn 0 0.9136544 -0.4064919
vn 0.07369808 0.92507976 -0.37255326
vn 0.06376366 0.91179514 -0.40566468
vn 0.19511952 0.9097734 -0.36638892
vn 0.36805212 0.8997283 -0.23457772
vn 0.36722106 0.8999122 -0.23517373
vn 0.3677942 0.87508225 -0.3145767
vn 0.3511836 0.8675139 -0.35226366
vn 0.19879997 0.90803427 -0.36871737
vn -0.049540427 0.9125325 -0.40599272
vn -0.053777516 0.9184405 -0.39188662
vn -0.079575315 0.95994025 -0.26866823
vn -0.07933935 0.91687196 -0.39121738
vn -0.07983307 0.9167148 -0.39148524
vn -0.24912034 0.8906558 -0.3803567
vn -0.24920276 0.8906153 -0.3803977
vn -0.35482916 0.85978925 -0.36723134
vn -0.40235618 0.85984254 -0.3142932
vn -0.53683746 0.79240876 -0.28964454
vn -0.5644999 0.796245 -0.21756323
vn -0.54554003 0.811784 -0.20830908
vn -0.71698225 0.6457824 -0.26249102
vn -0.7191593 0.6093524 -0.33391538
vn -0.7404407 0.5541293 -0.380379
vn -0.7446174 0.5435544 -0.38741907
vn -0.7401925 0.54754746 -0.3902651
vn -0.73919415 0.54803526 -0.39147055
vn -0.7393973 0.49824142 -0.45282134
vn -0.8034979 0.39842346 -0.4423231
vn -0.81801087 0.38932154 -0.42342302
vn -0.82109094 0.38901544 -0.41770408
vn -0.81982106 0.39221874 -0.41720232
vn -0.73735976 0.4989373 -0.45537022
vn -0.73725617 0.44379193 -0.5094136
vn -0.7372887 0.4437515 -0.50940156
vn -0.79655194 0.40302274 -0.45064127
vn -0.8464201 0.3612836 -0.39121252
vn -0.86371666 0.34192201 -0.37024698
vn -0.8659306 0.33890134 -0.3678453
vn -0.8966083 0.29630843 -0.32908186
vn -0.89918554 0.29207012 -0.3258227
vn -0.92237127 0.25499526 -0.2901871
vn -0.933347 0.23782802 -0.26888898
vn -0.57096195 0.76054907 -0.30914024
vn -0.9610878 0.17521885 -0.21356152
vn -0.9614267 0.17436337 -0.21273497
vn -0.9666452 0.1599006 -0.20007183
vn -0.975475 0.1369308 -0.17233226
vn -0.9778811 0.12871525 -0.16486612
vn -0.9836952 0.106560014 -0.14487432
vn -0.98344237 0.10563823 -0.14724666
vn -0.9897229 0.075600795 -0.12137955
vn -0.98999316 0.073947646 -0.12018857
vn -0.995067 0.04337284 -0.089221865
vn -0.996968 0.02516901 -0.07362995
vn -0.9978323 0.011634616 -0.06477181
vn -0.99913013 -0.013897698 -0.039314814
vn -0.9990304 -0.039809365 -0.018799163
vn -0.9985252 -0.04207776 -0.034303166
vn -0.99814796 -0.05363682 -0.028699687
vn -0.9963743 -0.07020824 -0.04805216
vn -0.99607944 -0.07710169 -0.043371912
vn -0.99360615 -0.10287089 -0.046523083
vn -0.993585 -0.103137285 -0.04638402
vn -0.88932097 -0.38878363 0.24073943
vn -0.82829636 -0.46070278 0.31887028
vn -0.79375595 -0.5013651 0.344361
vn -0.76841336 -0.5173424 0.37669304
vn -0.7705975 -0.50479466 0.38905233
vn -0.7266381 -0.5312153 0.43566903
vn -0.72474796 -0.5400148 0.42793027
vn -0.64933807 -0.577693 0.4946017
vn -0.53769696 -0.6303692 0.5599256
vn -0.64836854 -0.5814418 0.49147096
vn -0.99306107 -0.104449086 -0.054037567
vn -0.9913488 -0.11901002 -0.05535574
vn -0.9877813 -0.15466945 -0.019118363
vn -0.98777133 -0.1547337 -0.019109538
vn -0.97812897 -0.20540874 0.03272542
vn -0.97711617 -0.21006823 0.033395402
vn -0.9618811 -0.25995085 0.08491353
vn -0.96186465 -0.25997308 0.08503192
vn -0.9372106 -0.3172559 0.14486185
vn -0.9369462 -0.31749177 0.14605018
vn -0.8879704 -0.39789563 0.2306243
vn -0.88789386 -0.39793947 0.23084328
vn -0.43504825 -0.65845174 0.61414516
vn -0.435621 -0.65826494 0.61393934
vn -0.5341117 -0.6320727 0.5614347
vn -0.40962395 -0.6720869 0.6168529
vn -0.3848652 -0.6474576 0.65778226
vn -0.21599104 -0.5940072 0.7749216
vn -0.23690583 -0.6209853 0.7471632
vn -0.23044355 -0.7010186 0.6748843
vn -0.2784841 -0.69720733 0.6605668
vn -0.2733629 -0.7105107 0.64841914
vn -0.16940601 -0.7220907 0.6707359
vn -0.16727608 -0.7269477 0.6660073
vn -0.19847472 -0.7272021 0.6571034
vn -0.19853455 -0.72701406 0.6572934
vn -0.21310838 -0.7284958 0.6510597
vn -0.21210562 -0.73392123 0.6452681
vn -0.122907855 -0.74047595 0.6607487
vn -0.12097298 -0.7618548 0.6363511
vn -0.034163263 -0.7613556 0.64743394
vn -0.03426603 -0.7901378 0.6119706
vn -0.008083022 -0.87296 0.48772484
vn 0.037130307 -0.8707975 0.49023768
vn -0.007862062 -0.8161987 0.57771784
vn -0.017917281 -0.84534144 0.5339259
vn -0.021254852 -0.8619995 0.50646335
vn -0.050213173 -0.7951312 0.604355
vn -0.052139245 -0.8212544 0.5681749
vn 0.06577512 -0.8896026 0.4519743
vn 0.7683166 -0.6378716 0.053003773
vn 0.055981167 -0.9463208 0.31834418
vn 0.06520737 -0.950205 0.3047269
vn 0.11485045 -0.9611423 0.25102752
vn 0.13776682 -0.95852643 0.24949433
vn 0.19009331 -0.95906276 0.20991199
vn 0.20766918 -0.9558939 0.20770293
vn 0.2631667 -0.9508335 0.16327548
vn 0.27753654 -0.947171 0.16075042
vn 0.28093812 -0.94570094 0.16347353
vn 0.39056444 -0.90501606 0.1685391
vn 0.4288483 -0.89796317 0.09874853
vn 0.503895 -0.86023986 0.077957086
vn 0.5314242 -0.84648275 0.032487135
vn 0.641966 -0.76640147 0.022548344
vn 0.6587585 -0.7511332 -0.042849123
vn 0.7542844 -0.64522165 -0.12142557
vn 0.7882655 -0.60953915 -0.08425758
vn 0.8170608 -0.5688159 -0.0941286
vn 0.8522707 -0.5196879 -0.059657224
vn 0.8575844 -0.51036936 -0.06381282
vn 0.8987676 -0.43807456 -0.017538685
vn 0.9282975 -0.37168694 0.010603645
vn 0.902231 -0.4303499 -0.027897652
vn 0.93284917 -0.35622013 -0.053849265
vn 0.96175617 -0.27090758 0.040423818
vn 0.9821772 -0.15487729 -0.10649329
vn 0.9895323 -0.1241796 -0.07352007
vn 0.9648606 -0.2626975 0.0058462624
vn 0.989937 -0.1087912 -0.09049484
vn 0.9912982 -0.09807952 -0.08779611
vn 0.9938487 -0.083289385 -0.07299047
vn 0.9951766 -0.08419469 -0.05034683
vn 0.9773265 -0.17795782 0.11473412
vn 0.995889 -0.072972216 -0.053667646
vn 0.99722254 -0.061453737 -0.042079892
vn 0.9976939 -0.06025936 -0.031239582
vn 0.9977753 -0.062648796 -0.022791486
vn 0.99641454 -0.084593214 0.0014226056
vn 0.9917318 -0.1165953 0.053604636
vn 0.986422 -0.14609046 0.07502763
vn 0.9958726 -0.087683156 0.02343869
vn 0.9956064 -0.0897871 0.026571123
vn 0.9853126 -0.14790013 0.0853507
vn 0.9846657 -0.15035324 0.08847233
vn 0.98256224 -0.15766053 0.09856214
vn 0.982466 -0.15800852 0.09896424
vn 0.98081553 -0.16520905 0.103474095
vn 0.99726915 -0.042352702 0.060501613
vn 0.9955876 -0.0752163 0.056106936
vn 0.9976308 -0.053545646 0.043193176
vn 0.9950438 -0.088675596 0.044994958
vn 0.9953863 -0.08564484 0.043255195
vn 0.9942239 -0.09836893 0.04292368
vn 0.9982635 -0.026702374 0.052507877
vn 0.9981842 -0.025312517 0.05465952
vn 0.99796516 -0.018438814 0.061037786
vn 0.997299 -0.02257514 0.06989366
vn 0.9974117 0.06833598 -0.022361232
vn 0.99853134 -0.0069196597 0.05373273
vn 0.9994358 0.019804811 0.027125897
vn 0.99957764 0.021716762 0.019315727
vn 0.9993494 0.0356667 0.0053590285
vn 0.99902964 0.043723103 -0.0053021302
vn 0.99906963 0.040108852 -0.015846068
vn 0.99870217 0.042595785 -0.027918397
vn 0.9918971 0.09663824 -0.08246905
vn 0.9909092 0.10359133 -0.08583606
vn 0.9694092 0.18153611 -0.16519824
vn 0.9692984 0.18188797 -0.16546088
vn 0.9338513 0.26019993 -0.24539302
vn 0.9324293 0.26315728 -0.24763618
vn 0.86227703 0.36468953 -0.3513969
vn 0.8617355 0.36542833 -0.3519574
vn 0.838667 0.39152402 -0.37861156
vn 0.7022177 0.5278661 -0.47775286
vn 0.7029731 0.5276361 -0.47689515
vn 0.82631695 0.38764697 -0.40857092
vn 0.79167545 0.40732923 -0.45533836
vn 0.74673986 0.43396762 -0.50403535
vn 0.7030408 0.47107533 -0.5327492
vn 0.70284843 0.5936283 -0.39193052
vn 0.7798189 0.5224148 -0.34491333
vn 0.7436766 0.60691285 -0.28036013
vn 0.7504703 0.6351758 -0.18260898
vn 0.70324296 0.68327296 -0.19643664
vn 0.49041024 0.84330106 -0.21986598
vn 0.6991625 0.6863985 -0.2000723
vn 0.5593469 0.79581594 -0.23196542
vn 0.050822034 0.8695578 -0.49120912
vn 0.040775955 0.85201806 -0.52192205
vn 0 0.85272723 -0.52235645
vn 0.19883901 0.85383284 -0.48107412
vn 0.19741136 0.8535486 -0.48216558
vn 0.5154316 0.80640817 -0.28988957
vn 0.51501876 0.78926593 -0.33438733
vn 0.36730012 0.856412 -0.362835
vn 0.3673538 0.82226443 -0.4346635
vn 0.34447068 0.8179077 -0.46083283
vn -0.030749919 0.85232395 -0.52210945
vn -0.03528691 0.8604679 -0.50828123
vn -0.079713486 0.8582643 -0.5069795
vn -0.08165625 0.8575117 -0.50794274
vn -0.2491734 0.8332475 -0.49356994
vn -0.37392333 0.84621686 -0.37960288
vn -0.24980377 0.83289814 -0.49384066
vn -0.35671467 0.803581 -0.47645798
vn -0.37401998 0.8074917 -0.4561426
vn -0.38709188 0.8172043 -0.42700934
vn -0.38702643 0.8278197 -0.40610963
vn -0.5504251 0.7617512 -0.34171256
vn -0.55038637 0.74957 -0.3677221
vn -0.5587006 0.73506945 -0.3840918
vn -0.5718142 0.71944445 -0.39424405
vn -0.5611108 0.7207019 -0.40711612
vn -0.5495728 0.71756345 -0.42786986
vn -0.54941857 0.693401 -0.46619123
vn -0.57093316 0.66806257 -0.47720805
vn -0.5692998 0.6072409 -0.5542168
vn -0.54820365 0.6657253 -0.50624365
vn -0.5482689 0.64175904 -0.53623354
vn -0.8021572 0.3975398 -0.44554
vn -0.8989685 0.28697103 -0.3309126
vn -0.8968492 0.29089093 -0.33323252
vn -0.89576876 0.29270867 -0.3345444
vn -0.88168854 0.31494102 -0.35133675
vn -0.878209 0.31968164 -0.35574245
vn -0.81594265 0.381065 -0.43477237
vn -0.8957271 0.28378496 -0.34225607
vn -0.85082686 0.3560318 -0.3864388
vn -0.55156857 0.5728042 -0.60635585
vn -0.7043156 0.47024095 -0.5318015
vn -0.7348494 0.4455109 -0.51138675
vn -0.54127216 0.605735 -0.5831892
vn -0.73618984 0.44436738 -0.5104528
vn -0.745207 0.4331638 -0.50698686
vn -0.80885416 0.3733268 -0.4542929
vn -0.924437 0.25110212 -0.28699124
vn -0.92560077 0.24891147 -0.2851427
vn -0.935135 0.23067234 -0.26891017
vn -0.9350863 0.22859907 -0.27084324
vn -0.95881426 0.17556679 -0.22327474
vn -0.96833026 0.15211937 -0.1979801
vn -0.96877044 0.15311004 -0.19504122
vn -0.932727 0.23364677 -0.27464458
vn -0.9747115 0.12750244 -0.18352288
vn -0.98937094 0.07111759 -0.12683657
vn -0.99138975 0.05620888 -0.11826617
vn -0.9968808 0.015760817 -0.0773326
vn -0.9977142 -0.009333165 -0.06692715
vn -0.99535924 -0.013708117 -0.0952477
vn -0.99586976 -0.031130098 -0.08528913
vn -0.996212 -0.04785645 -0.07260468
vn -0.9963582 -0.06400919 -0.05633148
vn -0.9952814 -0.010492616 -0.096461765
vn -0.9944912 -0.07868806 -0.06924965
vn -0.9943482 -0.08196004 -0.06748462
vn -0.9936418 -0.08662727 -0.071914315
vn -0.7950759 -0.50118005 0.34157392
vn -0.79371834 -0.50158584 0.34412616
vn -0.6878271 -0.5762575 0.44138557
vn -0.6932661 -0.57177585 0.43869615
vn -0.686678 -0.58296984 0.43430343
vn -0.69498646 -0.56290525 0.44736063
vn -0.6294501 -0.59459007 0.5002551
vn -0.6273053 -0.6028845 0.49296877
vn -0.5314945 -0.64066094 0.5541363
vn -0.9909527 -0.11271284 -0.072862126
vn -0.9927274 -0.07989988 -0.09004675
vn -0.98714304 -0.14296189 -0.07148879
vn -0.98404294 -0.173173 -0.040875085
vn -0.99037904 -0.115842976 -0.07569554
vn -0.98380893 -0.17452037 -0.040775336
vn -0.97376853 -0.2272215 0.012046977
vn -0.9737205 -0.22736569 0.013163589
vn -0.9584563 -0.27798173 0.063936055
vn -0.9581666 -0.2789604 0.064016424
vn -0.9335862 -0.33688042 0.122181706
vn -0.9319675 -0.3411677 0.1226425
vn -0.8837936 -0.42115387 0.20380971
vn -0.8830902 -0.4225424 0.20398441
vn -0.79085135 -0.5259568 0.31292763
vn -0.26402196 -0.64207935 0.7197406
vn -0.40623823 -0.67307055 0.61801827
vn -0.3813263 -0.678128 0.62827754
vn -0.36106715 -0.67531866 0.64309824
vn -0.28898838 -0.657247 0.696069
vn -0.52101433 -0.64621717 0.55762666
vn -0.4029177 -0.6850725 0.60690445
vn -0.40203387 -0.68518454 0.6073639
vn -0.28101826 -0.6589726 0.6976989
vn -0.27849647 -0.6972051 0.66056406
vn -0.28362343 -0.7104053 0.6441135
vn -0.33032054 -0.6886438 0.64549047
vn -0.28111395 -0.71668935 0.6382251
vn -0.3010056 -0.7165593 0.6292364
vn -0.30146086 -0.7149304 0.6308692
vn -0.31232318 -0.7166183 0.6236285
vn -0.31147563 -0.72113556 0.6188267
vn -0.21957834 -0.73475206 0.64181376
vn -0.21726489 -0.7579334 0.6150877
vn -0.13033837 -0.7637683 0.6321945
vn -0.12969781 -0.797451 0.5892796
vn -0.024947992 -0.8732004 0.4867224
vn -0.027963357 -0.89426947 0.4466545
vn -0.027615162 -0.89738655 0.44038033
vn -0.027430927 -0.8976311 0.439893
vn -0.0129486425 -0.914158 0.4051513
vn -0.0051057097 -0.9235385 0.3834717
vn 0.010362931 -0.9324001 0.3612789
vn 0.04832524 -0.9460269 0.32046476
vn 0.051300537 -0.9466435 0.3181733
vn -0.07386887 -0.8283913 0.55525774
vn -0.076883376 -0.85307527 0.5160926
vn -0.11508253 -0.8650879 0.48824057
vn -0.116954066 -0.8798244 0.46068493
vn -0.10896225 -0.88297695 0.45659488
vn -0.14296079 -0.80040187 0.58216757
vn -0.14455073 -0.8312793 0.5367306
vn 0.009477392 -0.80618703 -0.5915849
vn 0.029437892 -0.8121234 -0.58274263
vn 0.1381221 -0.965907 0.21896616
vn 0.18437336 -0.96789473 0.17083974
vn 0.24052964 -0.9654845 0.09992569
vn 0.24898843 -0.9642632 0.09056158
vn 0.33613807 -0.940091 0.056920767
vn 0.30902958 -0.95099324 0.010609397
vn 0.31965846 -0.9475311 -0.0018098732
vn 0.41204625 -0.9104462 0.036132522
vn 0.5092062 -0.86018384 -0.028158572
vn 0.42905608 -0.90327793 -2.7054703e-06
vn 0.5261365 -0.84696656 -0.07633962
vn 0.61826605 -0.77683717 -0.119461775
vn 0.70541304 -0.6811433 -0.19605206
vn 0.75195885 -0.6446245 -0.13790302
vn 0.62169695 -0.77059567 -0.14026864
vn 0.8317096 -0.5296565 -0.16650236
vn 0.7943943 -0.5704112 -0.20873137
vn 0.8430823 -0.5112477 -0.16684702
vn 0.8635219 -0.48374933 -0.14253633
vn 0.8736965 -0.46401346 -0.14610258
vn 0.90789217 -0.40703344 -0.100278124
vn 0.92979616 -0.35752353 -0.08749877
vn 0.91351485 -0.3905132 -0.113973506
vn 0.9374282 -0.3330975 -0.10136339
vn 0.96487224 -0.26169175 -0.023219872
vn 0.96958315 -0.19293992 -0.15060753
vn 0.9700096 -0.18715444 -0.15509541
vn 0.9821579 -0.15354581 -0.10858003
vn 0.96410596 -0.25459918 -0.07535851
vn 0.96381456 -0.2505398 -0.09105674
vn 0.98682815 -0.11758846 -0.11109988
vn 0.98827344 -0.111168794 -0.104676425
vn 0.9824268 -0.13880207 -0.12478656
vn 0.9871043 -0.07306365 -0.14243196
vn 0.9878301 -0.05648936 -0.14491531
vn 0.9896931 -0.052555963 -0.133212
vn 0.991843 -0.03683115 -0.12202881
vn 0.9922931 -0.037913527 -0.11797004
vn 0.99492437 -0.030788507 -0.095800154
vn 0.995125 -0.01147614 -0.09795166
vn 0.9959456 -0.014370345 -0.08880287
vn 0.99698883 -0.015298024 -0.07602071
vn 0.99738723 -0.012195206 -0.071203925
vn 0.99793243 -0.0598856 -0.023336504
vn 0.9985349 -0.051894877 -0.015328291
vn 0.99849033 -0.054290105 -0.008349843
vn 0.99428654 -0.09833192 0.041533828
vn 0.9918686 -0.11511487 0.054269522
vn 0.9989343 -0.04567656 -0.0066174916
vn 0.99891186 -0.04636345 0.0050405017
vn 0.9997278 0.00089960726 0.023313453
vn 0.99967074 0.0005164612 0.025655461
vn 0.99944365 -0.027897572 0.018278511
vn 0.99992657 -0.005860862 0.010602401
vn 0.99921805 -0.03949687 0.0017892818
vn 0.99974275 -0.022337558 0.003951948
vn 0.99931395 0.028445922 -0.023717413
vn 0.998941 0.022016075 -0.040398974
vn 0.9985552 0.025600743 -0.047245238
vn 0.9906016 0.08526891 -0.10694721
vn 0.9904809 0.08605701 -0.10743279
vn 0.96683264 0.16937493 -0.19117206
vn 0.9663144 0.17091744 -0.19241543
vn 0.9292423 0.25026897 -0.2717982
vn 0.9247979 0.25727874 -0.28027928
vn 0.8586775 0.3510927 -0.3733722
vn 0.855873 0.35478297 -0.37631163
vn 0.4911217 0.6164763 -0.6154319
vn 0.57029384 0.6090361 -0.5512169
vn 0.50597376 0.59088767 -0.6283648
vn 0.51097804 0.65971106 -0.551074
vn 0.51118004 0.68843573 -0.5145397
vn 0.5287914 0.6968744 -0.4845057
vn 0.56982535 0.6863678 -0.45188296
vn 0.70138454 0.5953416 -0.39195415
vn 0.8527043 0.3396017 -0.39694604
vn 0.845764 0.3476322 -0.40476546
vn 0.7485321 0.4320333 -0.5030378
vn 0.7477933 0.43263587 -0.5036182
vn 0.7732581 0.39166108 -0.49867174
vn 0.78487086 0.35629833 -0.50698066
vn 0.78648216 0.33892155 -0.516312
vn 0.073263966 0.69223267 -0.71794593
vn 0.24819814 0.67484504 -0.69496894
vn 0.37011236 0.64440817 -0.669145
vn 0.70131207 0.64714277 -0.29894412
vn 0.6989877 0.6498288 -0.29856098
vn 0.5718882 0.74542016 -0.34248
vn 0.03302496 0.8217085 -0.5689504
vn 0.19735508 0.7842462 -0.5882251
vn 0.095141076 0.7963513 -0.5973047
vn 0.065362975 0.80622387 -0.5879887
vn 0.009998559 0.77730703 -0.6290419
vn 0 0.7773459 -0.6290734
vn 0.35942763 0.8020857 -0.47693846
vn 0.3708688 0.7843118 -0.49730432
vn 0.37083572 0.7625152 -0.5301429
vn 0.34839085 0.750814 -0.56116134
vn 0.3455233 0.7499618 -0.5640666
vn 0.199056 0.7831901 -0.5890585
vn 0.50680405 0.7621294 -0.40287507
vn 0.52474976 0.73167646 -0.4350715
vn -0.00982364 0.77730846 -0.6290431
vn -0.01693037 0.7914454 -0.61100525
vn -0.038266104 0.78617626 -0.6168166
vn -0.08160339 0.78412855 -0.61520994
vn -0.08186452 0.7840111 -0.615325
vn -0.24932036 0.7618099 -0.5979005
vn -0.24973027 0.7618918 -0.5976249
vn -0.37306586 0.7385268 -0.56160474
vn -0.39070553 0.76391435 -0.51359916
vn -0.3595938 0.801446 -0.4778875
vn -0.3551621 0.73552483 -0.5769428
vn -0.37908053 0.7101029 -0.59333944
vn -0.3930372 0.6624114 -0.63775617
vn -0.90214044 0.27237445 -0.33459657
vn -0.929441 0.22720978 -0.29071504
vn -0.93492526 0.21933617 -0.2789379
vn -0.826805 0.35000437 -0.44032994
vn -0.89534074 0.26221386 -0.36001244
vn -0.36207807 0.6547482 -0.66347903
vn -0.0046044867 0.70494723 -0.7092448
vn -0.67363834 0.41789496 -0.6095698
vn -0.68952125 0.43321422 -0.58041865
vn -0.25408417 0.6838973 -0.6839047
vn -6.080486e-05 0.70710295 -0.7071106
vn -0.7884607 0.34079897 -0.51204085
vn -0.77424866 0.385474 -0.5019452
vn -0.8209089 0.3371656 -0.46089906
vn -0.9500383 0.177841 -0.25651452
vn -0.9745995 0.12760061 -0.18404873
vn -0.97461027 0.11505196 -0.19208845
vn -0.98099375 0.08441095 -0.17471734
vn -0.98871166 0.050336573 -0.14112163
vn -0.98944044 0.047107402 -0.13707167
vn -0.9915887 0.026351163 -0.12671807
vn -0.99370366 0.0058634733 -0.11188766
vn -0.989583 0.0075340704 -0.14376597
vn -0.99057907 -0.008568015 -0.13667387
vn -0.99212927 -0.0178376 -0.12394033
vn -0.99372303 -0.038356148 -0.1050868
vn -0.99388033 -0.05467309 -0.09598256
vn -0.99430126 -0.058670156 -0.08901058
vn -0.9923223 -0.064108066 -0.10576597
vn -0.7880257 -0.5299297 0.31335312
vn -0.68839246 -0.6067164 0.3975061
vn -0.6808081 -0.60967535 0.40595108
vn -0.68463594 -0.58472997 0.43516034
vn -0.59930944 -0.6260774 0.49885398
vn -0.60276425 -0.6237838 0.49756312
vn -0.60345364 -0.63049567 0.48817927
vn -0.5983039 -0.631855 0.49273887
vn -0.604318 -0.61658794 0.504598
vn -0.51852244 -0.6545087 0.55022967
vn -0.98908085 -0.047948234 -0.13935538
vn -0.9876983 -0.058161814 -0.14515221
vn -0.989472 -0.11038884 -0.093591586
vn -0.9844977 -0.14012814 -0.10549111
vn -0.986395 -0.1182363 -0.11421436
vn -0.98175466 -0.15268812 -0.11333174
vn -0.97901285 -0.1722677 -0.1088932
vn -0.9757977 -0.20528 -0.07535805
vn -0.9757944 -0.20529616 -0.07535746
vn -0.96604913 -0.2572717 -0.023669766
vn -0.9660471 -0.25735837 -0.02279601
vn -0.95058465 -0.30920243 0.027979244
vn -0.949093 -0.3137393 0.028108925
vn -0.92433435 -0.3720133 0.08492367
vn -0.9210335 -0.38002264 0.085323736
vn -0.8750227 -0.45665616 0.16062492
vn -0.86790484 -0.46977162 0.1614183
vn -0.7798839 -0.56845903 0.26198325
vn -0.50472444 -0.6607911 0.55552536
vn -0.40458342 -0.69263387 0.5971352
vn -0.4000483 -0.69347996 0.59920514
vn -0.40356937 -0.6964886 0.59332556
vn -0.40842408 -0.6960831 0.5904728
vn -0.40767744 -0.7001197 0.586201
vn -0.31531832 -0.7212583 0.6167341
vn -0.31257316 -0.74606246 0.5879531
vn -0.22411157 -0.7587863 0.6115696
vn -0.22305468 -0.7963516 0.5622017
vn -0.11051192 -0.89780706 0.42629755
vn -0.09846888 -0.9015175 0.42139068
vn -0.09848123 -0.90176296 0.42086226
vn -0.074676804 -0.9029463 0.42321548
vn -0.017879046 -0.8323839 -0.55391115
vn -0.013446054 -0.82823575 -0.5602185
vn -0.013018714 -0.8909745 -0.45386663
vn -0.013024464 -0.9319011 -0.3624787
vn -0.0068003773 -0.7861402 -0.61801076
vn -0.15717511 -0.85710514 0.49057811
vn -0.15453495 -0.83361244 0.5302918
vn -0.23944539 -0.8555011 0.45911187
vn -0.2632255 -0.858569 0.43996775
vn -0.26351464 -0.8686459 0.4195407
vn -0.23772328 -0.88018715 0.41080186
vn -0.2375908 -0.88766843 0.39445582
vn -0.20596181 -0.89883417 0.38688084
vn -0.23611051 -0.83057404 0.5043794
vn -0.2352316 -0.79797816 0.5548846
vn 0.020380342 -0.75152236 -0.6593928
vn 0.020656204 -0.75166434 -0.65922225
vn 0.045271896 -0.80191875 -0.5957154
vn -0.006586004 -0.76419187 -0.6449553
vn -0.0032395534 -0.7461177 -0.66580623
vn -0.0031705122 -0.746068 -0.66586226
vn 0.049385834 -0.8018638 -0.59546244
vn 0.06510424 -0.7952966 -0.60271454
vn 0.38399005 -0.92067826 -0.07002334
vn 0.40064758 -0.9131131 -0.07553801
vn 0.35539097 -0.93327403 -0.05193087
vn 0.07526972 -0.7842803 -0.61582375
vn 0.37487325 -0.9230976 -0.08579621
vn 0.4925675 -0.85842556 -0.14311849
vn 0.4437256 -0.88760006 -0.12358726
vn 0.5184768 -0.8364569 -0.17754321
vn 0.5766633 -0.7906756 -0.20564939
vn 0.64953125 -0.7121158 -0.26645866
vn 0.7048692 -0.67956614 -0.20334497
vn 0.57848316 -0.78852195 -0.20878333
vn 0.61391234 -0.7501952 -0.2455989
vn 0.7561623 -0.6036125 -0.252726
vn 0.7932754 -0.57060224 -0.21243219
vn 0.8210022 -0.4975037 -0.2800811
vn 0.8269223 -0.48970398 -0.27638662
vn 0.85511285 -0.4576382 -0.2436171
vn 0.85998726 -0.45012414 -0.2404373
vn 0.87692803 -0.42791054 -0.21883768
vn 0.8864791 -0.4109991 -0.2126841
vn 0.9060459 -0.38080516 -0.18457563
vn 0.9077929 -0.37844676 -0.18080358
vn 0.9191772 -0.35003698 -0.18051995
vn 0.9360186 -0.3179277 -0.15096776
vn 0.9373904 -0.3174103 -0.14335237
vn 0.96163064 -0.25231495 -0.10772089
vn 0.96060526 -0.25238892 -0.11635069
vn 0.9588388 -0.25192484 -0.13100351
vn 0.95940787 -0.2223111 -0.17353448
vn 0.96133995 -0.1931177 -0.19629352
vn 0.9675666 -0.17703827 -0.1802008
vn 0.9700539 -0.17661323 -0.1667427
vn 0.9531704 -0.21434663 -0.21335822
vn 0.97477454 -0.15941954 -0.15620503
vn 0.98101395 -0.13872722 -0.13552272
vn 0.94241035 -0.29626068 -0.15521723
vn 0.93692833 -0.3133542 -0.1548371
vn 0.9859461 -0.08562869 -0.14344975
vn 0.9799558 -0.10404258 -0.16988702
vn 0.98697597 -0.07373699 -0.14297296
vn 0.9772533 -0.060013343 -0.2034071
vn 0.98603797 -0.04712212 -0.15971403
vn 0.9785175 -0.094499506 -0.18323062
vn 0.9763949 -0.08941471 -0.19661614
vn 0.9808129 0.012544614 -0.19454722
vn 0.9810401 0.032986227 -0.19097733
vn 0.9828289 -0.019718772 -0.18346262
vn 0.98058885 0.036334753 -0.19267927
vn 0.98428655 0.056322474 -0.16735509
vn 0.98509973 0.054139607 -0.16324031
vn 0.9880791 0.070844434 -0.13667828
vn 0.99738395 0.006180362 -0.07202196
vn 0.99746066 0.004124252 -0.07110009
vn 0.99860376 0.0004370501 -0.05282307
vn 0.9990546 0.005427507 -0.04313182
vn 0.98806727 0.07092037 -0.136724
vn 0.96285236 0.1556275 -0.22067016
vn 0.9602975 0.16131826 -0.22760744
vn 0.919385 0.24407707 -0.30847597
vn 0.91783327 0.24639475 -0.3112422
vn 0.8664284 0.32076046 -0.38264167
vn 0.36882806 0.65781105 -0.6566966
vn 0.37352037 0.7119207 -0.5946861
vn 0.35154375 0.6721744 -0.6516123
vn 0.546047 0.7075171 -0.44861156
vn 0.85506934 0.32501101 -0.40401033
vn 0.82734823 0.352074 -0.43765143
vn 0.83220464 0.33365825 -0.4428403
vn 0.82775545 0.33518386 -0.4499697
vn 0.854155 0.27664483 -0.44032583
vn 0.85672206 0.2934016 -0.4241966
vn 0.8571257 0.2925887 -0.42394266
vn 0.8580723 0.26816642 -0.4379484
vn 0.85379994 0.24480417 -0.45945248
vn 0.7879553 0.32441437 -0.5233372
vn 0.31187665 0.6008953 -0.735974
vn 0.06887612 0.69239265 -0.718226
vn 0.77615654 0.27779317 -0.5660496
vn 0.7733886 0.27471513 -0.57131577
vn 0.23832288 0.68490636 -0.68855315
vn 0.0396209 0.693212 -0.719644
vn 0.018801646 0.69542956 -0.71834826
vn 0.003170771 0.70522326 -0.70897824
vn 0.23754378 0.68649834 -0.6872358
vn 0.24105348 0.69578105 -0.6765958
vn 0.2416304 0.69672793 -0.6754147
vn 5.975759e-05 0.7187003 -0.69531995
vn 0.00914364 0.7735761 -0.6336374
vn 0.012871519 0.72260225 -0.69114417
vn 0.0033405914 0.7118059 -0.70236826
vn 4.8985086e-05 0.70888156 -0.7053275
vn 0.19935271 0.7399204 -0.64247674
vn 0.19542734 0.7408617 -0.64259785
vn 0.15126255 0.7548131 -0.6382608
vn 0.1253536 0.7640479 -0.63286436
vn 0.096492626 0.78474414 -0.61226285
vn 4.1536558e-05 0.7325669 -0.68069506
vn 0 0.7327863 -0.68045884
vn 0.20851889 0.7285801 -0.65244985
vn 7.3790595e-08 0.7079062 -0.7063064
vn -0.00060685416 0.70834327 -0.7058678
vn -0.0024292343 0.71003467 -0.70416254
vn -0.0030008084 0.71062225 -0.7035673
vn -0.026878621 0.74912584 -0.66188216
vn -0.04028074 0.77362365 -0.6323637
vn -0.0487249 0.77046895 -0.6356126
vn -0.08200634 0.7705111 -0.63212943
vn -0.088280395 0.7583753 -0.6458122
vn -0.111911386 0.74398714 -0.65875566
vn -0.13777855 0.73069656 -0.6686551
vn -0.22068414 0.6985065 -0.6807255
vn -0.24357755 0.68974084 -0.6818558
vn -0.24935359 0.68765444 -0.6818754
vn -0.9041082 0.24551007 -0.34973302
vn -0.95093 0.15745357 -0.26634648
vn -0.95349056 0.16313829 -0.25345963
vn -0.8364494 0.31448582 -0.44883302
vn -0.8983246 0.230421 -0.37405762
vn -0.013313136 0.6986903 -0.7153003
vn 2.54981e-05 0.70710504 -0.70710856
vn 0.0011203806 0.7064689 -0.7077432
vn 0.0018519306 0.7060171 -0.7081924
vn -0.06677471 0.41234797 -0.90857595
vn -0.18583556 0.35424328 -0.9165026
vn -0.28493068 0.3155325 -0.90512645
vn -0.5695281 0.24224265 -0.7854656
vn -0.58224124 0.24486367 -0.77526575
vn -0.59218264 0.24784745 -0.76674074
vn -0.6363348 0.2802631 -0.7187007
vn -0.66238606 0.32421333 -0.67537415
vn -0.6757631 0.39404747 -0.62295336
vn -0.79485 0.27375245 -0.54154694
vn -0.79963267 0.30267322 -0.5186296
vn -0.1394463 0.7042117 -0.69616127
vn 1.4347077e-05 0.7073055 -0.70690805
vn -0.82670546 0.2714078 -0.4928446
vn -0.97016144 0.124584444 -0.20800368
vn -0.97477263 0.097096324 -0.20097403
vn -0.9714575 0.099240586 -0.21545675
vn -0.9785562 0.069200456 -0.1940077
vn -0.98033464 0.05804984 -0.18861088
vn -0.9858935 0.03407657 -0.16386814
vn -0.9776702 0.035398707 -0.20714225
vn -0.98805094 -0.019850064 -0.15284328
vn -0.9765391 0.04300503 -0.21100266
vn -0.77282983 -0.5778585 0.26232347
vn -0.68090767 -0.64875144 0.33983293
vn -0.63146895 -0.6890447 0.35561815
vn -0.5942959 -0.70058817 0.39495403
vn -0.6013746 -0.6545162 0.4582107
vn -0.5997988 -0.6549221 0.45969382
vn -0.5054609 -0.66589046 0.5487252
vn -0.5109387 -0.6697837 0.53882414
vn -0.5046007 -0.6707533 0.5435698
vn -0.5034625 -0.6662572 0.5501154
vn -0.50789726 -0.6948269 0.5091719
vn -0.5077313 -0.69485086 0.50930446
vn -0.96637845 -0.009407891 -0.25695154
vn -0.96665406 -0.011816011 -0.2558129
vn -0.97898144 -0.07636216 -0.18911405
vn -0.9844463 -0.07165958 -0.16040695
vn -0.97622824 -0.097837456 -0.19340703
vn -0.97847635 -0.14289789 -0.14887677
vn -0.972159 -0.17936331 -0.15078378
vn -0.96726143 -0.22946939 -0.10839371
vn -0.96775836 -0.23001288 -0.10265459
vn -0.97176707 -0.18044512 -0.15201412
vn -0.9706547 -0.185484 -0.15305232
vn -0.9584036 -0.2805213 -0.05263632
vn -0.9584312 -0.28070116 -0.051153317
vn -0.9422229 -0.33498272 0.0015816875
vn -0.939757 -0.34183854 0.0018145676
vn -0.9144965 -0.40037477 0.058276586
vn -0.90790695 -0.41500404 0.05896255
vn -0.86161524 -0.48996463 0.13249055
vn -0.8492681 -0.51080155 0.13351218
vn -0.76656747 -0.6008986 0.22648443
vn -0.4151884 -0.699702 0.5814084
vn -0.41180304 -0.7254872 0.5514404
vn -0.32089612 -0.74640864 0.5830092
vn -0.31832746 -0.786966 0.52853763
vn -0.2058445 -0.9002148 0.38372025
vn -0.19639987 -0.90309834 0.38189065
vn -0.16073328 -0.9061782 0.39115968
vn -0.038732775 -0.83961225 -0.5418035
vn -0.066807486 -0.83262306 -0.54979604
vn -0.08579972 -0.8094528 -0.58088267
vn -0.024146074 -0.77219623 -0.6349252
vn -0.238006 -0.8308411 0.50304693
vn -0.31668568 -0.8418809 0.43697447
vn -0.31635907 -0.82170594 0.47404248
vn -0.42068258 -0.82880056 0.3689385
vn -0.37980172 -0.85140187 0.36175352
vn -0.40531528 -0.82486224 0.39410883
vn -0.42127478 -0.8237789 0.3793625
vn -0.33971447 -0.87532157 0.34410188
vn -0.3785106 -0.85796124 0.34732148
vn -0.3238059 -0.88534987 0.33362457
vn -0.3019399 -0.89328486 0.3329782
vn -0.339548 -0.8759858 0.34257293
vn -0.3208655 -0.82005346 0.47387508
vn -0.3212043 -0.78710175 0.52659154
vn 0.0012074906 -0.72688067 -0.6867628
vn 0.089040324 -0.6780822 -0.7295728
vn 0.60490465 -0.3801919 -0.6996745
vn 0.60968506 -0.40710652 -0.6801091
vn 0.5996061 -0.49460948 -0.6291534
vn 0.5885545 -0.5248868 -0.6148961
vn 0.026859283 -0.75203 -0.65858144
vn 0.07902191 -0.77068913 -0.6322925
vn 0.09998274 -0.7668313 -0.63401365
vn 0.07908509 -0.7728184 -0.62968034
vn -0.06945808 -0.7732131 -0.63033104
vn -0.06543439 -0.76515764 -0.6405093
vn -0.024152193 -0.7462809 -0.66519284
vn -0.0058827484 -0.74542624 -0.66656226
vn -0.005228565 -0.7455824 -0.6663929
vn -0.006021816 -0.74481815 -0.6672403
vn -0.010219801 -0.7322393 -0.6809707
vn 0.00035858311 -0.6823745 -0.7310027
vn 0.37626505 -0.92234504 -0.08777413
vn 0.42272192 -0.89146376 -0.1630904
vn 0.4243667 -0.8900482 -0.1665143
vn 0.48004487 -0.84549665 -0.233864
vn 0.4584445 -0.8601301 -0.2236177
vn 0.5169195 -0.8066145 -0.28664833
vn 0.5091739 -0.8121449 -0.28489068
vn 0.59245867 -0.7285003 -0.34391847
vn 0.6548942 -0.7013433 -0.28148052
vn 0.5582028 -0.76958466 -0.31007925
vn 0.58615994 -0.73367864 -0.34370333
vn 0.69920844 -0.6422948 -0.31395042
vn 0.7547925 -0.60305077 -0.2581049
vn 0.7916898 -0.52591306 -0.31087425
vn 0.7900708 -0.52678984 -0.3134975
vn 0.8109491 -0.45313224 -0.37017924
vn 0.82805306 -0.43320492 -0.35589543
vn 0.8408587 -0.4220168 -0.33890757
vn 0.86683714 -0.39022624 -0.3103494
vn 0.8688903 -0.38699603 -0.3086484
vn 0.8884003 -0.3627858 -0.28130284
vn 0.9008849 -0.34192097 -0.26738802
vn 0.90544796 -0.33616257 -0.25915003
vn 0.9172978 -0.31730747 -0.24058416
vn 0.9232187 -0.30425176 -0.23472993
vn 0.93228906 -0.293297 -0.2116932
vn 0.94261104 -0.2943035 -0.15770182
vn 0.94123304 -0.28590783 -0.17982487
vn 0.9585766 -0.25213087 -0.13251708
vn 0.9572225 -0.25225604 -0.14174597
vn 0.95707744 -0.251714 -0.14367588
vn 0.94906145 -0.22615133 -0.2194038
vn 0.95034224 -0.22104023 -0.21906799
vn 0.9514154 -0.21758458 -0.21786577
vn 0.9551697 -0.14105074 -0.26029918
vn 0.9583141 -0.13713264 -0.2506565
vn 0.9485663 -0.16208294 -0.2719395
vn 0.96492994 -0.12641527 -0.23006387
vn 0.9686466 -0.10595657 -0.22471546
vn 0.97182673 -0.10086774 -0.21302226
vn 0.9345999 -0.28907797 -0.20726085
vn 0.96424776 0.011209828 -0.26476517
vn 0.9757993 -0.04082412 -0.21482313
vn 0.9531447 -0.027945034 -0.30122116
vn 0.9531317 -0.027698377 -0.3012851
vn 0.9815861 -0.020413514 -0.18992625
vn 0.9735849 0.0146921845 -0.22785215
vn 0.9623637 0.061090697 -0.26480928
vn 0.97896445 0.041885056 -0.19968556
vn 0.96270084 0.027228203 -0.26919463
vn 0.95353127 0.06772869 -0.29358292
vn 0.96400017 0.09325356 -0.24901314
vn 0.9627778 0.097079664 -0.25225884
vn 0.95779157 0.11394795 -0.26391512
vn 0.95223206 0.1323886 -0.27518582
vn 0.95519805 0.14712131 -0.2568113
vn 0.9563853 0.14476901 -0.25371066
vn 0.9255225 0.20897132 -0.31581488
vn 0.9151119 0.22936127 -0.33160782
vn 0.9138134 0.23237632 -0.333086
vn 0.8777962 0.28826475 -0.38259283
vn 0.92885274 0.16397373 -0.33218253
vn 0.9281717 0.1550626 -0.33830902
vn 0.9128477 0.20943342 -0.35049504
vn 0.915964 0.20582244 -0.34445193
vn 0.9420933 0.099162064 -0.32035473
vn 0.93034333 0.1095515 -0.34994262
vn 0.85881346 0.2325259 -0.45647675
vn 0.93181103 0.14386755 -0.33321232
vn 0.93704677 0.12542121 -0.3259033
vn 0.9412528 0.1049045 -0.32099572
vn 0.8490135 0.18666944 -0.49429807
vn 0.848692 0.18682773 -0.4947902
vn 0.752241 0.25029558 -0.6094961
vn 0.73810005 0.23258135 -0.6333358
vn 0.7044082 0.21169591 -0.67749083
vn 0.068967775 0.67415833 -0.7353598
vn 0.056079935 0.6796588 -0.7313816
vn 0.044250995 0.6851773 -0.7270309
vn 0.03171046 0.6915813 -0.7216021
vn 0.83352405 0.13099152 -0.53672975
vn 0.8184417 0.13293102 -0.5590014
vn 0.004603422 0.7067196 -0.70747876
vn 0.021848965 0.6900218 -0.72345877
vn 0.021863887 0.6865755 -0.72672975
vn 0.021829307 0.6838894 -0.7292591
vn 0.021413568 0.66123277 -0.74987507
vn 0.020837693 0.64088714 -0.7673523
vn 0.01727578 0.5266949 -0.8498788
vn 0.015115887 0.46084517 -0.8873518
vn 0.011973773 0.45701253 -0.8893797
vn -0.0007412248 0.4436796 -0.8961852
vn -0.006160018 0.4390892 -0.89842236
vn -0.044648416 0.42131564 -0.90581435
vn 0.007187363 0.7071409 -0.7070361
vn 0.09585828 0.7228225 -0.68435293
vn 0.008607733 0.7141917 -0.6998973
vn -0.9558399 0.14229594 -0.25714186
vn -0.90875775 0.20801044 -0.36178845
vn -0.95049804 0.12491856 -0.28451484
vn -0.8473055 0.2357526 -0.47591406
vn -0.897495 0.16212913 -0.41014245
vn -0.45786604 0.22869602 -0.85910237
vn -0.45870614 0.22824569 -0.85877395
vn -0.5011177 0.21136786 -0.83916897
vn -0.51885504 0.20540646 -0.8298179
vn -0.54700994 0.19745836 -0.813505
vn -0.0023252922 -0.43195885 -0.9018903
vn -0.0015824987 -0.48038545 -0.8770561
vn -0.0021770904 -0.5857512 -0.81048805
vn 0.0005424435 -0.67305803 -0.73958945
vn -0.12315755 -0.6312604 -0.7657301
vn -0.24263252 -0.47069043 -0.84828067
vn -0.46122485 0.13514778 -0.8769303
vn -0.57522666 0.18634786 -0.7964853
vn -0.619823 0.17193434 -0.7656748
vn -0.63288885 0.16960977 -0.7554365
vn -0.65570784 0.16513625 -0.7367341
vn -0.6699471 0.16179559 -0.7245641
vn -0.67093873 0.16169973 -0.72366744
vn -0.7212382 0.17412066 -0.67044574
vn -0.7342729 0.17646791 -0.6555168
vn -0.7399556 0.1787784 -0.6484628
vn -0.7487772 0.18454911 -0.6366115
vn -0.76685655 0.20208667 -0.6091733
vn -0.78548247 0.21872133 -0.5789459
vn -0.8339342 0.15900825 -0.52846014
vn -0.95405155 0.11235631 -0.2777799
vn -0.9453495 0.054554544 -0.32146218
vn -0.94253755 0.06646901 -0.3274215
vn -0.75199264 -0.6189784 0.22665602
vn -0.62814003 -0.7060463 0.32701495
vn -0.6117713 -0.7209948 0.32542685
vn -0.49614125 -0.7725807 0.3961855
vn -0.49951443 -0.7420324 0.44707197
vn -0.50293195 -0.7400699 0.4464929
vn -0.41368893 -0.7253974 0.55014557
vn -0.41996107 -0.7673605 0.48455188
vn -0.41026235 -0.7678486 0.49202988
vn -0.9289781 -0.0057473253 -0.37009
vn -0.9486303 -0.062129527 -0.31022668
vn -0.95105016 -0.06479418 -0.3021676
vn -0.9634747 -0.12581883 -0.23640278
vn -0.9644502 -0.12612587 -0.23222423
vn -0.96985614 -0.11829839 -0.21303636
vn -0.9629814 -0.21107626 -0.16767071
vn -0.96029186 -0.24543521 -0.13266891
vn -0.96077156 -0.2464502 -0.12720156
vn -0.97036844 -0.18573955 -0.1545504
vn -0.9517032 -0.29711768 -0.07734394
vn -0.9517557 -0.29791325 -0.0735438
vn -0.9671599 -0.17413616 -0.18514371
vn -0.9342888 -0.35612282 -0.016756544
vn -0.9325153 -0.3607678 -0.016178215
vn -0.90438765 -0.42422858 0.04596838
vn -0.8960019 -0.441423 0.048234276
vn -0.84704584 -0.5168069 0.12419404
vn -0.8325686 -0.5391695 0.1269876
vn -0.7505262 -0.6236085 0.21868417
vn -0.29153997 -0.90147936 0.31990537
vn -0.21179454 -0.90400606 0.3713706
vn -0.3005638 -0.897701 0.32217127
vn -0.28779617 -0.9057481 0.31111684
vn -0.29034975 -0.9049493 0.31106874
vn -0.43181616 -0.8876699 0.15992829
vn -0.43933898 -0.88768685 0.13781548
vn -0.09834795 -0.8087607 -0.57985663
vn -0.12784417 -0.7972144 -0.5900043
vn -0.10723167 -0.7873425 -0.60711867
vn -0.40640777 -0.8025097 0.436819
vn -0.57728875 -0.7611122 0.2957126
vn -0.5403914 -0.78797966 0.29506806
vn -0.49312568 -0.7891223 0.36621448
vn -0.57951874 -0.75316894 0.31127882
vn -0.5363695 -0.79830974 0.27387834
vn -0.49363843 -0.82432973 0.2771309
vn -0.4181151 -0.7971312 0.43561637
vn -0.49482945 -0.7733078 0.39640725
vn -0.49043378 -0.83091635 0.26277888
vn -0.47396657 -0.84214133 0.2572037
vn -0.4713972 -0.84682 0.24633467
vn -0.45621234 -0.85646516 0.24153185
vn -0.4465251 -0.8714359 0.20301455
vn -0.44352093 -0.872984 0.20294885
vn 0.48665497 0.13331547 -0.8633619
vn 0.5037452 0.09658631 -0.85843575
vn 0.5179761 0.05573307 -0.85357744
vn 0.49605757 -0.07821371 -0.8647598
vn 0.2522426 -0.5251266 -0.81278276
vn 0.14508794 -0.63580257 -0.75809276
vn 0.27496612 0.30254203 -0.9126127
vn 0.3177729 0.27940035 -0.90606624
vn 0.40816286 0.2255552 -0.8846061
vn 0.45139015 0.19724335 -0.870254
vn 0.5978676 -0.27284417 -0.7537309
vn 0.60376763 -0.29359168 -0.7411265
vn 0.61638814 -0.2799018 -0.7360167
vn 0.63017297 -0.32399008 -0.7056291
vn 0.63682526 -0.36875814 -0.67710495
vn 0.6342929 -0.38665637 -0.6694545
vn 0.6492562 -0.4263841 -0.6298117
vn 0.64194715 -0.4658292 -0.6090212
vn 0.6317473 -0.5141628 -0.5801138
vn 0.6186741 -0.52072203 -0.58829486
vn 0.591208 -0.53356564 -0.60479814
vn 0.6460308 -0.4753495 -0.59723276
vn 0.59196126 -0.565079 -0.5746893
vn 0.5695908 -0.6069312 -0.55425704
vn 0.56889564 -0.6077006 -0.5541278
vn 0.4678388 -0.67041516 -0.5759083
vn 0.35977274 -0.7179694 -0.5958889
vn 0.2628768 -0.7468379 -0.61084276
vn 0.19433403 -0.75987035 -0.6203477
vn 0.14092289 -0.7654974 -0.62781733
vn 0.10092416 -0.76684797 -0.6338442
vn 0.46917102 -0.84712154 -0.24952684
vn -0.14633173 -0.79170036 -0.5931254
vn -0.18297619 -0.77570736 -0.603985
vn -0.18570518 -0.7725729 -0.60716116
vn -0.22566237 -0.74820334 -0.62391365
vn -0.2327866 -0.73636705 -0.63527465
vn -0.12834911 -0.7407214 -0.6594378
vn -0.67027587 -0.29734194 -0.6799397
vn -0.671217 -0.16083087 -0.7236029
vn -0.6365648 -0.07371461 -0.7676923
vn -0.19331548 -0.7323202 -0.6529442
vn -0.43921074 -0.59452903 -0.6735201
vn -0.5362457 -0.5071654 -0.6747027
vn -0.65749747 -0.3339512 -0.67540634
vn 0.49737653 -0.8144232 -0.2988839
vn 0.559862 -0.74220294 -0.36836037
vn 0.50398445 -0.8025399 -0.31926396
vn 0.51096857 -0.7922919 -0.33344355
vn 0.6380697 -0.67190886 -0.37603927
vn 0.5598652 -0.7340608 -0.38432485
vn 0.60384005 -0.6759178 -0.42250696
vn 0.6402173 -0.65989554 -0.393268
vn 0.7000653 -0.6387043 -0.3193203
vn 0.7554557 -0.5556684 -0.347159
vn 0.73774314 -0.5739471 -0.3554151
vn 0.78304857 -0.47707736 -0.39903912
vn 0.7834681 -0.47660705 -0.3987773
vn 0.78897345 -0.43593723 -0.43298903
vn 0.8112172 -0.41336933 -0.41358492
vn 0.8312993 -0.3926499 -0.39340508
vn 0.83559936 -0.38579246 -0.3910729
vn 0.86977655 -0.35234326 -0.34546065
vn 0.8777462 -0.33838403 -0.33920163
vn 0.9002947 -0.311436 -0.30410042
vn 0.9016361 -0.30864152 -0.302973
vn 0.9224454 -0.2717394 -0.2743215
vn 0.92380726 -0.2696193 -0.27181882
vn 0.92919064 -0.26852265 -0.25396925
vn 0.9407904 -0.2724993 -0.20163716
vn 0.94563013 -0.23729931 -0.22242482
vn 0.9456479 -0.23950072 -0.21997625
vn 0.94485253 -0.2563288 -0.20383646
vn 0.9551799 -0.25410157 -0.15186721
vn 0.9271367 -0.24760714 -0.2812617
vn 0.94072366 -0.22230749 -0.25616103
vn 0.93920666 -0.1955103 -0.28225246
vn 0.94342613 -0.16706604 -0.28641918
vn 0.93490374 -0.16145563 -0.3160492
vn 0.9208604 -0.10217838 -0.3762653
vn 0.93640846 -0.06567452 -0.34471142
vn 0.9396973 -0.06638132 -0.33550313
vn 0.9192411 0.066411905 -0.38805327
vn 0.9030555 0.02370381 -0.42886937
vn 0.9170752 0.067887716 -0.39289215
vn 0.9493229 0.09763547 -0.29875323
vn 0.9470031 0.14218518 -0.28804266
vn 0.8947523 0.025274469 -0.44584712
vn 0.8012152 0.082800254 -0.5926199
vn 0.7668077 0.094127245 -0.63493776
vn 0.6920906 0.18470751 -0.69777775
vn 0.6990119 0.20805286 -0.6841758
vn 0.66215736 0.19164197 -0.7244452
vn 0.6524655 0.18927796 -0.73380005
vn 0.6479981 0.18899938 -0.7378196
vn 0.5949292 0.18353336 -0.78254366
vn 0.5664813 0.17909142 -0.8043788
vn 0.5181211 0.1822079 -0.83567387
vn 0.043317746 0.6662375 -0.74448055
vn 0.5121861 0.1823477 -0.83929414
vn 0.47584796 0.18855664 -0.8590781
vn 0.47273773 0.18941098 -0.86060584
vn 0.8775138 -0.017873596 -0.47921807
vn 0.85676455 -0.008612131 -0.5156359
vn 0.24341893 0.32436007 -0.9140776
vn 0.029055087 0.64587027 -0.76289415
vn 0.17102945 0.37107995 -0.9127149
vn 0.11928306 0.40181133 -0.9079203
vn 0.074816965 0.42602384 -0.90161306
vn 0.06819443 0.42942616 -0.90052354
vn 0.05123482 0.4388234 -0.89711154
vn 0.025529245 0.45472074 -0.89026815
vn 0.047550626 0.28223532 -0.958166
vn 0.005632205 -0.26752704 -0.96353394
vn 0.00065031863 -0.38929492 -0.9211129
vn -0.90547174 0.14193062 -0.3999708
vn -0.83625376 0.1538753 -0.5263097
vn -0.8895834 0.07291961 -0.45091468
vn -0.4803574 0.20045723 -0.8538581
vn -0.49454486 0.18730529 -0.8487297
vn -0.5679865 0.07724207 -0.81940514
vn -0.58357215 0.11791789 -0.80345434
vn -0.60898834 0.11405454 -0.78493613
vn -0.61853623 0.13961501 -0.77325326
vn -0.6348782 -0.062366694 -0.770091
vn -0.62858295 -0.039839722 -0.7767214
vn -0.5740336 0.062267113 -0.81646085
vn -0.6226296 0.13866408 -0.7701329
vn -0.62972724 0.16081014 -0.7599892
vn -0.66526353 0.14558369 -0.73227715
vn -0.71334976 0.08308793 -0.6958652
vn -0.74180204 0.068420835 -0.66711956
vn -0.7456762 0.07873589 -0.6616401
vn -0.68555707 0.15254873 -0.71185714
vn -0.7273223 0.14442459 -0.67092746
vn -0.74754876 0.17772469 -0.6399882
vn -0.7803682 0.080120265 -0.6201663
vn -0.8060325 0.073356025 -0.58730793
vn -0.81341237 0.09958423 -0.5730998
vn -0.8240438 0.09763224 -0.5580499
vn -0.8916633 0.06612262 -0.4478442
vn -0.9258737 -0.0029281885 -0.37782183
vn -0.7236972 -0.65383625 0.22081773
vn -0.61037916 -0.7276231 0.31305256
vn -0.9172281 -0.030354805 -0.39720443
vn -0.93573123 -0.08186321 -0.3430825
vn -0.9412836 -0.083642624 -0.327092
vn -0.95480233 -0.14805013 -0.25774717
vn -0.95467114 -0.14878194 -0.2578121
vn -0.9568925 -0.17843993 -0.229164
vn -0.9610747 -0.20070185 -0.18987952
vn -0.9610432 -0.20307069 -0.18750535
vn -0.948641 -0.24469733 -0.20050809
vn -0.9447297 -0.26131842 -0.19798625
vn -0.94340044 -0.2775178 -0.18160212
vn -0.94451755 -0.2801064 -0.17154257
vn -0.93636847 -0.3286953 -0.12318063
vn -0.9365415 -0.3301143 -0.11796021
vn -0.9185533 -0.3910663 -0.057680022
vn -0.91849136 -0.39136475 -0.056632917
vn -0.8855655 -0.46424177 0.015910473
vn -0.87907964 -0.47632107 0.018360196
vn -0.8250388 -0.5560036 0.10085102
vn -0.8080318 -0.57963085 0.10541656
vn -0.7194062 -0.66462225 0.20182166
vn -0.58490133 -0.8095198 0.050677333
vn -0.55035216 -0.8345747 -0.024446445
vn -0.5535577 -0.8317061 -0.042882513
vn -0.14046143 -0.7948495 -0.59032613
vn -0.68997407 -0.693974 0.20575687
vn -0.6552606 -0.73380303 0.17935063
vn -0.6803739 -0.71205163 0.17341799
vn -0.6338669 -0.7599457 0.14385892
vn -0.64347464 -0.75151104 0.14550425
vn -0.6155031 -0.7797076 0.11494365
vn -0.6234204 -0.773224 0.11606796
vn -0.58868635 -0.806805 0.050140772
vn 0.54932773 0.093428396 -0.8303675
vn 0.54906124 0.10051578 -0.8297158
vn 0.55018777 0.09547034 -0.8295654
vn 0.5533342 0.04938473 -0.83149403
vn 0.53514767 0.007483112 -0.8447253
vn 0.5357839 0.005247862 -0.84433883
vn 0.55435514 -0.045446668 -0.8310386
vn 0.55841 -0.059318937 -0.8274416
vn 0.5792212 -0.14244035 -0.8026293
vn 0.5800004 -0.14432378 -0.80172956
vn 0.5819972 -0.14128323 -0.8008234
vn 0.58902484 -0.14705248 -0.7946228
vn 0.61819005 -0.2601057 -0.74174523
vn 0.66659296 -0.19935663 -0.71826917
vn 0.6790784 -0.19536999 -0.70758975
vn 0.6808469 -0.26799697 -0.68163407
vn 0.69405156 -0.3128447 -0.6483985
vn 0.6901744 -0.39217278 -0.6081611
vn 0.718402 -0.31200808 -0.62173104
vn 0.7274103 -0.4010253 -0.5568239
vn 0.6967017 -0.45179147 -0.5572174
vn 0.6807609 -0.46394202 -0.56685305
vn 0.68221027 -0.49854183 -0.5348318
vn 0.6694994 -0.5177245 -0.5326649
vn 0.64611554 -0.5314383 -0.5478211
vn 0.63236487 -0.5336946 -0.5615021
vn 0.5997613 -0.5612791 -0.57030874
vn 0.5955675 -0.56469184 -0.5713339
vn 0.5913148 -0.59125453 -0.5484202
vn 0.57494926 -0.60450476 -0.5513685
vn 0.5635508 -0.64187044 -0.5200124
vn 0.5626267 -0.6390329 -0.52448845
vn 0.563781 -0.644622 -0.5163462
vn 0.55689526 -0.6704157 -0.49031666
vn 0.5556395 -0.67410827 -0.48666504
vn 0.55538183 -0.68266726 -0.47488558
vn 0.5458991 -0.70913017 -0.4462382
vn 0.5439553 -0.7135069 -0.44161135
vn 0.5414715 -0.7289645 -0.4188309
vn 0.5402696 -0.7328767 -0.4135219
vn 0.52599615 -0.7587414 -0.38423896
vn 0.5245393 -0.7636046 -0.376519
vn -0.6250468 -0.75838375 -0.18485284
vn -0.6250529 -0.7582906 -0.18521419
vn -0.6692243 -0.677381 -0.30544037
vn -0.66877097 -0.67629266 -0.30882633
vn -0.68979794 -0.60971636 -0.39041597
vn -0.6886885 -0.6082424 -0.3946508
vn -0.3038644 -0.7200346 -0.6238723
vn -0.29120454 -0.7229001 -0.6265903
vn -0.23412511 -0.7353118 -0.6360046
vn -0.6727958 -0.30853674 -0.6724216
vn -0.66997427 -0.32130566 -0.66925114
vn -0.70560867 -0.27226284 -0.6542089
vn -0.7070813 -0.25838056 -0.6582367
vn -0.67464364 -0.15622963 -0.72142094
vn -0.6744961 -0.1561255 -0.7215815
vn -0.602541 -0.5555796 -0.5729534
vn -0.6819795 -0.49032268 -0.54266727
vn -0.6811751 -0.45429486 -0.57412255
vn -0.68104625 -0.4542211 -0.5743336
vn -0.67679447 -0.40359733 -0.6156772
vn -0.6812797 -0.39044943 -0.6191987
vn 0.54469866 -0.73842525 -0.3975318
vn 0.68863595 -0.5981183 -0.4099209
vn 0.7119323 -0.58359003 -0.39060852
vn 0.5724571 -0.6816237 -0.45572147
vn 0.6018183 -0.6705131 -0.4338512
vn 0.6798868 -0.589024 -0.43681183
vn 0.6286948 -0.62441707 -0.4635151
vn 0.7409592 -0.51128197 -0.4353965
vn 0.71488464 -0.50368875 -0.48501298
vn 0.7663179 -0.44559875 -0.46281597
vn 0.71026045 -0.5276887 -0.46591267
vn 0.78260595 -0.422881 -0.45683655
vn 0.7663019 -0.44399494 -0.464381
vn 0.8052693 -0.37884375 -0.45609075
vn 0.80948794 -0.3758375 -0.4510824
vn 0.8357252 -0.3846195 -0.3919581
vn 0.85535115 -0.32505596 -0.40337706
vn 0.87756646 -0.32613307 -0.35144606
vn 0.88907427 -0.2985084 -0.34704423
vn 0.9012487 -0.28080967 -0.32999533
vn 0.9015569 -0.27898842 -0.33069703
vn 0.8991989 -0.2731792 -0.3417812
vn 0.9070591 -0.2278028 -0.35404757
vn 0.9267331 -0.2376025 -0.29105145
vn 0.90501976 -0.215891 -0.3665111
vn 0.909032 -0.095601395 -0.4056122
vn 0.90113336 -0.21400127 -0.37704387
vn 0.8830515 -0.14465939 -0.44642323
vn 0.8343673 -0.0544742 -0.54851043
vn 0.8037754 -0.04326001 -0.5933579
vn 0.746838 0.046961404 -0.6633458
vn 0.70480245 0.058201108 -0.70701206
vn 0.6362946 0.14209087 -0.7582475
vn 0.5937945 0.1499299 -0.7905246
vn 0.58428645 0.12516521 -0.8018372
vn 0.56051445 0.1286978 -0.8180834
vn 0.8708993 -0.13916408 -0.47134653
vn -0.86905813 0.03004886 -0.49379662
vn -0.8810477 0.027388033 -0.47223377
vn -0.65659314 0.016393445 -0.7540667
vn -0.7007981 0.05234082 -0.71143687
vn -0.68074554 0.00861577 -0.73246926
vn -0.7009657 0.051811524 -0.7113105
vn -0.717944 -0.08813827 -0.6904983
vn -0.76381797 -0.03637771 -0.6444058
vn -0.7826889 0.0020289565 -0.62240976
vn -0.8028241 -0.01019407 -0.5961287
vn -0.8118715 0.010339594 -0.5837445
vn -0.77582276 0.06663225 -0.62742275
vn -0.83713156 -0.0020518152 -0.5469978
vn -0.8439469 0.0155741945 -0.5362006
vn -0.86229306 0.009559491 -0.50631934
vn -0.90905976 -0.02817686 -0.41571182
vn -0.9020127 -0.04747477 -0.4290912
vn -0.9209216 -0.10011195 -0.3766709
vn -0.9273202 -0.10336778 -0.35971153
vn -0.9406538 -0.16565633 -0.29618996
vn -0.9407079 -0.22445595 -0.25433853
vn -0.9491184 -0.21315943 -0.23181309
vn -0.93737316 -0.17756264 -0.2996717
vn -0.93885833 -0.23734134 -0.24942744
vn -0.93881255 -0.25200748 -0.23478341
vn -0.9182538 -0.29446766 -0.26476136
vn -0.9155958 -0.30804923 -0.25843748
vn -0.91471404 -0.3209517 -0.24553698
vn -0.9161756 -0.32454926 -0.23513812
vn -0.90909666 -0.37124878 -0.18899065
vn -0.9096116 -0.3743864 -0.18011549
vn -0.8933041 -0.43249762 -0.12228516
vn -0.89304066 -0.43479705 -0.11588701
vn -0.8570351 -0.51405907 -0.035129987
vn -0.8542651 -0.518745 -0.03368569
vn -0.7918022 -0.60763866 0.061841723
vn -0.779239 -0.62317187 0.06665881
vn -0.6862151 -0.7213458 -0.093643256
vn -0.76037574 -0.64903283 0.02419157
vn -0.7522343 -0.65847415 0.02356842
vn -0.73112124 -0.68204135 -0.016773585
vn -0.73188734 -0.68122005 -0.01673936
vn -0.68703866 -0.7205352 -0.09384482
vn 0.63341415 -0.026358528 -0.77336395
vn 0.6232624 -0.044318076 -0.78075594
vn 0.5742533 -0.0056776362 -0.818658
vn 0.6624582 0.023818541 -0.7487201
vn 0.6352196 -0.026791817 -0.77186686
vn 0.61357373 -0.10733834 -0.782308
vn 0.7052438 -0.16123989 -0.690386
vn 0.7053047 -0.16126078 -0.690319
vn 0.7486501 -0.28016722 -0.60085726
vn 0.74884975 -0.28025037 -0.6005695
vn 0.76728374 -0.36521304 -0.52715766
vn 0.70936066 -0.45441318 -0.5388098
vn 0.7699971 -0.3664174 -0.52234346
vn 0.77075875 -0.372971 -0.5165497
vn 0.7579063 -0.42660967 -0.49354059
vn 0.71024615 -0.47842178 -0.51639414
vn 0.7134152 -0.4781741 -0.5122385
vn 0.7137005 -0.50374174 -0.4866989
vn 0.70164156 -0.5370116 -0.46831352
vn 0.64391726 -0.57223034 -0.50786096
vn 0.63780606 -0.5732257 -0.51440805
vn 0.6116425 -0.58702606 -0.5303714
vn 0.5936728 -0.6358458 -0.49320653
vn 0.56627023 -0.6471368 -0.510443
vn 0.5718423 -0.68117434 -0.45716286
vn 0.5577363 -0.6860488 -0.46719092
vn 0.59474456 -0.63617826 -0.4914835
vn -0.7460662 -0.6304541 -0.21427298
vn -0.74590844 -0.6300148 -0.21610653
vn -0.7740606 -0.5573397 -0.3003373
vn -0.77227825 -0.55529416 -0.30860114
vn -0.7849526 -0.49745628 -0.36930558
vn -0.69765794 -0.55997294 -0.44688207
vn -0.69530684 -0.5576557 -0.45339677
vn -0.49174833 -0.65079546 -0.57848847
vn -0.58129555 -0.59712905 -0.5527498
vn -0.7218705 -0.35195348 -0.59584546
vn -0.72153306 -0.3534574 -0.5953636
vn -0.7700049 -0.19179536 -0.60852844
vn -0.76134706 -0.18927829 -0.62010026
vn -0.79118484 -0.27727184 -0.5451119
vn -0.7334976 -0.09301569 -0.6732973
vn -0.61820793 -0.57165474 -0.5394717
vn -0.6841032 -0.5043618 -0.5268985
vn -0.68381196 -0.49179006 -0.53902113
vn -0.7275484 -0.42341858 -0.53980553
vn -0.7271766 -0.4172114 -0.5451136
vn -0.7235729 -0.43439376 -0.5364181
vn -0.72825724 -0.41382176 -0.54625356
vn 0.6233388 -0.6213758 -0.47470072
vn 0.758212 -0.4335492 -0.4869803
vn 0.8454533 -0.28466666 -0.45185557
vn 0.84978884 -0.2865053 -0.44246307
vn 0.85214496 -0.3022705 -0.42717868
vn 0.85367155 -0.30495223 -0.4221956
vn 0.8939869 -0.28162766 -0.3485303
vn 0.8258077 -0.20675416 -0.524685
vn 0.81434345 -0.20210318 -0.54405785
vn 0.7706772 -0.09881032 -0.62951815
vn 0.75260705 -0.092831194 -0.6518935
vn 0.68544114 0.018419271 -0.72789496
vn -0.88821757 -0.04186851 -0.4575114
vn -0.76428 -0.038895197 -0.6437105
vn -0.8113864 -0.12870437 -0.5701643
vn -0.8372797 -0.08347874 -0.5403648
vn -0.8493642 -0.09231583 -0.51967114
vn -0.86528504 -0.060182363 -0.4976545
vn -0.87729865 -0.06731008 -0.47520155
vn -0.89872247 -0.1291472 -0.419069
vn -0.90540797 -0.13402748 -0.40283117
vn -0.9194175 -0.20263815 -0.3370597
vn -0.9171651 -0.21177264 -0.3375803
vn -0.9202378 -0.2505991 -0.30060378
vn -0.9205809 -0.25513268 -0.29569924
vn -0.9204288 -0.2552793 -0.29604593
vn -0.9184357 -0.27231744 -0.2869132
vn -0.8912782 -0.30991387 -0.3310237
vn -0.8911661 -0.30480957 -0.33602712
vn -0.8825809 -0.33972663 -0.32501835
vn -0.88129956 -0.3643768 -0.30089965
vn -0.88323563 -0.36478677 -0.29466152
vn -0.876921 -0.41144443 -0.24844134
vn -0.8791026 -0.41220778 -0.23929776
vn -0.8637599 -0.47050568 -0.18039764
vn -0.8647249 -0.47116318 -0.17394298
vn -0.8283184 -0.55336356 -0.08762017
vn -0.8284228 -0.55372036 -0.08431803
vn -0.80041003 -0.5841532 -0.13456963
vn -0.80021024 -0.5838726 -0.13695367
vn -0.8344358 -0.5033065 -0.22449832
vn -0.83477765 -0.50274116 -0.22449423
vn -0.8498961 -0.44237524 -0.28632304
vn -0.84593654 -0.44114044 -0.2996438
vn -0.7849859 -0.49739525 -0.36931688
vn -0.6988618 -0.52332383 -0.48756993
vn -0.78963333 -0.45824048 -0.4080378
vn -0.7862082 -0.4561706 -0.4168754
vn -0.6997352 -0.5216858 -0.4880724
vn -0.7929937 -0.27760223 -0.542308
vn -0.7994292 -0.3455704 -0.49142036
vn -0.8385562 -0.21882176 -0.49893937
vn -0.8389082 -0.2146231 -0.50017005
vn -0.81148607 -0.1306329 -0.56958354
vn -0.7004344 -0.5105133 -0.4987662
vn -0.72529507 -0.47816405 -0.49528393
vn -0.7537977 -0.42556465 -0.50068337
vn -0.75492215 -0.45481333 -0.47248006
vn -0.8022217 -0.38164708 -0.45911413
vn -0.8060398 -0.3473174 -0.4792394
vn -0.8721667 -0.16247071 -0.46144167
vn -0.8779511 -0.16757235 -0.44846565
vn -0.8918765 -0.24005324 -0.38331556
vn -0.8868711 -0.2575126 -0.38359755
vn -0.89009947 -0.30143234 -0.34185007
vn -0.85447955 -0.35411888 -0.38008484
vn -0.8545351 -0.3571643 -0.3770986
vn -0.8510503 -0.3695402 -0.37303275
vn -0.84979194 -0.39958695 -0.34377912
vn -0.85107344 -0.39983195 -0.34030646
vn -0.8007757 -0.41845474 -0.42854854
vn -0.7868478 -0.44478855 -0.42782438
vn -0.85500777 -0.2900269 -0.42993715
vn -0.8566125 -0.29078606 -0.42621404
vn -0.8039603 -0.40761155 -0.4330133
vn -0.80299604 -0.38299906 -0.45662773
vn -0.8531792 -0.32799885 -0.40558833
vn -0.8542734 -0.35363373 -0.38099894
f 739//1452 740//1452 741//1452
f 739//1453 741//1453 742//1453
f 739//1454 742//1454 743//1454
f 739//1455 743//1455 744//1455
f 739//1456 744//1456 740//1456
f 740//1457 744//1457 745//1457
f 740//1458 745//1458 741//1458
f 741//1459 745//1459 746//1459
f 741//1459 746//1459 747//1459
f 741//1460 747//1460 748//1460
f 741//1461 748//1461 749//1461
f 741//1462 749//1462 750//1462
f 741//1463 750//1463 742//1463
f 742//1464 750//1464 751//1464
f 742//1465 751//1465 752//1465
f 742//1466 752//1466 743//1466
f 743//1467 752//1467 744//1467
f 744//1468 752//1468 753//1468
f 744//1469 753//1469 754//1469
f 744//1470 754//1470 755//1470
f 744//1471 755//1471 756//1471
f 744//1472 756//1472 757//1472
f 744//1473 757//1473 758//1473
f 744//1474 758//1474 745//1474
f 745//1475 759//1475 760//1475
f 745//1476 760//1476 746//1476
f 745//1477 758//1477 761//1477
f 745//1478 761//1478 759//1478
f 747//1479 746//1479 762//1479
f 747//1479 762//1479 763//1479
f 747//1480 763//1480 764//1480
f 747//1481 764//1481 748//1481
f 749//1482 748//1482 750//1482
f 750//1483 765//1483 766//1483
f 750//1484 766//1484 751//1484
f 750//1485 748//1485 765//1485
f 751//1486 767//1486 752//1486
f 751//1487 766//1487 768//1487
f 751//1488 768//1488 769//1488
f 751//1489 769//1489 767//1489
f 752//1490 767//1490 770//1490
f 752//1491 770//1491 753//1491
f 753//1492 771//1492 754//1492
f 753//1493 770//1493 772//1493
f 753//1494 772//1494 773//1494
f 753//1495 773//1495 774//1495
f 753//1496 774//1496 775//1496
f 753//1497 775//1497 776//1497
f 753//1498 776//1498 777//1498
f 753//1499 777//1499 778//1499
f 753//1500 778//1500 779//1500
f 753//1501 779//1501 780//1501
f 753//1502 780//1502 781//1502
f 753//1503 781//1503 782//1503
f 753//1504 782//1504 783//1504
f 753//1505 783//1505 784//1505
f 753//1506 784//1506 785//1506
f 753//1507 785//1507 786//1507
f 753//1508 786//1508 787//1508
f 753//1509 787//1509 788//1509
f 753//1510 788//1510 789//1510
f 753//1511 789//1511 790//1511
f 753//1512 790//1512 791//1512
f 753//1513 791//1513 792//1513
f 753//1514 792//1514 793//1514
f 753//1515 793//1515 771//1515
f 754//1516 771//1516 794//1516
f 754//1517 794//1517 755//1517
f 755//1518 795//1518 796//1518
f 755//1519 796//1519 756//1519
f 755//1520 794//1520 795//1520
f 756//1521 796//1521 797//1521
f 756//1522 797//1522 798//1522
f 756//1523 798//1523 799//1523
f 756//1524 799//1524 800//1524
f 756//1525 800//1525 757//1525
f 757//1526 801//1526 802//1526
f 757//1527 802//1527 761//1527
f 757//1528 761//1528 758//1528
f 757//1529 800//1529 801//1529
f 759//1530 761//1530 802//1530
f 759//1531 802//1531 760//1531
f 746//1532 760//1532 803//1532
f 746//1533 803//1533 762//1533
f 763//1534 762//1534 804//1534
f 763//1535 804//1535 805//1535
f 763//1536 805//1536 806//1536
f 763//1537 806//1537 807//1537
f 763//1538 807//1538 764//1538
f 748//1539 764//1539 808//1539
f 748//1540 808//1540 809//1540
f 748//1541 809//1541 810//1541
f 748//1542 810//1542 765//1542
f 765//1543 810//1543 766//1543
f 766//1544 810//1544 809//1544
f 766//1545 809//1545 811//1545
f 766//1546 811//1546 812//1546
f 766//1547 812//1547 768//1547
f 767//1548 773//1548 770//1548
f 767//1549 769//1549 813//1549
f 767//1550 813//1550 814//1550
f 767//1551 814//1551 773//1551
f 768//1552 812//1552 815//1552
f 768//1553 815//1553 816//1553
f 768//1554 816//1554 769//1554
f 769//1555 816//1555 817//1555
f 769//1556 817//1556 813//1556
f 770//1557 773//1557 772//1557
f 771//1558 793//1558 795//1558
f 771//1559 795//1559 794//1559
f 773//1560 814//1560 818//1560
f 773//1561 818//1561 774//1561
f 774//1562 819//1562 775//1562
f 774//1563 818//1563 819//1563
f 775//1564 819//1564 776//1564
f 776//1565 819//1565 820//1565
f 776//1566 820//1566 821//1566
f 776//1567 821//1567 777//1567
f 777//1568 821//1568 778//1568
f 778//1569 821//1569 822//1569
f 778//1570 822//1570 823//1570
f 778//1571 823//1571 779//1571
f 779//1572 823//1572 824//1572
f 779//1573 824//1573 825//1573
f 779//1574 825//1574 780//1574
f 780//1575 825//1575 826//1575
f 780//1576 826//1576 781//1576
f 781//1577 826//1577 827//1577
f 781//1578 827//1578 782//1578
f 782//1579 827//1579 783//1579
f 783//1580 828//1580 784//1580
f 783//1581 827//1581 829//1581
f 783//1582 829//1582 828//1582
f 784//1583 828//1583 829//1583
f 784//1584 829//1584 785//1584
f 785//1585 829//1585 786//1585
f 786//1586 829//1586 787//1586
f 787//1587 829//1587 790//1587
f 787//1588 790//1588 788//1588
f 788//1589 790//1589 789//1589
f 790//1590 830//1590 791//1590
f 790//1591 829//1591 831//1591
f 790//1592 831//1592 832//1592
f 790//1593 832//1593 833//1593
f 790//1594 833//1594 834//1594
f 790//1595 834//1595 830//1595
f 791//1596 830//1596 835//1596
f 791//1597 835//1597 792//1597
f 792//1598 836//1598 793//1598
f 792//1599 835//1599 836//1599
f 793//1600 836//1600 795//1600
f 795//1601 836//1601 837//1601
f 795//1602 837//1602 838//1602
f 795//1603 838//1603 796//1603
f 796//1604 838//1604 797//1604
f 797//1605 838//1605 839//1605
f 797//1606 839//1606 840//1606
f 797//1607 840//1607 841//1607
f 797//1608 841//1608 798//1608
f 798//1609 842//1609 799//1609
f 798//1610 841//1610 842//1610
f 799//1611 842//1611 843//1611
f 799//1612 843//1612 844//1612
f 799//1613 844//1613 845//1613
f 799//1614 845//1614 800//1614
f 800//1615 845//1615 846//1615
f 800//1616 846//1616 801//1616
f 801//1617 846//1617 847//1617
f 801//1618 847//1618 848//1618
f 801//1619 848//1619 849//1619
f 801//1620 849//1620 802//1620
f 802//1621 849//1621 760//1621
f 760//1622 849//1622 848//1622
f 760//1623 848//1623 850//1623
f 760//1624 850//1624 803//1624
f 762//1625 851//1625 852//1625
f 762//1626 852//1626 804//1626
f 762//1627 803//1627 851//1627
f 804//1628 852//1628 853//1628
f 804//1629 853//1629 854//1629
f 804//1630 854//1630 805//1630
f 805//1631 854//1631 855//1631
f 805//1632 855//1632 807//1632
f 805//1633 807//1633 806//1633
f 807//1634 855//1634 856//1634
f 807//1635 856//1635 857//1635
f 807//1636 857//1636 858//1636
f 807//1637 858//1637 764//1637
f 764//1638 858//1638 859//1638
f 764//1639 859//1639 860//1639
f 764//1640 860//1640 861//1640
f 764//1641 861//1641 862//1641
f 764//1642 862//1642 863//1642
f 764//1643 863//1643 808//1643
f 808//1644 864//1644 865//1644
f 808//1645 865//1645 811//1645
f 808//1646 811//1646 809//1646
f 808//1647 863//1647 866//1647
f 808//1648 866//1648 864//1648
f 811//1649 867//1649 812//1649
f 811//1650 865//1650 868//1650
f 811//1651 868//1651 867//1651
f 812//1652 869//1652 815//1652
f 812//1653 867//1653 869//1653
f 813//1654 817//1654 870//1654
f 813//1655 870//1655 871//1655
f 813//1656 871//1656 872//1656
f 813//1657 872//1657 814//1657
f 814//1658 872//1658 873//1658
f 814//1659 873//1659 818//1659
f 815//1660 874//1660 875//1660
f 815//1661 875//1661 816//1661
f 815//1662 869//1662 874//1662
f 816//1663 875//1663 876//1663
f 816//1664 876//1664 870//1664
f 816//1665 870//1665 817//1665
f 818//1666 873//1666 877//1666
f 818//1667 877//1667 878//1667
f 818//1668 878//1668 879//1668
f 818//1669 879//1669 819//1669
f 819//1670 879//1670 820//1670
f 820//1671 879//1671 880//1671
f 820//1672 880//1672 881//1672
f 820//1673 881//1673 882//1673
f 820//1674 882//1674 821//1674
f 821//1675 825//1675 883//1675
f 821//1676 883//1676 822//1676
f 821//1677 882//1677 825//1677
f 822//1678 883//1678 823//1678
f 823//1679 883//1679 825//1679
f 823//1680 825//1680 824//1680
f 825//1681 882//1681 826//1681
f 826//1682 884//1682 885//1682
f 826//1683 885//1683 886//1683
f 826//1684 886//1684 887//1684
f 826//1685 887//1685 888//1685
f 826//1686 888//1686 827//1686
f 826//1687 882//1687 889//1687
f 826//1688 889//1688 884//1688
f 827//1689 888//1689 890//1689
f 827//1690 890//1690 829//1690
f 829//1691 890//1691 891//1691
f 829//1692 891//1692 831//1692
f 830//1693 892//1693 835//1693
f 830//1694 834//1694 893//1694
f 830//1695 893//1695 892//1695
f 831//1696 894//1696 895//1696
f 831//1697 895//1697 896//1697
f 831//1698 896//1698 897//1698
f 831//1699 897//1699 833//1699
f 831//1700 833//1700 832//1700
f 831//1701 891//1701 890//1701
f 831//1702 890//1702 894//1702
f 833//1703 897//1703 834//1703
f 834//1704 897//1704 898//1704
f 834//1705 898//1705 893//1705
f 835//1706 892//1706 893//1706
f 835//1707 893//1707 899//1707
f 835//1708 899//1708 836//1708
f 836//1709 899//1709 900//1709
f 836//1710 900//1710 837//1710
f 837//1711 900//1711 838//1711
f 838//1712 900//1712 901//1712
f 838//1713 901//1713 839//1713
f 839//1714 901//1714 902//1714
f 839//1715 902//1715 840//1715
f 840//1716 903//1716 841//1716
f 840//1717 902//1717 903//1717
f 841//1718 903//1718 904//1718
f 841//1719 904//1719 905//1719
f 841//1720 905//1720 906//1720
f 841//1721 906//1721 842//1721
f 842//1722 906//1722 907//1722
f 842//1723 907//1723 843//1723
f 843//1724 907//1724 908//1724
f 843//1725 908//1725 909//1725
f 843//1726 909//1726 844//1726
f 844//1727 909//1727 910//1727
f 844//1728 910//1728 911//1728
f 844//1729 911//1729 912//1729
f 844//1730 912//1730 845//1730
f 845//1731 912//1731 913//1731
f 845//1732 913//1732 914//1732
f 845//1733 914//1733 846//1733
f 846//1734 915//1734 847//1734
f 846//1735 914//1735 916//1735
f 846//1736 916//1736 915//1736
f 847//1737 917//1737 850//1737
f 847//1738 850//1738 848//1738
f 847//1739 915//1739 917//1739
f 803//1740 918//1740 919//1740
f 803//1741 919//1741 920//1741
f 803//1742 920//1742 921//1742
f 803//1743 921//1743 922//1743
f 803//1744 922//1744 851//1744
f 803//1745 850//1745 923//1745
f 803//1746 923//1746 918//1746
f 850//1747 917//1747 923//1747
f 851//1748 924//1748 925//1748
f 851//1749 925//1749 852//1749
f 851//1750 922//1750 924//1750
f 852//1751 925//1751 926//1751
f 852//1752 926//1752 853//1752
f 853//1753 927//1753 928//1753
f 853//1753 928//1753 854//1753
f 853//1754 926//1754 929//1754
f 853//1755 929//1755 927//1755
f 854//1756 928//1756 930//1756
f 854//1757 930//1757 856//1757
f 854//1758 856//1758 855//1758
f 856//1759 930//1759 857//1759
f 857//1760 930//1760 931//1760
f 857//1761 931//1761 932//1761
f 857//1762 932//1762 858//1762
f 858//1763 932//1763 859//1763
f 859//1764 932//1764 933//1764
f 859//1765 933//1765 860//1765
f 860//1766 933//1766 861//1766
f 861//1767 933//1767 934//1767
f 861//1768 934//1768 862//1768
f 862//1769 934//1769 935//1769
f 862//1770 935//1770 936//1770
f 862//1771 936//1771 863//1771
f 863//1772 936//1772 937//1772
f 863//1773 937//1773 866//1773
f 864//1774 866//1774 865//1774
f 865//1775 938//1775 868//1775
f 865//1776 866//1776 938//1776
f 866//1777 937//1777 939//1777
f 866//1778 939//1778 940//1778
f 866//1779 940//1779 941//1779
f 866//1780 941//1780 942//1780
f 866//1781 942//1781 943//1781
f 866//1782 943//1782 944//1782
f 866//1783 944//1783 945//1783
f 866//1784 945//1784 938//1784
f 867//1785 868//1785 946//1785
f 867//1786 946//1786 947//1786
f 867//1787 947//1787 869//1787
f 868//1788 938//1788 945//1788
f 868//1789 945//1789 948//1789
f 868//1790 948//1790 946//1790
f 869//1791 947//1791 949//1791
f 869//1792 949//1792 874//1792
f 870//1793 876//1793 950//1793
f 870//1794 950//1794 951//1794
f 870//1795 951//1795 871//1795
f 871//1796 951//1796 872//1796
f 872//1797 952//1797 953//1797
f 872//1798 953//1798 954//1798
f 872//1799 954//1799 955//1799
f 872//1800 955//1800 873//1800
f 872//1801 951//1801 956//1801
f 872//1802 956//1802 952//1802
f 873//1803 955//1803 877//1803
f 874//1804 949//1804 957//1804
f 874//1805 957//1805 958//1805
f 874//1806 958//1806 875//1806
f 875//1807 958//1807 959//1807
f 875//1808 959//1808 876//1808
f 876//1809 959//1809 960//1809
f 876//1810 960//1810 950//1810
f 877//1811 955//1811 954//1811
f 877//1812 954//1812 953//1812
f 877//1813 953//1813 961//1813
f 877//1814 961//1814 962//1814
f 877//1815 962//1815 963//1815
f 877//1816 963//1816 964//1816
f 877//1817 964//1817 965//1817
f 877//1818 965//1818 966//1818
f 877//1819 966//1819 878//1819
f 878//1820 967//1820 968//1820
f 878//1821 968//1821 880//1821
f 878//1822 880//1822 879//1822
f 878//1823 966//1823 967//1823
f 880//1824 968//1824 969//1824
f 880//1825 969//1825 881//1825
f 881//1826 969//1826 970//1826
f 881//1827 970//1827 889//1827
f 881//1828 889//1828 882//1828
f 884//1829 889//1829 970//1829
f 884//1830 970//1830 885//1830
f 885//1831 970//1831 971//1831
f 885//1832 971//1832 972//1832
f 885//1833 972//1833 973//1833
f 885//1834 973//1834 886//1834
f 886//1835 974//1835 975//1835
f 886//1836 975//1836 887//1836
f 886//1837 973//1837 974//1837
f 887//1838 975//1838 888//1838
f 888//1839 975//1839 976//1839
f 888//1840 976//1840 977//1840
f 888//1841 977//1841 890//1841
f 890//1842 977//1842 894//1842
f 893//1843 898//1843 978//1843
f 893//1844 978//1844 979//1844
f 893//1845 979//1845 899//1845
f 894//1846 977//1846 980//1846
f 894//1847 980//1847 895//1847
f 895//1848 980//1848 981//1848
f 895//1849 981//1849 982//1849
f 895//1850 982//1850 896//1850
f 896//1851 982//1851 983//1851
f 896//1852 983//1852 897//1852
f 897//1853 983//1853 984//1853
f 897//1854 984//1854 898//1854
f 898//1855 984//1855 985//1855
f 898//1856 985//1856 978//1856
f 899//1857 979//1857 900//1857
f 900//1858 979//1858 902//1858
f 900//1859 902//1859 901//1859
f 902//1860 979//1860 986//1860
f 902//1861 986//1861 987//1861
f 902//1862 987//1862 988//1862
f 902//1863 988//1863 903//1863
f 903//1864 989//1864 990//1864
f 903//1865 990//1865 991//1865
f 903//1866 991//1866 904//1866
f 903//1867 988//1867 989//1867
f 904//1868 991//1868 990//1868
f 904//1869 990//1869 992//1869
f 904//1870 992//1870 993//1870
f 904//1871 993//1871 907//1871
f 904//1872 907//1872 906//1872
f 904//1873 906//1873 905//1873
f 907//1874 993//1874 994//1874
f 907//1875 994//1875 908//1875
f 908//1876 994//1876 909//1876
f 909//1877 994//1877 993//1877
f 909//1878 993//1878 988//1878
f 909//1879 988//1879 995//1879
f 909//1880 995//1880 910//1880
f 910//1881 996//1881 997//1881
f 910//1882 997//1882 912//1882
f 910//1883 912//1883 911//1883
f 910//1884 995//1884 998//1884
f 910//1885 998//1885 996//1885
f 912//1886 997//1886 996//1886
f 912//1887 996//1887 999//1887
f 912//1888 999//1888 913//1888
f 913//1889 999//1889 1000//1889
f 913//1890 1000//1890 914//1890
f 914//1891 1000//1891 916//1891
f 915//1892 1001//1892 917//1892
f 915//1893 916//1893 1002//1893
f 915//1894 1002//1894 1001//1894
f 916//1895 1000//1895 999//1895
f 916//1896 999//1896 1003//1896
f 916//1897 1003//1897 1002//1897
f 917//1898 1004//1898 1005//1898
f 917//1899 1005//1899 923//1899
f 917//1900 1001//1900 1004//1900
f 918//1901 1006//1901 1007//1901
f 918//1902 1007//1902 1008//1902
f 918//1903 1008//1903 1009//1903
f 918//1904 1009//1904 1010//1904
f 918//1905 1010//1905 1011//1905
f 918//1906 1011//1906 919//1906
f 918//1907 923//1907 1006//1907
f 919//1908 1011//1908 1012//1908
f 919//1909 1012//1909 1013//1909
f 919//1910 1013//1910 920//1910
f 920//1911 1013//1911 1014//1911
f 920//1912 1014//1912 921//1912
f 921//1913 1014//1913 1015//1913
f 921//1914 1015//1914 922//1914
f 922//1915 1015//1915 1016//1915
f 922//1916 1016//1916 924//1916
f 923//1917 1005//1917 1006//1917
f 924//1918 1016//1918 1017//1918
f 924//1919 1017//1919 926//1919
f 924//1920 926//1920 925//1920
f 926//1921 1017//1921 929//1921
f 927//1922 1018//1922 1019//1922
f 927//1922 1019//1922 928//1922
f 927//1923 929//1923 1020//1923
f 927//1924 1020//1924 1018//1924
f 929//1925 1017//1925 1021//1925
f 929//1926 1021//1926 1022//1926
f 929//1927 1022//1927 1020//1927
f 928//1928 1019//1928 1023//1928
f 928//1929 1023//1929 1024//1929
f 928//1930 1024//1930 930//1930
f 930//1931 1024//1931 1025//1931
f 930//1932 1025//1932 931//1932
f 931//1933 1025//1933 1026//1933
f 931//1934 1026//1934 1027//1934
f 931//1935 1027//1935 1028//1935
f 931//1936 1028//1936 932//1936
f 932//1937 1028//1937 1029//1937
f 932//1938 1029//1938 933//1938
f 933//1939 1029//1939 934//1939
f 934//1940 1029//1940 1030//1940
f 934//1941 1030//1941 935//1941
f 935//1942 1031//1942 1032//1942
f 935//1943 1032//1943 1033//1943
f 935//1944 1033//1944 1034//1944
f 935//1945 1034//1945 1035//1945
f 935//1946 1035//1946 1036//1946
f 935//1947 1036//1947 1037//1947
f 935//1948 1037//1948 936//1948
f 935//1949 1030//1949 1029//1949
f 935//1950 1029//1950 1038//1950
f 935//1951 1038//1951 1031//1951
f 936//1952 1037//1952 1039//1952
f 936//1953 1039//1953 1040//1953
f 936//1954 1040//1954 937//1954
f 937//1955 1040//1955 1041//1955
f 937//1956 1041//1956 1042//1956
f 937//1957 1042//1957 939//1957
f 939//1958 1042//1958 940//1958
f 940//1959 1042//1959 1043//1959
f 940//1960 1043//1960 1044//1960
f 940//1961 1044//1961 941//1961
f 941//1962 1044//1962 1045//1962
f 941//1963 1045//1963 942//1963
f 942//1964 1045//1964 1046//1964
f 942//1965 1046//1965 943//1965
f 943//1966 1046//1966 1047//1966
f 943//1967 1047//1967 948//1967
f 943//1968 948//1968 944//1968
f 944//1969 948//1969 945//1969
f 946//1970 948//1970 1047//1970
f 946//1971 1047//1971 1048//1971
f 946//1972 1048//1972 947//1972
f 947//1973 1048//1973 1049//1973
f 947//1974 1049//1974 949//1974
f 949//1975 1050//1975 957//1975
f 949//1976 1049//1976 1050//1976
f 950//1977 960//1977 1051//1977
f 950//1978 1051//1978 1052//1978
f 950//1979 1052//1979 951//1979
f 951//1980 1053//1980 956//1980
f 951//1981 1052//1981 1053//1981
f 952//1982 1054//1982 963//1982
f 952//1983 963//1983 962//1983
f 952//1984 962//1984 961//1984
f 952//1985 961//1985 953//1985
f 952//1986 956//1986 1055//1986
f 952//1987 1055//1987 1054//1987
f 956//1988 1053//1988 1055//1988
f 957//1989 1056//1989 1057//1989
f 957//1990 1057//1990 958//1990
f 957//1991 1050//1991 1056//1991
f 958//1992 1057//1992 1058//1992
f 958//1993 1058//1993 959//1993
f 959//1994 1058//1994 1059//1994
f 959//1995 1059//1995 960//1995
f 960//1996 1059//1996 1060//1996
f 960//1997 1060//1997 1051//1997
f 963//1998 1054//1998 964//1998
f 964//1999 1054//1999 965//1999
f 965//2000 1054//2000 966//2000
f 966//2001 1054//2001 1061//2001
f 966//2002 1061//2002 1062//2002
f 966//2003 1062//2003 967//2003
f 967//2004 1062//2004 968//2004
f 968//2005 1062//2005 1063//2005
f 968//2006 1063//2006 969//2006
f 969//2007 1064//2007 1065//2007
f 969//2008 1065//2008 970//2008
f 969//2009 1063//2009 1064//2009
f 970//2010 1065//2010 971//2010
f 971//2011 1065//2011 972//2011
f 972//2012 1065//2012 1066//2012
f 972//2013 1066//2013 1067//2013
f 972//2014 1067//2014 1068//2014
f 972//2015 1068//2015 973//2015
f 973//2016 1068//2016 1069//2016
f 973//2017 1069//2017 974//2017
f 974//2018 1070//2018 975//2018
f 974//2019 1069//2019 1071//2019
f 974//2020 1071//2020 1070//2020
f 975//2021 1070//2021 1072//2021
f 975//2022 1072//2022 976//2022
f 976//2023 1072//2023 980//2023
f 976//2024 980//2024 977//2024
f 978//2025 1073//2025 979//2025
f 978//2026 985//2026 1073//2026
f 979//2027 1073//2027 986//2027
f 980//2028 1072//2028 1074//2028
f 980//2029 1074//2029 981//2029
f 981//2030 1074//2030 1075//2030
f 981//2031 1075//2031 1076//2031
f 981//2032 1076//2032 982//2032
f 982//2033 1076//2033 1077//2033
f 982//2034 1077//2034 983//2034
f 983//2035 1077//2035 1078//2035
f 983//2036 1078//2036 984//2036
f 984//2037 1079//2037 985//2037
f 984//2038 1078//2038 1079//2038
f 985//2039 1080//2039 1073//2039
f 985//2040 1079//2040 1080//2040
f 986//2041 1073//2041 1081//2041
f 986//2042 1081//2042 1082//2042
f 986//2043 1082//2043 987//2043
f 987//2044 1082//2044 1083//2044
f 987//2045 1083//2045 988//2045
f 988//2046 1083//2046 1084//2046
f 988//2047 1084//2047 995//2047
f 988//2048 993//2048 989//2048
f 989//2049 993//2049 992//2049
f 989//2050 992//2050 990//2050
f 995//2051 1084//2051 1085//2051
f 995//2052 1085//2052 1086//2052
f 995//2053 1086//2053 998//2053
f 996//2054 1087//2054 999//2054
f 996//2055 998//2055 1087//2055
f 998//2056 1088//2056 1089//2056
f 998//2057 1089//2057 1090//2057
f 998//2058 1090//2058 1091//2058
f 998//2059 1091//2059 1092//2059
f 998//2060 1092//2060 1087//2060
f 998//2061 1086//2061 1088//2061
f 999//2062 1087//2062 1093//2062
f 999//2063 1093//2063 1003//2063
f 1001//2064 1094//2064 1004//2064
f 1001//2065 1002//2065 1095//2065
f 1001//2066 1095//2066 1094//2066
f 1002//2067 1003//2067 1096//2067
f 1002//2068 1096//2068 1095//2068
f 1003//2069 1093//2069 1096//2069
f 1004//2070 1097//2070 1098//2070
f 1004//2071 1098//2071 1099//2071
f 1004//2072 1099//2072 1005//2072
f 1004//2073 1094//2073 1097//2073
f 1005//2074 1099//2074 1006//2074
f 1006//2075 1100//2075 1007//2075
f 1006//2076 1099//2076 1101//2076
f 1006//2077 1101//2077 1102//2077
f 1006//2078 1102//2078 1103//2078
f 1006//2079 1103//2079 1104//2079
f 1006//2080 1104//2080 1100//2080
f 1007//2081 1100//2081 1105//2081
f 1007//2082 1105//2082 1008//2082
f 1008//2083 1105//2083 1106//2083
f 1008//2084 1106//2084 1009//2084
f 1009//2085 1106//2085 1010//2085
f 1010//2086 1106//2086 1107//2086
f 1010//2087 1107//2087 1011//2087
f 1011//2088 1107//2088 1108//2088
f 1011//2089 1108//2089 1012//2089
f 1012//2090 1108//2090 1109//2090
f 1012//2091 1109//2091 1110//2091
f 1012//2092 1110//2092 1111//2092
f 1012//2093 1111//2093 1112//2093
f 1012//2094 1112//2094 1113//2094
f 1012//2095 1113//2095 1013//2095
f 1013//2096 1113//2096 1114//2096
f 1013//2097 1114//2097 1014//2097
f 1014//2098 1115//2098 1116//2098
f 1014//2099 1116//2099 1015//2099
f 1014//2100 1114//2100 1115//2100
f 1015//2101 1116//2101 1016//2101
f 1016//2102 1116//2102 1017//2102
f 1017//2103 1116//2103 1115//2103
f 1017//2104 1115//2104 1021//2104
f 1018//2105 1117//2105 1118//2105
f 1018//2105 1118//2105 1019//2105
f 1018//2106 1020//2106 1119//2106
f 1018//2107 1119//2107 1117//2107
f 1020//2108 1022//2108 1119//2108
f 1021//2109 1115//2109 1120//2109
f 1021//2110 1120//2110 1022//2110
f 1022//2111 1120//2111 1121//2111
f 1022//2112 1121//2112 1122//2112
f 1022//2113 1122//2113 1119//2113
f 1019//2114 1118//2114 1123//2114
f 1019//2115 1123//2115 1023//2115
f 1023//2116 1025//2116 1024//2116
f 1023//2117 1123//2117 1025//2117
f 1025//2118 1123//2118 1124//2118
f 1025//2119 1124//2119 1026//2119
f 1026//2120 1124//2120 1125//2120
f 1026//2121 1125//2121 1126//2121
f 1026//2122 1126//2122 1027//2122
f 1027//2123 1126//2123 1038//2123
f 1027//2124 1038//2124 1029//2124
f 1027//2125 1029//2125 1028//2125
f 1031//2126 1038//2126 1127//2126
f 1031//2127 1127//2127 1128//2127
f 1031//2128 1128//2128 1129//2128
f 1031//2129 1129//2129 1032//2129
f 1032//2130 1129//2130 1128//2130
f 1032//2131 1128//2131 1130//2131
f 1032//2132 1130//2132 1033//2132
f 1033//2133 1131//2133 1132//2133
f 1033//2134 1132//2134 1133//2134
f 1033//2135 1133//2135 1035//2135
f 1033//2136 1035//2136 1034//2136
f 1033//2137 1130//2137 1134//2137
f 1033//2138 1134//2138 1135//2138
f 1033//2139 1135//2139 1136//2139
f 1033//2140 1136//2140 1131//2140
f 1035//2141 1133//2141 1137//2141
f 1035//2142 1137//2142 1036//2142
f 1036//2143 1137//2143 1138//2143
f 1036//2144 1138//2144 1037//2144
f 1037//2145 1138//2145 1139//2145
f 1037//2146 1139//2146 1140//2146
f 1037//2147 1140//2147 1039//2147
f 1038//2148 1126//2148 1127//2148
f 1039//2149 1140//2149 1141//2149
f 1039//2150 1141//2150 1040//2150
f 1040//2151 1141//2151 1142//2151
f 1040//2152 1142//2152 1041//2152
f 1041//2153 1142//2153 1042//2153
f 1042//2154 1142//2154 1043//2154
f 1043//2155 1142//2155 1143//2155
f 1043//2156 1143//2156 1044//2156
f 1044//2157 1143//2157 1144//2157
f 1044//2158 1144//2158 1045//2158
f 1045//2159 1144//2159 1046//2159
f 1046//2160 1144//2160 1145//2160
f 1046//2161 1145//2161 1047//2161
f 1047//2162 1145//2162 1048//2162
f 1048//2163 1145//2163 1146//2163
f 1048//2164 1146//2164 1049//2164
f 1049//2165 1146//2165 1147//2165
f 1049//2166 1147//2166 1050//2166
f 1050//2167 1147//2167 1148//2167
f 1050//2168 1148//2168 1056//2168
f 1051//2169 1060//2169 1149//2169
f 1051//2170 1149//2170 1052//2170
f 1052//2171 1149//2171 1150//2171
f 1052//2172 1150//2172 1151//2172
f 1052//2173 1151//2173 1053//2173
f 1053//2174 1152//2174 1055//2174
f 1053//2175 1151//2175 1152//2175
f 1054//2176 1055//2176 1153//2176
f 1054//2177 1153//2177 1061//2177
f 1055//2178 1152//2178 1153//2178
f 1056//2179 1148//2179 1154//2179
f 1056//2180 1154//2180 1155//2180
f 1056//2181 1155//2181 1057//2181
f 1057//2182 1155//2182 1156//2182
f 1057//2183 1156//2183 1058//2183
f 1058//2184 1156//2184 1157//2184
f 1058//2185 1157//2185 1158//2185
f 1058//2186 1158//2186 1059//2186
f 1059//2187 1158//2187 1159//2187
f 1059//2188 1159//2188 1060//2188
f 1060//2189 1159//2189 1160//2189
f 1060//2190 1160//2190 1149//2190
f 1061//2191 1161//2191 1162//2191
f 1061//2192 1162//2192 1062//2192
f 1061//2193 1153//2193 1163//2193
f 1061//2194 1163//2194 1161//2194
f 1062//2195 1162//2195 1161//2195
f 1062//2196 1161//2196 1063//2196
f 1063//2197 1161//2197 1164//2197
f 1063//2198 1164//2198 1064//2198
f 1064//2199 1164//2199 1165//2199
f 1064//2200 1165//2200 1166//2200
f 1064//2201 1166//2201 1065//2201
f 1065//2202 1166//2202 1066//2202
f 1066//2203 1167//2203 1067//2203
f 1066//2204 1166//2204 1167//2204
f 1067//2205 1167//2205 1168//2205
f 1067//2206 1168//2206 1169//2206
f 1067//2207 1169//2207 1068//2207
f 1068//2208 1169//2208 1170//2208
f 1068//2209 1170//2209 1069//2209
f 1069//2210 1170//2210 1071//2210
f 1070//2211 1171//2211 1172//2211
f 1070//2212 1172//2212 1072//2212
f 1070//2213 1071//2213 1173//2213
f 1070//2214 1173//2214 1174//2214
f 1070//2215 1174//2215 1171//2215
f 1071//2216 1170//2216 1175//2216
f 1071//2217 1175//2217 1173//2217
f 1072//2218 1172//2218 1074//2218
f 1073//2219 1080//2219 1081//2219
f 1074//2220 1172//2220 1176//2220
f 1074//2221 1176//2221 1177//2221
f 1074//2222 1177//2222 1178//2222
f 1074//2223 1178//2223 1075//2223
f 1075//2224 1178//2224 1179//2224
f 1075//2225 1179//2225 1076//2225
f 1076//2226 1179//2226 1180//2226
f 1076//2227 1180//2227 1181//2227
f 1076//2228 1181//2228 1077//2228
f 1077//2229 1181//2229 1078//2229
f 1078//2230 1181//2230 1182//2230
f 1078//2231 1182//2231 1079//2231
f 1079//2232 1182//2232 1183//2232
f 1079//2233 1183//2233 1080//2233
f 1080//2234 1183//2234 1184//2234
f 1080//2235 1184//2235 1185//2235
f 1080//2236 1185//2236 1081//2236
f 1081//2237 1185//2237 1186//2237
f 1081//2238 1186//2238 1082//2238
f 1082//2239 1186//2239 1187//2239
f 1082//2240 1187//2240 1083//2240
f 1083//2241 1188//2241 1084//2241
f 1083//2242 1187//2242 1188//2242
f 1084//2243 1188//2243 1189//2243
f 1084//2244 1189//2244 1085//2244
f 1085//2245 1190//2245 1191//2245
f 1085//2246 1191//2246 1086//2246
f 1085//2247 1189//2247 1190//2247
f 1086//2248 1191//2248 1192//2248
f 1086//2249 1192//2249 1193//2249
f 1086//2250 1193//2250 1194//2250
f 1086//2251 1194//2251 1088//2251
f 1087//2252 1092//2252 1093//2252
f 1088//2253 1194//2253 1195//2253
f 1088//2254 1195//2254 1196//2254
f 1088//2255 1196//2255 1197//2255
f 1088//2256 1197//2256 1198//2256
f 1088//2257 1198//2257 1089//2257
f 1089//2258 1199//2258 1200//2258
f 1089//2259 1200//2259 1090//2259
f 1089//2260 1198//2260 1201//2260
f 1089//2261 1201//2261 1199//2261
f 1090//2262 1200//2262 1202//2262
f 1090//2263 1202//2263 1091//2263
f 1091//2264 1202//2264 1096//2264
f 1091//2265 1096//2265 1093//2265
f 1091//2266 1093//2266 1092//2266
f 1094//2267 1203//2267 1097//2267
f 1094//2268 1095//2268 1204//2268
f 1094//2269 1204//2269 1203//2269
f 1095//2270 1096//2270 1201//2270
f 1095//2271 1201//2271 1204//2271
f 1096//2272 1202//2272 1201//2272
f 1097//2273 1203//2273 1205//2273
f 1097//2274 1205//2274 1098//2274
f 1098//2275 1205//2275 1101//2275
f 1098//2276 1101//2276 1099//2276
f 1100//2277 1104//2277 1105//2277
f 1101//2278 1205//2278 1102//2278
f 1102//2279 1205//2279 1103//2279
f 1103//2280 1205//2280 1206//2280
f 1103//2281 1206//2281 1104//2281
f 1104//2282 1206//2282 1105//2282
f 1105//2283 1206//2283 1207//2283
f 1105//2284 1207//2284 1208//2284
f 1105//2285 1208//2285 1209//2285
f 1105//2286 1209//2286 1106//2286
f 1106//2287 1209//2287 1210//2287
f 1106//2288 1210//2288 1107//2288
f 1107//2289 1210//2289 1211//2289
f 1107//2290 1211//2290 1108//2290
f 1108//2291 1211//2291 1212//2291
f 1108//2292 1212//2292 1109//2292
f 1109//2293 1212//2293 1110//2293
f 1110//2294 1213//2294 1214//2294
f 1110//2295 1214//2295 1111//2295
f 1110//2296 1212//2296 1215//2296
f 1110//2297 1215//2297 1216//2297
f 1110//2298 1216//2298 1217//2298
f 1110//2299 1217//2299 1213//2299
f 1111//2300 1214//2300 1218//2300
f 1111//2301 1218//2301 1112//2301
f 1112//2302 1218//2302 1219//2302
f 1112//2303 1219//2303 1113//2303
f 1113//2304 1219//2304 1114//2304
f 1114//2305 1120//2305 1115//2305
f 1114//2306 1219//2306 1220//2306
f 1114//2307 1220//2307 1120//2307
f 1117//2308 1119//2308 1221//2308
f 1117//2309 1221//2309 1222//2309
f 1117//2310 1222//2310 1223//2310
f 1117//2310 1223//2310 1118//2310
f 1119//2311 1122//2311 1224//2311
f 1119//2312 1224//2312 1221//2312
f 1120//2313 1220//2313 1121//2313
f 1121//2314 1220//2314 1225//2314
f 1121//2315 1225//2315 1122//2315
f 1122//2316 1225//2316 1226//2316
f 1122//2317 1226//2317 1224//2317
f 1118//2318 1223//2318 1227//2318
f 1118//2319 1227//2319 1123//2319
f 1123//2320 1227//2320 1124//2320
f 1124//2321 1227//2321 1228//2321
f 1124//2322 1228//2322 1125//2322
f 1125//2323 1229//2323 1126//2323
f 1125//2324 1228//2324 1230//2324
f 1125//2325 1230//2325 1231//2325
f 1125//2326 1231//2326 1232//2326
f 1125//2327 1232//2327 1233//2327
f 1125//2328 1233//2328 1229//2328
f 1126//2329 1229//2329 1127//2329
f 1127//2330 1229//2330 1233//2330
f 1127//2331 1233//2331 1232//2331
f 1127//2332 1232//2332 1128//2332
f 1128//2333 1232//2333 1231//2333
f 1128//2334 1231//2334 1234//2334
f 1128//2335 1234//2335 1235//2335
f 1128//2336 1235//2336 1130//2336
f 1130//2337 1236//2337 1134//2337
f 1130//2338 1235//2338 1237//2338
f 1130//2339 1237//2339 1236//2339
f 1131//2340 1136//2340 1132//2340
f 1132//2341 1238//2341 1239//2341
f 1132//2342 1239//2342 1240//2342
f 1132//2343 1240//2343 1139//2343
f 1132//2344 1139//2344 1138//2344
f 1132//2345 1138//2345 1133//2345
f 1132//2346 1136//2346 1241//2346
f 1132//2347 1241//2347 1238//2347
f 1133//2348 1138//2348 1137//2348
f 1134//2349 1242//2349 1243//2349
f 1134//2350 1243//2350 1244//2350
f 1134//2351 1244//2351 1135//2351
f 1134//2352 1236//2352 1242//2352
f 1135//2353 1244//2353 1136//2353
f 1136//2354 1244//2354 1245//2354
f 1136//2355 1245//2355 1241//2355
f 1139//2356 1240//2356 1140//2356
f 1140//2357 1240//2357 1239//2357
f 1140//2358 1239//2358 1141//2358
f 1141//2359 1238//2359 1246//2359
f 1141//2360 1246//2360 1247//2360
f 1141//2361 1247//2361 1143//2361
f 1141//2362 1143//2362 1142//2362
f 1141//2363 1239//2363 1238//2363
f 1143//2364 1247//2364 1248//2364
f 1143//2365 1248//2365 1144//2365
f 1144//2366 1248//2366 1249//2366
f 1144//2367 1249//2367 1145//2367
f 1145//2368 1249//2368 1146//2368
f 1146//2369 1250//2369 1251//2369
f 1146//2370 1251//2370 1252//2370
f 1146//2371 1252//2371 1253//2371
f 1146//2372 1253//2372 1147//2372
f 1146//2373 1249//2373 1250//2373
f 1147//2374 1253//2374 1254//2374
f 1147//2375 1254//2375 1148//2375
f 1148//2376 1254//2376 1154//2376
f 1149//2377 1160//2377 1255//2377
f 1149//2378 1255//2378 1150//2378
f 1150//2379 1256//2379 1257//2379
f 1150//2380 1257//2380 1151//2380
f 1150//2381 1255//2381 1256//2381
f 1151//2382 1257//2382 1152//2382
f 1152//2383 1258//2383 1153//2383
f 1152//2384 1257//2384 1258//2384
f 1153//2385 1258//2385 1163//2385
f 1154//2386 1259//2386 1155//2386
f 1154//2387 1254//2387 1259//2387
f 1155//2388 1260//2388 1261//2388
f 1155//2389 1261//2389 1156//2389
f 1155//2390 1259//2390 1260//2390
f 1156//2391 1261//2391 1262//2391
f 1156//2392 1262//2392 1263//2392
f 1156//2393 1263//2393 1157//2393
f 1157//2394 1263//2394 1158//2394
f 1158//2395 1263//2395 1264//2395
f 1158//2396 1264//2396 1159//2396
f 1159//2397 1264//2397 1265//2397
f 1159//2398 1265//2398 1160//2398
f 1160//2399 1265//2399 1266//2399
f 1160//2400 1266//2400 1255//2400
f 1161//2401 1267//2401 1164//2401
f 1161//2402 1163//2402 1165//2402
f 1161//2403 1165//2403 1268//2403
f 1161//2404 1268//2404 1269//2404
f 1161//2405 1269//2405 1267//2405
f 1163//2406 1258//2406 1270//2406
f 1163//2407 1270//2407 1271//2407
f 1163//2408 1271//2408 1165//2408
f 1164//2409 1267//2409 1269//2409
f 1164//2410 1269//2410 1165//2410
f 1165//2411 1271//2411 1166//2411
f 1165//2412 1269//2412 1268//2412
f 1166//2413 1271//2413 1167//2413
f 1167//2414 1272//2414 1168//2414
f 1167//2415 1271//2415 1272//2415
f 1168//2416 1272//2416 1273//2416
f 1168//2417 1273//2417 1274//2417
f 1168//2418 1274//2418 1169//2418
f 1169//2419 1274//2419 1275//2419
f 1169//2420 1275//2420 1170//2420
f 1170//2421 1275//2421 1175//2421
f 1171//2422 1174//2422 1276//2422
f 1171//2423 1276//2423 1277//2423
f 1171//2424 1277//2424 1278//2424
f 1171//2425 1278//2425 1279//2425
f 1171//2426 1279//2426 1172//2426
f 1172//2427 1279//2427 1280//2427
f 1172//2428 1280//2428 1281//2428
f 1172//2429 1281//2429 1177//2429
f 1172//2430 1177//2430 1176//2430
f 1173//2431 1175//2431 1282//2431
f 1173//2432 1282//2432 1174//2432
f 1174//2433 1282//2433 1283//2433
f 1174//2434 1283//2434 1284//2434
f 1174//2435 1284//2435 1276//2435
f 1175//2436 1275//2436 1285//2436
f 1175//2437 1285//2437 1282//2437
f 1177//2438 1281//2438 1286//2438
f 1177//2439 1286//2439 1287//2439
f 1177//2440 1287//2440 1178//2440
f 1178//2441 1287//2441 1179//2441
f 1179//2442 1287//2442 1288//2442
f 1179//2443 1288//2443 1180//2443
f 1180//2444 1289//2444 1181//2444
f 1180//2445 1288//2445 1290//2445
f 1180//2446 1290//2446 1289//2446
f 1181//2447 1289//2447 1182//2447
f 1182//2448 1291//2448 1183//2448
f 1182//2449 1289//2449 1291//2449
f 1183//2450 1291//2450 1292//2450
f 1183//2451 1292//2451 1184//2451
f 1184//2452 1293//2452 1294//2452
f 1184//2453 1294//2453 1185//2453
f 1184//2454 1292//2454 1293//2454
f 1185//2455 1295//2455 1186//2455
f 1185//2456 1294//2456 1295//2456
f 1186//2457 1295//2457 1296//2457
f 1186//2458 1296//2458 1187//2458
f 1187//2459 1296//2459 1297//2459
f 1187//2460 1297//2460 1188//2460
f 1188//2461 1298//2461 1189//2461
f 1188//2462 1297//2462 1298//2462
f 1189//2463 1298//2463 1299//2463
f 1189//2464 1299//2464 1190//2464
f 1190//2465 1300//2465 1301//2465
f 1190//2466 1301//2466 1302//2466
f 1190//2467 1302//2467 1191//2467
f 1190//2468 1299//2468 1303//2468
f 1190//2469 1303//2469 1300//2469
f 1191//2470 1304//2470 1305//2470
f 1191//2471 1305//2471 1192//2471
f 1191//2472 1302//2472 1304//2472
f 1192//2473 1305//2473 1306//2473
f 1192//2474 1306//2474 1307//2474
f 1192//2475 1307//2475 1193//2475
f 1193//2476 1307//2476 1308//2476
f 1193//2477 1308//2477 1194//2477
f 1194//2478 1308//2478 1195//2478
f 1195//2479 1308//2479 1309//2479
f 1195//2480 1309//2480 1196//2480
f 1196//2481 1309//2481 1197//2481
f 1197//2482 1309//2482 1310//2482
f 1197//2483 1310//2483 1198//2483
f 1198//2484 1310//2484 1311//2484
f 1198//2485 1311//2485 1201//2485
f 1199//2486 1201//2486 1202//2486
f 1199//2487 1202//2487 1200//2487
f 1201//2488 1311//2488 1312//2488
f 1201//2489 1312//2489 1204//2489
f 1203//2490 1207//2490 1206//2490
f 1203//2491 1206//2491 1205//2491
f 1203//2492 1204//2492 1313//2492
f 1203//2493 1313//2493 1207//2493
f 1204//2494 1312//2494 1314//2494
f 1204//2495 1314//2495 1313//2495
f 1207//2496 1313//2496 1208//2496
f 1208//2497 1313//2497 1314//2497
f 1208//2498 1314//2498 1315//2498
f 1208//2499 1315//2499 1316//2499
f 1208//2500 1316//2500 1209//2500
f 1209//2501 1316//2501 1317//2501
f 1209//2502 1317//2502 1210//2502
f 1210//2503 1317//2503 1211//2503
f 1211//2504 1317//2504 1318//2504
f 1211//2505 1318//2505 1215//2505
f 1211//2506 1215//2506 1212//2506
f 1213//2507 1319//2507 1320//2507
f 1213//2508 1320//2508 1214//2508
f 1213//2509 1217//2509 1319//2509
f 1214//2510 1320//2510 1321//2510
f 1214//2511 1321//2511 1322//2511
f 1214//2512 1322//2512 1323//2512
f 1214//2513 1323//2513 1324//2513
f 1214//2514 1324//2514 1218//2514
f 1215//2515 1318//2515 1325//2515
f 1215//2516 1325//2516 1216//2516
f 1216//2517 1325//2517 1326//2517
f 1216//2518 1326//2518 1217//2518
f 1217//2519 1326//2519 1327//2519
f 1217//2520 1327//2520 1328//2520
f 1217//2521 1328//2521 1329//2521
f 1217//2522 1329//2522 1330//2522
f 1217//2523 1330//2523 1331//2523
f 1217//2524 1331//2524 1319//2524
f 1218//2525 1324//2525 1219//2525
f 1219//2526 1324//2526 1220//2526
f 1220//2527 1324//2527 1225//2527
f 1221//2528 1332//2528 1222//2528
f 1221//2529 1224//2529 1333//2529
f 1221//2530 1333//2530 1334//2530
f 1221//2531 1334//2531 1332//2531
f 1222//2532 1332//2532 1335//2532
f 1222//2533 1335//2533 1336//2533
f 1222//2533 1336//2533 1223//2533
f 1224//2534 1226//2534 1337//2534
f 1224//2535 1337//2535 1323//2535
f 1224//2536 1323//2536 1322//2536
f 1224//2537 1322//2537 1321//2537
f 1224//2538 1321//2538 1338//2538
f 1224//2539 1338//2539 1333//2539
f 1225//2540 1324//2540 1226//2540
f 1226//2541 1324//2541 1337//2541
f 1223//2542 1336//2542 1339//2542
f 1223//2543 1339//2543 1227//2543
f 1227//2544 1339//2544 1340//2544
f 1227//2545 1340//2545 1228//2545
f 1228//2546 1340//2546 1341//2546
f 1228//2547 1341//2547 1342//2547
f 1228//2548 1342//2548 1230//2548
f 1230//2549 1237//2549 1235//2549
f 1230//2550 1235//2550 1234//2550
f 1230//2551 1234//2551 1231//2551
f 1230//2552 1342//2552 1237//2552
f 1236//2553 1237//2553 1342//2553
f 1236//2554 1342//2554 1242//2554
f 1238//2555 1241//2555 1343//2555
f 1238//2556 1343//2556 1247//2556
f 1238//2557 1247//2557 1246//2557
f 1241//2558 1245//2558 1344//2558
f 1241//2559 1344//2559 1343//2559
f 1242//2560 1342//2560 1243//2560
f 1243//2561 1345//2561 1346//2561
f 1243//2562 1346//2562 1347//2562
f 1243//2563 1347//2563 1244//2563
f 1243//2564 1342//2564 1348//2564
f 1243//2565 1348//2565 1345//2565
f 1244//2566 1347//2566 1349//2566
f 1244//2567 1349//2567 1245//2567
f 1245//2568 1349//2568 1344//2568
f 1247//2569 1343//2569 1350//2569
f 1247//2570 1350//2570 1248//2570
f 1248//2571 1350//2571 1351//2571
f 1248//2572 1351//2572 1352//2572
f 1248//2573 1352//2573 1353//2573
f 1248//2574 1353//2574 1249//2574
f 1249//2575 1353//2575 1354//2575
f 1249//2576 1354//2576 1250//2576
f 1250//2577 1354//2577 1355//2577
f 1250//2578 1355//2578 1356//2578
f 1250//2579 1356//2579 1251//2579
f 1251//2580 1356//2580 1252//2580
f 1252//2581 1356//2581 1254//2581
f 1252//2582 1254//2582 1253//2582
f 1254//2583 1356//2583 1259//2583
f 1255//2584 1266//2584 1357//2584
f 1255//2585 1357//2585 1358//2585
f 1255//2586 1358//2586 1359//2586
f 1255//2587 1359//2587 1256//2587
f 1256//2588 1360//2588 1361//2588
f 1256//2589 1361//2589 1257//2589
f 1256//2590 1359//2590 1362//2590
f 1256//2591 1362//2591 1360//2591
f 1257//2592 1361//2592 1258//2592
f 1258//2593 1361//2593 1270//2593
f 1259//2594 1356//2594 1363//2594
f 1259//2595 1363//2595 1364//2595
f 1259//2596 1364//2596 1260//2596
f 1260//2597 1365//2597 1261//2597
f 1260//2598 1364//2598 1365//2598
f 1261//2599 1365//2599 1366//2599
f 1261//2600 1366//2600 1367//2600
f 1261//2601 1367//2601 1262//2601
f 1262//2602 1367//2602 1368//2602
f 1262//2603 1368//2603 1369//2603
f 1262//2604 1369//2604 1263//2604
f 1263//2605 1369//2605 1264//2605
f 1264//2606 1369//2606 1370//2606
f 1264//2607 1370//2607 1265//2607
f 1265//2608 1370//2608 1371//2608
f 1265//2609 1371//2609 1266//2609
f 1266//2610 1371//2610 1372//2610
f 1266//2611 1372//2611 1357//2611
f 1270//2612 1361//2612 1373//2612
f 1270//2613 1373//2613 1272//2613
f 1270//2614 1272//2614 1271//2614
f 1272//2615 1373//2615 1273//2615
f 1273//2616 1373//2616 1374//2616
f 1273//2617 1374//2617 1375//2617
f 1273//2618 1375//2618 1274//2618
f 1274//2619 1375//2619 1376//2619
f 1274//2620 1376//2620 1275//2620
f 1275//2621 1376//2621 1285//2621
f 1276//2622 1284//2622 1377//2622
f 1276//2623 1377//2623 1277//2623
f 1277//2624 1377//2624 1378//2624
f 1277//2625 1378//2625 1278//2625
f 1278//2626 1378//2626 1379//2626
f 1278//2627 1379//2627 1281//2627
f 1278//2628 1281//2628 1280//2628
f 1278//2629 1280//2629 1279//2629
f 1281//2630 1379//2630 1286//2630
f 1282//2631 1380//2631 1283//2631
f 1282//2632 1285//2632 1380//2632
f 1283//2633 1380//2633 1381//2633
f 1283//2634 1381//2634 1382//2634
f 1283//2635 1382//2635 1383//2635
f 1283//2636 1383//2636 1284//2636
f 1284//2637 1383//2637 1384//2637
f 1284//2638 1384//2638 1377//2638
f 1285//2639 1385//2639 1380//2639
f 1285//2640 1376//2640 1385//2640
f 1286//2641 1386//2641 1387//2641
f 1286//2642 1387//2642 1388//2642
f 1286//2643 1388//2643 1287//2643
f 1286//2644 1379//2644 1389//2644
f 1286//2645 1389//2645 1390//2645
f 1286//2646 1390//2646 1386//2646
f 1287//2647 1388//2647 1288//2647
f 1288//2648 1388//2648 1290//2648
f 1289//2649 1391//2649 1392//2649
f 1289//2650 1392//2650 1291//2650
f 1289//2651 1290//2651 1391//2651
f 1290//2652 1388//2652 1393//2652
f 1290//2653 1393//2653 1391//2653
f 1291//2654 1394//2654 1292//2654
f 1291//2655 1392//2655 1394//2655
f 1292//2656 1394//2656 1395//2656
f 1292//2657 1395//2657 1293//2657
f 1293//2658 1396//2658 1397//2658
f 1293//2659 1397//2659 1294//2659
f 1293//2660 1395//2660 1398//2660
f 1293//2661 1398//2661 1396//2661
f 1294//2662 1397//2662 1399//2662
f 1294//2663 1399//2663 1295//2663
f 1295//2664 1399//2664 1400//2664
f 1295//2665 1400//2665 1401//2665
f 1295//2666 1401//2666 1296//2666
f 1296//2667 1401//2667 1402//2667
f 1296//2668 1402//2668 1297//2668
f 1297//2669 1402//2669 1403//2669
f 1297//2670 1403//2670 1404//2670
f 1297//2671 1404//2671 1298//2671
f 1298//2672 1404//2672 1405//2672
f 1298//2673 1405//2673 1303//2673
f 1298//2674 1303//2674 1299//2674
f 1300//2675 1303//2675 1406//2675
f 1300//2676 1406//2676 1407//2676
f 1300//2677 1407//2677 1408//2677
f 1300//2678 1408//2678 1301//2678
f 1301//2679 1409//2679 1410//2679
f 1301//2680 1410//2680 1411//2680
f 1301//2681 1411//2681 1302//2681
f 1301//2682 1408//2682 1409//2682
f 1302//2683 1411//2683 1412//2683
f 1302//2684 1412//2684 1304//2684
f 1303//2685 1413//2685 1406//2685
f 1303//2686 1405//2686 1413//2686
f 1304//2687 1414//2687 1305//2687
f 1304//2688 1412//2688 1414//2688
f 1305//2689 1414//2689 1306//2689
f 1306//2690 1415//2690 1416//2690
f 1306//2691 1416//2691 1307//2691
f 1306//2692 1414//2692 1412//2692
f 1306//2693 1412//2693 1415//2693
f 1307//2694 1417//2694 1418//2694
f 1307//2695 1418//2695 1308//2695
f 1307//2696 1416//2696 1417//2696
f 1308//2697 1418//2697 1419//2697
f 1308//2698 1419//2698 1420//2698
f 1308//2699 1420//2699 1309//2699
f 1309//2700 1420//2700 1315//2700
f 1309//2701 1315//2701 1311//2701
f 1309//2702 1311//2702 1310//2702
f 1311//2703 1315//2703 1312//2703
f 1312//2704 1315//2704 1314//2704
f 1315//2705 1420//2705 1316//2705
f 1316//2706 1420//2706 1317//2706
f 1317//2707 1420//2707 1421//2707
f 1317//2708 1421//2708 1318//2708
f 1318//2709 1421//2709 1422//2709
f 1318//2710 1422//2710 1325//2710
f 1319//2711 1331//2711 1320//2711
f 1320//2712 1338//2712 1321//2712
f 1320//2713 1331//2713 1338//2713
f 1323//2714 1337//2714 1324//2714
f 1325//2715 1422//2715 1423//2715
f 1325//2716 1423//2716 1326//2716
f 1326//2717 1423//2717 1424//2717
f 1326//2718 1424//2718 1327//2718
f 1327//2719 1425//2719 1328//2719
f 1327//2720 1424//2720 1426//2720
f 1327//2721 1426//2721 1425//2721
f 1328//2722 1425//2722 1427//2722
f 1328//2723 1427//2723 1428//2723
f 1328//2724 1428//2724 1329//2724
f 1329//2725 1429//2725 1430//2725
f 1329//2726 1430//2726 1330//2726
f 1329//2727 1428//2727 1431//2727
f 1329//2728 1431//2728 1429//2728
f 1330//2729 1432//2729 1331//2729
f 1330//2730 1430//2730 1433//2730
f 1330//2731 1433//2731 1434//2731
f 1330//2732 1434//2732 1432//2732
f 1331//2733 1432//2733 1435//2733
f 1331//2734 1435//2734 1436//2734
f 1331//2735 1436//2735 1338//2735
f 1332//2736 1339//2736 1437//2736
f 1332//2737 1437//2737 1335//2737
f 1332//2738 1334//2738 1438//2738
f 1332//2739 1438//2739 1439//2739
f 1332//2740 1439//2740 1339//2740
f 1333//2741 1338//2741 1440//2741
f 1333//2742 1440//2742 1439//2742
f 1333//2743 1439//2743 1441//2743
f 1333//2744 1441//2744 1438//2744
f 1333//2745 1438//2745 1334//2745
f 1335//2746 1437//2746 1339//2746
f 1335//2747 1339//2747 1336//2747
f 1338//2748 1436//2748 1440//2748
f 1339//2749 1439//2749 1442//2749
f 1339//2750 1442//2750 1443//2750
f 1339//2751 1443//2751 1444//2751
f 1339//2752 1444//2752 1445//2752
f 1339//2753 1445//2753 1446//2753
f 1339//2754 1446//2754 1340//2754
f 1340//2755 1446//2755 1445//2755
f 1340//2756 1445//2756 1341//2756
f 1341//2757 1445//2757 1444//2757
f 1341//2758 1444//2758 1443//2758
f 1341//2759 1443//2759 1442//2759
f 1341//2760 1442//2760 1447//2760
f 1341//2761 1447//2761 1348//2761
f 1341//2762 1348//2762 1342//2762
f 1343//2763 1344//2763 1448//2763
f 1343//2764 1448//2764 1449//2764
f 1343//2765 1449//2765 1350//2765
f 1344//2766 1349//2766 1450//2766
f 1344//2767 1450//2767 1448//2767
f 1345//2768 1451//2768 1346//2768
f 1345//2769 1348//2769 1439//2769
f 1345//2770 1439//2770 1432//2770
f 1345//2771 1432//2771 1434//2771
f 1345//2772 1434//2772 1452//2772
f 1345//2773 1452//2773 1453//2773
f 1345//2774 1453//2774 1451//2774
f 1346//2775 1451//2775 1454//2775
f 1346//2776 1454//2776 1455//2776
f 1346//2777 1455//2777 1456//2777
f 1346//2778 1456//2778 1457//2778
f 1346//2779 1457//2779 1458//2779
f 1346//2780 1458//2780 1347//2780
f 1347//2781 1458//2781 1459//2781
f 1347//2782 1459//2782 1349//2782
f 1348//2783 1447//2783 1442//2783
f 1348//2784 1442//2784 1439//2784
f 1349//2785 1459//2785 1450//2785
f 1350//2786 1449//2786 1351//2786
f 1351//2787 1449//2787 1352//2787
f 1352//2788 1449//2788 1460//2788
f 1352//2789 1460//2789 1353//2789
f 1353//2790 1460//2790 1355//2790
f 1353//2791 1355//2791 1354//2791
f 1355//2792 1461//2792 1363//2792
f 1355//2793 1363//2793 1356//2793
f 1355//2794 1460//2794 1461//2794
f 1357//2795 1372//2795 1462//2795
f 1357//2796 1462//2796 1358//2796
f 1358//2797 1462//2797 1463//2797
f 1358//2798 1463//2798 1464//2798
f 1358//2799 1464//2799 1359//2799
f 1359//2800 1464//2800 1362//2800
f 1360//2801 1374//2801 1361//2801
f 1360//2802 1362//2802 1465//2802
f 1360//2803 1465//2803 1374//2803
f 1361//2804 1374//2804 1373//2804
f 1362//2805 1464//2805 1466//2805
f 1362//2806 1466//2806 1465//2806
f 1363//2807 1461//2807 1467//2807
f 1363//2808 1467//2808 1468//2808
f 1363//2809 1468//2809 1365//2809
f 1363//2810 1365//2810 1364//2810
f 1365//2811 1468//2811 1469//2811
f 1365//2812 1469//2812 1366//2812
f 1366//2813 1469//2813 1367//2813
f 1367//2814 1470//2814 1471//2814
f 1367//2815 1471//2815 1368//2815
f 1367//2816 1469//2816 1472//2816
f 1367//2817 1472//2817 1470//2817
f 1368//2818 1471//2818 1473//2818
f 1368//2819 1473//2819 1369//2819
f 1369//2820 1473//2820 1370//2820
f 1370//2821 1473//2821 1474//2821
f 1370//2822 1474//2822 1371//2822
f 1371//2823 1474//2823 1475//2823
f 1371//2824 1475//2824 1372//2824
f 1372//2825 1475//2825 1476//2825
f 1372//2826 1476//2826 1462//2826
f 1374//2827 1465//2827 1375//2827
f 1375//2828 1465//2828 1477//2828
f 1375//2829 1477//2829 1376//2829
f 1376//2830 1477//2830 1385//2830
f 1377//2831 1384//2831 1478//2831
f 1377//2832 1478//2832 1479//2832
f 1377//2833 1479//2833 1378//2833
f 1378//2834 1479//2834 1379//2834
f 1379//2835 1479//2835 1480//2835
f 1379//2836 1480//2836 1481//2836
f 1379//2837 1481//2837 1389//2837
f 1380//2838 1385//2838 1381//2838
f 1381//2839 1482//2839 1382//2839
f 1381//2840 1385//2840 1482//2840
f 1382//2841 1483//2841 1484//2841
f 1382//2842 1484//2842 1383//2842
f 1382//2843 1482//2843 1485//2843
f 1382//2844 1485//2844 1483//2844
f 1383//2845 1486//2845 1384//2845
f 1383//2846 1484//2846 1486//2846
f 1384//2847 1487//2847 1488//2847
f 1384//2848 1488//2848 1478//2848
f 1384//2849 1486//2849 1487//2849
f 1385//2850 1489//2850 1482//2850
f 1385//2851 1477//2851 1489//2851
f 1386//2852 1390//2852 1490//2852
f 1386//2853 1490//2853 1491//2853
f 1386//2854 1491//2854 1492//2854
f 1386//2855 1492//2855 1493//2855
f 1386//2856 1493//2856 1494//2856
f 1386//2857 1494//2857 1495//2857
f 1386//2858 1495//2858 1387//2858
f 1387//2859 1496//2859 1388//2859
f 1387//2860 1495//2860 1496//2860
f 1388//2861 1496//2861 1393//2861
f 1389//2862 1481//2862 1497//2862
f 1389//2863 1497//2863 1498//2863
f 1389//2864 1498//2864 1499//2864
f 1389//2865 1499//2865 1500//2865
f 1389//2866 1500//2866 1390//2866
f 1390//2867 1500//2867 1499//2867
f 1390//2868 1499//2868 1453//2868
f 1390//2869 1453//2869 1490//2869
f 1391//2870 1393//2870 1392//2870
f 1392//2871 1393//2871 1394//2871
f 1393//2872 1496//2872 1394//2872
f 1394//2873 1501//2873 1395//2873
f 1394//2874 1496//2874 1501//2874
f 1395//2875 1502//2875 1398//2875
f 1395//2876 1501//2876 1502//2876
f 1396//2877 1503//2877 1504//2877
f 1396//2878 1504//2878 1397//2878
f 1396//2879 1398//2879 1502//2879
f 1396//2880 1502//2880 1503//2880
f 1397//2881 1504//2881 1505//2881
f 1397//2882 1505//2882 1399//2882
f 1399//2883 1505//2883 1400//2883
f 1400//2884 1505//2884 1506//2884
f 1400//2885 1506//2885 1507//2885
f 1400//2886 1507//2886 1508//2886
f 1400//2887 1508//2887 1401//2887
f 1401//2888 1508//2888 1402//2888
f 1402//2889 1508//2889 1509//2889
f 1402//2890 1509//2890 1403//2890
f 1403//2891 1509//2891 1510//2891
f 1403//2892 1510//2892 1404//2892
f 1404//2893 1510//2893 1405//2893
f 1405//2894 1510//2894 1511//2894
f 1405//2895 1511//2895 1413//2895
f 1406//2896 1413//2896 1407//2896
f 1407//2897 1413//2897 1512//2897
f 1407//2898 1512//2898 1408//2898
f 1408//2899 1512//2899 1513//2899
f 1408//2900 1513//2900 1514//2900
f 1408//2901 1514//2901 1515//2901
f 1408//2902 1515//2902 1516//2902
f 1408//2903 1516//2903 1409//2903
f 1409//2904 1517//2904 1518//2904
f 1409//2905 1518//2905 1410//2905
f 1409//2906 1516//2906 1517//2906
f 1410//2907 1518//2907 1411//2907
f 1411//2908 1518//2908 1415//2908
f 1411//2909 1415//2909 1412//2909
f 1413//2910 1511//2910 1512//2910
f 1415//2911 1519//2911 1520//2911
f 1415//2912 1520//2912 1416//2912
f 1415//2913 1518//2913 1521//2913
f 1415//2914 1521//2914 1519//2914
f 1416//2915 1520//2915 1417//2915
f 1417//2916 1520//2916 1418//2916
f 1418//2917 1522//2917 1523//2917
f 1418//2918 1523//2918 1419//2918
f 1418//2919 1520//2919 1519//2919
f 1418//2920 1519//2920 1522//2920
f 1419//2921 1523//2921 1524//2921
f 1419//2922 1524//2922 1525//2922
f 1419//2923 1525//2923 1526//2923
f 1419//2924 1526//2924 1527//2924
f 1419//2925 1527//2925 1421//2925
f 1419//2926 1421//2926 1420//2926
f 1421//2927 1527//2927 1426//2927
f 1421//2928 1426//2928 1424//2928
f 1421//2929 1424//2929 1422//2929
f 1422//2930 1424//2930 1423//2930
f 1425//2931 1528//2931 1526//2931
f 1425//2932 1526//2932 1427//2932
f 1425//2933 1426//2933 1528//2933
f 1426//2934 1527//2934 1528//2934
f 1427//2935 1522//2935 1519//2935
f 1427//2936 1519//2936 1529//2936
f 1427//2937 1529//2937 1428//2937
f 1427//2938 1526//2938 1525//2938
f 1427//2939 1525//2939 1524//2939
f 1427//2940 1524//2940 1522//2940
f 1428//2941 1529//2941 1530//2941
f 1428//2942 1530//2942 1431//2942
f 1429//2943 1431//2943 1430//2943
f 1430//2944 1431//2944 1531//2944
f 1430//2945 1531//2945 1532//2945
f 1430//2946 1532//2946 1533//2946
f 1430//2947 1533//2947 1534//2947
f 1430//2948 1534//2948 1535//2948
f 1430//2949 1535//2949 1433//2949
f 1431//2950 1530//2950 1536//2950
f 1431//2951 1536//2951 1531//2951
f 1432//2952 1439//2952 1435//2952
f 1433//2953 1535//2953 1434//2953
f 1434//2954 1535//2954 1537//2954
f 1434//2955 1537//2955 1538//2955
f 1434//2956 1538//2956 1539//2956
f 1434//2957 1539//2957 1540//2957
f 1434//2958 1540//2958 1541//2958
f 1434//2959 1541//2959 1542//2959
f 1434//2960 1542//2960 1543//2960
f 1434//2961 1543//2961 1544//2961
f 1434//2962 1544//2962 1545//2962
f 1434//2963 1545//2963 1452//2963
f 1435//2964 1439//2964 1436//2964
f 1436//2965 1439//2965 1440//2965
f 1438//2966 1441//2966 1439//2966
f 1448//2967 1460//2967 1449//2967
f 1448//2968 1450//2968 1546//2968
f 1448//2969 1546//2969 1460//2969
f 1450//2970 1459//2970 1547//2970
f 1450//2971 1547//2971 1546//2971
f 1451//2972 1453//2972 1548//2972
f 1451//2973 1548//2973 1549//2973
f 1451//2974 1549//2974 1550//2974
f 1451//2975 1550//2975 1551//2975
f 1451//2976 1551//2976 1454//2976
f 1452//2977 1545//2977 1544//2977
f 1452//2978 1544//2978 1552//2978
f 1452//2979 1552//2979 1453//2979
f 1453//2980 1552//2980 1490//2980
f 1453//2981 1499//2981 1553//2981
f 1453//2982 1553//2982 1554//2982
f 1453//2983 1554//2983 1548//2983
f 1454//2984 1551//2984 1555//2984
f 1454//2985 1555//2985 1556//2985
f 1454//2986 1556//2986 1455//2986
f 1455//2987 1556//2987 1456//2987
f 1456//2988 1556//2988 1557//2988
f 1456//2989 1557//2989 1558//2989
f 1456//2990 1558//2990 1457//2990
f 1457//2991 1558//2991 1559//2991
f 1457//2992 1559//2992 1560//2992
f 1457//2993 1560//2993 1561//2993
f 1457//2994 1561//2994 1458//2994
f 1458//2995 1561//2995 1459//2995
f 1459//2996 1561//2996 1547//2996
f 1460//2997 1546//2997 1461//2997
f 1461//2998 1562//2998 1467//2998
f 1461//2999 1546//2999 1562//2999
f 1462//3000 1476//3000 1563//3000
f 1462//3001 1563//3001 1463//3001
f 1463//3002 1563//3002 1564//3002
f 1463//3003 1564//3003 1565//3003
f 1463//3004 1565//3004 1466//3004
f 1463//3005 1466//3005 1464//3005
f 1465//3006 1466//3006 1477//3006
f 1466//3007 1565//3007 1489//3007
f 1466//3008 1489//3008 1477//3008
f 1467//3009 1562//3009 1566//3009
f 1467//3010 1566//3010 1567//3010
f 1467//3011 1567//3011 1468//3011
f 1468//3012 1567//3012 1568//3012
f 1468//3013 1568//3013 1472//3013
f 1468//3014 1472//3014 1469//3014
f 1470//3015 1569//3015 1570//3015
f 1470//3016 1570//3016 1571//3016
f 1470//3017 1571//3017 1471//3017
f 1470//3018 1472//3018 1569//3018
f 1471//3019 1571//3019 1572//3019
f 1471//3020 1572//3020 1473//3020
f 1472//3021 1568//3021 1569//3021
f 1473//3022 1572//3022 1474//3022
f 1474//3023 1572//3023 1573//3023
f 1474//3024 1573//3024 1475//3024
f 1475//3025 1573//3025 1574//3025
f 1475//3026 1574//3026 1476//3026
f 1476//3027 1574//3027 1575//3027
f 1476//3028 1575//3028 1563//3028
f 1478//3029 1576//3029 1577//3029
f 1478//3030 1577//3030 1479//3030
f 1478//3031 1488//3031 1576//3031
f 1479//3032 1577//3032 1480//3032
f 1480//3033 1577//3033 1576//3033
f 1480//3034 1576//3034 1578//3034
f 1480//3035 1578//3035 1579//3035
f 1480//3036 1579//3036 1481//3036
f 1481//3037 1579//3037 1580//3037
f 1481//3038 1580//3038 1497//3038
f 1482//3039 1489//3039 1485//3039
f 1483//3040 1581//3040 1582//3040
f 1483//3041 1582//3041 1484//3041
f 1483//3042 1485//3042 1564//3042
f 1483//3043 1564//3043 1581//3043
f 1484//3044 1582//3044 1583//3044
f 1484//3045 1583//3045 1486//3045
f 1485//3046 1489//3046 1565//3046
f 1485//3047 1565//3047 1564//3047
f 1486//3048 1583//3048 1584//3048
f 1486//3049 1584//3049 1487//3049
f 1487//3050 1584//3050 1585//3050
f 1487//3051 1585//3051 1488//3051
f 1488//3052 1585//3052 1578//3052
f 1488//3053 1578//3053 1576//3053
f 1490//3054 1586//3054 1587//3054
f 1490//3055 1587//3055 1588//3055
f 1490//3056 1588//3056 1589//3056
f 1490//3057 1589//3057 1590//3057
f 1490//3058 1590//3058 1591//3058
f 1490//3059 1591//3059 1491//3059
f 1490//3060 1552//3060 1537//3060
f 1490//3061 1537//3061 1592//3061
f 1490//3062 1592//3062 1535//3062
f 1490//3063 1535//3063 1586//3063
f 1491//3064 1591//3064 1593//3064
f 1491//3065 1593//3065 1492//3065
f 1492//3066 1593//3066 1594//3066
f 1492//3067 1594//3067 1595//3067
f 1492//3068 1595//3068 1596//3068
f 1492//3069 1596//3069 1493//3069
f 1493//3070 1596//3070 1597//3070
f 1493//3071 1597//3071 1494//3071
f 1494//3072 1598//3072 1599//3072
f 1494//3073 1599//3073 1600//3073
f 1494//3074 1600//3074 1495//3074
f 1494//3075 1597//3075 1598//3075
f 1495//3076 1600//3076 1601//3076
f 1495//3077 1601//3077 1602//3077
f 1495//3078 1602//3078 1603//3078
f 1495//3079 1603//3079 1604//3079
f 1495//3080 1604//3080 1605//3080
f 1495//3081 1605//3081 1606//3081
f 1495//3082 1606//3082 1607//3082
f 1495//3083 1607//3083 1608//3083
f 1495//3084 1608//3084 1496//3084
f 1496//3085 1608//3085 1501//3085
f 1497//3086 1580//3086 1609//3086
f 1497//3087 1609//3087 1610//3087
f 1497//3088 1610//3088 1498//3088
f 1498//3089 1610//3089 1611//3089
f 1498//3090 1611//3090 1612//3090
f 1498//3091 1612//3091 1499//3091
f 1499//3092 1613//3092 1614//3092
f 1499//3093 1614//3093 1615//3093
f 1499//3094 1615//3094 1553//3094
f 1499//3095 1612//3095 1616//3095
f 1499//3096 1616//3096 1617//3096
f 1499//3097 1617//3097 1618//3097
f 1499//3098 1618//3098 1613//3098
f 1501//3099 1608//3099 1502//3099
f 1502//3100 1619//3100 1503//3100
f 1502//3101 1608//3101 1607//3101
f 1502//3102 1607//3102 1619//3102
f 1503//3103 1620//3103 1504//3103
f 1503//3104 1619//3104 1621//3104
f 1503//3105 1621//3105 1622//3105
f 1503//3106 1622//3106 1620//3106
f 1504//3107 1620//3107 1505//3107
f 1505//3108 1623//3108 1506//3108
f 1505//3109 1620//3109 1623//3109
f 1506//3110 1623//3110 1624//3110
f 1506//3111 1624//3111 1507//3111
f 1507//3112 1624//3112 1625//3112
f 1507//3113 1625//3113 1626//3113
f 1507//3114 1626//3114 1508//3114
f 1508//3115 1626//3115 1627//3115
f 1508//3116 1627//3116 1509//3116
f 1509//3117 1627//3117 1628//3117
f 1509//3118 1628//3118 1510//3118
f 1510//3119 1628//3119 1629//3119
f 1510//3120 1629//3120 1630//3120
f 1510//3121 1630//3121 1515//3121
f 1510//3122 1515//3122 1511//3122
f 1511//3123 1631//3123 1512//3123
f 1511//3124 1515//3124 1514//3124
f 1511//3125 1514//3125 1513//3125
f 1511//3126 1513//3126 1631//3126
f 1512//3127 1631//3127 1513//3127
f 1515//3128 1630//3128 1632//3128
f 1515//3129 1632//3129 1516//3129
f 1516//3130 1632//3130 1633//3130
f 1516//3131 1633//3131 1517//3131
f 1517//3132 1633//3132 1634//3132
f 1517//3133 1634//3133 1635//3133
f 1517//3134 1635//3134 1521//3134
f 1517//3135 1521//3135 1518//3135
f 1519//3136 1521//3136 1529//3136
f 1521//3137 1635//3137 1530//3137
f 1521//3138 1530//3138 1529//3138
f 1522//3139 1524//3139 1523//3139
f 1526//3140 1528//3140 1527//3140
f 1530//3141 1635//3141 1536//3141
f 1531//3142 1536//3142 1636//3142
f 1531//3143 1636//3143 1637//3143
f 1531//3144 1637//3144 1638//3144
f 1531//3145 1638//3145 1532//3145
f 1532//3146 1638//3146 1637//3146
f 1532//3147 1637//3147 1639//3147
f 1532//3148 1639//3148 1533//3148
f 1533//3149 1639//3149 1534//3149
f 1534//3150 1639//3150 1640//3150
f 1534//3151 1640//3151 1535//3151
f 1535//3152 1592//3152 1537//3152
f 1535//3153 1640//3153 1641//3153
f 1535//3154 1641//3154 1587//3154
f 1535//3155 1587//3155 1586//3155
f 1536//3156 1635//3156 1642//3156
f 1536//3157 1642//3157 1636//3157
f 1537//3158 1552//3158 1538//3158
f 1538//3159 1643//3159 1539//3159
f 1538//3160 1552//3160 1643//3160
f 1539//3161 1643//3161 1552//3161
f 1539//3162 1552//3162 1540//3162
f 1540//3163 1552//3163 1644//3163
f 1540//3164 1644//3164 1542//3164
f 1540//3165 1542//3165 1541//3165
f 1542//3166 1644//3166 1552//3166
f 1542//3167 1552//3167 1543//3167
f 1543//3168 1552//3168 1544//3168
f 1546//3169 1547//3169 1562//3169
f 1547//3170 1561//3170 1645//3170
f 1547//3171 1645//3171 1562//3171
f 1548//3172 1554//3172 1549//3172
f 1549//3173 1554//3173 1550//3173
f 1550//3174 1554//3174 1646//3174
f 1550//3175 1646//3175 1551//3175
f 1551//3176 1646//3176 1647//3176
f 1551//3177 1647//3177 1555//3177
f 1553//3178 1615//3178 1648//3178
f 1553//3179 1648//3179 1646//3179
f 1553//3180 1646//3180 1554//3180
f 1555//3181 1647//3181 1649//3181
f 1555//3182 1649//3182 1556//3182
f 1556//3183 1649//3183 1557//3183
f 1557//3184 1649//3184 1650//3184
f 1557//3185 1650//3185 1651//3185
f 1557//3186 1651//3186 1652//3186
f 1557//3187 1652//3187 1558//3187
f 1558//3188 1652//3188 1559//3188
f 1559//3189 1561//3189 1560//3189
f 1559//3190 1652//3190 1653//3190
f 1559//3191 1653//3191 1654//3191
f 1559//3192 1654//3192 1561//3192
f 1561//3193 1654//3193 1645//3193
f 1562//3194 1645//3194 1655//3194
f 1562//3195 1655//3195 1566//3195
f 1563//3196 1575//3196 1581//3196
f 1563//3197 1581//3197 1564//3197
f 1566//3198 1655//3198 1656//3198
f 1566//3199 1656//3199 1657//3199
f 1566//3200 1657//3200 1567//3200
f 1567//3201 1657//3201 1568//3201
f 1568//3202 1657//3202 1658//3202
f 1568//3203 1658//3203 1659//3203
f 1568//3204 1659//3204 1569//3204
f 1569//3205 1659//3205 1570//3205
f 1570//3206 1659//3206 1660//3206
f 1570//3207 1660//3207 1661//3207
f 1570//3208 1661//3208 1662//3208
f 1570//3209 1662//3209 1571//3209
f 1571//3210 1662//3210 1663//3210
f 1571//3211 1663//3211 1572//3211
f 1572//3212 1663//3212 1664//3212
f 1572//3213 1664//3213 1573//3213
f 1573//3214 1664//3214 1574//3214
f 1574//3215 1664//3215 1665//3215
f 1574//3216 1665//3216 1575//3216
f 1575//3217 1665//3217 1666//3217
f 1575//3218 1666//3218 1581//3218
f 1578//3219 1585//3219 1667//3219
f 1578//3220 1667//3220 1579//3220
f 1579//3221 1667//3221 1609//3221
f 1579//3222 1609//3222 1580//3222
f 1581//3223 1666//3223 1582//3223
f 1582//3224 1668//3224 1583//3224
f 1582//3225 1666//3225 1668//3225
f 1583//3226 1669//3226 1584//3226
f 1583//3227 1668//3227 1669//3227
f 1584//3228 1670//3228 1585//3228
f 1584//3229 1669//3229 1670//3229
f 1585//3230 1670//3230 1667//3230
f 1587//3231 1671//3231 1588//3231
f 1587//3232 1641//3232 1672//3232
f 1587//3233 1672//3233 1671//3233
f 1588//3234 1671//3234 1673//3234
f 1588//3235 1673//3235 1589//3235
f 1589//3236 1673//3236 1590//3236
f 1590//3237 1673//3237 1674//3237
f 1590//3238 1674//3238 1675//3238
f 1590//3239 1675//3239 1591//3239
f 1591//3240 1675//3240 1593//3240
f 1593//3241 1675//3241 1674//3241
f 1593//3242 1674//3242 1676//3242
f 1593//3243 1676//3243 1594//3243
f 1594//3244 1676//3244 1677//3244
f 1594//3245 1677//3245 1678//3245
f 1594//3246 1678//3246 1595//3246
f 1595//3247 1678//3247 1596//3247
f 1596//3248 1679//3248 1597//3248
f 1596//3249 1678//3249 1679//3249
f 1597//3250 1679//3250 1680//3250
f 1597//3251 1680//3251 1681//3251
f 1597//3252 1681//3252 1598//3252
f 1598//3253 1681//3253 1682//3253
f 1598//3254 1682//3254 1683//3254
f 1598//3255 1683//3255 1684//3255
f 1598//3256 1684//3256 1599//3256
f 1599//3257 1684//3257 1600//3257
f 1600//3258 1684//3258 1601//3258
f 1601//3259 1684//3259 1685//3259
f 1601//3260 1685//3260 1602//3260
f 1602//3261 1685//3261 1604//3261
f 1602//3262 1604//3262 1603//3262
f 1604//3263 1685//3263 1686//3263
f 1604//3264 1686//3264 1687//3264
f 1604//3265 1687//3265 1605//3265
f 1605//3266 1687//3266 1688//3266
f 1605//3267 1688//3267 1689//3267
f 1605//3268 1689//3268 1606//3268
f 1606//3269 1689//3269 1621//3269
f 1606//3270 1621//3270 1690//3270
f 1606//3271 1690//3271 1607//3271
f 1607//3272 1690//3272 1619//3272
f 1609//3273 1667//3273 1691//3273
f 1609//3274 1691//3274 1610//3274
f 1610//3275 1691//3275 1692//3275
f 1610//3276 1692//3276 1611//3276
f 1611//3277 1692//3277 1693//3277
f 1611//3278 1693//3278 1694//3278
f 1611//3279 1694//3279 1695//3279
f 1611//3280 1695//3280 1616//3280
f 1611//3281 1616//3281 1612//3281
f 1613//3282 1696//3282 1614//3282
f 1613//3283 1618//3283 1696//3283
f 1614//3284 1696//3284 1697//3284
f 1614//3285 1697//3285 1698//3285
f 1614//3286 1698//3286 1648//3286
f 1614//3287 1648//3287 1615//3287
f 1616//3288 1695//3288 1699//3288
f 1616//3289 1699//3289 1700//3289
f 1616//3290 1700//3290 1701//3290
f 1616//3291 1701//3291 1617//3291
f 1617//3292 1701//3292 1618//3292
f 1618//3293 1701//3293 1696//3293
f 1619//3294 1690//3294 1621//3294
f 1620//3295 1622//3295 1702//3295
f 1620//3296 1702//3296 1623//3296
f 1621//3297 1689//3297 1703//3297
f 1621//3298 1703//3298 1622//3298
f 1622//3299 1704//3299 1702//3299
f 1622//3300 1703//3300 1704//3300
f 1623//3301 1702//3301 1624//3301
f 1624//3302 1683//3302 1705//3302
f 1624//3303 1705//3303 1625//3303
f 1624//3304 1702//3304 1683//3304
f 1625//3305 1706//3305 1626//3305
f 1625//3306 1705//3306 1706//3306
f 1626//3307 1706//3307 1707//3307
f 1626//3308 1707//3308 1708//3308
f 1626//3309 1708//3309 1627//3309
f 1627//3310 1708//3310 1709//3310
f 1627//3311 1709//3311 1628//3311
f 1628//3312 1709//3312 1710//3312
f 1628//3313 1710//3313 1629//3313
f 1629//3314 1710//3314 1630//3314
f 1630//3315 1710//3315 1711//3315
f 1630//3316 1711//3316 1633//3316
f 1630//3317 1633//3317 1632//3317
f 1633//3318 1711//3318 1634//3318
f 1634//3319 1642//3319 1635//3319
f 1634//3320 1711//3320 1712//3320
f 1634//3321 1712//3321 1642//3321
f 1636//3322 1642//3322 1713//3322
f 1636//3323 1713//3323 1714//3323
f 1636//3324 1714//3324 1637//3324
f 1637//3325 1714//3325 1715//3325
f 1637//3326 1715//3326 1639//3326
f 1639//3327 1715//3327 1640//3327
f 1640//3328 1715//3328 1672//3328
f 1640//3329 1672//3329 1641//3329
f 1642//3330 1712//3330 1713//3330
f 1645//3331 1654//3331 1716//3331
f 1645//3332 1716//3332 1655//3332
f 1646//3333 1648//3333 1647//3333
f 1647//3334 1650//3334 1649//3334
f 1647//3335 1648//3335 1717//3335
f 1647//3336 1717//3336 1650//3336
f 1648//3337 1698//3337 1717//3337
f 1650//3338 1717//3338 1718//3338
f 1650//3339 1718//3339 1651//3339
f 1651//3340 1718//3340 1719//3340
f 1651//3341 1719//3341 1653//3341
f 1651//3342 1653//3342 1652//3342
f 1653//3343 1719//3343 1720//3343
f 1653//3344 1720//3344 1654//3344
f 1654//3345 1720//3345 1716//3345
f 1655//3346 1716//3346 1656//3346
f 1656//3347 1716//3347 1721//3347
f 1656//3348 1721//3348 1722//3348
f 1656//3349 1722//3349 1657//3349
f 1657//3350 1722//3350 1658//3350
f 1658//3351 1723//3351 1660//3351
f 1658//3352 1660//3352 1659//3352
f 1658//3353 1722//3353 1723//3353
f 1660//3354 1723//3354 1724//3354
f 1660//3355 1724//3355 1661//3355
f 1661//3356 1724//3356 1725//3356
f 1661//3357 1725//3357 1726//3357
f 1661//3358 1726//3358 1727//3358
f 1661//3359 1727//3359 1662//3359
f 1662//3360 1727//3360 1728//3360
f 1662//3361 1728//3361 1663//3361
f 1663//3362 1728//3362 1729//3362
f 1663//3363 1729//3363 1664//3363
f 1664//3364 1729//3364 1665//3364
f 1665//3365 1729//3365 1730//3365
f 1665//3366 1730//3366 1666//3366
f 1666//3367 1730//3367 1668//3367
f 1667//3368 1670//3368 1691//3368
f 1668//3369 1730//3369 1731//3369
f 1668//3370 1731//3370 1669//3370
f 1669//3371 1732//3371 1670//3371
f 1669//3372 1731//3372 1732//3372
f 1670//3373 1732//3373 1691//3373
f 1671//3374 1672//3374 1677//3374
f 1671//3375 1677//3375 1674//3375
f 1671//3376 1674//3376 1673//3376
f 1672//3377 1715//3377 1733//3377
f 1672//3378 1733//3378 1677//3378
f 1674//3379 1677//3379 1676//3379
f 1677//3380 1733//3380 1678//3380
f 1678//3381 1733//3381 1734//3381
f 1678//3382 1734//3382 1679//3382
f 1679//3383 1734//3383 1735//3383
f 1679//3384 1735//3384 1680//3384
f 1680//3385 1736//3385 1681//3385
f 1680//3386 1735//3386 1707//3386
f 1680//3387 1707//3387 1706//3387
f 1680//3388 1706//3388 1736//3388
f 1681//3389 1736//3389 1682//3389
f 1682//3390 1736//3390 1705//3390
f 1682//3391 1705//3391 1683//3391
f 1683//3392 1702//3392 1704//3392
f 1683//3393 1704//3393 1737//3393
f 1683//3394 1737//3394 1684//3394
f 1684//3395 1737//3395 1685//3395
f 1685//3396 1737//3396 1687//3396
f 1685//3397 1687//3397 1686//3397
f 1687//3398 1703//3398 1689//3398
f 1687//3399 1689//3399 1688//3399
f 1687//3400 1737//3400 1703//3400
f 1691//3401 1732//3401 1738//3401
f 1691//3402 1738//3402 1692//3402
f 1692//3403 1738//3403 1739//3403
f 1692//3404 1739//3404 1693//3404
f 1693//3405 1739//3405 1740//3405
f 1693//3406 1740//3406 1694//3406
f 1694//3407 1740//3407 1741//3407
f 1694//3408 1741//3408 1695//3408
f 1695//3409 1741//3409 1699//3409
f 1696//3410 1742//3410 1697//3410
f 1696//3411 1701//3411 1742//3411
f 1697//3412 1743//3412 1744//3412
f 1697//3413 1744//3413 1698//3413
f 1697//3414 1742//3414 1743//3414
f 1698//3415 1744//3415 1717//3415
f 1699//3416 1741//3416 1745//3416
f 1699//3417 1745//3417 1746//3417
f 1699//3418 1746//3418 1700//3418
f 1700//3419 1747//3419 1748//3419
f 1700//3420 1748//3420 1701//3420
f 1700//3421 1746//3421 1747//3421
f 1701//3422 1748//3422 1742//3422
f 1703//3423 1737//3423 1704//3423
f 1705//3424 1736//3424 1706//3424
f 1707//3425 1735//3425 1712//3425
f 1707//3426 1712//3426 1711//3426
f 1707//3427 1711//3427 1708//3427
f 1708//3428 1711//3428 1709//3428
f 1709//3429 1711//3429 1710//3429
f 1712//3430 1735//3430 1713//3430
f 1713//3431 1735//3431 1734//3431
f 1713//3432 1734//3432 1714//3432
f 1714//3433 1734//3433 1733//3433
f 1714//3434 1733//3434 1715//3434
f 1716//3435 1720//3435 1721//3435
f 1717//3436 1744//3436 1718//3436
f 1718//3437 1744//3437 1749//3437
f 1718//3438 1749//3438 1719//3438
f 1719//3439 1749//3439 1750//3439
f 1719//3440 1750//3440 1720//3440
f 1720//3441 1750//3441 1721//3441
f 1721//3442 1750//3442 1751//3442
f 1721//3443 1751//3443 1722//3443
f 1722//3444 1751//3444 1723//3444
f 1723//3445 1751//3445 1752//3445
f 1723//3446 1752//3446 1753//3446
f 1723//3447 1753//3447 1724//3447
f 1724//3448 1753//3448 1752//3448
f 1724//3449 1752//3449 1725//3449
f 1725//3450 1754//3450 1726//3450
f 1725//3451 1752//3451 1754//3451
f 1726//3452 1754//3452 1755//3452
f 1726//3453 1755//3453 1756//3453
f 1726//3454 1756//3454 1727//3454
f 1727//3455 1756//3455 1757//3455
f 1727//3456 1757//3456 1728//3456
f 1728//3457 1757//3457 1758//3457
f 1728//3458 1758//3458 1729//3458
f 1729//3459 1758//3459 1731//3459
f 1729//3460 1731//3460 1730//3460
f 1731//3461 1758//3461 1732//3461
f 1732//3462 1758//3462 1738//3462
f 1738//3463 1758//3463 1739//3463
f 1739//3464 1758//3464 1757//3464
f 1739//3465 1757//3465 1756//3465
f 1739//3466 1756//3466 1759//3466
f 1739//3467 1759//3467 1740//3467
f 1740//3468 1745//3468 1741//3468
f 1740//3469 1759//3469 1760//3469
f 1740//3470 1760//3470 1761//3470
f 1740//3471 1761//3471 1745//3471
f 1742//3472 1762//3472 1743//3472
f 1742//3473 1748//3473 1762//3473
f 1743//3474 1762//3474 1763//3474
f 1743//3475 1763//3475 1749//3475
f 1743//3476 1749//3476 1744//3476
f 1745//3477 1761//3477 1746//3477
f 1746//3478 1761//3478 1747//3478
f 1747//3479 1764//3479 1748//3479
f 1747//3480 1761//3480 1764//3480
f 1748//3481 1764//3481 1765//3481
f 1748//3482 1765//3482 1762//3482
f 1749//3483 1763//3483 1750//3483
f 1750//3484 1763//3484 1751//3484
f 1751//3485 1763//3485 1752//3485
f 1752//3486 1763//3486 1766//3486
f 1752//3487 1766//3487 1754//3487
f 1754//3488 1766//3488 1767//3488
f 1754//3489 1767//3489 1755//3489
f 1755//3490 1767//3490 1760//3490
f 1755//3491 1760//3491 1759//3491
f 1755//3492 1759//3492 1756//3492
f 1760//3493 1767//3493 1764//3493
f 1760//3494 1764//3494 1761//3494
f 1762//3495 1765//3495 1763//3495
f 1763//3496 1765//3496 1766//3496
f 1764//3497 1767//3497 1768//3497
f 1764//3498 1768//3498 1765//3498
f 1765//3499 1768//3499 1766//3499
f 1766//3500 1768//3500 1767//3500
