{
  "board": {
    "squares_x": 12,
    "squares_y": 9,
    "square_length_mm": 15.0,
    "marker_length_mm": 11.25,
    "aruco_dict": "DICT_5X5_1000"
  },
  "intrinsics": {
    "cam0": {
      "folder": "/home/daotan/mvs_charuco_data/CharucoCapture_20260715_124908/cam0_DA7914043",
      "image_size": [
        720,
        540
      ],
      "num_images_total": 40,
      "num_images_valid": 25,
      "rms": 0.20752670022725228,
      "mean_reproj": 0.15229136555068679,
      "K": [
        [
          881.0920268339316,
          0.0,
          358.49945064811783
        ],
        [
          0.0,
          880.9077536947572,
          273.71649845941437
        ],
        [
          0.0,
          0.0,
          1.0
        ]
      ],
      "D": [
        [
          -0.07564005027303743,
          0.1992795034246243,
          -0.00029374243535455676,
          -0.00010834729354937063,
          -0.41046548085337015
        ]
      ]
    },
    "cam1": {
      "folder": "/home/daotan/mvs_charuco_data/CharucoCapture_20260715_124908/cam1_DA8165484",
      "image_size": [
        720,
        540
      ],
      "num_images_total": 40,
      "num_images_valid": 22,
      "rms": 0.2791347893796717,
      "mean_reproj": 0.21527100055459328,
      "K": [
        [
          875.9608544350672,
          0.0,
          356.7759224734147
        ],
        [
          0.0,
          876.0368324138353,
          274.0830271459287
        ],
        [
          0.0,
          0.0,
          1.0
        ]
      ],
      "D": [
        [
          -0.06811180821956189,
          0.17300849507427074,
          0.0017227905967362137,
          -0.0009851169528344418,
          -0.26058114067349325
        ]
      ]
    },
    "cam2": {
      "folder": "/home/daotan/mvs_charuco_data/CharucoCapture_20260715_124908/cam2_DA8165486",
      "image_size": [
        720,
        540
      ],
      "num_images_total": 40,
      "num_images_valid": 16,
      "rms": 0.24543685426641804,
      "mean_reproj": 0.17493584331312378,
      "K": [
        [
          879.4023144076025,
          0.0,
          355.0849514385587
        ],
        [
          0.0,
          878.1530991805438,
          303.7006960646727
        ],
        [
          0.0,
          0.0,
          1.0
        ]
      ],
      "D": [
        [
          -0.03957524324892775,
          -0.16549016579407233,
          0.0012868966664704787,
          0.0007889406878020049,
          0.9824200957078121
        ]
      ]
    },
    "cam3": {
      "folder": "/home/daotan/mvs_charuco_data/CharucoCapture_20260715_124908/cam3_DA7914080",
      "image_size": [
        720,
        540
      ],
      "num_images_total": 40,
      "num_images_valid": 25,
      "rms": 0.22168454114178418,
      "mean_reproj": 0.1649126100907506,
      "K": [
        [
          876.9035146700976,
          0.0,
          350.6154941410336
        ],
        [
          0.0,
          876.368237284895,
          281.0019306598628
        ],
        [
          0.0,
          0.0,
          1.0
        ]
      ],
      "D": [
        [
          -0.06755436077768696,
          0.1352636820570925,
          0.0008695239519710339,
          -0.0013567992382781066,
          -0.11480598246403005
        ]
      ]
    }
  },
  "multi_camera": {
    "reference_camera": "cam0",
    "frames_total": 40,
    "per_camera_board_seen": {
      "cam0": 25,
      "cam1": 22,
      "cam2": 16,
      "cam3": 25
    },
    "pair_sample_counts": {
      "cam0_cam1": 9,
      "cam0_cam2": 8,
      "cam0_cam3": 19,
      "cam1_cam2": 16,
      "cam1_cam3": 11,
      "cam2_cam3": 6
    },
    "extrinsics": {
      "cam0_to_cam1": {
        "R": [
          [
            -0.6636227295874292,
            0.2381537711989025,
            0.7091457213004043
          ],
          [
            0.24165664030045356,
            -0.8288958386546665,
            0.504513386204642
          ],
          [
            0.7079597029306309,
            0.506176322959419,
            0.49252267876886124
          ]
        ],
        "t": [
          -0.6769177769196147,
          -0.4544061791313844,
          0.46718019016978085
        ],
        "link_type": "direct",
        "path": [
          "cam0->cam1(samples=9,inliers=8)"
        ],
        "direct_rot_std_deg": 0.05918651249936823,
        "direct_trans_std_m": 0.0008695474419617049
      },
      "cam0_to_cam2": {
        "R": [
          [
            0.6250827657132231,
            -0.029956800426057934,
            -0.7799834140009269
          ],
          [
            0.026760878271033402,
            0.9994982964098437,
            -0.01694139510144305
          ],
          [
            0.7800996035138531,
            -0.010283267090453383,
            0.6255708297351112
          ]
        ],
        "t": [
          0.7342705502948738,
          0.01957317706198405,
          0.35950048773049414
        ],
        "link_type": "direct",
        "path": [
          "cam0->cam2(samples=8,inliers=8)"
        ],
        "direct_rot_std_deg": 0.11592378236543471,
        "direct_trans_std_m": 0.0011877619895428976
      },
      "cam0_to_cam3": {
        "R": [
          [
            -0.9698833054687352,
            -0.21623170728945823,
            0.11211700377608225
          ],
          [
            0.24292767505337243,
            -0.8253437236292095,
            0.5096997965067618
          ],
          [
            -0.017678191825044626,
            0.5215856464939936,
            0.8530157647460217
          ]
        ],
        "t": [
          -0.06450155580914167,
          -0.46455649651968267,
          0.12632833616694408
        ],
        "link_type": "direct",
        "path": [
          "cam0->cam3(samples=19,inliers=19)"
        ],
        "direct_rot_std_deg": 0.11130609419106269,
        "direct_trans_std_m": 0.000984188347747286
      }
    }
  }
}