{
  "board": {
    "squares_x": 12,
    "squares_y": 9,
    "square_length_mm": 15.0,
    "marker_length_mm": 11.25,
    "aruco_dict": "DICT_5X5_1000"
  },
  "intrinsics": {
    "cam0": {
      "folder": "/home/daotan/mvs_charuco_data/CharucoCapture_20260723_163445/cam0_DA7914047",
      "image_size": [
        720,
        540
      ],
      "num_images_total": 41,
      "num_images_valid": 22,
      "rms": 0.25149997277713043,
      "mean_reproj": 0.19017181265989078,
      "K": [
        [
          887.2542457329962,
          0.0,
          355.8371774334094
        ],
        [
          0.0,
          887.0570039224654,
          280.2435761248669
        ],
        [
          0.0,
          0.0,
          1.0
        ]
      ],
      "D": [
        [
          -0.09877350913680877,
          0.31991191698209376,
          -0.00014005719655410678,
          -0.00013049210855437194,
          -0.791009945156739
        ]
      ]
    },
    "cam1": {
      "folder": "/home/daotan/mvs_charuco_data/CharucoCapture_20260723_163445/cam1_DA8165486",
      "image_size": [
        720,
        540
      ],
      "num_images_total": 41,
      "num_images_valid": 16,
      "rms": 0.2121475540120873,
      "mean_reproj": 0.156882537616145,
      "K": [
        [
          880.8021832779003,
          0.0,
          358.3491963297864
        ],
        [
          0.0,
          879.4303099795474,
          304.11839667089004
        ],
        [
          0.0,
          0.0,
          1.0
        ]
      ],
      "D": [
        [
          -0.0916748356477114,
          0.4624429509864957,
          -0.00011522949970679145,
          0.0012785202827716939,
          -1.7811920709593152
        ]
      ]
    },
    "cam2": {
      "folder": "/home/daotan/mvs_charuco_data/CharucoCapture_20260723_163445/cam2_DA8165484",
      "image_size": [
        720,
        540
      ],
      "num_images_total": 41,
      "num_images_valid": 18,
      "rms": 0.24105273110644873,
      "mean_reproj": 0.18489499505352686,
      "K": [
        [
          885.1987304208509,
          0.0,
          357.81212921079685
        ],
        [
          0.0,
          884.299571988767,
          269.02692713834585
        ],
        [
          0.0,
          0.0,
          1.0
        ]
      ],
      "D": [
        [
          -0.08665533796083735,
          0.2420275573104102,
          -0.0001781292647199183,
          -0.0003984084641706982,
          -0.5206330291277781
        ]
      ]
    },
    "cam3": {
      "folder": "/home/daotan/mvs_charuco_data/CharucoCapture_20260723_163445/cam3_DA7914080",
      "image_size": [
        720,
        540
      ],
      "num_images_total": 41,
      "num_images_valid": 16,
      "rms": 0.22346966547827873,
      "mean_reproj": 0.1540852696709065,
      "K": [
        [
          888.1172235101268,
          0.0,
          357.27199839299607
        ],
        [
          0.0,
          888.0257458096111,
          275.1411468742087
        ],
        [
          0.0,
          0.0,
          1.0
        ]
      ],
      "D": [
        [
          -0.08752427103051108,
          0.21947739878581787,
          -0.0014422521875979608,
          0.0011059746767912069,
          -0.3179621119532703
        ]
      ]
    }
  },
  "multi_camera": {
    "reference_camera": "cam0",
    "frames_total": 41,
    "per_camera_board_seen": {
      "cam0": 22,
      "cam1": 16,
      "cam2": 18,
      "cam3": 16
    },
    "pair_sample_counts": {
      "cam0_cam1": 7,
      "cam0_cam2": 9,
      "cam0_cam3": 12,
      "cam1_cam2": 9,
      "cam1_cam3": 3,
      "cam2_cam3": 6
    },
    "extrinsics": {
      "cam0_to_cam1": {
        "R": [
          [
            0.6133747078960453,
            -0.03251469804006861,
            -0.7891224633254361
          ],
          [
            0.030271439592454482,
            0.9993858928904901,
            -0.017648712034548382
          ],
          [
            0.7892117001530334,
            -0.013062599390672287,
            0.6139822968447196
          ]
        ],
        "t": [
          0.7344214444324934,
          0.02038254614181548,
          0.3601906929643886
        ],
        "link_type": "direct",
        "path": [
          "cam0->cam1(samples=7,inliers=6)"
        ],
        "direct_rot_std_deg": 0.4435056823602534,
        "direct_trans_std_m": 0.0027434271670622344
      },
      "cam0_to_cam2": {
        "R": [
          [
            -0.6531381036145161,
            0.23320977018192232,
            0.7204330785704725
          ],
          [
            0.24466769802077695,
            -0.8353725309146194,
            0.49223008048931477
          ],
          [
            0.7166228681475686,
            0.4977609242246707,
            0.48855473302686747
          ]
        ],
        "t": [
          -0.6808433312743302,
          -0.45407167118637376,
          0.47185610088131985
        ],
        "link_type": "direct",
        "path": [
          "cam0->cam2(samples=9,inliers=8)"
        ],
        "direct_rot_std_deg": 0.19323294869999535,
        "direct_trans_std_m": 0.0014205777534813837
      },
      "cam0_to_cam3": {
        "R": [
          [
            -0.9703015552799114,
            -0.21409827001233409,
            0.112591396647838
          ],
          [
            0.24149004938619448,
            -0.8303018689472126,
            0.5022761814681432
          ],
          [
            -0.014051614456653802,
            0.5145490619955414,
            0.8573457965900755
          ]
        ],
        "t": [
          -0.06480503331441687,
          -0.4678535497829609,
          0.1321202762850225
        ],
        "link_type": "direct",
        "path": [
          "cam0->cam3(samples=12,inliers=10)"
        ],
        "direct_rot_std_deg": 48.87407715507891,
        "direct_trans_std_m": 0.14701383086987568
      }
    }
  }
}