t_sec,x_m,y_m,z_m,rx_rad,ry_rad,rz_rad
0.003087,0.395562,0.105272,0.157082,2.789714,0.174868,1.085738
0.006391,0.395723,0.105261,0.157186,2.789767,0.176189,1.085135
0.009773,0.395840,0.105288,0.157271,2.788980,0.177301,1.090291
0.013140,0.395999,0.105344,0.157407,2.788941,0.176732,1.094009
0.016219,0.396112,0.105365,0.157482,2.787104,0.180441,1.095498
0.019575,0.396226,0.105388,0.157660,2.787603,0.179904,1.098237
0.022944,0.396192,0.105454,0.157736,2.787527,0.179333,1.101168
0.026329,0.396134,0.105478,0.157793,2.789688,0.178004,1.093290
0.029739,0.395941,0.105399,0.157739,2.790790,0.177300,1.092313
0.032817,0.395879,0.105364,0.157757,2.790034,0.177917,1.092412
0.039788,0.395943,0.105250,0.157803,2.788090,0.180000,1.092513
0.042877,0.396007,0.105136,0.157849,2.786756,0.179531,1.094595
0.046034,0.396085,0.105100,0.157932,2.784981,0.180298,1.097672
0.049547,0.396303,0.105140,0.158139,2.782669,0.182807,1.101047
0.052911,0.396398,0.105161,0.158264,2.780735,0.182244,1.106308
0.056260,0.396400,0.105247,0.158321,2.781370,0.180870,1.106786
0.059565,0.396402,0.105333,0.158378,2.781856,0.180949,1.107749
0.062779,0.396368,0.105328,0.158361,2.780449,0.179972,1.112461
0.066374,0.396360,0.105316,0.158318,2.782843,0.177013,1.107424
0.069540,0.396378,0.105278,0.158273,2.781679,0.179493,1.108146
0.073035,0.396410,0.105215,0.158234,2.780867,0.179350,1.107783
0.076306,0.396273,0.105088,0.158073,2.780639,0.179564,1.102734
0.079787,0.396160,0.104983,0.157944,2.781001,0.179784,1.096842
0.083218,0.396018,0.104912,0.157831,2.778816,0.179815,1.100751
0.086100,0.395835,0.104847,0.157712,2.781424,0.176462,1.095636
0.089389,0.395652,0.104783,0.157594,2.784151,0.173150,1.089452
0.092833,0.395636,0.104788,0.157599,2.784292,0.171720,1.092368
0.096379,0.395645,0.104790,0.157606,2.786237,0.169239,1.093512
0.099773,0.395654,0.104793,0.157614,2.788658,0.165687,1.089952
0.103070,0.395827,0.104887,0.157762,2.788931,0.163555,1.092416
0.106363,0.396000,0.104980,0.157909,2.788913,0.161825,1.099289
0.109800,0.396213,0.105087,0.158006,2.791077,0.158558,1.098437
0.126963,0.396366,0.105143,0.158064,2.790880,0.157697,1.100414
0.129492,0.396525,0.105196,0.158127,2.791546,0.157591,1.098735
0.141257,0.396392,0.105089,0.157989,2.793544,0.154880,1.097372
0.144444,0.396393,0.105085,0.157955,2.795289,0.153211,1.089096
0.150847,0.396340,0.105058,0.157962,2.795186,0.152868,1.088075
0.156515,0.396324,0.105085,0.158001,2.796146,0.151356,1.086820
0.161883,0.396317,0.105131,0.158000,2.797304,0.148409,1.085909
0.181785,0.396457,0.105258,0.158067,2.796816,0.149094,1.086513
0.194016,0.396463,0.105281,0.158028,2.796915,0.149815,1.090899
0.196478,0.396432,0.105353,0.158000,2.798340,0.147968,1.086723
0.199450,0.396266,0.105319,0.157879,2.799440,0.147580,1.085728
0.206389,0.396187,0.105377,0.157894,2.801078,0.146803,1.083749
0.209416,0.395969,0.105344,0.157773,2.804011,0.144097,1.081665
0.218446,0.395892,0.105403,0.157759,2.805772,0.141190,1.076112
0.228124,0.395779,0.105322,0.157667,2.804608,0.139936,1.081101
0.232051,0.395985,0.105416,0.157779,2.805455,0.138556,1.078955
0.240301,0.396090,0.105439,0.157820,2.804604,0.139867,1.084391
0.243962,0.396328,0.105542,0.157980,2.802765,0.138372,1.086309
0.247201,0.396422,0.105526,0.158020,2.802541,0.139491,1.087793
0.250482,0.396569,0.105618,0.158126,2.802979,0.143301,1.087574
0.253637,0.396531,0.105638,0.158126,2.802302,0.144862,1.091882
0.256684,0.396488,0.105639,0.158124,2.802490,0.144049,1.088980
0.260178,0.396450,0.105653,0.158140,2.803327,0.147139,1.088608
0.263208,0.396414,0.105693,0.158172,2.802324,0.146469,1.092415
0.267114,0.396483,0.105684,0.158279,2.800760,0.146357,1.089945
0.270054,0.396530,0.105720,0.158486,2.800352,0.142308,1.092340
0.274116,0.396582,0.105739,0.158664,2.799703,0.140533,1.096342
0.277222,0.396629,0.105720,0.158802,2.798534,0.139840,1.092486
0.279946,0.396613,0.105732,0.158887,2.797130,0.139366,1.095262
0.283835,0.396528,0.105781,0.158912,2.800744,0.134740,1.098406
0.287248,0.396476,0.105873,0.158877,2.800632,0.138349,1.092128
0.290182,0.396251,0.105771,0.158704,2.800346,0.139583,1.092982
0.294058,0.396197,0.105798,0.158712,2.798417,0.143008,1.095553
0.297339,0.396204,0.105771,0.158819,2.796581,0.146771,1.094550
0.303947,0.396206,0.105740,0.158935,2.793401,0.147786,1.096747
0.307060,0.396140,0.105583,0.158984,2.789247,0.151712,1.101305
0.310764,0.396242,0.105617,0.159181,2.785895,0.156295,1.099343
0.314218,0.396166,0.105546,0.159227,2.784068,0.156778,1.102702
0.317360,0.396056,0.105553,0.159193,2.784173,0.160141,1.098831
0.320381,0.395950,0.105566,0.159147,2.782517,0.166324,1.095740
0.323926,0.395896,0.105611,0.159142,2.784425,0.163931,1.095918
0.327240,0.395716,0.105685,0.159084,2.785467,0.164008,1.093260
0.330694,0.395536,0.105756,0.159034,2.788214,0.162553,1.088844
0.333781,0.395387,0.105815,0.159089,2.788852,0.158670,1.090843
0.337248,0.395234,0.105883,0.159163,2.790761,0.156840,1.089615
0.340613,0.395073,0.105959,0.159272,2.791318,0.157700,1.086223
0.344288,0.395022,0.105989,0.159423,2.791861,0.156610,1.088294
0.346913,0.394942,0.106048,0.159587,2.790774,0.160182,1.087501
0.350259,0.394859,0.106051,0.159706,2.791246,0.162206,1.084486
0.353190,0.394771,0.106086,0.159854,2.791902,0.160681,1.082382
0.356793,0.394711,0.106148,0.159972,2.792365,0.161940,1.082511
0.360098,0.394671,0.106237,0.160100,2.792935,0.162097,1.080550
0.363716,0.394664,0.106338,0.160234,2.793002,0.158077,1.084604
0.367167,0.394600,0.106462,0.160341,2.794696,0.156743,1.084998
0.370626,0.394549,0.106591,0.160425,2.795948,0.156379,1.086457
0.373820,0.394550,0.106671,0.160514,2.796606,0.151094,1.091520
0.376938,0.394548,0.106726,0.160624,2.796763,0.149043,1.093614
0.380455,0.394530,0.106729,0.160741,2.796919,0.148168,1.091673
0.383612,0.394557,0.106698,0.160918,2.793895,0.144589,1.097913
0.387012,0.394478,0.106661,0.161073,2.791928,0.144904,1.097295
0.390426,0.394343,0.106653,0.161180,2.791354,0.146892,1.092041
0.393712,0.394476,0.106829,0.161456,2.792106,0.146032,1.096397
0.396724,0.394626,0.107023,0.161697,2.792449,0.150189,1.101295
0.407565,0.394720,0.107207,0.162110,2.792313,0.151576,1.100197
0.416457,0.394812,0.107277,0.162564,2.790538,0.151607,1.105080
0.419220,0.394682,0.107365,0.163042,2.790227,0.152578,1.104386
0.429877,0.394280,0.107279,0.163344,2.788721,0.155437,1.097982
0.433453,0.393872,0.107160,0.163769,2.786584,0.154879,1.093382
0.436600,0.393535,0.107250,0.164146,2.786933,0.155872,1.094178
0.443764,0.393408,0.107424,0.164639,2.788266,0.157276,1.089152
0.446278,0.393369,0.107561,0.165160,2.787298,0.156406,1.095226
0.455197,0.393352,0.107860,0.165752,2.784712,0.157446,1.098292
0.457917,0.393160,0.108294,0.166910,2.784118,0.158231,1.096555
0.479997,0.392746,0.108695,0.168031,2.780245,0.160747,1.095407
0.493912,0.392184,0.109056,0.169102,2.775445,0.165565,1.095959
0.497820,0.391704,0.109452,0.170284,2.771904,0.171483,1.090367
0.504624,0.391106,0.109786,0.171734,2.767401,0.178347,1.089606
0.506897,0.390662,0.110200,0.172745,2.764721,0.181185,1.093167
0.516536,0.390068,0.110602,0.173829,2.764928,0.185933,1.090147
0.519229,0.389402,0.111079,0.175222,2.764439,0.184818,1.096664
0.529580,0.388772,0.111629,0.176585,2.760275,0.186054,1.101251
0.535730,0.387888,0.111961,0.177631,2.762451,0.182223,1.101826
0.539797,0.386996,0.112218,0.178639,2.758013,0.189115,1.098025
0.542978,0.386353,0.112534,0.179747,2.756450,0.187017,1.103890
0.546419,0.385884,0.112747,0.180548,2.755720,0.188069,1.101097
0.549593,0.385308,0.112777,0.181442,2.751325,0.197753,1.105483
0.553152,0.385052,0.112957,0.182435,2.748827,0.196500,1.114648
0.556553,0.384638,0.113278,0.183370,2.745856,0.198816,1.124303
0.559644,0.384325,0.113485,0.184152,2.745191,0.198960,1.129696
0.563280,0.383857,0.113718,0.184922,2.743501,0.194436,1.144179
0.566377,0.383330,0.113871,0.185675,2.740674,0.195351,1.146661
0.569942,0.382714,0.113979,0.186369,2.735051,0.206354,1.145233
0.573306,0.382195,0.114272,0.187268,2.740266,0.194327,1.154071
0.576874,0.381529,0.114554,0.188029,2.740467,0.194365,1.156094
0.580047,0.380914,0.114890,0.188854,2.742530,0.196231,1.153776
0.582996,0.380444,0.115408,0.189694,2.750094,0.181301,1.163376
0.586453,0.380051,0.115871,0.190674,2.752877,0.172150,1.173227
0.589609,0.379666,0.115956,0.191507,2.748450,0.174793,1.177663
0.592784,0.379266,0.116203,0.192530,2.745703,0.177929,1.185816
0.596097,0.378800,0.116444,0.193502,2.742431,0.182159,1.193078
0.603300,0.378109,0.116663,0.194505,2.741356,0.184841,1.192752
0.606324,0.377330,0.116947,0.195371,2.742756,0.186641,1.191750
0.609318,0.376568,0.117163,0.196108,2.745196,0.188582,1.189325
0.612572,0.375859,0.117264,0.196785,2.746887,0.187697,1.189025
0.616562,0.375178,0.117362,0.197468,2.744651,0.190329,1.187359
0.619786,0.374707,0.117587,0.198018,2.745122,0.192407,1.190962
0.622998,0.374230,0.117751,0.198679,2.744185,0.191630,1.193787
0.626581,0.373736,0.117840,0.199289,2.742066,0.193263,1.194763
0.629966,0.373282,0.117766,0.199871,2.731276,0.208731,1.191131
0.633453,0.372812,0.117611,0.200364,2.732893,0.202284,1.193006
0.636366,0.372251,0.117346,0.200761,2.725873,0.212168,1.188326
0.639772,0.371792,0.117126,0.201037,2.718764,0.222937,1.186217
0.643483,0.371426,0.117225,0.201410,2.719603,0.219150,1.186220
0.646357,0.371013,0.117379,0.201854,2.726342,0.205660,1.188189
0.650045,0.370599,0.117641,0.202325,2.725311,0.210324,1.184724
0.653391,0.370263,0.117882,0.202917,2.728603,0.201313,1.184214
0.656603,0.369796,0.118082,0.203526,2.734602,0.191249,1.184732
0.659993,0.369233,0.118163,0.204155,2.729695,0.201401,1.181993
0.663171,0.368747,0.118114,0.204566,2.731145,0.199283,1.181594
0.666354,0.368268,0.118057,0.205131,2.725252,0.210415,1.179504
0.669800,0.367797,0.117971,0.205647,2.720560,0.222321,1.180601
0.673327,0.367502,0.118168,0.206181,2.719094,0.225566,1.182779
0.676625,0.367170,0.118262,0.206574,2.722505,0.222963,1.184407
0.679827,0.366859,0.118434,0.207095,2.719344,0.229887,1.183263
0.683180,0.366612,0.118585,0.207444,2.721361,0.224028,1.188107
0.686425,0.366375,0.118728,0.207807,2.724033,0.217947,1.189588
0.689708,0.366075,0.118654,0.208090,2.716409,0.233824,1.185606
0.692979,0.365827,0.118409,0.208384,2.715800,0.232718,1.188628
0.695926,0.365568,0.118152,0.208706,2.710172,0.241098,1.189157
0.699556,0.365320,0.117873,0.209031,2.702751,0.256654,1.184285
0.702781,0.365178,0.117907,0.209467,2.703089,0.255753,1.186191
0.706488,0.365097,0.117916,0.209949,2.707932,0.243046,1.192062
0.709772,0.365065,0.118065,0.210513,2.705476,0.244179,1.193341
0.712883,0.365068,0.118259,0.210999,2.708976,0.235526,1.198086
0.716275,0.365116,0.118514,0.211507,2.714474,0.219606,1.205751
0.719789,0.365094,0.118513,0.211840,2.712776,0.219510,1.208947
0.722599,0.364947,0.118505,0.212211,2.711391,0.220588,1.209896
0.741604,0.364820,0.118523,0.212515,2.710386,0.221937,1.211208
0.751056,0.364710,0.118559,0.212775,2.709930,0.223641,1.212600
0.754769,0.364593,0.118529,0.213013,2.710609,0.223327,1.213078
0.764260,0.364516,0.118371,0.213234,2.709573,0.225030,1.211973
0.773310,0.364610,0.118238,0.213357,2.709148,0.223943,1.212506
0.793327,0.364724,0.118094,0.213450,2.710479,0.220947,1.213467
0.795941,0.364874,0.117888,0.213516,2.709664,0.218356,1.212868
0.807398,0.365021,0.117723,0.213495,2.708474,0.218305,1.212397
0.813232,0.365112,0.117705,0.213454,2.710813,0.213279,1.213883
0.817655,0.365157,0.117706,0.213384,2.713160,0.211462,1.212098
0.820447,0.365280,0.117728,0.213241,2.714418,0.208826,1.211185
0.831559,0.365391,0.117812,0.213077,2.717765,0.206783,1.211374
0.842034,0.365489,0.117725,0.212830,2.719966,0.205530,1.208263
0.854414,0.365640,0.117571,0.212597,2.719196,0.206119,1.204311
0.865276,0.365765,0.117351,0.212389,2.718309,0.204425,1.201895
0.868802,0.365804,0.117114,0.212251,2.716889,0.205854,1.198183
0.872566,0.365861,0.116874,0.212102,2.714814,0.205956,1.195616
0.875948,0.365939,0.116744,0.212071,2.712884,0.208522,1.193996
0.879240,0.365988,0.116640,0.212040,2.706449,0.219447,1.192483
0.882660,0.366060,0.116576,0.211967,2.708943,0.219736,1.196856
0.885827,0.366067,0.116629,0.211906,2.709031,0.219827,1.195807
0.888919,0.365978,0.116599,0.211832,2.711463,0.219044,1.193116
0.892182,0.365875,0.116704,0.211809,2.706806,0.231317,1.191209
0.895620,0.365709,0.116608,0.211659,2.714059,0.220828,1.193092
0.899197,0.365708,0.116716,0.211677,2.705941,0.237350,1.186170
0.902486,0.365680,0.116574,0.211589,2.706295,0.237187,1.188508
0.905655,0.365709,0.116514,0.211558,2.700164,0.247819,1.188583
0.908939,0.365725,0.116359,0.211487,2.702304,0.242238,1.187746
0.912316,0.365716,0.116385,0.211493,2.701466,0.242351,1.188071
0.915365,0.365555,0.116241,0.211324,2.704480,0.234857,1.187948
0.918711,0.365492,0.116234,0.211235,2.698931,0.250299,1.182611
0.921961,0.365580,0.116411,0.211286,2.703451,0.239324,1.184996
0.925381,0.365669,0.116589,0.211335,2.706768,0.228897,1.190628
0.928576,0.365639,0.116658,0.211305,2.700428,0.244717,1.186831
0.931928,0.365589,0.116654,0.211266,2.695805,0.252438,1.186887
0.935531,0.365547,0.116659,0.211207,2.694913,0.252428,1.186331
0.942286,0.365474,0.116737,0.211162,2.694335,0.253997,1.186912
0.945702,0.365402,0.116817,0.211112,2.694938,0.254699,1.186812
0.948953,0.365512,0.117065,0.211197,2.694821,0.256249,1.183971
0.952375,0.365434,0.117119,0.211139,2.703317,0.238844,1.188335
0.955782,0.365478,0.117465,0.211300,2.702054,0.240404,1.190383
0.959083,0.365407,0.117562,0.211289,2.703728,0.239183,1.189839
0.962205,0.365343,0.117676,0.211272,2.705078,0.237658,1.189773
0.965961,0.365298,0.117755,0.211247,2.713350,0.219079,1.196757
0.969267,0.365449,0.118086,0.211402,2.713271,0.222559,1.194617
0.972912,0.365422,0.118104,0.211395,2.721198,0.205410,1.200083
0.975925,0.365388,0.118107,0.211421,2.721220,0.205070,1.200159
0.979344,0.365353,0.118111,0.211449,2.720932,0.206263,1.199628
0.982154,0.365324,0.118140,0.211482,2.721029,0.204498,1.201422
0.985572,0.365248,0.118199,0.211482,2.722834,0.198073,1.204095
0.988962,0.365214,0.118264,0.211457,2.725186,0.193634,1.203103
0.991937,0.365214,0.118393,0.211455,2.725823,0.191303,1.206487
0.995555,0.365210,0.118506,0.211452,2.727185,0.186804,1.209692
0.998625,0.365199,0.118603,0.211448,2.726693,0.188674,1.209140
1.002511,0.365214,0.118673,0.211463,2.726843,0.186793,1.211980
1.005673,0.365229,0.118749,0.211482,2.726527,0.186228,1.214495
1.009061,0.365208,0.118769,0.211464,2.727982,0.184239,1.213658
1.012316,0.365182,0.118837,0.211489,2.728333,0.183638,1.214620
1.015927,0.365155,0.118893,0.211514,2.729590,0.180166,1.216558
1.019224,0.365151,0.118962,0.211554,2.729014,0.183421,1.214571
1.022442,0.365115,0.119013,0.211571,2.729241,0.184598,1.215429
1.025884,0.365096,0.119071,0.211597,2.727421,0.188246,1.216194
1.029006,0.365074,0.119078,0.211587,2.726458,0.193039,1.214843
1.032494,0.365079,0.119136,0.211535,2.726112,0.194952,1.215359
1.035234,0.364996,0.119217,0.211434,2.726152,0.195590,1.215474
1.039097,0.364947,0.119313,0.211344,2.726054,0.198954,1.211624
1.041830,0.364795,0.119409,0.211187,2.725910,0.200954,1.211261
1.045557,0.364655,0.119566,0.211061,2.725484,0.202402,1.208606
1.048522,0.364510,0.119694,0.210925,2.722930,0.211236,1.203216
1.051814,0.364404,0.119924,0.210860,2.722555,0.217111,1.200132
1.071371,0.364265,0.120379,0.210794,2.724067,0.220959,1.200261
1.078129,0.364286,0.120901,0.210613,2.728816,0.221806,1.197723
1.087872,0.364220,0.121481,0.210411,2.734182,0.219832,1.201575
1.093556,0.364245,0.122070,0.210315,2.740908,0.214193,1.204544
1.096428,0.364227,0.122513,0.210096,2.742622,0.212651,1.212554
1.105403,0.364361,0.122805,0.209928,2.742608,0.211982,1.214135
1.116568,0.364305,0.123045,0.209891,2.739724,0.212603,1.219325
1.136280,0.364324,0.123164,0.209847,2.737558,0.214948,1.218517
1.138575,0.364146,0.123227,0.209628,2.734247,0.218929,1.213826
1.150152,0.364042,0.123257,0.209521,2.734978,0.216956,1.207648
1.154451,0.363832,0.123252,0.209361,2.733338,0.213697,1.206920
1.156829,0.363746,0.123249,0.209184,2.735063,0.211449,1.202087
1.159398,0.363680,0.123300,0.208968,2.735367,0.209190,1.199321
1.167280,0.363615,0.123402,0.208843,2.739347,0.201125,1.199928
1.169810,0.363628,0.123613,0.208553,2.741373,0.196572,1.199462
1.182014,0.363631,0.123785,0.208262,2.745074,0.192167,1.199468
1.191824,0.363642,0.123778,0.207940,2.744145,0.194019,1.196739
1.197040,0.363634,0.123717,0.207654,2.742388,0.195419,1.194882
1.203856,0.363714,0.123624,0.207393,2.737974,0.196634,1.197014
1.207490,0.363795,0.123490,0.207302,2.729756,0.211474,1.190667
1.210690,0.363868,0.123334,0.207218,2.726569,0.215803,1.188915
1.213974,0.363933,0.123367,0.207241,2.725181,0.212194,1.190811
1.217309,0.363991,0.123403,0.207169,2.725399,0.210538,1.192473
1.220796,0.364053,0.123462,0.207108,2.725148,0.213984,1.192076
1.224093,0.364053,0.123473,0.207000,2.729467,0.198700,1.200740
1.227160,0.364089,0.123519,0.206916,2.729559,0.197443,1.200330
1.230713,0.364113,0.123471,0.206788,2.729692,0.196914,1.201363
1.234103,0.364145,0.123421,0.206750,2.728584,0.194915,1.201936
1.237368,0.364074,0.123408,0.206620,2.722027,0.211352,1.194406
1.240557,0.364009,0.123487,0.206549,2.725336,0.213227,1.191423
1.243825,0.363910,0.123546,0.206462,2.725337,0.211114,1.193240
1.247288,0.363774,0.123533,0.206307,2.725671,0.214264,1.188756
1.251062,0.363641,0.123524,0.206145,2.721168,0.226593,1.182265
1.254006,0.363622,0.123592,0.206069,2.729113,0.206958,1.189057
1.257332,0.363640,0.123606,0.205974,2.728913,0.206930,1.186952
1.260479,0.363634,0.123668,0.205870,2.730350,0.208901,1.185380
1.263868,0.363708,0.123867,0.205881,2.732325,0.205950,1.188202
1.267361,0.363758,0.124080,0.205897,2.739001,0.194198,1.193467
1.270634,0.363845,0.124171,0.205906,2.740603,0.194060,1.193762
1.274012,0.363848,0.124264,0.205887,2.739401,0.193141,1.196694
1.277351,0.363763,0.123972,0.205672,2.732913,0.204600,1.192721
1.280515,0.363645,0.123682,0.205428,2.722354,0.224050,1.189342
1.283846,0.363578,0.123382,0.205199,2.721760,0.224388,1.189363
1.286913,0.363525,0.123330,0.205107,2.714378,0.236977,1.185470
1.290666,0.363510,0.123265,0.205031,2.714054,0.239932,1.183213
1.293784,0.363617,0.123543,0.205144,2.719445,0.229787,1.186773
1.296868,0.363583,0.123612,0.205088,2.723951,0.223709,1.184870
1.301009,0.363528,0.123678,0.205005,2.716534,0.242424,1.177906
1.304183,0.363418,0.123437,0.204772,2.724172,0.229635,1.180359
1.307454,0.363370,0.123249,0.204607,2.719207,0.240574,1.175416
1.310607,0.363349,0.123045,0.204467,2.713558,0.250997,1.173221
1.313745,0.363469,0.123053,0.204492,2.718461,0.239050,1.178812
1.317297,0.363510,0.123032,0.204456,2.721452,0.231658,1.178961
1.320386,0.363514,0.123037,0.204415,2.715941,0.242032,1.174863
1.323558,0.363456,0.123000,0.204266,2.712925,0.247707,1.176391
1.327182,0.363286,0.122885,0.204027,2.711227,0.256155,1.170818
1.330569,0.363113,0.122760,0.203788,2.703027,0.274863,1.163518
1.334126,0.363014,0.122658,0.203646,2.699446,0.282848,1.161707
1.337262,0.363058,0.122552,0.203606,2.697973,0.284722,1.160437
1.340763,0.363136,0.122471,0.203668,2.701666,0.275563,1.160255
1.344348,0.363312,0.122483,0.203790,2.703346,0.265793,1.166928
1.346956,0.363495,0.122484,0.203898,2.707348,0.256370,1.168247
1.350735,0.363680,0.122485,0.203981,2.711279,0.246570,1.170622
1.353572,0.363824,0.122488,0.204000,2.717498,0.232383,1.177068
1.357481,0.364075,0.122735,0.204131,2.717591,0.233160,1.176152
1.360630,0.364362,0.122985,0.204258,2.725320,0.221150,1.178045
1.363677,0.364690,0.123237,0.204429,2.730701,0.207379,1.185941
1.367196,0.365032,0.123498,0.204599,2.735927,0.196208,1.191578
1.371280,0.365337,0.123749,0.204750,2.736425,0.194797,1.193322
1.374267,0.365511,0.123730,0.204706,2.741490,0.180892,1.200571
1.377048,0.365594,0.123586,0.204624,2.740904,0.181460,1.198450
1.380714,0.365633,0.123462,0.204511,2.734828,0.194251,1.194142
1.383935,0.365654,0.123158,0.204260,2.733737,0.194535,1.193347
1.387227,0.365664,0.122839,0.204003,2.726714,0.214087,1.184661
1.390695,0.365643,0.122488,0.203821,2.720479,0.228641,1.179474
1.395912,0.365722,0.122354,0.203770,2.719866,0.228374,1.180481
1.411502,0.365789,0.122207,0.203748,2.725128,0.220247,1.178318
1.418754,0.365826,0.121979,0.203755,2.720270,0.232519,1.172358
1.427330,0.365856,0.121793,0.203788,2.721088,0.228184,1.173013
1.432877,0.366041,0.121655,0.203835,2.721504,0.229162,1.172598
1.440807,0.366190,0.121425,0.203823,2.716866,0.240033,1.169809
1.453519,0.366352,0.121208,0.203783,2.712393,0.248219,1.169994
1.455495,0.366534,0.121150,0.203820,2.712913,0.249594,1.170658
1.477811,0.366773,0.121089,0.203851,2.713045,0.247876,1.173299
1.489722,0.366914,0.121021,0.203838,2.713609,0.245150,1.173609
1.494350,0.367108,0.121161,0.203923,2.718054,0.234661,1.177294
1.496709,0.367295,0.121295,0.204023,2.722560,0.225133,1.180482
1.507902,0.367459,0.121202,0.203998,2.722475,0.223601,1.181866
1.509568,0.367572,0.121116,0.203971,2.723351,0.224921,1.183106
1.520880,0.367702,0.121047,0.203899,2.723468,0.224808,1.184192
1.530099,0.367835,0.120740,0.203735,2.724993,0.222614,1.184973
1.533472,0.367960,0.120370,0.203541,2.720015,0.232030,1.184426
1.540047,0.368079,0.120287,0.203543,2.719713,0.231665,1.186332
1.544059,0.368158,0.120198,0.203526,2.718888,0.230988,1.186746
1.547119,0.368214,0.120102,0.203430,2.718595,0.231266,1.185334
1.550537,0.368181,0.120022,0.203314,2.712164,0.242862,1.180811
1.553863,0.368205,0.119971,0.203243,2.710930,0.241841,1.179316
1.556601,0.368265,0.119926,0.203156,2.709344,0.240022,1.178831
1.559936,0.368385,0.119889,0.203075,2.707682,0.238175,1.178131
1.563579,0.368501,0.119775,0.203087,2.704899,0.238068,1.179517
1.567297,0.368645,0.119672,0.203076,2.702438,0.239064,1.179671
1.570152,0.368769,0.119619,0.203049,2.701145,0.240001,1.179996
1.573206,0.368911,0.119604,0.202971,2.708042,0.227062,1.183386
1.577134,0.368949,0.119564,0.202799,2.705663,0.232676,1.181938
1.580022,0.368964,0.119594,0.202567,2.704517,0.238152,1.180344
1.583709,0.368949,0.119568,0.202325,2.704994,0.242045,1.175166
1.586778,0.368974,0.119533,0.202052,2.706116,0.240980,1.172478
1.590582,0.369013,0.119713,0.201923,2.705560,0.244099,1.168979
1.593819,0.369158,0.119969,0.201930,2.716080,0.228423,1.167201
1.596867,0.369314,0.120242,0.202028,2.724681,0.212164,1.168757
1.600281,0.369472,0.120564,0.202158,2.732483,0.195623,1.175448
1.603918,0.369620,0.120885,0.202227,2.741509,0.183581,1.176238
1.606872,0.369748,0.120947,0.202139,2.741856,0.183585,1.176849
1.610304,0.369825,0.120954,0.202008,2.741992,0.182936,1.179073
1.613187,0.369843,0.120865,0.201650,2.744889,0.181704,1.172363
1.616873,0.369859,0.120764,0.201287,2.747180,0.181638,1.166215
1.620030,0.369819,0.120573,0.200941,2.741016,0.191543,1.163731
1.623512,0.369787,0.120317,0.200590,2.742917,0.189630,1.157611
1.626957,0.369747,0.120157,0.200174,2.738768,0.197214,1.153359
1.630175,0.369832,0.120064,0.199892,2.738321,0.196349,1.153610
1.633435,0.369873,0.119994,0.199600,2.737043,0.194534,1.153459
1.637063,0.370022,0.119978,0.199421,2.735786,0.198691,1.150818
1.640652,0.370229,0.119975,0.199294,2.733555,0.198851,1.154646
1.643730,0.370477,0.119976,0.199209,2.736904,0.189330,1.155531
1.647272,0.370647,0.119965,0.199199,2.735336,0.190648,1.157865
1.650586,0.370911,0.119957,0.199228,2.733328,0.192050,1.163813
1.653863,0.371073,0.119969,0.199240,2.738315,0.179030,1.169097
1.657234,0.371166,0.120068,0.199242,2.737598,0.182162,1.168480
1.660429,0.371266,0.120077,0.199268,2.737534,0.184676,1.171305
1.663938,0.371380,0.120101,0.199260,2.737450,0.183961,1.174141
1.666643,0.371370,0.120088,0.199120,2.732303,0.199921,1.165698
1.670707,0.371353,0.120085,0.198962,2.733422,0.200798,1.163908
1.674065,0.371404,0.120097,0.198751,2.736637,0.197870,1.165015
1.677403,0.371427,0.119973,0.198486,2.733647,0.205290,1.164411
1.680665,0.371504,0.119821,0.198265,2.729967,0.213766,1.164224
1.683675,0.371657,0.119691,0.198151,2.735462,0.198030,1.173708
1.687354,0.371756,0.119514,0.197921,2.728729,0.211885,1.173402
1.690622,0.371795,0.119328,0.197726,2.721177,0.225878,1.171764
1.694036,0.371952,0.119476,0.197670,2.725195,0.218507,1.174179
1.697244,0.372063,0.119654,0.197606,2.729606,0.212571,1.174099
1.700213,0.372182,0.119841,0.197520,2.731329,0.214470,1.172215
1.703889,0.372370,0.120091,0.197513,2.739841,0.198186,1.175671
1.707359,0.372549,0.120327,0.197517,2.747168,0.185607,1.177613
1.710679,0.372629,0.120400,0.197362,2.749398,0.181937,1.176988
1.713603,0.372695,0.120463,0.197190,2.751183,0.176357,1.180232
1.717354,0.372826,0.120489,0.197021,2.753331,0.174154,1.180150
1.720794,0.372978,0.120489,0.196893,2.752314,0.174329,1.182238
1.724004,0.373126,0.120476,0.196776,2.751726,0.171237,1.186690
1.726852,0.373273,0.120293,0.196668,2.748654,0.175709,1.187071
1.730513,0.373391,0.120126,0.196503,2.746228,0.180141,1.186625
1.736196,0.373516,0.120016,0.196108,2.744428,0.181774,1.186990
1.752219,0.373624,0.119937,0.195662,2.745100,0.183220,1.185017
1.763784,0.373782,0.119888,0.195162,2.747221,0.181822,1.182485
1.767240,0.373932,0.119911,0.194662,2.749490,0.178408,1.182063
1.771149,0.374125,0.119847,0.194144,2.750700,0.175615,1.180579
1.780567,0.374278,0.119735,0.193821,2.751622,0.172589,1.179369
1.791578,0.374459,0.119571,0.193359,2.751173,0.171193,1.178950
1.807796,0.374650,0.119423,0.192829,2.749349,0.176859,1.177437
1.814660,0.374820,0.119315,0.192344,2.748241,0.177942,1.178438
1.823262,0.374936,0.119216,0.191842,2.748125,0.181662,1.175739
1.829151,0.375012,0.119133,0.191334,2.747331,0.183598,1.174785
1.834321,0.375076,0.119117,0.190926,2.748744,0.184350,1.172613
1.838812,0.375143,0.119111,0.190533,2.752853,0.179930,1.172890
1.842577,0.375236,0.119173,0.190111,2.754686,0.181123,1.170334
1.848693,0.375317,0.119286,0.189775,2.757825,0.176531,1.170935
1.852201,0.375398,0.119241,0.189332,2.760000,0.175600,1.168194
1.863028,0.375469,0.119157,0.188885,2.759103,0.178641,1.165883
1.864983,0.375535,0.118994,0.188483,2.755736,0.181453,1.164170
1.875499,0.375593,0.118789,0.188070,2.754999,0.184372,1.161436
1.884687,0.375669,0.118574,0.187609,2.748769,0.199617,1.154227
1.888207,0.375752,0.118271,0.187072,2.749331,0.201935,1.152789
1.893367,0.375808,0.117971,0.186628,2.745489,0.212472,1.149024
1.898142,0.375808,0.117706,0.186253,2.742377,0.222300,1.140394
1.901889,0.375818,0.117427,0.185870,2.745575,0.219432,1.139251
1.905406,0.375925,0.117180,0.185591,2.745815,0.218233,1.141441
1.908621,0.376049,0.117174,0.185562,2.738609,0.227675,1.142982
1.912172,0.376245,0.117512,0.185676,2.745569,0.212175,1.149219
1.915370,0.376421,0.117855,0.185780,2.751889,0.199717,1.157641
1.918268,0.376558,0.118240,0.185902,2.753009,0.197812,1.157078
1.921819,0.376641,0.118630,0.185946,2.761396,0.182751,1.162240
1.925456,0.376703,0.119028,0.185978,2.769618,0.169919,1.165421
1.928486,0.376666,0.119007,0.185825,2.768540,0.174150,1.160856
1.931847,0.376686,0.118984,0.185556,2.769325,0.173032,1.159941
1.935524,0.376725,0.118936,0.185334,2.768123,0.173818,1.162656
1.938997,0.376766,0.118836,0.185146,2.766221,0.177283,1.161432
1.941757,0.376851,0.118741,0.184919,2.765075,0.181021,1.159715
1.945408,0.376929,0.118670,0.184699,2.764220,0.181090,1.163223
1.948304,0.376995,0.118588,0.184612,2.760617,0.187192,1.159550
1.952104,0.377084,0.118444,0.184432,2.761042,0.187237,1.161475
1.955598,0.377159,0.118397,0.184290,2.759515,0.186998,1.161608
1.958547,0.377154,0.118287,0.184153,2.760241,0.182963,1.162426
1.961347,0.377151,0.117979,0.183909,2.757161,0.188389,1.160178
1.965243,0.377099,0.117673,0.183639,2.754956,0.191811,1.162085
1.968884,0.377068,0.117464,0.183410,2.751598,0.197007,1.153214
1.972179,0.376936,0.117299,0.183036,2.753059,0.194751,1.151123
1.975459,0.376840,0.117191,0.182701,2.753325,0.195222,1.145680
1.978549,0.376775,0.117333,0.182508,2.753706,0.195424,1.140743
1.981504,0.376752,0.117370,0.182180,2.758355,0.186677,1.138998
1.985187,0.376644,0.117380,0.181900,2.760764,0.182262,1.139261
1.988722,0.376632,0.117284,0.181727,2.757165,0.192700,1.131486
1.991887,0.376706,0.116976,0.181449,2.757191,0.191540,1.131474
1.994793,0.376781,0.116667,0.181171,2.756281,0.193374,1.131356
1.998419,0.376818,0.116444,0.181029,2.751844,0.202102,1.124700
2.002262,0.376779,0.116208,0.180801,2.747060,0.208680,1.124402
2.005249,0.376726,0.115923,0.180515,2.747089,0.207509,1.122398
2.008526,0.376574,0.115840,0.180290,2.741731,0.217137,1.116674
2.012091,0.376447,0.115708,0.180016,2.742407,0.214295,1.113122
2.014993,0.376366,0.115592,0.179754,2.741427,0.215270,1.111672
2.018807,0.376440,0.115485,0.179567,2.740882,0.215631,1.108623
2.022157,0.376560,0.115446,0.179387,2.743863,0.209591,1.111482
2.025156,0.376720,0.115406,0.179245,2.743380,0.210941,1.111620
2.028250,0.376915,0.115400,0.179138,2.742012,0.213204,1.113440
2.031098,0.377152,0.115387,0.178961,2.740184,0.213491,1.118475
2.035017,0.377353,0.115383,0.178776,2.738407,0.213980,1.119913
2.038322,0.377538,0.115594,0.178757,2.737848,0.213491,1.121832
2.042055,0.377712,0.115836,0.178702,2.742763,0.202354,1.126260
2.045468,0.377794,0.115803,0.178528,2.742000,0.201783,1.127238
2.048925,0.377868,0.115760,0.178442,2.741830,0.200907,1.126413
2.052288,0.378078,0.115676,0.178408,2.739617,0.201113,1.130623
2.055304,0.378278,0.115342,0.178225,2.732092,0.208667,1.133179
2.058911,0.378465,0.114926,0.177899,2.725763,0.217873,1.130630
2.063609,0.378752,0.114816,0.177501,2.727136,0.216277,1.130798
2.078754,0.378981,0.114617,0.177036,2.726946,0.216230,1.129203
2.087469,0.379063,0.114445,0.176550,2.727993,0.216590,1.126026
2.091754,0.379174,0.114321,0.175954,2.735734,0.206488,1.123501
2.094835,0.379289,0.114303,0.175555,2.733622,0.213114,1.122346
2.101664,0.379383,0.114276,0.175331,2.732247,0.212868,1.123611
2.104230,0.379490,0.114380,0.175123,2.733499,0.211373,1.126863
2.113744,0.379635,0.114515,0.174855,2.735958,0.208987,1.127641
2.115591,0.379861,0.114560,0.174734,2.736587,0.208926,1.127019
2.134027,0.380181,0.114614,0.174333,2.737400,0.202883,1.126200
2.146904,0.380695,0.114657,0.173906,2.742339,0.195867,1.123629
2.158634,0.381152,0.114777,0.173388,2.746537,0.184847,1.125923
2.162968,0.381804,0.114860,0.172878,2.752057,0.176128,1.124056
2.170721,0.382474,0.114910,0.172156,2.749795,0.177460,1.125301
2.182610,0.383096,0.114894,0.171579,2.755074,0.168298,1.128841
2.192093,0.383625,0.114827,0.170968,2.754074,0.168019,1.131416
2.195654,0.384195,0.114668,0.170484,2.752832,0.173235,1.127297
2.204257,0.384566,0.114468,0.169975,2.751841,0.172514,1.128790
2.207177,0.384828,0.114381,0.169705,2.751949,0.172844,1.127337
2.210527,0.385133,0.114308,0.169539,2.751539,0.174180,1.127779
2.214032,0.385294,0.114292,0.169466,2.751876,0.172484,1.129156
2.216839,0.385393,0.114460,0.169393,2.756978,0.166664,1.131018
2.220436,0.385472,0.114699,0.169336,2.760293,0.164812,1.132676
2.223245,0.385541,0.114930,0.169215,2.765653,0.160212,1.133459
2.226946,0.385464,0.115188,0.169053,2.773704,0.153541,1.131703
2.230176,0.385404,0.115460,0.168847,2.780546,0.149250,1.129534
2.233790,0.385422,0.115347,0.168556,2.779507,0.147993,1.127093
2.236866,0.385427,0.115209,0.168322,2.778446,0.146486,1.124522
2.240874,0.385420,0.115097,0.168149,2.777919,0.143781,1.123848
2.243962,0.385551,0.114988,0.167959,2.775243,0.143816,1.123983
2.247276,0.385694,0.114852,0.167818,2.772993,0.143629,1.125132
2.250887,0.385981,0.114858,0.167739,2.771625,0.143011,1.128108
2.254080,0.386299,0.114808,0.167618,2.769295,0.142219,1.130665
2.257150,0.386659,0.114722,0.167439,2.765719,0.144374,1.132032
2.260626,0.386936,0.114620,0.167321,2.761919,0.145883,1.133230
2.264159,0.387072,0.114534,0.167136,2.762065,0.146472,1.131718
2.267398,0.387018,0.114230,0.166829,2.757612,0.159155,1.124940
2.270849,0.387052,0.113964,0.166572,2.752965,0.172553,1.121176
2.274388,0.387132,0.114050,0.166430,2.754103,0.169903,1.120676
2.277696,0.387304,0.114161,0.166251,2.756975,0.166577,1.120331
2.280820,0.387613,0.114271,0.166108,2.755370,0.162834,1.122191
2.284044,0.388008,0.114624,0.166062,2.761182,0.147074,1.128701
2.287208,0.388289,0.114945,0.165950,2.767427,0.133150,1.130808
2.290647,0.388476,0.114904,0.165758,2.768660,0.132458,1.129915
2.293626,0.388564,0.114820,0.165639,2.768704,0.135826,1.129359
2.297170,0.388653,0.114486,0.165453,2.762830,0.151852,1.126619
2.300387,0.388742,0.114183,0.165311,2.756796,0.167310,1.124258
2.303896,0.388862,0.113957,0.165161,2.758328,0.168832,1.126620
2.307320,0.389021,0.113981,0.165107,2.751370,0.185896,1.124904
2.310778,0.389193,0.114074,0.164829,2.753632,0.186517,1.123359
2.314215,0.389372,0.114439,0.164567,2.762705,0.174454,1.122805
2.317428,0.389545,0.114798,0.164260,2.771422,0.164181,1.121496
2.320590,0.389760,0.115113,0.163927,2.770925,0.165530,1.117121
2.323597,0.389935,0.115125,0.163476,2.779413,0.150840,1.117552
2.327151,0.390114,0.115131,0.163246,2.776775,0.151450,1.116912
2.330890,0.390424,0.115111,0.163160,2.775149,0.150116,1.121477
2.334145,0.390778,0.115094,0.163117,2.772942,0.150543,1.127389
2.337613,0.391099,0.115080,0.163183,2.771480,0.152360,1.133208
2.340878,0.391465,0.115164,0.163237,2.770244,0.151578,1.138487
2.344444,0.391833,0.115215,0.163227,2.769913,0.147111,1.146885
2.347775,0.391936,0.115131,0.162876,2.769333,0.151979,1.144574
2.350856,0.391965,0.115075,0.162484,2.769775,0.150522,1.139445
2.354011,0.392073,0.115021,0.162089,2.771895,0.143852,1.142710
2.357323,0.392175,0.114990,0.161670,2.773002,0.141393,1.140119
2.360585,0.392257,0.114938,0.161300,2.776178,0.142112,1.133791
2.364128,0.392540,0.115032,0.161229,2.778097,0.134152,1.139577
2.366911,0.392803,0.115107,0.161205,2.778327,0.137578,1.143163
2.370973,0.392947,0.115200,0.161152,2.779564,0.143690,1.132655
2.374285,0.392933,0.115098,0.161003,2.779104,0.146524,1.134385
2.377285,0.392934,0.114969,0.160780,2.777043,0.151111,1.130837
2.380435,0.392862,0.114852,0.160466,2.775695,0.158351,1.120572
2.384152,0.392797,0.114699,0.160121,2.776189,0.155194,1.121502
2.387767,0.392786,0.114463,0.159712,2.774513,0.158204,1.119056
2.390860,0.392920,0.114376,0.159399,2.773359,0.166155,1.110563
2.393720,0.393041,0.114312,0.159152,2.772433,0.166157,1.116795
2.397495,0.393440,0.114456,0.159045,2.772401,0.168061,1.115658
2.400487,0.393835,0.114647,0.158974,2.773040,0.169965,1.113223
2.403830,0.394171,0.114918,0.158978,2.773984,0.165995,1.121431
2.407651,0.394546,0.114975,0.158937,2.775109,0.162857,1.121104
2.410951,0.395071,0.114968,0.158704,2.775528,0.164118,1.118672
2.416038,0.395400,0.114713,0.158241,2.777084,0.161026,1.122009
2.431944,0.395746,0.114424,0.157726,2.775694,0.161399,1.121540
2.446844,0.396083,0.113954,0.157096,2.775215,0.161428,1.115192
2.449671,0.396358,0.113671,0.156569,2.774918,0.159935,1.116138
2.458873,0.396637,0.113515,0.156213,2.776214,0.160471,1.112852
2.463629,0.396831,0.113369,0.156009,2.774859,0.163668,1.112357
2.470614,0.397071,0.113173,0.155628,2.776050,0.164994,1.108542
2.472802,0.397441,0.112951,0.155253,2.775721,0.166874,1.107545
2.492894,0.397818,0.112692,0.154823,2.776120,0.162538,1.109922
2.503704,0.398064,0.112405,0.154268,2.777831,0.157287,1.106371
2.508500,0.398295,0.112129,0.153694,2.780230,0.150517,1.101332
2.510847,0.398506,0.111914,0.153248,2.784286,0.144560,1.098914
2.513634,0.398610,0.111684,0.152831,2.784393,0.142377,1.098813
2.517639,0.398839,0.111457,0.152509,2.784548,0.143556,1.097219
2.528474,0.399199,0.111231,0.152207,2.784445,0.141244,1.099561
2.541044,0.399644,0.110985,0.151887,2.785153,0.139164,1.100621
2.550225,0.400060,0.110684,0.151593,2.782303,0.136089,1.100368
2.559214,0.400464,0.110601,0.151368,2.783931,0.129388,1.101852
2.563045,0.400788,0.110448,0.151079,2.786769,0.125082,1.097847
2.566349,0.400855,0.110235,0.150755,2.784176,0.128257,1.096744
2.569929,0.400861,0.110024,0.150480,2.783902,0.128855,1.094223
2.573122,0.400788,0.109916,0.150151,2.785166,0.128408,1.092239
2.576502,0.400705,0.109779,0.149812,2.787475,0.129496,1.086553
2.579903,0.400567,0.109717,0.149484,2.788672,0.129222,1.085842
2.583113,0.400555,0.109730,0.149281,2.791374,0.123241,1.082381
2.585965,0.400500,0.109690,0.149040,2.793099,0.120638,1.083135
2.589504,0.400501,0.109643,0.148932,2.794450,0.120377,1.081621
2.592819,0.400502,0.109599,0.148840,2.796360,0.118648,1.080905
2.596240,0.400549,0.109392,0.148709,2.793590,0.119715,1.079770
2.599787,0.400582,0.109138,0.148626,2.793236,0.120291,1.078451
2.603357,0.400807,0.108945,0.148582,2.788815,0.117981,1.081211
2.606751,0.401045,0.108738,0.148533,2.784970,0.119991,1.083250
2.610006,0.401292,0.108550,0.148471,2.780853,0.120747,1.086168
2.613222,0.401518,0.108559,0.148388,2.780270,0.117536,1.088588
2.616481,0.401608,0.108520,0.148214,2.781866,0.116281,1.087530
2.619539,0.401512,0.108468,0.148018,2.784545,0.119106,1.081738
2.622828,0.401450,0.108273,0.147731,2.783797,0.117429,1.076506
2.626193,0.401453,0.108073,0.147469,2.782532,0.117394,1.072918
2.629648,0.401437,0.107872,0.147281,2.782133,0.118801,1.070892
2.632818,0.401611,0.107725,0.147146,2.780339,0.118206,1.070792
2.636109,0.401786,0.107579,0.147007,2.778247,0.117489,1.071715
2.639856,0.401979,0.107552,0.146955,2.778164,0.118033,1.074778
2.643258,0.402102,0.107524,0.146890,2.777962,0.117878,1.077162
2.646441,0.402185,0.107524,0.146810,2.779906,0.118057,1.076030
2.649977,0.402213,0.107519,0.146728,2.781465,0.119334,1.077371
2.652668,0.402247,0.107578,0.146609,2.782629,0.120558,1.077242
2.656537,0.402227,0.107608,0.146475,2.787359,0.118553,1.078758
2.659924,0.402173,0.107382,0.146228,2.784836,0.128069,1.076574
2.662718,0.402211,0.107099,0.145983,2.780055,0.138477,1.077260
2.666144,0.402234,0.106789,0.145761,2.774395,0.148477,1.077842
2.669456,0.402251,0.106429,0.145593,2.769238,0.157584,1.076701
2.672580,0.402305,0.106020,0.145410,2.768810,0.157456,1.076326
2.676883,0.402393,0.105850,0.145327,2.768142,0.156999,1.076022
2.680323,0.402448,0.105726,0.145219,2.768158,0.156145,1.074152
2.683361,0.402474,0.105876,0.145209,2.773104,0.146117,1.074408
2.686798,0.402491,0.106038,0.145176,2.779617,0.135399,1.074903
2.690175,0.402472,0.106288,0.145165,2.779120,0.136245,1.071792
2.693130,0.402535,0.106583,0.145108,2.785762,0.125972,1.072778
2.696847,0.402577,0.106810,0.145069,2.791219,0.114386,1.074626
2.699352,0.402644,0.106778,0.144937,2.786552,0.121865,1.072325
2.702858,0.402712,0.106491,0.144704,2.787239,0.119879,1.073780
2.706218,0.402790,0.106203,0.144475,2.781758,0.126313,1.074909
2.709854,0.402787,0.105897,0.144318,2.776578,0.132747,1.073862
2.713230,0.402832,0.105910,0.144236,2.780258,0.130795,1.072371
2.716464,0.402891,0.105991,0.144137,2.786543,0.120135,1.075290
2.719783,0.402969,0.106274,0.144149,2.787997,0.117695,1.076166
2.723134,0.403050,0.106589,0.144185,2.792897,0.107540,1.077720
2.726375,0.403127,0.106885,0.144218,2.800293,0.096541,1.080997
2.729722,0.403154,0.106929,0.144203,2.799014,0.094840,1.084256
2.733085,0.403193,0.106922,0.144155,2.802165,0.093072,1.083639
2.736425,0.403146,0.106635,0.143933,2.795394,0.103213,1.083278
2.739628,0.403154,0.106296,0.143711,2.789013,0.118084,1.081056
2.743308,0.403253,0.106183,0.143499,2.786557,0.116843,1.081361
2.746304,0.403414,0.106204,0.143369,2.787176,0.115849,1.082385
2.749823,0.403517,0.106234,0.143286,2.785210,0.114481,1.086957
2.752678,0.403761,0.106592,0.143364,2.793027,0.101944,1.089574
2.756024,0.403930,0.106959,0.143416,2.801916,0.083036,1.096357
2.759407,0.404011,0.107082,0.143431,2.796330,0.093632,1.096987
2.762869,0.404023,0.106995,0.143293,2.796927,0.091137,1.097623
2.766970,0.404083,0.106972,0.142991,2.798007,0.089110,1.097415
2.781893,0.404130,0.106914,0.142724,2.798655,0.088329,1.097079
2.795470,0.404177,0.106850,0.142449,2.798731,0.088455,1.096130
2.798466,0.404208,0.106651,0.142148,2.804581,0.078015,1.096886
2.806309,0.404276,0.106539,0.141849,2.800852,0.081326,1.097179
2.808264,0.404328,0.106501,0.141772,2.801816,0.081284,1.096142
2.818771,0.404332,0.106510,0.141652,2.801763,0.081447,1.099768
2.820774,0.404336,0.106433,0.141501,2.803217,0.080380,1.101366
2.840434,0.404374,0.106527,0.141400,2.805835,0.077691,1.104682
2.851385,0.404378,0.106528,0.141330,2.808364,0.075382,1.107873
2.855112,0.404347,0.106343,0.141184,2.806794,0.075527,1.109859
2.857999,0.404224,0.106113,0.141001,2.800359,0.085400,1.105356
2.861871,0.404078,0.105924,0.140811,2.800012,0.083548,1.103773
2.870483,0.403931,0.105781,0.140605,2.799112,0.082363,1.100946
2.889129,0.403807,0.105694,0.140375,2.800048,0.078477,1.100970
2.907586,0.403706,0.105630,0.140162,2.800805,0.073260,1.102671
2.911192,0.403697,0.105588,0.140019,2.806383,0.058902,1.108108
2.921730,0.403703,0.105594,0.139940,2.803979,0.057249,1.111464
2.924625,0.403677,0.105555,0.139889,2.805569,0.053338,1.114934
2.927894,0.403629,0.105534,0.139882,2.805156,0.050953,1.117355
2.931018,0.403523,0.105543,0.139846,2.806046,0.050337,1.117204
2.934644,0.403405,0.105533,0.139797,2.807688,0.048439,1.117391
2.938574,0.403248,0.105228,0.139583,2.804729,0.057571,1.115195
2.941969,0.402997,0.104815,0.139314,2.797037,0.073517,1.111115
2.945609,0.402746,0.104396,0.139036,2.789562,0.090485,1.105878
2.948599,0.402454,0.103955,0.138752,2.784763,0.099666,1.099843
2.951568,0.402154,0.103482,0.138423,2.775588,0.118796,1.093409
2.955029,0.401892,0.103310,0.138235,2.772911,0.126986,1.088805
2.958661,0.401739,0.103245,0.138098,2.775521,0.121646,1.085522
2.961642,0.401815,0.103602,0.138160,2.784611,0.105217,1.088375
2.965384,0.402005,0.103959,0.138269,2.788542,0.096677,1.094982
2.968099,0.402172,0.104324,0.138400,2.790566,0.089234,1.095315
2.972009,0.402163,0.104343,0.138287,2.797935,0.071897,1.100665
2.974453,0.402111,0.104374,0.138161,2.798636,0.070723,1.099038
2.978640,0.401845,0.103989,0.137842,2.792921,0.080852,1.093506
2.981321,0.401608,0.103810,0.137606,2.793277,0.080831,1.087106
2.984381,0.401418,0.103697,0.137417,2.799312,0.070344,1.086558
2.988051,0.401427,0.103959,0.137471,2.798474,0.069677,1.084824
2.991051,0.401466,0.104193,0.137570,2.802542,0.059102,1.089501
2.994438,0.401496,0.104409,0.137681,2.806771,0.047934,1.090668
2.997792,0.401523,0.104413,0.137716,2.804987,0.048143,1.093971
3.001386,0.401661,0.104368,0.137777,2.803606,0.047681,1.101244
3.004165,0.401784,0.104185,0.137798,2.797425,0.059309,1.102344
3.007682,0.401915,0.103976,0.137770,2.790745,0.072731,1.105495
3.011161,0.402025,0.103826,0.137755,2.784353,0.084864,1.109230
3.014771,0.402128,0.103883,0.137768,2.784785,0.086781,1.112452
3.018103,0.402156,0.104076,0.137793,2.785157,0.087892,1.109170
3.021466,0.402236,0.104380,0.137790,2.791522,0.078456,1.111163
3.024425,0.402322,0.104724,0.137805,2.796604,0.069980,1.111657
3.028335,0.402411,0.105019,0.137803,2.802291,0.061782,1.110870
3.031670,0.402381,0.105122,0.137683,2.801219,0.064437,1.109956
3.034946,0.402342,0.105148,0.137523,2.800183,0.068968,1.109623
3.038422,0.402235,0.105193,0.137424,2.799605,0.071175,1.107942
3.041330,0.402134,0.105279,0.137288,2.800942,0.069393,1.106817
3.044406,0.402045,0.105368,0.137155,2.801409,0.070754,1.106252
3.048191,0.402058,0.105452,0.137101,2.802573,0.070649,1.104157
3.051060,0.402043,0.105512,0.137034,2.803588,0.069653,1.104274
3.054704,0.402053,0.105575,0.136963,2.804071,0.070177,1.102568
3.058690,0.402061,0.105598,0.136918,2.803189,0.074346,1.101611
3.061798,0.402126,0.105590,0.136851,2.801607,0.075927,1.101485
3.064727,0.402189,0.105570,0.136782,2.799849,0.076943,1.101253
3.068356,0.402181,0.105554,0.136687,2.798692,0.077044,1.098521
3.071871,0.402160,0.105522,0.136621,2.798092,0.078286,1.097399
3.074863,0.402138,0.105497,0.136568,2.796766,0.079803,1.095699
3.078457,0.402099,0.105539,0.136572,2.797251,0.081535,1.094606
3.081665,0.402066,0.105631,0.136596,2.798450,0.083082,1.094008
3.084585,0.402102,0.105715,0.136652,2.799182,0.085036,1.095894
3.087741,0.402145,0.105819,0.136709,2.800305,0.083042,1.095561
3.091468,0.402129,0.105920,0.136740,2.801863,0.082112,1.096395
3.094253,0.402147,0.105986,0.136770,2.802953,0.079410,1.096284
3.098051,0.402140,0.106012,0.136745,2.801948,0.077723,1.100913
3.101303,0.402134,0.106039,0.136718,2.801647,0.077430,1.101287
3.104658,0.401940,0.106069,0.136615,2.802916,0.075774,1.098563
3.107925,0.401794,0.106090,0.136546,2.804860,0.073444,1.095991
3.111217,0.401790,0.106138,0.136546,2.804009,0.074364,1.098344
3.115050,0.401812,0.106194,0.136566,2.804678,0.072883,1.096151
3.117988,0.401828,0.106296,0.136595,2.806497,0.070162,1.093487
3.121340,0.402039,0.106440,0.136716,2.806335,0.070591,1.099872
3.124823,0.402264,0.106611,0.136818,2.805059,0.070942,1.105586
3.128105,0.402269,0.106756,0.136814,2.806524,0.069903,1.106404
3.131210,0.402274,0.106934,0.136778,2.808036,0.070438,1.106044
3.136900,0.402280,0.107099,0.136745,2.807588,0.071207,1.111062
3.153067,0.402285,0.107270,0.136720,2.808101,0.071767,1.111420
3.154884,0.402388,0.107409,0.136743,2.807517,0.071480,1.112558
3.163885,0.402495,0.107564,0.136826,2.807296,0.069975,1.115050
3.167447,0.402585,0.107701,0.136922,2.808753,0.067988,1.116117
3.171788,0.402666,0.107892,0.136975,2.809301,0.068038,1.117663
3.179365,0.402783,0.108032,0.137021,2.809745,0.066896,1.119226
3.181144,0.402688,0.108126,0.137171,2.809473,0.066109,1.121062
3.190615,0.402706,0.108168,0.137306,2.807727,0.071158,1.118116
3.204239,0.402718,0.108140,0.137475,2.804896,0.074267,1.121336
3.224099,0.402749,0.108101,0.137747,2.801380,0.074844,1.122573
3.227686,0.402775,0.108037,0.137999,2.797527,0.077293,1.126103
3.230395,0.402914,0.108023,0.138113,2.796328,0.079360,1.127753
3.240367,0.402953,0.108036,0.138198,2.795142,0.078390,1.132641
3.244087,0.403003,0.108059,0.138270,2.795437,0.078559,1.132584
3.256026,0.403041,0.108067,0.138356,2.800618,0.077668,1.123697
3.265284,0.402822,0.108025,0.138237,2.801370,0.078279,1.123031
3.269065,0.402679,0.107966,0.138134,2.804929,0.075990,1.113596
3.274426,0.402532,0.107910,0.138025,2.806406,0.075675,1.107565
3.278849,0.402390,0.107902,0.137937,2.806909,0.074340,1.107992
3.282184,0.402466,0.107909,0.137893,2.804847,0.074680,1.112166
3.285971,0.402805,0.107965,0.138063,2.804798,0.073371,1.110880
3.289121,0.403063,0.108042,0.138208,2.801779,0.074753,1.118529
3.292152,0.403355,0.108147,0.138310,2.805213,0.072196,1.115978
3.295640,0.403317,0.108188,0.138241,2.804335,0.071685,1.116561
3.299554,0.403125,0.108032,0.138016,2.797378,0.088668,1.114116
3.302750,0.402810,0.107728,0.137628,2.797960,0.090944,1.107228
3.305782,0.402591,0.107605,0.137338,2.793290,0.106792,1.098861
3.309212,0.402324,0.107465,0.137074,2.791381,0.107807,1.100670
3.312359,0.402457,0.107478,0.137020,2.792350,0.110389,1.091464
3.315997,0.402569,0.107634,0.136981,2.801555,0.094813,1.094418
3.319199,0.402782,0.107941,0.137100,2.802791,0.095743,1.094918
3.322396,0.402911,0.108065,0.137125,2.808750,0.082002,1.097158
3.325688,0.403082,0.108283,0.137165,2.811058,0.078574,1.098860
3.329359,0.403121,0.108445,0.137086,2.814361,0.072870,1.100328
3.332658,0.403114,0.108571,0.137048,2.813637,0.071760,1.096375
3.336297,0.402999,0.108594,0.136922,2.815085,0.068520,1.097012
3.339305,0.402993,0.108408,0.136816,2.809157,0.085544,1.092428
3.342569,0.402806,0.108007,0.136686,2.800264,0.100606,1.091286
3.345391,0.402858,0.107613,0.136777,2.792899,0.115840,1.087366
3.352481,0.402755,0.107201,0.136734,2.790730,0.118628,1.095007
3.355319,0.402769,0.106899,0.136784,2.784429,0.130256,1.091803
3.358920,0.402640,0.106830,0.136775,2.786119,0.123378,1.094363
3.361853,0.402740,0.107107,0.136872,2.794423,0.113100,1.090753
3.365976,0.402824,0.107479,0.136952,2.799139,0.102992,1.098928
3.368726,0.403076,0.107890,0.137141,2.799898,0.101162,1.097291
3.372369,0.403276,0.108297,0.137308,2.807759,0.089948,1.100550
3.375552,0.403367,0.108397,0.137377,2.806813,0.089784,1.104097
3.378614,0.403358,0.108266,0.137357,2.800588,0.098849,1.103274
3.382257,0.403224,0.108339,0.137183,2.803615,0.098976,1.097474
3.385742,0.403091,0.108406,0.136996,2.807513,0.099132,1.093051
3.388536,0.402980,0.108507,0.136833,2.807579,0.101169,1.090718
3.391956,0.403071,0.108872,0.136748,2.816152,0.086427,1.088381
3.395257,0.403215,0.109225,0.136663,2.821498,0.078988,1.090090
3.399071,0.403297,0.109235,0.136600,2.819923,0.080439,1.091464
3.402519,0.403329,0.109318,0.136541,2.819949,0.080208,1.090721
3.405754,0.403356,0.109372,0.136467,2.820327,0.079983,1.091866
3.409039,0.403307,0.109434,0.136457,2.820371,0.086664,1.091943
3.412180,0.403207,0.109415,0.136436,2.824153,0.083601,1.087444
3.415670,0.403121,0.109389,0.136418,2.824680,0.085315,1.086508
3.418648,0.403089,0.109295,0.136396,2.822563,0.089669,1.086449
3.422323,0.403056,0.109198,0.136371,2.823120,0.088937,1.084565
3.425374,0.403065,0.109043,0.136522,2.820083,0.088100,1.087084
3.428730,0.403096,0.108975,0.136689,2.815778,0.090713,1.095008
3.432321,0.403140,0.108913,0.136853,2.815952,0.088831,1.095788
3.435251,0.403195,0.108836,0.137030,2.813794,0.086180,1.100887
3.438873,0.403250,0.108760,0.137208,2.810033,0.086481,1.105411
3.442489,0.403204,0.108855,0.137007,2.814370,0.083242,1.098682
3.445540,0.403146,0.108849,0.136759,2.817178,0.082266,1.096153
3.449024,0.403054,0.108745,0.136534,2.809779,0.091877,1.096736
3.452467,0.402986,0.108637,0.136317,2.810172,0.091467,1.091132
3.455576,0.402806,0.108649,0.136081,2.810485,0.092576,1.088502
3.458773,0.402707,0.108581,0.135991,2.807436,0.095562,1.091159
3.465082,0.402491,0.108629,0.135924,2.805834,0.094929,1.088270
3.479968,0.402270,0.108777,0.135830,2.811799,0.086531,1.084609
3.489611,0.402005,0.108918,0.135716,2.813265,0.085867,1.083372
3.493714,0.401844,0.108951,0.135655,2.814370,0.086059,1.079566
3.496243,0.401689,0.108996,0.135626,2.814008,0.084180,1.080420
3.504090,0.401663,0.109031,0.135621,2.813714,0.083227,1.083071
3.505716,0.401681,0.109030,0.135620,2.814219,0.079707,1.081613
3.516034,0.401609,0.109037,0.135613,2.811410,0.081365,1.084725
3.518443,0.401547,0.109058,0.135583,2.809878,0.077976,1.085946
3.529497,0.401418,0.109131,0.135589,2.812521,0.075424,1.084997
3.539889,0.401285,0.109200,0.135608,2.813360,0.075431,1.083433
3.546993,0.401139,0.109024,0.135593,2.807239,0.086459,1.086930
3.551943,0.401100,0.108849,0.135608,2.803290,0.094678,1.086331
3.555677,0.401134,0.108943,0.135772,2.802114,0.093806,1.097488
3.563600,0.401224,0.109046,0.135962,2.798546,0.095516,1.101904
3.574760,0.401292,0.109062,0.136090,2.797571,0.093583,1.107304
3.576188,0.401261,0.109112,0.136168,2.797221,0.093537,1.109192
3.587436,0.401189,0.109178,0.136220,2.797070,0.094783,1.109200
3.596461,0.401079,0.109192,0.136195,2.798576,0.099120,1.101096
3.601752,0.400946,0.109113,0.136122,2.798643,0.099522,1.099027
3.604793,0.400823,0.109086,0.136127,2.797424,0.105428,1.095955
3.608395,0.400791,0.109301,0.136223,2.802853,0.098167,1.095147
3.611785,0.400791,0.109512,0.136330,2.808772,0.088261,1.094320
3.615153,0.400717,0.109511,0.136352,2.806973,0.089671,1.099211
3.618657,0.400693,0.109497,0.136388,2.807687,0.093474,1.098293
3.621785,0.400688,0.109521,0.136396,2.807488,0.091903,1.096379
3.624882,0.400715,0.109644,0.136424,2.807070,0.088907,1.100711
3.628064,0.400880,0.109796,0.136539,2.807343,0.088217,1.103273
3.631452,0.401086,0.109928,0.136643,2.808249,0.087531,1.103394
3.634818,0.401301,0.110197,0.136827,2.808973,0.080988,1.110921
3.638478,0.401563,0.110470,0.137014,2.810955,0.077425,1.119128
3.641646,0.401804,0.110636,0.137168,2.812645,0.073587,1.122178
3.644587,0.401906,0.110768,0.137233,2.812632,0.070437,1.127952
3.648122,0.401996,0.110886,0.137325,2.814168,0.066567,1.130056
3.651520,0.402001,0.110879,0.137332,2.814137,0.065844,1.130233
3.655083,0.401882,0.110633,0.137270,2.811427,0.072039,1.128007
3.658429,0.401759,0.110394,0.137221,2.809477,0.079451,1.125137
3.661235,0.401614,0.110222,0.137184,2.807726,0.084915,1.124326
3.664621,0.401475,0.110059,0.137136,2.806850,0.088450,1.123327
3.668183,0.401377,0.109926,0.137096,2.805397,0.095519,1.121466
3.671576,0.401366,0.109991,0.137057,2.807919,0.087319,1.123416
3.674542,0.401329,0.110041,0.137002,2.809511,0.081117,1.123010
3.678705,0.401315,0.110023,0.136931,2.811204,0.076941,1.121124
3.681966,0.401266,0.110010,0.136857,2.811037,0.071608,1.121046
3.684833,0.401211,0.109969,0.136780,2.812354,0.067425,1.120710
3.688333,0.401136,0.109950,0.136765,2.813166,0.069470,1.118588
3.691241,0.401064,0.109969,0.136760,2.813492,0.071268,1.119561
3.695016,0.401014,0.109989,0.136774,2.815512,0.068808,1.120832
3.698687,0.401006,0.110010,0.136775,2.817336,0.069010,1.119868
3.701719,0.400988,0.109976,0.136764,2.817524,0.065824,1.120490
3.705450,0.400980,0.109959,0.136753,2.817306,0.064689,1.121726
3.708662,0.401001,0.109943,0.136760,2.818951,0.061846,1.121389
3.712051,0.400960,0.109936,0.136739,2.817369,0.059602,1.123062
3.714736,0.400907,0.109935,0.136731,2.817846,0.060154,1.122919
3.718472,0.400859,0.109918,0.136692,2.819884,0.059479,1.122494
3.721436,0.400828,0.109970,0.136694,2.820624,0.060032,1.122315
3.724717,0.400781,0.109963,0.136694,2.820631,0.058314,1.123205
3.728259,0.400772,0.109959,0.136710,2.822765,0.060928,1.120973
3.731267,0.400715,0.109944,0.136709,2.823605,0.056095,1.120328
3.734913,0.400652,0.109955,0.136731,2.823900,0.057539,1.118735
3.738526,0.400557,0.109882,0.136751,2.824972,0.056620,1.117159
3.741831,0.400496,0.109816,0.136781,2.825350,0.056572,1.115528
3.744789,0.400466,0.109729,0.136816,2.824983,0.056830,1.115155
3.748575,0.400478,0.109643,0.136868,2.819361,0.069255,1.114791
3.751908,0.400504,0.109575,0.136932,2.819973,0.065277,1.115707
3.755048,0.400527,0.109509,0.136990,2.819840,0.063191,1.117409
3.758259,0.400531,0.109469,0.137028,2.820222,0.064270,1.117395
3.761489,0.400459,0.109423,0.136978,2.822036,0.057519,1.118853
3.765278,0.400410,0.109507,0.136937,2.828851,0.043509,1.117924
3.768625,0.400330,0.109467,0.136873,2.831249,0.040410,1.118709
3.771624,0.400250,0.109433,0.136799,2.832650,0.035026,1.117435
3.775241,0.400156,0.109375,0.136734,2.833808,0.028838,1.117678
3.778535,0.400109,0.109331,0.136750,2.833869,0.030467,1.116246
3.781946,0.399993,0.109134,0.136757,2.834073,0.026857,1.118053
3.785567,0.399791,0.108757,0.136599,2.827770,0.038114,1.113695
3.788668,0.399591,0.108378,0.136424,2.822676,0.050684,1.110252
3.791690,0.399377,0.107992,0.136281,2.816986,0.061085,1.107937
3.795870,0.399164,0.107606,0.136139,2.810280,0.068983,1.105740
3.802643,0.398740,0.107372,0.136007,2.813104,0.069695,1.100383
3.821400,0.398418,0.107468,0.136054,2.818798,0.058567,1.097924
3.834663,0.398091,0.107501,0.136104,2.819948,0.055706,1.094909
3.837976,0.397667,0.107570,0.136134,2.826051,0.047367,1.090115
3.842355,0.397243,0.107664,0.136183,2.833833,0.038578,1.084978
3.847850,0.397067,0.107631,0.136218,2.832433,0.038565,1.083413
3.855895,0.396901,0.107400,0.136207,2.827338,0.046825,1.081141
3.857260,0.396726,0.107087,0.136154,2.831106,0.033581,1.081134
3.867586,0.396708,0.106761,0.136086,2.828299,0.028523,1.082124
3.873434,0.396690,0.106410,0.135999,2.824664,0.023172,1.083184
3.897601,0.396463,0.106138,0.135926,2.822567,0.021494,1.081954
3.899042,0.396222,0.106102,0.135956,2.827660,0.007441,1.082460
3.908380,0.396013,0.106224,0.136015,2.829090,0.006255,1.081274
3.913259,0.395759,0.106338,0.136078,2.831056,0.005455,1.079543
3.916051,0.395504,0.106381,0.136109,2.833395,0.004901,1.078790
3.919361,0.395524,0.106380,0.136219,2.833278,0.003966,1.079037
3.930924,0.395523,0.106335,0.136416,2.833491,0.003931,1.084483
3.943418,0.395486,0.106318,0.136645,2.833696,0.003503,1.087028
3.951927,0.395425,0.106295,0.136836,2.835558,0.000411,1.090957
3.956134,0.395389,0.106357,0.137105,2.836430,-0.001255,1.092467
3.962508,0.395275,0.106374,0.137274,2.837425,-0.006733,1.100334
3.966207,0.395197,0.106401,0.137284,2.838826,-0.008524,1.098122
3.969586,0.395150,0.106397,0.137245,2.840189,-0.011421,1.098780
3.973215,0.395126,0.106400,0.137235,2.841167,-0.013593,1.098017
3.975821,0.395075,0.106359,0.137164,2.843051,-0.017047,1.098795
3.979307,0.395069,0.106342,0.137146,2.844988,-0.017147,1.093748
3.982504,0.395107,0.106294,0.137173,2.843924,-0.021313,1.099544
3.985596,0.395159,0.106250,0.137238,2.843328,-0.022377,1.101446
3.988881,0.395210,0.106216,0.137290,2.842994,-0.022977,1.104041
3.992586,0.395266,0.106181,0.137344,2.841780,-0.022312,1.105638
3.995813,0.395295,0.106114,0.137391,2.841326,-0.022927,1.107205
3.999411,0.395292,0.106064,0.137446,2.841174,-0.020451,1.103393
4.002885,0.395274,0.106009,0.137493,2.838505,-0.021522,1.108515
4.006159,0.395262,0.105975,0.137536,2.837947,-0.022372,1.108165
4.009480,0.395250,0.105974,0.137593,2.838122,-0.023837,1.109069
4.012481,0.395251,0.105998,0.137629,2.837528,-0.027229,1.114606
4.016502,0.395241,0.106058,0.137661,2.837833,-0.028679,1.115625
4.019496,0.395230,0.106118,0.137692,2.840405,-0.029926,1.112115
4.022199,0.395206,0.106143,0.137778,2.839323,-0.032750,1.118778
4.026375,0.395181,0.106147,0.137868,2.839328,-0.032919,1.118748
4.029880,0.395156,0.106138,0.137946,2.839973,-0.031362,1.114505
4.033008,0.395138,0.106087,0.138018,2.838757,-0.034761,1.118593
4.036381,0.395125,0.106024,0.138092,2.837856,-0.036371,1.119324
4.039934,0.395116,0.105966,0.138155,2.838422,-0.035424,1.114341
4.043236,0.395109,0.105930,0.138213,2.836765,-0.037672,1.120200
4.046009,0.395100,0.105872,0.138278,2.836417,-0.037983,1.119994
4.049628,0.395089,0.105824,0.138319,2.836519,-0.036525,1.116859
4.052435,0.395057,0.105771,0.138399,2.834548,-0.035904,1.119653
4.056092,0.395159,0.105791,0.138539,2.834541,-0.033831,1.116782
4.059409,0.395258,0.105801,0.138726,2.833272,-0.032252,1.115443
4.063035,0.395360,0.105834,0.138906,2.831236,-0.032266,1.120284
4.066317,0.395228,0.105820,0.138979,2.831743,-0.029146,1.117813
4.069863,0.395093,0.105823,0.138980,2.832782,-0.026189,1.113620
4.072691,0.394857,0.105767,0.138920,2.831246,-0.025142,1.114256
4.076563,0.394629,0.105612,0.138795,2.832509,-0.024159,1.111587
4.080062,0.394405,0.105487,0.138683,2.829310,-0.013949,1.106910
4.083276,0.394372,0.105267,0.138660,2.826755,-0.012377,1.107744
4.086311,0.394359,0.105050,0.138668,2.822055,-0.002970,1.107619
4.089571,0.394325,0.104834,0.138646,2.817889,0.006120,1.108960
4.092938,0.394314,0.104760,0.138649,2.814173,0.011104,1.107734
4.095825,0.394303,0.104682,0.138650,2.813259,0.013620,1.108416
4.099017,0.394319,0.104747,0.138666,2.810061,0.022847,1.109248
4.102468,0.394288,0.104901,0.138612,2.814428,0.018792,1.109298
4.106099,0.394257,0.105063,0.138563,2.815548,0.020395,1.107932
4.109704,0.394252,0.105150,0.138576,2.813232,0.027396,1.108215
4.112531,0.394244,0.105214,0.138577,2.815166,0.022140,1.107626
4.116201,0.394216,0.105274,0.138569,2.813166,0.030276,1.103622
4.122265,0.394264,0.105272,0.138559,2.808745,0.037561,1.100774
4.126126,0.394379,0.105478,0.138567,2.811532,0.033482,1.099779
4.143502,0.394449,0.105722,0.138507,2.816950,0.027949,1.096844
4.158323,0.394496,0.105792,0.138405,2.816608,0.034512,1.094236
4.161102,0.394592,0.105858,0.138322,2.819408,0.027082,1.096226
4.167800,0.394700,0.105855,0.138230,2.823269,0.020162,1.098334
4.170575,0.394733,0.105778,0.138170,2.821152,0.023212,1.099693
4.180127,0.394772,0.105564,0.138029,2.827095,0.014197,1.102229
4.182046,0.394879,0.105751,0.137980,2.827900,0.013252,1.103041
4.201894,0.395028,0.105942,0.137911,2.833368,0.004615,1.104869
4.214616,0.395155,0.106179,0.137903,2.835569,0.000733,1.106967
4.217289,0.395298,0.106153,0.137751,2.835719,0.003294,1.106593
4.221561,0.395418,0.106264,0.137656,2.830204,0.011343,1.104323
4.228651,0.395515,0.106170,0.137454,2.832426,0.006028,1.103861
4.230013,0.395563,0.106083,0.137251,2.830877,0.009617,1.100524
4.239878,0.395587,0.106080,0.137092,2.830479,0.012817,1.099308
4.241639,0.395707,0.106232,0.137042,2.835672,0.005281,1.096989
4.250060,0.395705,0.106406,0.136969,2.836388,0.005691,1.097970
4.253543,0.395726,0.106546,0.136962,2.838950,0.004313,1.098244
4.259496,0.395712,0.106649,0.136947,2.840595,0.001334,1.098820
4.263605,0.395697,0.106582,0.136862,2.840324,0.000414,1.095445
4.266799,0.395578,0.106483,0.136745,2.839080,0.000655,1.095060
4.270728,0.395574,0.106370,0.136671,2.839270,-0.000375,1.093247
4.272910,0.395548,0.106260,0.136592,2.837540,0.001608,1.090177
4.277024,0.395548,0.106200,0.136496,2.836850,0.003818,1.088727
4.280686,0.395578,0.106241,0.136455,2.837501,0.004205,1.088873
4.283625,0.395587,0.106282,0.136421,2.839991,0.002144,1.096819
4.287647,0.395723,0.106369,0.136457,2.839802,0.005363,1.096510
4.290772,0.395836,0.106463,0.136487,2.839815,0.005393,1.101217
4.294139,0.395948,0.106534,0.136566,2.839440,0.004901,1.106273
4.297059,0.396070,0.106605,0.136635,2.840314,0.005218,1.107520
4.300869,0.396234,0.106634,0.136689,2.837916,0.005997,1.105428
4.304041,0.396287,0.106613,0.136676,2.836970,0.004346,1.111203
4.307119,0.396322,0.106543,0.136694,2.838353,0.002702,1.109700
4.311452,0.396372,0.106472,0.136710,2.830777,0.014732,1.110445
4.313855,0.396442,0.106516,0.136674,2.833247,0.010377,1.118452
4.317209,0.396434,0.106627,0.136650,2.833466,0.010437,1.119287
4.321117,0.396404,0.106720,0.136633,2.835133,0.008502,1.119298
4.324276,0.396390,0.106845,0.136578,2.834166,0.007931,1.122764
4.327641,0.396362,0.106974,0.136519,2.843883,-0.004724,1.119790
4.330433,0.396299,0.107012,0.136502,2.840456,-0.001778,1.116329
4.334016,0.396289,0.107022,0.136496,2.840561,-0.003174,1.116817
4.338228,0.396288,0.107096,0.136517,2.841594,-0.003159,1.112666
4.340354,0.396287,0.107185,0.136557,2.842597,-0.004632,1.114835
4.343943,0.396286,0.107275,0.136597,2.840989,-0.006204,1.118949
4.347377,0.396149,0.107311,0.136591,2.842113,-0.006600,1.117121
4.350219,0.395999,0.107359,0.136561,2.842435,-0.006247,1.115356
4.353889,0.395903,0.107419,0.136489,2.843092,-0.008745,1.118923
4.356720,0.395809,0.107482,0.136399,2.843829,-0.008682,1.116926
4.363912,0.395715,0.107494,0.136295,2.844990,-0.010280,1.115143
4.367021,0.395724,0.107482,0.136258,2.843546,-0.009132,1.116100
4.370262,0.395743,0.107444,0.136237,2.843229,-0.008016,1.116112
4.373854,0.395724,0.107379,0.136193,2.841951,-0.006160,1.113889
4.376913,0.395699,0.107263,0.136134,2.841103,-0.004757,1.113334
4.379718,0.395645,0.106986,0.136000,2.835288,0.007044,1.112602
4.383917,0.395599,0.106708,0.135836,2.830559,0.016498,1.110321
4.386751,0.395557,0.106445,0.135674,2.822832,0.035868,1.108745
4.393486,0.395503,0.106156,0.135536,2.825692,0.032913,1.116803
4.396176,0.395597,0.106007,0.135243,2.818805,0.046266,1.114515
4.400521,0.395680,0.106081,0.135026,2.815806,0.063418,1.118237
4.403782,0.395772,0.106188,0.134827,2.814342,0.077632,1.122046
4.406752,0.395860,0.106297,0.134645,2.814532,0.077866,1.122201
4.410346,0.396171,0.106598,0.134662,2.808643,0.092997,1.121848
4.413225,0.396396,0.107069,0.134974,2.818532,0.075901,1.131042
4.416787,0.396661,0.107551,0.135321,2.830244,0.046852,1.135891
4.420008,0.396936,0.108036,0.135660,2.841217,0.018310,1.142662
4.423734,0.397202,0.108474,0.135966,2.851506,-0.005776,1.152031
4.427171,0.397135,0.108722,0.136024,2.857443,-0.019149,1.150686
4.430395,0.397020,0.108715,0.135946,2.858697,-0.018025,1.149816
4.433432,0.396921,0.108701,0.135810,2.859582,-0.018861,1.149563
4.437243,0.396920,0.108718,0.135739,2.857846,-0.014162,1.144296
4.440314,0.396925,0.108560,0.135538,2.858640,-0.013300,1.143786
4.443604,0.397027,0.108152,0.135247,2.850897,-0.000620,1.142883
4.447117,0.397129,0.107746,0.134954,2.843316,0.013027,1.138895
4.450367,0.397241,0.107405,0.134723,2.834945,0.028771,1.137484
4.453814,0.397284,0.107234,0.134484,2.836640,0.025344,1.140735
4.457197,0.397374,0.107483,0.134440,2.835955,0.027302,1.140576
4.463092,0.397640,0.108475,0.134633,2.844748,0.012272,1.144567
4.466832,0.397636,0.108861,0.134635,2.851986,-0.000993,1.147419
4.470055,0.397595,0.109029,0.134572,2.859355,-0.015369,1.146681
4.473427,0.397529,0.108986,0.134436,2.857325,-0.013208,1.147259
4.484021,0.397630,0.108896,0.134178,2.858830,-0.016364,1.146275
4.487149,0.397783,0.108906,0.134188,2.857442,-0.014236,1.144872
4.490535,0.397915,0.108881,0.134201,2.855730,-0.013447,1.145900
4.493799,0.397840,0.108597,0.134147,2.848845,-0.002158,1.138384
4.497086,0.397572,0.108164,0.133952,2.844326,0.012111,1.132250
4.519986,0.397037,0.107448,0.133228,2.838601,0.029030,1.126577
4.530347,0.396851,0.107402,0.133025,2.838245,0.032489,1.123008
4.534857,0.396858,0.107634,0.132919,2.839548,0.034902,1.119802
4.542601,0.396979,0.108039,0.132932,2.846596,0.023510,1.126180
4.569929,0.397009,0.108435,0.133602,2.851144,0.007062,1.128539
4.582250,0.396939,0.108297,0.133855,2.853578,-0.006562,1.131271
4.586855,0.396848,0.108108,0.134131,2.853899,-0.010928,1.133774
4.593249,0.396673,0.107741,0.134317,2.847281,0.001737,1.130806
4.596252,0.396525,0.107410,0.134403,2.844087,0.011101,1.129839
4.604519,0.396417,0.107233,0.134356,2.841855,0.021821,1.129505
4.614353,0.396296,0.107057,0.134353,2.841930,0.030467,1.128332
4.623893,0.396243,0.106901,0.134324,2.838715,0.041073,1.127646
4.627169,0.396271,0.106896,0.134371,2.846041,0.024850,1.135711
4.636392,0.396330,0.106852,0.134393,2.846986,0.025556,1.134605
4.639645,0.396361,0.106761,0.134465,2.843899,0.030085,1.137052
4.643613,0.396405,0.106668,0.134493,2.838998,0.032899,1.140642
4.646657,0.396425,0.106558,0.134515,2.840850,0.032676,1.137227
4.650099,0.396393,0.106493,0.134461,2.833425,0.046962,1.134979
4.653172,0.396348,0.106453,0.134474,2.830057,0.050570,1.135433
4.656832,0.396319,0.106455,0.134390,2.832788,0.046965,1.134646
4.659818,0.396277,0.106477,0.134264,2.835247,0.047625,1.130324
4.662922,0.396189,0.106529,0.134131,2.833236,0.050411,1.129079
4.666246,0.396148,0.106617,0.134162,2.837389,0.045979,1.126869
4.670107,0.396153,0.106745,0.134168,2.839658,0.041845,1.128319
4.673300,0.396154,0.106834,0.134229,2.843466,0.031203,1.128056
4.676440,0.396141,0.106863,0.134306,2.845646,0.026082,1.126108
4.680435,0.396148,0.106886,0.134388,2.846046,0.022640,1.128921
4.683162,0.396233,0.106958,0.134491,2.848519,0.011287,1.132970
4.686808,0.396285,0.107012,0.134613,2.851096,0.000015,1.133537
4.689835,0.396332,0.107090,0.134756,2.850164,-0.002365,1.135285
4.693751,0.396405,0.107208,0.134926,2.851519,-0.013950,1.141834
4.697159,0.396388,0.107023,0.134928,2.849050,-0.012190,1.141749
4.700328,0.396271,0.106697,0.134804,2.843546,0.000470,1.138536
4.703476,0.396156,0.106376,0.134680,2.838552,0.013416,1.137299
4.706945,0.396062,0.106061,0.134547,2.833601,0.027116,1.135259
4.710287,0.395962,0.105740,0.134427,2.830668,0.038172,1.133903
4.713517,0.395938,0.105660,0.134444,2.829246,0.038936,1.135147
4.716981,0.395905,0.105604,0.134467,2.828688,0.040256,1.133409
4.719629,0.395871,0.105630,0.134477,2.830665,0.036880,1.133290
4.723308,0.395841,0.105650,0.134491,2.837296,0.021978,1.134551
4.726364,0.395814,0.105682,0.134507,2.834547,0.025310,1.132031
4.729978,0.395758,0.105649,0.134489,2.837634,0.021802,1.130868
4.732949,0.395750,0.105739,0.134542,2.837297,0.022120,1.131010
4.736932,0.395733,0.105728,0.134536,2.838540,0.022494,1.130916
4.739900,0.395716,0.105721,0.134522,2.834131,0.034201,1.129461
4.743425,0.395705,0.105698,0.134513,2.836364,0.031683,1.130617
4.746612,0.395740,0.105801,0.134570,2.836795,0.031759,1.131224
4.750309,0.395780,0.105774,0.134558,2.839363,0.029014,1.132395
4.753466,0.395803,0.105659,0.134525,2.835546,0.033050,1.132658
4.757028,0.395803,0.105556,0.134470,2.834924,0.034390,1.128625
4.760459,0.395797,0.105429,0.134376,2.834438,0.035424,1.128265
4.763794,0.395801,0.105397,0.134326,2.831504,0.040040,1.127301
4.767021,0.395776,0.105345,0.134272,2.831854,0.040054,1.125624
4.770205,0.395759,0.105392,0.134279,2.833871,0.037514,1.123588
4.773498,0.395745,0.105423,0.134321,2.830578,0.042295,1.125435
4.777238,0.395767,0.105489,0.134398,2.831278,0.041122,1.123387
4.780246,0.395771,0.105454,0.134448,2.833255,0.037090,1.122730
4.783446,0.395777,0.105378,0.134487,2.829116,0.040644,1.121979
4.787006,0.395810,0.105199,0.134491,2.828410,0.040822,1.121589
4.790199,0.395859,0.105042,0.134486,2.828112,0.040291,1.121340
4.793334,0.395875,0.104884,0.134462,2.823957,0.045109,1.122862
4.796538,0.395948,0.104720,0.134434,2.824853,0.045799,1.118933
4.799628,0.395968,0.104617,0.134406,2.824055,0.049309,1.119606
4.803194,0.395962,0.104608,0.134398,2.821301,0.054799,1.119692
4.806301,0.395946,0.104582,0.134387,2.821528,0.055922,1.119283
4.810077,0.395967,0.104534,0.134389,2.822970,0.058266,1.118221
4.813742,0.395939,0.104521,0.134397,2.817426,0.063344,1.124031
4.816950,0.396031,0.104492,0.134447,2.820320,0.058520,1.122421
4.820226,0.396084,0.104570,0.134514,2.821897,0.055480,1.125019
4.823922,0.396149,0.104682,0.134572,2.823653,0.053779,1.125441
4.829132,0.396171,0.104790,0.134611,2.825158,0.050057,1.125364
4.848257,0.396179,0.104769,0.134617,2.825960,0.050934,1.123570
4.850092,0.396117,0.104748,0.134629,2.823774,0.054890,1.124391
4.858565,0.396097,0.104633,0.134627,2.822183,0.058533,1.121421
4.862331,0.396089,0.104472,0.134653,2.818731,0.062832,1.122890
4.866446,0.396126,0.104286,0.134705,2.817983,0.063873,1.122965
4.873633,0.396181,0.104207,0.134759,2.817595,0.064487,1.122709
4.875690,0.396236,0.104132,0.134816,2.816497,0.064796,1.123461
4.885910,0.396286,0.104042,0.134872,2.816470,0.064300,1.124137
4.887391,0.396307,0.103973,0.134901,2.817255,0.062475,1.122394
4.900704,0.396259,0.103962,0.134907,2.815097,0.064465,1.121461
4.909585,0.396198,0.103966,0.134926,2.816594,0.062566,1.119408
4.912021,0.396155,0.104031,0.134942,2.820265,0.057829,1.117998
4.923870,0.396102,0.104139,0.134961,2.820787,0.057263,1.118776
4.926461,0.396120,0.104215,0.134963,2.824359,0.053482,1.117085
4.929633,0.396241,0.104199,0.134968,2.822956,0.053093,1.119014
4.934231,0.396374,0.104169,0.134960,2.821191,0.052869,1.121730
4.944971,0.396478,0.104094,0.134921,2.817778,0.055611,1.123461
4.947986,0.396606,0.104011,0.134837,2.816470,0.056772,1.121303
4.959918,0.396668,0.103914,0.134753,2.815208,0.058432,1.121989
4.968124,0.396641,0.103888,0.134719,2.814937,0.060087,1.120079
4.972090,0.396634,0.103854,0.134703,2.815210,0.062428,1.117235
4.981579,0.396620,0.103812,0.134704,2.822489,0.049623,1.116931
4.984543,0.396578,0.103838,0.134784,2.822152,0.049970,1.114847
4.987980,0.396526,0.103786,0.134831,2.822751,0.049583,1.111864
4.991275,0.396509,0.103861,0.134891,2.823936,0.048805,1.108788
4.994640,0.396471,0.103871,0.134918,2.830746,0.035157,1.108170
4.997926,0.396480,0.103875,0.134943,2.824558,0.048207,1.103965
5.001294,0.396501,0.103729,0.134929,2.823792,0.049903,1.104567
5.004432,0.396544,0.103707,0.134952,2.819768,0.054485,1.106130
5.008089,0.396573,0.103559,0.134941,2.820171,0.053931,1.107001
5.011437,0.396605,0.103438,0.134933,2.811133,0.070201,1.105885
5.014350,0.396611,0.103315,0.134934,2.808615,0.073916,1.106342
5.017886,0.396615,0.103276,0.134961,2.809998,0.071436,1.106641
5.021189,0.396621,0.103304,0.135038,2.810351,0.069847,1.105971
5.024623,0.396678,0.103674,0.135308,2.817230,0.053523,1.110191
5.028189,0.396788,0.104077,0.135645,2.827648,0.032828,1.112973
5.032620,0.396856,0.104474,0.135972,2.836710,0.010968,1.117248
5.034558,0.396929,0.104855,0.136289,2.844240,-0.008578,1.119558
5.038136,0.396988,0.105152,0.136582,2.853314,-0.028924,1.122394
5.041080,0.397021,0.105106,0.136678,2.853858,-0.031934,1.122387
5.044829,0.396994,0.105060,0.136732,2.853591,-0.033975,1.124344
5.048260,0.397013,0.105016,0.136775,2.853974,-0.033575,1.124359
5.051733,0.397045,0.104920,0.136856,2.853321,-0.031308,1.125940
5.054569,0.397093,0.104821,0.136954,2.852020,-0.028542,1.128099
5.058129,0.397131,0.104737,0.137049,2.851812,-0.023687,1.128233
5.061126,0.397192,0.104686,0.137162,2.850853,-0.021960,1.129904
5.064497,0.397237,0.104630,0.137321,2.851453,-0.021579,1.132078
5.067680,0.397151,0.104038,0.137322,2.843937,-0.007324,1.127276
5.071202,0.397058,0.103411,0.137355,2.834810,0.007106,1.124538
5.074765,0.396933,0.102772,0.137383,2.825025,0.020641,1.122222
5.077602,0.396757,0.102035,0.137416,2.815386,0.034160,1.117288
5.081520,0.396600,0.101317,0.137405,2.802923,0.047428,1.112197
5.084928,0.396554,0.101145,0.137504,2.803083,0.046578,1.115329
5.088325,0.396611,0.101190,0.137411,2.803261,0.044085,1.112662
5.091602,0.396679,0.101256,0.137311,2.804909,0.041505,1.114418
5.094836,0.396783,0.101418,0.137199,2.807904,0.041907,1.116302
5.098171,0.396864,0.101578,0.137099,2.812244,0.043176,1.118068
5.101296,0.396912,0.101606,0.136994,2.811710,0.042825,1.116578
5.104809,0.396848,0.101454,0.137030,2.812526,0.043958,1.118724
5.108338,0.396796,0.101277,0.137075,2.810574,0.042686,1.114291
5.111298,0.396766,0.101072,0.137118,2.808468,0.042012,1.113781
5.114816,0.396769,0.100881,0.137124,2.807225,0.041767,1.113058
5.117818,0.396816,0.100893,0.137148,2.809793,0.039683,1.110608
5.121287,0.396757,0.100939,0.137178,2.812518,0.035472,1.112630
5.124630,0.396609,0.100927,0.137367,2.815271,0.032000,1.113068
5.127757,0.396277,0.100859,0.137458,2.818410,0.026072,1.106378
5.131151,0.395931,0.100776,0.137582,2.820815,0.020163,1.099296
5.134328,0.395581,0.100628,0.137673,2.819142,0.017562,1.099761
5.137524,0.395331,0.100364,0.137706,2.816496,0.019243,1.091641
5.141270,0.395136,0.100163,0.137573,2.815483,0.021380,1.086833
5.144734,0.395095,0.100012,0.137533,2.814000,0.024355,1.085113
5.150161,0.395250,0.099784,0.137607,2.808248,0.028140,1.088871
5.168270,0.395404,0.099552,0.137685,2.804437,0.030429,1.088031
5.178078,0.395572,0.099416,0.137803,2.803497,0.029969,1.087807
5.182125,0.395727,0.099388,0.137946,2.802303,0.027676,1.092271
5.185447,0.395886,0.099380,0.138089,2.800957,0.025808,1.095641
5.193536,0.395767,0.099481,0.138054,2.805430,0.022523,1.091895
5.194940,0.395644,0.099536,0.137991,2.808488,0.019970,1.088194
5.204801,0.395559,0.099630,0.137832,2.808291,0.020016,1.090021
5.226135,0.395451,0.099692,0.137647,2.811662,0.018565,1.086069
5.240889,0.395337,0.099762,0.137486,2.813926,0.016735,1.083573
5.243994,0.395309,0.099801,0.137378,2.814117,0.016189,1.084358
5.252145,0.395302,0.099931,0.137323,2.814318,0.022370,1.084537
5.253693,0.395270,0.100067,0.137388,2.813932,0.028793,1.085599
5.264194,0.395341,0.100170,0.137384,2.812306,0.032601,1.086508
5.265952,0.395477,0.100393,0.137415,2.810343,0.038688,1.091552
5.274124,0.395655,0.100634,0.137455,2.810623,0.043134,1.094563
5.277256,0.395840,0.100906,0.137503,2.810648,0.040340,1.098619
5.283601,0.396012,0.101096,0.137489,2.812485,0.035150,1.100232
5.287533,0.396160,0.101304,0.137540,2.811392,0.039491,1.101611
5.290807,0.396345,0.101745,0.137671,2.817761,0.027205,1.103786
5.294346,0.396488,0.102172,0.137792,2.821973,0.015664,1.107101
5.297649,0.396667,0.102627,0.137777,2.824209,0.018634,1.108862
5.300900,0.396915,0.103331,0.137867,2.833392,0.006774,1.114979
5.304266,0.397138,0.103984,0.137954,2.842684,-0.007616,1.121446
5.307565,0.397227,0.103987,0.137774,2.840287,0.005503,1.121882
5.310533,0.397259,0.103891,0.137535,2.834963,0.022963,1.122750
5.314088,0.397220,0.103728,0.137408,2.833736,0.025465,1.124817
5.317176,0.397118,0.103434,0.137253,2.826989,0.041154,1.121206
5.320770,0.396949,0.103335,0.137318,2.825004,0.043115,1.118194
5.324055,0.396789,0.103562,0.137523,2.828478,0.031943,1.117470
5.327250,0.396659,0.103891,0.137786,2.835561,0.017637,1.113355
5.331019,0.396501,0.104235,0.138045,2.833301,0.019016,1.107740
5.334432,0.396298,0.104415,0.138120,2.840377,0.011586,1.102575
5.337176,0.396154,0.104574,0.138045,2.841033,0.015203,1.095477
5.340517,0.395876,0.104546,0.137866,2.841346,0.017903,1.092213
5.343996,0.395741,0.104370,0.137678,2.833038,0.036216,1.085397
5.350692,0.395754,0.104129,0.137451,2.832760,0.041237,1.088410
5.353842,0.395829,0.103999,0.137309,2.820861,0.057514,1.090904
5.357120,0.395822,0.103718,0.137070,2.815490,0.074040,1.090999
5.360540,0.395859,0.103691,0.136918,2.808143,0.092581,1.090188
5.364250,0.395793,0.104268,0.136925,2.819750,0.077196,1.094159
5.367083,0.395639,0.104939,0.136976,2.831608,0.061085,1.091186
5.371018,0.395472,0.105592,0.137069,2.843570,0.044866,1.089459
5.374005,0.395416,0.106253,0.137147,2.851021,0.029999,1.091772
5.377532,0.395450,0.106966,0.137283,2.863972,0.012990,1.090694
5.380692,0.395469,0.107217,0.137272,2.866079,0.013654,1.092065
5.383974,0.395477,0.107464,0.137295,2.864441,0.014078,1.091297
5.387265,0.395471,0.107583,0.137262,2.866280,0.013187,1.090268
5.390895,0.395453,0.107678,0.137249,2.865820,0.014050,1.089674
5.394514,0.395464,0.107612,0.137181,2.861731,0.015494,1.088549
5.397591,0.395330,0.107506,0.137300,2.858464,0.016200,1.085038
5.400915,0.395190,0.107354,0.137395,2.858417,0.016229,1.082489
5.403655,0.395053,0.107322,0.137564,2.852104,0.019805,1.077543
5.407834,0.394913,0.107375,0.137816,2.851864,0.018176,1.075874
5.410881,0.394751,0.107449,0.138068,2.852323,0.017186,1.073140
5.414522,0.394738,0.107578,0.138139,2.852593,0.016322,1.072628
5.417453,0.394749,0.107710,0.138221,2.852931,0.015215,1.073390
5.420766,0.394776,0.107846,0.138311,2.856125,0.011650,1.075334
5.424192,0.394796,0.107880,0.138336,2.856636,0.009627,1.076259
5.427573,0.394926,0.107739,0.138327,2.850742,0.014357,1.079105
5.430746,0.395067,0.107580,0.138314,2.844588,0.018394,1.081115
5.434040,0.395195,0.107430,0.138289,2.839276,0.022099,1.082293
5.437556,0.395354,0.107339,0.138293,2.834783,0.024108,1.085696
5.441025,0.395587,0.107479,0.138424,2.831882,0.025759,1.090064
5.444277,0.395724,0.107766,0.138602,2.835822,0.019613,1.093595
5.447784,0.395816,0.108002,0.138749,2.835276,0.019398,1.094952
5.451076,0.395897,0.108227,0.138895,2.837982,0.015485,1.097268
5.453797,0.395892,0.108398,0.138992,2.839425,0.013974,1.100970
5.457418,0.395815,0.108343,0.138961,2.832445,0.024125,1.096952
5.461034,0.395750,0.108221,0.138829,2.831259,0.025176,1.094672
5.463791,0.395755,0.108238,0.138776,2.831694,0.026263,1.094135
5.473532,0.395770,0.108300,0.138741,2.829277,0.032798,1.091002
5.489815,0.395836,0.108347,0.138728,2.827672,0.037762,1.084999
5.496593,0.395921,0.108408,0.138725,2.831744,0.033910,1.084236
5.503833,0.396033,0.108519,0.138816,2.829534,0.039613,1.084417
5.507630,0.396109,0.108433,0.138759,2.823505,0.055137,1.082566
5.515592,0.396177,0.108305,0.138675,2.818322,0.069069,1.081488
5.517161,0.396235,0.108199,0.138549,2.817514,0.069284,1.083019
5.526654,0.396315,0.108123,0.138452,2.811703,0.083132,1.081103
5.529106,0.396382,0.108092,0.138299,2.806616,0.096883,1.076100
5.547122,0.396479,0.108181,0.138234,2.808268,0.096531,1.074215
5.562828,0.396590,0.108284,0.138137,2.815465,0.080084,1.073649
5.566498,0.396689,0.108374,0.138070,2.812345,0.092415,1.068803
5.574604,0.396747,0.108422,0.137968,2.814003,0.092339,1.066827
5.576198,0.396919,0.108459,0.137994,2.815625,0.095844,1.072941
5.586407,0.397060,0.108488,0.138028,2.816697,0.090493,1.073956
5.588256,0.397186,0.108501,0.138101,2.811163,0.100284,1.074310
5.595692,0.397361,0.108694,0.138203,2.817719,0.087060,1.081040
5.605419,0.397527,0.108891,0.138303,2.821854,0.074215,1.084282
5.609604,0.397559,0.109077,0.138324,2.819152,0.071244,1.078021
5.612911,0.397511,0.108988,0.138205,2.822366,0.062656,1.082695
5.616239,0.397475,0.109002,0.138134,2.820629,0.069565,1.081248
5.619554,0.397400,0.108832,0.138036,2.815335,0.076586,1.076089
5.622789,0.397340,0.108657,0.137945,2.815690,0.073106,1.080424
5.625952,0.397406,0.108507,0.137893,2.817931,0.066475,1.081982
5.629532,0.397551,0.108631,0.137984,2.815045,0.074635,1.079782
5.632851,0.397697,0.108666,0.137994,2.820735,0.057523,1.085090
5.636275,0.397638,0.108594,0.137856,2.818557,0.064263,1.084581
5.639464,0.397573,0.108524,0.137715,2.813589,0.079330,1.078614
5.642978,0.397480,0.108482,0.137586,2.812794,0.083757,1.078520
5.646164,0.397447,0.108476,0.137469,2.813050,0.084027,1.077115
5.649160,0.397401,0.108462,0.137387,2.808791,0.095375,1.075275
5.652882,0.397531,0.108563,0.137444,2.818347,0.076938,1.077349
5.655644,0.397657,0.108656,0.137452,2.820174,0.072423,1.079478
5.659919,0.397678,0.108672,0.137388,2.821723,0.069256,1.079144
5.662412,0.397641,0.108649,0.137307,2.820500,0.074231,1.076382
5.665684,0.397557,0.108608,0.137173,2.821090,0.074845,1.075238
5.669378,0.397561,0.108599,0.137037,2.814128,0.088834,1.072810
5.672785,0.397525,0.108574,0.136921,2.817982,0.081519,1.072005
5.676052,0.397467,0.108574,0.136829,2.816853,0.088423,1.069825
5.679390,0.397408,0.108576,0.136741,2.818808,0.084794,1.070562
5.682636,0.397407,0.108609,0.136682,2.823867,0.074641,1.070297
5.685956,0.397270,0.108631,0.136591,2.826498,0.067837,1.069349
5.689537,0.397183,0.108682,0.136515,2.823526,0.074308,1.066258
5.692899,0.397225,0.108626,0.136381,2.827970,0.058499,1.069132
5.696247,0.397272,0.108592,0.136250,2.826950,0.058985,1.070386
5.698959,0.397312,0.108546,0.136132,2.821988,0.069347,1.069749
5.702322,0.397425,0.108530,0.136054,2.822037,0.067125,1.074814
5.705517,0.397501,0.108522,0.135968,2.822227,0.067586,1.078497
5.708858,0.397429,0.108598,0.135885,2.820166,0.075285,1.077152
5.712567,0.397337,0.108647,0.135779,2.820746,0.072221,1.073887
5.716071,0.397161,0.108580,0.135571,2.822669,0.070296,1.073428
5.718928,0.397028,0.108608,0.135398,2.820950,0.077500,1.067138
5.722233,0.396922,0.108575,0.135219,2.826016,0.063711,1.065332
5.725737,0.396902,0.108563,0.135107,2.825896,0.062484,1.066840
5.728938,0.396905,0.108562,0.134997,2.827004,0.061692,1.070671
5.732847,0.397001,0.108704,0.134979,2.832015,0.045464,1.073897
5.735555,0.397032,0.108730,0.134935,2.832654,0.042691,1.077910
5.739142,0.397067,0.108803,0.134917,2.829531,0.052249,1.079869
5.742216,0.397061,0.108869,0.134908,2.834768,0.037869,1.082463
5.745606,0.397036,0.108850,0.134889,2.834811,0.037697,1.083500
5.749017,0.396916,0.108710,0.134818,2.829708,0.049203,1.079657
5.752708,0.396824,0.108526,0.134697,2.827510,0.048969,1.078868
5.756078,0.396735,0.108298,0.134557,2.825270,0.048707,1.078489
5.759354,0.396656,0.108079,0.134397,2.818934,0.060877,1.075791
5.762362,0.396583,0.107930,0.134281,2.817896,0.058496,1.072773
5.765883,0.396602,0.107860,0.134238,2.817346,0.057148,1.074533
5.769240,0.396627,0.107802,0.134244,2.818468,0.054528,1.075910
5.772766,0.396662,0.107768,0.134287,2.823070,0.042407,1.076075
5.776220,0.396749,0.107831,0.134272,2.821688,0.040186,1.076508
5.779053,0.396783,0.107667,0.134229,2.824834,0.038783,1.081739
5.782731,0.396753,0.107590,0.134194,2.824404,0.036988,1.080791
5.786198,0.396682,0.107509,0.134160,2.825405,0.034286,1.080104
5.789722,0.396596,0.107447,0.134109,2.822765,0.040939,1.079602
5.794196,0.396489,0.107144,0.133933,2.824304,0.042740,1.077730
5.802806,0.396459,0.107090,0.133736,2.821636,0.043134,1.073909
5.827668,0.396552,0.106959,0.133510,2.827391,0.028862,1.077103
5.836406,0.396836,0.107022,0.133400,2.825031,0.032265,1.076741
5.839216,0.397245,0.107057,0.133314,2.821979,0.029682,1.085611
5.849373,0.397704,0.107456,0.133329,2.829092,0.010476,1.090271
5.872357,0.398156,0.107854,0.133351,2.835770,-0.007250,1.094823
5.882164,0.398531,0.108238,0.133421,2.836366,-0.008072,1.096000
5.885661,0.398761,0.108409,0.133379,2.843173,-0.022900,1.100392
5.889015,0.398869,0.108555,0.133313,2.848913,-0.029920,1.095640
5.901212,0.398852,0.108135,0.133162,2.840354,-0.009873,1.094042
5.905312,0.398841,0.107723,0.132994,2.832631,0.008355,1.090381
5.918468,0.398990,0.107410,0.132831,2.827405,0.027799,1.090484
5.927292,0.399274,0.107077,0.132704,2.822463,0.025582,1.093444
5.930956,0.399661,0.106843,0.132640,2.818163,0.031371,1.094640
5.940325,0.400118,0.107119,0.132778,2.823781,0.010451,1.100993
5.943578,0.400567,0.107389,0.132934,2.831646,-0.011098,1.109602
5.946950,0.400928,0.107565,0.133026,2.828154,-0.010448,1.109022
5.950404,0.401100,0.107754,0.133045,2.829984,-0.012389,1.109442
5.953631,0.401172,0.107903,0.132982,2.833245,-0.023830,1.110201
5.957219,0.401120,0.107778,0.132760,2.830853,-0.010339,1.106439
5.960160,0.401061,0.107646,0.132555,2.824259,0.005562,1.101209
5.963588,0.401002,0.107837,0.132538,2.833683,-0.014448,1.104141
5.967069,0.400998,0.108089,0.132534,2.836904,-0.010849,1.103324
5.970552,0.401012,0.108326,0.132557,2.839723,-0.005997,1.102339
5.974014,0.401128,0.108605,0.132621,2.840472,-0.010250,1.101273
5.977468,0.401264,0.108709,0.132636,2.844593,-0.016141,1.101872
5.980748,0.401327,0.108487,0.132514,2.838926,-0.005706,1.099303
5.984815,0.401363,0.108217,0.132440,2.832286,0.003125,1.098080
5.987284,0.401476,0.108020,0.132429,2.829378,0.007556,1.097547
5.990719,0.401622,0.107884,0.132502,2.828447,0.008265,1.100784
5.993976,0.401744,0.107918,0.132635,2.824523,0.010538,1.102346
5.996872,0.401878,0.107984,0.132758,2.826492,0.008569,1.104302
6.000771,0.402053,0.108060,0.132846,2.827489,0.007489,1.105163
6.003813,0.402126,0.108071,0.132865,2.823907,0.010650,1.106609
6.007382,0.402171,0.108188,0.132914,2.825104,0.010791,1.107586
6.010714,0.402197,0.108318,0.132943,2.826917,0.009920,1.107578
6.013745,0.402223,0.108427,0.132956,2.825275,0.010527,1.106892
6.017057,0.402227,0.108538,0.132971,2.827221,0.009189,1.106865
6.020489,0.402262,0.108641,0.132996,2.829494,0.005918,1.107608
6.023424,0.402274,0.108615,0.132988,2.828516,0.004723,1.105672
6.026754,0.402305,0.108576,0.133002,2.828297,0.005811,1.105666
6.030044,0.402300,0.108545,0.133012,2.828379,0.005535,1.107745
6.033627,0.402279,0.108482,0.133010,2.827426,0.005368,1.105869
6.036617,0.402218,0.108433,0.132990,2.827730,0.007294,1.104249
6.040674,0.402166,0.108418,0.132965,2.829226,0.007496,1.104361
6.043855,0.402083,0.108428,0.132936,2.830470,0.008313,1.101612
6.047343,0.402029,0.108425,0.132924,2.831706,0.009002,1.099391
6.050364,0.401987,0.108454,0.132921,2.833068,0.009250,1.099766
6.053577,0.401933,0.108412,0.132891,2.833738,0.008852,1.096870
6.056681,0.401905,0.108391,0.132797,2.829361,0.019828,1.094036
6.060497,0.401900,0.108293,0.132689,2.828540,0.020746,1.094735
6.063685,0.401906,0.108270,0.132608,2.827541,0.024237,1.092576
6.066641,0.401897,0.108207,0.132545,2.827193,0.026788,1.092351
6.070408,0.401906,0.108211,0.132519,2.825055,0.027199,1.095822
6.073935,0.401966,0.108147,0.132608,2.828795,0.019981,1.096367
6.076971,0.401927,0.108149,0.132676,2.827149,0.017029,1.098476
6.080097,0.402004,0.108063,0.132754,2.820944,0.026917,1.099543
6.083428,0.402000,0.108077,0.132755,2.819194,0.023013,1.101068
6.086906,0.401996,0.108090,0.132755,2.820387,0.022670,1.099258
6.090524,0.401875,0.107913,0.132631,2.814293,0.033855,1.098029
6.093948,0.401936,0.107704,0.132568,2.809943,0.042218,1.095699
6.101926,0.401902,0.107679,0.132510,2.814344,0.028339,1.097059
6.104910,0.401959,0.107607,0.132485,2.814009,0.028460,1.094439
6.115702,0.402017,0.107534,0.132461,2.808543,0.036829,1.093667
6.123453,0.402067,0.107614,0.132467,2.813271,0.020658,1.096704
6.133075,0.402114,0.107875,0.132547,2.813904,0.020746,1.096244
6.141203,0.402132,0.108005,0.132519,2.814407,0.018255,1.095403
6.143666,0.402171,0.108123,0.132522,2.814806,0.017587,1.095600
6.152260,0.402175,0.108222,0.132563,2.818196,0.007272,1.097541
6.153197,0.402185,0.108198,0.132544,2.813010,0.018136,1.095573
6.163266,0.402118,0.108017,0.132416,2.811421,0.017417,1.095395
6.165744,0.402046,0.107915,0.132345,2.808821,0.027009,1.091366
6.186217,0.401883,0.107891,0.132270,2.805523,0.034165,1.090568
6.200497,0.401757,0.107919,0.132175,2.804221,0.042031,1.086434
6.209649,0.401669,0.108150,0.132183,2.807767,0.039674,1.084283
6.221169,0.401583,0.108371,0.132212,2.811137,0.038876,1.081954
6.224825,0.401516,0.108474,0.132250,2.811524,0.038601,1.083001
6.231938,0.401518,0.108494,0.132305,2.812227,0.041040,1.081394
6.240136,0.401493,0.108491,0.132336,2.812477,0.041748,1.080812
6.243839,0.401473,0.108487,0.132368,2.819090,0.031990,1.082174
6.247638,0.401483,0.108475,0.132400,2.818469,0.033835,1.081935
6.250549,0.401466,0.108439,0.132440,2.818305,0.034863,1.081343
6.253940,0.401439,0.108419,0.132437,2.818230,0.035273,1.080018
6.257680,0.401427,0.108394,0.132454,2.819363,0.033565,1.080600
6.260998,0.401427,0.108463,0.132512,2.812590,0.043811,1.078473
6.264316,0.401395,0.108518,0.132554,2.820336,0.031490,1.079424
6.267931,0.401414,0.108905,0.132725,2.821800,0.029533,1.079273
6.271340,0.401450,0.109278,0.132921,2.828966,0.017145,1.081681
6.274645,0.401501,0.109646,0.133104,2.834557,0.007464,1.082790
6.277535,0.401543,0.109943,0.133259,2.840597,-0.001618,1.084801
6.281465,0.401603,0.110234,0.133414,2.839992,-0.001558,1.086155
6.284762,0.401608,0.110074,0.133361,2.842144,-0.007806,1.087083
6.287752,0.401596,0.109895,0.133351,2.838128,-0.002574,1.085589
6.291351,0.401538,0.109690,0.133312,2.837062,-0.001068,1.084365
6.294421,0.401450,0.109313,0.133219,2.830807,0.010044,1.081894
6.297960,0.401343,0.108953,0.133166,2.823824,0.023614,1.078587
6.301024,0.401294,0.108730,0.133193,2.822716,0.024608,1.078971
6.304255,0.401264,0.108498,0.133218,2.819212,0.031884,1.077634
6.307804,0.401257,0.108300,0.133264,2.812585,0.042667,1.076690
6.310968,0.401237,0.108294,0.133288,2.813361,0.041371,1.075700
6.314463,0.401224,0.108309,0.133282,2.814360,0.039937,1.074202
6.317771,0.401150,0.108321,0.133281,2.812447,0.046743,1.071683
6.320717,0.401078,0.108330,0.133248,2.813210,0.046459,1.070065
6.324307,0.401011,0.108337,0.133216,2.813661,0.046539,1.067689
6.327487,0.400976,0.108319,0.133268,2.813385,0.045383,1.067351
6.330642,0.400939,0.108293,0.133318,2.812519,0.043704,1.067352
6.334224,0.400920,0.108249,0.133352,2.811826,0.045252,1.065221
6.337204,0.400915,0.108219,0.133405,2.811129,0.047691,1.064511
6.340985,0.400945,0.108163,0.133483,2.813372,0.043054,1.065278
6.344513,0.401004,0.108033,0.133701,2.810242,0.046684,1.066285
6.347319,0.401058,0.107868,0.133901,2.808094,0.050226,1.067643
6.351051,0.400998,0.107729,0.134051,2.806033,0.056378,1.067564
6.354421,0.400922,0.107606,0.134172,2.804244,0.062181,1.066652
6.357271,0.400864,0.107491,0.134343,2.798733,0.072544,1.066335
6.360701,0.400836,0.107820,0.134533,2.805747,0.061672,1.066760
6.363999,0.400813,0.108186,0.134740,2.813423,0.049582,1.065979
6.367199,0.400868,0.108579,0.135079,2.814646,0.043533,1.067276
6.371103,0.400945,0.108954,0.135420,2.822865,0.023749,1.070575
6.374597,0.400970,0.109324,0.135739,2.830120,0.008850,1.071572
6.377896,0.400986,0.109226,0.135873,2.828422,0.010616,1.071542
6.381201,0.401018,0.109120,0.136020,2.825541,0.012197,1.072594
6.384111,0.401065,0.108966,0.136123,2.829015,0.001965,1.074333
6.387264,0.400967,0.108571,0.136154,2.820494,0.019863,1.072451
6.390572,0.400879,0.108197,0.136136,2.814731,0.028907,1.070847
6.394012,0.400788,0.107884,0.136149,2.815683,0.025232,1.071272
6.397261,0.400714,0.107867,0.136307,2.809722,0.039362,1.071105
6.400737,0.400717,0.107850,0.136480,2.810127,0.036309,1.076785
6.404615,0.400923,0.108070,0.136749,2.815738,0.020627,1.080179
6.407208,0.401123,0.108284,0.137034,2.818676,0.010700,1.084076
6.411170,0.401273,0.108417,0.137327,2.817990,0.008727,1.086154
6.414130,0.401431,0.108280,0.137513,2.823650,-0.008562,1.086364
6.417391,0.401511,0.108119,0.137660,2.822205,-0.005311,1.083763
6.421764,0.401515,0.107900,0.137942,2.820955,-0.010019,1.084475
6.424543,0.401458,0.107389,0.138496,2.816035,-0.002728,1.084043
6.441168,0.401397,0.106838,0.138955,2.814756,-0.003476,1.080643
6.456025,0.401279,0.106154,0.139611,2.809576,0.004535,1.081733
6.463264,0.401210,0.105456,0.140319,2.804114,0.010940,1.079317
6.473497,0.401168,0.104779,0.140939,2.800433,0.025608,1.074692
6.497691,0.401236,0.103908,0.142036,2.801914,0.026312,1.068845
6.507185,0.401297,0.103604,0.142414,2.798335,0.037474,1.066287
6.511910,0.401424,0.103353,0.142780,2.799357,0.041692,1.063869
6.514302,0.401489,0.103100,0.143212,2.800366,0.041943,1.062200
6.517704,0.401546,0.102898,0.143553,2.799887,0.038957,1.063895
6.520398,0.401641,0.102742,0.143910,2.797956,0.038556,1.067638
6.524571,0.401796,0.102499,0.144279,2.795930,0.037776,1.072527
6.531702,0.401967,0.102179,0.144784,2.792156,0.035258,1.076209
6.533747,0.402203,0.101881,0.145222,2.790032,0.033912,1.079965
6.542304,0.402677,0.101555,0.145805,2.785334,0.034735,1.088747
6.545372,0.403168,0.101259,0.146320,2.782466,0.035580,1.098351
6.554005,0.403692,0.100872,0.146981,2.779211,0.038597,1.105494
6.556040,0.404130,0.100534,0.147497,2.777522,0.039265,1.112275
6.567506,0.404527,0.100180,0.147915,2.776388,0.041048,1.116116
6.570570,0.404658,0.099790,0.148141,2.778672,0.039868,1.112851
6.573901,0.404712,0.099391,0.148298,2.779869,0.037662,1.109376
6.577426,0.404613,0.099054,0.148448,2.780951,0.031562,1.105902
6.580485,0.404597,0.098730,0.148583,2.781244,0.027914,1.103277
6.584102,0.404582,0.098438,0.148741,2.781992,0.026111,1.102002
6.586977,0.404610,0.098198,0.148969,2.781206,0.024707,1.101853
6.590734,0.404670,0.097979,0.149251,2.781032,0.024246,1.100980
6.593924,0.404868,0.098150,0.149530,2.788808,0.015018,1.102904
6.596996,0.404976,0.098319,0.149837,2.796644,0.006281,1.102000
6.600326,0.405115,0.098486,0.150153,2.802642,-0.004951,1.103010
6.604021,0.405257,0.098638,0.150435,2.809628,-0.016863,1.105811
6.607622,0.405424,0.098638,0.150690,2.809448,-0.016138,1.106594
6.611211,0.405500,0.098291,0.150823,2.808356,-0.016260,1.105705
6.614105,0.405651,0.097933,0.150962,2.806021,-0.015339,1.106693
6.617323,0.405744,0.097465,0.151130,2.800361,-0.005310,1.104226
6.620654,0.405827,0.096990,0.151254,2.797790,0.000457,1.101983
6.624173,0.405915,0.096668,0.151396,2.801769,-0.004975,1.101897
6.626858,0.406098,0.096302,0.151663,2.795111,0.006451,1.101562
6.630879,0.406178,0.095828,0.151796,2.793466,0.009342,1.102048
6.634139,0.406299,0.095459,0.151905,2.793274,0.008250,1.103410
6.637550,0.406431,0.095077,0.152065,2.789456,0.012716,1.103408
6.640829,0.406575,0.094658,0.152299,2.785563,0.013786,1.104527
6.644007,0.406625,0.094316,0.152389,2.786518,0.009192,1.104956
6.647622,0.406666,0.094071,0.152571,2.784596,0.010685,1.102735
6.650770,0.406727,0.093832,0.152781,2.784700,0.009041,1.101392
6.654066,0.406875,0.093605,0.152998,2.783533,0.009625,1.102187
6.657752,0.407007,0.093378,0.153200,2.783646,0.007556,1.101356
6.660857,0.407180,0.093172,0.153409,2.781427,0.008367,1.102939
6.663663,0.407356,0.092875,0.153601,2.779335,0.007322,1.101623
6.666950,0.407442,0.092541,0.153898,2.778295,0.004451,1.102232
6.669886,0.407464,0.092369,0.154203,2.781416,-0.008297,1.102053
6.673616,0.407438,0.092232,0.154460,2.786819,-0.019118,1.101608
6.677001,0.407348,0.092033,0.154751,2.788520,-0.020917,1.096885
6.680799,0.407395,0.091769,0.155012,2.791967,-0.031716,1.100563
6.684109,0.407463,0.091436,0.155147,2.790715,-0.031171,1.099749
6.686891,0.407487,0.090986,0.155260,2.787043,-0.022448,1.096828
6.690802,0.407594,0.090505,0.155381,2.783742,-0.022110,1.097159
6.693828,0.407723,0.090239,0.155620,2.781294,-0.021868,1.098211
6.696855,0.407690,0.089927,0.155828,2.782536,-0.019259,1.095532
6.700498,0.407752,0.089863,0.156119,2.782177,-0.020537,1.094831
6.704090,0.407798,0.089614,0.156300,2.785625,-0.028963,1.096503
6.707035,0.407797,0.089517,0.156688,2.780001,-0.011559,1.093932
6.710898,0.407939,0.089201,0.156953,2.783645,-0.021424,1.096783
6.714155,0.408140,0.089188,0.157269,2.781848,-0.021992,1.098266
6.717357,0.408293,0.088981,0.157533,2.789975,-0.030955,1.103481
6.720261,0.408490,0.088972,0.157876,2.790275,-0.032995,1.105567
6.724322,0.408668,0.088532,0.158234,2.794683,-0.050653,1.108620
6.729593,0.408753,0.088067,0.158598,2.795030,-0.049220,1.106832
6.746444,0.408755,0.087441,0.159216,2.795489,-0.046598,1.105468
6.750312,0.408849,0.086766,0.159807,2.792125,-0.043151,1.104853
6.761673,0.408860,0.085813,0.160374,2.785885,-0.029544,1.103366
6.765305,0.408854,0.085051,0.160688,2.782362,-0.016231,1.098684
6.772153,0.408762,0.084247,0.161082,2.776737,-0.006702,1.096162
6.774691,0.408736,0.083457,0.161217,2.770996,0.002326,1.092050
6.784550,0.408613,0.082574,0.161531,2.764510,0.012554,1.084888
6.786837,0.408897,0.081662,0.162350,2.767172,0.000121,1.086221
6.808161,0.409187,0.080870,0.163162,2.769083,-0.011429,1.091163
6.821329,0.409502,0.079943,0.163876,2.768694,-0.013293,1.094293
6.825121,0.409824,0.079091,0.164628,2.768492,-0.017322,1.099128
6.831959,0.410269,0.078312,0.165281,2.768851,-0.019646,1.105041
6.833701,0.410344,0.077770,0.165506,2.765158,-0.010233,1.104923
6.843385,0.410454,0.077065,0.165868,2.760875,-0.002462,1.104821
6.846177,0.410545,0.076224,0.166268,2.760270,-0.000407,1.099768
6.857785,0.410627,0.075354,0.166744,2.758921,0.001439,1.095837
6.867302,0.410613,0.074560,0.167137,2.757201,0.001411,1.091612
6.871859,0.410636,0.073716,0.167516,2.756121,0.002823,1.086338
6.874231,0.410640,0.073013,0.167819,2.756037,0.004198,1.081741
6.878102,0.410700,0.072725,0.168074,2.756105,0.004083,1.081448
6.881684,0.410769,0.072453,0.168227,2.761255,-0.004855,1.080901
6.884994,0.410794,0.072092,0.168416,2.761737,-0.006349,1.078120
6.888346,0.410892,0.071833,0.168583,2.763612,-0.008933,1.077575
6.891649,0.410980,0.071568,0.168696,2.765732,-0.015939,1.076571
6.895099,0.411081,0.071344,0.168809,2.767090,-0.018670,1.076122
6.898127,0.411199,0.071153,0.168925,2.768630,-0.021010,1.077164
6.901700,0.411325,0.071107,0.169011,2.773713,-0.031032,1.080300
6.905152,0.411400,0.070988,0.169077,2.776322,-0.035217,1.077943
6.908201,0.411472,0.070676,0.169129,2.779962,-0.035734,1.078722
6.911796,0.411557,0.070323,0.169327,2.778118,-0.034678,1.078250
6.915618,0.411631,0.069932,0.169533,2.776433,-0.032342,1.077008
6.918191,0.411737,0.069541,0.169728,2.775567,-0.031493,1.076969
6.921144,0.411899,0.068812,0.169936,2.772227,-0.033063,1.080947
6.924747,0.412094,0.068187,0.170212,2.765406,-0.031676,1.082639
6.931100,0.412245,0.067536,0.170312,2.765931,-0.037415,1.086233
6.934493,0.412370,0.066840,0.170450,2.761487,-0.037235,1.087189
6.938146,0.412462,0.066119,0.170584,2.757679,-0.034760,1.086603
6.941280,0.412454,0.065768,0.170696,2.758130,-0.034976,1.085775
6.944361,0.412401,0.065511,0.170756,2.760832,-0.035830,1.084020
6.948049,0.412306,0.065149,0.170883,2.759613,-0.031240,1.081775
6.951913,0.412260,0.064827,0.170975,2.761363,-0.032604,1.081893
6.954687,0.412214,0.064516,0.171109,2.763460,-0.038239,1.082086
6.957807,0.412153,0.064091,0.171267,2.761634,-0.036139,1.081330
6.961928,0.412091,0.063540,0.171381,2.764342,-0.045389,1.080618
6.964910,0.412102,0.063113,0.171469,2.766329,-0.056437,1.080253
6.968125,0.412078,0.062643,0.171605,2.764408,-0.059489,1.079754
6.971628,0.412052,0.062167,0.171715,2.764836,-0.060933,1.076024
6.974785,0.411983,0.061566,0.171783,2.764004,-0.059728,1.073453
6.978345,0.411961,0.061065,0.172005,2.757101,-0.046960,1.072702
6.981628,0.411908,0.060579,0.172209,2.755124,-0.049917,1.075450
6.985528,0.411811,0.060058,0.172327,2.753086,-0.042990,1.072821
6.988952,0.411710,0.059549,0.172459,2.746282,-0.028542,1.073152
6.992468,0.411769,0.059224,0.172665,2.748711,-0.039077,1.075807
6.995016,0.411779,0.058947,0.172778,2.750814,-0.050027,1.077382
6.998498,0.411793,0.058615,0.172874,2.752639,-0.047864,1.073106
7.001965,0.411836,0.058298,0.172937,2.755461,-0.058068,1.072305
7.004479,0.411869,0.057923,0.173026,2.759758,-0.074209,1.072126
7.007723,0.411886,0.057576,0.173190,2.758594,-0.076025,1.073217
7.011181,0.411895,0.057104,0.173271,2.759013,-0.078000,1.072632
7.014719,0.411894,0.056557,0.173341,2.756243,-0.074735,1.072983
7.017642,0.412003,0.056043,0.173551,2.754289,-0.076266,1.076805
7.023687,0.412090,0.055127,0.173934,2.752651,-0.071271,1.077869
7.040449,0.412150,0.054253,0.174190,2.751994,-0.066311,1.076668
7.051025,0.412212,0.053379,0.174506,2.752093,-0.060504,1.077693
7.055025,0.412271,0.052613,0.174900,2.753483,-0.063275,1.079187
7.057865,0.412253,0.051891,0.175227,2.755327,-0.061622,1.079382
7.060190,0.412340,0.051301,0.175420,2.755142,-0.071328,1.082201
7.067998,0.412380,0.050328,0.175688,2.754533,-0.084465,1.085108
7.078938,0.412277,0.048887,0.176151,2.751328,-0.089122,1.084117
7.103361,0.412179,0.047457,0.176567,2.748404,-0.091543,1.082309
7.111447,0.412024,0.045942,0.176988,2.745984,-0.092348,1.080625
7.117629,0.411787,0.044739,0.177329,2.746518,-0.086982,1.077447
7.121145,0.411588,0.043711,0.177580,2.747298,-0.079411,1.070526
7.129825,0.411548,0.043182,0.177769,2.747887,-0.079908,1.068884
7.134062,0.411561,0.042636,0.177948,2.749522,-0.080086,1.070086
7.143726,0.411575,0.041786,0.178167,2.746874,-0.079397,1.070327
7.146260,0.411601,0.040737,0.178392,2.739312,-0.072960,1.064978
7.156718,0.411578,0.039810,0.178575,2.739001,-0.077410,1.066444
7.163577,0.411688,0.038942,0.178683,2.736332,-0.076477,1.066449
7.167141,0.411678,0.037805,0.178777,2.728483,-0.067682,1.064809
7.170902,0.411780,0.037066,0.178828,2.726396,-0.060441,1.059243
7.173855,0.411774,0.036565,0.178801,2.735635,-0.074965,1.065123
7.177359,0.411882,0.036125,0.178896,2.733416,-0.070910,1.061361
7.180943,0.411887,0.035722,0.178938,2.734103,-0.076720,1.059128
7.183963,0.412049,0.035633,0.179021,2.739974,-0.091529,1.060762
7.187185,0.412229,0.035528,0.179135,2.743745,-0.102975,1.064184
7.190448,0.412546,0.035299,0.179284,2.737824,-0.101678,1.063332
7.193369,0.412811,0.035009,0.179452,2.736857,-0.108342,1.072771
7.196822,0.413037,0.034696,0.179610,2.737469,-0.109379,1.076464
7.200121,0.413185,0.034372,0.179732,2.734217,-0.099152,1.075538
7.203855,0.413260,0.033713,0.179811,2.733811,-0.104233,1.081110
7.206890,0.413331,0.033198,0.179972,2.730012,-0.094741,1.084812
7.210667,0.413475,0.032639,0.180048,2.728709,-0.094651,1.086878
7.214425,0.413606,0.032091,0.180173,2.725888,-0.096270,1.090719
7.216975,0.413703,0.031303,0.180200,2.727252,-0.107193,1.089240
7.220160,0.413616,0.030828,0.180311,2.723879,-0.105555,1.087659
7.223494,0.413502,0.030139,0.180353,2.726232,-0.118502,1.083714
7.230483,0.413225,0.029468,0.180411,2.725490,-0.119119,1.075885
7.233945,0.412975,0.028663,0.180379,2.723885,-0.119289,1.069517
7.237167,0.412745,0.028047,0.180453,2.719993,-0.112472,1.070083
7.240588,0.412702,0.027444,0.180529,2.718290,-0.107766,1.061720
7.244182,0.412725,0.027089,0.180679,2.722127,-0.111753,1.063764
7.247558,0.412925,0.026863,0.180857,2.721469,-0.112059,1.067784
7.250791,0.413121,0.026758,0.181060,2.723171,-0.117070,1.071860
7.254198,0.413322,0.026682,0.181246,2.726287,-0.132660,1.076877
7.257193,0.413397,0.026358,0.181292,2.725356,-0.133813,1.082251
7.260233,0.413406,0.025956,0.181292,2.720160,-0.125085,1.079467
7.263457,0.413347,0.025527,0.181303,2.720674,-0.126311,1.077427
7.266682,0.413340,0.025133,0.181375,2.717074,-0.115795,1.073269
7.270535,0.413377,0.024708,0.181498,2.720556,-0.114453,1.071359
7.273559,0.413529,0.024575,0.181665,2.725589,-0.123961,1.073906
7.276743,0.413632,0.024102,0.181691,2.726455,-0.133695,1.075579
7.280129,0.413721,0.023566,0.181691,2.729970,-0.141119,1.072197
7.283770,0.413616,0.023018,0.181685,2.733882,-0.153950,1.074111
7.287196,0.413499,0.022207,0.181602,2.729555,-0.151810,1.068259
7.290641,0.413368,0.021396,0.181524,2.725501,-0.151563,1.063103
7.293449,0.413302,0.020877,0.181571,2.726474,-0.152125,1.066687
7.296693,0.413183,0.020476,0.181606,2.723707,-0.151660,1.069540
7.300222,0.413184,0.020056,0.181637,2.724880,-0.154296,1.069026
7.303532,0.413134,0.019902,0.181704,2.727028,-0.159896,1.073520
7.307694,0.413079,0.019753,0.181763,2.730347,-0.162018,1.075800
7.310618,0.413037,0.019774,0.181834,2.739884,-0.175159,1.073478
7.313963,0.413003,0.019801,0.181892,2.748196,-0.184546,1.075059
7.317476,0.413057,0.019659,0.181900,2.749202,-0.187409,1.078049
7.320880,0.413136,0.019445,0.182006,2.755061,-0.191895,1.078369
7.324335,0.413101,0.018862,0.182191,2.751781,-0.194121,1.077794
7.327454,0.413097,0.018161,0.182368,2.739711,-0.184381,1.075314
7.330776,0.413281,0.017355,0.182578,2.731168,-0.172280,1.077252
7.333903,0.413393,0.016730,0.182840,2.727421,-0.169611,1.076072
7.336657,0.413466,0.016069,0.182967,2.718465,-0.163302,1.075163
7.340506,0.413637,0.015731,0.183090,2.719023,-0.160574,1.076151
7.345611,0.413771,0.015276,0.183164,2.720473,-0.165243,1.078598
7.352388,0.413655,0.014457,0.183344,2.717789,-0.172180,1.076011
7.364862,0.413527,0.013529,0.183549,2.719676,-0.174976,1.071305
7.377739,0.413422,0.012731,0.183833,2.721135,-0.181878,1.070168
7.379364,0.413320,0.011896,0.184032,2.720846,-0.193784,1.069817
7.382694,0.413101,0.011120,0.184292,2.721512,-0.196998,1.066881
7.388904,0.412913,0.010616,0.184325,2.723810,-0.201714,1.063913
7.396438,0.412860,0.010066,0.184408,2.722617,-0.210902,1.065012
7.399855,0.412869,0.009337,0.184512,2.721922,-0.218522,1.064073
7.408391,0.412792,0.008279,0.184724,2.721265,-0.219733,1.062685
7.414332,0.412924,0.007032,0.185058,2.718942,-0.219902,1.064269
7.430794,0.412946,0.005609,0.185606,2.715478,-0.220359,1.066713
7.439737,0.412741,0.004174,0.185959,2.712602,-0.218129,1.065691
7.450269,0.412472,0.002850,0.186242,2.710470,-0.216324,1.064332
7.455053,0.412274,0.001666,0.186486,2.707199,-0.214529,1.061880
7.457592,0.412057,0.000469,0.187000,2.702804,-0.210620,1.061123
7.466196,0.411964,-0.000408,0.187387,2.700447,-0.211630,1.062218
7.477019,0.411800,-0.001424,0.187753,2.698141,-0.210226,1.060689
7.479287,0.411623,-0.002506,0.188093,2.694773,-0.206441,1.059408
7.486971,0.411479,-0.003323,0.188380,2.693912,-0.205978,1.058523
7.490753,0.411225,-0.004025,0.188272,2.695191,-0.208774,1.054515
7.493611,0.410978,-0.004718,0.188180,2.697089,-0.209015,1.049847
7.501354,0.410956,-0.005296,0.188232,2.696414,-0.210894,1.049998
7.504530,0.410955,-0.005787,0.188363,2.696003,-0.214738,1.051163
7.507443,0.410955,-0.006349,0.188539,2.694372,-0.216088,1.053405
7.510779,0.410995,-0.006924,0.188668,2.690620,-0.217595,1.053862
7.514588,0.411009,-0.007490,0.188862,2.685916,-0.220051,1.055283
7.517632,0.410968,-0.007854,0.189035,2.685145,-0.224927,1.057381
7.520710,0.410899,-0.008265,0.189198,2.685343,-0.227127,1.057599
7.524471,0.410803,-0.008735,0.189277,2.685457,-0.229169,1.056197
7.527889,0.410677,-0.009109,0.189443,2.688668,-0.235159,1.056012
7.531191,0.410538,-0.009617,0.189531,2.690373,-0.238484,1.053812
7.534448,0.410394,-0.010181,0.189680,2.690630,-0.238760,1.052317
7.537914,0.410311,-0.010756,0.189743,2.689458,-0.239812,1.049754
7.540975,0.410287,-0.011245,0.189809,2.691411,-0.244425,1.051058
7.544542,0.410287,-0.011708,0.189795,2.691188,-0.245191,1.051528
7.548116,0.410359,-0.012065,0.189777,2.692759,-0.246804,1.053351
7.550699,0.410504,-0.012487,0.189692,2.692645,-0.248798,1.055902
7.554098,0.410622,-0.012834,0.189735,2.694704,-0.252347,1.060749
7.558129,0.410591,-0.013382,0.189987,2.688993,-0.249852,1.061056
7.560960,0.410518,-0.014047,0.190236,2.684718,-0.249959,1.066115
7.563774,0.410435,-0.014683,0.190529,2.681089,-0.251621,1.066827
7.568153,0.410205,-0.015201,0.190855,2.679061,-0.255437,1.067627
7.571445,0.409983,-0.015699,0.191105,2.681744,-0.263683,1.064111
7.574160,0.409808,-0.016159,0.191111,2.683359,-0.270662,1.064656
7.577803,0.409682,-0.016484,0.191183,2.685677,-0.274572,1.061186
7.581114,0.409718,-0.016823,0.191267,2.685022,-0.280757,1.063669
7.584100,0.409842,-0.017169,0.191304,2.688965,-0.285000,1.068053
7.587491,0.409997,-0.017484,0.191349,2.688063,-0.285523,1.075965
7.590760,0.410133,-0.017801,0.191449,2.691154,-0.292930,1.081070
7.594368,0.410092,-0.018313,0.191599,2.692024,-0.295908,1.081472
7.597638,0.409814,-0.018986,0.191704,2.693305,-0.291610,1.077965
7.600874,0.409670,-0.019838,0.191928,2.687799,-0.291647,1.074061
7.604646,0.409498,-0.020760,0.192181,2.681224,-0.291181,1.071097
7.608245,0.409398,-0.021530,0.192441,2.677388,-0.290832,1.069636
7.611208,0.409196,-0.022395,0.192627,2.676090,-0.286050,1.063254
7.614810,0.409008,-0.023190,0.192832,2.674940,-0.283432,1.058998
7.618107,0.408675,-0.024056,0.193006,2.671954,-0.273866,1.052592
7.621098,0.408376,-0.024877,0.193145,2.669532,-0.265542,1.045285
7.624727,0.408165,-0.025678,0.193276,2.666596,-0.257330,1.040738
7.627666,0.408246,-0.026198,0.193324,2.662961,-0.257638,1.044510
7.630922,0.408401,-0.026610,0.193402,2.661997,-0.263396,1.046919
7.634672,0.408547,-0.026825,0.193385,2.665828,-0.276227,1.050067
7.637959,0.408652,-0.027149,0.193426,2.668186,-0.282978,1.053517
7.641306,0.408638,-0.027549,0.193533,2.670711,-0.287450,1.051246
7.644426,0.408579,-0.027932,0.193742,2.673849,-0.294070,1.050668
7.647708,0.408556,-0.028431,0.193973,2.674156,-0.294397,1.052485
7.651070,0.408618,-0.028881,0.194239,2.676624,-0.297547,1.059893
7.654735,0.408754,-0.029217,0.194478,2.676291,-0.301153,1.063516
7.664014,0.408925,-0.030531,0.195136,2.675912,-0.306335,1.067983
7.667521,0.408841,-0.031330,0.195368,2.671805,-0.313897,1.073710
7.674465,0.408285,-0.033344,0.195820,2.665390,-0.296620,1.065575
7.691002,0.407659,-0.035430,0.196267,2.660292,-0.296080,1.052569
7.701390,0.407066,-0.037257,0.196557,2.661974,-0.317998,1.059115
7.716927,0.405827,-0.040915,0.197264,2.654550,-0.328311,1.060515
7.751718,0.405843,-0.045389,0.198903,2.650590,-0.336794,1.054563
7.762501,0.405364,-0.047367,0.199520,2.649413,-0.367041,1.060288
7.782532,0.403286,-0.054169,0.200943,2.642129,-0.376569,1.066896
7.800265,0.402712,-0.057418,0.201604,2.629747,-0.366786,1.057699
7.809686,0.402491,-0.058989,0.201938,2.626184,-0.367967,1.054591
7.813934,0.402252,-0.060300,0.202274,2.621154,-0.362518,1.056495
7.816506,0.402120,-0.061243,0.202562,2.616672,-0.364993,1.059879
7.819900,0.402169,-0.061863,0.202843,2.614006,-0.375119,1.070231
7.823462,0.402315,-0.062200,0.203117,2.612508,-0.377940,1.073464
7.833346,0.402798,-0.063099,0.203965,2.605345,-0.364497,1.069475
7.846752,0.401600,-0.066640,0.204620,2.599976,-0.359787,1.063485
7.850092,0.401318,-0.067694,0.204673,2.594332,-0.345995,1.059181
7.853139,0.401080,-0.068778,0.204707,2.588248,-0.324882,1.041916
7.856764,0.400898,-0.069708,0.204691,2.586086,-0.325865,1.040954
7.863448,0.400703,-0.070837,0.204663,2.586886,-0.338851,1.043752
7.866496,0.400552,-0.071449,0.204724,2.588794,-0.359361,1.052821
7.873120,0.400445,-0.072677,0.204906,2.588957,-0.378418,1.058234
7.876499,0.400391,-0.073166,0.205012,2.589742,-0.400487,1.070463
7.880261,0.400343,-0.073589,0.205155,2.590063,-0.400294,1.071232
7.883329,0.400294,-0.073975,0.205246,2.592709,-0.408057,1.069392
7.893263,0.399627,-0.075199,0.205269,2.632066,-0.449561,1.056554
7.903068,0.398513,-0.075705,0.205326,2.643402,-0.463872,1.053071
7.906776,0.398253,-0.075676,0.205366,2.661992,-0.476564,1.041189
7.923336,0.398201,-0.081755,0.206256,2.590939,-0.451765,1.079313
7.926398,0.398155,-0.082087,0.206244,2.590578,-0.456244,1.078897
7.930138,0.398091,-0.082372,0.206200,2.591162,-0.460349,1.078594
7.933347,0.398020,-0.082983,0.206184,2.589046,-0.465118,1.082521
7.936867,0.397785,-0.083655,0.205998,2.590899,-0.455292,1.078368
7.943321,0.397363,-0.084756,0.205767,2.593997,-0.459420,1.076361
7.946636,0.397161,-0.085259,0.205785,2.597831,-0.464080,1.074124
7.949835,0.396801,-0.086085,0.205981,2.593963,-0.444456,1.057637
7.953752,0.396450,-0.087040,0.206127,2.593449,-0.448961,1.054770
7.960132,0.395654,-0.089065,0.206540,2.591327,-0.440643,1.040332
7.963045,0.395480,-0.090017,0.206550,2.585576,-0.441027,1.045968
7.967064,0.395583,-0.090320,0.206418,2.578634,-0.432232,1.050642
7.970133,0.395705,-0.090470,0.206358,2.585272,-0.462756,1.067349
7.973021,0.396013,-0.090500,0.206130,2.587509,-0.475239,1.072498
7.977028,0.396106,-0.090888,0.206155,2.585394,-0.495387,1.091309
7.980446,0.396231,-0.091175,0.206249,2.585746,-0.494561,1.090620
7.983707,0.396263,-0.091807,0.206313,2.584641,-0.499402,1.092976
7.987136,0.396262,-0.092340,0.206439,2.580570,-0.496284,1.096155
7.990314,0.396275,-0.092662,0.206501,2.577229,-0.492145,1.099434
7.993619,0.396363,-0.092903,0.206519,2.576593,-0.495215,1.101976
8.013336,0.394338,-0.098818,0.207121,2.581445,-0.540197,1.074600
8.023391,0.394708,-0.098843,0.206513,2.579814,-0.550561,1.082792
8.033123,0.394903,-0.099778,0.206221,2.568902,-0.529912,1.068473
8.055045,0.393458,-0.105097,0.206752,2.563982,-0.548420,1.063580
8.068543,0.392637,-0.107674,0.206853,2.554347,-0.562285,1.062426
8.092187,0.390717,-0.114189,0.206045,2.546178,-0.590530,1.066129
8.115602,0.390981,-0.115711,0.205692,2.540887,-0.617039,1.066058
8.127584,0.391069,-0.116746,0.205428,2.540853,-0.656319,1.076312
8.130503,0.391002,-0.117802,0.205394,2.541319,-0.694052,1.089572
8.139080,0.390912,-0.118825,0.205527,2.536286,-0.711486,1.092756
8.140504,0.390772,-0.119820,0.205546,2.532668,-0.717906,1.094277
8.151505,0.390351,-0.121168,0.205610,2.525544,-0.716822,1.089853
8.152970,0.389917,-0.122405,0.205755,2.520076,-0.725839,1.092677
8.161139,0.389519,-0.123494,0.205784,2.514932,-0.725174,1.089064
8.163932,0.388977,-0.124417,0.205778,2.512585,-0.719291,1.084730
8.170877,0.388422,-0.125468,0.205702,2.508426,-0.714746,1.078312
8.174373,0.388047,-0.126104,0.205519,2.508791,-0.720593,1.075988
8.178114,0.387708,-0.126586,0.205508,2.509147,-0.732907,1.074829
8.181663,0.387425,-0.127048,0.205605,2.505993,-0.741974,1.078777
8.184973,0.387197,-0.127511,0.205698,2.505085,-0.751762,1.079255
8.191608,0.386799,-0.128342,0.205945,2.504858,-0.754140,1.079517
8.194698,0.386643,-0.128727,0.205986,2.503190,-0.762204,1.080357
8.198233,0.386463,-0.129102,0.205910,2.503412,-0.766933,1.080534
8.211609,0.385898,-0.130482,0.205191,2.502150,-0.773333,1.078901
8.214815,0.385804,-0.130900,0.205080,2.498896,-0.777381,1.077484
8.225150,0.385472,-0.132721,0.204983,2.494165,-0.783939,1.078619
8.231235,0.385169,-0.134321,0.204872,2.487676,-0.786178,1.075404
8.235195,0.384955,-0.135083,0.204733,2.481285,-0.789445,1.076117
8.238248,0.384844,-0.135688,0.204595,2.478823,-0.790047,1.074389
8.241490,0.384846,-0.136283,0.204624,2.475223,-0.791626,1.077104
8.244185,0.385049,-0.136923,0.204683,2.473706,-0.804911,1.081814
8.248237,0.385283,-0.137264,0.204878,2.469806,-0.821224,1.095104
8.251933,0.385462,-0.137790,0.205188,2.468165,-0.834698,1.099273
8.255341,0.385515,-0.138324,0.205544,2.463892,-0.845980,1.105286
8.258517,0.385343,-0.138778,0.205617,2.462000,-0.847811,1.105333
8.261937,0.385035,-0.139155,0.205472,2.463640,-0.844262,1.101582
8.264855,0.384718,-0.139529,0.205323,2.466763,-0.841706,1.095223
8.268303,0.384404,-0.139884,0.204995,2.469134,-0.836433,1.091440
8.271933,0.384112,-0.140186,0.204594,2.472865,-0.834426,1.084327
8.274983,0.383927,-0.140376,0.204284,2.474758,-0.837718,1.078193
8.282766,0.383313,-0.141379,0.204072,2.470839,-0.842747,1.078664
8.284705,0.383113,-0.141802,0.204106,2.469714,-0.840844,1.074600
8.288235,0.382962,-0.142254,0.204162,2.467419,-0.846948,1.073957
8.291325,0.382872,-0.142840,0.204284,2.462772,-0.848847,1.076653
8.294297,0.382834,-0.143191,0.204437,2.460976,-0.850416,1.078898
8.301253,0.382428,-0.144179,0.204745,2.458756,-0.840936,1.080204
8.304592,0.382093,-0.144837,0.204797,2.457545,-0.834952,1.076930
8.308464,0.381748,-0.145453,0.204747,2.455443,-0.826641,1.072814
8.311705,0.381451,-0.146037,0.204671,2.455670,-0.821642,1.069854
8.314765,0.381529,-0.146515,0.204587,2.451198,-0.830071,1.073396
8.317979,0.381682,-0.146945,0.204524,2.451531,-0.846850,1.072589
8.321790,0.381947,-0.147132,0.204547,2.448407,-0.858823,1.079169
8.325251,0.382240,-0.147268,0.204518,2.449237,-0.876721,1.086907
8.328414,0.382527,-0.147324,0.204477,2.448912,-0.896553,1.092769
8.331512,0.382571,-0.147311,0.204336,2.452718,-0.911567,1.096032
8.335142,0.382546,-0.147315,0.204133,2.455054,-0.917646,1.097392
8.338540,0.382086,-0.147753,0.203810,2.460419,-0.917137,1.090947
8.341154,0.381528,-0.148211,0.203562,2.460906,-0.914176,1.085187
8.344694,0.380874,-0.148813,0.203284,2.463020,-0.902630,1.076680
8.348033,0.380196,-0.149434,0.203069,2.465820,-0.889253,1.065947
8.351387,0.379586,-0.150446,0.203078,2.461712,-0.876886,1.060528
8.354757,0.379383,-0.151192,0.203198,2.454789,-0.876837,1.064836
8.357684,0.379249,-0.151944,0.203322,2.450421,-0.874305,1.066319
8.361155,0.379209,-0.152561,0.203475,2.453599,-0.882094,1.056604
8.364976,0.379115,-0.153378,0.203633,2.447213,-0.884131,1.059685
8.368484,0.379011,-0.154026,0.203691,2.443378,-0.893190,1.064385
8.378014,0.378814,-0.155384,0.203599,2.436550,-0.911177,1.070287
8.398548,0.378614,-0.156765,0.203494,2.427865,-0.929667,1.076920
8.409909,0.378445,-0.158121,0.203246,2.414376,-0.943879,1.094090
8.412697,0.378300,-0.159285,0.202955,2.409987,-0.963360,1.099752
8.416109,0.378080,-0.160304,0.202523,2.407466,-0.981976,1.099111
8.419804,0.377939,-0.160713,0.202158,2.410899,-0.991583,1.094497
8.429427,0.377745,-0.161229,0.201922,2.413109,-1.002077,1.092317
8.437527,0.377376,-0.162192,0.201943,2.407309,-1.010276,1.096884
8.443902,0.376925,-0.163675,0.201712,2.401876,-1.021453,1.097726
8.468016,0.376466,-0.164999,0.201498,2.402256,-1.031170,1.098025
8.475759,0.376036,-0.166122,0.201352,2.401495,-1.039176,1.100045
8.483156,0.375558,-0.167074,0.201082,2.405293,-1.046867,1.098695
8.485329,0.375186,-0.167628,0.200720,2.411301,-1.056298,1.092530
8.490688,0.374874,-0.167673,0.200646,2.419658,-1.062085,1.086412
8.492214,0.374580,-0.167943,0.200573,2.420667,-1.063941,1.081541
8.496348,0.374285,-0.168295,0.200534,2.424393,-1.068012,1.072634
8.504314,0.374106,-0.168671,0.200471,2.420853,-1.073099,1.071542
8.506291,0.373951,-0.169060,0.200410,2.418869,-1.077929,1.072832
8.517100,0.373822,-0.169863,0.200138,2.412166,-1.080616,1.073218
8.520287,0.373772,-0.170484,0.199931,2.407314,-1.086508,1.077011
8.530148,0.373724,-0.171127,0.199685,2.398580,-1.089014,1.083124
8.537078,0.373812,-0.171785,0.199566,2.393494,-1.097170,1.086097
8.541161,0.373948,-0.172410,0.199440,2.388329,-1.107753,1.087660
8.544705,0.374124,-0.172679,0.199482,2.384538,-1.119767,1.093057
8.547991,0.374306,-0.172980,0.199493,2.382003,-1.131320,1.095606
8.551611,0.374600,-0.173320,0.199516,2.380748,-1.151144,1.099711
8.554541,0.374761,-0.173934,0.199479,2.374980,-1.158843,1.102916
8.558013,0.374897,-0.174542,0.199434,2.368005,-1.164446,1.107262
8.561421,0.375044,-0.175143,0.199362,2.366451,-1.179615,1.109659
8.564465,0.375182,-0.175680,0.199281,2.359812,-1.187138,1.114006
8.567772,0.375233,-0.176101,0.199159,2.357949,-1.178593,1.114322
8.570775,0.375291,-0.176050,0.199091,2.361708,-1.193680,1.114771
8.574581,0.375349,-0.176017,0.199063,2.366373,-1.209860,1.116371
8.577580,0.375407,-0.176018,0.199048,2.360232,-1.209360,1.119905
8.580999,0.375425,-0.176203,0.198962,2.363610,-1.226488,1.120108
8.584627,0.375062,-0.176308,0.198808,2.366127,-1.233230,1.117041
8.587408,0.374664,-0.176610,0.198599,2.363099,-1.218282,1.114389
8.591432,0.374348,-0.177026,0.198329,2.361498,-1.203910,1.112617
8.594410,0.374017,-0.177398,0.198030,2.363087,-1.197658,1.111047
8.597965,0.373709,-0.177571,0.197728,2.361261,-1.181305,1.109326
8.601155,0.373744,-0.177852,0.197522,2.354734,-1.185444,1.114827
8.607948,0.373758,-0.178163,0.197274,2.350534,-1.190130,1.118566
8.611228,0.373512,-0.178389,0.197007,2.348031,-1.194261,1.113885
8.614716,0.373258,-0.178586,0.196789,2.347856,-1.197220,1.109011
8.617528,0.373194,-0.178834,0.196754,2.343802,-1.208751,1.108003
8.620918,0.373135,-0.179101,0.196712,2.340701,-1.217090,1.105655
8.624538,0.373110,-0.179329,0.196679,2.340607,-1.223246,1.100862
8.631220,0.373384,-0.179849,0.196681,2.336818,-1.232433,1.104538
8.634569,0.373428,-0.180022,0.196630,2.334073,-1.240009,1.106333
8.641303,0.373438,-0.180265,0.196579,2.333933,-1.237616,1.105391
8.671118,0.370827,-0.177242,0.193218,2.393702,-1.261805,1.035009
8.674471,0.370978,-0.177599,0.193436,2.384049,-1.258701,1.045519
8.677766,0.371071,-0.177845,0.193616,2.378420,-1.256097,1.051239
8.681463,0.371261,-0.178374,0.193844,2.363917,-1.243128,1.071766
8.684550,0.371679,-0.179240,0.194244,2.363271,-1.237582,1.074354
8.697868,0.372122,-0.181241,0.194563,2.353638,-1.228519,1.086442
8.701117,0.371930,-0.181493,0.194642,2.350289,-1.221467,1.086770
8.704657,0.371624,-0.181694,0.194696,2.347306,-1.214925,1.087907
8.714502,0.370973,-0.182579,0.194515,2.346025,-1.215664,1.080853
8.721403,0.370765,-0.183021,0.194325,2.342503,-1.217311,1.078765
8.724170,0.370608,-0.182910,0.194046,2.332741,-1.229435,1.081164
8.733780,0.370509,-0.182706,0.193608,2.327021,-1.245406,1.082855
8.751169,0.370422,-0.182466,0.193187,2.324206,-1.263021,1.081213
8.761377,0.370348,-0.182177,0.192776,2.316610,-1.278508,1.084480
8.765077,0.370301,-0.181902,0.192384,2.315517,-1.296734,1.082866
8.771193,0.370586,-0.181676,0.192068,2.314127,-1.301163,1.084682
8.776472,0.370774,-0.181668,0.191937,2.311417,-1.304741,1.090261
8.785403,0.370976,-0.181646,0.191771,2.306216,-1.307113,1.097956
8.795162,0.371294,-0.181398,0.191416,2.312772,-1.318796,1.100302
8.817661,0.371520,-0.181163,0.191126,2.310183,-1.324236,1.110929
8.826476,0.371738,-0.180950,0.190834,2.313405,-1.330917,1.115006
8.831936,0.371885,-0.180737,0.190581,2.312919,-1.334750,1.123177
8.834941,0.372173,-0.180634,0.190445,2.315644,-1.339307,1.125080
8.838436,0.372149,-0.180681,0.190472,2.307409,-1.343956,1.131933
8.846713,0.372175,-0.180779,0.190465,2.310839,-1.343489,1.126829
8.848486,0.372196,-0.180842,0.190416,2.305578,-1.339583,1.128831
8.858926,0.372299,-0.180889,0.190389,2.309707,-1.339291,1.129468
8.861803,0.372323,-0.180722,0.190324,2.310511,-1.337090,1.131931
8.879533,0.372710,-0.179877,0.190474,2.315983,-1.329509,1.130644
8.883109,0.372698,-0.179505,0.190546,2.318353,-1.331253,1.132738
8.886422,0.372615,-0.179256,0.190550,2.322752,-1.332364,1.132156
8.890028,0.372518,-0.179126,0.190499,2.324778,-1.331850,1.125927
8.893353,0.372541,-0.179058,0.190494,2.325779,-1.332581,1.124418
8.896344,0.372646,-0.179264,0.190573,2.319845,-1.340360,1.124619
8.899927,0.372783,-0.179478,0.190661,2.308688,-1.347377,1.130784
8.902887,0.372694,-0.179495,0.190735,2.314316,-1.351494,1.126256
8.906664,0.372545,-0.179281,0.190744,2.312223,-1.353117,1.126751
8.909556,0.372070,-0.178718,0.190453,2.327413,-1.364898,1.108905
8.913378,0.371517,-0.177953,0.190051,2.329578,-1.358062,1.108678
8.916711,0.371212,-0.177779,0.189939,2.330936,-1.350546,1.109038
8.923394,0.371211,-0.178381,0.189979,2.317235,-1.346976,1.122656
8.926350,0.371686,-0.179141,0.190395,2.309722,-1.361790,1.128014
8.929855,0.372160,-0.179871,0.190838,2.285531,-1.367144,1.153591
8.933481,0.372335,-0.179995,0.190975,2.281793,-1.381069,1.157184
8.936400,0.372483,-0.179987,0.191090,2.277920,-1.390429,1.160889
8.943311,0.372482,-0.179896,0.191166,2.278886,-1.411251,1.157019
9.115353,0.369437,-0.175952,0.186662,2.336320,-1.393026,1.102502
9.116875,0.369627,-0.176663,0.186985,2.325814,-1.393593,1.111832
9.142684,0.369718,-0.177186,0.187171,2.316307,-1.396241,1.118743
9.151783,0.369891,-0.178076,0.187509,2.299350,-1.404125,1.131166
9.155807,0.370003,-0.178660,0.187751,2.287295,-1.404432,1.142374
9.160671,0.369907,-0.178326,0.187467,2.300768,-1.399422,1.134352
9.162969,0.369688,-0.177680,0.186953,2.302423,-1.400505,1.133055
9.170515,0.369424,-0.176616,0.186313,2.310520,-1.398452,1.128680
9.201671,0.368433,-0.176826,0.185581,2.362134,-1.345094,1.074288
9.205513,0.368563,-0.176592,0.185372,2.357572,-1.355914,1.079106
9.211657,0.368685,-0.176397,0.185217,2.363198,-1.364917,1.072123
9.215609,0.368879,-0.175971,0.184786,2.358029,-1.384235,1.074855
9.219114,0.369043,-0.175635,0.184334,2.354019,-1.393981,1.076710
9.222066,0.368873,-0.175512,0.184028,2.355912,-1.393025,1.065589
9.225748,0.368602,-0.175401,0.183704,2.356903,-1.392121,1.056306
9.232149,0.367880,-0.175319,0.183238,2.364400,-1.389663,1.051638
9.235544,0.367930,-0.175262,0.183371,2.363790,-1.377881,1.055181
9.239011,0.368184,-0.175233,0.183577,2.365667,-1.377352,1.056685
9.241802,0.368545,-0.175085,0.183877,2.382913,-1.377604,1.050645
9.245472,0.369000,-0.174969,0.184221,2.383557,-1.388838,1.059909
9.248393,0.369342,-0.174835,0.184525,2.370534,-1.384158,1.071916
9.252254,0.369210,-0.174485,0.184250,2.389413,-1.390261,1.053238
9.255368,0.369078,-0.174134,0.183974,2.393611,-1.392191,1.047767
9.258895,0.368929,-0.173952,0.183638,2.382305,-1.390846,1.058693
9.261612,0.368950,-0.173919,0.183365,2.380816,-1.375580,1.062591
9.265007,0.368948,-0.174014,0.183056,2.381815,-1.378618,1.065417
9.268624,0.368857,-0.174391,0.183251,2.370811,-1.367218,1.077143
9.272341,0.368746,-0.174764,0.183439,2.370317,-1.358688,1.079675
9.275886,0.368636,-0.175055,0.183561,2.362566,-1.358916,1.083696
9.278677,0.368059,-0.174499,0.183259,2.372771,-1.370842,1.065353
9.281877,0.367505,-0.173816,0.182994,2.381790,-1.378185,1.054100
9.285149,0.367512,-0.174173,0.183031,2.369166,-1.387070,1.064819
9.288838,0.367565,-0.174541,0.183083,2.355153,-1.396249,1.075462
9.291874,0.367795,-0.174953,0.183254,2.346084,-1.412260,1.090453
9.295541,0.368482,-0.176083,0.183790,2.326771,-1.420155,1.116982
9.301968,0.369442,-0.177078,0.184244,2.309820,-1.427405,1.134647
9.304843,0.369680,-0.176964,0.184154,2.304996,-1.444901,1.140748
9.311674,0.369260,-0.177139,0.183923,2.301566,-1.457400,1.142167
9.315648,0.368803,-0.177246,0.183743,2.303036,-1.452154,1.135646
9.322460,0.368102,-0.177700,0.183687,2.306838,-1.452734,1.129833
9.325645,0.367965,-0.177717,0.183640,2.297952,-1.445343,1.133110
9.328771,0.367830,-0.177712,0.183626,2.298558,-1.443346,1.129124
9.332140,0.367881,-0.177604,0.183698,2.300341,-1.451278,1.131162
9.335534,0.367983,-0.177489,0.183741,2.303581,-1.445841,1.130887
9.339251,0.367971,-0.177342,0.183646,2.299699,-1.444583,1.132494
9.342492,0.367957,-0.177201,0.183540,2.307827,-1.442507,1.127618
9.345672,0.367951,-0.177010,0.183324,2.314955,-1.433680,1.126700
9.352416,0.367914,-0.176776,0.182659,2.319099,-1.418585,1.124960
9.355712,0.367901,-0.176669,0.182449,2.319760,-1.418208,1.124791
9.359260,0.367873,-0.176572,0.182279,2.325811,-1.407034,1.119687
9.362249,0.367769,-0.176470,0.182185,2.326280,-1.406538,1.120387
9.365745,0.367583,-0.176394,0.182153,2.326262,-1.405958,1.115410
9.368767,0.367414,-0.176300,0.182079,2.327856,-1.405011,1.109183
9.371815,0.367435,-0.176298,0.181965,2.324170,-1.401198,1.115935
9.375637,0.367470,-0.176288,0.181810,2.322249,-1.399004,1.118634
9.378905,0.367575,-0.176325,0.181672,2.324505,-1.397498,1.112942
9.382342,0.367575,-0.176279,0.181550,2.316646,-1.391819,1.125730
9.385043,0.367577,-0.176244,0.181431,2.317866,-1.389550,1.125789
9.388835,0.367440,-0.176130,0.181369,2.325311,-1.389370,1.114233
9.392109,0.367308,-0.176017,0.181305,2.329253,-1.386988,1.110076
9.395586,0.367190,-0.175904,0.181239,2.329128,-1.385702,1.112819
9.398185,0.367236,-0.175888,0.181177,2.338945,-1.387389,1.100621
9.401821,0.367264,-0.175877,0.181149,2.338304,-1.386522,1.102522
9.405612,0.367297,-0.175877,0.181119,2.338222,-1.385276,1.103830
9.409056,0.367306,-0.175930,0.181125,2.338604,-1.383807,1.103111
9.412066,0.367254,-0.176099,0.181109,2.332367,-1.377024,1.112288
9.415296,0.367262,-0.176294,0.181129,2.328471,-1.376201,1.112379
9.419081,0.367213,-0.176439,0.181108,2.325856,-1.376037,1.113501
9.421813,0.367204,-0.176584,0.181104,2.324058,-1.375161,1.115613
9.425254,0.367140,-0.176706,0.181040,2.319632,-1.378013,1.119259
9.429018,0.366974,-0.176684,0.180944,2.325005,-1.382535,1.108717
9.435009,0.366593,-0.176593,0.180757,2.325887,-1.387323,1.108274
9.451387,0.366244,-0.176597,0.180595,2.326544,-1.392145,1.107236
9.465243,0.365868,-0.176591,0.180386,2.325219,-1.399107,1.105736
9.469051,0.365555,-0.176550,0.180133,2.328358,-1.402862,1.103444
9.479574,0.365394,-0.176546,0.179927,2.329789,-1.408378,1.103270
9.492075,0.365360,-0.176637,0.179752,2.320809,-1.404540,1.121344
9.495927,0.365242,-0.176672,0.179541,2.323641,-1.404600,1.117091
9.509692,0.365140,-0.176661,0.179317,2.326377,-1.405150,1.114446
9.530286,0.365069,-0.176683,0.179158,2.327949,-1.407623,1.112965
9.532850,0.365095,-0.176992,0.179061,2.316236,-1.405230,1.122043
9.536562,0.365138,-0.177256,0.179003,2.318625,-1.405116,1.113535
9.544947,0.365116,-0.177380,0.178945,2.317679,-1.404545,1.114774
9.546866,0.365035,-0.177541,0.178927,2.317210,-1.403499,1.113716
9.559577,0.364861,-0.177693,0.178875,2.318045,-1.400058,1.110522
9.561058,0.364618,-0.177544,0.178680,2.332009,-1.402811,1.098137
9.574522,0.364368,-0.177469,0.178451,2.342174,-1.406845,1.085338
9.580025,0.364285,-0.177565,0.178279,2.334323,-1.404516,1.094093
9.584614,0.364379,-0.177856,0.178103,2.335888,-1.405738,1.093164
9.588132,0.364488,-0.178149,0.177882,2.328444,-1.404424,1.101798
9.591419,0.364624,-0.178488,0.177772,2.320413,-1.402619,1.109235
9.595056,0.364707,-0.178735,0.177671,2.312684,-1.400613,1.118180
9.597985,0.364756,-0.178898,0.177598,2.320325,-1.404373,1.109115
9.601846,0.364654,-0.178882,0.177557,2.310737,-1.402544,1.118640
9.605328,0.364691,-0.178955,0.177609,2.307999,-1.404904,1.121463
9.611524,0.364679,-0.179103,0.177694,2.304188,-1.405123,1.123555
9.615102,0.364704,-0.179304,0.177741,2.301833,-1.405790,1.124113
9.621150,0.364650,-0.179548,0.177684,2.294636,-1.405191,1.131154
9.625025,0.364582,-0.179532,0.177522,2.302269,-1.408464,1.123130
9.631452,0.364355,-0.178956,0.177217,2.310330,-1.411949,1.113679
9.634569,0.364274,-0.178641,0.177046,2.319592,-1.416666,1.104837
9.641976,0.364169,-0.178129,0.176850,2.326590,-1.420372,1.098502
9.645005,0.364255,-0.178099,0.176690,2.336282,-1.422975,1.089373
9.651864,0.364363,-0.177784,0.176412,2.339051,-1.423214,1.087586
9.654684,0.364427,-0.177634,0.176324,2.341976,-1.421657,1.085773
9.661695,0.364482,-0.177493,0.176280,2.338446,-1.415546,1.090803
9.664627,0.364618,-0.177765,0.176278,2.335780,-1.410026,1.093191
9.671531,0.364821,-0.178345,0.176248,2.328161,-1.404299,1.098424
9.674916,0.364871,-0.178620,0.176211,2.321625,-1.398131,1.102494
9.681820,0.364782,-0.178748,0.176129,2.316866,-1.394015,1.104927
9.685080,0.364717,-0.178719,0.176082,2.315528,-1.392713,1.103550
9.691781,0.364638,-0.178739,0.176101,2.314199,-1.392293,1.102070
9.694873,0.364621,-0.178633,0.176117,2.317734,-1.393495,1.100330
9.697478,0.364596,-0.178545,0.176149,2.320861,-1.394783,1.098639
9.701394,0.364561,-0.178453,0.176179,2.316539,-1.393412,1.102933
9.704673,0.364467,-0.178144,0.176133,2.325739,-1.399634,1.095435
9.708201,0.364372,-0.177836,0.176087,2.335566,-1.404818,1.088628
9.711437,0.364289,-0.177640,0.176025,2.331205,-1.402781,1.091732
9.714489,0.364201,-0.177404,0.175911,2.337378,-1.406245,1.086769
9.718192,0.364123,-0.177173,0.175799,2.348172,-1.412547,1.077607
9.721549,0.364146,-0.177162,0.175728,2.345345,-1.410207,1.081069
9.725018,0.364170,-0.177150,0.175656,2.347910,-1.410695,1.079043
9.731209,0.364174,-0.177205,0.175576,2.348606,-1.410878,1.079871
9.734276,0.364330,-0.177502,0.175588,2.349831,-1.410651,1.079179
9.737867,0.364451,-0.177746,0.175599,2.341069,-1.405302,1.088219
9.741010,0.364570,-0.178001,0.175605,2.335758,-1.403150,1.091255
9.744509,0.364678,-0.178202,0.175583,2.324783,-1.399227,1.098963
9.748623,0.364866,-0.178543,0.175585,2.324396,-1.399981,1.098924
9.751721,0.364868,-0.178603,0.175535,2.312299,-1.397049,1.108791
9.754570,0.364898,-0.178686,0.175428,2.310191,-1.398685,1.109924
9.758108,0.364906,-0.178751,0.175319,2.308395,-1.399238,1.113505
9.761210,0.364880,-0.178787,0.175233,2.307221,-1.398395,1.115831
9.764536,0.364844,-0.178757,0.175157,2.318018,-1.403539,1.107216
9.767759,0.364787,-0.178653,0.175105,2.319576,-1.402701,1.107653
9.771497,0.364768,-0.178591,0.175109,2.320684,-1.401554,1.104839
9.774716,0.364790,-0.178551,0.175044,2.320881,-1.400968,1.104763
9.778404,0.364928,-0.178529,0.174909,2.316549,-1.400297,1.111338
9.784273,0.365078,-0.178560,0.174685,2.296112,-1.390378,1.121142
9.813816,0.365504,-0.178656,0.174191,2.290845,-1.388496,1.127438
9.818622,0.365674,-0.178643,0.174012,2.286907,-1.386287,1.135222
9.823173,0.365760,-0.178545,0.173805,2.286974,-1.386490,1.135343
9.828520,0.365833,-0.178434,0.173648,2.288114,-1.387458,1.134706
9.838357,0.365831,-0.178437,0.173429,2.292130,-1.392302,1.137752
9.848508,0.365839,-0.178448,0.173213,2.288546,-1.393932,1.134502
9.870832,0.365845,-0.178638,0.172949,2.287678,-1.396271,1.134422
9.872827,0.365838,-0.178920,0.172818,2.278132,-1.394786,1.136699
9.885247,0.365813,-0.179226,0.172707,2.273630,-1.392742,1.135249
9.887651,0.365797,-0.179402,0.172678,2.270849,-1.390621,1.135222
9.891161,0.365773,-0.179598,0.172661,2.270736,-1.388869,1.136496
9.894932,0.365730,-0.179666,0.172652,2.266237,-1.383722,1.133097
9.897568,0.365702,-0.179716,0.172610,2.267275,-1.380456,1.132435
9.907687,0.365719,-0.179767,0.172591,2.268832,-1.380045,1.133801
9.919673,0.365747,-0.179760,0.172588,2.268462,-1.375893,1.132355
9.922250,0.365772,-0.179755,0.172590,2.269179,-1.372893,1.131484
9.930069,0.365824,-0.179722,0.172648,2.269462,-1.373107,1.134592
9.932320,0.365865,-0.179708,0.172720,2.269722,-1.372825,1.137162
9.939681,0.365870,-0.179692,0.172768,2.265424,-1.370991,1.135477
9.943751,0.365861,-0.179756,0.172791,2.263369,-1.372618,1.137325
9.950072,0.365843,-0.179874,0.172790,2.260434,-1.373577,1.137225
9.953702,0.365828,-0.179892,0.172768,2.260864,-1.374440,1.136016
9.960489,0.365727,-0.179801,0.172793,2.260157,-1.372816,1.132671
9.963286,0.365651,-0.179682,0.172818,2.262977,-1.373048,1.132154
9.966985,0.365584,-0.179554,0.172870,2.265667,-1.373366,1.130644
9.970294,0.365531,-0.179441,0.172915,2.267294,-1.375130,1.129924
9.973646,0.365468,-0.179312,0.172931,2.268108,-1.375148,1.127475
9.980832,0.365444,-0.179304,0.172922,2.268676,-1.374325,1.124996
9.983568,0.365409,-0.179340,0.172907,2.267878,-1.373894,1.123755
9.987805,0.365374,-0.179375,0.172891,2.269175,-1.371953,1.122416
9.990570,0.365241,-0.179489,0.172804,2.268944,-1.366090,1.117096
9.994087,0.365112,-0.179592,0.172730,2.269270,-1.364274,1.115402
9.997201,0.365005,-0.179692,0.172644,2.269374,-1.366003,1.115284
10.003748,0.364827,-0.179842,0.172503,2.271382,-1.363141,1.114204
10.007315,0.364863,-0.179827,0.172561,2.283431,-1.385982,1.107176
10.013707,0.365081,-0.179204,0.172967,2.292292,-1.387135,1.104985
10.020635,0.364795,-0.178277,0.173226,2.308620,-1.390347,1.091188
10.023695,0.364531,-0.177788,0.173250,2.326785,-1.393403,1.078555
10.027022,0.364209,-0.177642,0.173118,2.333129,-1.402802,1.070478
10.030606,0.363987,-0.177624,0.172975,2.336274,-1.382310,1.062908
10.033846,0.363881,-0.177717,0.172841,2.339663,-1.384642,1.058346
10.036765,0.364147,-0.177954,0.172914,2.331165,-1.389830,1.064781
10.040653,0.364477,-0.178255,0.172987,2.327257,-1.406345,1.071690
10.043542,0.364827,-0.178531,0.173044,2.327519,-1.407715,1.073174
10.047438,0.365042,-0.178669,0.173099,2.318739,-1.414830,1.081077
10.050619,0.365135,-0.178770,0.173077,2.319859,-1.415849,1.079317
10.053648,0.365095,-0.178801,0.172936,2.322803,-1.406511,1.079510
10.056758,0.365083,-0.178771,0.172773,2.318545,-1.390472,1.079882
10.060469,0.365042,-0.178703,0.172602,2.315569,-1.381992,1.083587
10.063827,0.365006,-0.178679,0.172453,2.317942,-1.376430,1.080385
10.067209,0.365082,-0.178702,0.172405,2.314521,-1.375533,1.083670
10.070438,0.365143,-0.178738,0.172392,2.308967,-1.372316,1.089536
10.073337,0.365118,-0.178797,0.172455,2.311353,-1.369235,1.086748
10.077034,0.365073,-0.178877,0.172562,2.317785,-1.366966,1.080113
10.080582,0.365046,-0.178935,0.172691,2.314432,-1.356604,1.083938
10.083585,0.365042,-0.178948,0.172817,2.316444,-1.349602,1.083457
10.087287,0.365052,-0.178848,0.172859,2.324608,-1.355721,1.076239
10.090498,0.365014,-0.178646,0.172820,2.327054,-1.350973,1.073654
10.094637,0.364978,-0.178482,0.172741,2.331054,-1.346681,1.070512
10.097474,0.365045,-0.178492,0.172905,2.336316,-1.345595,1.068041
10.101661,0.365133,-0.178572,0.173049,2.336362,-1.343071,1.067800
10.117163,0.365287,-0.178686,0.173083,2.336764,-1.332941,1.066149
10.119514,0.365485,-0.178874,0.173141,2.336840,-1.328156,1.067441
10.131395,0.365721,-0.178978,0.173178,2.333208,-1.323280,1.075494
10.135040,0.365896,-0.178752,0.172988,2.337399,-1.321845,1.073957
10.136964,0.366032,-0.178486,0.172799,2.342513,-1.320776,1.073372
10.140972,0.366091,-0.178302,0.172811,2.344802,-1.319971,1.074040
10.150648,0.366240,-0.178256,0.172855,2.342671,-1.317845,1.079291
10.151808,0.366340,-0.178316,0.172938,2.341435,-1.316867,1.078131
10.163797,0.366374,-0.178509,0.172961,2.335630,-1.315825,1.078794
10.165782,0.366488,-0.178510,0.172902,2.335145,-1.314507,1.077163
10.187604,0.366576,-0.178408,0.172852,2.330923,-1.312104,1.079962
10.198012,0.366689,-0.178235,0.172734,2.335482,-1.315842,1.073783
10.202960,0.366859,-0.178005,0.172633,2.336455,-1.318143,1.073846
10.205221,0.367057,-0.177806,0.172557,2.335870,-1.318124,1.079124
10.209454,0.367150,-0.177814,0.172544,2.330817,-1.319159,1.082614
10.212360,0.367266,-0.177930,0.172510,2.330160,-1.320457,1.080904
10.221229,0.367222,-0.177970,0.172528,2.322475,-1.315384,1.085419
10.232850,0.367065,-0.178029,0.172550,2.330748,-1.315860,1.072614
10.242691,0.366918,-0.178067,0.172559,2.334698,-1.312879,1.061732
10.246071,0.366800,-0.178095,0.172585,2.334979,-1.306590,1.057072
10.251922,0.366736,-0.178237,0.172617,2.343948,-1.305235,1.045832
10.256203,0.366548,-0.178144,0.172650,2.342892,-1.300661,1.044515
10.259858,0.366489,-0.178044,0.172680,2.342063,-1.298374,1.042762
10.262363,0.366431,-0.177945,0.172711,2.347159,-1.300102,1.037549
10.266158,0.366516,-0.178177,0.172835,2.344761,-1.299927,1.039135
10.269468,0.366598,-0.178316,0.172965,2.332372,-1.292907,1.050489
10.272622,0.366852,-0.178724,0.173066,2.332325,-1.292555,1.049361
10.276076,0.367093,-0.179084,0.173088,2.321365,-1.286530,1.060019
10.279660,0.367562,-0.178942,0.173367,2.321145,-1.304791,1.066201
10.282714,0.367888,-0.178469,0.173551,2.331449,-1.325771,1.061301
10.286295,0.368157,-0.177976,0.173737,2.341706,-1.348004,1.054391
10.296007,0.368331,-0.177456,0.173953,2.348712,-1.348213,1.046229
10.300109,0.367984,-0.178040,0.173767,2.367709,-1.332501,1.022862
10.303284,0.367612,-0.178742,0.173748,2.369269,-1.296400,1.012450
10.306143,0.367349,-0.179398,0.173534,2.366679,-1.260857,1.004503
10.309871,0.367191,-0.180069,0.173356,2.365678,-1.229527,1.001803
10.313017,0.367347,-0.180336,0.173286,2.362898,-1.230397,1.002961
10.319676,0.367627,-0.180155,0.172592,2.349781,-1.247569,1.016502
10.322790,0.367708,-0.179998,0.172260,2.348449,-1.248952,1.019924
10.326275,0.367691,-0.179722,0.171964,2.346465,-1.265587,1.023237
10.329770,0.367603,-0.179483,0.171774,2.341434,-1.278788,1.023061
10.333050,0.367641,-0.179371,0.171705,2.342966,-1.280305,1.020415
10.336181,0.367806,-0.179299,0.171818,2.340957,-1.292656,1.023329
10.339722,0.367960,-0.179248,0.171979,2.333774,-1.316980,1.026019
10.342794,0.368134,-0.179243,0.172041,2.333587,-1.316256,1.025157
10.345835,0.368129,-0.179281,0.172038,2.331814,-1.329625,1.026365
10.349714,0.368138,-0.179363,0.172141,2.347394,-1.314918,1.013013
10.352646,0.367991,-0.179435,0.172134,2.348956,-1.314180,1.010917
10.356102,0.368015,-0.179472,0.172063,2.349016,-1.315945,1.011599
10.362394,0.368285,-0.179550,0.172079,2.353588,-1.343458,1.014210
10.373004,0.369029,-0.178649,0.172297,2.361308,-1.357300,1.013487
10.376745,0.369212,-0.178216,0.172453,2.347312,-1.376251,1.026618
10.379290,0.369101,-0.178100,0.172298,2.351844,-1.396583,1.028574
10.383161,0.368972,-0.178022,0.172106,2.354612,-1.389125,1.026518
10.386817,0.368717,-0.178383,0.171679,2.350083,-1.366704,1.025378
10.389377,0.368412,-0.178808,0.171360,2.358847,-1.329259,1.011315
10.391963,0.368237,-0.179333,0.171111,2.362395,-1.319527,1.010090
10.395699,0.368338,-0.179533,0.171184,2.362651,-1.282346,1.004956
10.399310,0.368432,-0.179719,0.171292,2.375590,-1.265812,0.991775
10.403092,0.368547,-0.179887,0.171405,2.379600,-1.254921,0.990850
10.405371,0.368706,-0.180016,0.171406,2.370743,-1.258325,1.001819
10.412675,0.368665,-0.180049,0.171365,2.371051,-1.255416,1.000322
10.430305,0.368619,-0.180092,0.171333,2.372076,-1.255424,0.999241
10.438656,0.368582,-0.180120,0.171330,2.364162,-1.256720,1.008738
10.445400,0.368544,-0.180165,0.171363,2.366136,-1.252802,1.006525
10.450843,0.368552,-0.180114,0.171529,2.366661,-1.251326,1.007004
10.454064,0.368591,-0.180096,0.171609,2.366541,-1.250855,1.008015
10.463879,0.368638,-0.180052,0.171728,2.366267,-1.250512,1.010641
10.466462,0.368667,-0.180068,0.171752,2.364584,-1.254293,1.013674
10.513697,0.368735,-0.179975,0.171900,2.365174,-1.254882,1.013091
10.519133,0.368790,-0.180050,0.172023,2.362431,-1.256612,1.017969
10.525825,0.368864,-0.180102,0.172106,2.355959,-1.262455,1.027202
10.529898,0.368807,-0.180143,0.172221,2.357850,-1.259616,1.025919
10.539253,0.368663,-0.180144,0.172299,2.351310,-1.272666,1.031251
10.552668,0.368395,-0.179695,0.172159,2.341049,-1.289342,1.040634
10.561847,0.368205,-0.179473,0.172057,2.330511,-1.296614,1.051547
10.565390,0.368145,-0.179281,0.171921,2.328525,-1.306370,1.048848
10.568707,0.368190,-0.179128,0.171812,2.317996,-1.321894,1.055579
10.571653,0.368168,-0.179163,0.171861,2.311190,-1.318074,1.062886
10.575303,0.368116,-0.179163,0.171924,2.311775,-1.315119,1.062357
10.578656,0.368067,-0.179162,0.171977,2.317312,-1.317473,1.051965
10.582086,0.368129,-0.179151,0.172017,2.316462,-1.316822,1.054198
10.585220,0.368218,-0.179095,0.172088,2.317867,-1.317807,1.054558
10.588771,0.368332,-0.179026,0.172125,2.325551,-1.320035,1.048062
10.592039,0.368480,-0.178988,0.172142,2.325131,-1.321247,1.049637
10.595531,0.368600,-0.178954,0.172153,2.325565,-1.325438,1.050919
10.598742,0.368617,-0.178907,0.172165,2.328017,-1.325054,1.048780
10.602085,0.368669,-0.178932,0.172162,2.327519,-1.322743,1.049766
10.605352,0.368712,-0.179070,0.172170,2.327839,-1.322691,1.048852
10.608690,0.368799,-0.179254,0.172185,2.333791,-1.310285,1.045957
10.612027,0.369025,-0.179448,0.172202,2.333514,-1.307605,1.046991
10.615297,0.369184,-0.179541,0.172232,2.334671,-1.306656,1.049482
10.618669,0.369354,-0.179632,0.172277,2.336264,-1.305789,1.047838
10.622007,0.369428,-0.179627,0.172355,2.338806,-1.296730,1.050726
10.625136,0.369509,-0.179595,0.172455,2.334365,-1.307038,1.051966
10.628113,0.369474,-0.179555,0.172568,2.335285,-1.305629,1.051703
10.631741,0.369505,-0.179622,0.172667,2.333920,-1.304571,1.051952
10.634811,0.369461,-0.179679,0.172767,2.334086,-1.302843,1.052160
10.638603,0.369585,-0.179740,0.172841,2.331737,-1.308146,1.052106
10.642304,0.369679,-0.179779,0.172882,2.331283,-1.305150,1.054575
10.644911,0.369816,-0.179919,0.172898,2.331566,-1.304396,1.057223
10.649070,0.369979,-0.180128,0.173051,2.335109,-1.294110,1.056648
10.651878,0.370160,-0.180335,0.173180,2.336941,-1.285835,1.058157
10.655305,0.370250,-0.180515,0.173284,2.340081,-1.277289,1.056720
10.659046,0.370335,-0.180705,0.173402,2.340499,-1.276907,1.058602
10.662166,0.370375,-0.180810,0.173568,2.342487,-1.267339,1.056716
10.665493,0.370389,-0.180839,0.173597,2.342570,-1.267075,1.056516
10.668539,0.370383,-0.180850,0.173640,2.342850,-1.267834,1.057021
10.671948,0.370397,-0.180867,0.173690,2.342555,-1.268482,1.057540
10.675283,0.370395,-0.180880,0.173735,2.346305,-1.261633,1.054845
10.682095,0.370303,-0.180828,0.173797,2.343821,-1.270294,1.054290
10.685681,0.370130,-0.180741,0.173748,2.346162,-1.280739,1.048751
10.691807,0.369641,-0.180298,0.173725,2.349009,-1.290042,1.043601
10.694974,0.369394,-0.180102,0.173711,2.351401,-1.299692,1.038847
10.698787,0.369204,-0.180015,0.173755,2.349944,-1.310940,1.035717
10.702204,0.369049,-0.179977,0.173846,2.353216,-1.315022,1.032389
10.705576,0.368961,-0.180076,0.173906,2.352601,-1.316313,1.032047
10.708469,0.368892,-0.180208,0.174015,2.350127,-1.317980,1.033480
10.712294,0.368852,-0.180350,0.174125,2.348682,-1.320124,1.034116
10.715571,0.368858,-0.180503,0.174220,2.346792,-1.320159,1.035272
10.718967,0.368930,-0.180667,0.174323,2.344170,-1.319598,1.037828
10.722239,0.368980,-0.180889,0.174475,2.347022,-1.312943,1.037929
10.725728,0.369017,-0.181070,0.174562,2.347540,-1.319565,1.038191
10.749791,0.368929,-0.181179,0.174770,2.341617,-1.325171,1.043268
10.761281,0.368797,-0.181161,0.174841,2.351692,-1.313640,1.034723
10.763456,0.368690,-0.181009,0.174917,2.354824,-1.319837,1.030946
10.766168,0.368637,-0.180870,0.175009,2.346563,-1.325749,1.038869
10.774095,0.368691,-0.180861,0.175079,2.341540,-1.317715,1.043058
10.807270,0.370087,-0.181590,0.175683,2.342654,-1.308100,1.043107
10.821459,0.370176,-0.181720,0.175907,2.336872,-1.314442,1.047087
10.824394,0.370153,-0.181764,0.176100,2.337926,-1.303527,1.046172
10.828477,0.370201,-0.181792,0.176228,2.334951,-1.304824,1.051065
10.835590,0.370270,-0.181808,0.176345,2.334839,-1.304374,1.052194
10.838316,0.370345,-0.181792,0.176397,2.334544,-1.306185,1.053491
10.849005,0.370239,-0.181791,0.176462,2.336564,-1.306185,1.052644
10.851166,0.370110,-0.181774,0.176614,2.336735,-1.304363,1.051675
10.858735,0.369787,-0.181735,0.176795,2.346378,-1.296908,1.037428
10.862091,0.369418,-0.181613,0.177052,2.345607,-1.304573,1.040822
10.868186,0.369068,-0.181503,0.177307,2.354110,-1.299997,1.032256
10.872285,0.369020,-0.181408,0.177471,2.354864,-1.298191,1.032985
10.875789,0.369004,-0.181277,0.177530,2.348939,-1.311839,1.044539
10.879266,0.369063,-0.181014,0.177463,2.350212,-1.313466,1.045678
10.882265,0.369150,-0.180808,0.177329,2.355405,-1.316612,1.039780
10.885830,0.369288,-0.180499,0.177118,2.351066,-1.329682,1.045079
10.892326,0.369573,-0.179843,0.176713,2.347088,-1.344547,1.050421
10.895594,0.369630,-0.179637,0.176644,2.351985,-1.346175,1.044117
10.899311,0.369684,-0.179454,0.176565,2.354646,-1.362799,1.035550
10.901941,0.369732,-0.179518,0.176620,2.352064,-1.359554,1.036691
10.905631,0.369785,-0.179641,0.176726,2.350456,-1.359795,1.037282
10.909129,0.369823,-0.179778,0.176820,2.347680,-1.358333,1.039274
10.912672,0.369874,-0.179957,0.176961,2.345028,-1.355169,1.040596
10.915998,0.369948,-0.180141,0.177111,2.335506,-1.349999,1.056102
10.919267,0.369991,-0.180185,0.177207,2.336485,-1.350719,1.056269
10.923118,0.370114,-0.180310,0.177230,2.327926,-1.345667,1.065407
10.925517,0.370256,-0.180441,0.177259,2.325189,-1.342542,1.068170
10.928962,0.370307,-0.180409,0.177273,2.327288,-1.341720,1.067491
10.932694,0.370338,-0.180360,0.177278,2.329463,-1.341279,1.065183
10.935094,0.370360,-0.180311,0.177284,2.331176,-1.340485,1.063512
10.938515,0.370418,-0.180322,0.177302,2.335408,-1.341035,1.062003
10.942336,0.370496,-0.180346,0.177345,2.332896,-1.339891,1.063262
10.945619,0.370695,-0.180502,0.177420,2.327160,-1.339013,1.070589
10.949058,0.370921,-0.180688,0.177524,2.319742,-1.336647,1.081699
10.951878,0.371142,-0.180868,0.177629,2.309433,-1.333185,1.091590
10.955606,0.371229,-0.180982,0.177710,2.310100,-1.335203,1.088380
10.958935,0.371191,-0.180912,0.177792,2.307394,-1.335783,1.093729
10.962459,0.371269,-0.180758,0.177925,2.312952,-1.338835,1.086552
10.965493,0.371051,-0.180479,0.177931,2.314307,-1.348869,1.083591
10.969134,0.371046,-0.180310,0.178040,2.323775,-1.354038,1.074064
10.972536,0.370884,-0.180019,0.178134,2.320598,-1.352313,1.078249
10.975684,0.370971,-0.179948,0.178241,2.327736,-1.355023,1.070070
10.978835,0.370867,-0.179969,0.178236,2.324756,-1.353760,1.075819
10.982780,0.371064,-0.180108,0.178337,2.327067,-1.345383,1.073175
10.985754,0.371087,-0.180185,0.178332,2.324946,-1.342402,1.079157
10.988935,0.371326,-0.180464,0.178426,2.333318,-1.335041,1.074363
10.992439,0.371418,-0.180693,0.178486,2.336446,-1.325191,1.075857
10.995925,0.371491,-0.180890,0.178561,2.339443,-1.315853,1.068641
10.998923,0.371528,-0.181063,0.178636,2.344130,-1.306622,1.065746
11.002330,0.371531,-0.181187,0.178697,2.347924,-1.297700,1.060747
11.005726,0.371431,-0.181034,0.178691,2.344755,-1.305882,1.059428
11.009282,0.371337,-0.180876,0.178673,2.346268,-1.306997,1.055600
11.012559,0.371326,-0.180763,0.178650,2.347051,-1.308392,1.058471
11.019092,0.371373,-0.180506,0.178839,2.348554,-1.305499,1.057504
11.022261,0.371491,-0.180325,0.179058,2.347162,-1.328076,1.062500
11.025838,0.371616,-0.180123,0.179227,2.350649,-1.324887,1.063335
11.029105,0.371715,-0.179913,0.179389,2.347058,-1.330651,1.066363
11.032454,0.371983,-0.179797,0.179525,2.342890,-1.346402,1.072295
11.035630,0.372182,-0.179684,0.179607,2.336370,-1.366153,1.079323
11.038825,0.372290,-0.179700,0.179589,2.336318,-1.348398,1.079656
11.044887,0.372365,-0.179698,0.179578,2.335521,-1.349174,1.081146
11.056149,0.372428,-0.179707,0.179591,2.336800,-1.350900,1.084161
11.065727,0.372319,-0.179671,0.179526,2.338029,-1.341138,1.082237
11.075398,0.372202,-0.179688,0.179437,2.338349,-1.332349,1.079204
11.079816,0.372197,-0.179729,0.179368,2.335629,-1.335881,1.078084
11.083730,0.372227,-0.179724,0.179392,2.333698,-1.339857,1.078761
11.085606,0.372198,-0.179640,0.179443,2.335318,-1.341595,1.076264
11.091435,0.372028,-0.179555,0.179583,2.336858,-1.341780,1.071691
11.099195,0.371857,-0.179488,0.179714,2.337105,-1.340787,1.067083
11.102294,0.371771,-0.179431,0.179844,2.336830,-1.336020,1.065935
11.112091,0.371693,-0.179396,0.179930,2.337571,-1.328534,1.057994
11.142051,0.371938,-0.179141,0.179950,2.334787,-1.321350,1.054931
11.151748,0.372158,-0.178907,0.179917,2.334007,-1.315876,1.054606
11.156074,0.372467,-0.178814,0.179935,2.327885,-1.306572,1.063162
11.159606,0.372745,-0.178801,0.179987,2.321653,-1.301604,1.068680
11.168031,0.372980,-0.178560,0.180091,2.321527,-1.318002,1.074434
11.178582,0.372993,-0.178135,0.180175,2.322984,-1.320259,1.073582
11.181017,0.373006,-0.177711,0.180259,2.325667,-1.323854,1.070649
11.191579,0.373007,-0.177030,0.180549,2.332524,-1.345629,1.067196
11.201882,0.373076,-0.176316,0.180838,2.340220,-1.366009,1.060790
11.205737,0.373091,-0.175975,0.180994,2.340115,-1.364801,1.061819
11.208708,0.373061,-0.175869,0.181150,2.341157,-1.363271,1.058999
11.212552,0.373031,-0.175763,0.181306,2.339186,-1.359004,1.061289
11.216103,0.373019,-0.175617,0.181511,2.339775,-1.355543,1.059390
11.219008,0.373026,-0.175434,0.181754,2.340381,-1.355731,1.059619
11.222804,0.373095,-0.175178,0.182052,2.341598,-1.358486,1.058626
11.226094,0.373268,-0.174883,0.182494,2.339649,-1.372230,1.063649
11.229326,0.373431,-0.174563,0.182986,2.340346,-1.389398,1.064907
11.232394,0.373348,-0.174380,0.183174,2.343421,-1.392530,1.061459
11.235561,0.373178,-0.174226,0.183363,2.339278,-1.380241,1.060869
11.238925,0.372983,-0.174102,0.183610,2.340360,-1.376613,1.058157
11.242649,0.372912,-0.174019,0.183806,2.342246,-1.375619,1.056287
11.245834,0.372836,-0.173962,0.184005,2.337036,-1.356714,1.056785
11.249041,0.372796,-0.173795,0.184287,2.337534,-1.354357,1.057626
11.252369,0.372784,-0.173665,0.184513,2.344502,-1.361384,1.054931
11.255692,0.372779,-0.173578,0.184700,2.335449,-1.347531,1.063593
11.259116,0.372831,-0.173438,0.185006,2.336062,-1.344205,1.064962
11.262638,0.372899,-0.173299,0.185261,2.341699,-1.356893,1.066180
11.266011,0.373047,-0.173291,0.185495,2.329811,-1.339655,1.075235
11.269210,0.373209,-0.173551,0.185873,2.325712,-1.339326,1.082259
11.272609,0.373441,-0.173805,0.186223,2.321691,-1.334937,1.087254
11.275365,0.373570,-0.174310,0.186441,2.309695,-1.320225,1.095143
11.282691,0.373637,-0.175348,0.186716,2.299784,-1.299767,1.098298
11.289078,0.373522,-0.175663,0.186545,2.300278,-1.298967,1.099499
11.291981,0.373489,-0.175591,0.186556,2.293194,-1.281132,1.101217
11.295644,0.373396,-0.175508,0.186752,2.293048,-1.276777,1.096983
11.298509,0.373370,-0.175397,0.187033,2.293042,-1.273396,1.096431
11.301690,0.373341,-0.175242,0.187410,2.291609,-1.279597,1.102821
11.305816,0.373194,-0.175163,0.187936,2.289196,-1.279022,1.103572
11.309319,0.373046,-0.175031,0.188443,2.288041,-1.274100,1.103809
11.312443,0.372977,-0.174786,0.188590,2.292568,-1.271933,1.103757
11.316099,0.372920,-0.174506,0.188756,2.297046,-1.271566,1.100945
11.318969,0.372853,-0.174208,0.188922,2.300263,-1.266643,1.095895
11.322526,0.372905,-0.173914,0.188834,2.306253,-1.262060,1.092322
11.326240,0.372972,-0.173749,0.188921,2.308176,-1.263538,1.092958
11.328819,0.373111,-0.173756,0.189366,2.305558,-1.261212,1.099062
11.332729,0.373261,-0.173840,0.189803,2.299308,-1.254668,1.109910
11.335665,0.373418,-0.174038,0.190254,2.296907,-1.252918,1.115466
11.339192,0.373539,-0.174216,0.190705,2.292472,-1.246527,1.122955
11.342803,0.373641,-0.174302,0.190923,2.290472,-1.243284,1.127884
11.345776,0.373692,-0.174312,0.191016,2.290940,-1.242590,1.126632
11.362558,0.372467,-0.173091,0.191743,2.338515,-1.272159,1.052705
11.365987,0.372398,-0.172821,0.191619,2.339878,-1.279426,1.052317
11.368954,0.372168,-0.172416,0.191410,2.348541,-1.292556,1.037675
11.372526,0.371893,-0.171840,0.191100,2.352007,-1.289540,1.034938
11.376159,0.371968,-0.171494,0.191147,2.348890,-1.307138,1.042196
11.382666,0.372367,-0.171285,0.191516,2.348678,-1.308644,1.049895
11.386212,0.372892,-0.171475,0.191900,2.346909,-1.305176,1.053341
11.392928,0.373454,-0.171818,0.192582,2.335489,-1.297302,1.076566
11.394764,0.373752,-0.172142,0.193290,2.338046,-1.293542,1.078042
11.412707,0.373886,-0.172582,0.193986,2.329472,-1.282556,1.087676
11.422090,0.374082,-0.173051,0.194727,2.326355,-1.270866,1.086497
11.427129,0.374150,-0.173495,0.195485,2.325006,-1.262845,1.089169
11.430555,0.374238,-0.173870,0.196108,2.323121,-1.247665,1.086647
11.434406,0.374350,-0.174195,0.196599,2.327098,-1.245334,1.078127
11.481666,0.374476,-0.174506,0.198491,2.335006,-1.246874,1.067509
11.494702,0.374404,-0.174496,0.199037,2.338727,-1.246937,1.061519
11.497496,0.374298,-0.174403,0.199439,2.338315,-1.245962,1.061121
11.503815,0.374432,-0.174333,0.199762,2.345421,-1.250006,1.054277
11.507894,0.374488,-0.174544,0.200175,2.338532,-1.245646,1.061544
11.521118,0.374549,-0.174794,0.200601,2.330847,-1.240883,1.068915
11.531994,0.374621,-0.174975,0.200984,2.324346,-1.237046,1.076055
11.544782,0.374631,-0.175189,0.201486,2.321892,-1.234707,1.075264
11.546591,0.374438,-0.175320,0.201994,2.313664,-1.230399,1.081351
11.554195,0.374466,-0.175348,0.202367,2.312234,-1.236897,1.082925
11.558052,0.374533,-0.175324,0.202745,2.310641,-1.243798,1.084997
11.561039,0.374622,-0.175310,0.203101,2.308581,-1.250652,1.088182
11.564374,0.374761,-0.175204,0.203352,2.307556,-1.259815,1.091774
11.567623,0.374898,-0.175100,0.203539,2.306770,-1.269325,1.095934
11.570625,0.374810,-0.175034,0.203600,2.306430,-1.265755,1.096252
11.574238,0.374675,-0.174972,0.203630,2.307369,-1.262316,1.095139
11.577952,0.374567,-0.174866,0.203643,2.310141,-1.259497,1.092411
11.580347,0.374417,-0.174801,0.203619,2.310911,-1.254629,1.092782
11.584595,0.374220,-0.174724,0.203584,2.311972,-1.244298,1.087926
11.587847,0.374143,-0.174636,0.203540,2.314402,-1.239894,1.086620
11.590768,0.374074,-0.174550,0.203500,2.314455,-1.236321,1.089742
11.594289,0.373962,-0.174511,0.203472,2.314519,-1.231404,1.087533
11.597621,0.373885,-0.174452,0.203468,2.315630,-1.226806,1.084570
11.600732,0.373889,-0.174412,0.203560,2.315798,-1.231219,1.087565
11.604473,0.373910,-0.174370,0.203716,2.314591,-1.237011,1.090236
11.610845,0.373989,-0.174409,0.204111,2.312674,-1.235640,1.089282
11.614828,0.373998,-0.174514,0.204340,2.310387,-1.237013,1.094037
11.617787,0.374018,-0.174624,0.204500,2.307508,-1.237906,1.097828
11.621491,0.373999,-0.174724,0.204575,2.305286,-1.235396,1.101862
11.624092,0.374077,-0.174769,0.204615,2.305053,-1.229247,1.100523
11.627430,0.374208,-0.174653,0.204657,2.305695,-1.233264,1.102533
11.631506,0.374364,-0.174521,0.204681,2.305403,-1.235790,1.105539
11.633961,0.374408,-0.174371,0.204672,2.306121,-1.238798,1.106969
11.638109,0.374424,-0.174214,0.204686,2.307331,-1.238154,1.104622
11.640697,0.374305,-0.174094,0.204776,2.306368,-1.241847,1.106207
11.644393,0.374165,-0.174012,0.204852,2.307802,-1.239483,1.103974
11.648227,0.374062,-0.173950,0.204934,2.309046,-1.237845,1.101250
11.651039,0.374090,-0.173862,0.204994,2.308308,-1.236065,1.100766
11.654644,0.374179,-0.173796,0.205049,2.309384,-1.237410,1.100313
11.658192,0.374287,-0.173712,0.205056,2.311612,-1.236244,1.099117
11.661026,0.374380,-0.173671,0.205046,2.311419,-1.236429,1.098155
11.664388,0.374430,-0.173625,0.205038,2.311380,-1.236721,1.097015
11.671255,0.374391,-0.173579,0.205166,2.312607,-1.236125,1.094648
11.674612,0.374312,-0.173568,0.205227,2.310698,-1.236173,1.093854
11.678019,0.374274,-0.173502,0.205315,2.309288,-1.236014,1.093310
11.681169,0.374200,-0.173440,0.205419,2.311301,-1.244568,1.093476
11.684816,0.374172,-0.173401,0.205522,2.310354,-1.243597,1.092114
11.688025,0.374132,-0.173355,0.205604,2.308760,-1.244770,1.092445
11.691073,0.374037,-0.173267,0.205643,2.312945,-1.246225,1.088230
11.694538,0.373890,-0.173219,0.205637,2.313853,-1.242149,1.085431
11.698122,0.373765,-0.173178,0.205641,2.312202,-1.229632,1.081634
11.700970,0.373606,-0.173084,0.205643,2.313386,-1.225015,1.079523
11.704784,0.373523,-0.173000,0.205648,2.314777,-1.221944,1.076347
11.707478,0.373540,-0.172951,0.205704,2.312319,-1.215923,1.076968
11.711398,0.373581,-0.172782,0.205820,2.313541,-1.220107,1.076258
11.714923,0.373642,-0.172611,0.205928,2.318451,-1.219106,1.073943
11.717634,0.373710,-0.172538,0.206048,2.317077,-1.219755,1.075246
11.721699,0.373733,-0.172552,0.206140,2.317564,-1.220882,1.075709
11.724810,0.373748,-0.172562,0.206230,2.316149,-1.219549,1.076626
11.728147,0.373744,-0.172700,0.206260,2.312710,-1.213763,1.078614
11.733654,0.373719,-0.172812,0.206255,2.305639,-1.209478,1.081161
11.744611,0.373583,-0.172493,0.206176,2.310385,-1.201420,1.077441
11.754195,0.373453,-0.172038,0.206146,2.318492,-1.201519,1.072577
11.756184,0.373312,-0.171599,0.206106,2.322096,-1.194455,1.070098
11.765527,0.373182,-0.171164,0.206068,2.326418,-1.181692,1.064687
11.769847,0.373068,-0.170749,0.206033,2.337001,-1.189595,1.060420
11.773445,0.373057,-0.170699,0.206047,2.335854,-1.188434,1.060833
11.776160,0.373047,-0.170703,0.206062,2.329768,-1.175543,1.063533
11.782997,0.373053,-0.170723,0.206107,2.330663,-1.174495,1.063653
11.786251,0.372965,-0.170706,0.206291,2.328241,-1.182214,1.067889
11.796347,0.372540,-0.170588,0.206374,2.325923,-1.160159,1.064624
11.811012,0.372114,-0.170455,0.206462,2.330713,-1.149823,1.058974
11.821720,0.371701,-0.170314,0.206532,2.335019,-1.137511,1.053045
11.830393,0.371281,-0.170157,0.206579,2.337347,-1.124141,1.047767
11.834943,0.370956,-0.170025,0.206492,2.343428,-1.109002,1.039918
11.838447,0.370968,-0.170002,0.206546,2.342976,-1.105970,1.039087
11.846763,0.371024,-0.170017,0.206602,2.339824,-1.101426,1.041368
11.848083,0.371203,-0.170053,0.206637,2.339732,-1.100316,1.041540
11.857581,0.371373,-0.170023,0.206680,2.338114,-1.099639,1.042881
11.860489,0.371539,-0.170033,0.206704,2.336614,-1.098388,1.044568
11.868424,0.371680,-0.169985,0.206687,2.335888,-1.096746,1.045824
11.871852,0.371685,-0.169765,0.206548,2.340038,-1.097798,1.041182
11.878267,0.371560,-0.169520,0.206432,2.341553,-1.097183,1.038781
11.882101,0.371450,-0.169339,0.206289,2.345557,-1.097273,1.034553
11.885672,0.371361,-0.169155,0.206157,2.347000,-1.096409,1.032533
11.888562,0.371299,-0.169011,0.206026,2.348874,-1.096460,1.031234
11.891780,0.371320,-0.168991,0.206006,2.349779,-1.095552,1.031081
11.895387,0.371274,-0.168956,0.205962,2.350077,-1.095050,1.032448
11.898398,0.371214,-0.168934,0.205924,2.349578,-1.093598,1.032986
11.901478,0.371138,-0.168881,0.205880,2.351497,-1.092890,1.031127
11.905058,0.371055,-0.168826,0.205834,2.353089,-1.092294,1.029846
11.908188,0.370975,-0.168808,0.205780,2.352352,-1.091729,1.030382
11.911715,0.370960,-0.168812,0.205755,2.352249,-1.091438,1.029005
11.914987,0.370936,-0.168799,0.205729,2.352867,-1.091853,1.029267
11.918273,0.370900,-0.168744,0.205698,2.353888,-1.092730,1.028941
11.921904,0.370856,-0.168674,0.205637,2.354159,-1.093661,1.029043
11.925836,0.370804,-0.168599,0.205578,2.355132,-1.095496,1.028339
11.928609,0.370742,-0.168535,0.205505,2.355785,-1.096923,1.028324
11.931993,0.370687,-0.168467,0.205415,2.356791,-1.097702,1.026752
11.934902,0.370636,-0.168463,0.205300,2.357100,-1.099219,1.027033
11.938839,0.370601,-0.168484,0.205213,2.357706,-1.099890,1.026208
11.942192,0.370573,-0.168509,0.205136,2.357805,-1.100188,1.025952
11.945319,0.370544,-0.168548,0.205059,2.358582,-1.100747,1.025452
11.948727,0.370519,-0.168619,0.205009,2.358106,-1.101921,1.026100
11.952122,0.370495,-0.168702,0.204984,2.356593,-1.100932,1.025812
11.955499,0.370463,-0.168794,0.204952,2.355527,-1.100413,1.026622
11.958546,0.370462,-0.168869,0.204865,2.354782,-1.100048,1.027374
11.962099,0.370468,-0.168937,0.204762,2.353385,-1.099427,1.028428
11.965135,0.370460,-0.168982,0.204651,2.352951,-1.099641,1.028753
11.968495,0.370452,-0.169032,0.204527,2.353555,-1.099406,1.027131
11.971782,0.370474,-0.169043,0.204361,2.353092,-1.099473,1.027172
11.975308,0.370484,-0.169073,0.204248,2.352740,-1.100014,1.028259
11.978737,0.370500,-0.169081,0.204164,2.352197,-1.100905,1.028739
11.982135,0.370536,-0.169101,0.204078,2.351455,-1.100904,1.029983
11.985489,0.370591,-0.169085,0.204018,2.350405,-1.102185,1.034046
11.988837,0.370645,-0.169075,0.203968,2.350366,-1.104105,1.035222
11.992297,0.370679,-0.169069,0.203908,2.350093,-1.105443,1.035838
11.995481,0.370704,-0.169071,0.203824,2.350627,-1.107080,1.035775
11.998394,0.370693,-0.169061,0.203719,2.350900,-1.108752,1.034866
12.001896,0.370668,-0.169049,0.203614,2.350732,-1.110132,1.033576
12.005455,0.370624,-0.169068,0.203534,2.351274,-1.111123,1.033027
12.008848,0.370580,-0.169068,0.203434,2.352550,-1.111050,1.031662
12.012365,0.370531,-0.169045,0.203306,2.353404,-1.112024,1.031035
12.015174,0.370505,-0.169024,0.203198,2.354380,-1.113318,1.031577
12.018507,0.370495,-0.168995,0.203067,2.356310,-1.114071,1.031095
12.022382,0.370459,-0.168957,0.202977,2.357137,-1.115512,1.031459
12.025608,0.370453,-0.168916,0.202891,2.357751,-1.116782,1.030506
12.028321,0.370492,-0.168878,0.202800,2.358226,-1.118276,1.032463
12.031977,0.370542,-0.168843,0.202717,2.358305,-1.120204,1.034712
12.037289,0.370409,-0.168769,0.202602,2.357995,-1.124353,1.034720
12.043860,0.370394,-0.168534,0.202205,2.360372,-1.129282,1.035827
12.058333,0.370259,-0.168245,0.201724,2.364272,-1.136748,1.035560
12.071755,0.370050,-0.167915,0.201191,2.369943,-1.142455,1.031262
12.081832,0.369855,-0.167539,0.200649,2.375290,-1.144749,1.026175
12.084209,0.369835,-0.167254,0.200146,2.381750,-1.146876,1.024554
12.093208,0.369756,-0.167113,0.199798,2.381289,-1.147195,1.024525
12.095115,0.369591,-0.166975,0.199407,2.380746,-1.147559,1.024593
12.117673,0.369479,-0.166885,0.199105,2.377565,-1.147844,1.026512
12.129980,0.369340,-0.166865,0.198828,2.375944,-1.152011,1.027206
12.132515,0.369282,-0.166943,0.198599,2.370449,-1.154421,1.031195
12.135741,0.369190,-0.167034,0.198475,2.369526,-1.156868,1.031115
12.142377,0.369199,-0.166862,0.198280,2.372049,-1.161134,1.031064
12.145204,0.369199,-0.166695,0.198110,2.376125,-1.165180,1.030480
12.153869,0.369192,-0.166529,0.197983,2.378167,-1.166783,1.033171
12.157072,0.369076,-0.166251,0.197868,2.381562,-1.166401,1.032869
12.164629,0.368898,-0.165958,0.197733,2.387367,-1.157226,1.026429
12.168715,0.368834,-0.165901,0.197762,2.387989,-1.156932,1.027332
12.171631,0.368769,-0.165849,0.197788,2.385497,-1.156054,1.030050
12.178418,0.368702,-0.165849,0.197756,2.384740,-1.156946,1.030226
12.181920,0.368617,-0.165812,0.197679,2.383381,-1.158512,1.030106
12.184966,0.368571,-0.165786,0.197613,2.379689,-1.168807,1.035542
12.188812,0.368484,-0.165870,0.197600,2.375447,-1.166813,1.036641
12.192092,0.368427,-0.166087,0.197655,2.371875,-1.164797,1.037019
12.195506,0.368396,-0.166230,0.197711,2.367250,-1.162292,1.038789
12.198862,0.368406,-0.166378,0.197765,2.365111,-1.161559,1.039660
12.202197,0.368390,-0.166509,0.197789,2.362691,-1.159610,1.040269
12.205241,0.368351,-0.166646,0.197822,2.362150,-1.156882,1.040209
12.208065,0.368246,-0.166620,0.197732,2.362795,-1.154360,1.039377
12.211909,0.368166,-0.166639,0.197701,2.364161,-1.151245,1.037676
12.215456,0.368052,-0.166742,0.197855,2.361123,-1.147453,1.039729
12.218325,0.367980,-0.166877,0.198067,2.358760,-1.143119,1.042098
12.222438,0.367933,-0.166981,0.198275,2.355305,-1.139238,1.045342
12.225091,0.367923,-0.167064,0.198533,2.352847,-1.136799,1.048519
12.229127,0.367885,-0.167063,0.198748,2.359405,-1.139004,1.045010
12.232363,0.367745,-0.166802,0.198808,2.359505,-1.137621,1.046989
12.235351,0.367838,-0.166623,0.198903,2.367340,-1.140985,1.042284
12.238766,0.367831,-0.166365,0.198849,2.367504,-1.153756,1.043756
12.245297,0.367829,-0.166211,0.198781,2.370586,-1.152800,1.040557
12.248854,0.367813,-0.166089,0.198693,2.364406,-1.147557,1.044447
12.252133,0.367944,-0.166116,0.198601,2.369008,-1.147035,1.038919
12.255209,0.368076,-0.166076,0.198536,2.361256,-1.155183,1.044068
12.258868,0.368333,-0.166108,0.198646,2.360780,-1.154987,1.043472
12.261733,0.368590,-0.166056,0.198794,2.357011,-1.169574,1.047385
12.264601,0.368790,-0.166010,0.198980,2.353543,-1.181879,1.048165
12.268317,0.368978,-0.165993,0.199144,2.348748,-1.194302,1.050791
12.271541,0.368964,-0.165894,0.199240,2.348752,-1.196913,1.050970
12.275146,0.368928,-0.165789,0.199315,2.349018,-1.198298,1.050323
12.278428,0.368869,-0.165713,0.199384,2.349368,-1.197373,1.048703
12.281879,0.368874,-0.165610,0.199445,2.348891,-1.199535,1.050471
12.284530,0.368858,-0.165555,0.199727,2.347005,-1.199575,1.053559
12.288627,0.368817,-0.165558,0.199995,2.343730,-1.200518,1.057811
12.291598,0.368794,-0.165439,0.200081,2.343385,-1.199957,1.057306
12.295455,0.368792,-0.165324,0.200155,2.343679,-1.199895,1.057665
12.298370,0.368800,-0.165191,0.200244,2.343924,-1.199328,1.058177
12.301755,0.368852,-0.165023,0.200152,2.346099,-1.200767,1.055453
12.304677,0.368881,-0.164858,0.200099,2.348222,-1.198997,1.051287
12.308385,0.368880,-0.164835,0.200250,2.347485,-1.199522,1.052008
12.311413,0.368854,-0.164800,0.200427,2.345638,-1.199267,1.051950
12.314679,0.368825,-0.164773,0.200577,2.344691,-1.198735,1.050789
12.318174,0.368799,-0.164698,0.200713,2.343688,-1.197576,1.051297
12.321494,0.368791,-0.164566,0.200877,2.344094,-1.196213,1.050845
12.325345,0.368759,-0.164419,0.201036,2.345005,-1.191500,1.049653
12.328713,0.368754,-0.164263,0.201179,2.345599,-1.187803,1.048939
12.331869,0.368815,-0.164047,0.201374,2.345817,-1.187354,1.050256
12.335328,0.368879,-0.163824,0.201574,2.346471,-1.185965,1.050036
12.338650,0.368983,-0.163678,0.201996,2.343438,-1.186502,1.055683
12.341995,0.369138,-0.163403,0.202460,2.341519,-1.187192,1.057382
12.348314,0.369307,-0.163009,0.202980,2.341773,-1.176804,1.057078
12.369238,0.369432,-0.162124,0.204335,2.344894,-1.145078,1.048555
12.381148,0.369125,-0.161413,0.204738,2.345310,-1.134302,1.048061
12.384025,0.368774,-0.160692,0.205129,2.351746,-1.102438,1.032694
12.390929,0.368350,-0.160104,0.205451,2.354684,-1.070430,1.022204
12.393432,0.368073,-0.159371,0.205749,2.359527,-1.044958,1.012501
12.401948,0.367645,-0.158039,0.206326,2.359625,-1.043917,1.012686
12.424025,0.367725,-0.156778,0.207168,2.367700,-1.022271,1.000739
12.438385,0.367539,-0.155436,0.208058,2.356553,-1.032286,1.016687
12.440877,0.367219,-0.154034,0.209119,2.363124,-1.025084,1.016104
12.444326,0.366778,-0.152606,0.210143,2.365009,-1.021016,1.016700
12.453227,0.366371,-0.151671,0.210849,2.369874,-1.011158,1.016002
12.464393,0.365803,-0.150543,0.211509,2.370026,-0.996370,1.016758
12.466935,0.365464,-0.149527,0.212304,2.384321,-0.968500,1.001786
12.477472,0.365299,-0.148561,0.212998,2.383673,-0.958765,1.002466
12.483829,0.365078,-0.147727,0.213709,2.383704,-0.953353,1.002236
12.487516,0.364799,-0.146794,0.214401,2.384470,-0.945311,1.000292
12.491184,0.364563,-0.146116,0.214887,2.384428,-0.942666,0.999772
12.494175,0.364553,-0.145216,0.215348,2.388436,-0.954186,1.001948
12.496886,0.364561,-0.144227,0.215869,2.391723,-0.966389,1.004341
12.500943,0.364676,-0.143252,0.216343,2.396573,-0.976279,1.008683
12.504131,0.364835,-0.142612,0.216869,2.397939,-0.985592,1.014311
12.507829,0.364964,-0.142085,0.217590,2.396379,-0.982911,1.016279
12.510712,0.364836,-0.141741,0.218171,2.390189,-0.982797,1.024707
12.514326,0.364729,-0.141248,0.218768,2.389183,-0.980263,1.029131
12.517444,0.364538,-0.140763,0.219318,2.389017,-0.976003,1.030696
12.521313,0.364341,-0.140254,0.219818,2.388241,-0.968685,1.031831
12.524244,0.364020,-0.139937,0.220180,2.388321,-0.963434,1.032707
12.527625,0.363680,-0.139894,0.220751,2.386921,-0.942421,1.026683
12.531131,0.363481,-0.140155,0.221346,2.375609,-0.924549,1.029719
12.534225,0.363355,-0.140345,0.222366,2.368532,-0.925761,1.035297
12.538094,0.363607,-0.140615,0.223808,2.350583,-0.941833,1.052465
12.541028,0.363987,-0.140627,0.225240,2.336010,-0.967605,1.073310
12.544506,0.363956,-0.139494,0.225608,2.344407,-0.983589,1.073260
12.547549,0.363760,-0.138312,0.225806,2.356248,-1.000170,1.068369
12.550964,0.363502,-0.137292,0.225658,2.348693,-1.006144,1.076316
12.554094,0.362776,-0.135947,0.225035,2.369352,-0.989345,1.056086
12.556944,0.361959,-0.134487,0.224423,2.388606,-0.973487,1.036051
12.560288,0.361635,-0.134021,0.224652,2.388678,-0.964451,1.032155
12.564095,0.361224,-0.133505,0.224870,2.390726,-0.952291,1.025166
12.566526,0.360973,-0.133139,0.224948,2.405499,-0.936483,1.007478
12.570860,0.360803,-0.132887,0.225030,2.407079,-0.933011,1.004200
12.597274,0.361187,-0.133631,0.234388,2.331209,-0.906838,1.052946
12.603679,0.360630,-0.131664,0.232652,2.337979,-0.903723,1.050567
12.607454,0.360203,-0.130588,0.231854,2.341918,-0.895492,1.043080
12.610544,0.359900,-0.129340,0.231227,2.355741,-0.884272,1.028493
12.613910,0.359862,-0.128114,0.230576,2.361545,-0.900856,1.031441
12.617540,0.359829,-0.127734,0.230826,2.358126,-0.892715,1.038057
12.620545,0.359933,-0.127272,0.231166,2.357514,-0.884834,1.037713
12.623859,0.359929,-0.126704,0.231524,2.356880,-0.882906,1.043321
12.630570,0.360001,-0.125647,0.232116,2.359130,-0.884838,1.048980
12.633579,0.360358,-0.124814,0.232541,2.359139,-0.877248,1.050202
12.637025,0.360531,-0.124027,0.232956,2.357007,-0.882425,1.059692
12.640836,0.360738,-0.123267,0.233315,2.355776,-0.880257,1.063040
12.648253,0.360728,-0.121800,0.234270,2.359762,-0.859850,1.058015
12.665449,0.360606,-0.120544,0.235091,2.361125,-0.822458,1.043904
12.679607,0.360432,-0.119069,0.235448,2.365776,-0.810009,1.044322
12.683419,0.360556,-0.117593,0.235842,2.368024,-0.787305,1.041308
12.689875,0.360721,-0.116083,0.236383,2.371790,-0.776430,1.043747
12.692640,0.361548,-0.114767,0.236724,2.372399,-0.791664,1.061689
12.696119,0.362431,-0.113302,0.237113,2.370972,-0.809198,1.082001
12.706106,0.363285,-0.111293,0.237732,2.374840,-0.802668,1.088208
12.729473,0.364066,-0.109215,0.238248,2.378900,-0.795911,1.092062
12.738707,0.364796,-0.107258,0.238577,2.386113,-0.792613,1.094989
12.742909,0.364940,-0.105775,0.238513,2.387474,-0.766551,1.087040
12.747178,0.365031,-0.104529,0.238418,2.391150,-0.742488,1.079935
12.749569,0.364923,-0.104184,0.238462,2.391295,-0.714169,1.069638
12.752672,0.365119,-0.103202,0.238392,2.391054,-0.693275,1.063343
12.761397,0.365516,-0.101778,0.238483,2.388311,-0.685443,1.065531
12.772116,0.366190,-0.100292,0.238474,2.392437,-0.686968,1.069250
12.774237,0.366902,-0.098388,0.238437,2.400138,-0.683586,1.071935
12.781058,0.367578,-0.096364,0.238198,2.404188,-0.679509,1.072370
12.785206,0.367883,-0.095088,0.238008,2.407132,-0.667584,1.071260
12.794706,0.368099,-0.094133,0.237621,2.411168,-0.641859,1.059856
12.798182,0.368379,-0.092956,0.237449,2.414241,-0.627418,1.053917
12.801810,0.368728,-0.091901,0.237312,2.416156,-0.618691,1.047766
12.805016,0.369191,-0.090938,0.237439,2.420006,-0.623417,1.052061
12.807944,0.369793,-0.089940,0.237687,2.422033,-0.628123,1.056467
12.811670,0.370318,-0.089029,0.237892,2.423449,-0.633503,1.063015
12.814590,0.370681,-0.088345,0.237928,2.423883,-0.623956,1.062723
12.817874,0.370942,-0.087680,0.237653,2.425977,-0.622316,1.069075
12.821076,0.371091,-0.087066,0.237328,2.423865,-0.605135,1.064984
12.824828,0.371157,-0.086505,0.236907,2.427711,-0.583908,1.052691
12.827881,0.371318,-0.085611,0.236636,2.432551,-0.577093,1.047555
12.831276,0.371507,-0.084758,0.236365,2.433664,-0.566432,1.044368
12.834796,0.371734,-0.084173,0.236369,2.429747,-0.545001,1.035641
12.838169,0.372114,-0.083416,0.236304,2.431863,-0.541104,1.038432
12.841341,0.372534,-0.082565,0.236216,2.431882,-0.541690,1.045320
12.844348,0.372977,-0.081514,0.236137,2.434862,-0.537915,1.049731
12.849249,0.373425,-0.080478,0.236133,2.441931,-0.544603,1.053965
12.851329,0.373788,-0.079417,0.236104,2.449576,-0.553739,1.059964
12.854633,0.373940,-0.078490,0.236193,2.451158,-0.536408,1.048501
12.857701,0.374026,-0.077684,0.236367,2.453643,-0.527351,1.045659
12.861284,0.374107,-0.077307,0.236403,2.449343,-0.507958,1.041855
12.867817,0.374378,-0.076361,0.236063,2.443484,-0.485003,1.038984
12.871183,0.374697,-0.075648,0.235752,2.437785,-0.469041,1.035115
12.874508,0.375038,-0.074752,0.235527,2.438201,-0.477526,1.047879
12.877789,0.375419,-0.073940,0.235239,2.437814,-0.470176,1.048114
12.881134,0.375904,-0.072832,0.234848,2.441439,-0.466651,1.054379
12.884769,0.376312,-0.071637,0.234512,2.446935,-0.469965,1.061021
12.888193,0.376616,-0.070674,0.234309,2.451399,-0.461674,1.060518
12.891088,0.376792,-0.069675,0.234068,2.451859,-0.449656,1.061110
12.894639,0.376905,-0.068691,0.234066,2.452644,-0.448915,1.064898
12.897939,0.376792,-0.068218,0.234478,2.447253,-0.427090,1.055279
12.901070,0.376776,-0.067606,0.234989,2.442232,-0.404381,1.046937
12.904600,0.376912,-0.066930,0.235240,2.440596,-0.390877,1.044099
12.907992,0.377292,-0.065817,0.235147,2.447422,-0.401785,1.052651
12.911707,0.377548,-0.064741,0.234940,2.449780,-0.395041,1.056316
12.914666,0.377688,-0.063609,0.234552,2.457396,-0.408730,1.065832
12.921114,0.377791,-0.061860,0.233955,2.459611,-0.413836,1.076643
12.924817,0.377884,-0.061584,0.234099,2.459951,-0.415410,1.083752
12.928310,0.378039,-0.061184,0.234290,2.451816,-0.385052,1.075882
12.931805,0.378421,-0.060619,0.234381,2.448376,-0.373652,1.075324
12.935296,0.378801,-0.059783,0.234330,2.448057,-0.362077,1.075792
12.937606,0.379126,-0.058845,0.234113,2.452355,-0.360365,1.076241
12.944644,0.379371,-0.056753,0.233644,2.452026,-0.353859,1.080799
12.948218,0.379414,-0.055685,0.233428,2.455080,-0.361905,1.088716
12.951700,0.379425,-0.054872,0.233271,2.457353,-0.361300,1.092465
12.954973,0.379447,-0.054267,0.233216,2.454209,-0.355879,1.094008
12.958080,0.379448,-0.053624,0.233159,2.450374,-0.349538,1.093681
12.961695,0.379646,-0.052219,0.232849,2.457140,-0.362869,1.101620
12.971113,0.379647,-0.050614,0.232487,2.464329,-0.362211,1.098143
12.980491,0.379861,-0.048484,0.232082,2.467165,-0.365414,1.109106
12.988618,0.380176,-0.046314,0.231695,2.469980,-0.368058,1.121704
12.997570,0.380519,-0.044197,0.231273,2.473033,-0.364105,1.127998
13.001942,0.380674,-0.042837,0.231055,2.474309,-0.353058,1.126618
13.010979,0.380945,-0.039286,0.230656,2.479685,-0.362985,1.152366
13.020764,0.381000,-0.037523,0.230579,2.484249,-0.368431,1.166110
13.034658,0.380691,-0.034094,0.230555,2.489429,-0.372631,1.180428
13.058567,0.380590,-0.032175,0.230195,2.496819,-0.386468,1.203707
13.060473,0.380303,-0.030754,0.229799,2.498969,-0.387679,1.221866
13.072664,0.379864,-0.029689,0.229295,2.493580,-0.383855,1.225886
13.075343,0.379525,-0.028392,0.228628,2.488932,-0.378074,1.229885
13.083815,0.379245,-0.026854,0.228060,2.483833,-0.375467,1.232728
13.095431,0.379248,-0.025394,0.227690,2.481429,-0.370215,1.232883
13.104693,0.379099,-0.023817,0.227415,2.475973,-0.360984,1.239146
13.113448,0.379303,-0.021540,0.226878,2.483869,-0.366737,1.251930
13.117513,0.379447,-0.019509,0.226492,2.494285,-0.379944,1.264536
13.120169,0.379579,-0.017894,0.225952,2.503666,-0.393214,1.276005
13.123452,0.379469,-0.016758,0.225635,2.505568,-0.400898,1.283235
13.127357,0.379505,-0.015810,0.225400,2.509067,-0.416095,1.290428
13.130590,0.379277,-0.015556,0.225436,2.500173,-0.407769,1.290258
13.133275,0.379118,-0.015278,0.225472,2.493882,-0.400152,1.290160
13.136805,0.379069,-0.014848,0.225546,2.490606,-0.394732,1.290066
13.140287,0.379055,-0.014388,0.225582,2.490119,-0.396531,1.298791
13.143965,0.378993,-0.013775,0.225586,2.490481,-0.396485,1.302239
13.146814,0.378932,-0.013182,0.225447,2.492528,-0.398442,1.303481
13.150528,0.378786,-0.012613,0.225302,2.493472,-0.399737,1.304404
13.154034,0.378525,-0.012044,0.225120,2.494011,-0.396401,1.302323
13.158363,0.378287,-0.011546,0.224933,2.495359,-0.395811,1.298283
13.160750,0.378139,-0.011087,0.224701,2.497063,-0.391635,1.295963
13.164308,0.377930,-0.010605,0.224719,2.500303,-0.393217,1.294544
13.168323,0.377835,-0.010055,0.224782,2.502170,-0.395791,1.297911
13.170828,0.377722,-0.009541,0.224844,2.503291,-0.401543,1.302044
13.173903,0.377614,-0.008984,0.224847,2.502098,-0.402471,1.305170
13.177716,0.377434,-0.008466,0.224833,2.499948,-0.407058,1.306893
13.181011,0.377360,-0.007807,0.224626,2.497298,-0.405650,1.309258
13.184016,0.377360,-0.007030,0.224253,2.497830,-0.404109,1.309833
13.187183,0.377440,-0.006275,0.223935,2.497648,-0.400553,1.311426
13.191014,0.377615,-0.005333,0.223626,2.501954,-0.406402,1.315518
13.193690,0.377675,-0.004241,0.223212,2.505374,-0.405728,1.318041
13.196994,0.377656,-0.003340,0.222803,2.509121,-0.405979,1.318551
13.200621,0.377487,-0.002585,0.222557,2.511984,-0.406961,1.319334
13.203699,0.377432,-0.001676,0.222167,2.514912,-0.408869,1.322581
13.207295,0.377307,-0.001003,0.221801,2.513744,-0.400008,1.323250
13.210537,0.377299,-0.000446,0.221548,2.514355,-0.397734,1.326130
13.213890,0.377221,0.000268,0.221296,2.515262,-0.394845,1.327330
13.217246,0.377223,0.000970,0.221048,2.514086,-0.390857,1.329210
13.220614,0.377068,0.001488,0.220863,2.512875,-0.386118,1.328225
13.224077,0.376856,0.002109,0.220681,2.514469,-0.383508,1.324102
13.227506,0.376701,0.002689,0.220549,2.515837,-0.380228,1.322150
13.230584,0.376559,0.003107,0.220586,2.513870,-0.365049,1.316531
13.233602,0.376361,0.003468,0.220616,2.513212,-0.356810,1.311459
13.236761,0.376183,0.003990,0.220732,2.511320,-0.347340,1.309110
13.240212,0.375942,0.004602,0.220412,2.509785,-0.348721,1.307358
13.243955,0.375693,0.005214,0.220087,2.508675,-0.347994,1.305559
13.247579,0.375505,0.005814,0.219703,2.509651,-0.353280,1.306516
13.250920,0.375449,0.006728,0.219236,2.509072,-0.358632,1.310300
13.253488,0.375459,0.007482,0.218695,2.508130,-0.364291,1.311528
13.257532,0.375607,0.008090,0.218653,2.503698,-0.357962,1.314772
13.261032,0.375781,0.008839,0.218682,2.496598,-0.352388,1.323759
13.264085,0.375988,0.009829,0.218712,2.494594,-0.355077,1.333613
13.267247,0.376006,0.010498,0.218779,2.496614,-0.349093,1.338163
13.270929,0.375974,0.011363,0.218790,2.499492,-0.341844,1.336923
13.274046,0.375853,0.012137,0.218726,2.504501,-0.337062,1.336201
13.277564,0.375658,0.012953,0.218650,2.509587,-0.335774,1.332366
13.281056,0.375458,0.013532,0.218487,2.508716,-0.333032,1.326944
13.284311,0.375406,0.014134,0.218244,2.504078,-0.328831,1.323549
13.290639,0.375438,0.015489,0.217914,2.503273,-0.328666,1.326902
13.294308,0.375515,0.016280,0.217587,2.499495,-0.325699,1.328267
13.300170,0.375572,0.018578,0.216886,2.503380,-0.325638,1.330018
13.317305,0.375501,0.021166,0.216191,2.511152,-0.326500,1.333651
13.332077,0.375518,0.024000,0.215481,2.520606,-0.328921,1.337063
13.342634,0.375399,0.027115,0.214790,2.526530,-0.327593,1.337612
13.353385,0.375376,0.030951,0.213850,2.536283,-0.321804,1.340856
13.370941,0.375468,0.034063,0.213087,2.540622,-0.318153,1.346387
13.380756,0.375644,0.036904,0.212477,2.542588,-0.311907,1.352425
13.390419,0.375801,0.039450,0.211897,2.540697,-0.305215,1.357599
13.393733,0.375980,0.041824,0.211354,2.544000,-0.302530,1.366758
13.396809,0.376131,0.043231,0.211071,2.543780,-0.304460,1.374682
13.399974,0.376115,0.044185,0.211011,2.544334,-0.297237,1.373821
13.403047,0.376206,0.045388,0.210811,2.545600,-0.291368,1.377147
13.411586,0.376375,0.046846,0.210577,2.556219,-0.302443,1.386702
13.413703,0.376531,0.048152,0.210141,2.559009,-0.297925,1.388153
13.416436,0.376629,0.049448,0.209693,2.563566,-0.293690,1.388052
13.424875,0.376683,0.050758,0.209164,2.569448,-0.290289,1.387069
13.426153,0.376603,0.051888,0.208650,2.570499,-0.282955,1.379735
13.434528,0.376381,0.052893,0.208263,2.562266,-0.249723,1.360266
13.438347,0.376206,0.053930,0.208156,2.558552,-0.231372,1.346135
13.447734,0.376076,0.054970,0.208090,2.553222,-0.210790,1.335736
13.451198,0.376050,0.055766,0.208214,2.544673,-0.191711,1.331334
13.454892,0.376110,0.056927,0.208205,2.542634,-0.182798,1.334469
13.457696,0.376137,0.057849,0.207964,2.543411,-0.182787,1.338639
13.461652,0.376187,0.058777,0.207696,2.543104,-0.185618,1.346112
13.464885,0.376239,0.059856,0.207395,2.545195,-0.190271,1.351548
13.468334,0.376300,0.060860,0.206975,2.545830,-0.189746,1.349702
13.471446,0.376283,0.061599,0.206822,2.545307,-0.184005,1.344874
13.474538,0.376431,0.062872,0.206403,2.553571,-0.189645,1.351467
13.478430,0.376494,0.063997,0.205972,2.560186,-0.190029,1.352707
13.481706,0.376569,0.064963,0.205500,2.561592,-0.182850,1.347833
13.485032,0.376613,0.065687,0.205242,2.567426,-0.187695,1.351921
13.488379,0.376703,0.066484,0.204734,2.574918,-0.193751,1.355978
